<?xml version="1.0" encoding="UTF-8" ?>
<gpx xmlns="http://www.topografix.com/GPX/1/1" version="1.1" creator="Attackpoint - http://www.attackpoint.org" xmlns:xsi="http://www.w3.org/2001/XMLSchema-instance" xmlns:tp1="http://www.garmin.com/xmlschemas/TrackPointExtension/v1" xsi:schemaLocation="http://www.topografix.com/GPX/1/1 http://www.topografix.com/GPX/1/1/gpx.xsd http://www.garmin.com/xmlschemas/TrackPointExtension/v1 http://www.garmin.com/xmlschemas/TrackPointExtensionv1.xsd">
<trk>
<trkseg>
<trkpt lat="57.28054494" lon="16.47080921">
<ele>15.8</ele>
<time>2024-07-26T06:58:02Z</time>
<extensions>
<tp1:TrackPointExtension>
<tp1:hr>84</tp1:hr>
</tp1:TrackPointExtension>
</extensions>
</trkpt>
<trkpt lat="57.2805534" lon="16.47080116">
<ele>16.7</ele>
<time>2024-07-26T06:58:04Z</time>
<extensions>
<tp1:TrackPointExtension>
<tp1:hr>87</tp1:hr>
</tp1:TrackPointExtension>
</extensions>
</trkpt>
<trkpt lat="57.28058701" lon="16.47080979">
<ele>17.3</ele>
<time>2024-07-26T06:58:05Z</time>
<extensions>
<tp1:TrackPointExtension>
<tp1:hr>85</tp1:hr>
</tp1:TrackPointExtension>
</extensions>
</trkpt>
<trkpt lat="57.28058701" lon="16.47080979">
<ele>17.3</ele>
<time>2024-07-26T06:58:06Z</time>
<extensions>
<tp1:TrackPointExtension>
<tp1:hr>84</tp1:hr>
</tp1:TrackPointExtension>
</extensions>
</trkpt>
<trkpt lat="57.28063999" lon="16.47084399">
<ele>17.5</ele>
<time>2024-07-26T06:58:08Z</time>
<extensions>
<tp1:TrackPointExtension>
<tp1:hr>85</tp1:hr>
</tp1:TrackPointExtension>
</extensions>
</trkpt>
<trkpt lat="57.28065575" lon="16.4708911">
<ele>17.5</ele>
<time>2024-07-26T06:58:10Z</time>
<extensions>
<tp1:TrackPointExtension>
<tp1:hr>83</tp1:hr>
</tp1:TrackPointExtension>
</extensions>
</trkpt>
<trkpt lat="57.28065968" lon="16.47094248">
<ele>18.9</ele>
<time>2024-07-26T06:58:12Z</time>
<extensions>
<tp1:TrackPointExtension>
<tp1:hr>85</tp1:hr>
</tp1:TrackPointExtension>
</extensions>
</trkpt>
<trkpt lat="57.28066463" lon="16.4709776">
<ele>19.5</ele>
<time>2024-07-26T06:58:13Z</time>
<extensions>
<tp1:TrackPointExtension>
<tp1:hr>82</tp1:hr>
</tp1:TrackPointExtension>
</extensions>
</trkpt>
<trkpt lat="57.28066362" lon="16.4710118">
<ele>19.7</ele>
<time>2024-07-26T06:58:14Z</time>
<extensions>
<tp1:TrackPointExtension>
<tp1:hr>81</tp1:hr>
</tp1:TrackPointExtension>
</extensions>
</trkpt>
<trkpt lat="57.28065507" lon="16.47104247">
<ele>20.1</ele>
<time>2024-07-26T06:58:15Z</time>
<extensions>
<tp1:TrackPointExtension>
<tp1:hr>87</tp1:hr>
</tp1:TrackPointExtension>
</extensions>
</trkpt>
<trkpt lat="57.28064686" lon="16.47107567">
<ele>20.4</ele>
<time>2024-07-26T06:58:16Z</time>
<extensions>
<tp1:TrackPointExtension>
<tp1:hr>91</tp1:hr>
</tp1:TrackPointExtension>
</extensions>
</trkpt>
<trkpt lat="57.28060763" lon="16.4711247">
<ele>20.6</ele>
<time>2024-07-26T06:58:18Z</time>
<extensions>
<tp1:TrackPointExtension>
<tp1:hr>96</tp1:hr>
</tp1:TrackPointExtension>
</extensions>
</trkpt>
<trkpt lat="57.28057704" lon="16.47120215">
<ele>20.8</ele>
<time>2024-07-26T06:58:20Z</time>
<extensions>
<tp1:TrackPointExtension>
<tp1:hr>101</tp1:hr>
</tp1:TrackPointExtension>
</extensions>
</trkpt>
<trkpt lat="57.28057603" lon="16.47127734">
<ele>21.0</ele>
<time>2024-07-26T06:58:22Z</time>
<extensions>
<tp1:TrackPointExtension>
<tp1:hr>105</tp1:hr>
</tp1:TrackPointExtension>
</extensions>
</trkpt>
<trkpt lat="57.28057687" lon="16.47137213">
<ele>21.0</ele>
<time>2024-07-26T06:58:24Z</time>
<extensions>
<tp1:TrackPointExtension>
<tp1:hr>106</tp1:hr>
</tp1:TrackPointExtension>
</extensions>
</trkpt>
<trkpt lat="57.28057561" lon="16.47140885">
<ele>21.2</ele>
<time>2024-07-26T06:58:25Z</time>
<extensions>
<tp1:TrackPointExtension>
<tp1:hr>109</tp1:hr>
</tp1:TrackPointExtension>
</extensions>
</trkpt>
<trkpt lat="57.28059783" lon="16.47146065">
<ele>21.4</ele>
<time>2024-07-26T06:58:27Z</time>
<extensions>
<tp1:TrackPointExtension>
<tp1:hr>110</tp1:hr>
</tp1:TrackPointExtension>
</extensions>
</trkpt>
<trkpt lat="57.28060864" lon="16.47147875">
<ele>21.3</ele>
<time>2024-07-26T06:58:28Z</time>
<extensions>
<tp1:TrackPointExtension>
<tp1:hr>111</tp1:hr>
</tp1:TrackPointExtension>
</extensions>
</trkpt>
<trkpt lat="57.28063278" lon="16.47150625">
<ele>21.3</ele>
<time>2024-07-26T06:58:30Z</time>
<extensions>
<tp1:TrackPointExtension>
<tp1:hr>114</tp1:hr>
</tp1:TrackPointExtension>
</extensions>
</trkpt>
<trkpt lat="57.28064326" lon="16.47150381">
<ele>21.3</ele>
<time>2024-07-26T06:58:31Z</time>
<extensions>
<tp1:TrackPointExtension>
<tp1:hr>116</tp1:hr>
</tp1:TrackPointExtension>
</extensions>
</trkpt>
<trkpt lat="57.28070486" lon="16.47153332">
<ele>21.9</ele>
<time>2024-07-26T06:58:34Z</time>
<extensions>
<tp1:TrackPointExtension>
<tp1:hr>118</tp1:hr>
</tp1:TrackPointExtension>
</extensions>
</trkpt>
<trkpt lat="57.28072071" lon="16.47155511">
<ele>22.1</ele>
<time>2024-07-26T06:58:35Z</time>
<extensions>
<tp1:TrackPointExtension>
<tp1:hr>118</tp1:hr>
</tp1:TrackPointExtension>
</extensions>
</trkpt>
<trkpt lat="57.28073051" lon="16.47158244">
<ele>22.3</ele>
<time>2024-07-26T06:58:36Z</time>
<extensions>
<tp1:TrackPointExtension>
<tp1:hr>117</tp1:hr>
</tp1:TrackPointExtension>
</extensions>
</trkpt>
<trkpt lat="57.28073705" lon="16.47161144">
<ele>22.9</ele>
<time>2024-07-26T06:58:37Z</time>
<extensions>
<tp1:TrackPointExtension>
<tp1:hr>120</tp1:hr>
</tp1:TrackPointExtension>
</extensions>
</trkpt>
<trkpt lat="57.28075398" lon="16.47167623">
<ele>22.7</ele>
<time>2024-07-26T06:58:39Z</time>
<extensions>
<tp1:TrackPointExtension>
<tp1:hr>120</tp1:hr>
</tp1:TrackPointExtension>
</extensions>
</trkpt>
<trkpt lat="57.2808093" lon="16.47180364">
<ele>22.0</ele>
<time>2024-07-26T06:58:44Z</time>
<extensions>
<tp1:TrackPointExtension>
<tp1:hr>123</tp1:hr>
</tp1:TrackPointExtension>
</extensions>
</trkpt>
<trkpt lat="57.28085473" lon="16.47185829">
<ele>22.0</ele>
<time>2024-07-26T06:58:46Z</time>
<extensions>
<tp1:TrackPointExtension>
<tp1:hr>123</tp1:hr>
</tp1:TrackPointExtension>
</extensions>
</trkpt>
<trkpt lat="57.28094995" lon="16.47201117">
<ele>22.2</ele>
<time>2024-07-26T06:58:50Z</time>
<extensions>
<tp1:TrackPointExtension>
<tp1:hr>126</tp1:hr>
</tp1:TrackPointExtension>
</extensions>
</trkpt>
<trkpt lat="57.28096261" lon="16.47206247">
<ele>22.2</ele>
<time>2024-07-26T06:58:51Z</time>
<extensions>
<tp1:TrackPointExtension>
<tp1:hr>126</tp1:hr>
</tp1:TrackPointExtension>
</extensions>
</trkpt>
<trkpt lat="57.28101592" lon="16.47232231">
<ele>22.3</ele>
<time>2024-07-26T06:58:57Z</time>
<extensions>
<tp1:TrackPointExtension>
<tp1:hr>125</tp1:hr>
</tp1:TrackPointExtension>
</extensions>
</trkpt>
<trkpt lat="57.28103637" lon="16.47249129">
<ele>22.3</ele>
<time>2024-07-26T06:59:02Z</time>
<extensions>
<tp1:TrackPointExtension>
<tp1:hr>126</tp1:hr>
</tp1:TrackPointExtension>
</extensions>
</trkpt>
<trkpt lat="57.28107618" lon="16.47255658">
<ele>22.4</ele>
<time>2024-07-26T06:59:05Z</time>
<extensions>
<tp1:TrackPointExtension>
<tp1:hr>124</tp1:hr>
</tp1:TrackPointExtension>
</extensions>
</trkpt>
<trkpt lat="57.28108515" lon="16.47258231">
<ele>22.4</ele>
<time>2024-07-26T06:59:07Z</time>
<extensions>
<tp1:TrackPointExtension>
<tp1:hr>126</tp1:hr>
</tp1:TrackPointExtension>
</extensions>
</trkpt>
<trkpt lat="57.28110225" lon="16.47265146">
<ele>22.6</ele>
<time>2024-07-26T06:59:10Z</time>
<extensions>
<tp1:TrackPointExtension>
<tp1:hr>123</tp1:hr>
</tp1:TrackPointExtension>
</extensions>
</trkpt>
<trkpt lat="57.28111004" lon="16.47275683">
<ele>22.8</ele>
<time>2024-07-26T06:59:13Z</time>
<extensions>
<tp1:TrackPointExtension>
<tp1:hr>123</tp1:hr>
</tp1:TrackPointExtension>
</extensions>
</trkpt>
<trkpt lat="57.28113452" lon="16.47297794">
<ele>23.1</ele>
<time>2024-07-26T06:59:18Z</time>
<extensions>
<tp1:TrackPointExtension>
<tp1:hr>121</tp1:hr>
</tp1:TrackPointExtension>
</extensions>
</trkpt>
<trkpt lat="57.2811403" lon="16.47304307">
<ele>23.1</ele>
<time>2024-07-26T06:59:20Z</time>
<extensions>
<tp1:TrackPointExtension>
<tp1:hr>123</tp1:hr>
</tp1:TrackPointExtension>
</extensions>
</trkpt>
<trkpt lat="57.28113678" lon="16.47311792">
<ele>23.3</ele>
<time>2024-07-26T06:59:23Z</time>
<extensions>
<tp1:TrackPointExtension>
<tp1:hr>123</tp1:hr>
</tp1:TrackPointExtension>
</extensions>
</trkpt>
<trkpt lat="57.28113754" lon="16.4731434">
<ele>23.3</ele>
<time>2024-07-26T06:59:24Z</time>
<extensions>
<tp1:TrackPointExtension>
<tp1:hr>126</tp1:hr>
</tp1:TrackPointExtension>
</extensions>
</trkpt>
<trkpt lat="57.28118104" lon="16.47328178">
<ele>23.4</ele>
<time>2024-07-26T06:59:29Z</time>
<extensions>
<tp1:TrackPointExtension>
<tp1:hr>122</tp1:hr>
</tp1:TrackPointExtension>
</extensions>
</trkpt>
<trkpt lat="57.28119864" lon="16.47329268">
<ele>23.4</ele>
<time>2024-07-26T06:59:31Z</time>
<extensions>
<tp1:TrackPointExtension>
<tp1:hr>124</tp1:hr>
</tp1:TrackPointExtension>
</extensions>
</trkpt>
<trkpt lat="57.28118372" lon="16.47330148">
<ele>23.6</ele>
<time>2024-07-26T06:59:34Z</time>
<extensions>
<tp1:TrackPointExtension>
<tp1:hr>127</tp1:hr>
</tp1:TrackPointExtension>
</extensions>
</trkpt>
<trkpt lat="57.28122471" lon="16.473304">
<ele>23.6</ele>
<time>2024-07-26T06:59:37Z</time>
<extensions>
<tp1:TrackPointExtension>
<tp1:hr>124</tp1:hr>
</tp1:TrackPointExtension>
</extensions>
</trkpt>
<trkpt lat="57.28127399" lon="16.47333333">
<ele>23.5</ele>
<time>2024-07-26T06:59:40Z</time>
<extensions>
<tp1:TrackPointExtension>
<tp1:hr>125</tp1:hr>
</tp1:TrackPointExtension>
</extensions>
</trkpt>
<trkpt lat="57.28131121" lon="16.47330869">
<ele>23.5</ele>
<time>2024-07-26T06:59:42Z</time>
<extensions>
<tp1:TrackPointExtension>
<tp1:hr>124</tp1:hr>
</tp1:TrackPointExtension>
</extensions>
</trkpt>
<trkpt lat="57.28138874" lon="16.47327944">
<ele>23.5</ele>
<time>2024-07-26T06:59:47Z</time>
<extensions>
<tp1:TrackPointExtension>
<tp1:hr>121</tp1:hr>
</tp1:TrackPointExtension>
</extensions>
</trkpt>
<trkpt lat="57.28146368" lon="16.47319905">
<ele>23.4</ele>
<time>2024-07-26T06:59:52Z</time>
<extensions>
<tp1:TrackPointExtension>
<tp1:hr>120</tp1:hr>
</tp1:TrackPointExtension>
</extensions>
</trkpt>
<trkpt lat="57.2814791" lon="16.47316938">
<ele>23.4</ele>
<time>2024-07-26T06:59:53Z</time>
<extensions>
<tp1:TrackPointExtension>
<tp1:hr>123</tp1:hr>
</tp1:TrackPointExtension>
</extensions>
</trkpt>
<trkpt lat="57.28151246" lon="16.47314072">
<ele>23.4</ele>
<time>2024-07-26T06:59:55Z</time>
<extensions>
<tp1:TrackPointExtension>
<tp1:hr>121</tp1:hr>
</tp1:TrackPointExtension>
</extensions>
</trkpt>
<trkpt lat="57.28152369" lon="16.47314214">
<ele>23.4</ele>
<time>2024-07-26T06:59:56Z</time>
<extensions>
<tp1:TrackPointExtension>
<tp1:hr>122</tp1:hr>
</tp1:TrackPointExtension>
</extensions>
</trkpt>
<trkpt lat="57.28152948" lon="16.47314013">
<ele>23.4</ele>
<time>2024-07-26T06:59:57Z</time>
<extensions>
<tp1:TrackPointExtension>
<tp1:hr>120</tp1:hr>
</tp1:TrackPointExtension>
</extensions>
</trkpt>
<trkpt lat="57.28155278" lon="16.47316938">
<ele>23.4</ele>
<time>2024-07-26T06:59:59Z</time>
<extensions>
<tp1:TrackPointExtension>
<tp1:hr>119</tp1:hr>
</tp1:TrackPointExtension>
</extensions>
</trkpt>
<trkpt lat="57.28157532" lon="16.47317391">
<ele>23.6</ele>
<time>2024-07-26T07:00:01Z</time>
<extensions>
<tp1:TrackPointExtension>
<tp1:hr>119</tp1:hr>
</tp1:TrackPointExtension>
</extensions>
</trkpt>
<trkpt lat="57.28166912" lon="16.47319512">
<ele>23.5</ele>
<time>2024-07-26T07:00:06Z</time>
<extensions>
<tp1:TrackPointExtension>
<tp1:hr>119</tp1:hr>
</tp1:TrackPointExtension>
</extensions>
</trkpt>
<trkpt lat="57.28173885" lon="16.47322822">
<ele>23.5</ele>
<time>2024-07-26T07:00:10Z</time>
<extensions>
<tp1:TrackPointExtension>
<tp1:hr>119</tp1:hr>
</tp1:TrackPointExtension>
</extensions>
</trkpt>
<trkpt lat="57.2817521" lon="16.47323962">
<ele>23.5</ele>
<time>2024-07-26T07:00:11Z</time>
<extensions>
<tp1:TrackPointExtension>
<tp1:hr>119</tp1:hr>
</tp1:TrackPointExtension>
</extensions>
</trkpt>
<trkpt lat="57.28178772" lon="16.47323828">
<ele>23.7</ele>
<time>2024-07-26T07:00:13Z</time>
<extensions>
<tp1:TrackPointExtension>
<tp1:hr>117</tp1:hr>
</tp1:TrackPointExtension>
</extensions>
</trkpt>
<trkpt lat="57.2818474" lon="16.47321766">
<ele>23.6</ele>
<time>2024-07-26T07:00:17Z</time>
<extensions>
<tp1:TrackPointExtension>
<tp1:hr>119</tp1:hr>
</tp1:TrackPointExtension>
</extensions>
</trkpt>
<trkpt lat="57.28185553" lon="16.47320945">
<ele>23.6</ele>
<time>2024-07-26T07:00:18Z</time>
<extensions>
<tp1:TrackPointExtension>
<tp1:hr>119</tp1:hr>
</tp1:TrackPointExtension>
</extensions>
</trkpt>
<trkpt lat="57.28190758" lon="16.47315689">
<ele>23.8</ele>
<time>2024-07-26T07:00:22Z</time>
<extensions>
<tp1:TrackPointExtension>
<tp1:hr>118</tp1:hr>
</tp1:TrackPointExtension>
</extensions>
</trkpt>
<trkpt lat="57.28202803" lon="16.47312731">
<ele>23.9</ele>
<time>2024-07-26T07:00:27Z</time>
<extensions>
<tp1:TrackPointExtension>
<tp1:hr>116</tp1:hr>
</tp1:TrackPointExtension>
</extensions>
</trkpt>
<trkpt lat="57.28206634" lon="16.47313527">
<ele>24.1</ele>
<time>2024-07-26T07:00:29Z</time>
<extensions>
<tp1:TrackPointExtension>
<tp1:hr>114</tp1:hr>
</tp1:TrackPointExtension>
</extensions>
</trkpt>
<trkpt lat="57.28207849" lon="16.47312814">
<ele>24.1</ele>
<time>2024-07-26T07:00:30Z</time>
<extensions>
<tp1:TrackPointExtension>
<tp1:hr>114</tp1:hr>
</tp1:TrackPointExtension>
</extensions>
</trkpt>
<trkpt lat="57.28208654" lon="16.47311155">
<ele>24.3</ele>
<time>2024-07-26T07:00:31Z</time>
<extensions>
<tp1:TrackPointExtension>
<tp1:hr>114</tp1:hr>
</tp1:TrackPointExtension>
</extensions>
</trkpt>
<trkpt lat="57.28209425" lon="16.47303569">
<ele>24.5</ele>
<time>2024-07-26T07:00:36Z</time>
<extensions>
<tp1:TrackPointExtension>
<tp1:hr>115</tp1:hr>
</tp1:TrackPointExtension>
</extensions>
</trkpt>
<trkpt lat="57.28213213" lon="16.47304701">
<ele>24.6</ele>
<time>2024-07-26T07:00:42Z</time>
<extensions>
<tp1:TrackPointExtension>
<tp1:hr>115</tp1:hr>
</tp1:TrackPointExtension>
</extensions>
</trkpt>
<trkpt lat="57.28217597" lon="16.47303645">
<ele>24.6</ele>
<time>2024-07-26T07:00:45Z</time>
<extensions>
<tp1:TrackPointExtension>
<tp1:hr>114</tp1:hr>
</tp1:TrackPointExtension>
</extensions>
</trkpt>
<trkpt lat="57.28218947" lon="16.47304977">
<ele>24.6</ele>
<time>2024-07-26T07:00:46Z</time>
<extensions>
<tp1:TrackPointExtension>
<tp1:hr>112</tp1:hr>
</tp1:TrackPointExtension>
</extensions>
</trkpt>
<trkpt lat="57.28225686" lon="16.47319604">
<ele>24.8</ele>
<time>2024-07-26T07:00:50Z</time>
<extensions>
<tp1:TrackPointExtension>
<tp1:hr>111</tp1:hr>
</tp1:TrackPointExtension>
</extensions>
</trkpt>
<trkpt lat="57.28228569" lon="16.47319143">
<ele>24.7</ele>
<time>2024-07-26T07:00:51Z</time>
<extensions>
<tp1:TrackPointExtension>
<tp1:hr>110</tp1:hr>
</tp1:TrackPointExtension>
</extensions>
</trkpt>
<trkpt lat="57.28236297" lon="16.47313409">
<ele>24.7</ele>
<time>2024-07-26T07:00:53Z</time>
<extensions>
<tp1:TrackPointExtension>
<tp1:hr>110</tp1:hr>
</tp1:TrackPointExtension>
</extensions>
</trkpt>
<trkpt lat="57.28244084" lon="16.47303075">
<ele>24.7</ele>
<time>2024-07-26T07:00:55Z</time>
<extensions>
<tp1:TrackPointExtension>
<tp1:hr>111</tp1:hr>
</tp1:TrackPointExtension>
</extensions>
</trkpt>
<trkpt lat="57.28255383" lon="16.47284199">
<ele>24.5</ele>
<time>2024-07-26T07:00:58Z</time>
<extensions>
<tp1:TrackPointExtension>
<tp1:hr>113</tp1:hr>
</tp1:TrackPointExtension>
</extensions>
</trkpt>
<trkpt lat="57.2826441" lon="16.47255918">
<ele>24.5</ele>
<time>2024-07-26T07:01:02Z</time>
<extensions>
<tp1:TrackPointExtension>
<tp1:hr>113</tp1:hr>
</tp1:TrackPointExtension>
</extensions>
</trkpt>
<trkpt lat="57.28268475" lon="16.47231652">
<ele>24.4</ele>
<time>2024-07-26T07:01:06Z</time>
<extensions>
<tp1:TrackPointExtension>
<tp1:hr>117</tp1:hr>
</tp1:TrackPointExtension>
</extensions>
</trkpt>
<trkpt lat="57.28269875" lon="16.47225844">
<ele>24.4</ele>
<time>2024-07-26T07:01:07Z</time>
<extensions>
<tp1:TrackPointExtension>
<tp1:hr>117</tp1:hr>
</tp1:TrackPointExtension>
</extensions>
</trkpt>
<trkpt lat="57.28276488" lon="16.47188318">
<ele>24.4</ele>
<time>2024-07-26T07:01:13Z</time>
<extensions>
<tp1:TrackPointExtension>
<tp1:hr>116</tp1:hr>
</tp1:TrackPointExtension>
</extensions>
</trkpt>
<trkpt lat="57.28279958" lon="16.47155947">
<ele>24.1</ele>
<time>2024-07-26T07:01:19Z</time>
<extensions>
<tp1:TrackPointExtension>
<tp1:hr>118</tp1:hr>
</tp1:TrackPointExtension>
</extensions>
</trkpt>
<trkpt lat="57.2827907" lon="16.47132805">
<ele>24.3</ele>
<time>2024-07-26T07:01:23Z</time>
<extensions>
<tp1:TrackPointExtension>
<tp1:hr>122</tp1:hr>
</tp1:TrackPointExtension>
</extensions>
</trkpt>
<trkpt lat="57.28277829" lon="16.47122034">
<ele>24.3</ele>
<time>2024-07-26T07:01:25Z</time>
<extensions>
<tp1:TrackPointExtension>
<tp1:hr>122</tp1:hr>
</tp1:TrackPointExtension>
</extensions>
</trkpt>
<trkpt lat="57.28277452" lon="16.47112152">
<ele>24.2</ele>
<time>2024-07-26T07:01:27Z</time>
<extensions>
<tp1:TrackPointExtension>
<tp1:hr>126</tp1:hr>
</tp1:TrackPointExtension>
</extensions>
</trkpt>
<trkpt lat="57.28276924" lon="16.47095572">
<ele>24.2</ele>
<time>2024-07-26T07:01:30Z</time>
<extensions>
<tp1:TrackPointExtension>
<tp1:hr>123</tp1:hr>
</tp1:TrackPointExtension>
</extensions>
</trkpt>
<trkpt lat="57.28276748" lon="16.47089152">
<ele>24.2</ele>
<time>2024-07-26T07:01:31Z</time>
<extensions>
<tp1:TrackPointExtension>
<tp1:hr>122</tp1:hr>
</tp1:TrackPointExtension>
</extensions>
</trkpt>
<trkpt lat="57.2827928" lon="16.47067694">
<ele>24.2</ele>
<time>2024-07-26T07:01:35Z</time>
<extensions>
<tp1:TrackPointExtension>
<tp1:hr>125</tp1:hr>
</tp1:TrackPointExtension>
</extensions>
</trkpt>
<trkpt lat="57.28277603" lon="16.47058189">
<ele>24.2</ele>
<time>2024-07-26T07:01:38Z</time>
<extensions>
<tp1:TrackPointExtension>
<tp1:hr>126</tp1:hr>
</tp1:TrackPointExtension>
</extensions>
</trkpt>
<trkpt lat="57.28276572" lon="16.47057418">
<ele>24.3</ele>
<time>2024-07-26T07:01:39Z</time>
<extensions>
<tp1:TrackPointExtension>
<tp1:hr>125</tp1:hr>
</tp1:TrackPointExtension>
</extensions>
</trkpt>
<trkpt lat="57.28264938" lon="16.47043982">
<ele>24.5</ele>
<time>2024-07-26T07:01:45Z</time>
<extensions>
<tp1:TrackPointExtension>
<tp1:hr>125</tp1:hr>
</tp1:TrackPointExtension>
</extensions>
</trkpt>
<trkpt lat="57.28262943" lon="16.47040704">
<ele>24.5</ele>
<time>2024-07-26T07:01:46Z</time>
<extensions>
<tp1:TrackPointExtension>
<tp1:hr>122</tp1:hr>
</tp1:TrackPointExtension>
</extensions>
</trkpt>
<trkpt lat="57.28259808" lon="16.4703228">
<ele>24.5</ele>
<time>2024-07-26T07:01:48Z</time>
<extensions>
<tp1:TrackPointExtension>
<tp1:hr>118</tp1:hr>
</tp1:TrackPointExtension>
</extensions>
</trkpt>
<trkpt lat="57.28258031" lon="16.47027721">
<ele>24.7</ele>
<time>2024-07-26T07:01:49Z</time>
<extensions>
<tp1:TrackPointExtension>
<tp1:hr>117</tp1:hr>
</tp1:TrackPointExtension>
</extensions>
</trkpt>
<trkpt lat="57.28254695" lon="16.470141">
<ele>24.8</ele>
<time>2024-07-26T07:01:53Z</time>
<extensions>
<tp1:TrackPointExtension>
<tp1:hr>115</tp1:hr>
</tp1:TrackPointExtension>
</extensions>
</trkpt>
<trkpt lat="57.28254972" lon="16.47009255">
<ele>24.8</ele>
<time>2024-07-26T07:01:54Z</time>
<extensions>
<tp1:TrackPointExtension>
<tp1:hr>116</tp1:hr>
</tp1:TrackPointExtension>
</extensions>
</trkpt>
<trkpt lat="57.28255282" lon="16.47001854">
<ele>24.8</ele>
<time>2024-07-26T07:01:56Z</time>
<extensions>
<tp1:TrackPointExtension>
<tp1:hr>117</tp1:hr>
</tp1:TrackPointExtension>
</extensions>
</trkpt>
<trkpt lat="57.28256288" lon="16.46991746">
<ele>25.0</ele>
<time>2024-07-26T07:01:58Z</time>
<extensions>
<tp1:TrackPointExtension>
<tp1:hr>118</tp1:hr>
</tp1:TrackPointExtension>
</extensions>
</trkpt>
<trkpt lat="57.28252986" lon="16.4696204">
<ele>25.2</ele>
<time>2024-07-26T07:02:02Z</time>
<extensions>
<tp1:TrackPointExtension>
<tp1:hr>117</tp1:hr>
</tp1:TrackPointExtension>
</extensions>
</trkpt>
<trkpt lat="57.28250982" lon="16.46955033">
<ele>25.1</ele>
<time>2024-07-26T07:02:03Z</time>
<extensions>
<tp1:TrackPointExtension>
<tp1:hr>117</tp1:hr>
</tp1:TrackPointExtension>
</extensions>
</trkpt>
<trkpt lat="57.28249733" lon="16.46946559">
<ele>25.3</ele>
<time>2024-07-26T07:02:04Z</time>
<extensions>
<tp1:TrackPointExtension>
<tp1:hr>117</tp1:hr>
</tp1:TrackPointExtension>
</extensions>
</trkpt>
<trkpt lat="57.28247244" lon="16.46935017">
<ele>25.3</ele>
<time>2024-07-26T07:02:06Z</time>
<extensions>
<tp1:TrackPointExtension>
<tp1:hr>116</tp1:hr>
</tp1:TrackPointExtension>
</extensions>
</trkpt>
<trkpt lat="57.28245148" lon="16.46924498">
<ele>25.5</ele>
<time>2024-07-26T07:02:09Z</time>
<extensions>
<tp1:TrackPointExtension>
<tp1:hr>118</tp1:hr>
</tp1:TrackPointExtension>
</extensions>
</trkpt>
<trkpt lat="57.28243162" lon="16.46918069">
<ele>25.5</ele>
<time>2024-07-26T07:02:11Z</time>
<extensions>
<tp1:TrackPointExtension>
<tp1:hr>120</tp1:hr>
</tp1:TrackPointExtension>
</extensions>
</trkpt>
<trkpt lat="57.28246523" lon="16.46899058">
<ele>25.6</ele>
<time>2024-07-26T07:02:15Z</time>
<extensions>
<tp1:TrackPointExtension>
<tp1:hr>120</tp1:hr>
</tp1:TrackPointExtension>
</extensions>
</trkpt>
<trkpt lat="57.28248451" lon="16.46885346">
<ele>25.6</ele>
<time>2024-07-26T07:02:19Z</time>
<extensions>
<tp1:TrackPointExtension>
<tp1:hr>117</tp1:hr>
</tp1:TrackPointExtension>
</extensions>
</trkpt>
<trkpt lat="57.28247713" lon="16.46860125">
<ele>25.6</ele>
<time>2024-07-26T07:02:22Z</time>
<extensions>
<tp1:TrackPointExtension>
<tp1:hr>119</tp1:hr>
</tp1:TrackPointExtension>
</extensions>
</trkpt>
<trkpt lat="57.28246322" lon="16.46854592">
<ele>25.6</ele>
<time>2024-07-26T07:02:23Z</time>
<extensions>
<tp1:TrackPointExtension>
<tp1:hr>123</tp1:hr>
</tp1:TrackPointExtension>
</extensions>
</trkpt>
<trkpt lat="57.28244185" lon="16.46847979">
<ele>25.6</ele>
<time>2024-07-26T07:02:24Z</time>
<extensions>
<tp1:TrackPointExtension>
<tp1:hr>126</tp1:hr>
</tp1:TrackPointExtension>
</extensions>
</trkpt>
<trkpt lat="57.2824431" lon="16.46837686">
<ele>25.6</ele>
<time>2024-07-26T07:02:25Z</time>
<extensions>
<tp1:TrackPointExtension>
<tp1:hr>128</tp1:hr>
</tp1:TrackPointExtension>
</extensions>
</trkpt>
<trkpt lat="57.2824483" lon="16.46833126">
<ele>25.5</ele>
<time>2024-07-26T07:02:27Z</time>
<extensions>
<tp1:TrackPointExtension>
<tp1:hr>129</tp1:hr>
</tp1:TrackPointExtension>
</extensions>
</trkpt>
<trkpt lat="57.28241829" lon="16.46809867">
<ele>25.3</ele>
<time>2024-07-26T07:02:32Z</time>
<extensions>
<tp1:TrackPointExtension>
<tp1:hr>128</tp1:hr>
</tp1:TrackPointExtension>
</extensions>
</trkpt>
<trkpt lat="57.28232165" lon="16.46792072">
<ele>25.3</ele>
<time>2024-07-26T07:02:36Z</time>
<extensions>
<tp1:TrackPointExtension>
<tp1:hr>125</tp1:hr>
</tp1:TrackPointExtension>
</extensions>
</trkpt>
<trkpt lat="57.28229575" lon="16.46789851">
<ele>25.3</ele>
<time>2024-07-26T07:02:37Z</time>
<extensions>
<tp1:TrackPointExtension>
<tp1:hr>127</tp1:hr>
</tp1:TrackPointExtension>
</extensions>
</trkpt>
<trkpt lat="57.28212602" lon="16.46784687">
<ele>25.2</ele>
<time>2024-07-26T07:02:42Z</time>
<extensions>
<tp1:TrackPointExtension>
<tp1:hr>125</tp1:hr>
</tp1:TrackPointExtension>
</extensions>
</trkpt>
<trkpt lat="57.28198" lon="16.46771343">
<ele>25.2</ele>
<time>2024-07-26T07:02:46Z</time>
<extensions>
<tp1:TrackPointExtension>
<tp1:hr>126</tp1:hr>
</tp1:TrackPointExtension>
</extensions>
</trkpt>
<trkpt lat="57.28190348" lon="16.46734513">
<ele>25.1</ele>
<time>2024-07-26T07:02:51Z</time>
<extensions>
<tp1:TrackPointExtension>
<tp1:hr>129</tp1:hr>
</tp1:TrackPointExtension>
</extensions>
</trkpt>
<trkpt lat="57.28192108" lon="16.46696552">
<ele>24.9</ele>
<time>2024-07-26T07:02:56Z</time>
<extensions>
<tp1:TrackPointExtension>
<tp1:hr>129</tp1:hr>
</tp1:TrackPointExtension>
</extensions>
</trkpt>
<trkpt lat="57.28194673" lon="16.46684633">
<ele>24.9</ele>
<time>2024-07-26T07:02:59Z</time>
<extensions>
<tp1:TrackPointExtension>
<tp1:hr>129</tp1:hr>
</tp1:TrackPointExtension>
</extensions>
</trkpt>
<trkpt lat="57.28195243" lon="16.46682847">
<ele>24.9</ele>
<time>2024-07-26T07:03:00Z</time>
<extensions>
<tp1:TrackPointExtension>
<tp1:hr>130</tp1:hr>
</tp1:TrackPointExtension>
</extensions>
</trkpt>
<trkpt lat="57.28204278" lon="16.46675781">
<ele>24.6</ele>
<time>2024-07-26T07:03:05Z</time>
<extensions>
<tp1:TrackPointExtension>
<tp1:hr>130</tp1:hr>
</tp1:TrackPointExtension>
</extensions>
</trkpt>
<trkpt lat="57.28206709" lon="16.46670425">
<ele>24.6</ele>
<time>2024-07-26T07:03:07Z</time>
<extensions>
<tp1:TrackPointExtension>
<tp1:hr>130</tp1:hr>
</tp1:TrackPointExtension>
</extensions>
</trkpt>
<trkpt lat="57.28209668" lon="16.4666688">
<ele>24.6</ele>
<time>2024-07-26T07:03:09Z</time>
<extensions>
<tp1:TrackPointExtension>
<tp1:hr>130</tp1:hr>
</tp1:TrackPointExtension>
</extensions>
</trkpt>
<trkpt lat="57.28211218" lon="16.46665329">
<ele>24.6</ele>
<time>2024-07-26T07:03:10Z</time>
<extensions>
<tp1:TrackPointExtension>
<tp1:hr>130</tp1:hr>
</tp1:TrackPointExtension>
</extensions>
</trkpt>
<trkpt lat="57.28219014" lon="16.46657869">
<ele>24.6</ele>
<time>2024-07-26T07:03:14Z</time>
<extensions>
<tp1:TrackPointExtension>
<tp1:hr>128</tp1:hr>
</tp1:TrackPointExtension>
</extensions>
</trkpt>
<trkpt lat="57.28222341" lon="16.4665284">
<ele>24.5</ele>
<time>2024-07-26T07:03:17Z</time>
<extensions>
<tp1:TrackPointExtension>
<tp1:hr>130</tp1:hr>
</tp1:TrackPointExtension>
</extensions>
</trkpt>
<trkpt lat="57.28221855" lon="16.46647853">
<ele>24.5</ele>
<time>2024-07-26T07:03:19Z</time>
<extensions>
<tp1:TrackPointExtension>
<tp1:hr>130</tp1:hr>
</tp1:TrackPointExtension>
</extensions>
</trkpt>
<trkpt lat="57.28220011" lon="16.46642438">
<ele>24.5</ele>
<time>2024-07-26T07:03:22Z</time>
<extensions>
<tp1:TrackPointExtension>
<tp1:hr>131</tp1:hr>
</tp1:TrackPointExtension>
</extensions>
</trkpt>
<trkpt lat="57.28218695" lon="16.4664279">
<ele>24.5</ele>
<time>2024-07-26T07:03:24Z</time>
<extensions>
<tp1:TrackPointExtension>
<tp1:hr>131</tp1:hr>
</tp1:TrackPointExtension>
</extensions>
</trkpt>
<trkpt lat="57.28210657" lon="16.4664585">
<ele>24.2</ele>
<time>2024-07-26T07:03:28Z</time>
<extensions>
<tp1:TrackPointExtension>
<tp1:hr>128</tp1:hr>
</tp1:TrackPointExtension>
</extensions>
</trkpt>
<trkpt lat="57.28208167" lon="16.46647383">
<ele>24.2</ele>
<time>2024-07-26T07:03:29Z</time>
<extensions>
<tp1:TrackPointExtension>
<tp1:hr>131</tp1:hr>
</tp1:TrackPointExtension>
</extensions>
</trkpt>
<trkpt lat="57.28202702" lon="16.46647425">
<ele>24.2</ele>
<time>2024-07-26T07:03:31Z</time>
<extensions>
<tp1:TrackPointExtension>
<tp1:hr>128</tp1:hr>
</tp1:TrackPointExtension>
</extensions>
</trkpt>
<trkpt lat="57.28200456" lon="16.46645246">
<ele>24.2</ele>
<time>2024-07-26T07:03:32Z</time>
<extensions>
<tp1:TrackPointExtension>
<tp1:hr>129</tp1:hr>
</tp1:TrackPointExtension>
</extensions>
</trkpt>
<trkpt lat="57.28188529" lon="16.46628264">
<ele>24.0</ele>
<time>2024-07-26T07:03:37Z</time>
<extensions>
<tp1:TrackPointExtension>
<tp1:hr>128</tp1:hr>
</tp1:TrackPointExtension>
</extensions>
</trkpt>
<trkpt lat="57.28179283" lon="16.46605164">
<ele>23.7</ele>
<time>2024-07-26T07:03:41Z</time>
<extensions>
<tp1:TrackPointExtension>
<tp1:hr>128</tp1:hr>
</tp1:TrackPointExtension>
</extensions>
</trkpt>
<trkpt lat="57.28176375" lon="16.46601048">
<ele>23.5</ele>
<time>2024-07-26T07:03:42Z</time>
<extensions>
<tp1:TrackPointExtension>
<tp1:hr>128</tp1:hr>
</tp1:TrackPointExtension>
</extensions>
</trkpt>
<trkpt lat="57.28162444" lon="16.46573103">
<ele>23.3</ele>
<time>2024-07-26T07:03:47Z</time>
<extensions>
<tp1:TrackPointExtension>
<tp1:hr>130</tp1:hr>
</tp1:TrackPointExtension>
</extensions>
</trkpt>
<trkpt lat="57.28147047" lon="16.46556297">
<ele>22.8</ele>
<time>2024-07-26T07:03:51Z</time>
<extensions>
<tp1:TrackPointExtension>
<tp1:hr>130</tp1:hr>
</tp1:TrackPointExtension>
</extensions>
</trkpt>
<trkpt lat="57.28130417" lon="16.46550438">
<ele>22.6</ele>
<time>2024-07-26T07:03:55Z</time>
<extensions>
<tp1:TrackPointExtension>
<tp1:hr>131</tp1:hr>
</tp1:TrackPointExtension>
</extensions>
</trkpt>
<trkpt lat="57.28126276" lon="16.46548251">
<ele>22.4</ele>
<time>2024-07-26T07:03:56Z</time>
<extensions>
<tp1:TrackPointExtension>
<tp1:hr>132</tp1:hr>
</tp1:TrackPointExtension>
</extensions>
</trkpt>
<trkpt lat="57.28115824" lon="16.46534722">
<ele>22.2</ele>
<time>2024-07-26T07:03:59Z</time>
<extensions>
<tp1:TrackPointExtension>
<tp1:hr>132</tp1:hr>
</tp1:TrackPointExtension>
</extensions>
</trkpt>
<trkpt lat="57.28114248" lon="16.4651873">
<ele>22.0</ele>
<time>2024-07-26T07:04:00Z</time>
<extensions>
<tp1:TrackPointExtension>
<tp1:hr>132</tp1:hr>
</tp1:TrackPointExtension>
</extensions>
</trkpt>
<trkpt lat="57.28114248" lon="16.4651873">
<ele>21.8</ele>
<time>2024-07-26T07:04:01Z</time>
<extensions>
<tp1:TrackPointExtension>
<tp1:hr>132</tp1:hr>
</tp1:TrackPointExtension>
</extensions>
</trkpt>
<trkpt lat="57.28118565" lon="16.46478731">
<ele>21.3</ele>
<time>2024-07-26T07:04:06Z</time>
<extensions>
<tp1:TrackPointExtension>
<tp1:hr>133</tp1:hr>
</tp1:TrackPointExtension>
</extensions>
</trkpt>
<trkpt lat="57.28119529" lon="16.46471422">
<ele>21.3</ele>
<time>2024-07-26T07:04:07Z</time>
<extensions>
<tp1:TrackPointExtension>
<tp1:hr>133</tp1:hr>
</tp1:TrackPointExtension>
</extensions>
</trkpt>
<trkpt lat="57.28123401" lon="16.46434944">
<ele>20.9</ele>
<time>2024-07-26T07:04:12Z</time>
<extensions>
<tp1:TrackPointExtension>
<tp1:hr>131</tp1:hr>
</tp1:TrackPointExtension>
</extensions>
</trkpt>
<trkpt lat="57.28124449" lon="16.46427032">
<ele>20.7</ele>
<time>2024-07-26T07:04:13Z</time>
<extensions>
<tp1:TrackPointExtension>
<tp1:hr>132</tp1:hr>
</tp1:TrackPointExtension>
</extensions>
</trkpt>
<trkpt lat="57.28125237" lon="16.46419052">
<ele>20.6</ele>
<time>2024-07-26T07:04:14Z</time>
<extensions>
<tp1:TrackPointExtension>
<tp1:hr>129</tp1:hr>
</tp1:TrackPointExtension>
</extensions>
</trkpt>
<trkpt lat="57.28129411" lon="16.46386958">
<ele>20.2</ele>
<time>2024-07-26T07:04:18Z</time>
<extensions>
<tp1:TrackPointExtension>
<tp1:hr>130</tp1:hr>
</tp1:TrackPointExtension>
</extensions>
</trkpt>
<trkpt lat="57.28130241" lon="16.46378928">
<ele>20.2</ele>
<time>2024-07-26T07:04:19Z</time>
<extensions>
<tp1:TrackPointExtension>
<tp1:hr>132</tp1:hr>
</tp1:TrackPointExtension>
</extensions>
</trkpt>
<trkpt lat="57.28132286" lon="16.46357822">
<ele>19.8</ele>
<time>2024-07-26T07:04:22Z</time>
<extensions>
<tp1:TrackPointExtension>
<tp1:hr>135</tp1:hr>
</tp1:TrackPointExtension>
</extensions>
</trkpt>
<trkpt lat="57.28134641" lon="16.46345241">
<ele>19.8</ele>
<time>2024-07-26T07:04:24Z</time>
<extensions>
<tp1:TrackPointExtension>
<tp1:hr>139</tp1:hr>
</tp1:TrackPointExtension>
</extensions>
</trkpt>
<trkpt lat="57.28135161" lon="16.46338737">
<ele>19.6</ele>
<time>2024-07-26T07:04:25Z</time>
<extensions>
<tp1:TrackPointExtension>
<tp1:hr>140</tp1:hr>
</tp1:TrackPointExtension>
</extensions>
</trkpt>
<trkpt lat="57.28137382" lon="16.46305787">
<ele>19.1</ele>
<time>2024-07-26T07:04:30Z</time>
<extensions>
<tp1:TrackPointExtension>
<tp1:hr>142</tp1:hr>
</tp1:TrackPointExtension>
</extensions>
</trkpt>
<trkpt lat="57.28135597" lon="16.46300389">
<ele>19.1</ele>
<time>2024-07-26T07:04:31Z</time>
<extensions>
<tp1:TrackPointExtension>
<tp1:hr>142</tp1:hr>
</tp1:TrackPointExtension>
</extensions>
</trkpt>
<trkpt lat="57.28134038" lon="16.46287498">
<ele>18.9</ele>
<time>2024-07-26T07:04:33Z</time>
<extensions>
<tp1:TrackPointExtension>
<tp1:hr>144</tp1:hr>
</tp1:TrackPointExtension>
</extensions>
</trkpt>
<trkpt lat="57.2813491" lon="16.46254079">
<ele>18.5</ele>
<time>2024-07-26T07:04:37Z</time>
<extensions>
<tp1:TrackPointExtension>
<tp1:hr>144</tp1:hr>
</tp1:TrackPointExtension>
</extensions>
</trkpt>
<trkpt lat="57.28133242" lon="16.46252311">
<ele>18.4</ele>
<time>2024-07-26T07:04:40Z</time>
<extensions>
<tp1:TrackPointExtension>
<tp1:hr>143</tp1:hr>
</tp1:TrackPointExtension>
</extensions>
</trkpt>
<trkpt lat="57.28128481" lon="16.46253233">
<ele>18.2</ele>
<time>2024-07-26T07:04:42Z</time>
<extensions>
<tp1:TrackPointExtension>
<tp1:hr>143</tp1:hr>
</tp1:TrackPointExtension>
</extensions>
</trkpt>
<trkpt lat="57.28110552" lon="16.4626159">
<ele>18.0</ele>
<time>2024-07-26T07:04:47Z</time>
<extensions>
<tp1:TrackPointExtension>
<tp1:hr>144</tp1:hr>
</tp1:TrackPointExtension>
</extensions>
</trkpt>
<trkpt lat="57.28106478" lon="16.46262897">
<ele>18.0</ele>
<time>2024-07-26T07:04:48Z</time>
<extensions>
<tp1:TrackPointExtension>
<tp1:hr>145</tp1:hr>
</tp1:TrackPointExtension>
</extensions>
</trkpt>
<trkpt lat="57.28091466" lon="16.46271614">
<ele>17.7</ele>
<time>2024-07-26T07:04:52Z</time>
<extensions>
<tp1:TrackPointExtension>
<tp1:hr>145</tp1:hr>
</tp1:TrackPointExtension>
</extensions>
</trkpt>
<trkpt lat="57.28085641" lon="16.46272017">
<ele>17.5</ele>
<time>2024-07-26T07:04:54Z</time>
<extensions>
<tp1:TrackPointExtension>
<tp1:hr>144</tp1:hr>
</tp1:TrackPointExtension>
</extensions>
</trkpt>
<trkpt lat="57.28084627" lon="16.46268169">
<ele>17.5</ele>
<time>2024-07-26T07:04:55Z</time>
<extensions>
<tp1:TrackPointExtension>
<tp1:hr>145</tp1:hr>
</tp1:TrackPointExtension>
</extensions>
</trkpt>
<trkpt lat="57.280814" lon="16.46231272">
<ele>17.3</ele>
<time>2024-07-26T07:05:00Z</time>
<extensions>
<tp1:TrackPointExtension>
<tp1:hr>145</tp1:hr>
</tp1:TrackPointExtension>
</extensions>
</trkpt>
<trkpt lat="57.28082808" lon="16.46192179">
<ele>16.8</ele>
<time>2024-07-26T07:05:05Z</time>
<extensions>
<tp1:TrackPointExtension>
<tp1:hr>143</tp1:hr>
</tp1:TrackPointExtension>
</extensions>
</trkpt>
<trkpt lat="57.28083344" lon="16.46183755">
<ele>16.8</ele>
<time>2024-07-26T07:05:06Z</time>
<extensions>
<tp1:TrackPointExtension>
<tp1:hr>143</tp1:hr>
</tp1:TrackPointExtension>
</extensions>
</trkpt>
<trkpt lat="57.28083805" lon="16.46176823">
<ele>16.8</ele>
<time>2024-07-26T07:05:07Z</time>
<extensions>
<tp1:TrackPointExtension>
<tp1:hr>143</tp1:hr>
</tp1:TrackPointExtension>
</extensions>
</trkpt>
<trkpt lat="57.28082489" lon="16.46155399">
<ele>16.6</ele>
<time>2024-07-26T07:05:10Z</time>
<extensions>
<tp1:TrackPointExtension>
<tp1:hr>144</tp1:hr>
</tp1:TrackPointExtension>
</extensions>
</trkpt>
<trkpt lat="57.28081643" lon="16.46149406">
<ele>16.6</ele>
<time>2024-07-26T07:05:11Z</time>
<extensions>
<tp1:TrackPointExtension>
<tp1:hr>148</tp1:hr>
</tp1:TrackPointExtension>
</extensions>
</trkpt>
<trkpt lat="57.28079648" lon="16.46136842">
<ele>16.4</ele>
<time>2024-07-26T07:05:13Z</time>
<extensions>
<tp1:TrackPointExtension>
<tp1:hr>151</tp1:hr>
</tp1:TrackPointExtension>
</extensions>
</trkpt>
<trkpt lat="57.28075281" lon="16.46118829">
<ele>16.3</ele>
<time>2024-07-26T07:05:16Z</time>
<extensions>
<tp1:TrackPointExtension>
<tp1:hr>151</tp1:hr>
</tp1:TrackPointExtension>
</extensions>
</trkpt>
<trkpt lat="57.28066195" lon="16.46110229">
<ele>16.1</ele>
<time>2024-07-26T07:05:19Z</time>
<extensions>
<tp1:TrackPointExtension>
<tp1:hr>154</tp1:hr>
</tp1:TrackPointExtension>
</extensions>
</trkpt>
<trkpt lat="57.28059825" lon="16.46106449">
<ele>16.1</ele>
<time>2024-07-26T07:05:21Z</time>
<extensions>
<tp1:TrackPointExtension>
<tp1:hr>155</tp1:hr>
</tp1:TrackPointExtension>
</extensions>
</trkpt>
<trkpt lat="57.28040865" lon="16.46098612">
<ele>16.0</ele>
<time>2024-07-26T07:05:27Z</time>
<extensions>
<tp1:TrackPointExtension>
<tp1:hr>155</tp1:hr>
</tp1:TrackPointExtension>
</extensions>
</trkpt>
<trkpt lat="57.28037386" lon="16.4609738">
<ele>16.0</ele>
<time>2024-07-26T07:05:28Z</time>
<extensions>
<tp1:TrackPointExtension>
<tp1:hr>155</tp1:hr>
</tp1:TrackPointExtension>
</extensions>
</trkpt>
<trkpt lat="57.28026615" lon="16.4609023">
<ele>15.8</ele>
<time>2024-07-26T07:05:32Z</time>
<extensions>
<tp1:TrackPointExtension>
<tp1:hr>155</tp1:hr>
</tp1:TrackPointExtension>
</extensions>
</trkpt>
<trkpt lat="57.28025534" lon="16.46087221">
<ele>15.8</ele>
<time>2024-07-26T07:05:33Z</time>
<extensions>
<tp1:TrackPointExtension>
<tp1:hr>155</tp1:hr>
</tp1:TrackPointExtension>
</extensions>
</trkpt>
<trkpt lat="57.2801986" lon="16.46074447">
<ele>15.7</ele>
<time>2024-07-26T07:05:38Z</time>
<extensions>
<tp1:TrackPointExtension>
<tp1:hr>156</tp1:hr>
</tp1:TrackPointExtension>
</extensions>
</trkpt>
<trkpt lat="57.28019231" lon="16.46072527">
<ele>15.9</ele>
<time>2024-07-26T07:05:39Z</time>
<extensions>
<tp1:TrackPointExtension>
<tp1:hr>154</tp1:hr>
</tp1:TrackPointExtension>
</extensions>
</trkpt>
<trkpt lat="57.28018996" lon="16.46064087">
<ele>15.9</ele>
<time>2024-07-26T07:05:44Z</time>
<extensions>
<tp1:TrackPointExtension>
<tp1:hr>154</tp1:hr>
</tp1:TrackPointExtension>
</extensions>
</trkpt>
<trkpt lat="57.28019164" lon="16.46061991">
<ele>15.9</ele>
<time>2024-07-26T07:05:45Z</time>
<extensions>
<tp1:TrackPointExtension>
<tp1:hr>154</tp1:hr>
</tp1:TrackPointExtension>
</extensions>
</trkpt>
<trkpt lat="57.28019591" lon="16.46056292">
<ele>16.1</ele>
<time>2024-07-26T07:05:47Z</time>
<extensions>
<tp1:TrackPointExtension>
<tp1:hr>155</tp1:hr>
</tp1:TrackPointExtension>
</extensions>
</trkpt>
<trkpt lat="57.28021595" lon="16.46052897">
<ele>16.0</ele>
<time>2024-07-26T07:05:50Z</time>
<extensions>
<tp1:TrackPointExtension>
<tp1:hr>156</tp1:hr>
</tp1:TrackPointExtension>
</extensions>
</trkpt>
<trkpt lat="57.28016406" lon="16.46052738">
<ele>16.2</ele>
<time>2024-07-26T07:05:55Z</time>
<extensions>
<tp1:TrackPointExtension>
<tp1:hr>156</tp1:hr>
</tp1:TrackPointExtension>
</extensions>
</trkpt>
<trkpt lat="57.28014529" lon="16.46050869">
<ele>16.4</ele>
<time>2024-07-26T07:05:56Z</time>
<extensions>
<tp1:TrackPointExtension>
<tp1:hr>155</tp1:hr>
</tp1:TrackPointExtension>
</extensions>
</trkpt>
<trkpt lat="57.28008645" lon="16.46049527">
<ele>16.4</ele>
<time>2024-07-26T07:05:58Z</time>
<extensions>
<tp1:TrackPointExtension>
<tp1:hr>154</tp1:hr>
</tp1:TrackPointExtension>
</extensions>
</trkpt>
<trkpt lat="57.27999165" lon="16.46048295">
<ele>16.5</ele>
<time>2024-07-26T07:06:02Z</time>
<extensions>
<tp1:TrackPointExtension>
<tp1:hr>154</tp1:hr>
</tp1:TrackPointExtension>
</extensions>
</trkpt>
<trkpt lat="57.2799411" lon="16.46042646">
<ele>16.5</ele>
<time>2024-07-26T07:06:04Z</time>
<extensions>
<tp1:TrackPointExtension>
<tp1:hr>151</tp1:hr>
</tp1:TrackPointExtension>
</extensions>
</trkpt>
<trkpt lat="57.2798059" lon="16.46033459">
<ele>16.7</ele>
<time>2024-07-26T07:06:09Z</time>
<extensions>
<tp1:TrackPointExtension>
<tp1:hr>152</tp1:hr>
</tp1:TrackPointExtension>
</extensions>
</trkpt>
<trkpt lat="57.27974237" lon="16.46028958">
<ele>16.9</ele>
<time>2024-07-26T07:06:13Z</time>
<extensions>
<tp1:TrackPointExtension>
<tp1:hr>149</tp1:hr>
</tp1:TrackPointExtension>
</extensions>
</trkpt>
<trkpt lat="57.27972468" lon="16.46027885">
<ele>16.8</ele>
<time>2024-07-26T07:06:14Z</time>
<extensions>
<tp1:TrackPointExtension>
<tp1:hr>149</tp1:hr>
</tp1:TrackPointExtension>
</extensions>
</trkpt>
<trkpt lat="57.2796702" lon="16.46024717">
<ele>17.0</ele>
<time>2024-07-26T07:06:16Z</time>
<extensions>
<tp1:TrackPointExtension>
<tp1:hr>152</tp1:hr>
</tp1:TrackPointExtension>
</extensions>
</trkpt>
<trkpt lat="57.27959493" lon="16.4601512">
<ele>17.0</ele>
<time>2024-07-26T07:06:19Z</time>
<extensions>
<tp1:TrackPointExtension>
<tp1:hr>150</tp1:hr>
</tp1:TrackPointExtension>
</extensions>
</trkpt>
<trkpt lat="57.27953249" lon="16.46003997">
<ele>17.0</ele>
<time>2024-07-26T07:06:22Z</time>
<extensions>
<tp1:TrackPointExtension>
<tp1:hr>150</tp1:hr>
</tp1:TrackPointExtension>
</extensions>
</trkpt>
<trkpt lat="57.2794718" lon="16.4599937">
<ele>17.2</ele>
<time>2024-07-26T07:06:24Z</time>
<extensions>
<tp1:TrackPointExtension>
<tp1:hr>150</tp1:hr>
</tp1:TrackPointExtension>
</extensions>
</trkpt>
<trkpt lat="57.27944498" lon="16.45998172">
<ele>17.2</ele>
<time>2024-07-26T07:06:25Z</time>
<extensions>
<tp1:TrackPointExtension>
<tp1:hr>150</tp1:hr>
</tp1:TrackPointExtension>
</extensions>
</trkpt>
<trkpt lat="57.27941363" lon="16.45993">
<ele>17.1</ele>
<time>2024-07-26T07:06:27Z</time>
<extensions>
<tp1:TrackPointExtension>
<tp1:hr>150</tp1:hr>
</tp1:TrackPointExtension>
</extensions>
</trkpt>
<trkpt lat="57.27940039" lon="16.45989513">
<ele>17.1</ele>
<time>2024-07-26T07:06:28Z</time>
<extensions>
<tp1:TrackPointExtension>
<tp1:hr>149</tp1:hr>
</tp1:TrackPointExtension>
</extensions>
</trkpt>
<trkpt lat="57.27937851" lon="16.4598559">
<ele>17.1</ele>
<time>2024-07-26T07:06:30Z</time>
<extensions>
<tp1:TrackPointExtension>
<tp1:hr>149</tp1:hr>
</tp1:TrackPointExtension>
</extensions>
</trkpt>
<trkpt lat="57.27932311" lon="16.45979807">
<ele>17.1</ele>
<time>2024-07-26T07:06:33Z</time>
<extensions>
<tp1:TrackPointExtension>
<tp1:hr>149</tp1:hr>
</tp1:TrackPointExtension>
</extensions>
</trkpt>
<trkpt lat="57.27930835" lon="16.45976303">
<ele>17.1</ele>
<time>2024-07-26T07:06:34Z</time>
<extensions>
<tp1:TrackPointExtension>
<tp1:hr>149</tp1:hr>
</tp1:TrackPointExtension>
</extensions>
</trkpt>
<trkpt lat="57.27926577" lon="16.45967728">
<ele>17.1</ele>
<time>2024-07-26T07:06:36Z</time>
<extensions>
<tp1:TrackPointExtension>
<tp1:hr>153</tp1:hr>
</tp1:TrackPointExtension>
</extensions>
</trkpt>
<trkpt lat="57.27924457" lon="16.45965499">
<ele>17.1</ele>
<time>2024-07-26T07:06:37Z</time>
<extensions>
<tp1:TrackPointExtension>
<tp1:hr>153</tp1:hr>
</tp1:TrackPointExtension>
</extensions>
</trkpt>
<trkpt lat="57.27918003" lon="16.45964116">
<ele>17.0</ele>
<time>2024-07-26T07:06:40Z</time>
<extensions>
<tp1:TrackPointExtension>
<tp1:hr>156</tp1:hr>
</tp1:TrackPointExtension>
</extensions>
</trkpt>
<trkpt lat="57.27915388" lon="16.45963462">
<ele>17.0</ele>
<time>2024-07-26T07:06:42Z</time>
<extensions>
<tp1:TrackPointExtension>
<tp1:hr>157</tp1:hr>
</tp1:TrackPointExtension>
</extensions>
</trkpt>
<trkpt lat="57.27909428" lon="16.45963244">
<ele>17.0</ele>
<time>2024-07-26T07:06:46Z</time>
<extensions>
<tp1:TrackPointExtension>
<tp1:hr>157</tp1:hr>
</tp1:TrackPointExtension>
</extensions>
</trkpt>
<trkpt lat="57.27909327" lon="16.45963596">
<ele>17.2</ele>
<time>2024-07-26T07:06:47Z</time>
<extensions>
<tp1:TrackPointExtension>
<tp1:hr>157</tp1:hr>
</tp1:TrackPointExtension>
</extensions>
</trkpt>
<trkpt lat="57.27906922" lon="16.45962046">
<ele>17.1</ele>
<time>2024-07-26T07:06:51Z</time>
<extensions>
<tp1:TrackPointExtension>
<tp1:hr>158</tp1:hr>
</tp1:TrackPointExtension>
</extensions>
</trkpt>
<trkpt lat="57.27903158" lon="16.45958911">
<ele>17.3</ele>
<time>2024-07-26T07:06:55Z</time>
<extensions>
<tp1:TrackPointExtension>
<tp1:hr>155</tp1:hr>
</tp1:TrackPointExtension>
</extensions>
</trkpt>
<trkpt lat="57.279017" lon="16.45954192">
<ele>17.5</ele>
<time>2024-07-26T07:06:57Z</time>
<extensions>
<tp1:TrackPointExtension>
<tp1:hr>154</tp1:hr>
</tp1:TrackPointExtension>
</extensions>
</trkpt>
<trkpt lat="57.2789429" lon="16.4594265">
<ele>17.8</ele>
<time>2024-07-26T07:07:02Z</time>
<extensions>
<tp1:TrackPointExtension>
<tp1:hr>155</tp1:hr>
</tp1:TrackPointExtension>
</extensions>
</trkpt>
<trkpt lat="57.27892865" lon="16.45940437">
<ele>17.8</ele>
<time>2024-07-26T07:07:03Z</time>
<extensions>
<tp1:TrackPointExtension>
<tp1:hr>154</tp1:hr>
</tp1:TrackPointExtension>
</extensions>
</trkpt>
<trkpt lat="57.27878993" lon="16.45927965">
<ele>18.2</ele>
<time>2024-07-26T07:07:08Z</time>
<extensions>
<tp1:TrackPointExtension>
<tp1:hr>153</tp1:hr>
</tp1:TrackPointExtension>
</extensions>
</trkpt>
<trkpt lat="57.2787098" lon="16.45918996">
<ele>18.4</ele>
<time>2024-07-26T07:07:12Z</time>
<extensions>
<tp1:TrackPointExtension>
<tp1:hr>154</tp1:hr>
</tp1:TrackPointExtension>
</extensions>
</trkpt>
<trkpt lat="57.27868089" lon="16.45915367">
<ele>18.5</ele>
<time>2024-07-26T07:07:14Z</time>
<extensions>
<tp1:TrackPointExtension>
<tp1:hr>156</tp1:hr>
</tp1:TrackPointExtension>
</extensions>
</trkpt>
<trkpt lat="57.2787005" lon="16.45911536">
<ele>18.7</ele>
<time>2024-07-26T07:07:16Z</time>
<extensions>
<tp1:TrackPointExtension>
<tp1:hr>158</tp1:hr>
</tp1:TrackPointExtension>
</extensions>
</trkpt>
<trkpt lat="57.27873185" lon="16.45908971">
<ele>18.9</ele>
<time>2024-07-26T07:07:18Z</time>
<extensions>
<tp1:TrackPointExtension>
<tp1:hr>156</tp1:hr>
</tp1:TrackPointExtension>
</extensions>
</trkpt>
<trkpt lat="57.27875532" lon="16.45908535">
<ele>18.9</ele>
<time>2024-07-26T07:07:19Z</time>
<extensions>
<tp1:TrackPointExtension>
<tp1:hr>158</tp1:hr>
</tp1:TrackPointExtension>
</extensions>
</trkpt>
<trkpt lat="57.27881868" lon="16.45900598">
<ele>19.1</ele>
<time>2024-07-26T07:07:22Z</time>
<extensions>
<tp1:TrackPointExtension>
<tp1:hr>157</tp1:hr>
</tp1:TrackPointExtension>
</extensions>
</trkpt>
<trkpt lat="57.27885699" lon="16.45881219">
<ele>19.4</ele>
<time>2024-07-26T07:07:28Z</time>
<extensions>
<tp1:TrackPointExtension>
<tp1:hr>158</tp1:hr>
</tp1:TrackPointExtension>
</extensions>
</trkpt>
<trkpt lat="57.27890359" lon="16.45866249">
<ele>19.6</ele>
<time>2024-07-26T07:07:33Z</time>
<extensions>
<tp1:TrackPointExtension>
<tp1:hr>156</tp1:hr>
</tp1:TrackPointExtension>
</extensions>
</trkpt>
<trkpt lat="57.2789103" lon="16.45862401">
<ele>19.6</ele>
<time>2024-07-26T07:07:34Z</time>
<extensions>
<tp1:TrackPointExtension>
<tp1:hr>157</tp1:hr>
</tp1:TrackPointExtension>
</extensions>
</trkpt>
<trkpt lat="57.27894441" lon="16.45848379">
<ele>19.6</ele>
<time>2024-07-26T07:07:37Z</time>
<extensions>
<tp1:TrackPointExtension>
<tp1:hr>158</tp1:hr>
</tp1:TrackPointExtension>
</extensions>
</trkpt>
<trkpt lat="57.2789512" lon="16.45830492">
<ele>19.5</ele>
<time>2024-07-26T07:07:41Z</time>
<extensions>
<tp1:TrackPointExtension>
<tp1:hr>157</tp1:hr>
</tp1:TrackPointExtension>
</extensions>
</trkpt>
<trkpt lat="57.27894634" lon="16.45821121">
<ele>19.5</ele>
<time>2024-07-26T07:07:42Z</time>
<extensions>
<tp1:TrackPointExtension>
<tp1:hr>159</tp1:hr>
</tp1:TrackPointExtension>
</extensions>
</trkpt>
<trkpt lat="57.27895615" lon="16.45816628">
<ele>19.3</ele>
<time>2024-07-26T07:07:44Z</time>
<extensions>
<tp1:TrackPointExtension>
<tp1:hr>160</tp1:hr>
</tp1:TrackPointExtension>
</extensions>
</trkpt>
<trkpt lat="57.27897157" lon="16.4581071">
<ele>19.3</ele>
<time>2024-07-26T07:07:45Z</time>
<extensions>
<tp1:TrackPointExtension>
<tp1:hr>159</tp1:hr>
</tp1:TrackPointExtension>
</extensions>
</trkpt>
<trkpt lat="57.27907307" lon="16.45785606">
<ele>19.2</ele>
<time>2024-07-26T07:07:50Z</time>
<extensions>
<tp1:TrackPointExtension>
<tp1:hr>159</tp1:hr>
</tp1:TrackPointExtension>
</extensions>
</trkpt>
<trkpt lat="57.27922009" lon="16.45774911">
<ele>19.2</ele>
<time>2024-07-26T07:07:55Z</time>
<extensions>
<tp1:TrackPointExtension>
<tp1:hr>162</tp1:hr>
</tp1:TrackPointExtension>
</extensions>
</trkpt>
<trkpt lat="57.27924935" lon="16.45772304">
<ele>19.2</ele>
<time>2024-07-26T07:07:56Z</time>
<extensions>
<tp1:TrackPointExtension>
<tp1:hr>163</tp1:hr>
</tp1:TrackPointExtension>
</extensions>
</trkpt>
<trkpt lat="57.2793703" lon="16.45757393">
<ele>19.2</ele>
<time>2024-07-26T07:08:01Z</time>
<extensions>
<tp1:TrackPointExtension>
<tp1:hr>161</tp1:hr>
</tp1:TrackPointExtension>
</extensions>
</trkpt>
<trkpt lat="57.27940961" lon="16.45748072">
<ele>19.1</ele>
<time>2024-07-26T07:08:02Z</time>
<extensions>
<tp1:TrackPointExtension>
<tp1:hr>160</tp1:hr>
</tp1:TrackPointExtension>
</extensions>
</trkpt>
<trkpt lat="57.27941506" lon="16.45740738">
<ele>19.1</ele>
<time>2024-07-26T07:08:05Z</time>
<extensions>
<tp1:TrackPointExtension>
<tp1:hr>155</tp1:hr>
</tp1:TrackPointExtension>
</extensions>
</trkpt>
<trkpt lat="57.27943107" lon="16.45735399">
<ele>19.1</ele>
<time>2024-07-26T07:08:06Z</time>
<extensions>
<tp1:TrackPointExtension>
<tp1:hr>155</tp1:hr>
</tp1:TrackPointExtension>
</extensions>
</trkpt>
<trkpt lat="57.27944909" lon="16.45725014">
<ele>19.1</ele>
<time>2024-07-26T07:08:08Z</time>
<extensions>
<tp1:TrackPointExtension>
<tp1:hr>154</tp1:hr>
</tp1:TrackPointExtension>
</extensions>
</trkpt>
<trkpt lat="57.27944565" lon="16.45720965">
<ele>19.3</ele>
<time>2024-07-26T07:08:09Z</time>
<extensions>
<tp1:TrackPointExtension>
<tp1:hr>154</tp1:hr>
</tp1:TrackPointExtension>
</extensions>
</trkpt>
<trkpt lat="57.27945261" lon="16.45696423">
<ele>19.2</ele>
<time>2024-07-26T07:08:14Z</time>
<extensions>
<tp1:TrackPointExtension>
<tp1:hr>152</tp1:hr>
</tp1:TrackPointExtension>
</extensions>
</trkpt>
<trkpt lat="57.27950416" lon="16.45681889">
<ele>19.2</ele>
<time>2024-07-26T07:08:18Z</time>
<extensions>
<tp1:TrackPointExtension>
<tp1:hr>151</tp1:hr>
</tp1:TrackPointExtension>
</extensions>
</trkpt>
<trkpt lat="57.27951447" lon="16.45679274">
<ele>19.2</ele>
<time>2024-07-26T07:08:19Z</time>
<extensions>
<tp1:TrackPointExtension>
<tp1:hr>157</tp1:hr>
</tp1:TrackPointExtension>
</extensions>
</trkpt>
<trkpt lat="57.27951807" lon="16.45677396">
<ele>19.2</ele>
<time>2024-07-26T07:08:20Z</time>
<extensions>
<tp1:TrackPointExtension>
<tp1:hr>157</tp1:hr>
</tp1:TrackPointExtension>
</extensions>
</trkpt>
<trkpt lat="57.27952503" lon="16.45672794">
<ele>19.2</ele>
<time>2024-07-26T07:08:22Z</time>
<extensions>
<tp1:TrackPointExtension>
<tp1:hr>157</tp1:hr>
</tp1:TrackPointExtension>
</extensions>
</trkpt>
<trkpt lat="57.27953953" lon="16.45666676">
<ele>19.2</ele>
<time>2024-07-26T07:08:24Z</time>
<extensions>
<tp1:TrackPointExtension>
<tp1:hr>156</tp1:hr>
</tp1:TrackPointExtension>
</extensions>
</trkpt>
<trkpt lat="57.27961086" lon="16.45642368">
<ele>19.3</ele>
<time>2024-07-26T07:08:30Z</time>
<extensions>
<tp1:TrackPointExtension>
<tp1:hr>158</tp1:hr>
</tp1:TrackPointExtension>
</extensions>
</trkpt>
<trkpt lat="57.27966098" lon="16.45626468">
<ele>19.5</ele>
<time>2024-07-26T07:08:35Z</time>
<extensions>
<tp1:TrackPointExtension>
<tp1:hr>159</tp1:hr>
</tp1:TrackPointExtension>
</extensions>
</trkpt>
<trkpt lat="57.2797583" lon="16.45605018">
<ele>19.8</ele>
<time>2024-07-26T07:08:41Z</time>
<extensions>
<tp1:TrackPointExtension>
<tp1:hr>160</tp1:hr>
</tp1:TrackPointExtension>
</extensions>
</trkpt>
<trkpt lat="57.27980146" lon="16.45595002">
<ele>20.0</ele>
<time>2024-07-26T07:08:44Z</time>
<extensions>
<tp1:TrackPointExtension>
<tp1:hr>158</tp1:hr>
</tp1:TrackPointExtension>
</extensions>
</trkpt>
<trkpt lat="57.27985435" lon="16.45580384">
<ele>20.4</ele>
<time>2024-07-26T07:08:48Z</time>
<extensions>
<tp1:TrackPointExtension>
<tp1:hr>162</tp1:hr>
</tp1:TrackPointExtension>
</extensions>
</trkpt>
<trkpt lat="57.27992023" lon="16.45559597">
<ele>20.7</ele>
<time>2024-07-26T07:08:53Z</time>
<extensions>
<tp1:TrackPointExtension>
<tp1:hr>161</tp1:hr>
</tp1:TrackPointExtension>
</extensions>
</trkpt>
<trkpt lat="57.27997388" lon="16.45540402">
<ele>21.1</ele>
<time>2024-07-26T07:08:57Z</time>
<extensions>
<tp1:TrackPointExtension>
<tp1:hr>158</tp1:hr>
</tp1:TrackPointExtension>
</extensions>
</trkpt>
<trkpt lat="57.28004722" lon="16.45527838">
<ele>21.2</ele>
<time>2024-07-26T07:09:02Z</time>
<extensions>
<tp1:TrackPointExtension>
<tp1:hr>158</tp1:hr>
</tp1:TrackPointExtension>
</extensions>
</trkpt>
<trkpt lat="57.28010271" lon="16.45526027">
<ele>21.4</ele>
<time>2024-07-26T07:09:07Z</time>
<extensions>
<tp1:TrackPointExtension>
<tp1:hr>159</tp1:hr>
</tp1:TrackPointExtension>
</extensions>
</trkpt>
<trkpt lat="57.2801193" lon="16.4552254">
<ele>21.6</ele>
<time>2024-07-26T07:09:11Z</time>
<extensions>
<tp1:TrackPointExtension>
<tp1:hr>159</tp1:hr>
</tp1:TrackPointExtension>
</extensions>
</trkpt>
<trkpt lat="57.28011218" lon="16.45519163">
<ele>21.6</ele>
<time>2024-07-26T07:09:12Z</time>
<extensions>
<tp1:TrackPointExtension>
<tp1:hr>160</tp1:hr>
</tp1:TrackPointExtension>
</extensions>
</trkpt>
<trkpt lat="57.2800841" lon="16.45510839">
<ele>21.5</ele>
<time>2024-07-26T07:09:14Z</time>
<extensions>
<tp1:TrackPointExtension>
<tp1:hr>163</tp1:hr>
</tp1:TrackPointExtension>
</extensions>
</trkpt>
<trkpt lat="57.28006566" lon="16.45508165">
<ele>21.5</ele>
<time>2024-07-26T07:09:15Z</time>
<extensions>
<tp1:TrackPointExtension>
<tp1:hr>159</tp1:hr>
</tp1:TrackPointExtension>
</extensions>
</trkpt>
<trkpt lat="57.280052" lon="16.4550628">
<ele>21.5</ele>
<time>2024-07-26T07:09:16Z</time>
<extensions>
<tp1:TrackPointExtension>
<tp1:hr>160</tp1:hr>
</tp1:TrackPointExtension>
</extensions>
</trkpt>
<trkpt lat="57.2800473" lon="16.45505383">
<ele>21.5</ele>
<time>2024-07-26T07:09:17Z</time>
<extensions>
<tp1:TrackPointExtension>
<tp1:hr>161</tp1:hr>
</tp1:TrackPointExtension>
</extensions>
</trkpt>
<trkpt lat="57.28005602" lon="16.45501887">
<ele>21.7</ele>
<time>2024-07-26T07:09:21Z</time>
<extensions>
<tp1:TrackPointExtension>
<tp1:hr>160</tp1:hr>
</tp1:TrackPointExtension>
</extensions>
</trkpt>
<trkpt lat="57.28009307" lon="16.4550664">
<ele>21.7</ele>
<time>2024-07-26T07:09:24Z</time>
<extensions>
<tp1:TrackPointExtension>
<tp1:hr>160</tp1:hr>
</tp1:TrackPointExtension>
</extensions>
</trkpt>
<trkpt lat="57.28011101" lon="16.45510387">
<ele>21.6</ele>
<time>2024-07-26T07:09:25Z</time>
<extensions>
<tp1:TrackPointExtension>
<tp1:hr>158</tp1:hr>
</tp1:TrackPointExtension>
</extensions>
</trkpt>
<trkpt lat="57.28016281" lon="16.45531911">
<ele>21.6</ele>
<time>2024-07-26T07:09:30Z</time>
<extensions>
<tp1:TrackPointExtension>
<tp1:hr>160</tp1:hr>
</tp1:TrackPointExtension>
</extensions>
</trkpt>
<trkpt lat="57.28017974" lon="16.4554223">
<ele>21.6</ele>
<time>2024-07-26T07:09:34Z</time>
<extensions>
<tp1:TrackPointExtension>
<tp1:hr>157</tp1:hr>
</tp1:TrackPointExtension>
</extensions>
</trkpt>
<trkpt lat="57.28018778" lon="16.45548298">
<ele>21.6</ele>
<time>2024-07-26T07:09:36Z</time>
<extensions>
<tp1:TrackPointExtension>
<tp1:hr>157</tp1:hr>
</tp1:TrackPointExtension>
</extensions>
</trkpt>
<trkpt lat="57.28024545" lon="16.45558884">
<ele>21.7</ele>
<time>2024-07-26T07:09:40Z</time>
<extensions>
<tp1:TrackPointExtension>
<tp1:hr>155</tp1:hr>
</tp1:TrackPointExtension>
</extensions>
</trkpt>
<trkpt lat="57.28028652" lon="16.45562807">
<ele>21.7</ele>
<time>2024-07-26T07:09:42Z</time>
<extensions>
<tp1:TrackPointExtension>
<tp1:hr>155</tp1:hr>
</tp1:TrackPointExtension>
</extensions>
</trkpt>
<trkpt lat="57.28029055" lon="16.45564659">
<ele>21.7</ele>
<time>2024-07-26T07:09:43Z</time>
<extensions>
<tp1:TrackPointExtension>
<tp1:hr>155</tp1:hr>
</tp1:TrackPointExtension>
</extensions>
</trkpt>
<trkpt lat="57.28030178" lon="16.45573326">
<ele>21.7</ele>
<time>2024-07-26T07:09:46Z</time>
<extensions>
<tp1:TrackPointExtension>
<tp1:hr>154</tp1:hr>
</tp1:TrackPointExtension>
</extensions>
</trkpt>
<trkpt lat="57.28029516" lon="16.4558631">
<ele>21.6</ele>
<time>2024-07-26T07:09:51Z</time>
<extensions>
<tp1:TrackPointExtension>
<tp1:hr>154</tp1:hr>
</tp1:TrackPointExtension>
</extensions>
</trkpt>
<trkpt lat="57.28030454" lon="16.45588917">
<ele>21.8</ele>
<time>2024-07-26T07:09:53Z</time>
<extensions>
<tp1:TrackPointExtension>
<tp1:hr>154</tp1:hr>
</tp1:TrackPointExtension>
</extensions>
</trkpt>
<trkpt lat="57.28033212" lon="16.45589763">
<ele>21.8</ele>
<time>2024-07-26T07:09:55Z</time>
<extensions>
<tp1:TrackPointExtension>
<tp1:hr>154</tp1:hr>
</tp1:TrackPointExtension>
</extensions>
</trkpt>
<trkpt lat="57.28033774" lon="16.45588204">
<ele>21.8</ele>
<time>2024-07-26T07:09:56Z</time>
<extensions>
<tp1:TrackPointExtension>
<tp1:hr>154</tp1:hr>
</tp1:TrackPointExtension>
</extensions>
</trkpt>
<trkpt lat="57.28035408" lon="16.4558455">
<ele>21.8</ele>
<time>2024-07-26T07:09:58Z</time>
<extensions>
<tp1:TrackPointExtension>
<tp1:hr>151</tp1:hr>
</tp1:TrackPointExtension>
</extensions>
</trkpt>
<trkpt lat="57.28037965" lon="16.45578138">
<ele>21.8</ele>
<time>2024-07-26T07:10:00Z</time>
<extensions>
<tp1:TrackPointExtension>
<tp1:hr>150</tp1:hr>
</tp1:TrackPointExtension>
</extensions>
</trkpt>
<trkpt lat="57.28038895" lon="16.45574542">
<ele>21.7</ele>
<time>2024-07-26T07:10:01Z</time>
<extensions>
<tp1:TrackPointExtension>
<tp1:hr>150</tp1:hr>
</tp1:TrackPointExtension>
</extensions>
</trkpt>
<trkpt lat="57.28039021" lon="16.45554953">
<ele>21.9</ele>
<time>2024-07-26T07:10:06Z</time>
<extensions>
<tp1:TrackPointExtension>
<tp1:hr>149</tp1:hr>
</tp1:TrackPointExtension>
</extensions>
</trkpt>
<trkpt lat="57.2803809" lon="16.45550645">
<ele>21.9</ele>
<time>2024-07-26T07:10:07Z</time>
<extensions>
<tp1:TrackPointExtension>
<tp1:hr>149</tp1:hr>
</tp1:TrackPointExtension>
</extensions>
</trkpt>
<trkpt lat="57.28033841" lon="16.4554171">
<ele>21.9</ele>
<time>2024-07-26T07:10:10Z</time>
<extensions>
<tp1:TrackPointExtension>
<tp1:hr>147</tp1:hr>
</tp1:TrackPointExtension>
</extensions>
</trkpt>
<trkpt lat="57.28030337" lon="16.45539656">
<ele>21.9</ele>
<time>2024-07-26T07:10:12Z</time>
<extensions>
<tp1:TrackPointExtension>
<tp1:hr>149</tp1:hr>
</tp1:TrackPointExtension>
</extensions>
</trkpt>
<trkpt lat="57.28024545" lon="16.4553772">
<ele>21.8</ele>
<time>2024-07-26T07:10:15Z</time>
<extensions>
<tp1:TrackPointExtension>
<tp1:hr>150</tp1:hr>
</tp1:TrackPointExtension>
</extensions>
</trkpt>
<trkpt lat="57.28016557" lon="16.45537234">
<ele>21.8</ele>
<time>2024-07-26T07:10:18Z</time>
<extensions>
<tp1:TrackPointExtension>
<tp1:hr>150</tp1:hr>
</tp1:TrackPointExtension>
</extensions>
</trkpt>
<trkpt lat="57.28013297" lon="16.45542246">
<ele>22.0</ele>
<time>2024-07-26T07:10:20Z</time>
<extensions>
<tp1:TrackPointExtension>
<tp1:hr>150</tp1:hr>
</tp1:TrackPointExtension>
</extensions>
</trkpt>
<trkpt lat="57.28009759" lon="16.45554551">
<ele>22.2</ele>
<time>2024-07-26T07:10:24Z</time>
<extensions>
<tp1:TrackPointExtension>
<tp1:hr>151</tp1:hr>
</tp1:TrackPointExtension>
</extensions>
</trkpt>
<trkpt lat="57.28009433" lon="16.4555559">
<ele>22.1</ele>
<time>2024-07-26T07:10:25Z</time>
<extensions>
<tp1:TrackPointExtension>
<tp1:hr>151</tp1:hr>
</tp1:TrackPointExtension>
</extensions>
</trkpt>
<trkpt lat="57.28007899" lon="16.45558264">
<ele>22.3</ele>
<time>2024-07-26T07:10:28Z</time>
<extensions>
<tp1:TrackPointExtension>
<tp1:hr>150</tp1:hr>
</tp1:TrackPointExtension>
</extensions>
</trkpt>
<trkpt lat="57.28006616" lon="16.45556998">
<ele>22.3</ele>
<time>2024-07-26T07:10:29Z</time>
<extensions>
<tp1:TrackPointExtension>
<tp1:hr>150</tp1:hr>
</tp1:TrackPointExtension>
</extensions>
</trkpt>
<trkpt lat="57.28002182" lon="16.4554513">
<ele>22.3</ele>
<time>2024-07-26T07:10:33Z</time>
<extensions>
<tp1:TrackPointExtension>
<tp1:hr>153</tp1:hr>
</tp1:TrackPointExtension>
</extensions>
</trkpt>
<trkpt lat="57.28000648" lon="16.45530713">
<ele>22.5</ele>
<time>2024-07-26T07:10:36Z</time>
<extensions>
<tp1:TrackPointExtension>
<tp1:hr>156</tp1:hr>
</tp1:TrackPointExtension>
</extensions>
</trkpt>
<trkpt lat="57.28001093" lon="16.45525717">
<ele>22.4</ele>
<time>2024-07-26T07:10:37Z</time>
<extensions>
<tp1:TrackPointExtension>
<tp1:hr>156</tp1:hr>
</tp1:TrackPointExtension>
</extensions>
</trkpt>
<trkpt lat="57.28000732" lon="16.45521141">
<ele>22.4</ele>
<time>2024-07-26T07:10:38Z</time>
<extensions>
<tp1:TrackPointExtension>
<tp1:hr>157</tp1:hr>
</tp1:TrackPointExtension>
</extensions>
</trkpt>
<trkpt lat="57.27997681" lon="16.45512884">
<ele>22.6</ele>
<time>2024-07-26T07:10:40Z</time>
<extensions>
<tp1:TrackPointExtension>
<tp1:hr>157</tp1:hr>
</tp1:TrackPointExtension>
</extensions>
</trkpt>
<trkpt lat="57.27991487" lon="16.45494645">
<ele>22.6</ele>
<time>2024-07-26T07:10:44Z</time>
<extensions>
<tp1:TrackPointExtension>
<tp1:hr>157</tp1:hr>
</tp1:TrackPointExtension>
</extensions>
</trkpt>
<trkpt lat="57.27985418" lon="16.45468041">
<ele>22.5</ele>
<time>2024-07-26T07:10:49Z</time>
<extensions>
<tp1:TrackPointExtension>
<tp1:hr>156</tp1:hr>
</tp1:TrackPointExtension>
</extensions>
</trkpt>
<trkpt lat="57.27979828" lon="16.45441563">
<ele>22.3</ele>
<time>2024-07-26T07:10:53Z</time>
<extensions>
<tp1:TrackPointExtension>
<tp1:hr>157</tp1:hr>
</tp1:TrackPointExtension>
</extensions>
</trkpt>
<trkpt lat="57.27978713" lon="16.45428512">
<ele>22.3</ele>
<time>2024-07-26T07:10:55Z</time>
<extensions>
<tp1:TrackPointExtension>
<tp1:hr>160</tp1:hr>
</tp1:TrackPointExtension>
</extensions>
</trkpt>
<trkpt lat="57.27980465" lon="16.45417716">
<ele>22.1</ele>
<time>2024-07-26T07:10:57Z</time>
<extensions>
<tp1:TrackPointExtension>
<tp1:hr>160</tp1:hr>
</tp1:TrackPointExtension>
</extensions>
</trkpt>
<trkpt lat="57.27983289" lon="16.4540682">
<ele>22.1</ele>
<time>2024-07-26T07:10:59Z</time>
<extensions>
<tp1:TrackPointExtension>
<tp1:hr>161</tp1:hr>
</tp1:TrackPointExtension>
</extensions>
</trkpt>
<trkpt lat="57.27982719" lon="16.45399989">
<ele>21.9</ele>
<time>2024-07-26T07:11:00Z</time>
<extensions>
<tp1:TrackPointExtension>
<tp1:hr>161</tp1:hr>
</tp1:TrackPointExtension>
</extensions>
</trkpt>
<trkpt lat="57.27976089" lon="16.45371708">
<ele>21.6</ele>
<time>2024-07-26T07:11:04Z</time>
<extensions>
<tp1:TrackPointExtension>
<tp1:hr>157</tp1:hr>
</tp1:TrackPointExtension>
</extensions>
</trkpt>
<trkpt lat="57.27976332" lon="16.45349429">
<ele>21.4</ele>
<time>2024-07-26T07:11:07Z</time>
<extensions>
<tp1:TrackPointExtension>
<tp1:hr>160</tp1:hr>
</tp1:TrackPointExtension>
</extensions>
</trkpt>
<trkpt lat="57.279751" lon="16.45343746">
<ele>21.4</ele>
<time>2024-07-26T07:11:08Z</time>
<extensions>
<tp1:TrackPointExtension>
<tp1:hr>157</tp1:hr>
</tp1:TrackPointExtension>
</extensions>
</trkpt>
<trkpt lat="57.27974044" lon="16.45338004">
<ele>21.2</ele>
<time>2024-07-26T07:11:09Z</time>
<extensions>
<tp1:TrackPointExtension>
<tp1:hr>157</tp1:hr>
</tp1:TrackPointExtension>
</extensions>
</trkpt>
<trkpt lat="57.27972133" lon="16.4531083">
<ele>20.7</ele>
<time>2024-07-26T07:11:13Z</time>
<extensions>
<tp1:TrackPointExtension>
<tp1:hr>156</tp1:hr>
</tp1:TrackPointExtension>
</extensions>
</trkpt>
<trkpt lat="57.27973198" lon="16.45304577">
<ele>20.7</ele>
<time>2024-07-26T07:11:14Z</time>
<extensions>
<tp1:TrackPointExtension>
<tp1:hr>154</tp1:hr>
</tp1:TrackPointExtension>
</extensions>
</trkpt>
<trkpt lat="57.27974136" lon="16.45299565">
<ele>20.7</ele>
<time>2024-07-26T07:11:15Z</time>
<extensions>
<tp1:TrackPointExtension>
<tp1:hr>157</tp1:hr>
</tp1:TrackPointExtension>
</extensions>
</trkpt>
<trkpt lat="57.27973818" lon="16.45292968">
<ele>20.5</ele>
<time>2024-07-26T07:11:17Z</time>
<extensions>
<tp1:TrackPointExtension>
<tp1:hr>157</tp1:hr>
</tp1:TrackPointExtension>
</extensions>
</trkpt>
<trkpt lat="57.27972468" lon="16.45289901">
<ele>20.5</ele>
<time>2024-07-26T07:11:18Z</time>
<extensions>
<tp1:TrackPointExtension>
<tp1:hr>157</tp1:hr>
</tp1:TrackPointExtension>
</extensions>
</trkpt>
<trkpt lat="57.27966165" lon="16.4527276">
<ele>20.1</ele>
<time>2024-07-26T07:11:22Z</time>
<extensions>
<tp1:TrackPointExtension>
<tp1:hr>154</tp1:hr>
</tp1:TrackPointExtension>
</extensions>
</trkpt>
<trkpt lat="57.27963307" lon="16.45264453">
<ele>20.1</ele>
<time>2024-07-26T07:11:24Z</time>
<extensions>
<tp1:TrackPointExtension>
<tp1:hr>154</tp1:hr>
</tp1:TrackPointExtension>
</extensions>
</trkpt>
<trkpt lat="57.27962586" lon="16.45251545">
<ele>19.6</ele>
<time>2024-07-26T07:11:27Z</time>
<extensions>
<tp1:TrackPointExtension>
<tp1:hr>155</tp1:hr>
</tp1:TrackPointExtension>
</extensions>
</trkpt>
<trkpt lat="57.27961371" lon="16.45244504">
<ele>19.6</ele>
<time>2024-07-26T07:11:29Z</time>
<extensions>
<tp1:TrackPointExtension>
<tp1:hr>155</tp1:hr>
</tp1:TrackPointExtension>
</extensions>
</trkpt>
<trkpt lat="57.27955411" lon="16.45234362">
<ele>19.2</ele>
<time>2024-07-26T07:11:34Z</time>
<extensions>
<tp1:TrackPointExtension>
<tp1:hr>154</tp1:hr>
</tp1:TrackPointExtension>
</extensions>
</trkpt>
<trkpt lat="57.27953752" lon="16.45233013">
<ele>19.2</ele>
<time>2024-07-26T07:11:35Z</time>
<extensions>
<tp1:TrackPointExtension>
<tp1:hr>154</tp1:hr>
</tp1:TrackPointExtension>
</extensions>
</trkpt>
<trkpt lat="57.27950927" lon="16.45229383">
<ele>18.9</ele>
<time>2024-07-26T07:11:37Z</time>
<extensions>
<tp1:TrackPointExtension>
<tp1:hr>151</tp1:hr>
</tp1:TrackPointExtension>
</extensions>
</trkpt>
<trkpt lat="57.27948052" lon="16.45223265">
<ele>18.9</ele>
<time>2024-07-26T07:11:39Z</time>
<extensions>
<tp1:TrackPointExtension>
<tp1:hr>148</tp1:hr>
</tp1:TrackPointExtension>
</extensions>
</trkpt>
<trkpt lat="57.27943568" lon="16.45212846">
<ele>18.7</ele>
<time>2024-07-26T07:11:42Z</time>
<extensions>
<tp1:TrackPointExtension>
<tp1:hr>143</tp1:hr>
</tp1:TrackPointExtension>
</extensions>
</trkpt>
<trkpt lat="57.27940139" lon="16.45205948">
<ele>18.7</ele>
<time>2024-07-26T07:11:44Z</time>
<extensions>
<tp1:TrackPointExtension>
<tp1:hr>140</tp1:hr>
</tp1:TrackPointExtension>
</extensions>
</trkpt>
<trkpt lat="57.27943023" lon="16.45188463">
<ele>18.4</ele>
<time>2024-07-26T07:11:49Z</time>
<extensions>
<tp1:TrackPointExtension>
<tp1:hr>139</tp1:hr>
</tp1:TrackPointExtension>
</extensions>
</trkpt>
<trkpt lat="57.27946451" lon="16.45180232">
<ele>18.4</ele>
<time>2024-07-26T07:11:52Z</time>
<extensions>
<tp1:TrackPointExtension>
<tp1:hr>142</tp1:hr>
</tp1:TrackPointExtension>
</extensions>
</trkpt>
<trkpt lat="57.27947147" lon="16.45177382">
<ele>18.4</ele>
<time>2024-07-26T07:11:53Z</time>
<extensions>
<tp1:TrackPointExtension>
<tp1:hr>145</tp1:hr>
</tp1:TrackPointExtension>
</extensions>
</trkpt>
<trkpt lat="57.2794723" lon="16.45163292">
<ele>18.4</ele>
<time>2024-07-26T07:11:56Z</time>
<extensions>
<tp1:TrackPointExtension>
<tp1:hr>148</tp1:hr>
</tp1:TrackPointExtension>
</extensions>
</trkpt>
<trkpt lat="57.27946828" lon="16.45158489">
<ele>18.4</ele>
<time>2024-07-26T07:11:57Z</time>
<extensions>
<tp1:TrackPointExtension>
<tp1:hr>150</tp1:hr>
</tp1:TrackPointExtension>
</extensions>
</trkpt>
<trkpt lat="57.27946132" lon="16.45151893">
<ele>18.4</ele>
<time>2024-07-26T07:11:59Z</time>
<extensions>
<tp1:TrackPointExtension>
<tp1:hr>154</tp1:hr>
</tp1:TrackPointExtension>
</extensions>
</trkpt>
<trkpt lat="57.27945546" lon="16.45144843">
<ele>18.3</ele>
<time>2024-07-26T07:12:02Z</time>
<extensions>
<tp1:TrackPointExtension>
<tp1:hr>157</tp1:hr>
</tp1:TrackPointExtension>
</extensions>
</trkpt>
<trkpt lat="57.27942402" lon="16.45137635">
<ele>18.3</ele>
<time>2024-07-26T07:12:05Z</time>
<extensions>
<tp1:TrackPointExtension>
<tp1:hr>158</tp1:hr>
</tp1:TrackPointExtension>
</extensions>
</trkpt>
<trkpt lat="57.27941237" lon="16.45134031">
<ele>18.3</ele>
<time>2024-07-26T07:12:06Z</time>
<extensions>
<tp1:TrackPointExtension>
<tp1:hr>158</tp1:hr>
</tp1:TrackPointExtension>
</extensions>
</trkpt>
<trkpt lat="57.27938823" lon="16.45129345">
<ele>18.3</ele>
<time>2024-07-26T07:12:07Z</time>
<extensions>
<tp1:TrackPointExtension>
<tp1:hr>157</tp1:hr>
</tp1:TrackPointExtension>
</extensions>
</trkpt>
<trkpt lat="57.27936041" lon="16.45123545">
<ele>18.3</ele>
<time>2024-07-26T07:12:10Z</time>
<extensions>
<tp1:TrackPointExtension>
<tp1:hr>156</tp1:hr>
</tp1:TrackPointExtension>
</extensions>
</trkpt>
<trkpt lat="57.27936652" lon="16.45116454">
<ele>18.2</ele>
<time>2024-07-26T07:12:14Z</time>
<extensions>
<tp1:TrackPointExtension>
<tp1:hr>158</tp1:hr>
</tp1:TrackPointExtension>
</extensions>
</trkpt>
<trkpt lat="57.27934599" lon="16.4511352">
<ele>18.4</ele>
<time>2024-07-26T07:12:16Z</time>
<extensions>
<tp1:TrackPointExtension>
<tp1:hr>158</tp1:hr>
</tp1:TrackPointExtension>
</extensions>
</trkpt>
<trkpt lat="57.27932663" lon="16.45106304">
<ele>18.6</ele>
<time>2024-07-26T07:12:21Z</time>
<extensions>
<tp1:TrackPointExtension>
<tp1:hr>155</tp1:hr>
</tp1:TrackPointExtension>
</extensions>
</trkpt>
<trkpt lat="57.27932177" lon="16.45106748">
<ele>18.6</ele>
<time>2024-07-26T07:12:22Z</time>
<extensions>
<tp1:TrackPointExtension>
<tp1:hr>155</tp1:hr>
</tp1:TrackPointExtension>
</extensions>
</trkpt>
<trkpt lat="57.2792879" lon="16.45106697">
<ele>18.5</ele>
<time>2024-07-26T07:12:25Z</time>
<extensions>
<tp1:TrackPointExtension>
<tp1:hr>154</tp1:hr>
</tp1:TrackPointExtension>
</extensions>
</trkpt>
<trkpt lat="57.27927131" lon="16.45110872">
<ele>18.7</ele>
<time>2024-07-26T07:12:27Z</time>
<extensions>
<tp1:TrackPointExtension>
<tp1:hr>153</tp1:hr>
</tp1:TrackPointExtension>
</extensions>
</trkpt>
<trkpt lat="57.27927784" lon="16.45120746">
<ele>18.7</ele>
<time>2024-07-26T07:12:30Z</time>
<extensions>
<tp1:TrackPointExtension>
<tp1:hr>152</tp1:hr>
</tp1:TrackPointExtension>
</extensions>
</trkpt>
<trkpt lat="57.27925354" lon="16.45124425">
<ele>18.7</ele>
<time>2024-07-26T07:12:32Z</time>
<extensions>
<tp1:TrackPointExtension>
<tp1:hr>150</tp1:hr>
</tp1:TrackPointExtension>
</extensions>
</trkpt>
<trkpt lat="57.27923585" lon="16.45125171">
<ele>18.7</ele>
<time>2024-07-26T07:12:33Z</time>
<extensions>
<tp1:TrackPointExtension>
<tp1:hr>150</tp1:hr>
</tp1:TrackPointExtension>
</extensions>
</trkpt>
<trkpt lat="57.27920668" lon="16.45123872">
<ele>18.7</ele>
<time>2024-07-26T07:12:35Z</time>
<extensions>
<tp1:TrackPointExtension>
<tp1:hr>148</tp1:hr>
</tp1:TrackPointExtension>
</extensions>
</trkpt>
<trkpt lat="57.27919788" lon="16.45122631">
<ele>18.7</ele>
<time>2024-07-26T07:12:36Z</time>
<extensions>
<tp1:TrackPointExtension>
<tp1:hr>148</tp1:hr>
</tp1:TrackPointExtension>
</extensions>
</trkpt>
<trkpt lat="57.27918539" lon="16.45116689">
<ele>18.6</ele>
<time>2024-07-26T07:12:38Z</time>
<extensions>
<tp1:TrackPointExtension>
<tp1:hr>148</tp1:hr>
</tp1:TrackPointExtension>
</extensions>
</trkpt>
<trkpt lat="57.27918707" lon="16.45103772">
<ele>18.8</ele>
<time>2024-07-26T07:12:41Z</time>
<extensions>
<tp1:TrackPointExtension>
<tp1:hr>151</tp1:hr>
</tp1:TrackPointExtension>
</extensions>
</trkpt>
<trkpt lat="57.27918791" lon="16.4508964">
<ele>18.8</ele>
<time>2024-07-26T07:12:44Z</time>
<extensions>
<tp1:TrackPointExtension>
<tp1:hr>155</tp1:hr>
</tp1:TrackPointExtension>
</extensions>
</trkpt>
<trkpt lat="57.27918573" lon="16.45083019">
<ele>18.8</ele>
<time>2024-07-26T07:12:46Z</time>
<extensions>
<tp1:TrackPointExtension>
<tp1:hr>153</tp1:hr>
</tp1:TrackPointExtension>
</extensions>
</trkpt>
<trkpt lat="57.27909386" lon="16.45065341">
<ele>18.7</ele>
<time>2024-07-26T07:12:51Z</time>
<extensions>
<tp1:TrackPointExtension>
<tp1:hr>156</tp1:hr>
</tp1:TrackPointExtension>
</extensions>
</trkpt>
<trkpt lat="57.27906109" lon="16.45060505">
<ele>18.7</ele>
<time>2024-07-26T07:12:52Z</time>
<extensions>
<tp1:TrackPointExtension>
<tp1:hr>156</tp1:hr>
</tp1:TrackPointExtension>
</extensions>
</trkpt>
<trkpt lat="57.27894215" lon="16.45054939">
<ele>18.9</ele>
<time>2024-07-26T07:12:56Z</time>
<extensions>
<tp1:TrackPointExtension>
<tp1:hr>157</tp1:hr>
</tp1:TrackPointExtension>
</extensions>
</trkpt>
<trkpt lat="57.27876244" lon="16.45054042">
<ele>18.8</ele>
<time>2024-07-26T07:13:01Z</time>
<extensions>
<tp1:TrackPointExtension>
<tp1:hr>159</tp1:hr>
</tp1:TrackPointExtension>
</extensions>
</trkpt>
<trkpt lat="57.27861266" lon="16.45038326">
<ele>18.8</ele>
<time>2024-07-26T07:13:06Z</time>
<extensions>
<tp1:TrackPointExtension>
<tp1:hr>159</tp1:hr>
</tp1:TrackPointExtension>
</extensions>
</trkpt>
<trkpt lat="57.27843236" lon="16.45028184">
<ele>18.8</ele>
<time>2024-07-26T07:13:10Z</time>
<extensions>
<tp1:TrackPointExtension>
<tp1:hr>160</tp1:hr>
</tp1:TrackPointExtension>
</extensions>
</trkpt>
<trkpt lat="57.27838618" lon="16.45024798">
<ele>18.8</ele>
<time>2024-07-26T07:13:11Z</time>
<extensions>
<tp1:TrackPointExtension>
<tp1:hr>160</tp1:hr>
</tp1:TrackPointExtension>
</extensions>
</trkpt>
<trkpt lat="57.2783519" lon="16.45020733">
<ele>18.8</ele>
<time>2024-07-26T07:13:12Z</time>
<extensions>
<tp1:TrackPointExtension>
<tp1:hr>160</tp1:hr>
</tp1:TrackPointExtension>
</extensions>
</trkpt>
<trkpt lat="57.27826908" lon="16.4500215">
<ele>18.7</ele>
<time>2024-07-26T07:13:15Z</time>
<extensions>
<tp1:TrackPointExtension>
<tp1:hr>161</tp1:hr>
</tp1:TrackPointExtension>
</extensions>
</trkpt>
<trkpt lat="57.27810605" lon="16.44975713">
<ele>18.5</ele>
<time>2024-07-26T07:13:20Z</time>
<extensions>
<tp1:TrackPointExtension>
<tp1:hr>161</tp1:hr>
</tp1:TrackPointExtension>
</extensions>
</trkpt>
<trkpt lat="57.27808217" lon="16.44970257">
<ele>18.5</ele>
<time>2024-07-26T07:13:21Z</time>
<extensions>
<tp1:TrackPointExtension>
<tp1:hr>160</tp1:hr>
</tp1:TrackPointExtension>
</extensions>
</trkpt>
<trkpt lat="57.27807437" lon="16.4496304">
<ele>18.5</ele>
<time>2024-07-26T07:13:22Z</time>
<extensions>
<tp1:TrackPointExtension>
<tp1:hr>159</tp1:hr>
</tp1:TrackPointExtension>
</extensions>
</trkpt>
<trkpt lat="57.27810027" lon="16.44947835">
<ele>18.5</ele>
<time>2024-07-26T07:13:24Z</time>
<extensions>
<tp1:TrackPointExtension>
<tp1:hr>159</tp1:hr>
</tp1:TrackPointExtension>
</extensions>
</trkpt>
<trkpt lat="57.27822835" lon="16.44913863">
<ele>18.2</ele>
<time>2024-07-26T07:13:29Z</time>
<extensions>
<tp1:TrackPointExtension>
<tp1:hr>161</tp1:hr>
</tp1:TrackPointExtension>
</extensions>
</trkpt>
<trkpt lat="57.27829817" lon="16.44895381">
<ele>18.2</ele>
<time>2024-07-26T07:13:32Z</time>
<extensions>
<tp1:TrackPointExtension>
<tp1:hr>158</tp1:hr>
</tp1:TrackPointExtension>
</extensions>
</trkpt>
<trkpt lat="57.27835961" lon="16.44876472">
<ele>18.2</ele>
<time>2024-07-26T07:13:35Z</time>
<extensions>
<tp1:TrackPointExtension>
<tp1:hr>158</tp1:hr>
</tp1:TrackPointExtension>
</extensions>
</trkpt>
<trkpt lat="57.27844116" lon="16.44847202">
<ele>17.9</ele>
<time>2024-07-26T07:13:40Z</time>
<extensions>
<tp1:TrackPointExtension>
<tp1:hr>161</tp1:hr>
</tp1:TrackPointExtension>
</extensions>
</trkpt>
<trkpt lat="57.27848676" lon="16.44829533">
<ele>17.9</ele>
<time>2024-07-26T07:13:43Z</time>
<extensions>
<tp1:TrackPointExtension>
<tp1:hr>162</tp1:hr>
</tp1:TrackPointExtension>
</extensions>
</trkpt>
<trkpt lat="57.27857921" lon="16.44799551">
<ele>17.7</ele>
<time>2024-07-26T07:13:48Z</time>
<extensions>
<tp1:TrackPointExtension>
<tp1:hr>164</tp1:hr>
</tp1:TrackPointExtension>
</extensions>
</trkpt>
<trkpt lat="57.27860771" lon="16.44792301">
<ele>17.6</ele>
<time>2024-07-26T07:13:50Z</time>
<extensions>
<tp1:TrackPointExtension>
<tp1:hr>162</tp1:hr>
</tp1:TrackPointExtension>
</extensions>
</trkpt>
<trkpt lat="57.27865054" lon="16.44788479">
<ele>17.6</ele>
<time>2024-07-26T07:13:51Z</time>
<extensions>
<tp1:TrackPointExtension>
<tp1:hr>162</tp1:hr>
</tp1:TrackPointExtension>
</extensions>
</trkpt>
<trkpt lat="57.27861274" lon="16.44785193">
<ele>17.6</ele>
<time>2024-07-26T07:13:52Z</time>
<extensions>
<tp1:TrackPointExtension>
<tp1:hr>161</tp1:hr>
</tp1:TrackPointExtension>
</extensions>
</trkpt>
<trkpt lat="57.27858215" lon="16.44769812">
<ele>17.6</ele>
<time>2024-07-26T07:13:54Z</time>
<extensions>
<tp1:TrackPointExtension>
<tp1:hr>161</tp1:hr>
</tp1:TrackPointExtension>
</extensions>
</trkpt>
<trkpt lat="57.27863319" lon="16.44751523">
<ele>17.6</ele>
<time>2024-07-26T07:13:57Z</time>
<extensions>
<tp1:TrackPointExtension>
<tp1:hr>163</tp1:hr>
</tp1:TrackPointExtension>
</extensions>
</trkpt>
<trkpt lat="57.27872665" lon="16.44718607">
<ele>17.5</ele>
<time>2024-07-26T07:14:02Z</time>
<extensions>
<tp1:TrackPointExtension>
<tp1:hr>164</tp1:hr>
</tp1:TrackPointExtension>
</extensions>
</trkpt>
<trkpt lat="57.2787927" lon="16.44685842">
<ele>17.5</ele>
<time>2024-07-26T07:14:07Z</time>
<extensions>
<tp1:TrackPointExtension>
<tp1:hr>163</tp1:hr>
</tp1:TrackPointExtension>
</extensions>
</trkpt>
<trkpt lat="57.27884743" lon="16.44669095">
<ele>17.5</ele>
<time>2024-07-26T07:14:10Z</time>
<extensions>
<tp1:TrackPointExtension>
<tp1:hr>164</tp1:hr>
</tp1:TrackPointExtension>
</extensions>
</trkpt>
<trkpt lat="57.27895581" lon="16.44637696">
<ele>17.6</ele>
<time>2024-07-26T07:14:16Z</time>
<extensions>
<tp1:TrackPointExtension>
<tp1:hr>164</tp1:hr>
</tp1:TrackPointExtension>
</extensions>
</trkpt>
<trkpt lat="57.27897601" lon="16.44632449">
<ele>17.6</ele>
<time>2024-07-26T07:14:17Z</time>
<extensions>
<tp1:TrackPointExtension>
<tp1:hr>164</tp1:hr>
</tp1:TrackPointExtension>
</extensions>
</trkpt>
<trkpt lat="57.27906905" lon="16.44612551">
<ele>17.8</ele>
<time>2024-07-26T07:14:22Z</time>
<extensions>
<tp1:TrackPointExtension>
<tp1:hr>163</tp1:hr>
</tp1:TrackPointExtension>
</extensions>
</trkpt>
<trkpt lat="57.27906779" lon="16.44609919">
<ele>17.8</ele>
<time>2024-07-26T07:14:23Z</time>
<extensions>
<tp1:TrackPointExtension>
<tp1:hr>163</tp1:hr>
</tp1:TrackPointExtension>
</extensions>
</trkpt>
<trkpt lat="57.27906385" lon="16.44606977">
<ele>17.9</ele>
<time>2024-07-26T07:14:25Z</time>
<extensions>
<tp1:TrackPointExtension>
<tp1:hr>163</tp1:hr>
</tp1:TrackPointExtension>
</extensions>
</trkpt>
<trkpt lat="57.2790688" lon="16.44604429">
<ele>17.9</ele>
<time>2024-07-26T07:14:26Z</time>
<extensions>
<tp1:TrackPointExtension>
<tp1:hr>163</tp1:hr>
</tp1:TrackPointExtension>
</extensions>
</trkpt>
<trkpt lat="57.27910182" lon="16.44588696">
<ele>17.9</ele>
<time>2024-07-26T07:14:31Z</time>
<extensions>
<tp1:TrackPointExtension>
<tp1:hr>165</tp1:hr>
</tp1:TrackPointExtension>
</extensions>
</trkpt>
<trkpt lat="57.27911348" lon="16.44576366">
<ele>17.9</ele>
<time>2024-07-26T07:14:34Z</time>
<extensions>
<tp1:TrackPointExtension>
<tp1:hr>162</tp1:hr>
</tp1:TrackPointExtension>
</extensions>
</trkpt>
<trkpt lat="57.27912295" lon="16.445707">
<ele>17.8</ele>
<time>2024-07-26T07:14:36Z</time>
<extensions>
<tp1:TrackPointExtension>
<tp1:hr>161</tp1:hr>
</tp1:TrackPointExtension>
</extensions>
</trkpt>
<trkpt lat="57.27913845" lon="16.44554414">
<ele>17.8</ele>
<time>2024-07-26T07:14:42Z</time>
<extensions>
<tp1:TrackPointExtension>
<tp1:hr>162</tp1:hr>
</tp1:TrackPointExtension>
</extensions>
</trkpt>
<trkpt lat="57.27915036" lon="16.44543417">
<ele>17.8</ele>
<time>2024-07-26T07:14:47Z</time>
<extensions>
<tp1:TrackPointExtension>
<tp1:hr>161</tp1:hr>
</tp1:TrackPointExtension>
</extensions>
</trkpt>
<trkpt lat="57.27915807" lon="16.44541036">
<ele>17.7</ele>
<time>2024-07-26T07:14:48Z</time>
<extensions>
<tp1:TrackPointExtension>
<tp1:hr>160</tp1:hr>
</tp1:TrackPointExtension>
</extensions>
</trkpt>
<trkpt lat="57.27921381" lon="16.44531355">
<ele>17.7</ele>
<time>2024-07-26T07:14:52Z</time>
<extensions>
<tp1:TrackPointExtension>
<tp1:hr>157</tp1:hr>
</tp1:TrackPointExtension>
</extensions>
</trkpt>
<trkpt lat="57.27920978" lon="16.44509814">
<ele>17.9</ele>
<time>2024-07-26T07:14:58Z</time>
<extensions>
<tp1:TrackPointExtension>
<tp1:hr>159</tp1:hr>
</tp1:TrackPointExtension>
</extensions>
</trkpt>
<trkpt lat="57.27921003" lon="16.44502161">
<ele>17.8</ele>
<time>2024-07-26T07:15:01Z</time>
<extensions>
<tp1:TrackPointExtension>
<tp1:hr>160</tp1:hr>
</tp1:TrackPointExtension>
</extensions>
</trkpt>
<trkpt lat="57.27922806" lon="16.44493762">
<ele>17.8</ele>
<time>2024-07-26T07:15:03Z</time>
<extensions>
<tp1:TrackPointExtension>
<tp1:hr>159</tp1:hr>
</tp1:TrackPointExtension>
</extensions>
</trkpt>
<trkpt lat="57.27926888" lon="16.4448352">
<ele>17.8</ele>
<time>2024-07-26T07:15:06Z</time>
<extensions>
<tp1:TrackPointExtension>
<tp1:hr>159</tp1:hr>
</tp1:TrackPointExtension>
</extensions>
</trkpt>
<trkpt lat="57.27928413" lon="16.44475859">
<ele>18.0</ele>
<time>2024-07-26T07:15:08Z</time>
<extensions>
<tp1:TrackPointExtension>
<tp1:hr>158</tp1:hr>
</tp1:TrackPointExtension>
</extensions>
</trkpt>
<trkpt lat="57.27929218" lon="16.44468969">
<ele>18.0</ele>
<time>2024-07-26T07:15:10Z</time>
<extensions>
<tp1:TrackPointExtension>
<tp1:hr>157</tp1:hr>
</tp1:TrackPointExtension>
</extensions>
</trkpt>
<trkpt lat="57.27929167" lon="16.44464199">
<ele>17.9</ele>
<time>2024-07-26T07:15:12Z</time>
<extensions>
<tp1:TrackPointExtension>
<tp1:hr>157</tp1:hr>
</tp1:TrackPointExtension>
</extensions>
</trkpt>
<trkpt lat="57.27929117" lon="16.4446">
<ele>17.9</ele>
<time>2024-07-26T07:15:13Z</time>
<extensions>
<tp1:TrackPointExtension>
<tp1:hr>157</tp1:hr>
</tp1:TrackPointExtension>
</extensions>
</trkpt>
<trkpt lat="57.27929913" lon="16.44445307">
<ele>18.1</ele>
<time>2024-07-26T07:15:18Z</time>
<extensions>
<tp1:TrackPointExtension>
<tp1:hr>158</tp1:hr>
</tp1:TrackPointExtension>
</extensions>
</trkpt>
<trkpt lat="57.27932059" lon="16.44441082">
<ele>18.1</ele>
<time>2024-07-26T07:15:21Z</time>
<extensions>
<tp1:TrackPointExtension>
<tp1:hr>159</tp1:hr>
</tp1:TrackPointExtension>
</extensions>
</trkpt>
<trkpt lat="57.27936577" lon="16.44434326">
<ele>18.2</ele>
<time>2024-07-26T07:15:24Z</time>
<extensions>
<tp1:TrackPointExtension>
<tp1:hr>159</tp1:hr>
</tp1:TrackPointExtension>
</extensions>
</trkpt>
<trkpt lat="57.27939804" lon="16.44431376">
<ele>18.2</ele>
<time>2024-07-26T07:15:27Z</time>
<extensions>
<tp1:TrackPointExtension>
<tp1:hr>158</tp1:hr>
</tp1:TrackPointExtension>
</extensions>
</trkpt>
<trkpt lat="57.27942419" lon="16.44423162">
<ele>18.4</ele>
<time>2024-07-26T07:15:29Z</time>
<extensions>
<tp1:TrackPointExtension>
<tp1:hr>156</tp1:hr>
</tp1:TrackPointExtension>
</extensions>
</trkpt>
<trkpt lat="57.27950315" lon="16.44407638">
<ele>18.6</ele>
<time>2024-07-26T07:15:34Z</time>
<extensions>
<tp1:TrackPointExtension>
<tp1:hr>155</tp1:hr>
</tp1:TrackPointExtension>
</extensions>
</trkpt>
<trkpt lat="57.27949586" lon="16.44403875">
<ele>18.5</ele>
<time>2024-07-26T07:15:36Z</time>
<extensions>
<tp1:TrackPointExtension>
<tp1:hr>155</tp1:hr>
</tp1:TrackPointExtension>
</extensions>
</trkpt>
<trkpt lat="57.27947809" lon="16.44397144">
<ele>18.5</ele>
<time>2024-07-26T07:15:39Z</time>
<extensions>
<tp1:TrackPointExtension>
<tp1:hr>156</tp1:hr>
</tp1:TrackPointExtension>
</extensions>
</trkpt>
<trkpt lat="57.27947256" lon="16.44396457">
<ele>18.7</ele>
<time>2024-07-26T07:15:40Z</time>
<extensions>
<tp1:TrackPointExtension>
<tp1:hr>157</tp1:hr>
</tp1:TrackPointExtension>
</extensions>
</trkpt>
<trkpt lat="57.27942386" lon="16.44393473">
<ele>18.7</ele>
<time>2024-07-26T07:15:44Z</time>
<extensions>
<tp1:TrackPointExtension>
<tp1:hr>158</tp1:hr>
</tp1:TrackPointExtension>
</extensions>
</trkpt>
<trkpt lat="57.27939469" lon="16.44388209">
<ele>18.7</ele>
<time>2024-07-26T07:15:46Z</time>
<extensions>
<tp1:TrackPointExtension>
<tp1:hr>158</tp1:hr>
</tp1:TrackPointExtension>
</extensions>
</trkpt>
<trkpt lat="57.2793946" lon="16.44369568">
<ele>18.8</ele>
<time>2024-07-26T07:15:51Z</time>
<extensions>
<tp1:TrackPointExtension>
<tp1:hr>156</tp1:hr>
</tp1:TrackPointExtension>
</extensions>
</trkpt>
<trkpt lat="57.27943341" lon="16.44355746">
<ele>18.8</ele>
<time>2024-07-26T07:15:55Z</time>
<extensions>
<tp1:TrackPointExtension>
<tp1:hr>159</tp1:hr>
</tp1:TrackPointExtension>
</extensions>
</trkpt>
<trkpt lat="57.27944498" lon="16.44351463">
<ele>18.8</ele>
<time>2024-07-26T07:15:56Z</time>
<extensions>
<tp1:TrackPointExtension>
<tp1:hr>159</tp1:hr>
</tp1:TrackPointExtension>
</extensions>
</trkpt>
<trkpt lat="57.27946711" lon="16.44323098">
<ele>18.7</ele>
<time>2024-07-26T07:16:01Z</time>
<extensions>
<tp1:TrackPointExtension>
<tp1:hr>162</tp1:hr>
</tp1:TrackPointExtension>
</extensions>
</trkpt>
<trkpt lat="57.27948027" lon="16.44294273">
<ele>18.7</ele>
<time>2024-07-26T07:16:06Z</time>
<extensions>
<tp1:TrackPointExtension>
<tp1:hr>164</tp1:hr>
</tp1:TrackPointExtension>
</extensions>
</trkpt>
<trkpt lat="57.27948815" lon="16.44265724">
<ele>18.7</ele>
<time>2024-07-26T07:16:11Z</time>
<extensions>
<tp1:TrackPointExtension>
<tp1:hr>165</tp1:hr>
</tp1:TrackPointExtension>
</extensions>
</trkpt>
<trkpt lat="57.27944079" lon="16.44232582">
<ele>18.6</ele>
<time>2024-07-26T07:16:16Z</time>
<extensions>
<tp1:TrackPointExtension>
<tp1:hr>166</tp1:hr>
</tp1:TrackPointExtension>
</extensions>
</trkpt>
<trkpt lat="57.27952972" lon="16.44205509">
<ele>18.6</ele>
<time>2024-07-26T07:16:21Z</time>
<extensions>
<tp1:TrackPointExtension>
<tp1:hr>164</tp1:hr>
</tp1:TrackPointExtension>
</extensions>
</trkpt>
<trkpt lat="57.2795438" lon="16.44186968">
<ele>18.7</ele>
<time>2024-07-26T07:16:24Z</time>
<extensions>
<tp1:TrackPointExtension>
<tp1:hr>167</tp1:hr>
</tp1:TrackPointExtension>
</extensions>
</trkpt>
<trkpt lat="57.27954389" lon="16.44177354">
<ele>18.7</ele>
<time>2024-07-26T07:16:26Z</time>
<extensions>
<tp1:TrackPointExtension>
<tp1:hr>167</tp1:hr>
</tp1:TrackPointExtension>
</extensions>
</trkpt>
<trkpt lat="57.27955763" lon="16.44155259">
<ele>18.7</ele>
<time>2024-07-26T07:16:30Z</time>
<extensions>
<tp1:TrackPointExtension>
<tp1:hr>166</tp1:hr>
</tp1:TrackPointExtension>
</extensions>
</trkpt>
<trkpt lat="57.27953031" lon="16.44143776">
<ele>18.7</ele>
<time>2024-07-26T07:16:32Z</time>
<extensions>
<tp1:TrackPointExtension>
<tp1:hr>163</tp1:hr>
</tp1:TrackPointExtension>
</extensions>
</trkpt>
<trkpt lat="57.27948756" lon="16.4412863">
<ele>18.9</ele>
<time>2024-07-26T07:16:35Z</time>
<extensions>
<tp1:TrackPointExtension>
<tp1:hr>162</tp1:hr>
</tp1:TrackPointExtension>
</extensions>
</trkpt>
<trkpt lat="57.27948102" lon="16.44123601">
<ele>18.8</ele>
<time>2024-07-26T07:16:36Z</time>
<extensions>
<tp1:TrackPointExtension>
<tp1:hr>161</tp1:hr>
</tp1:TrackPointExtension>
</extensions>
</trkpt>
<trkpt lat="57.27943148" lon="16.44103769">
<ele>18.8</ele>
<time>2024-07-26T07:16:40Z</time>
<extensions>
<tp1:TrackPointExtension>
<tp1:hr>162</tp1:hr>
</tp1:TrackPointExtension>
</extensions>
</trkpt>
<trkpt lat="57.27934666" lon="16.44080275">
<ele>19.0</ele>
<time>2024-07-26T07:16:45Z</time>
<extensions>
<tp1:TrackPointExtension>
<tp1:hr>163</tp1:hr>
</tp1:TrackPointExtension>
</extensions>
</trkpt>
<trkpt lat="57.27924876" lon="16.4406735">
<ele>18.9</ele>
<time>2024-07-26T07:16:49Z</time>
<extensions>
<tp1:TrackPointExtension>
<tp1:hr>165</tp1:hr>
</tp1:TrackPointExtension>
</extensions>
</trkpt>
<trkpt lat="57.27909931" lon="16.44053444">
<ele>18.9</ele>
<time>2024-07-26T07:16:54Z</time>
<extensions>
<tp1:TrackPointExtension>
<tp1:hr>161</tp1:hr>
</tp1:TrackPointExtension>
</extensions>
</trkpt>
<trkpt lat="57.27907157" lon="16.44050578">
<ele>19.1</ele>
<time>2024-07-26T07:16:55Z</time>
<extensions>
<tp1:TrackPointExtension>
<tp1:hr>161</tp1:hr>
</tp1:TrackPointExtension>
</extensions>
</trkpt>
<trkpt lat="57.27904466" lon="16.44048088">
<ele>19.1</ele>
<time>2024-07-26T07:16:56Z</time>
<extensions>
<tp1:TrackPointExtension>
<tp1:hr>161</tp1:hr>
</tp1:TrackPointExtension>
</extensions>
</trkpt>
<trkpt lat="57.27901105" lon="16.44047409">
<ele>19.1</ele>
<time>2024-07-26T07:16:58Z</time>
<extensions>
<tp1:TrackPointExtension>
<tp1:hr>161</tp1:hr>
</tp1:TrackPointExtension>
</extensions>
</trkpt>
<trkpt lat="57.27898397" lon="16.44051114">
<ele>19.0</ele>
<time>2024-07-26T07:17:00Z</time>
<extensions>
<tp1:TrackPointExtension>
<tp1:hr>161</tp1:hr>
</tp1:TrackPointExtension>
</extensions>
</trkpt>
<trkpt lat="57.27894978" lon="16.4405103">
<ele>19.2</ele>
<time>2024-07-26T07:17:02Z</time>
<extensions>
<tp1:TrackPointExtension>
<tp1:hr>161</tp1:hr>
</tp1:TrackPointExtension>
</extensions>
</trkpt>
<trkpt lat="57.27890627" lon="16.44049438">
<ele>19.2</ele>
<time>2024-07-26T07:17:04Z</time>
<extensions>
<tp1:TrackPointExtension>
<tp1:hr>161</tp1:hr>
</tp1:TrackPointExtension>
</extensions>
</trkpt>
<trkpt lat="57.27880519" lon="16.44048784">
<ele>19.6</ele>
<time>2024-07-26T07:17:11Z</time>
<extensions>
<tp1:TrackPointExtension>
<tp1:hr>159</tp1:hr>
</tp1:TrackPointExtension>
</extensions>
</trkpt>
<trkpt lat="57.27874744" lon="16.4404725">
<ele>19.9</ele>
<time>2024-07-26T07:17:15Z</time>
<extensions>
<tp1:TrackPointExtension>
<tp1:hr>160</tp1:hr>
</tp1:TrackPointExtension>
</extensions>
</trkpt>
<trkpt lat="57.27873176" lon="16.44045146">
<ele>19.9</ele>
<time>2024-07-26T07:17:16Z</time>
<extensions>
<tp1:TrackPointExtension>
<tp1:hr>161</tp1:hr>
</tp1:TrackPointExtension>
</extensions>
</trkpt>
<trkpt lat="57.27871475" lon="16.44043487">
<ele>19.9</ele>
<time>2024-07-26T07:17:17Z</time>
<extensions>
<tp1:TrackPointExtension>
<tp1:hr>161</tp1:hr>
</tp1:TrackPointExtension>
</extensions>
</trkpt>
<trkpt lat="57.27867435" lon="16.44046353">
<ele>20.3</ele>
<time>2024-07-26T07:17:21Z</time>
<extensions>
<tp1:TrackPointExtension>
<tp1:hr>163</tp1:hr>
</tp1:TrackPointExtension>
</extensions>
</trkpt>
<trkpt lat="57.27865205" lon="16.44048105">
<ele>20.5</ele>
<time>2024-07-26T07:17:23Z</time>
<extensions>
<tp1:TrackPointExtension>
<tp1:hr>162</tp1:hr>
</tp1:TrackPointExtension>
</extensions>
</trkpt>
<trkpt lat="57.27863361" lon="16.44049798">
<ele>20.4</ele>
<time>2024-07-26T07:17:25Z</time>
<extensions>
<tp1:TrackPointExtension>
<tp1:hr>161</tp1:hr>
</tp1:TrackPointExtension>
</extensions>
</trkpt>
<trkpt lat="57.27861844" lon="16.44050335">
<ele>20.6</ele>
<time>2024-07-26T07:17:26Z</time>
<extensions>
<tp1:TrackPointExtension>
<tp1:hr>160</tp1:hr>
</tp1:TrackPointExtension>
</extensions>
</trkpt>
<trkpt lat="57.27859447" lon="16.44050041">
<ele>20.6</ele>
<time>2024-07-26T07:17:28Z</time>
<extensions>
<tp1:TrackPointExtension>
<tp1:hr>158</tp1:hr>
</tp1:TrackPointExtension>
</extensions>
</trkpt>
<trkpt lat="57.27859841" lon="16.44048315">
<ele>20.8</ele>
<time>2024-07-26T07:17:30Z</time>
<extensions>
<tp1:TrackPointExtension>
<tp1:hr>158</tp1:hr>
</tp1:TrackPointExtension>
</extensions>
</trkpt>
<trkpt lat="57.27856505" lon="16.4404549">
<ele>21.0</ele>
<time>2024-07-26T07:17:34Z</time>
<extensions>
<tp1:TrackPointExtension>
<tp1:hr>159</tp1:hr>
</tp1:TrackPointExtension>
</extensions>
</trkpt>
<trkpt lat="57.2785534" lon="16.44047921">
<ele>20.9</ele>
<time>2024-07-26T07:17:36Z</time>
<extensions>
<tp1:TrackPointExtension>
<tp1:hr>158</tp1:hr>
</tp1:TrackPointExtension>
</extensions>
</trkpt>
<trkpt lat="57.27853864" lon="16.44051651">
<ele>21.1</ele>
<time>2024-07-26T07:17:38Z</time>
<extensions>
<tp1:TrackPointExtension>
<tp1:hr>159</tp1:hr>
</tp1:TrackPointExtension>
</extensions>
</trkpt>
<trkpt lat="57.27851467" lon="16.44063838">
<ele>21.3</ele>
<time>2024-07-26T07:17:42Z</time>
<extensions>
<tp1:TrackPointExtension>
<tp1:hr>158</tp1:hr>
</tp1:TrackPointExtension>
</extensions>
</trkpt>
<trkpt lat="57.27846975" lon="16.44065967">
<ele>21.3</ele>
<time>2024-07-26T07:17:45Z</time>
<extensions>
<tp1:TrackPointExtension>
<tp1:hr>158</tp1:hr>
</tp1:TrackPointExtension>
</extensions>
</trkpt>
<trkpt lat="57.27844586" lon="16.44069638">
<ele>21.3</ele>
<time>2024-07-26T07:17:46Z</time>
<extensions>
<tp1:TrackPointExtension>
<tp1:hr>158</tp1:hr>
</tp1:TrackPointExtension>
</extensions>
</trkpt>
<trkpt lat="57.2783208" lon="16.44086972">
<ele>21.6</ele>
<time>2024-07-26T07:17:53Z</time>
<extensions>
<tp1:TrackPointExtension>
<tp1:hr>156</tp1:hr>
</tp1:TrackPointExtension>
</extensions>
</trkpt>
<trkpt lat="57.27829775" lon="16.44091859">
<ele>21.6</ele>
<time>2024-07-26T07:17:54Z</time>
<extensions>
<tp1:TrackPointExtension>
<tp1:hr>155</tp1:hr>
</tp1:TrackPointExtension>
</extensions>
</trkpt>
<trkpt lat="57.27819256" lon="16.44098229">
<ele>21.6</ele>
<time>2024-07-26T07:17:58Z</time>
<extensions>
<tp1:TrackPointExtension>
<tp1:hr>158</tp1:hr>
</tp1:TrackPointExtension>
</extensions>
</trkpt>
<trkpt lat="57.2781628" lon="16.44098405">
<ele>21.6</ele>
<time>2024-07-26T07:17:59Z</time>
<extensions>
<tp1:TrackPointExtension>
<tp1:hr>157</tp1:hr>
</tp1:TrackPointExtension>
</extensions>
</trkpt>
<trkpt lat="57.27801788" lon="16.44096049">
<ele>21.5</ele>
<time>2024-07-26T07:18:04Z</time>
<extensions>
<tp1:TrackPointExtension>
<tp1:hr>154</tp1:hr>
</tp1:TrackPointExtension>
</extensions>
</trkpt>
<trkpt lat="57.27795141" lon="16.44097759">
<ele>21.5</ele>
<time>2024-07-26T07:18:06Z</time>
<extensions>
<tp1:TrackPointExtension>
<tp1:hr>159</tp1:hr>
</tp1:TrackPointExtension>
</extensions>
</trkpt>
<trkpt lat="57.27787656" lon="16.44103467">
<ele>21.5</ele>
<time>2024-07-26T07:18:09Z</time>
<extensions>
<tp1:TrackPointExtension>
<tp1:hr>156</tp1:hr>
</tp1:TrackPointExtension>
</extensions>
</trkpt>
<trkpt lat="57.27771328" lon="16.44111103">
<ele>21.2</ele>
<time>2024-07-26T07:18:15Z</time>
<extensions>
<tp1:TrackPointExtension>
<tp1:hr>155</tp1:hr>
</tp1:TrackPointExtension>
</extensions>
</trkpt>
<trkpt lat="57.27763767" lon="16.44116577">
<ele>21.2</ele>
<time>2024-07-26T07:18:20Z</time>
<extensions>
<tp1:TrackPointExtension>
<tp1:hr>158</tp1:hr>
</tp1:TrackPointExtension>
</extensions>
</trkpt>
<trkpt lat="57.27756081" lon="16.44127968">
<ele>21.1</ele>
<time>2024-07-26T07:18:26Z</time>
<extensions>
<tp1:TrackPointExtension>
<tp1:hr>157</tp1:hr>
</tp1:TrackPointExtension>
</extensions>
</trkpt>
<trkpt lat="57.27753181" lon="16.44128772">
<ele>21.1</ele>
<time>2024-07-26T07:18:27Z</time>
<extensions>
<tp1:TrackPointExtension>
<tp1:hr>157</tp1:hr>
</tp1:TrackPointExtension>
</extensions>
</trkpt>
<trkpt lat="57.27746082" lon="16.44126291">
<ele>21.1</ele>
<time>2024-07-26T07:18:30Z</time>
<extensions>
<tp1:TrackPointExtension>
<tp1:hr>157</tp1:hr>
</tp1:TrackPointExtension>
</extensions>
</trkpt>
<trkpt lat="57.27743559" lon="16.44121313">
<ele>21.3</ele>
<time>2024-07-26T07:18:32Z</time>
<extensions>
<tp1:TrackPointExtension>
<tp1:hr>157</tp1:hr>
</tp1:TrackPointExtension>
</extensions>
</trkpt>
<trkpt lat="57.27739342" lon="16.44116376">
<ele>21.3</ele>
<time>2024-07-26T07:18:34Z</time>
<extensions>
<tp1:TrackPointExtension>
<tp1:hr>158</tp1:hr>
</tp1:TrackPointExtension>
</extensions>
</trkpt>
<trkpt lat="57.27734875" lon="16.44114029">
<ele>21.2</ele>
<time>2024-07-26T07:18:36Z</time>
<extensions>
<tp1:TrackPointExtension>
<tp1:hr>159</tp1:hr>
</tp1:TrackPointExtension>
</extensions>
</trkpt>
<trkpt lat="57.2772977" lon="16.44115814">
<ele>21.2</ele>
<time>2024-07-26T07:18:38Z</time>
<extensions>
<tp1:TrackPointExtension>
<tp1:hr>159</tp1:hr>
</tp1:TrackPointExtension>
</extensions>
</trkpt>
<trkpt lat="57.27726107" lon="16.44115839">
<ele>21.2</ele>
<time>2024-07-26T07:18:40Z</time>
<extensions>
<tp1:TrackPointExtension>
<tp1:hr>159</tp1:hr>
</tp1:TrackPointExtension>
</extensions>
</trkpt>
<trkpt lat="57.27723869" lon="16.44113878">
<ele>21.2</ele>
<time>2024-07-26T07:18:42Z</time>
<extensions>
<tp1:TrackPointExtension>
<tp1:hr>162</tp1:hr>
</tp1:TrackPointExtension>
</extensions>
</trkpt>
<trkpt lat="57.27718656" lon="16.44110953">
<ele>21.2</ele>
<time>2024-07-26T07:18:46Z</time>
<extensions>
<tp1:TrackPointExtension>
<tp1:hr>159</tp1:hr>
</tp1:TrackPointExtension>
</extensions>
</trkpt>
<trkpt lat="57.27717516" lon="16.44111346">
<ele>21.2</ele>
<time>2024-07-26T07:18:47Z</time>
<extensions>
<tp1:TrackPointExtension>
<tp1:hr>158</tp1:hr>
</tp1:TrackPointExtension>
</extensions>
</trkpt>
<trkpt lat="57.27714021" lon="16.44110936">
<ele>21.1</ele>
<time>2024-07-26T07:18:49Z</time>
<extensions>
<tp1:TrackPointExtension>
<tp1:hr>158</tp1:hr>
</tp1:TrackPointExtension>
</extensions>
</trkpt>
<trkpt lat="57.27709352" lon="16.44114087">
<ele>21.1</ele>
<time>2024-07-26T07:18:52Z</time>
<extensions>
<tp1:TrackPointExtension>
<tp1:hr>157</tp1:hr>
</tp1:TrackPointExtension>
</extensions>
</trkpt>
<trkpt lat="57.27707994" lon="16.44116267">
<ele>21.1</ele>
<time>2024-07-26T07:18:53Z</time>
<extensions>
<tp1:TrackPointExtension>
<tp1:hr>157</tp1:hr>
</tp1:TrackPointExtension>
</extensions>
</trkpt>
<trkpt lat="57.27703468" lon="16.44126266">
<ele>21.1</ele>
<time>2024-07-26T07:18:58Z</time>
<extensions>
<tp1:TrackPointExtension>
<tp1:hr>157</tp1:hr>
</tp1:TrackPointExtension>
</extensions>
</trkpt>
<trkpt lat="57.27703158" lon="16.44130943">
<ele>21.0</ele>
<time>2024-07-26T07:19:00Z</time>
<extensions>
<tp1:TrackPointExtension>
<tp1:hr>157</tp1:hr>
</tp1:TrackPointExtension>
</extensions>
</trkpt>
<trkpt lat="57.27699948" lon="16.44144421">
<ele>21.0</ele>
<time>2024-07-26T07:19:04Z</time>
<extensions>
<tp1:TrackPointExtension>
<tp1:hr>156</tp1:hr>
</tp1:TrackPointExtension>
</extensions>
</trkpt>
<trkpt lat="57.27696151" lon="16.44149291">
<ele>21.0</ele>
<time>2024-07-26T07:19:06Z</time>
<extensions>
<tp1:TrackPointExtension>
<tp1:hr>155</tp1:hr>
</tp1:TrackPointExtension>
</extensions>
</trkpt>
<trkpt lat="57.27691088" lon="16.44156332">
<ele>21.0</ele>
<time>2024-07-26T07:19:10Z</time>
<extensions>
<tp1:TrackPointExtension>
<tp1:hr>155</tp1:hr>
</tp1:TrackPointExtension>
</extensions>
</trkpt>
<trkpt lat="57.2768367" lon="16.44164949">
<ele>20.7</ele>
<time>2024-07-26T07:19:15Z</time>
<extensions>
<tp1:TrackPointExtension>
<tp1:hr>156</tp1:hr>
</tp1:TrackPointExtension>
</extensions>
</trkpt>
<trkpt lat="57.27682136" lon="16.44168972">
<ele>20.7</ele>
<time>2024-07-26T07:19:17Z</time>
<extensions>
<tp1:TrackPointExtension>
<tp1:hr>156</tp1:hr>
</tp1:TrackPointExtension>
</extensions>
</trkpt>
<trkpt lat="57.2768201" lon="16.44172518">
<ele>20.7</ele>
<time>2024-07-26T07:19:18Z</time>
<extensions>
<tp1:TrackPointExtension>
<tp1:hr>156</tp1:hr>
</tp1:TrackPointExtension>
</extensions>
</trkpt>
<trkpt lat="57.27679454" lon="16.4418696">
<ele>20.7</ele>
<time>2024-07-26T07:19:22Z</time>
<extensions>
<tp1:TrackPointExtension>
<tp1:hr>155</tp1:hr>
</tp1:TrackPointExtension>
</extensions>
</trkpt>
<trkpt lat="57.27682396" lon="16.44202265">
<ele>20.4</ele>
<time>2024-07-26T07:19:29Z</time>
<extensions>
<tp1:TrackPointExtension>
<tp1:hr>153</tp1:hr>
</tp1:TrackPointExtension>
</extensions>
</trkpt>
<trkpt lat="57.27687073" lon="16.44214452">
<ele>20.4</ele>
<time>2024-07-26T07:19:33Z</time>
<extensions>
<tp1:TrackPointExtension>
<tp1:hr>152</tp1:hr>
</tp1:TrackPointExtension>
</extensions>
</trkpt>
<trkpt lat="57.27688934" lon="16.44217369">
<ele>20.3</ele>
<time>2024-07-26T07:19:35Z</time>
<extensions>
<tp1:TrackPointExtension>
<tp1:hr>151</tp1:hr>
</tp1:TrackPointExtension>
</extensions>
</trkpt>
<trkpt lat="57.27689923" lon="16.44219909">
<ele>20.3</ele>
<time>2024-07-26T07:19:36Z</time>
<extensions>
<tp1:TrackPointExtension>
<tp1:hr>151</tp1:hr>
</tp1:TrackPointExtension>
</extensions>
</trkpt>
<trkpt lat="57.27692815" lon="16.44224041">
<ele>20.3</ele>
<time>2024-07-26T07:19:39Z</time>
<extensions>
<tp1:TrackPointExtension>
<tp1:hr>152</tp1:hr>
</tp1:TrackPointExtension>
</extensions>
</trkpt>
<trkpt lat="57.27694047" lon="16.44226363">
<ele>20.3</ele>
<time>2024-07-26T07:19:41Z</time>
<extensions>
<tp1:TrackPointExtension>
<tp1:hr>152</tp1:hr>
</tp1:TrackPointExtension>
</extensions>
</trkpt>
<trkpt lat="57.27694105" lon="16.44225483">
<ele>20.3</ele>
<time>2024-07-26T07:19:43Z</time>
<extensions>
<tp1:TrackPointExtension>
<tp1:hr>153</tp1:hr>
</tp1:TrackPointExtension>
</extensions>
</trkpt>
<trkpt lat="57.27692823" lon="16.44219817">
<ele>20.3</ele>
<time>2024-07-26T07:19:46Z</time>
<extensions>
<tp1:TrackPointExtension>
<tp1:hr>153</tp1:hr>
</tp1:TrackPointExtension>
</extensions>
</trkpt>
<trkpt lat="57.27689839" lon="16.44213497">
<ele>20.2</ele>
<time>2024-07-26T07:19:50Z</time>
<extensions>
<tp1:TrackPointExtension>
<tp1:hr>153</tp1:hr>
</tp1:TrackPointExtension>
</extensions>
</trkpt>
<trkpt lat="57.27688582" lon="16.44212005">
<ele>20.2</ele>
<time>2024-07-26T07:19:51Z</time>
<extensions>
<tp1:TrackPointExtension>
<tp1:hr>153</tp1:hr>
</tp1:TrackPointExtension>
</extensions>
</trkpt>
<trkpt lat="57.27678984" lon="16.44206431">
<ele>20.2</ele>
<time>2024-07-26T07:19:56Z</time>
<extensions>
<tp1:TrackPointExtension>
<tp1:hr>155</tp1:hr>
</tp1:TrackPointExtension>
</extensions>
</trkpt>
<trkpt lat="57.27676084" lon="16.44195685">
<ele>20.1</ele>
<time>2024-07-26T07:19:59Z</time>
<extensions>
<tp1:TrackPointExtension>
<tp1:hr>158</tp1:hr>
</tp1:TrackPointExtension>
</extensions>
</trkpt>
<trkpt lat="57.27674031" lon="16.44183288">
<ele>19.9</ele>
<time>2024-07-26T07:20:01Z</time>
<extensions>
<tp1:TrackPointExtension>
<tp1:hr>160</tp1:hr>
</tp1:TrackPointExtension>
</extensions>
</trkpt>
<trkpt lat="57.27672279" lon="16.44176281">
<ele>19.9</ele>
<time>2024-07-26T07:20:04Z</time>
<extensions>
<tp1:TrackPointExtension>
<tp1:hr>162</tp1:hr>
</tp1:TrackPointExtension>
</extensions>
</trkpt>
<trkpt lat="57.27668071" lon="16.44166432">
<ele>19.7</ele>
<time>2024-07-26T07:20:07Z</time>
<extensions>
<tp1:TrackPointExtension>
<tp1:hr>162</tp1:hr>
</tp1:TrackPointExtension>
</extensions>
</trkpt>
<trkpt lat="57.27661776" lon="16.44155745">
<ele>19.4</ele>
<time>2024-07-26T07:20:12Z</time>
<extensions>
<tp1:TrackPointExtension>
<tp1:hr>160</tp1:hr>
</tp1:TrackPointExtension>
</extensions>
</trkpt>
<trkpt lat="57.27661617" lon="16.44154245">
<ele>19.4</ele>
<time>2024-07-26T07:20:13Z</time>
<extensions>
<tp1:TrackPointExtension>
<tp1:hr>158</tp1:hr>
</tp1:TrackPointExtension>
</extensions>
</trkpt>
<trkpt lat="57.27659103" lon="16.44146693">
<ele>19.2</ele>
<time>2024-07-26T07:20:16Z</time>
<extensions>
<tp1:TrackPointExtension>
<tp1:hr>155</tp1:hr>
</tp1:TrackPointExtension>
</extensions>
</trkpt>
<trkpt lat="57.27655591" lon="16.44135545">
<ele>19.2</ele>
<time>2024-07-26T07:20:19Z</time>
<extensions>
<tp1:TrackPointExtension>
<tp1:hr>153</tp1:hr>
</tp1:TrackPointExtension>
</extensions>
</trkpt>
<trkpt lat="57.276544" lon="16.44134883">
<ele>19.2</ele>
<time>2024-07-26T07:20:20Z</time>
<extensions>
<tp1:TrackPointExtension>
<tp1:hr>153</tp1:hr>
</tp1:TrackPointExtension>
</extensions>
</trkpt>
<trkpt lat="57.27648516" lon="16.44129979">
<ele>18.7</ele>
<time>2024-07-26T07:20:26Z</time>
<extensions>
<tp1:TrackPointExtension>
<tp1:hr>151</tp1:hr>
</tp1:TrackPointExtension>
</extensions>
</trkpt>
<trkpt lat="57.27647938" lon="16.44130122">
<ele>18.7</ele>
<time>2024-07-26T07:20:27Z</time>
<extensions>
<tp1:TrackPointExtension>
<tp1:hr>151</tp1:hr>
</tp1:TrackPointExtension>
</extensions>
</trkpt>
<trkpt lat="57.276442" lon="16.44127901">
<ele>18.7</ele>
<time>2024-07-26T07:20:30Z</time>
<extensions>
<tp1:TrackPointExtension>
<tp1:hr>152</tp1:hr>
</tp1:TrackPointExtension>
</extensions>
</trkpt>
<trkpt lat="57.27641257" lon="16.44127507">
<ele>18.7</ele>
<time>2024-07-26T07:20:32Z</time>
<extensions>
<tp1:TrackPointExtension>
<tp1:hr>152</tp1:hr>
</tp1:TrackPointExtension>
</extensions>
</trkpt>
<trkpt lat="57.27640302" lon="16.44120717">
<ele>18.6</ele>
<time>2024-07-26T07:20:35Z</time>
<extensions>
<tp1:TrackPointExtension>
<tp1:hr>152</tp1:hr>
</tp1:TrackPointExtension>
</extensions>
</trkpt>
<trkpt lat="57.27639036" lon="16.44117733">
<ele>18.6</ele>
<time>2024-07-26T07:20:37Z</time>
<extensions>
<tp1:TrackPointExtension>
<tp1:hr>152</tp1:hr>
</tp1:TrackPointExtension>
</extensions>
</trkpt>
<trkpt lat="57.27638491" lon="16.44101473">
<ele>18.6</ele>
<time>2024-07-26T07:20:42Z</time>
<extensions>
<tp1:TrackPointExtension>
<tp1:hr>155</tp1:hr>
</tp1:TrackPointExtension>
</extensions>
</trkpt>
<trkpt lat="57.27636756" lon="16.44099268">
<ele>18.6</ele>
<time>2024-07-26T07:20:43Z</time>
<extensions>
<tp1:TrackPointExtension>
<tp1:hr>155</tp1:hr>
</tp1:TrackPointExtension>
</extensions>
</trkpt>
<trkpt lat="57.27630361" lon="16.44094834">
<ele>18.8</ele>
<time>2024-07-26T07:20:46Z</time>
<extensions>
<tp1:TrackPointExtension>
<tp1:hr>155</tp1:hr>
</tp1:TrackPointExtension>
</extensions>
</trkpt>
<trkpt lat="57.27629062" lon="16.44091171">
<ele>18.7</ele>
<time>2024-07-26T07:20:47Z</time>
<extensions>
<tp1:TrackPointExtension>
<tp1:hr>156</tp1:hr>
</tp1:TrackPointExtension>
</extensions>
</trkpt>
<trkpt lat="57.27629204" lon="16.44080753">
<ele>18.7</ele>
<time>2024-07-26T07:20:49Z</time>
<extensions>
<tp1:TrackPointExtension>
<tp1:hr>157</tp1:hr>
</tp1:TrackPointExtension>
</extensions>
</trkpt>
<trkpt lat="57.27629255" lon="16.44063025">
<ele>18.9</ele>
<time>2024-07-26T07:20:52Z</time>
<extensions>
<tp1:TrackPointExtension>
<tp1:hr>160</tp1:hr>
</tp1:TrackPointExtension>
</extensions>
</trkpt>
<trkpt lat="57.27628534" lon="16.44052329">
<ele>18.9</ele>
<time>2024-07-26T07:20:54Z</time>
<extensions>
<tp1:TrackPointExtension>
<tp1:hr>160</tp1:hr>
</tp1:TrackPointExtension>
</extensions>
</trkpt>
<trkpt lat="57.27626715" lon="16.44047485">
<ele>18.9</ele>
<time>2024-07-26T07:20:55Z</time>
<extensions>
<tp1:TrackPointExtension>
<tp1:hr>160</tp1:hr>
</tp1:TrackPointExtension>
</extensions>
</trkpt>
<trkpt lat="57.27621669" lon="16.44032992">
<ele>19.1</ele>
<time>2024-07-26T07:20:58Z</time>
<extensions>
<tp1:TrackPointExtension>
<tp1:hr>163</tp1:hr>
</tp1:TrackPointExtension>
</extensions>
</trkpt>
<trkpt lat="57.27618668" lon="16.44024099">
<ele>19.2</ele>
<time>2024-07-26T07:21:00Z</time>
<extensions>
<tp1:TrackPointExtension>
<tp1:hr>161</tp1:hr>
</tp1:TrackPointExtension>
</extensions>
</trkpt>
<trkpt lat="57.2760602" lon="16.43995986">
<ele>19.4</ele>
<time>2024-07-26T07:21:06Z</time>
<extensions>
<tp1:TrackPointExtension>
<tp1:hr>160</tp1:hr>
</tp1:TrackPointExtension>
</extensions>
</trkpt>
<trkpt lat="57.27595341" lon="16.43988711">
<ele>19.6</ele>
<time>2024-07-26T07:21:10Z</time>
<extensions>
<tp1:TrackPointExtension>
<tp1:hr>163</tp1:hr>
</tp1:TrackPointExtension>
</extensions>
</trkpt>
<trkpt lat="57.27586079" lon="16.43980882">
<ele>19.5</ele>
<time>2024-07-26T07:21:14Z</time>
<extensions>
<tp1:TrackPointExtension>
<tp1:hr>166</tp1:hr>
</tp1:TrackPointExtension>
</extensions>
</trkpt>
<trkpt lat="57.27585183" lon="16.4397903">
<ele>19.5</ele>
<time>2024-07-26T07:21:15Z</time>
<extensions>
<tp1:TrackPointExtension>
<tp1:hr>165</tp1:hr>
</tp1:TrackPointExtension>
</extensions>
</trkpt>
<trkpt lat="57.27580589" lon="16.43972266">
<ele>19.7</ele>
<time>2024-07-26T07:21:21Z</time>
<extensions>
<tp1:TrackPointExtension>
<tp1:hr>162</tp1:hr>
</tp1:TrackPointExtension>
</extensions>
</trkpt>
<trkpt lat="57.27579542" lon="16.43971788">
<ele>19.7</ele>
<time>2024-07-26T07:21:22Z</time>
<extensions>
<tp1:TrackPointExtension>
<tp1:hr>161</tp1:hr>
</tp1:TrackPointExtension>
</extensions>
</trkpt>
<trkpt lat="57.27577236" lon="16.43970924">
<ele>19.6</ele>
<time>2024-07-26T07:21:25Z</time>
<extensions>
<tp1:TrackPointExtension>
<tp1:hr>158</tp1:hr>
</tp1:TrackPointExtension>
</extensions>
</trkpt>
<trkpt lat="57.27570975" lon="16.43967798">
<ele>19.6</ele>
<time>2024-07-26T07:21:29Z</time>
<extensions>
<tp1:TrackPointExtension>
<tp1:hr>157</tp1:hr>
</tp1:TrackPointExtension>
</extensions>
</trkpt>
<trkpt lat="57.27562853" lon="16.43977487">
<ele>19.5</ele>
<time>2024-07-26T07:21:35Z</time>
<extensions>
<tp1:TrackPointExtension>
<tp1:hr>156</tp1:hr>
</tp1:TrackPointExtension>
</extensions>
</trkpt>
<trkpt lat="57.27552753" lon="16.43983791">
<ele>19.5</ele>
<time>2024-07-26T07:21:40Z</time>
<extensions>
<tp1:TrackPointExtension>
<tp1:hr>155</tp1:hr>
</tp1:TrackPointExtension>
</extensions>
</trkpt>
<trkpt lat="57.27551688" lon="16.4398545">
<ele>19.5</ele>
<time>2024-07-26T07:21:41Z</time>
<extensions>
<tp1:TrackPointExtension>
<tp1:hr>155</tp1:hr>
</tp1:TrackPointExtension>
</extensions>
</trkpt>
<trkpt lat="57.27549459" lon="16.43983992">
<ele>19.5</ele>
<time>2024-07-26T07:21:42Z</time>
<extensions>
<tp1:TrackPointExtension>
<tp1:hr>155</tp1:hr>
</tp1:TrackPointExtension>
</extensions>
</trkpt>
<trkpt lat="57.27545335" lon="16.43976004">
<ele>19.5</ele>
<time>2024-07-26T07:21:45Z</time>
<extensions>
<tp1:TrackPointExtension>
<tp1:hr>156</tp1:hr>
</tp1:TrackPointExtension>
</extensions>
</trkpt>
<trkpt lat="57.27537783" lon="16.43961294">
<ele>19.6</ele>
<time>2024-07-26T07:21:49Z</time>
<extensions>
<tp1:TrackPointExtension>
<tp1:hr>156</tp1:hr>
</tp1:TrackPointExtension>
</extensions>
</trkpt>
<trkpt lat="57.27536878" lon="16.43956365">
<ele>19.6</ele>
<time>2024-07-26T07:21:50Z</time>
<extensions>
<tp1:TrackPointExtension>
<tp1:hr>156</tp1:hr>
</tp1:TrackPointExtension>
</extensions>
</trkpt>
<trkpt lat="57.27536283" lon="16.43951663">
<ele>19.6</ele>
<time>2024-07-26T07:21:51Z</time>
<extensions>
<tp1:TrackPointExtension>
<tp1:hr>156</tp1:hr>
</tp1:TrackPointExtension>
</extensions>
</trkpt>
<trkpt lat="57.27535059" lon="16.43942979">
<ele>19.6</ele>
<time>2024-07-26T07:21:53Z</time>
<extensions>
<tp1:TrackPointExtension>
<tp1:hr>158</tp1:hr>
</tp1:TrackPointExtension>
</extensions>
</trkpt>
<trkpt lat="57.27531228" lon="16.43936098">
<ele>19.6</ele>
<time>2024-07-26T07:21:55Z</time>
<extensions>
<tp1:TrackPointExtension>
<tp1:hr>161</tp1:hr>
</tp1:TrackPointExtension>
</extensions>
</trkpt>
<trkpt lat="57.27521748" lon="16.43931806">
<ele>19.6</ele>
<time>2024-07-26T07:21:58Z</time>
<extensions>
<tp1:TrackPointExtension>
<tp1:hr>162</tp1:hr>
</tp1:TrackPointExtension>
</extensions>
</trkpt>
<trkpt lat="57.27513249" lon="16.43917766">
<ele>19.7</ele>
<time>2024-07-26T07:22:02Z</time>
<extensions>
<tp1:TrackPointExtension>
<tp1:hr>161</tp1:hr>
</tp1:TrackPointExtension>
</extensions>
</trkpt>
<trkpt lat="57.27502135" lon="16.43901489">
<ele>19.7</ele>
<time>2024-07-26T07:22:07Z</time>
<extensions>
<tp1:TrackPointExtension>
<tp1:hr>163</tp1:hr>
</tp1:TrackPointExtension>
</extensions>
</trkpt>
<trkpt lat="57.2749755" lon="16.43895269">
<ele>19.7</ele>
<time>2024-07-26T07:22:09Z</time>
<extensions>
<tp1:TrackPointExtension>
<tp1:hr>165</tp1:hr>
</tp1:TrackPointExtension>
</extensions>
</trkpt>
<trkpt lat="57.27492169" lon="16.43881481">
<ele>19.8</ele>
<time>2024-07-26T07:22:12Z</time>
<extensions>
<tp1:TrackPointExtension>
<tp1:hr>167</tp1:hr>
</tp1:TrackPointExtension>
</extensions>
</trkpt>
<trkpt lat="57.27485807" lon="16.43867324">
<ele>20.0</ele>
<time>2024-07-26T07:22:16Z</time>
<extensions>
<tp1:TrackPointExtension>
<tp1:hr>163</tp1:hr>
</tp1:TrackPointExtension>
</extensions>
</trkpt>
<trkpt lat="57.27484927" lon="16.43863535">
<ele>20.0</ele>
<time>2024-07-26T07:22:17Z</time>
<extensions>
<tp1:TrackPointExtension>
<tp1:hr>163</tp1:hr>
</tp1:TrackPointExtension>
</extensions>
</trkpt>
<trkpt lat="57.27482043" lon="16.43848264">
<ele>20.0</ele>
<time>2024-07-26T07:22:20Z</time>
<extensions>
<tp1:TrackPointExtension>
<tp1:hr>166</tp1:hr>
</tp1:TrackPointExtension>
</extensions>
</trkpt>
<trkpt lat="57.27480442" lon="16.43831357">
<ele>20.1</ele>
<time>2024-07-26T07:22:23Z</time>
<extensions>
<tp1:TrackPointExtension>
<tp1:hr>164</tp1:hr>
</tp1:TrackPointExtension>
</extensions>
</trkpt>
<trkpt lat="57.27482219" lon="16.43809263">
<ele>20.3</ele>
<time>2024-07-26T07:22:27Z</time>
<extensions>
<tp1:TrackPointExtension>
<tp1:hr>162</tp1:hr>
</tp1:TrackPointExtension>
</extensions>
</trkpt>
<trkpt lat="57.27482353" lon="16.43804166">
<ele>20.3</ele>
<time>2024-07-26T07:22:28Z</time>
<extensions>
<tp1:TrackPointExtension>
<tp1:hr>162</tp1:hr>
</tp1:TrackPointExtension>
</extensions>
</trkpt>
<trkpt lat="57.27484457" lon="16.43787302">
<ele>20.5</ele>
<time>2024-07-26T07:22:32Z</time>
<extensions>
<tp1:TrackPointExtension>
<tp1:hr>165</tp1:hr>
</tp1:TrackPointExtension>
</extensions>
</trkpt>
<trkpt lat="57.27483233" lon="16.43778644">
<ele>20.7</ele>
<time>2024-07-26T07:22:34Z</time>
<extensions>
<tp1:TrackPointExtension>
<tp1:hr>166</tp1:hr>
</tp1:TrackPointExtension>
</extensions>
</trkpt>
<trkpt lat="57.27480082" lon="16.43765853">
<ele>20.8</ele>
<time>2024-07-26T07:22:39Z</time>
<extensions>
<tp1:TrackPointExtension>
<tp1:hr>163</tp1:hr>
</tp1:TrackPointExtension>
</extensions>
</trkpt>
<trkpt lat="57.27478489" lon="16.43764344">
<ele>20.8</ele>
<time>2024-07-26T07:22:40Z</time>
<extensions>
<tp1:TrackPointExtension>
<tp1:hr>162</tp1:hr>
</tp1:TrackPointExtension>
</extensions>
</trkpt>
<trkpt lat="57.27476394" lon="16.43763229">
<ele>20.8</ele>
<time>2024-07-26T07:22:41Z</time>
<extensions>
<tp1:TrackPointExtension>
<tp1:hr>160</tp1:hr>
</tp1:TrackPointExtension>
</extensions>
</trkpt>
<trkpt lat="57.27467936" lon="16.43752299">
<ele>21.0</ele>
<time>2024-07-26T07:22:46Z</time>
<extensions>
<tp1:TrackPointExtension>
<tp1:hr>158</tp1:hr>
</tp1:TrackPointExtension>
</extensions>
</trkpt>
<trkpt lat="57.27464776" lon="16.43743305">
<ele>21.1</ele>
<time>2024-07-26T07:22:48Z</time>
<extensions>
<tp1:TrackPointExtension>
<tp1:hr>159</tp1:hr>
</tp1:TrackPointExtension>
</extensions>
</trkpt>
<trkpt lat="57.27461633" lon="16.43737572">
<ele>21.3</ele>
<time>2024-07-26T07:22:50Z</time>
<extensions>
<tp1:TrackPointExtension>
<tp1:hr>159</tp1:hr>
</tp1:TrackPointExtension>
</extensions>
</trkpt>
<trkpt lat="57.27459982" lon="16.43734354">
<ele>21.3</ele>
<time>2024-07-26T07:22:51Z</time>
<extensions>
<tp1:TrackPointExtension>
<tp1:hr>159</tp1:hr>
</tp1:TrackPointExtension>
</extensions>
</trkpt>
<trkpt lat="57.27454056" lon="16.43720641">
<ele>21.5</ele>
<time>2024-07-26T07:22:56Z</time>
<extensions>
<tp1:TrackPointExtension>
<tp1:hr>158</tp1:hr>
</tp1:TrackPointExtension>
</extensions>
</trkpt>
<trkpt lat="57.27450427" lon="16.43715687">
<ele>21.7</ele>
<time>2024-07-26T07:22:58Z</time>
<extensions>
<tp1:TrackPointExtension>
<tp1:hr>158</tp1:hr>
</tp1:TrackPointExtension>
</extensions>
</trkpt>
<trkpt lat="57.27447267" lon="16.43707674">
<ele>21.6</ele>
<time>2024-07-26T07:23:01Z</time>
<extensions>
<tp1:TrackPointExtension>
<tp1:hr>159</tp1:hr>
</tp1:TrackPointExtension>
</extensions>
</trkpt>
<trkpt lat="57.27441986" lon="16.43700449">
<ele>21.8</ele>
<time>2024-07-26T07:23:04Z</time>
<extensions>
<tp1:TrackPointExtension>
<tp1:hr>159</tp1:hr>
</tp1:TrackPointExtension>
</extensions>
</trkpt>
<trkpt lat="57.27433001" lon="16.43695822">
<ele>22.0</ele>
<time>2024-07-26T07:23:07Z</time>
<extensions>
<tp1:TrackPointExtension>
<tp1:hr>159</tp1:hr>
</tp1:TrackPointExtension>
</extensions>
</trkpt>
<trkpt lat="57.27430528" lon="16.43694866">
<ele>22.0</ele>
<time>2024-07-26T07:23:08Z</time>
<extensions>
<tp1:TrackPointExtension>
<tp1:hr>158</tp1:hr>
</tp1:TrackPointExtension>
</extensions>
</trkpt>
<trkpt lat="57.27426848" lon="16.43689225">
<ele>22.2</ele>
<time>2024-07-26T07:23:10Z</time>
<extensions>
<tp1:TrackPointExtension>
<tp1:hr>157</tp1:hr>
</tp1:TrackPointExtension>
</extensions>
</trkpt>
<trkpt lat="57.27425348" lon="16.43684766">
<ele>22.1</ele>
<time>2024-07-26T07:23:11Z</time>
<extensions>
<tp1:TrackPointExtension>
<tp1:hr>157</tp1:hr>
</tp1:TrackPointExtension>
</extensions>
</trkpt>
<trkpt lat="57.27419003" lon="16.43669033">
<ele>22.3</ele>
<time>2024-07-26T07:23:15Z</time>
<extensions>
<tp1:TrackPointExtension>
<tp1:hr>160</tp1:hr>
</tp1:TrackPointExtension>
</extensions>
</trkpt>
<trkpt lat="57.27413781" lon="16.43662068">
<ele>22.3</ele>
<time>2024-07-26T07:23:17Z</time>
<extensions>
<tp1:TrackPointExtension>
<tp1:hr>159</tp1:hr>
</tp1:TrackPointExtension>
</extensions>
</trkpt>
<trkpt lat="57.27403002" lon="16.43647148">
<ele>22.3</ele>
<time>2024-07-26T07:23:22Z</time>
<extensions>
<tp1:TrackPointExtension>
<tp1:hr>157</tp1:hr>
</tp1:TrackPointExtension>
</extensions>
</trkpt>
<trkpt lat="57.27398065" lon="16.43624702">
<ele>22.2</ele>
<time>2024-07-26T07:23:27Z</time>
<extensions>
<tp1:TrackPointExtension>
<tp1:hr>158</tp1:hr>
</tp1:TrackPointExtension>
</extensions>
</trkpt>
<trkpt lat="57.27389239" lon="16.43607829">
<ele>22.2</ele>
<time>2024-07-26T07:23:31Z</time>
<extensions>
<tp1:TrackPointExtension>
<tp1:hr>158</tp1:hr>
</tp1:TrackPointExtension>
</extensions>
</trkpt>
<trkpt lat="57.27375375" lon="16.43602758">
<ele>22.1</ele>
<time>2024-07-26T07:23:35Z</time>
<extensions>
<tp1:TrackPointExtension>
<tp1:hr>157</tp1:hr>
</tp1:TrackPointExtension>
</extensions>
</trkpt>
<trkpt lat="57.27360388" lon="16.43603261">
<ele>22.3</ele>
<time>2024-07-26T07:23:39Z</time>
<extensions>
<tp1:TrackPointExtension>
<tp1:hr>157</tp1:hr>
</tp1:TrackPointExtension>
</extensions>
</trkpt>
<trkpt lat="57.27357128" lon="16.43599564">
<ele>22.3</ele>
<time>2024-07-26T07:23:40Z</time>
<extensions>
<tp1:TrackPointExtension>
<tp1:hr>157</tp1:hr>
</tp1:TrackPointExtension>
</extensions>
</trkpt>
<trkpt lat="57.27354873" lon="16.43594946">
<ele>22.3</ele>
<time>2024-07-26T07:23:41Z</time>
<extensions>
<tp1:TrackPointExtension>
<tp1:hr>157</tp1:hr>
</tp1:TrackPointExtension>
</extensions>
</trkpt>
<trkpt lat="57.2735069" lon="16.43577595">
<ele>22.3</ele>
<time>2024-07-26T07:23:44Z</time>
<extensions>
<tp1:TrackPointExtension>
<tp1:hr>157</tp1:hr>
</tp1:TrackPointExtension>
</extensions>
</trkpt>
<trkpt lat="57.27352392" lon="16.43548183">
<ele>22.2</ele>
<time>2024-07-26T07:23:48Z</time>
<extensions>
<tp1:TrackPointExtension>
<tp1:hr>158</tp1:hr>
</tp1:TrackPointExtension>
</extensions>
</trkpt>
<trkpt lat="57.27352912" lon="16.435194">
<ele>22.2</ele>
<time>2024-07-26T07:23:53Z</time>
<extensions>
<tp1:TrackPointExtension>
<tp1:hr>160</tp1:hr>
</tp1:TrackPointExtension>
</extensions>
</trkpt>
<trkpt lat="57.273466" lon="16.43497607">
<ele>22.2</ele>
<time>2024-07-26T07:23:57Z</time>
<extensions>
<tp1:TrackPointExtension>
<tp1:hr>158</tp1:hr>
</tp1:TrackPointExtension>
</extensions>
</trkpt>
<trkpt lat="57.27346692" lon="16.43491597">
<ele>22.2</ele>
<time>2024-07-26T07:23:58Z</time>
<extensions>
<tp1:TrackPointExtension>
<tp1:hr>157</tp1:hr>
</tp1:TrackPointExtension>
</extensions>
</trkpt>
<trkpt lat="57.27352652" lon="16.43473542">
<ele>22.1</ele>
<time>2024-07-26T07:24:02Z</time>
<extensions>
<tp1:TrackPointExtension>
<tp1:hr>159</tp1:hr>
</tp1:TrackPointExtension>
</extensions>
</trkpt>
<trkpt lat="57.27356977" lon="16.4345698">
<ele>22.1</ele>
<time>2024-07-26T07:24:07Z</time>
<extensions>
<tp1:TrackPointExtension>
<tp1:hr>158</tp1:hr>
</tp1:TrackPointExtension>
</extensions>
</trkpt>
<trkpt lat="57.27363305" lon="16.43440769">
<ele>22.0</ele>
<time>2024-07-26T07:24:11Z</time>
<extensions>
<tp1:TrackPointExtension>
<tp1:hr>156</tp1:hr>
</tp1:TrackPointExtension>
</extensions>
</trkpt>
<trkpt lat="57.2736908" lon="16.43420099">
<ele>22.2</ele>
<time>2024-07-26T07:24:17Z</time>
<extensions>
<tp1:TrackPointExtension>
<tp1:hr>156</tp1:hr>
</tp1:TrackPointExtension>
</extensions>
</trkpt>
<trkpt lat="57.27371293" lon="16.43397443">
<ele>22.1</ele>
<time>2024-07-26T07:24:23Z</time>
<extensions>
<tp1:TrackPointExtension>
<tp1:hr>157</tp1:hr>
</tp1:TrackPointExtension>
</extensions>
</trkpt>
<trkpt lat="57.2737131" lon="16.4339471">
<ele>22.1</ele>
<time>2024-07-26T07:24:24Z</time>
<extensions>
<tp1:TrackPointExtension>
<tp1:hr>157</tp1:hr>
</tp1:TrackPointExtension>
</extensions>
</trkpt>
<trkpt lat="57.27372031" lon="16.43390117">
<ele>22.1</ele>
<time>2024-07-26T07:24:26Z</time>
<extensions>
<tp1:TrackPointExtension>
<tp1:hr>157</tp1:hr>
</tp1:TrackPointExtension>
</extensions>
</trkpt>
<trkpt lat="57.27373347" lon="16.43387603">
<ele>22.1</ele>
<time>2024-07-26T07:24:28Z</time>
<extensions>
<tp1:TrackPointExtension>
<tp1:hr>156</tp1:hr>
</tp1:TrackPointExtension>
</extensions>
</trkpt>
<trkpt lat="57.2737442" lon="16.43379447">
<ele>22.1</ele>
<time>2024-07-26T07:24:31Z</time>
<extensions>
<tp1:TrackPointExtension>
<tp1:hr>153</tp1:hr>
</tp1:TrackPointExtension>
</extensions>
</trkpt>
<trkpt lat="57.27374411" lon="16.43373529">
<ele>22.1</ele>
<time>2024-07-26T07:24:33Z</time>
<extensions>
<tp1:TrackPointExtension>
<tp1:hr>151</tp1:hr>
</tp1:TrackPointExtension>
</extensions>
</trkpt>
<trkpt lat="57.27374721" lon="16.43368467">
<ele>22.0</ele>
<time>2024-07-26T07:24:35Z</time>
<extensions>
<tp1:TrackPointExtension>
<tp1:hr>152</tp1:hr>
</tp1:TrackPointExtension>
</extensions>
</trkpt>
<trkpt lat="57.27373439" lon="16.43358283">
<ele>22.0</ele>
<time>2024-07-26T07:24:38Z</time>
<extensions>
<tp1:TrackPointExtension>
<tp1:hr>153</tp1:hr>
</tp1:TrackPointExtension>
</extensions>
</trkpt>
<trkpt lat="57.27372525" lon="16.43345601">
<ele>21.6</ele>
<time>2024-07-26T07:24:43Z</time>
<extensions>
<tp1:TrackPointExtension>
<tp1:hr>154</tp1:hr>
</tp1:TrackPointExtension>
</extensions>
</trkpt>
<trkpt lat="57.2737504" lon="16.43328024">
<ele>21.3</ele>
<time>2024-07-26T07:24:48Z</time>
<extensions>
<tp1:TrackPointExtension>
<tp1:hr>157</tp1:hr>
</tp1:TrackPointExtension>
</extensions>
</trkpt>
<trkpt lat="57.27366256" lon="16.43307002">
<ele>20.7</ele>
<time>2024-07-26T07:24:53Z</time>
<extensions>
<tp1:TrackPointExtension>
<tp1:hr>157</tp1:hr>
</tp1:TrackPointExtension>
</extensions>
</trkpt>
<trkpt lat="57.27351948" lon="16.43282435">
<ele>20.0</ele>
<time>2024-07-26T07:24:59Z</time>
<extensions>
<tp1:TrackPointExtension>
<tp1:hr>155</tp1:hr>
</tp1:TrackPointExtension>
</extensions>
</trkpt>
<trkpt lat="57.27348771" lon="16.43279904">
<ele>19.8</ele>
<time>2024-07-26T07:25:00Z</time>
<extensions>
<tp1:TrackPointExtension>
<tp1:hr>159</tp1:hr>
</tp1:TrackPointExtension>
</extensions>
</trkpt>
<trkpt lat="57.27338227" lon="16.43269476">
<ele>19.2</ele>
<time>2024-07-26T07:25:03Z</time>
<extensions>
<tp1:TrackPointExtension>
<tp1:hr>162</tp1:hr>
</tp1:TrackPointExtension>
</extensions>
</trkpt>
<trkpt lat="57.2733515" lon="16.43264079">
<ele>19.0</ele>
<time>2024-07-26T07:25:04Z</time>
<extensions>
<tp1:TrackPointExtension>
<tp1:hr>156</tp1:hr>
</tp1:TrackPointExtension>
</extensions>
</trkpt>
<trkpt lat="57.27329493" lon="16.43252864">
<ele>18.8</ele>
<time>2024-07-26T07:25:06Z</time>
<extensions>
<tp1:TrackPointExtension>
<tp1:hr>156</tp1:hr>
</tp1:TrackPointExtension>
</extensions>
</trkpt>
<trkpt lat="57.27317515" lon="16.4323045">
<ele>17.9</ele>
<time>2024-07-26T07:25:10Z</time>
<extensions>
<tp1:TrackPointExtension>
<tp1:hr>154</tp1:hr>
</tp1:TrackPointExtension>
</extensions>
</trkpt>
<trkpt lat="57.27311513" lon="16.43219596">
<ele>17.5</ele>
<time>2024-07-26T07:25:12Z</time>
<extensions>
<tp1:TrackPointExtension>
<tp1:hr>154</tp1:hr>
</tp1:TrackPointExtension>
</extensions>
</trkpt>
<trkpt lat="57.27301329" lon="16.43206503">
<ele>17.1</ele>
<time>2024-07-26T07:25:15Z</time>
<extensions>
<tp1:TrackPointExtension>
<tp1:hr>156</tp1:hr>
</tp1:TrackPointExtension>
</extensions>
</trkpt>
<trkpt lat="57.27288329" lon="16.4319046">
<ele>16.5</ele>
<time>2024-07-26T07:25:20Z</time>
<extensions>
<tp1:TrackPointExtension>
<tp1:hr>156</tp1:hr>
</tp1:TrackPointExtension>
</extensions>
</trkpt>
<trkpt lat="57.27274826" lon="16.4316876">
<ele>15.8</ele>
<time>2024-07-26T07:25:24Z</time>
<extensions>
<tp1:TrackPointExtension>
<tp1:hr>156</tp1:hr>
</tp1:TrackPointExtension>
</extensions>
</trkpt>
<trkpt lat="57.27268556" lon="16.43163948">
<ele>15.6</ele>
<time>2024-07-26T07:25:27Z</time>
<extensions>
<tp1:TrackPointExtension>
<tp1:hr>153</tp1:hr>
</tp1:TrackPointExtension>
</extensions>
</trkpt>
<trkpt lat="57.27265622" lon="16.43162155">
<ele>15.4</ele>
<time>2024-07-26T07:25:28Z</time>
<extensions>
<tp1:TrackPointExtension>
<tp1:hr>156</tp1:hr>
</tp1:TrackPointExtension>
</extensions>
</trkpt>
<trkpt lat="57.27262337" lon="16.43160042">
<ele>15.4</ele>
<time>2024-07-26T07:25:29Z</time>
<extensions>
<tp1:TrackPointExtension>
<tp1:hr>156</tp1:hr>
</tp1:TrackPointExtension>
</extensions>
</trkpt>
<trkpt lat="57.27258783" lon="16.43156597">
<ele>15.2</ele>
<time>2024-07-26T07:25:30Z</time>
<extensions>
<tp1:TrackPointExtension>
<tp1:hr>156</tp1:hr>
</tp1:TrackPointExtension>
</extensions>
</trkpt>
<trkpt lat="57.27243695" lon="16.43145927">
<ele>14.7</ele>
<time>2024-07-26T07:25:35Z</time>
<extensions>
<tp1:TrackPointExtension>
<tp1:hr>156</tp1:hr>
</tp1:TrackPointExtension>
</extensions>
</trkpt>
<trkpt lat="57.27241692" lon="16.43144075">
<ele>14.7</ele>
<time>2024-07-26T07:25:36Z</time>
<extensions>
<tp1:TrackPointExtension>
<tp1:hr>156</tp1:hr>
</tp1:TrackPointExtension>
</extensions>
</trkpt>
<trkpt lat="57.27236554" lon="16.43141099">
<ele>14.3</ele>
<time>2024-07-26T07:25:40Z</time>
<extensions>
<tp1:TrackPointExtension>
<tp1:hr>156</tp1:hr>
</tp1:TrackPointExtension>
</extensions>
</trkpt>
<trkpt lat="57.27236135" lon="16.43140303">
<ele>14.3</ele>
<time>2024-07-26T07:25:41Z</time>
<extensions>
<tp1:TrackPointExtension>
<tp1:hr>156</tp1:hr>
</tp1:TrackPointExtension>
</extensions>
</trkpt>
<trkpt lat="57.27232807" lon="16.4314001">
<ele>13.9</ele>
<time>2024-07-26T07:25:44Z</time>
<extensions>
<tp1:TrackPointExtension>
<tp1:hr>159</tp1:hr>
</tp1:TrackPointExtension>
</extensions>
</trkpt>
<trkpt lat="57.27231751" lon="16.43139716">
<ele>13.9</ele>
<time>2024-07-26T07:25:45Z</time>
<extensions>
<tp1:TrackPointExtension>
<tp1:hr>159</tp1:hr>
</tp1:TrackPointExtension>
</extensions>
</trkpt>
<trkpt lat="57.27225993" lon="16.43137378">
<ele>13.6</ele>
<time>2024-07-26T07:25:50Z</time>
<extensions>
<tp1:TrackPointExtension>
<tp1:hr>159</tp1:hr>
</tp1:TrackPointExtension>
</extensions>
</trkpt>
<trkpt lat="57.27223051" lon="16.43132508">
<ele>13.4</ele>
<time>2024-07-26T07:25:52Z</time>
<extensions>
<tp1:TrackPointExtension>
<tp1:hr>159</tp1:hr>
</tp1:TrackPointExtension>
</extensions>
</trkpt>
<trkpt lat="57.27222263" lon="16.43124335">
<ele>13.4</ele>
<time>2024-07-26T07:25:54Z</time>
<extensions>
<tp1:TrackPointExtension>
<tp1:hr>157</tp1:hr>
</tp1:TrackPointExtension>
</extensions>
</trkpt>
<trkpt lat="57.27221919" lon="16.43111134">
<ele>13.2</ele>
<time>2024-07-26T07:25:57Z</time>
<extensions>
<tp1:TrackPointExtension>
<tp1:hr>157</tp1:hr>
</tp1:TrackPointExtension>
</extensions>
</trkpt>
<trkpt lat="57.27223059" lon="16.43106381">
<ele>12.9</ele>
<time>2024-07-26T07:25:58Z</time>
<extensions>
<tp1:TrackPointExtension>
<tp1:hr>157</tp1:hr>
</tp1:TrackPointExtension>
</extensions>
</trkpt>
<trkpt lat="57.27221458" lon="16.4308536">
<ele>12.7</ele>
<time>2024-07-26T07:26:01Z</time>
<extensions>
<tp1:TrackPointExtension>
<tp1:hr>156</tp1:hr>
</tp1:TrackPointExtension>
</extensions>
</trkpt>
<trkpt lat="57.27221458" lon="16.4308536">
<ele>12.5</ele>
<time>2024-07-26T07:26:02Z</time>
<extensions>
<tp1:TrackPointExtension>
<tp1:hr>156</tp1:hr>
</tp1:TrackPointExtension>
</extensions>
</trkpt>
<trkpt lat="57.27203387" lon="16.43068286">
<ele>12.3</ele>
<time>2024-07-26T07:26:06Z</time>
<extensions>
<tp1:TrackPointExtension>
<tp1:hr>156</tp1:hr>
</tp1:TrackPointExtension>
</extensions>
</trkpt>
<trkpt lat="57.27199523" lon="16.43064992">
<ele>12.1</ele>
<time>2024-07-26T07:26:07Z</time>
<extensions>
<tp1:TrackPointExtension>
<tp1:hr>155</tp1:hr>
</tp1:TrackPointExtension>
</extensions>
</trkpt>
<trkpt lat="57.27195902" lon="16.4306106">
<ele>11.9</ele>
<time>2024-07-26T07:26:08Z</time>
<extensions>
<tp1:TrackPointExtension>
<tp1:hr>157</tp1:hr>
</tp1:TrackPointExtension>
</extensions>
</trkpt>
<trkpt lat="57.27179599" lon="16.43044598">
<ele>11.4</ele>
<time>2024-07-26T07:26:12Z</time>
<extensions>
<tp1:TrackPointExtension>
<tp1:hr>157</tp1:hr>
</tp1:TrackPointExtension>
</extensions>
</trkpt>
<trkpt lat="57.27167781" lon="16.43043509">
<ele>10.8</ele>
<time>2024-07-26T07:26:15Z</time>
<extensions>
<tp1:TrackPointExtension>
<tp1:hr>156</tp1:hr>
</tp1:TrackPointExtension>
</extensions>
</trkpt>
<trkpt lat="57.27159424" lon="16.43041011">
<ele>10.6</ele>
<time>2024-07-26T07:26:17Z</time>
<extensions>
<tp1:TrackPointExtension>
<tp1:hr>158</tp1:hr>
</tp1:TrackPointExtension>
</extensions>
</trkpt>
<trkpt lat="57.27140405" lon="16.4302672">
<ele>9.7</ele>
<time>2024-07-26T07:26:22Z</time>
<extensions>
<tp1:TrackPointExtension>
<tp1:hr>158</tp1:hr>
</tp1:TrackPointExtension>
</extensions>
</trkpt>
<trkpt lat="57.27128997" lon="16.43011129">
<ele>8.9</ele>
<time>2024-07-26T07:26:27Z</time>
<extensions>
<tp1:TrackPointExtension>
<tp1:hr>159</tp1:hr>
</tp1:TrackPointExtension>
</extensions>
</trkpt>
<trkpt lat="57.27128981" lon="16.42999286">
<ele>8.7</ele>
<time>2024-07-26T07:26:29Z</time>
<extensions>
<tp1:TrackPointExtension>
<tp1:hr>160</tp1:hr>
</tp1:TrackPointExtension>
</extensions>
</trkpt>
<trkpt lat="57.27129727" lon="16.42992002">
<ele>8.5</ele>
<time>2024-07-26T07:26:30Z</time>
<extensions>
<tp1:TrackPointExtension>
<tp1:hr>160</tp1:hr>
</tp1:TrackPointExtension>
</extensions>
</trkpt>
<trkpt lat="57.27135477" lon="16.42958583">
<ele>7.8</ele>
<time>2024-07-26T07:26:34Z</time>
<extensions>
<tp1:TrackPointExtension>
<tp1:hr>159</tp1:hr>
</tp1:TrackPointExtension>
</extensions>
</trkpt>
<trkpt lat="57.27137296" lon="16.4294959">
<ele>7.8</ele>
<time>2024-07-26T07:26:35Z</time>
<extensions>
<tp1:TrackPointExtension>
<tp1:hr>160</tp1:hr>
</tp1:TrackPointExtension>
</extensions>
</trkpt>
<trkpt lat="57.27140883" lon="16.42933505">
<ele>7.4</ele>
<time>2024-07-26T07:26:36Z</time>
<extensions>
<tp1:TrackPointExtension>
<tp1:hr>161</tp1:hr>
</tp1:TrackPointExtension>
</extensions>
</trkpt>
<trkpt lat="57.27142476" lon="16.42925701">
<ele>7.2</ele>
<time>2024-07-26T07:26:37Z</time>
<extensions>
<tp1:TrackPointExtension>
<tp1:hr>161</tp1:hr>
</tp1:TrackPointExtension>
</extensions>
</trkpt>
<trkpt lat="57.27145267" lon="16.42908694">
<ele>7.2</ele>
<time>2024-07-26T07:26:39Z</time>
<extensions>
<tp1:TrackPointExtension>
<tp1:hr>158</tp1:hr>
</tp1:TrackPointExtension>
</extensions>
</trkpt>
<trkpt lat="57.2715105" lon="16.42894361">
<ele>6.8</ele>
<time>2024-07-26T07:26:41Z</time>
<extensions>
<tp1:TrackPointExtension>
<tp1:hr>160</tp1:hr>
</tp1:TrackPointExtension>
</extensions>
</trkpt>
<trkpt lat="57.27153028" lon="16.42886641">
<ele>6.8</ele>
<time>2024-07-26T07:26:42Z</time>
<extensions>
<tp1:TrackPointExtension>
<tp1:hr>161</tp1:hr>
</tp1:TrackPointExtension>
</extensions>
</trkpt>
<trkpt lat="57.27158653" lon="16.42873105">
<ele>6.6</ele>
<time>2024-07-26T07:26:44Z</time>
<extensions>
<tp1:TrackPointExtension>
<tp1:hr>161</tp1:hr>
</tp1:TrackPointExtension>
</extensions>
</trkpt>
<trkpt lat="57.27161117" lon="16.42866173">
<ele>6.4</ele>
<time>2024-07-26T07:26:45Z</time>
<extensions>
<tp1:TrackPointExtension>
<tp1:hr>161</tp1:hr>
</tp1:TrackPointExtension>
</extensions>
</trkpt>
<trkpt lat="57.27162676" lon="16.42858948">
<ele>6.1</ele>
<time>2024-07-26T07:26:46Z</time>
<extensions>
<tp1:TrackPointExtension>
<tp1:hr>160</tp1:hr>
</tp1:TrackPointExtension>
</extensions>
</trkpt>
<trkpt lat="57.27162525" lon="16.42846626">
<ele>5.9</ele>
<time>2024-07-26T07:26:48Z</time>
<extensions>
<tp1:TrackPointExtension>
<tp1:hr>160</tp1:hr>
</tp1:TrackPointExtension>
</extensions>
</trkpt>
<trkpt lat="57.27159256" lon="16.42841999">
<ele>5.7</ele>
<time>2024-07-26T07:26:49Z</time>
<extensions>
<tp1:TrackPointExtension>
<tp1:hr>160</tp1:hr>
</tp1:TrackPointExtension>
</extensions>
</trkpt>
<trkpt lat="57.2714214" lon="16.42825831">
<ele>5.3</ele>
<time>2024-07-26T07:26:53Z</time>
<extensions>
<tp1:TrackPointExtension>
<tp1:hr>159</tp1:hr>
</tp1:TrackPointExtension>
</extensions>
</trkpt>
<trkpt lat="57.27137941" lon="16.42822126">
<ele>5.1</ele>
<time>2024-07-26T07:26:54Z</time>
<extensions>
<tp1:TrackPointExtension>
<tp1:hr>159</tp1:hr>
</tp1:TrackPointExtension>
</extensions>
</trkpt>
<trkpt lat="57.27133968" lon="16.42818564">
<ele>5.1</ele>
<time>2024-07-26T07:26:55Z</time>
<extensions>
<tp1:TrackPointExtension>
<tp1:hr>159</tp1:hr>
</tp1:TrackPointExtension>
</extensions>
</trkpt>
<trkpt lat="57.27122585" lon="16.42805723">
<ele>4.6</ele>
<time>2024-07-26T07:26:58Z</time>
<extensions>
<tp1:TrackPointExtension>
<tp1:hr>159</tp1:hr>
</tp1:TrackPointExtension>
</extensions>
</trkpt>
<trkpt lat="57.27105754" lon="16.42783251">
<ele>4.0</ele>
<time>2024-07-26T07:27:03Z</time>
<extensions>
<tp1:TrackPointExtension>
<tp1:hr>158</tp1:hr>
</tp1:TrackPointExtension>
</extensions>
</trkpt>
<trkpt lat="57.2710417" lon="16.42776956">
<ele>4.0</ele>
<time>2024-07-26T07:27:05Z</time>
<extensions>
<tp1:TrackPointExtension>
<tp1:hr>158</tp1:hr>
</tp1:TrackPointExtension>
</extensions>
</trkpt>
<trkpt lat="57.27106685" lon="16.42769831">
<ele>3.8</ele>
<time>2024-07-26T07:27:07Z</time>
<extensions>
<tp1:TrackPointExtension>
<tp1:hr>159</tp1:hr>
</tp1:TrackPointExtension>
</extensions>
</trkpt>
<trkpt lat="57.27113826" lon="16.42773243">
<ele>3.6</ele>
<time>2024-07-26T07:27:09Z</time>
<extensions>
<tp1:TrackPointExtension>
<tp1:hr>160</tp1:hr>
</tp1:TrackPointExtension>
</extensions>
</trkpt>
<trkpt lat="57.27118093" lon="16.42776554">
<ele>3.3</ele>
<time>2024-07-26T07:27:10Z</time>
<extensions>
<tp1:TrackPointExtension>
<tp1:hr>160</tp1:hr>
</tp1:TrackPointExtension>
</extensions>
</trkpt>
<trkpt lat="57.27138209" lon="16.42793711">
<ele>2.9</ele>
<time>2024-07-26T07:27:15Z</time>
<extensions>
<tp1:TrackPointExtension>
<tp1:hr>161</tp1:hr>
</tp1:TrackPointExtension>
</extensions>
</trkpt>
<trkpt lat="57.27149801" lon="16.42801808">
<ele>2.5</ele>
<time>2024-07-26T07:27:18Z</time>
<extensions>
<tp1:TrackPointExtension>
<tp1:hr>162</tp1:hr>
</tp1:TrackPointExtension>
</extensions>
</trkpt>
<trkpt lat="57.2715224" lon="16.42804222">
<ele>2.5</ele>
<time>2024-07-26T07:27:19Z</time>
<extensions>
<tp1:TrackPointExtension>
<tp1:hr>161</tp1:hr>
</tp1:TrackPointExtension>
</extensions>
</trkpt>
</trkseg>
</trk>
</gpx>

