<?xml version="1.0" encoding="UTF-8" ?>
<gpx xmlns="http://www.topografix.com/GPX/1/1" version="1.1" creator="Attackpoint - http://www.attackpoint.org" xmlns:xsi="http://www.w3.org/2001/XMLSchema-instance" xmlns:tp1="http://www.garmin.com/xmlschemas/TrackPointExtension/v1" xsi:schemaLocation="http://www.topografix.com/GPX/1/1 http://www.topografix.com/GPX/1/1/gpx.xsd http://www.garmin.com/xmlschemas/TrackPointExtension/v1 http://www.garmin.com/xmlschemas/TrackPointExtensionv1.xsd">
<trk>
<trkseg>
<trkpt lat="58.58872566" lon="15.0320707">
<ele>153.8</ele>
<time>2024-04-21T10:15:02Z</time>
<extensions>
<tp1:TrackPointExtension>
<tp1:hr>92</tp1:hr>
</tp1:TrackPointExtension>
</extensions>
</trkpt>
<trkpt lat="58.58873145" lon="15.03208118">
<ele>154.8</ele>
<time>2024-04-21T10:15:03Z</time>
<extensions>
<tp1:TrackPointExtension>
<tp1:hr>92</tp1:hr>
</tp1:TrackPointExtension>
</extensions>
</trkpt>
<trkpt lat="58.58877034" lon="15.03212091">
<ele>153.8</ele>
<time>2024-04-21T10:15:05Z</time>
<extensions>
<tp1:TrackPointExtension>
<tp1:hr>92</tp1:hr>
</tp1:TrackPointExtension>
</extensions>
</trkpt>
<trkpt lat="58.58880135" lon="15.03215795">
<ele>153.6</ele>
<time>2024-04-21T10:15:06Z</time>
<extensions>
<tp1:TrackPointExtension>
<tp1:hr>94</tp1:hr>
</tp1:TrackPointExtension>
</extensions>
</trkpt>
<trkpt lat="58.5889394" lon="15.03231361">
<ele>154.4</ele>
<time>2024-04-21T10:15:10Z</time>
<extensions>
<tp1:TrackPointExtension>
<tp1:hr>91</tp1:hr>
</tp1:TrackPointExtension>
</extensions>
</trkpt>
<trkpt lat="58.58897427" lon="15.03234806">
<ele>154.4</ele>
<time>2024-04-21T10:15:11Z</time>
<extensions>
<tp1:TrackPointExtension>
<tp1:hr>94</tp1:hr>
</tp1:TrackPointExtension>
</extensions>
</trkpt>
<trkpt lat="58.5890021" lon="15.03238393">
<ele>154.4</ele>
<time>2024-04-21T10:15:12Z</time>
<extensions>
<tp1:TrackPointExtension>
<tp1:hr>95</tp1:hr>
</tp1:TrackPointExtension>
</extensions>
</trkpt>
<trkpt lat="58.5891181" lon="15.03251863">
<ele>155.0</ele>
<time>2024-04-21T10:15:16Z</time>
<extensions>
<tp1:TrackPointExtension>
<tp1:hr>99</tp1:hr>
</tp1:TrackPointExtension>
</extensions>
</trkpt>
<trkpt lat="58.58913713" lon="15.032539">
<ele>155.6</ele>
<time>2024-04-21T10:15:17Z</time>
<extensions>
<tp1:TrackPointExtension>
<tp1:hr>104</tp1:hr>
</tp1:TrackPointExtension>
</extensions>
</trkpt>
<trkpt lat="58.58916102" lon="15.03255635">
<ele>156.0</ele>
<time>2024-04-21T10:15:18Z</time>
<extensions>
<tp1:TrackPointExtension>
<tp1:hr>108</tp1:hr>
</tp1:TrackPointExtension>
</extensions>
</trkpt>
<trkpt lat="58.58918902" lon="15.03257864">
<ele>156.6</ele>
<time>2024-04-21T10:15:19Z</time>
<extensions>
<tp1:TrackPointExtension>
<tp1:hr>108</tp1:hr>
</tp1:TrackPointExtension>
</extensions>
</trkpt>
<trkpt lat="58.58922221" lon="15.03260907">
<ele>157.2</ele>
<time>2024-04-21T10:15:20Z</time>
<extensions>
<tp1:TrackPointExtension>
<tp1:hr>114</tp1:hr>
</tp1:TrackPointExtension>
</extensions>
</trkpt>
<trkpt lat="58.58925096" lon="15.03262885">
<ele>157.8</ele>
<time>2024-04-21T10:15:21Z</time>
<extensions>
<tp1:TrackPointExtension>
<tp1:hr>115</tp1:hr>
</tp1:TrackPointExtension>
</extensions>
</trkpt>
<trkpt lat="58.58931298" lon="15.03266405">
<ele>158.6</ele>
<time>2024-04-21T10:15:23Z</time>
<extensions>
<tp1:TrackPointExtension>
<tp1:hr>119</tp1:hr>
</tp1:TrackPointExtension>
</extensions>
</trkpt>
<trkpt lat="58.5893388" lon="15.03266699">
<ele>159.4</ele>
<time>2024-04-21T10:15:24Z</time>
<extensions>
<tp1:TrackPointExtension>
<tp1:hr>119</tp1:hr>
</tp1:TrackPointExtension>
</extensions>
</trkpt>
<trkpt lat="58.58939085" lon="15.03265592">
<ele>160.8</ele>
<time>2024-04-21T10:15:26Z</time>
<extensions>
<tp1:TrackPointExtension>
<tp1:hr>119</tp1:hr>
</tp1:TrackPointExtension>
</extensions>
</trkpt>
<trkpt lat="58.58940996" lon="15.03264762">
<ele>161.6</ele>
<time>2024-04-21T10:15:27Z</time>
<extensions>
<tp1:TrackPointExtension>
<tp1:hr>122</tp1:hr>
</tp1:TrackPointExtension>
</extensions>
</trkpt>
<trkpt lat="58.58943134" lon="15.03264503">
<ele>162.2</ele>
<time>2024-04-21T10:15:28Z</time>
<extensions>
<tp1:TrackPointExtension>
<tp1:hr>121</tp1:hr>
</tp1:TrackPointExtension>
</extensions>
</trkpt>
<trkpt lat="58.58951977" lon="15.03263329">
<ele>163.8</ele>
<time>2024-04-21T10:15:31Z</time>
<extensions>
<tp1:TrackPointExtension>
<tp1:hr>123</tp1:hr>
</tp1:TrackPointExtension>
</extensions>
</trkpt>
<trkpt lat="58.58954391" lon="15.03263388">
<ele>164.4</ele>
<time>2024-04-21T10:15:32Z</time>
<extensions>
<tp1:TrackPointExtension>
<tp1:hr>126</tp1:hr>
</tp1:TrackPointExtension>
</extensions>
</trkpt>
<trkpt lat="58.58956997" lon="15.03263363">
<ele>164.6</ele>
<time>2024-04-21T10:15:33Z</time>
<extensions>
<tp1:TrackPointExtension>
<tp1:hr>125</tp1:hr>
</tp1:TrackPointExtension>
</extensions>
</trkpt>
<trkpt lat="58.5896242" lon="15.03264234">
<ele>164.6</ele>
<time>2024-04-21T10:15:35Z</time>
<extensions>
<tp1:TrackPointExtension>
<tp1:hr>128</tp1:hr>
</tp1:TrackPointExtension>
</extensions>
</trkpt>
<trkpt lat="58.58973216" lon="15.03266154">
<ele>164.6</ele>
<time>2024-04-21T10:15:39Z</time>
<extensions>
<tp1:TrackPointExtension>
<tp1:hr>130</tp1:hr>
</tp1:TrackPointExtension>
</extensions>
</trkpt>
<trkpt lat="58.58978765" lon="15.03268291">
<ele>164.6</ele>
<time>2024-04-21T10:15:41Z</time>
<extensions>
<tp1:TrackPointExtension>
<tp1:hr>133</tp1:hr>
</tp1:TrackPointExtension>
</extensions>
</trkpt>
<trkpt lat="58.58984347" lon="15.03271074">
<ele>164.8</ele>
<time>2024-04-21T10:15:43Z</time>
<extensions>
<tp1:TrackPointExtension>
<tp1:hr>133</tp1:hr>
</tp1:TrackPointExtension>
</extensions>
</trkpt>
<trkpt lat="58.58986862" lon="15.03272289">
<ele>165.2</ele>
<time>2024-04-21T10:15:44Z</time>
<extensions>
<tp1:TrackPointExtension>
<tp1:hr>133</tp1:hr>
</tp1:TrackPointExtension>
</extensions>
</trkpt>
<trkpt lat="58.58989234" lon="15.03274863">
<ele>164.8</ele>
<time>2024-04-21T10:15:45Z</time>
<extensions>
<tp1:TrackPointExtension>
<tp1:hr>133</tp1:hr>
</tp1:TrackPointExtension>
</extensions>
</trkpt>
<trkpt lat="58.58998261" lon="15.03282205">
<ele>165.9</ele>
<time>2024-04-21T10:15:48Z</time>
<extensions>
<tp1:TrackPointExtension>
<tp1:hr>135</tp1:hr>
</tp1:TrackPointExtension>
</extensions>
</trkpt>
<trkpt lat="58.59006551" lon="15.03291015">
<ele>166.1</ele>
<time>2024-04-21T10:15:51Z</time>
<extensions>
<tp1:TrackPointExtension>
<tp1:hr>132</tp1:hr>
</tp1:TrackPointExtension>
</extensions>
</trkpt>
<trkpt lat="58.59009518" lon="15.03292129">
<ele>166.1</ele>
<time>2024-04-21T10:15:52Z</time>
<extensions>
<tp1:TrackPointExtension>
<tp1:hr>133</tp1:hr>
</tp1:TrackPointExtension>
</extensions>
</trkpt>
<trkpt lat="58.59016106" lon="15.03291543">
<ele>166.1</ele>
<time>2024-04-21T10:15:54Z</time>
<extensions>
<tp1:TrackPointExtension>
<tp1:hr>132</tp1:hr>
</tp1:TrackPointExtension>
</extensions>
</trkpt>
<trkpt lat="58.59029417" lon="15.03292272">
<ele>166.1</ele>
<time>2024-04-21T10:15:58Z</time>
<extensions>
<tp1:TrackPointExtension>
<tp1:hr>135</tp1:hr>
</tp1:TrackPointExtension>
</extensions>
</trkpt>
<trkpt lat="58.59042778" lon="15.03293873">
<ele>166.1</ele>
<time>2024-04-21T10:16:03Z</time>
<extensions>
<tp1:TrackPointExtension>
<tp1:hr>133</tp1:hr>
</tp1:TrackPointExtension>
</extensions>
</trkpt>
<trkpt lat="58.59056423" lon="15.03298952">
<ele>166.3</ele>
<time>2024-04-21T10:16:09Z</time>
<extensions>
<tp1:TrackPointExtension>
<tp1:hr>133</tp1:hr>
</tp1:TrackPointExtension>
</extensions>
</trkpt>
<trkpt lat="58.59070128" lon="15.03294786">
<ele>166.7</ele>
<time>2024-04-21T10:16:16Z</time>
<extensions>
<tp1:TrackPointExtension>
<tp1:hr>134</tp1:hr>
</tp1:TrackPointExtension>
</extensions>
</trkpt>
<trkpt lat="58.59077219" lon="15.03293722">
<ele>166.9</ele>
<time>2024-04-21T10:16:19Z</time>
<extensions>
<tp1:TrackPointExtension>
<tp1:hr>134</tp1:hr>
</tp1:TrackPointExtension>
</extensions>
</trkpt>
<trkpt lat="58.59081854" lon="15.03293957">
<ele>167.1</ele>
<time>2024-04-21T10:16:21Z</time>
<extensions>
<tp1:TrackPointExtension>
<tp1:hr>133</tp1:hr>
</tp1:TrackPointExtension>
</extensions>
</trkpt>
<trkpt lat="58.59083916" lon="15.03292934">
<ele>167.1</ele>
<time>2024-04-21T10:16:22Z</time>
<extensions>
<tp1:TrackPointExtension>
<tp1:hr>134</tp1:hr>
</tp1:TrackPointExtension>
</extensions>
</trkpt>
<trkpt lat="58.5910301" lon="15.03292096">
<ele>167.7</ele>
<time>2024-04-21T10:16:29Z</time>
<extensions>
<tp1:TrackPointExtension>
<tp1:hr>137</tp1:hr>
</tp1:TrackPointExtension>
</extensions>
</trkpt>
<trkpt lat="58.59111283" lon="15.03291333">
<ele>167.9</ele>
<time>2024-04-21T10:16:32Z</time>
<extensions>
<tp1:TrackPointExtension>
<tp1:hr>136</tp1:hr>
</tp1:TrackPointExtension>
</extensions>
</trkpt>
<trkpt lat="58.59116019" lon="15.0329057">
<ele>168.1</ele>
<time>2024-04-21T10:16:34Z</time>
<extensions>
<tp1:TrackPointExtension>
<tp1:hr>135</tp1:hr>
</tp1:TrackPointExtension>
</extensions>
</trkpt>
<trkpt lat="58.59128659" lon="15.03287419">
<ele>168.9</ele>
<time>2024-04-21T10:16:40Z</time>
<extensions>
<tp1:TrackPointExtension>
<tp1:hr>135</tp1:hr>
</tp1:TrackPointExtension>
</extensions>
</trkpt>
<trkpt lat="58.59133554" lon="15.03286296">
<ele>169.1</ele>
<time>2024-04-21T10:16:42Z</time>
<extensions>
<tp1:TrackPointExtension>
<tp1:hr>135</tp1:hr>
</tp1:TrackPointExtension>
</extensions>
</trkpt>
<trkpt lat="58.5914326" lon="15.03283999">
<ele>169.7</ele>
<time>2024-04-21T10:16:46Z</time>
<extensions>
<tp1:TrackPointExtension>
<tp1:hr>135</tp1:hr>
</tp1:TrackPointExtension>
</extensions>
</trkpt>
<trkpt lat="58.59150033" lon="15.03283471">
<ele>170.1</ele>
<time>2024-04-21T10:16:50Z</time>
<extensions>
<tp1:TrackPointExtension>
<tp1:hr>134</tp1:hr>
</tp1:TrackPointExtension>
</extensions>
</trkpt>
<trkpt lat="58.59151231" lon="15.03281057">
<ele>170.3</ele>
<time>2024-04-21T10:16:51Z</time>
<extensions>
<tp1:TrackPointExtension>
<tp1:hr>134</tp1:hr>
</tp1:TrackPointExtension>
</extensions>
</trkpt>
<trkpt lat="58.59152245" lon="15.03275324">
<ele>170.7</ele>
<time>2024-04-21T10:16:53Z</time>
<extensions>
<tp1:TrackPointExtension>
<tp1:hr>135</tp1:hr>
</tp1:TrackPointExtension>
</extensions>
</trkpt>
<trkpt lat="58.59153067" lon="15.03267713">
<ele>170.9</ele>
<time>2024-04-21T10:16:56Z</time>
<extensions>
<tp1:TrackPointExtension>
<tp1:hr>134</tp1:hr>
</tp1:TrackPointExtension>
</extensions>
</trkpt>
<trkpt lat="58.59153419" lon="15.03262466">
<ele>171.3</ele>
<time>2024-04-21T10:16:58Z</time>
<extensions>
<tp1:TrackPointExtension>
<tp1:hr>135</tp1:hr>
</tp1:TrackPointExtension>
</extensions>
</trkpt>
<trkpt lat="58.59153938" lon="15.03257026">
<ele>171.5</ele>
<time>2024-04-21T10:17:00Z</time>
<extensions>
<tp1:TrackPointExtension>
<tp1:hr>140</tp1:hr>
</tp1:TrackPointExtension>
</extensions>
</trkpt>
<trkpt lat="58.59155338" lon="15.03250505">
<ele>171.7</ele>
<time>2024-04-21T10:17:03Z</time>
<extensions>
<tp1:TrackPointExtension>
<tp1:hr>141</tp1:hr>
</tp1:TrackPointExtension>
</extensions>
</trkpt>
<trkpt lat="58.59157409" lon="15.03241184">
<ele>171.9</ele>
<time>2024-04-21T10:17:06Z</time>
<extensions>
<tp1:TrackPointExtension>
<tp1:hr>140</tp1:hr>
</tp1:TrackPointExtension>
</extensions>
</trkpt>
<trkpt lat="58.59157543" lon="15.03232048">
<ele>172.1</ele>
<time>2024-04-21T10:17:08Z</time>
<extensions>
<tp1:TrackPointExtension>
<tp1:hr>137</tp1:hr>
</tp1:TrackPointExtension>
</extensions>
</trkpt>
<trkpt lat="58.59157417" lon="15.03222518">
<ele>172.3</ele>
<time>2024-04-21T10:17:10Z</time>
<extensions>
<tp1:TrackPointExtension>
<tp1:hr>139</tp1:hr>
</tp1:TrackPointExtension>
</extensions>
</trkpt>
<trkpt lat="58.59158029" lon="15.03212158">
<ele>172.3</ele>
<time>2024-04-21T10:17:12Z</time>
<extensions>
<tp1:TrackPointExtension>
<tp1:hr>137</tp1:hr>
</tp1:TrackPointExtension>
</extensions>
</trkpt>
<trkpt lat="58.59158884" lon="15.03203047">
<ele>172.5</ele>
<time>2024-04-21T10:17:14Z</time>
<extensions>
<tp1:TrackPointExtension>
<tp1:hr>135</tp1:hr>
</tp1:TrackPointExtension>
</extensions>
</trkpt>
<trkpt lat="58.59159554" lon="15.03197682">
<ele>172.5</ele>
<time>2024-04-21T10:17:15Z</time>
<extensions>
<tp1:TrackPointExtension>
<tp1:hr>132</tp1:hr>
</tp1:TrackPointExtension>
</extensions>
</trkpt>
<trkpt lat="58.5916061" lon="15.03194028">
<ele>172.5</ele>
<time>2024-04-21T10:17:16Z</time>
<extensions>
<tp1:TrackPointExtension>
<tp1:hr>132</tp1:hr>
</tp1:TrackPointExtension>
</extensions>
</trkpt>
<trkpt lat="58.59162882" lon="15.03188194">
<ele>172.7</ele>
<time>2024-04-21T10:17:18Z</time>
<extensions>
<tp1:TrackPointExtension>
<tp1:hr>132</tp1:hr>
</tp1:TrackPointExtension>
</extensions>
</trkpt>
<trkpt lat="58.59165732" lon="15.03165655">
<ele>173.1</ele>
<time>2024-04-21T10:17:23Z</time>
<extensions>
<tp1:TrackPointExtension>
<tp1:hr>132</tp1:hr>
</tp1:TrackPointExtension>
</extensions>
</trkpt>
<trkpt lat="58.59166897" lon="15.03159997">
<ele>173.1</ele>
<time>2024-04-21T10:17:25Z</time>
<extensions>
<tp1:TrackPointExtension>
<tp1:hr>132</tp1:hr>
</tp1:TrackPointExtension>
</extensions>
</trkpt>
<trkpt lat="58.59167182" lon="15.03154775">
<ele>173.3</ele>
<time>2024-04-21T10:17:26Z</time>
<extensions>
<tp1:TrackPointExtension>
<tp1:hr>131</tp1:hr>
</tp1:TrackPointExtension>
</extensions>
</trkpt>
<trkpt lat="58.5916833" lon="15.0314413">
<ele>173.3</ele>
<time>2024-04-21T10:17:28Z</time>
<extensions>
<tp1:TrackPointExtension>
<tp1:hr>135</tp1:hr>
</tp1:TrackPointExtension>
</extensions>
</trkpt>
<trkpt lat="58.59167827" lon="15.03137944">
<ele>173.5</ele>
<time>2024-04-21T10:17:29Z</time>
<extensions>
<tp1:TrackPointExtension>
<tp1:hr>137</tp1:hr>
</tp1:TrackPointExtension>
</extensions>
</trkpt>
<trkpt lat="58.59165916" lon="15.03128045">
<ele>173.5</ele>
<time>2024-04-21T10:17:31Z</time>
<extensions>
<tp1:TrackPointExtension>
<tp1:hr>134</tp1:hr>
</tp1:TrackPointExtension>
</extensions>
</trkpt>
<trkpt lat="58.59165279" lon="15.03124533">
<ele>173.5</ele>
<time>2024-04-21T10:17:32Z</time>
<extensions>
<tp1:TrackPointExtension>
<tp1:hr>134</tp1:hr>
</tp1:TrackPointExtension>
</extensions>
</trkpt>
<trkpt lat="58.59162429" lon="15.03095976">
<ele>173.9</ele>
<time>2024-04-21T10:17:38Z</time>
<extensions>
<tp1:TrackPointExtension>
<tp1:hr>135</tp1:hr>
</tp1:TrackPointExtension>
</extensions>
</trkpt>
<trkpt lat="58.59162278" lon="15.0307389">
<ele>174.3</ele>
<time>2024-04-21T10:17:42Z</time>
<extensions>
<tp1:TrackPointExtension>
<tp1:hr>134</tp1:hr>
</tp1:TrackPointExtension>
</extensions>
</trkpt>
<trkpt lat="58.59162094" lon="15.0306353">
<ele>174.5</ele>
<time>2024-04-21T10:17:44Z</time>
<extensions>
<tp1:TrackPointExtension>
<tp1:hr>134</tp1:hr>
</tp1:TrackPointExtension>
</extensions>
</trkpt>
<trkpt lat="58.5916077" lon="15.03041645">
<ele>174.9</ele>
<time>2024-04-21T10:17:49Z</time>
<extensions>
<tp1:TrackPointExtension>
<tp1:hr>133</tp1:hr>
</tp1:TrackPointExtension>
</extensions>
</trkpt>
<trkpt lat="58.59157886" lon="15.03023087">
<ele>175.3</ele>
<time>2024-04-21T10:17:53Z</time>
<extensions>
<tp1:TrackPointExtension>
<tp1:hr>132</tp1:hr>
</tp1:TrackPointExtension>
</extensions>
</trkpt>
<trkpt lat="58.59158079" lon="15.03017899">
<ele>175.3</ele>
<time>2024-04-21T10:17:54Z</time>
<extensions>
<tp1:TrackPointExtension>
<tp1:hr>131</tp1:hr>
</tp1:TrackPointExtension>
</extensions>
</trkpt>
<trkpt lat="58.59159437" lon="15.03002535">
<ele>175.5</ele>
<time>2024-04-21T10:17:57Z</time>
<extensions>
<tp1:TrackPointExtension>
<tp1:hr>134</tp1:hr>
</tp1:TrackPointExtension>
</extensions>
</trkpt>
<trkpt lat="58.59160124" lon="15.02997983">
<ele>175.5</ele>
<time>2024-04-21T10:17:58Z</time>
<extensions>
<tp1:TrackPointExtension>
<tp1:hr>135</tp1:hr>
</tp1:TrackPointExtension>
</extensions>
</trkpt>
<trkpt lat="58.59163142" lon="15.0296205">
<ele>176.0</ele>
<time>2024-04-21T10:18:05Z</time>
<extensions>
<tp1:TrackPointExtension>
<tp1:hr>133</tp1:hr>
</tp1:TrackPointExtension>
</extensions>
</trkpt>
<trkpt lat="58.5916564" lon="15.02944255">
<ele>176.2</ele>
<time>2024-04-21T10:18:10Z</time>
<extensions>
<tp1:TrackPointExtension>
<tp1:hr>133</tp1:hr>
</tp1:TrackPointExtension>
</extensions>
</trkpt>
<trkpt lat="58.59166545" lon="15.0294185">
<ele>176.2</ele>
<time>2024-04-21T10:18:11Z</time>
<extensions>
<tp1:TrackPointExtension>
<tp1:hr>134</tp1:hr>
</tp1:TrackPointExtension>
</extensions>
</trkpt>
<trkpt lat="58.59169395" lon="15.02932889">
<ele>176.4</ele>
<time>2024-04-21T10:18:14Z</time>
<extensions>
<tp1:TrackPointExtension>
<tp1:hr>137</tp1:hr>
</tp1:TrackPointExtension>
</extensions>
</trkpt>
<trkpt lat="58.59170669" lon="15.02921239">
<ele>176.4</ele>
<time>2024-04-21T10:18:17Z</time>
<extensions>
<tp1:TrackPointExtension>
<tp1:hr>138</tp1:hr>
</tp1:TrackPointExtension>
</extensions>
</trkpt>
<trkpt lat="58.59173259" lon="15.02904441">
<ele>176.2</ele>
<time>2024-04-21T10:18:22Z</time>
<extensions>
<tp1:TrackPointExtension>
<tp1:hr>139</tp1:hr>
</tp1:TrackPointExtension>
</extensions>
</trkpt>
<trkpt lat="58.59174726" lon="15.02902438">
<ele>176.2</ele>
<time>2024-04-21T10:18:23Z</time>
<extensions>
<tp1:TrackPointExtension>
<tp1:hr>139</tp1:hr>
</tp1:TrackPointExtension>
</extensions>
</trkpt>
<trkpt lat="58.59185094" lon="15.02890402">
<ele>176.0</ele>
<time>2024-04-21T10:18:28Z</time>
<extensions>
<tp1:TrackPointExtension>
<tp1:hr>142</tp1:hr>
</tp1:TrackPointExtension>
</extensions>
</trkpt>
<trkpt lat="58.59186485" lon="15.02887359">
<ele>176.0</ele>
<time>2024-04-21T10:18:29Z</time>
<extensions>
<tp1:TrackPointExtension>
<tp1:hr>142</tp1:hr>
</tp1:TrackPointExtension>
</extensions>
</trkpt>
<trkpt lat="58.59189838" lon="15.02882103">
<ele>176.0</ele>
<time>2024-04-21T10:18:31Z</time>
<extensions>
<tp1:TrackPointExtension>
<tp1:hr>143</tp1:hr>
</tp1:TrackPointExtension>
</extensions>
</trkpt>
<trkpt lat="58.59193451" lon="15.02873336">
<ele>175.8</ele>
<time>2024-04-21T10:18:34Z</time>
<extensions>
<tp1:TrackPointExtension>
<tp1:hr>143</tp1:hr>
</tp1:TrackPointExtension>
</extensions>
</trkpt>
<trkpt lat="58.59203978" lon="15.02854837">
<ele>175.6</ele>
<time>2024-04-21T10:18:41Z</time>
<extensions>
<tp1:TrackPointExtension>
<tp1:hr>146</tp1:hr>
</tp1:TrackPointExtension>
</extensions>
</trkpt>
<trkpt lat="58.59206292" lon="15.02851116">
<ele>175.4</ele>
<time>2024-04-21T10:18:43Z</time>
<extensions>
<tp1:TrackPointExtension>
<tp1:hr>148</tp1:hr>
</tp1:TrackPointExtension>
</extensions>
</trkpt>
<trkpt lat="58.59208069" lon="15.02845852">
<ele>175.4</ele>
<time>2024-04-21T10:18:45Z</time>
<extensions>
<tp1:TrackPointExtension>
<tp1:hr>146</tp1:hr>
</tp1:TrackPointExtension>
</extensions>
</trkpt>
<trkpt lat="58.59209242" lon="15.02842239">
<ele>175.4</ele>
<time>2024-04-21T10:18:46Z</time>
<extensions>
<tp1:TrackPointExtension>
<tp1:hr>145</tp1:hr>
</tp1:TrackPointExtension>
</extensions>
</trkpt>
<trkpt lat="58.5921174" lon="15.02831326">
<ele>175.2</ele>
<time>2024-04-21T10:18:49Z</time>
<extensions>
<tp1:TrackPointExtension>
<tp1:hr>142</tp1:hr>
</tp1:TrackPointExtension>
</extensions>
</trkpt>
<trkpt lat="58.59212578" lon="15.02826096">
<ele>175.2</ele>
<time>2024-04-21T10:18:50Z</time>
<extensions>
<tp1:TrackPointExtension>
<tp1:hr>142</tp1:hr>
</tp1:TrackPointExtension>
</extensions>
</trkpt>
<trkpt lat="58.59214665" lon="15.02815459">
<ele>175.2</ele>
<time>2024-04-21T10:18:52Z</time>
<extensions>
<tp1:TrackPointExtension>
<tp1:hr>142</tp1:hr>
</tp1:TrackPointExtension>
</extensions>
</trkpt>
<trkpt lat="58.592221" lon="15.02794521">
<ele>175.0</ele>
<time>2024-04-21T10:18:57Z</time>
<extensions>
<tp1:TrackPointExtension>
<tp1:hr>143</tp1:hr>
</tp1:TrackPointExtension>
</extensions>
</trkpt>
<trkpt lat="58.59231798" lon="15.02771018">
<ele>175.0</ele>
<time>2024-04-21T10:19:03Z</time>
<extensions>
<tp1:TrackPointExtension>
<tp1:hr>142</tp1:hr>
</tp1:TrackPointExtension>
</extensions>
</trkpt>
<trkpt lat="58.59234061" lon="15.02761563">
<ele>174.8</ele>
<time>2024-04-21T10:19:05Z</time>
<extensions>
<tp1:TrackPointExtension>
<tp1:hr>146</tp1:hr>
</tp1:TrackPointExtension>
</extensions>
</trkpt>
<trkpt lat="58.59234958" lon="15.02746166">
<ele>174.8</ele>
<time>2024-04-21T10:19:07Z</time>
<extensions>
<tp1:TrackPointExtension>
<tp1:hr>147</tp1:hr>
</tp1:TrackPointExtension>
</extensions>
</trkpt>
<trkpt lat="58.59238135" lon="15.02717575">
<ele>174.6</ele>
<time>2024-04-21T10:19:12Z</time>
<extensions>
<tp1:TrackPointExtension>
<tp1:hr>149</tp1:hr>
</tp1:TrackPointExtension>
</extensions>
</trkpt>
<trkpt lat="58.5923847" lon="15.02688096">
<ele>174.6</ele>
<time>2024-04-21T10:19:17Z</time>
<extensions>
<tp1:TrackPointExtension>
<tp1:hr>147</tp1:hr>
</tp1:TrackPointExtension>
</extensions>
</trkpt>
<trkpt lat="58.59239476" lon="15.02684793">
<ele>174.4</ele>
<time>2024-04-21T10:19:18Z</time>
<extensions>
<tp1:TrackPointExtension>
<tp1:hr>147</tp1:hr>
</tp1:TrackPointExtension>
</extensions>
</trkpt>
<trkpt lat="58.59240917" lon="15.02682606">
<ele>174.4</ele>
<time>2024-04-21T10:19:19Z</time>
<extensions>
<tp1:TrackPointExtension>
<tp1:hr>148</tp1:hr>
</tp1:TrackPointExtension>
</extensions>
</trkpt>
<trkpt lat="58.59243541" lon="15.02675649">
<ele>174.4</ele>
<time>2024-04-21T10:19:22Z</time>
<extensions>
<tp1:TrackPointExtension>
<tp1:hr>149</tp1:hr>
</tp1:TrackPointExtension>
</extensions>
</trkpt>
<trkpt lat="58.5924738" lon="15.02658717">
<ele>174.2</ele>
<time>2024-04-21T10:19:28Z</time>
<extensions>
<tp1:TrackPointExtension>
<tp1:hr>148</tp1:hr>
</tp1:TrackPointExtension>
</extensions>
</trkpt>
<trkpt lat="58.59247908" lon="15.02655624">
<ele>174.2</ele>
<time>2024-04-21T10:19:29Z</time>
<extensions>
<tp1:TrackPointExtension>
<tp1:hr>147</tp1:hr>
</tp1:TrackPointExtension>
</extensions>
</trkpt>
<trkpt lat="58.59250062" lon="15.02649028">
<ele>174.2</ele>
<time>2024-04-21T10:19:32Z</time>
<extensions>
<tp1:TrackPointExtension>
<tp1:hr>148</tp1:hr>
</tp1:TrackPointExtension>
</extensions>
</trkpt>
<trkpt lat="58.59251127" lon="15.02647276">
<ele>174.2</ele>
<time>2024-04-21T10:19:33Z</time>
<extensions>
<tp1:TrackPointExtension>
<tp1:hr>147</tp1:hr>
</tp1:TrackPointExtension>
</extensions>
</trkpt>
<trkpt lat="58.59260364" lon="15.02637">
<ele>174.4</ele>
<time>2024-04-21T10:19:39Z</time>
<extensions>
<tp1:TrackPointExtension>
<tp1:hr>150</tp1:hr>
</tp1:TrackPointExtension>
</extensions>
</trkpt>
<trkpt lat="58.59261738" lon="15.02632214">
<ele>174.4</ele>
<time>2024-04-21T10:19:41Z</time>
<extensions>
<tp1:TrackPointExtension>
<tp1:hr>152</tp1:hr>
</tp1:TrackPointExtension>
</extensions>
</trkpt>
<trkpt lat="58.59261462" lon="15.0262239">
<ele>174.6</ele>
<time>2024-04-21T10:19:44Z</time>
<extensions>
<tp1:TrackPointExtension>
<tp1:hr>152</tp1:hr>
</tp1:TrackPointExtension>
</extensions>
</trkpt>
<trkpt lat="58.59259911" lon="15.02610337">
<ele>174.8</ele>
<time>2024-04-21T10:19:49Z</time>
<extensions>
<tp1:TrackPointExtension>
<tp1:hr>151</tp1:hr>
</tp1:TrackPointExtension>
</extensions>
</trkpt>
<trkpt lat="58.59257773" lon="15.02605358">
<ele>175.0</ele>
<time>2024-04-21T10:19:52Z</time>
<extensions>
<tp1:TrackPointExtension>
<tp1:hr>149</tp1:hr>
</tp1:TrackPointExtension>
</extensions>
</trkpt>
<trkpt lat="58.59257086" lon="15.02602156">
<ele>175.0</ele>
<time>2024-04-21T10:19:55Z</time>
<extensions>
<tp1:TrackPointExtension>
<tp1:hr>148</tp1:hr>
</tp1:TrackPointExtension>
</extensions>
</trkpt>
<trkpt lat="58.59257597" lon="15.02597865">
<ele>175.2</ele>
<time>2024-04-21T10:19:58Z</time>
<extensions>
<tp1:TrackPointExtension>
<tp1:hr>144</tp1:hr>
</tp1:TrackPointExtension>
</extensions>
</trkpt>
<trkpt lat="58.59258276" lon="15.02587748">
<ele>175.6</ele>
<time>2024-04-21T10:20:03Z</time>
<extensions>
<tp1:TrackPointExtension>
<tp1:hr>142</tp1:hr>
</tp1:TrackPointExtension>
</extensions>
</trkpt>
<trkpt lat="58.59258519" lon="15.02586122">
<ele>175.8</ele>
<time>2024-04-21T10:20:04Z</time>
<extensions>
<tp1:TrackPointExtension>
<tp1:hr>142</tp1:hr>
</tp1:TrackPointExtension>
</extensions>
</trkpt>
<trkpt lat="58.59259944" lon="15.02576516">
<ele>176.2</ele>
<time>2024-04-21T10:20:09Z</time>
<extensions>
<tp1:TrackPointExtension>
<tp1:hr>140</tp1:hr>
</tp1:TrackPointExtension>
</extensions>
</trkpt>
<trkpt lat="58.59259408" lon="15.02568201">
<ele>176.6</ele>
<time>2024-04-21T10:20:12Z</time>
<extensions>
<tp1:TrackPointExtension>
<tp1:hr>143</tp1:hr>
</tp1:TrackPointExtension>
</extensions>
</trkpt>
<trkpt lat="58.59259794" lon="15.02564823">
<ele>176.8</ele>
<time>2024-04-21T10:20:13Z</time>
<extensions>
<tp1:TrackPointExtension>
<tp1:hr>146</tp1:hr>
</tp1:TrackPointExtension>
</extensions>
</trkpt>
<trkpt lat="58.59260657" lon="15.02562342">
<ele>176.8</ele>
<time>2024-04-21T10:20:14Z</time>
<extensions>
<tp1:TrackPointExtension>
<tp1:hr>145</tp1:hr>
</tp1:TrackPointExtension>
</extensions>
</trkpt>
<trkpt lat="58.59264144" lon="15.02550264">
<ele>177.3</ele>
<time>2024-04-21T10:20:18Z</time>
<extensions>
<tp1:TrackPointExtension>
<tp1:hr>144</tp1:hr>
</tp1:TrackPointExtension>
</extensions>
</trkpt>
<trkpt lat="58.59264177" lon="15.02545067">
<ele>177.3</ele>
<time>2024-04-21T10:20:19Z</time>
<extensions>
<tp1:TrackPointExtension>
<tp1:hr>143</tp1:hr>
</tp1:TrackPointExtension>
</extensions>
</trkpt>
<trkpt lat="58.59263934" lon="15.02539502">
<ele>177.5</ele>
<time>2024-04-21T10:20:20Z</time>
<extensions>
<tp1:TrackPointExtension>
<tp1:hr>140</tp1:hr>
</tp1:TrackPointExtension>
</extensions>
</trkpt>
<trkpt lat="58.5926349" lon="15.02528588">
<ele>177.7</ele>
<time>2024-04-21T10:20:22Z</time>
<extensions>
<tp1:TrackPointExtension>
<tp1:hr>134</tp1:hr>
</tp1:TrackPointExtension>
</extensions>
</trkpt>
<trkpt lat="58.59264228" lon="15.02519553">
<ele>177.9</ele>
<time>2024-04-21T10:20:24Z</time>
<extensions>
<tp1:TrackPointExtension>
<tp1:hr>133</tp1:hr>
</tp1:TrackPointExtension>
</extensions>
</trkpt>
<trkpt lat="58.59264152" lon="15.02516041">
<ele>178.1</ele>
<time>2024-04-21T10:20:25Z</time>
<extensions>
<tp1:TrackPointExtension>
<tp1:hr>134</tp1:hr>
</tp1:TrackPointExtension>
</extensions>
</trkpt>
<trkpt lat="58.5926354" lon="15.02510274">
<ele>178.3</ele>
<time>2024-04-21T10:20:27Z</time>
<extensions>
<tp1:TrackPointExtension>
<tp1:hr>135</tp1:hr>
</tp1:TrackPointExtension>
</extensions>
</trkpt>
<trkpt lat="58.5926235" lon="15.02506829">
<ele>178.5</ele>
<time>2024-04-21T10:20:28Z</time>
<extensions>
<tp1:TrackPointExtension>
<tp1:hr>136</tp1:hr>
</tp1:TrackPointExtension>
</extensions>
</trkpt>
<trkpt lat="58.59259525" lon="15.02500635">
<ele>178.7</ele>
<time>2024-04-21T10:20:30Z</time>
<extensions>
<tp1:TrackPointExtension>
<tp1:hr>136</tp1:hr>
</tp1:TrackPointExtension>
</extensions>
</trkpt>
<trkpt lat="58.59257941" lon="15.02499595">
<ele>178.9</ele>
<time>2024-04-21T10:20:32Z</time>
<extensions>
<tp1:TrackPointExtension>
<tp1:hr>138</tp1:hr>
</tp1:TrackPointExtension>
</extensions>
</trkpt>
<trkpt lat="58.59260682" lon="15.02501682">
<ele>179.1</ele>
<time>2024-04-21T10:20:34Z</time>
<extensions>
<tp1:TrackPointExtension>
<tp1:hr>141</tp1:hr>
</tp1:TrackPointExtension>
</extensions>
</trkpt>
<trkpt lat="58.59262241" lon="15.02503468">
<ele>179.3</ele>
<time>2024-04-21T10:20:35Z</time>
<extensions>
<tp1:TrackPointExtension>
<tp1:hr>141</tp1:hr>
</tp1:TrackPointExtension>
</extensions>
</trkpt>
<trkpt lat="58.59263817" lon="15.02504742">
<ele>179.5</ele>
<time>2024-04-21T10:20:36Z</time>
<extensions>
<tp1:TrackPointExtension>
<tp1:hr>141</tp1:hr>
</tp1:TrackPointExtension>
</extensions>
</trkpt>
<trkpt lat="58.59266231" lon="15.02507064">
<ele>179.7</ele>
<time>2024-04-21T10:20:38Z</time>
<extensions>
<tp1:TrackPointExtension>
<tp1:hr>141</tp1:hr>
</tp1:TrackPointExtension>
</extensions>
</trkpt>
<trkpt lat="58.59265669" lon="15.02513593">
<ele>179.9</ele>
<time>2024-04-21T10:20:40Z</time>
<extensions>
<tp1:TrackPointExtension>
<tp1:hr>140</tp1:hr>
</tp1:TrackPointExtension>
</extensions>
</trkpt>
<trkpt lat="58.59264261" lon="15.02532494">
<ele>180.3</ele>
<time>2024-04-21T10:20:44Z</time>
<extensions>
<tp1:TrackPointExtension>
<tp1:hr>139</tp1:hr>
</tp1:TrackPointExtension>
</extensions>
</trkpt>
<trkpt lat="58.5926551" lon="15.02537976">
<ele>180.3</ele>
<time>2024-04-21T10:20:45Z</time>
<extensions>
<tp1:TrackPointExtension>
<tp1:hr>141</tp1:hr>
</tp1:TrackPointExtension>
</extensions>
</trkpt>
<trkpt lat="58.59273163" lon="15.0255049">
<ele>180.7</ele>
<time>2024-04-21T10:20:48Z</time>
<extensions>
<tp1:TrackPointExtension>
<tp1:hr>142</tp1:hr>
</tp1:TrackPointExtension>
</extensions>
</trkpt>
<trkpt lat="58.59279592" lon="15.02556726">
<ele>180.9</ele>
<time>2024-04-21T10:20:50Z</time>
<extensions>
<tp1:TrackPointExtension>
<tp1:hr>145</tp1:hr>
</tp1:TrackPointExtension>
</extensions>
</trkpt>
<trkpt lat="58.59289214" lon="15.02562191">
<ele>181.1</ele>
<time>2024-04-21T10:20:53Z</time>
<extensions>
<tp1:TrackPointExtension>
<tp1:hr>150</tp1:hr>
</tp1:TrackPointExtension>
</extensions>
</trkpt>
<trkpt lat="58.59295861" lon="15.02567841">
<ele>181.3</ele>
<time>2024-04-21T10:20:54Z</time>
<extensions>
<tp1:TrackPointExtension>
<tp1:hr>147</tp1:hr>
</tp1:TrackPointExtension>
</extensions>
</trkpt>
<trkpt lat="58.59302315" lon="15.02573993">
<ele>181.5</ele>
<time>2024-04-21T10:20:57Z</time>
<extensions>
<tp1:TrackPointExtension>
<tp1:hr>149</tp1:hr>
</tp1:TrackPointExtension>
</extensions>
</trkpt>
<trkpt lat="58.59308953" lon="15.02579198">
<ele>181.5</ele>
<time>2024-04-21T10:20:59Z</time>
<extensions>
<tp1:TrackPointExtension>
<tp1:hr>152</tp1:hr>
</tp1:TrackPointExtension>
</extensions>
</trkpt>
<trkpt lat="58.59312608" lon="15.02580975">
<ele>181.7</ele>
<time>2024-04-21T10:21:00Z</time>
<extensions>
<tp1:TrackPointExtension>
<tp1:hr>154</tp1:hr>
</tp1:TrackPointExtension>
</extensions>
</trkpt>
<trkpt lat="58.59329162" lon="15.02585007">
<ele>182.1</ele>
<time>2024-04-21T10:21:05Z</time>
<extensions>
<tp1:TrackPointExtension>
<tp1:hr>153</tp1:hr>
</tp1:TrackPointExtension>
</extensions>
</trkpt>
<trkpt lat="58.59342221" lon="15.02579173">
<ele>182.5</ele>
<time>2024-04-21T10:21:10Z</time>
<extensions>
<tp1:TrackPointExtension>
<tp1:hr>153</tp1:hr>
</tp1:TrackPointExtension>
</extensions>
</trkpt>
<trkpt lat="58.59359873" lon="15.0256562">
<ele>182.9</ele>
<time>2024-04-21T10:21:17Z</time>
<extensions>
<tp1:TrackPointExtension>
<tp1:hr>154</tp1:hr>
</tp1:TrackPointExtension>
</extensions>
</trkpt>
<trkpt lat="58.59375296" lon="15.02566315">
<ele>183.5</ele>
<time>2024-04-21T10:21:23Z</time>
<extensions>
<tp1:TrackPointExtension>
<tp1:hr>154</tp1:hr>
</tp1:TrackPointExtension>
</extensions>
</trkpt>
<trkpt lat="58.5938227" lon="15.02567405">
<ele>183.7</ele>
<time>2024-04-21T10:21:26Z</time>
<extensions>
<tp1:TrackPointExtension>
<tp1:hr>150</tp1:hr>
</tp1:TrackPointExtension>
</extensions>
</trkpt>
<trkpt lat="58.59384533" lon="15.0256655">
<ele>183.9</ele>
<time>2024-04-21T10:21:28Z</time>
<extensions>
<tp1:TrackPointExtension>
<tp1:hr>149</tp1:hr>
</tp1:TrackPointExtension>
</extensions>
</trkpt>
<trkpt lat="58.59394155" lon="15.02555997">
<ele>184.3</ele>
<time>2024-04-21T10:21:34Z</time>
<extensions>
<tp1:TrackPointExtension>
<tp1:hr>149</tp1:hr>
</tp1:TrackPointExtension>
</extensions>
</trkpt>
<trkpt lat="58.59401314" lon="15.02555058">
<ele>184.5</ele>
<time>2024-04-21T10:21:38Z</time>
<extensions>
<tp1:TrackPointExtension>
<tp1:hr>147</tp1:hr>
</tp1:TrackPointExtension>
</extensions>
</trkpt>
<trkpt lat="58.594033" lon="15.02555771">
<ele>184.5</ele>
<time>2024-04-21T10:21:39Z</time>
<extensions>
<tp1:TrackPointExtension>
<tp1:hr>146</tp1:hr>
</tp1:TrackPointExtension>
</extensions>
</trkpt>
<trkpt lat="58.59412671" lon="15.02557749">
<ele>184.7</ele>
<time>2024-04-21T10:21:43Z</time>
<extensions>
<tp1:TrackPointExtension>
<tp1:hr>143</tp1:hr>
</tp1:TrackPointExtension>
</extensions>
</trkpt>
<trkpt lat="58.59418496" lon="15.02557623">
<ele>184.9</ele>
<time>2024-04-21T10:21:46Z</time>
<extensions>
<tp1:TrackPointExtension>
<tp1:hr>146</tp1:hr>
</tp1:TrackPointExtension>
</extensions>
</trkpt>
<trkpt lat="58.5942029" lon="15.0255702">
<ele>184.9</ele>
<time>2024-04-21T10:21:47Z</time>
<extensions>
<tp1:TrackPointExtension>
<tp1:hr>146</tp1:hr>
</tp1:TrackPointExtension>
</extensions>
</trkpt>
<trkpt lat="58.59427256" lon="15.02558227">
<ele>185.1</ele>
<time>2024-04-21T10:21:50Z</time>
<extensions>
<tp1:TrackPointExtension>
<tp1:hr>147</tp1:hr>
</tp1:TrackPointExtension>
</extensions>
</trkpt>
<trkpt lat="58.59429502" lon="15.02557573">
<ele>185.1</ele>
<time>2024-04-21T10:21:51Z</time>
<extensions>
<tp1:TrackPointExtension>
<tp1:hr>150</tp1:hr>
</tp1:TrackPointExtension>
</extensions>
</trkpt>
<trkpt lat="58.59431346" lon="15.02555855">
<ele>185.1</ele>
<time>2024-04-21T10:21:52Z</time>
<extensions>
<tp1:TrackPointExtension>
<tp1:hr>151</tp1:hr>
</tp1:TrackPointExtension>
</extensions>
</trkpt>
<trkpt lat="58.59433039" lon="15.02552879">
<ele>185.1</ele>
<time>2024-04-21T10:21:53Z</time>
<extensions>
<tp1:TrackPointExtension>
<tp1:hr>147</tp1:hr>
</tp1:TrackPointExtension>
</extensions>
</trkpt>
<trkpt lat="58.59439099" lon="15.02541077">
<ele>185.1</ele>
<time>2024-04-21T10:21:56Z</time>
<extensions>
<tp1:TrackPointExtension>
<tp1:hr>148</tp1:hr>
</tp1:TrackPointExtension>
</extensions>
</trkpt>
<trkpt lat="58.59446626" lon="15.02525269">
<ele>185.3</ele>
<time>2024-04-21T10:22:01Z</time>
<extensions>
<tp1:TrackPointExtension>
<tp1:hr>149</tp1:hr>
</tp1:TrackPointExtension>
</extensions>
</trkpt>
<trkpt lat="58.59448202" lon="15.02517273">
<ele>185.3</ele>
<time>2024-04-21T10:22:06Z</time>
<extensions>
<tp1:TrackPointExtension>
<tp1:hr>149</tp1:hr>
</tp1:TrackPointExtension>
</extensions>
</trkpt>
<trkpt lat="58.59454505" lon="15.02516468">
<ele>185.3</ele>
<time>2024-04-21T10:22:09Z</time>
<extensions>
<tp1:TrackPointExtension>
<tp1:hr>146</tp1:hr>
</tp1:TrackPointExtension>
</extensions>
</trkpt>
<trkpt lat="58.59456366" lon="15.02515714">
<ele>185.3</ele>
<time>2024-04-21T10:22:10Z</time>
<extensions>
<tp1:TrackPointExtension>
<tp1:hr>144</tp1:hr>
</tp1:TrackPointExtension>
</extensions>
</trkpt>
<trkpt lat="58.59466156" lon="15.02505127">
<ele>185.3</ele>
<time>2024-04-21T10:22:16Z</time>
<extensions>
<tp1:TrackPointExtension>
<tp1:hr>143</tp1:hr>
</tp1:TrackPointExtension>
</extensions>
</trkpt>
<trkpt lat="58.59468453" lon="15.02503811">
<ele>185.3</ele>
<time>2024-04-21T10:22:17Z</time>
<extensions>
<tp1:TrackPointExtension>
<tp1:hr>144</tp1:hr>
</tp1:TrackPointExtension>
</extensions>
</trkpt>
<trkpt lat="58.59476935" lon="15.02492345">
<ele>185.3</ele>
<time>2024-04-21T10:22:22Z</time>
<extensions>
<tp1:TrackPointExtension>
<tp1:hr>143</tp1:hr>
</tp1:TrackPointExtension>
</extensions>
</trkpt>
<trkpt lat="58.59484118" lon="15.02472463">
<ele>185.1</ele>
<time>2024-04-21T10:22:27Z</time>
<extensions>
<tp1:TrackPointExtension>
<tp1:hr>146</tp1:hr>
</tp1:TrackPointExtension>
</extensions>
</trkpt>
<trkpt lat="58.59485627" lon="15.02468213">
<ele>185.1</ele>
<time>2024-04-21T10:22:28Z</time>
<extensions>
<tp1:TrackPointExtension>
<tp1:hr>146</tp1:hr>
</tp1:TrackPointExtension>
</extensions>
</trkpt>
<trkpt lat="58.59491939" lon="15.02454727">
<ele>185.1</ele>
<time>2024-04-21T10:22:32Z</time>
<extensions>
<tp1:TrackPointExtension>
<tp1:hr>146</tp1:hr>
</tp1:TrackPointExtension>
</extensions>
</trkpt>
<trkpt lat="58.59499156" lon="15.02447234">
<ele>184.8</ele>
<time>2024-04-21T10:22:36Z</time>
<extensions>
<tp1:TrackPointExtension>
<tp1:hr>145</tp1:hr>
</tp1:TrackPointExtension>
</extensions>
</trkpt>
<trkpt lat="58.5950996" lon="15.02445071">
<ele>184.6</ele>
<time>2024-04-21T10:22:43Z</time>
<extensions>
<tp1:TrackPointExtension>
<tp1:hr>146</tp1:hr>
</tp1:TrackPointExtension>
</extensions>
</trkpt>
<trkpt lat="58.59516079" lon="15.02435742">
<ele>184.6</ele>
<time>2024-04-21T10:22:48Z</time>
<extensions>
<tp1:TrackPointExtension>
<tp1:hr>143</tp1:hr>
</tp1:TrackPointExtension>
</extensions>
</trkpt>
<trkpt lat="58.59517654" lon="15.02432364">
<ele>184.6</ele>
<time>2024-04-21T10:22:49Z</time>
<extensions>
<tp1:TrackPointExtension>
<tp1:hr>140</tp1:hr>
</tp1:TrackPointExtension>
</extensions>
</trkpt>
<trkpt lat="58.59518811" lon="15.02429154">
<ele>184.6</ele>
<time>2024-04-21T10:22:50Z</time>
<extensions>
<tp1:TrackPointExtension>
<tp1:hr>138</tp1:hr>
</tp1:TrackPointExtension>
</extensions>
</trkpt>
<trkpt lat="58.59523446" lon="15.02418023">
<ele>184.4</ele>
<time>2024-04-21T10:22:53Z</time>
<extensions>
<tp1:TrackPointExtension>
<tp1:hr>136</tp1:hr>
</tp1:TrackPointExtension>
</extensions>
</trkpt>
<trkpt lat="58.59525324" lon="15.02416086">
<ele>184.4</ele>
<time>2024-04-21T10:22:54Z</time>
<extensions>
<tp1:TrackPointExtension>
<tp1:hr>135</tp1:hr>
</tp1:TrackPointExtension>
</extensions>
</trkpt>
<trkpt lat="58.59530135" lon="15.0240985">
<ele>184.4</ele>
<time>2024-04-21T10:22:58Z</time>
<extensions>
<tp1:TrackPointExtension>
<tp1:hr>134</tp1:hr>
</tp1:TrackPointExtension>
</extensions>
</trkpt>
<trkpt lat="58.59531535" lon="15.02407419">
<ele>184.4</ele>
<time>2024-04-21T10:23:00Z</time>
<extensions>
<tp1:TrackPointExtension>
<tp1:hr>133</tp1:hr>
</tp1:TrackPointExtension>
</extensions>
</trkpt>
<trkpt lat="58.59532138" lon="15.02405408">
<ele>184.4</ele>
<time>2024-04-21T10:23:01Z</time>
<extensions>
<tp1:TrackPointExtension>
<tp1:hr>132</tp1:hr>
</tp1:TrackPointExtension>
</extensions>
</trkpt>
<trkpt lat="58.59538995" lon="15.02392332">
<ele>184.6</ele>
<time>2024-04-21T10:23:07Z</time>
<extensions>
<tp1:TrackPointExtension>
<tp1:hr>133</tp1:hr>
</tp1:TrackPointExtension>
</extensions>
</trkpt>
<trkpt lat="58.59547025" lon="15.02388066">
<ele>184.8</ele>
<time>2024-04-21T10:23:11Z</time>
<extensions>
<tp1:TrackPointExtension>
<tp1:hr>136</tp1:hr>
</tp1:TrackPointExtension>
</extensions>
</trkpt>
<trkpt lat="58.59548139" lon="15.02386255">
<ele>184.8</ele>
<time>2024-04-21T10:23:12Z</time>
<extensions>
<tp1:TrackPointExtension>
<tp1:hr>137</tp1:hr>
</tp1:TrackPointExtension>
</extensions>
</trkpt>
<trkpt lat="58.59553546" lon="15.02371796">
<ele>185.0</ele>
<time>2024-04-21T10:23:18Z</time>
<extensions>
<tp1:TrackPointExtension>
<tp1:hr>137</tp1:hr>
</tp1:TrackPointExtension>
</extensions>
</trkpt>
<trkpt lat="58.59555985" lon="15.02368586">
<ele>185.2</ele>
<time>2024-04-21T10:23:20Z</time>
<extensions>
<tp1:TrackPointExtension>
<tp1:hr>142</tp1:hr>
</tp1:TrackPointExtension>
</extensions>
</trkpt>
<trkpt lat="58.59556471" lon="15.0236701">
<ele>185.2</ele>
<time>2024-04-21T10:23:21Z</time>
<extensions>
<tp1:TrackPointExtension>
<tp1:hr>142</tp1:hr>
</tp1:TrackPointExtension>
</extensions>
</trkpt>
<trkpt lat="58.595572" lon="15.0236235">
<ele>185.4</ele>
<time>2024-04-21T10:23:23Z</time>
<extensions>
<tp1:TrackPointExtension>
<tp1:hr>148</tp1:hr>
</tp1:TrackPointExtension>
</extensions>
</trkpt>
<trkpt lat="58.59557737" lon="15.02358352">
<ele>185.4</ele>
<time>2024-04-21T10:23:24Z</time>
<extensions>
<tp1:TrackPointExtension>
<tp1:hr>149</tp1:hr>
</tp1:TrackPointExtension>
</extensions>
</trkpt>
<trkpt lat="58.59558307" lon="15.0235121">
<ele>185.6</ele>
<time>2024-04-21T10:23:26Z</time>
<extensions>
<tp1:TrackPointExtension>
<tp1:hr>154</tp1:hr>
</tp1:TrackPointExtension>
</extensions>
</trkpt>
<trkpt lat="58.59558793" lon="15.02347187">
<ele>185.6</ele>
<time>2024-04-21T10:23:28Z</time>
<extensions>
<tp1:TrackPointExtension>
<tp1:hr>157</tp1:hr>
</tp1:TrackPointExtension>
</extensions>
</trkpt>
<trkpt lat="58.5956658" lon="15.02339534">
<ele>185.8</ele>
<time>2024-04-21T10:23:34Z</time>
<extensions>
<tp1:TrackPointExtension>
<tp1:hr>157</tp1:hr>
</tp1:TrackPointExtension>
</extensions>
</trkpt>
<trkpt lat="58.59575272" lon="15.02337095">
<ele>185.8</ele>
<time>2024-04-21T10:23:39Z</time>
<extensions>
<tp1:TrackPointExtension>
<tp1:hr>154</tp1:hr>
</tp1:TrackPointExtension>
</extensions>
</trkpt>
<trkpt lat="58.5957678" lon="15.0233474">
<ele>186.0</ele>
<time>2024-04-21T10:23:40Z</time>
<extensions>
<tp1:TrackPointExtension>
<tp1:hr>154</tp1:hr>
</tp1:TrackPointExtension>
</extensions>
</trkpt>
<trkpt lat="58.59583042" lon="15.02321212">
<ele>186.0</ele>
<time>2024-04-21T10:23:44Z</time>
<extensions>
<tp1:TrackPointExtension>
<tp1:hr>152</tp1:hr>
</tp1:TrackPointExtension>
</extensions>
</trkpt>
<trkpt lat="58.59594039" lon="15.02310986">
<ele>186.2</ele>
<time>2024-04-21T10:23:50Z</time>
<extensions>
<tp1:TrackPointExtension>
<tp1:hr>152</tp1:hr>
</tp1:TrackPointExtension>
</extensions>
</trkpt>
<trkpt lat="58.59602965" lon="15.02311841">
<ele>186.4</ele>
<time>2024-04-21T10:23:54Z</time>
<extensions>
<tp1:TrackPointExtension>
<tp1:hr>151</tp1:hr>
</tp1:TrackPointExtension>
</extensions>
</trkpt>
<trkpt lat="58.59606746" lon="15.02317188">
<ele>186.6</ele>
<time>2024-04-21T10:23:56Z</time>
<extensions>
<tp1:TrackPointExtension>
<tp1:hr>152</tp1:hr>
</tp1:TrackPointExtension>
</extensions>
</trkpt>
<trkpt lat="58.5960864" lon="15.02324305">
<ele>186.6</ele>
<time>2024-04-21T10:23:58Z</time>
<extensions>
<tp1:TrackPointExtension>
<tp1:hr>155</tp1:hr>
</tp1:TrackPointExtension>
</extensions>
</trkpt>
<trkpt lat="58.59611389" lon="15.02331253">
<ele>186.8</ele>
<time>2024-04-21T10:24:00Z</time>
<extensions>
<tp1:TrackPointExtension>
<tp1:hr>154</tp1:hr>
</tp1:TrackPointExtension>
</extensions>
</trkpt>
<trkpt lat="58.59612538" lon="15.02335075">
<ele>186.8</ele>
<time>2024-04-21T10:24:01Z</time>
<extensions>
<tp1:TrackPointExtension>
<tp1:hr>154</tp1:hr>
</tp1:TrackPointExtension>
</extensions>
</trkpt>
<trkpt lat="58.59622864" lon="15.02353272">
<ele>187.0</ele>
<time>2024-04-21T10:24:07Z</time>
<extensions>
<tp1:TrackPointExtension>
<tp1:hr>152</tp1:hr>
</tp1:TrackPointExtension>
</extensions>
</trkpt>
<trkpt lat="58.59631531" lon="15.0237292">
<ele>187.8</ele>
<time>2024-04-21T10:24:12Z</time>
<extensions>
<tp1:TrackPointExtension>
<tp1:hr>152</tp1:hr>
</tp1:TrackPointExtension>
</extensions>
</trkpt>
<trkpt lat="58.59635001" lon="15.02381947">
<ele>188.0</ele>
<time>2024-04-21T10:24:14Z</time>
<extensions>
<tp1:TrackPointExtension>
<tp1:hr>153</tp1:hr>
</tp1:TrackPointExtension>
</extensions>
</trkpt>
<trkpt lat="58.59640826" lon="15.02394092">
<ele>187.2</ele>
<time>2024-04-21T10:24:18Z</time>
<extensions>
<tp1:TrackPointExtension>
<tp1:hr>156</tp1:hr>
</tp1:TrackPointExtension>
</extensions>
</trkpt>
<trkpt lat="58.59642025" lon="15.02397068">
<ele>187.2</ele>
<time>2024-04-21T10:24:19Z</time>
<extensions>
<tp1:TrackPointExtension>
<tp1:hr>158</tp1:hr>
</tp1:TrackPointExtension>
</extensions>
</trkpt>
<trkpt lat="58.59645579" lon="15.0240426">
<ele>187.0</ele>
<time>2024-04-21T10:24:22Z</time>
<extensions>
<tp1:TrackPointExtension>
<tp1:hr>159</tp1:hr>
</tp1:TrackPointExtension>
</extensions>
</trkpt>
<trkpt lat="58.59650843" lon="15.02410186">
<ele>187.2</ele>
<time>2024-04-21T10:24:25Z</time>
<extensions>
<tp1:TrackPointExtension>
<tp1:hr>162</tp1:hr>
</tp1:TrackPointExtension>
</extensions>
</trkpt>
<trkpt lat="58.59661069" lon="15.02417997">
<ele>189.0</ele>
<time>2024-04-21T10:24:30Z</time>
<extensions>
<tp1:TrackPointExtension>
<tp1:hr>165</tp1:hr>
</tp1:TrackPointExtension>
</extensions>
</trkpt>
<trkpt lat="58.59664338" lon="15.02422666">
<ele>189.4</ele>
<time>2024-04-21T10:24:32Z</time>
<extensions>
<tp1:TrackPointExtension>
<tp1:hr>164</tp1:hr>
</tp1:TrackPointExtension>
</extensions>
</trkpt>
<trkpt lat="58.59666165" lon="15.02428232">
<ele>190.4</ele>
<time>2024-04-21T10:24:34Z</time>
<extensions>
<tp1:TrackPointExtension>
<tp1:hr>164</tp1:hr>
</tp1:TrackPointExtension>
</extensions>
</trkpt>
<trkpt lat="58.59668881" lon="15.02432205">
<ele>191.2</ele>
<time>2024-04-21T10:24:36Z</time>
<extensions>
<tp1:TrackPointExtension>
<tp1:hr>164</tp1:hr>
</tp1:TrackPointExtension>
</extensions>
</trkpt>
<trkpt lat="58.59670876" lon="15.02434166">
<ele>191.6</ele>
<time>2024-04-21T10:24:37Z</time>
<extensions>
<tp1:TrackPointExtension>
<tp1:hr>164</tp1:hr>
</tp1:TrackPointExtension>
</extensions>
</trkpt>
<trkpt lat="58.59679182" lon="15.02440503">
<ele>192.6</ele>
<time>2024-04-21T10:24:42Z</time>
<extensions>
<tp1:TrackPointExtension>
<tp1:hr>163</tp1:hr>
</tp1:TrackPointExtension>
</extensions>
</trkpt>
<trkpt lat="58.59680993" lon="15.02442129">
<ele>192.6</ele>
<time>2024-04-21T10:24:43Z</time>
<extensions>
<tp1:TrackPointExtension>
<tp1:hr>161</tp1:hr>
</tp1:TrackPointExtension>
</extensions>
</trkpt>
<trkpt lat="58.59691671" lon="15.02449597">
<ele>193.4</ele>
<time>2024-04-21T10:24:48Z</time>
<extensions>
<tp1:TrackPointExtension>
<tp1:hr>161</tp1:hr>
</tp1:TrackPointExtension>
</extensions>
</trkpt>
<trkpt lat="58.59693624" lon="15.02449111">
<ele>193.5</ele>
<time>2024-04-21T10:24:49Z</time>
<extensions>
<tp1:TrackPointExtension>
<tp1:hr>160</tp1:hr>
</tp1:TrackPointExtension>
</extensions>
</trkpt>
<trkpt lat="58.59699575" lon="15.02453621">
<ele>194.5</ele>
<time>2024-04-21T10:24:52Z</time>
<extensions>
<tp1:TrackPointExtension>
<tp1:hr>159</tp1:hr>
</tp1:TrackPointExtension>
</extensions>
</trkpt>
<trkpt lat="58.59703272" lon="15.02455037">
<ele>194.7</ele>
<time>2024-04-21T10:24:54Z</time>
<extensions>
<tp1:TrackPointExtension>
<tp1:hr>157</tp1:hr>
</tp1:TrackPointExtension>
</extensions>
</trkpt>
<trkpt lat="58.59717554" lon="15.02455423">
<ele>194.9</ele>
<time>2024-04-21T10:25:01Z</time>
<extensions>
<tp1:TrackPointExtension>
<tp1:hr>160</tp1:hr>
</tp1:TrackPointExtension>
</extensions>
</trkpt>
<trkpt lat="58.5972229" lon="15.02455029">
<ele>195.3</ele>
<time>2024-04-21T10:25:03Z</time>
<extensions>
<tp1:TrackPointExtension>
<tp1:hr>163</tp1:hr>
</tp1:TrackPointExtension>
</extensions>
</trkpt>
<trkpt lat="58.59727554" lon="15.02454953">
<ele>195.9</ele>
<time>2024-04-21T10:25:05Z</time>
<extensions>
<tp1:TrackPointExtension>
<tp1:hr>165</tp1:hr>
</tp1:TrackPointExtension>
</extensions>
</trkpt>
<trkpt lat="58.59730194" lon="15.02455976">
<ele>195.9</ele>
<time>2024-04-21T10:25:06Z</time>
<extensions>
<tp1:TrackPointExtension>
<tp1:hr>166</tp1:hr>
</tp1:TrackPointExtension>
</extensions>
</trkpt>
<trkpt lat="58.59740772" lon="15.02465975">
<ele>196.7</ele>
<time>2024-04-21T10:25:11Z</time>
<extensions>
<tp1:TrackPointExtension>
<tp1:hr>167</tp1:hr>
</tp1:TrackPointExtension>
</extensions>
</trkpt>
<trkpt lat="58.59749305" lon="15.02475464">
<ele>196.7</ele>
<time>2024-04-21T10:25:15Z</time>
<extensions>
<tp1:TrackPointExtension>
<tp1:hr>163</tp1:hr>
</tp1:TrackPointExtension>
</extensions>
</trkpt>
<trkpt lat="58.59751602" lon="15.02482873">
<ele>196.7</ele>
<time>2024-04-21T10:25:17Z</time>
<extensions>
<tp1:TrackPointExtension>
<tp1:hr>162</tp1:hr>
</tp1:TrackPointExtension>
</extensions>
</trkpt>
<trkpt lat="58.59752381" lon="15.0248657">
<ele>196.9</ele>
<time>2024-04-21T10:25:18Z</time>
<extensions>
<tp1:TrackPointExtension>
<tp1:hr>162</tp1:hr>
</tp1:TrackPointExtension>
</extensions>
</trkpt>
<trkpt lat="58.59758534" lon="15.02500073">
<ele>196.9</ele>
<time>2024-04-21T10:25:22Z</time>
<extensions>
<tp1:TrackPointExtension>
<tp1:hr>162</tp1:hr>
</tp1:TrackPointExtension>
</extensions>
</trkpt>
<trkpt lat="58.59764175" lon="15.0251024">
<ele>197.1</ele>
<time>2024-04-21T10:25:25Z</time>
<extensions>
<tp1:TrackPointExtension>
<tp1:hr>165</tp1:hr>
</tp1:TrackPointExtension>
</extensions>
</trkpt>
<trkpt lat="58.59766672" lon="15.02512956">
<ele>197.1</ele>
<time>2024-04-21T10:25:27Z</time>
<extensions>
<tp1:TrackPointExtension>
<tp1:hr>164</tp1:hr>
</tp1:TrackPointExtension>
</extensions>
</trkpt>
<trkpt lat="58.59774392" lon="15.02518362">
<ele>197.3</ele>
<time>2024-04-21T10:25:32Z</time>
<extensions>
<tp1:TrackPointExtension>
<tp1:hr>161</tp1:hr>
</tp1:TrackPointExtension>
</extensions>
</trkpt>
<trkpt lat="58.59777938" lon="15.02521648">
<ele>197.3</ele>
<time>2024-04-21T10:25:34Z</time>
<extensions>
<tp1:TrackPointExtension>
<tp1:hr>163</tp1:hr>
</tp1:TrackPointExtension>
</extensions>
</trkpt>
<trkpt lat="58.59786789" lon="15.02530265">
<ele>197.3</ele>
<time>2024-04-21T10:25:38Z</time>
<extensions>
<tp1:TrackPointExtension>
<tp1:hr>161</tp1:hr>
</tp1:TrackPointExtension>
</extensions>
</trkpt>
<trkpt lat="58.59789421" lon="15.02530483">
<ele>197.3</ele>
<time>2024-04-21T10:25:39Z</time>
<extensions>
<tp1:TrackPointExtension>
<tp1:hr>159</tp1:hr>
</tp1:TrackPointExtension>
</extensions>
</trkpt>
<trkpt lat="58.5980217" lon="15.02530566">
<ele>197.5</ele>
<time>2024-04-21T10:25:45Z</time>
<extensions>
<tp1:TrackPointExtension>
<tp1:hr>159</tp1:hr>
</tp1:TrackPointExtension>
</extensions>
</trkpt>
<trkpt lat="58.5980978" lon="15.02525277">
<ele>197.5</ele>
<time>2024-04-21T10:25:49Z</time>
<extensions>
<tp1:TrackPointExtension>
<tp1:hr>159</tp1:hr>
</tp1:TrackPointExtension>
</extensions>
</trkpt>
<trkpt lat="58.59811298" lon="15.02525764">
<ele>197.5</ele>
<time>2024-04-21T10:25:50Z</time>
<extensions>
<tp1:TrackPointExtension>
<tp1:hr>158</tp1:hr>
</tp1:TrackPointExtension>
</extensions>
</trkpt>
<trkpt lat="58.5981776" lon="15.02525344">
<ele>197.5</ele>
<time>2024-04-21T10:25:54Z</time>
<extensions>
<tp1:TrackPointExtension>
<tp1:hr>156</tp1:hr>
</tp1:TrackPointExtension>
</extensions>
</trkpt>
<trkpt lat="58.59825966" lon="15.02527105">
<ele>197.1</ele>
<time>2024-04-21T10:25:58Z</time>
<extensions>
<tp1:TrackPointExtension>
<tp1:hr>154</tp1:hr>
</tp1:TrackPointExtension>
</extensions>
</trkpt>
<trkpt lat="58.59836527" lon="15.02532695">
<ele>196.7</ele>
<time>2024-04-21T10:26:03Z</time>
<extensions>
<tp1:TrackPointExtension>
<tp1:hr>153</tp1:hr>
</tp1:TrackPointExtension>
</extensions>
</trkpt>
<trkpt lat="58.59838262" lon="15.02531799">
<ele>196.7</ele>
<time>2024-04-21T10:26:04Z</time>
<extensions>
<tp1:TrackPointExtension>
<tp1:hr>153</tp1:hr>
</tp1:TrackPointExtension>
</extensions>
</trkpt>
<trkpt lat="58.59847826" lon="15.02525252">
<ele>196.3</ele>
<time>2024-04-21T10:26:09Z</time>
<extensions>
<tp1:TrackPointExtension>
<tp1:hr>149</tp1:hr>
</tp1:TrackPointExtension>
</extensions>
</trkpt>
<trkpt lat="58.59850391" lon="15.02526074">
<ele>196.1</ele>
<time>2024-04-21T10:26:10Z</time>
<extensions>
<tp1:TrackPointExtension>
<tp1:hr>147</tp1:hr>
</tp1:TrackPointExtension>
</extensions>
</trkpt>
<trkpt lat="58.59860684" lon="15.02522495">
<ele>195.9</ele>
<time>2024-04-21T10:26:15Z</time>
<extensions>
<tp1:TrackPointExtension>
<tp1:hr>146</tp1:hr>
</tp1:TrackPointExtension>
</extensions>
</trkpt>
<trkpt lat="58.59862729" lon="15.0252076">
<ele>195.7</ele>
<time>2024-04-21T10:26:16Z</time>
<extensions>
<tp1:TrackPointExtension>
<tp1:hr>145</tp1:hr>
</tp1:TrackPointExtension>
</extensions>
</trkpt>
<trkpt lat="58.59871564" lon="15.02514917">
<ele>195.5</ele>
<time>2024-04-21T10:26:20Z</time>
<extensions>
<tp1:TrackPointExtension>
<tp1:hr>146</tp1:hr>
</tp1:TrackPointExtension>
</extensions>
</trkpt>
<trkpt lat="58.59882955" lon="15.02503744">
<ele>195.1</ele>
<time>2024-04-21T10:26:25Z</time>
<extensions>
<tp1:TrackPointExtension>
<tp1:hr>147</tp1:hr>
</tp1:TrackPointExtension>
</extensions>
</trkpt>
<trkpt lat="58.59894203" lon="15.02494784">
<ele>194.7</ele>
<time>2024-04-21T10:26:30Z</time>
<extensions>
<tp1:TrackPointExtension>
<tp1:hr>151</tp1:hr>
</tp1:TrackPointExtension>
</extensions>
</trkpt>
<trkpt lat="58.59902417" lon="15.02485178">
<ele>194.5</ele>
<time>2024-04-21T10:26:35Z</time>
<extensions>
<tp1:TrackPointExtension>
<tp1:hr>152</tp1:hr>
</tp1:TrackPointExtension>
</extensions>
</trkpt>
<trkpt lat="58.59914018" lon="15.02476679">
<ele>194.1</ele>
<time>2024-04-21T10:26:41Z</time>
<extensions>
<tp1:TrackPointExtension>
<tp1:hr>151</tp1:hr>
</tp1:TrackPointExtension>
</extensions>
</trkpt>
<trkpt lat="58.59915577" lon="15.02475799">
<ele>191.5</ele>
<time>2024-04-21T10:26:42Z</time>
<extensions>
<tp1:TrackPointExtension>
<tp1:hr>152</tp1:hr>
</tp1:TrackPointExtension>
</extensions>
</trkpt>
<trkpt lat="58.59916692" lon="15.02473863">
<ele>190.5</ele>
<time>2024-04-21T10:26:43Z</time>
<extensions>
<tp1:TrackPointExtension>
<tp1:hr>152</tp1:hr>
</tp1:TrackPointExtension>
</extensions>
</trkpt>
<trkpt lat="58.59920774" lon="15.02466562">
<ele>190.1</ele>
<time>2024-04-21T10:26:47Z</time>
<extensions>
<tp1:TrackPointExtension>
<tp1:hr>153</tp1:hr>
</tp1:TrackPointExtension>
</extensions>
</trkpt>
<trkpt lat="58.59925107" lon="15.02464157">
<ele>191.3</ele>
<time>2024-04-21T10:26:50Z</time>
<extensions>
<tp1:TrackPointExtension>
<tp1:hr>150</tp1:hr>
</tp1:TrackPointExtension>
</extensions>
</trkpt>
<trkpt lat="58.59926985" lon="15.02462212">
<ele>191.7</ele>
<time>2024-04-21T10:26:51Z</time>
<extensions>
<tp1:TrackPointExtension>
<tp1:hr>150</tp1:hr>
</tp1:TrackPointExtension>
</extensions>
</trkpt>
<trkpt lat="58.59930849" lon="15.0245782">
<ele>192.1</ele>
<time>2024-04-21T10:26:53Z</time>
<extensions>
<tp1:TrackPointExtension>
<tp1:hr>148</tp1:hr>
</tp1:TrackPointExtension>
</extensions>
</trkpt>
<trkpt lat="58.59935392" lon="15.0245093">
<ele>192.7</ele>
<time>2024-04-21T10:26:56Z</time>
<extensions>
<tp1:TrackPointExtension>
<tp1:hr>149</tp1:hr>
</tp1:TrackPointExtension>
</extensions>
</trkpt>
<trkpt lat="58.59939666" lon="15.024444">
<ele>192.9</ele>
<time>2024-04-21T10:26:59Z</time>
<extensions>
<tp1:TrackPointExtension>
<tp1:hr>153</tp1:hr>
</tp1:TrackPointExtension>
</extensions>
</trkpt>
<trkpt lat="58.59943924" lon="15.02444325">
<ele>193.5</ele>
<time>2024-04-21T10:27:01Z</time>
<extensions>
<tp1:TrackPointExtension>
<tp1:hr>150</tp1:hr>
</tp1:TrackPointExtension>
</extensions>
</trkpt>
<trkpt lat="58.59948937" lon="15.02442925">
<ele>193.7</ele>
<time>2024-04-21T10:27:03Z</time>
<extensions>
<tp1:TrackPointExtension>
<tp1:hr>151</tp1:hr>
</tp1:TrackPointExtension>
</extensions>
</trkpt>
<trkpt lat="58.5995301" lon="15.02438022">
<ele>193.0</ele>
<time>2024-04-21T10:27:05Z</time>
<extensions>
<tp1:TrackPointExtension>
<tp1:hr>152</tp1:hr>
</tp1:TrackPointExtension>
</extensions>
</trkpt>
<trkpt lat="58.59956137" lon="15.02431056">
<ele>192.4</ele>
<time>2024-04-21T10:27:07Z</time>
<extensions>
<tp1:TrackPointExtension>
<tp1:hr>152</tp1:hr>
</tp1:TrackPointExtension>
</extensions>
</trkpt>
<trkpt lat="58.59960621" lon="15.02417394">
<ele>191.4</ele>
<time>2024-04-21T10:27:10Z</time>
<extensions>
<tp1:TrackPointExtension>
<tp1:hr>152</tp1:hr>
</tp1:TrackPointExtension>
</extensions>
</trkpt>
<trkpt lat="58.59961677" lon="15.02412574">
<ele>191.0</ele>
<time>2024-04-21T10:27:11Z</time>
<extensions>
<tp1:TrackPointExtension>
<tp1:hr>152</tp1:hr>
</tp1:TrackPointExtension>
</extensions>
</trkpt>
<trkpt lat="58.5996415" lon="15.02396741">
<ele>192.4</ele>
<time>2024-04-21T10:27:15Z</time>
<extensions>
<tp1:TrackPointExtension>
<tp1:hr>156</tp1:hr>
</tp1:TrackPointExtension>
</extensions>
</trkpt>
<trkpt lat="58.59964661" lon="15.0239483">
<ele>192.8</ele>
<time>2024-04-21T10:27:16Z</time>
<extensions>
<tp1:TrackPointExtension>
<tp1:hr>154</tp1:hr>
</tp1:TrackPointExtension>
</extensions>
</trkpt>
<trkpt lat="58.59964653" lon="15.02387789">
<ele>193.4</ele>
<time>2024-04-21T10:27:19Z</time>
<extensions>
<tp1:TrackPointExtension>
<tp1:hr>152</tp1:hr>
</tp1:TrackPointExtension>
</extensions>
</trkpt>
<trkpt lat="58.59965022" lon="15.02381695">
<ele>193.8</ele>
<time>2024-04-21T10:27:21Z</time>
<extensions>
<tp1:TrackPointExtension>
<tp1:hr>152</tp1:hr>
</tp1:TrackPointExtension>
</extensions>
</trkpt>
<trkpt lat="58.59965592" lon="15.02377924">
<ele>194.0</ele>
<time>2024-04-21T10:27:22Z</time>
<extensions>
<tp1:TrackPointExtension>
<tp1:hr>152</tp1:hr>
</tp1:TrackPointExtension>
</extensions>
</trkpt>
<trkpt lat="58.59966799" lon="15.02374537">
<ele>194.2</ele>
<time>2024-04-21T10:27:23Z</time>
<extensions>
<tp1:TrackPointExtension>
<tp1:hr>151</tp1:hr>
</tp1:TrackPointExtension>
</extensions>
</trkpt>
<trkpt lat="58.59968123" lon="15.02372274">
<ele>194.4</ele>
<time>2024-04-21T10:27:24Z</time>
<extensions>
<tp1:TrackPointExtension>
<tp1:hr>154</tp1:hr>
</tp1:TrackPointExtension>
</extensions>
</trkpt>
<trkpt lat="58.59971275" lon="15.02369575">
<ele>195.0</ele>
<time>2024-04-21T10:27:26Z</time>
<extensions>
<tp1:TrackPointExtension>
<tp1:hr>153</tp1:hr>
</tp1:TrackPointExtension>
</extensions>
</trkpt>
<trkpt lat="58.59976639" lon="15.02364077">
<ele>196.0</ele>
<time>2024-04-21T10:27:30Z</time>
<extensions>
<tp1:TrackPointExtension>
<tp1:hr>154</tp1:hr>
</tp1:TrackPointExtension>
</extensions>
</trkpt>
<trkpt lat="58.59979439" lon="15.02361638">
<ele>196.0</ele>
<time>2024-04-21T10:27:31Z</time>
<extensions>
<tp1:TrackPointExtension>
<tp1:hr>155</tp1:hr>
</tp1:TrackPointExtension>
</extensions>
</trkpt>
<trkpt lat="58.59989421" lon="15.02354639">
<ele>196.4</ele>
<time>2024-04-21T10:27:35Z</time>
<extensions>
<tp1:TrackPointExtension>
<tp1:hr>150</tp1:hr>
</tp1:TrackPointExtension>
</extensions>
</trkpt>
<trkpt lat="58.59991475" lon="15.02351713">
<ele>195.8</ele>
<time>2024-04-21T10:27:36Z</time>
<extensions>
<tp1:TrackPointExtension>
<tp1:hr>151</tp1:hr>
</tp1:TrackPointExtension>
</extensions>
</trkpt>
<trkpt lat="58.59994492" lon="15.02341504">
<ele>194.6</ele>
<time>2024-04-21T10:27:39Z</time>
<extensions>
<tp1:TrackPointExtension>
<tp1:hr>154</tp1:hr>
</tp1:TrackPointExtension>
</extensions>
</trkpt>
<trkpt lat="58.59995641" lon="15.02339702">
<ele>194.4</ele>
<time>2024-04-21T10:27:40Z</time>
<extensions>
<tp1:TrackPointExtension>
<tp1:hr>154</tp1:hr>
</tp1:TrackPointExtension>
</extensions>
</trkpt>
<trkpt lat="58.60004978" lon="15.02329124">
<ele>195.8</ele>
<time>2024-04-21T10:27:47Z</time>
<extensions>
<tp1:TrackPointExtension>
<tp1:hr>155</tp1:hr>
</tp1:TrackPointExtension>
</extensions>
</trkpt>
<trkpt lat="58.6000606" lon="15.0232754">
<ele>196.0</ele>
<time>2024-04-21T10:27:48Z</time>
<extensions>
<tp1:TrackPointExtension>
<tp1:hr>155</tp1:hr>
</tp1:TrackPointExtension>
</extensions>
</trkpt>
<trkpt lat="58.60008289" lon="15.02324598">
<ele>196.8</ele>
<time>2024-04-21T10:27:50Z</time>
<extensions>
<tp1:TrackPointExtension>
<tp1:hr>155</tp1:hr>
</tp1:TrackPointExtension>
</extensions>
</trkpt>
<trkpt lat="58.60011952" lon="15.0231951">
<ele>197.8</ele>
<time>2024-04-21T10:27:54Z</time>
<extensions>
<tp1:TrackPointExtension>
<tp1:hr>153</tp1:hr>
</tp1:TrackPointExtension>
</extensions>
</trkpt>
<trkpt lat="58.60015539" lon="15.02315462">
<ele>198.2</ele>
<time>2024-04-21T10:27:56Z</time>
<extensions>
<tp1:TrackPointExtension>
<tp1:hr>153</tp1:hr>
</tp1:TrackPointExtension>
</extensions>
</trkpt>
<trkpt lat="58.60020443" lon="15.02311589">
<ele>198.2</ele>
<time>2024-04-21T10:27:59Z</time>
<extensions>
<tp1:TrackPointExtension>
<tp1:hr>152</tp1:hr>
</tp1:TrackPointExtension>
</extensions>
</trkpt>
<trkpt lat="58.60023201" lon="15.02312017">
<ele>198.2</ele>
<time>2024-04-21T10:28:01Z</time>
<extensions>
<tp1:TrackPointExtension>
<tp1:hr>152</tp1:hr>
</tp1:TrackPointExtension>
</extensions>
</trkpt>
<trkpt lat="58.60026059" lon="15.0230915">
<ele>198.2</ele>
<time>2024-04-21T10:28:03Z</time>
<extensions>
<tp1:TrackPointExtension>
<tp1:hr>156</tp1:hr>
</tp1:TrackPointExtension>
</extensions>
</trkpt>
<trkpt lat="58.60027567" lon="15.02306887">
<ele>198.2</ele>
<time>2024-04-21T10:28:04Z</time>
<extensions>
<tp1:TrackPointExtension>
<tp1:hr>158</tp1:hr>
</tp1:TrackPointExtension>
</extensions>
</trkpt>
<trkpt lat="58.60032002" lon="15.02297717">
<ele>198.0</ele>
<time>2024-04-21T10:28:07Z</time>
<extensions>
<tp1:TrackPointExtension>
<tp1:hr>159</tp1:hr>
</tp1:TrackPointExtension>
</extensions>
</trkpt>
<trkpt lat="58.6003522" lon="15.02292386">
<ele>198.0</ele>
<time>2024-04-21T10:28:09Z</time>
<extensions>
<tp1:TrackPointExtension>
<tp1:hr>159</tp1:hr>
</tp1:TrackPointExtension>
</extensions>
</trkpt>
<trkpt lat="58.60039579" lon="15.0229299">
<ele>198.0</ele>
<time>2024-04-21T10:28:12Z</time>
<extensions>
<tp1:TrackPointExtension>
<tp1:hr>158</tp1:hr>
</tp1:TrackPointExtension>
</extensions>
</trkpt>
<trkpt lat="58.60048958" lon="15.02292135">
<ele>197.8</ele>
<time>2024-04-21T10:28:17Z</time>
<extensions>
<tp1:TrackPointExtension>
<tp1:hr>156</tp1:hr>
</tp1:TrackPointExtension>
</extensions>
</trkpt>
<trkpt lat="58.600504" lon="15.02291188">
<ele>197.6</ele>
<time>2024-04-21T10:28:18Z</time>
<extensions>
<tp1:TrackPointExtension>
<tp1:hr>155</tp1:hr>
</tp1:TrackPointExtension>
</extensions>
</trkpt>
<trkpt lat="58.6006014" lon="15.02281523">
<ele>197.4</ele>
<time>2024-04-21T10:28:24Z</time>
<extensions>
<tp1:TrackPointExtension>
<tp1:hr>152</tp1:hr>
</tp1:TrackPointExtension>
</extensions>
</trkpt>
<trkpt lat="58.60067809" lon="15.02282546">
<ele>197.2</ele>
<time>2024-04-21T10:28:29Z</time>
<extensions>
<tp1:TrackPointExtension>
<tp1:hr>149</tp1:hr>
</tp1:TrackPointExtension>
</extensions>
</trkpt>
<trkpt lat="58.60079963" lon="15.02278816">
<ele>197.0</ele>
<time>2024-04-21T10:28:35Z</time>
<extensions>
<tp1:TrackPointExtension>
<tp1:hr>148</tp1:hr>
</tp1:TrackPointExtension>
</extensions>
</trkpt>
<trkpt lat="58.60085445" lon="15.02274969">
<ele>196.8</ele>
<time>2024-04-21T10:28:38Z</time>
<extensions>
<tp1:TrackPointExtension>
<tp1:hr>146</tp1:hr>
</tp1:TrackPointExtension>
</extensions>
</trkpt>
<trkpt lat="58.60086861" lon="15.02272471">
<ele>196.8</ele>
<time>2024-04-21T10:28:39Z</time>
<extensions>
<tp1:TrackPointExtension>
<tp1:hr>147</tp1:hr>
</tp1:TrackPointExtension>
</extensions>
</trkpt>
<trkpt lat="58.6009044" lon="15.02265623">
<ele>196.6</ele>
<time>2024-04-21T10:28:41Z</time>
<extensions>
<tp1:TrackPointExtension>
<tp1:hr>146</tp1:hr>
</tp1:TrackPointExtension>
</extensions>
</trkpt>
<trkpt lat="58.60092175" lon="15.0226336">
<ele>193.4</ele>
<time>2024-04-21T10:28:42Z</time>
<extensions>
<tp1:TrackPointExtension>
<tp1:hr>145</tp1:hr>
</tp1:TrackPointExtension>
</extensions>
</trkpt>
<trkpt lat="58.60093877" lon="15.02262086">
<ele>191.8</ele>
<time>2024-04-21T10:28:43Z</time>
<extensions>
<tp1:TrackPointExtension>
<tp1:hr>143</tp1:hr>
</tp1:TrackPointExtension>
</extensions>
</trkpt>
<trkpt lat="58.60097095" lon="15.02259789">
<ele>190.2</ele>
<time>2024-04-21T10:28:45Z</time>
<extensions>
<tp1:TrackPointExtension>
<tp1:hr>144</tp1:hr>
</tp1:TrackPointExtension>
</extensions>
</trkpt>
<trkpt lat="58.60100297" lon="15.02256135">
<ele>189.8</ele>
<time>2024-04-21T10:28:47Z</time>
<extensions>
<tp1:TrackPointExtension>
<tp1:hr>148</tp1:hr>
</tp1:TrackPointExtension>
</extensions>
</trkpt>
<trkpt lat="58.60107497" lon="15.02252522">
<ele>189.6</ele>
<time>2024-04-21T10:28:52Z</time>
<extensions>
<tp1:TrackPointExtension>
<tp1:hr>147</tp1:hr>
</tp1:TrackPointExtension>
</extensions>
</trkpt>
<trkpt lat="58.60112577" lon="15.022517">
<ele>189.2</ele>
<time>2024-04-21T10:28:55Z</time>
<extensions>
<tp1:TrackPointExtension>
<tp1:hr>146</tp1:hr>
</tp1:TrackPointExtension>
</extensions>
</trkpt>
<trkpt lat="58.60118084" lon="15.02248205">
<ele>188.0</ele>
<time>2024-04-21T10:28:59Z</time>
<extensions>
<tp1:TrackPointExtension>
<tp1:hr>145</tp1:hr>
</tp1:TrackPointExtension>
</extensions>
</trkpt>
<trkpt lat="58.60119894" lon="15.02247744">
<ele>188.0</ele>
<time>2024-04-21T10:29:00Z</time>
<extensions>
<tp1:TrackPointExtension>
<tp1:hr>144</tp1:hr>
</tp1:TrackPointExtension>
</extensions>
</trkpt>
<trkpt lat="58.60125485" lon="15.02248406">
<ele>187.0</ele>
<time>2024-04-21T10:29:04Z</time>
<extensions>
<tp1:TrackPointExtension>
<tp1:hr>142</tp1:hr>
</tp1:TrackPointExtension>
</extensions>
</trkpt>
<trkpt lat="58.60128377" lon="15.02251307">
<ele>186.6</ele>
<time>2024-04-21T10:29:06Z</time>
<extensions>
<tp1:TrackPointExtension>
<tp1:hr>141</tp1:hr>
</tp1:TrackPointExtension>
</extensions>
</trkpt>
<trkpt lat="58.6013183" lon="15.02256009">
<ele>185.8</ele>
<time>2024-04-21T10:29:10Z</time>
<extensions>
<tp1:TrackPointExtension>
<tp1:hr>142</tp1:hr>
</tp1:TrackPointExtension>
</extensions>
</trkpt>
<trkpt lat="58.60132786" lon="15.0225621">
<ele>185.6</ele>
<time>2024-04-21T10:29:11Z</time>
<extensions>
<tp1:TrackPointExtension>
<tp1:hr>141</tp1:hr>
</tp1:TrackPointExtension>
</extensions>
</trkpt>
<trkpt lat="58.60134236" lon="15.02257308">
<ele>184.8</ele>
<time>2024-04-21T10:29:14Z</time>
<extensions>
<tp1:TrackPointExtension>
<tp1:hr>140</tp1:hr>
</tp1:TrackPointExtension>
</extensions>
</trkpt>
<trkpt lat="58.60135023" lon="15.02257383">
<ele>184.6</ele>
<time>2024-04-21T10:29:15Z</time>
<extensions>
<tp1:TrackPointExtension>
<tp1:hr>138</tp1:hr>
</tp1:TrackPointExtension>
</extensions>
</trkpt>
<trkpt lat="58.60136826" lon="15.02258247">
<ele>184.4</ele>
<time>2024-04-21T10:29:17Z</time>
<extensions>
<tp1:TrackPointExtension>
<tp1:hr>138</tp1:hr>
</tp1:TrackPointExtension>
</extensions>
</trkpt>
<trkpt lat="58.60138686" lon="15.02259647">
<ele>183.9</ele>
<time>2024-04-21T10:29:19Z</time>
<extensions>
<tp1:TrackPointExtension>
<tp1:hr>137</tp1:hr>
</tp1:TrackPointExtension>
</extensions>
</trkpt>
<trkpt lat="58.6014017" lon="15.02261231">
<ele>183.9</ele>
<time>2024-04-21T10:29:22Z</time>
<extensions>
<tp1:TrackPointExtension>
<tp1:hr>136</tp1:hr>
</tp1:TrackPointExtension>
</extensions>
</trkpt>
<trkpt lat="58.60144797" lon="15.02262429">
<ele>183.9</ele>
<time>2024-04-21T10:29:30Z</time>
<extensions>
<tp1:TrackPointExtension>
<tp1:hr>136</tp1:hr>
</tp1:TrackPointExtension>
</extensions>
</trkpt>
<trkpt lat="58.60146498" lon="15.02265682">
<ele>183.9</ele>
<time>2024-04-21T10:29:33Z</time>
<extensions>
<tp1:TrackPointExtension>
<tp1:hr>133</tp1:hr>
</tp1:TrackPointExtension>
</extensions>
</trkpt>
<trkpt lat="58.60149298" lon="15.02265916">
<ele>183.9</ele>
<time>2024-04-21T10:29:36Z</time>
<extensions>
<tp1:TrackPointExtension>
<tp1:hr>133</tp1:hr>
</tp1:TrackPointExtension>
</extensions>
</trkpt>
<trkpt lat="58.60153648" lon="15.02269462">
<ele>183.9</ele>
<time>2024-04-21T10:29:44Z</time>
<extensions>
<tp1:TrackPointExtension>
<tp1:hr>134</tp1:hr>
</tp1:TrackPointExtension>
</extensions>
</trkpt>
<trkpt lat="58.60155098" lon="15.02269973">
<ele>183.9</ele>
<time>2024-04-21T10:29:46Z</time>
<extensions>
<tp1:TrackPointExtension>
<tp1:hr>137</tp1:hr>
</tp1:TrackPointExtension>
</extensions>
</trkpt>
<trkpt lat="58.60156691" lon="15.02271985">
<ele>183.9</ele>
<time>2024-04-21T10:29:49Z</time>
<extensions>
<tp1:TrackPointExtension>
<tp1:hr>140</tp1:hr>
</tp1:TrackPointExtension>
</extensions>
</trkpt>
<trkpt lat="58.60157956" lon="15.02276679">
<ele>183.9</ele>
<time>2024-04-21T10:29:52Z</time>
<extensions>
<tp1:TrackPointExtension>
<tp1:hr>142</tp1:hr>
</tp1:TrackPointExtension>
</extensions>
</trkpt>
<trkpt lat="58.60161049" lon="15.02286091">
<ele>183.9</ele>
<time>2024-04-21T10:29:58Z</time>
<extensions>
<tp1:TrackPointExtension>
<tp1:hr>139</tp1:hr>
</tp1:TrackPointExtension>
</extensions>
</trkpt>
<trkpt lat="58.60161033" lon="15.02287785">
<ele>183.9</ele>
<time>2024-04-21T10:29:59Z</time>
<extensions>
<tp1:TrackPointExtension>
<tp1:hr>140</tp1:hr>
</tp1:TrackPointExtension>
</extensions>
</trkpt>
<trkpt lat="58.6016374" lon="15.0230428">
<ele>183.9</ele>
<time>2024-04-21T10:30:05Z</time>
<extensions>
<tp1:TrackPointExtension>
<tp1:hr>140</tp1:hr>
</tp1:TrackPointExtension>
</extensions>
</trkpt>
<trkpt lat="58.60163983" lon="15.02307449">
<ele>183.9</ele>
<time>2024-04-21T10:30:06Z</time>
<extensions>
<tp1:TrackPointExtension>
<tp1:hr>139</tp1:hr>
</tp1:TrackPointExtension>
</extensions>
</trkpt>
<trkpt lat="58.60164989" lon="15.02315545">
<ele>184.5</ele>
<time>2024-04-21T10:30:12Z</time>
<extensions>
<tp1:TrackPointExtension>
<tp1:hr>137</tp1:hr>
</tp1:TrackPointExtension>
</extensions>
</trkpt>
<trkpt lat="58.601683" lon="15.02321145">
<ele>186.1</ele>
<time>2024-04-21T10:30:15Z</time>
<extensions>
<tp1:TrackPointExtension>
<tp1:hr>137</tp1:hr>
</tp1:TrackPointExtension>
</extensions>
</trkpt>
<trkpt lat="58.60170923" lon="15.02324313">
<ele>187.1</ele>
<time>2024-04-21T10:30:17Z</time>
<extensions>
<tp1:TrackPointExtension>
<tp1:hr>140</tp1:hr>
</tp1:TrackPointExtension>
</extensions>
</trkpt>
<trkpt lat="58.60172398" lon="15.02325637">
<ele>187.3</ele>
<time>2024-04-21T10:30:18Z</time>
<extensions>
<tp1:TrackPointExtension>
<tp1:hr>142</tp1:hr>
</tp1:TrackPointExtension>
</extensions>
</trkpt>
<trkpt lat="58.60173471" lon="15.02326886">
<ele>187.3</ele>
<time>2024-04-21T10:30:19Z</time>
<extensions>
<tp1:TrackPointExtension>
<tp1:hr>147</tp1:hr>
</tp1:TrackPointExtension>
</extensions>
</trkpt>
<trkpt lat="58.60174058" lon="15.02327825">
<ele>187.5</ele>
<time>2024-04-21T10:30:20Z</time>
<extensions>
<tp1:TrackPointExtension>
<tp1:hr>149</tp1:hr>
</tp1:TrackPointExtension>
</extensions>
</trkpt>
<trkpt lat="58.60175374" lon="15.02329552">
<ele>187.7</ele>
<time>2024-04-21T10:30:22Z</time>
<extensions>
<tp1:TrackPointExtension>
<tp1:hr>153</tp1:hr>
</tp1:TrackPointExtension>
</extensions>
</trkpt>
<trkpt lat="58.60176807" lon="15.02330029">
<ele>188.1</ele>
<time>2024-04-21T10:30:24Z</time>
<extensions>
<tp1:TrackPointExtension>
<tp1:hr>153</tp1:hr>
</tp1:TrackPointExtension>
</extensions>
</trkpt>
<trkpt lat="58.60177" lon="15.02330549">
<ele>188.3</ele>
<time>2024-04-21T10:30:25Z</time>
<extensions>
<tp1:TrackPointExtension>
<tp1:hr>153</tp1:hr>
</tp1:TrackPointExtension>
</extensions>
</trkpt>
<trkpt lat="58.60176958" lon="15.02330968">
<ele>188.7</ele>
<time>2024-04-21T10:30:26Z</time>
<extensions>
<tp1:TrackPointExtension>
<tp1:hr>152</tp1:hr>
</tp1:TrackPointExtension>
</extensions>
</trkpt>
<trkpt lat="58.6017721" lon="15.0233645">
<ele>189.1</ele>
<time>2024-04-21T10:30:28Z</time>
<extensions>
<tp1:TrackPointExtension>
<tp1:hr>151</tp1:hr>
</tp1:TrackPointExtension>
</extensions>
</trkpt>
<trkpt lat="58.60178065" lon="15.02340364">
<ele>189.5</ele>
<time>2024-04-21T10:30:30Z</time>
<extensions>
<tp1:TrackPointExtension>
<tp1:hr>151</tp1:hr>
</tp1:TrackPointExtension>
</extensions>
</trkpt>
<trkpt lat="58.60178903" lon="15.02346642">
<ele>190.3</ele>
<time>2024-04-21T10:30:32Z</time>
<extensions>
<tp1:TrackPointExtension>
<tp1:hr>151</tp1:hr>
</tp1:TrackPointExtension>
</extensions>
</trkpt>
<trkpt lat="58.60179531" lon="15.02349073">
<ele>190.9</ele>
<time>2024-04-21T10:30:33Z</time>
<extensions>
<tp1:TrackPointExtension>
<tp1:hr>150</tp1:hr>
</tp1:TrackPointExtension>
</extensions>
</trkpt>
<trkpt lat="58.60181493" lon="15.02354002">
<ele>191.5</ele>
<time>2024-04-21T10:30:35Z</time>
<extensions>
<tp1:TrackPointExtension>
<tp1:hr>149</tp1:hr>
</tp1:TrackPointExtension>
</extensions>
</trkpt>
<trkpt lat="58.60182608" lon="15.0235722">
<ele>192.1</ele>
<time>2024-04-21T10:30:37Z</time>
<extensions>
<tp1:TrackPointExtension>
<tp1:hr>147</tp1:hr>
</tp1:TrackPointExtension>
</extensions>
</trkpt>
<trkpt lat="58.60183186" lon="15.02360615">
<ele>192.7</ele>
<time>2024-04-21T10:30:39Z</time>
<extensions>
<tp1:TrackPointExtension>
<tp1:hr>147</tp1:hr>
</tp1:TrackPointExtension>
</extensions>
</trkpt>
<trkpt lat="58.60183027" lon="15.02362375">
<ele>193.3</ele>
<time>2024-04-21T10:30:41Z</time>
<extensions>
<tp1:TrackPointExtension>
<tp1:hr>146</tp1:hr>
</tp1:TrackPointExtension>
</extensions>
</trkpt>
<trkpt lat="58.60183395" lon="15.02363473">
<ele>193.5</ele>
<time>2024-04-21T10:30:42Z</time>
<extensions>
<tp1:TrackPointExtension>
<tp1:hr>145</tp1:hr>
</tp1:TrackPointExtension>
</extensions>
</trkpt>
<trkpt lat="58.6018498" lon="15.02364781">
<ele>194.7</ele>
<time>2024-04-21T10:30:45Z</time>
<extensions>
<tp1:TrackPointExtension>
<tp1:hr>145</tp1:hr>
</tp1:TrackPointExtension>
</extensions>
</trkpt>
<trkpt lat="58.60186161" lon="15.02366834">
<ele>195.7</ele>
<time>2024-04-21T10:30:47Z</time>
<extensions>
<tp1:TrackPointExtension>
<tp1:hr>143</tp1:hr>
</tp1:TrackPointExtension>
</extensions>
</trkpt>
<trkpt lat="58.60186824" lon="15.02367597">
<ele>195.9</ele>
<time>2024-04-21T10:30:48Z</time>
<extensions>
<tp1:TrackPointExtension>
<tp1:hr>142</tp1:hr>
</tp1:TrackPointExtension>
</extensions>
</trkpt>
<trkpt lat="58.60187092" lon="15.02368251">
<ele>196.3</ele>
<time>2024-04-21T10:30:49Z</time>
<extensions>
<tp1:TrackPointExtension>
<tp1:hr>142</tp1:hr>
</tp1:TrackPointExtension>
</extensions>
</trkpt>
<trkpt lat="58.60187117" lon="15.02369282">
<ele>196.7</ele>
<time>2024-04-21T10:30:50Z</time>
<extensions>
<tp1:TrackPointExtension>
<tp1:hr>142</tp1:hr>
</tp1:TrackPointExtension>
</extensions>
</trkpt>
<trkpt lat="58.6018788" lon="15.02371679">
<ele>197.1</ele>
<time>2024-04-21T10:30:52Z</time>
<extensions>
<tp1:TrackPointExtension>
<tp1:hr>143</tp1:hr>
</tp1:TrackPointExtension>
</extensions>
</trkpt>
<trkpt lat="58.60188793" lon="15.02372836">
<ele>197.3</ele>
<time>2024-04-21T10:30:53Z</time>
<extensions>
<tp1:TrackPointExtension>
<tp1:hr>142</tp1:hr>
</tp1:TrackPointExtension>
</extensions>
</trkpt>
<trkpt lat="58.6018969" lon="15.02373272">
<ele>197.7</ele>
<time>2024-04-21T10:30:54Z</time>
<extensions>
<tp1:TrackPointExtension>
<tp1:hr>143</tp1:hr>
</tp1:TrackPointExtension>
</extensions>
</trkpt>
<trkpt lat="58.6018985" lon="15.02374688">
<ele>198.3</ele>
<time>2024-04-21T10:30:55Z</time>
<extensions>
<tp1:TrackPointExtension>
<tp1:hr>142</tp1:hr>
</tp1:TrackPointExtension>
</extensions>
</trkpt>
<trkpt lat="58.60190269" lon="15.0237986">
<ele>199.3</ele>
<time>2024-04-21T10:30:57Z</time>
<extensions>
<tp1:TrackPointExtension>
<tp1:hr>142</tp1:hr>
</tp1:TrackPointExtension>
</extensions>
</trkpt>
<trkpt lat="58.6019088" lon="15.0238597">
<ele>200.3</ele>
<time>2024-04-21T10:31:00Z</time>
<extensions>
<tp1:TrackPointExtension>
<tp1:hr>139</tp1:hr>
</tp1:TrackPointExtension>
</extensions>
</trkpt>
<trkpt lat="58.60190579" lon="15.02388175">
<ele>200.7</ele>
<time>2024-04-21T10:31:01Z</time>
<extensions>
<tp1:TrackPointExtension>
<tp1:hr>139</tp1:hr>
</tp1:TrackPointExtension>
</extensions>
</trkpt>
<trkpt lat="58.60190478" lon="15.02389507">
<ele>200.9</ele>
<time>2024-04-21T10:31:02Z</time>
<extensions>
<tp1:TrackPointExtension>
<tp1:hr>140</tp1:hr>
</tp1:TrackPointExtension>
</extensions>
</trkpt>
<trkpt lat="58.60191467" lon="15.02392215">
<ele>201.7</ele>
<time>2024-04-21T10:31:06Z</time>
<extensions>
<tp1:TrackPointExtension>
<tp1:hr>138</tp1:hr>
</tp1:TrackPointExtension>
</extensions>
</trkpt>
<trkpt lat="58.60192155" lon="15.02392701">
<ele>202.1</ele>
<time>2024-04-21T10:31:07Z</time>
<extensions>
<tp1:TrackPointExtension>
<tp1:hr>140</tp1:hr>
</tp1:TrackPointExtension>
</extensions>
</trkpt>
<trkpt lat="58.60192942" lon="15.02393514">
<ele>202.5</ele>
<time>2024-04-21T10:31:08Z</time>
<extensions>
<tp1:TrackPointExtension>
<tp1:hr>139</tp1:hr>
</tp1:TrackPointExtension>
</extensions>
</trkpt>
<trkpt lat="58.60193999" lon="15.02394604">
<ele>202.9</ele>
<time>2024-04-21T10:31:09Z</time>
<extensions>
<tp1:TrackPointExtension>
<tp1:hr>138</tp1:hr>
</tp1:TrackPointExtension>
</extensions>
</trkpt>
<trkpt lat="58.60196354" lon="15.02399532">
<ele>203.7</ele>
<time>2024-04-21T10:31:12Z</time>
<extensions>
<tp1:TrackPointExtension>
<tp1:hr>134</tp1:hr>
</tp1:TrackPointExtension>
</extensions>
</trkpt>
<trkpt lat="58.60197988" lon="15.02400722">
<ele>203.9</ele>
<time>2024-04-21T10:31:13Z</time>
<extensions>
<tp1:TrackPointExtension>
<tp1:hr>136</tp1:hr>
</tp1:TrackPointExtension>
</extensions>
</trkpt>
<trkpt lat="58.60199204" lon="15.02403178">
<ele>204.1</ele>
<time>2024-04-21T10:31:14Z</time>
<extensions>
<tp1:TrackPointExtension>
<tp1:hr>136</tp1:hr>
</tp1:TrackPointExtension>
</extensions>
</trkpt>
<trkpt lat="58.60202749" lon="15.02407034">
<ele>204.5</ele>
<time>2024-04-21T10:31:17Z</time>
<extensions>
<tp1:TrackPointExtension>
<tp1:hr>134</tp1:hr>
</tp1:TrackPointExtension>
</extensions>
</trkpt>
<trkpt lat="58.6020466" lon="15.0241208">
<ele>204.9</ele>
<time>2024-04-21T10:31:20Z</time>
<extensions>
<tp1:TrackPointExtension>
<tp1:hr>131</tp1:hr>
</tp1:TrackPointExtension>
</extensions>
</trkpt>
<trkpt lat="58.60205909" lon="15.02412532">
<ele>205.3</ele>
<time>2024-04-21T10:31:21Z</time>
<extensions>
<tp1:TrackPointExtension>
<tp1:hr>132</tp1:hr>
</tp1:TrackPointExtension>
</extensions>
</trkpt>
<trkpt lat="58.60211106" lon="15.02411778">
<ele>205.7</ele>
<time>2024-04-21T10:31:25Z</time>
<extensions>
<tp1:TrackPointExtension>
<tp1:hr>130</tp1:hr>
</tp1:TrackPointExtension>
</extensions>
</trkpt>
<trkpt lat="58.60212305" lon="15.02415868">
<ele>206.1</ele>
<time>2024-04-21T10:31:28Z</time>
<extensions>
<tp1:TrackPointExtension>
<tp1:hr>127</tp1:hr>
</tp1:TrackPointExtension>
</extensions>
</trkpt>
<trkpt lat="58.60212866" lon="15.0241783">
<ele>206.5</ele>
<time>2024-04-21T10:31:30Z</time>
<extensions>
<tp1:TrackPointExtension>
<tp1:hr>128</tp1:hr>
</tp1:TrackPointExtension>
</extensions>
</trkpt>
<trkpt lat="58.60213847" lon="15.0241731">
<ele>206.5</ele>
<time>2024-04-21T10:31:32Z</time>
<extensions>
<tp1:TrackPointExtension>
<tp1:hr>129</tp1:hr>
</tp1:TrackPointExtension>
</extensions>
</trkpt>
<trkpt lat="58.60218356" lon="15.02414611">
<ele>206.6</ele>
<time>2024-04-21T10:31:36Z</time>
<extensions>
<tp1:TrackPointExtension>
<tp1:hr>132</tp1:hr>
</tp1:TrackPointExtension>
</extensions>
</trkpt>
<trkpt lat="58.60223235" lon="15.02409833">
<ele>207.2</ele>
<time>2024-04-21T10:31:39Z</time>
<extensions>
<tp1:TrackPointExtension>
<tp1:hr>139</tp1:hr>
</tp1:TrackPointExtension>
</extensions>
</trkpt>
<trkpt lat="58.60224919" lon="15.02409289">
<ele>207.4</ele>
<time>2024-04-21T10:31:40Z</time>
<extensions>
<tp1:TrackPointExtension>
<tp1:hr>143</tp1:hr>
</tp1:TrackPointExtension>
</extensions>
</trkpt>
<trkpt lat="58.60226445" lon="15.0240954">
<ele>207.4</ele>
<time>2024-04-21T10:31:41Z</time>
<extensions>
<tp1:TrackPointExtension>
<tp1:hr>145</tp1:hr>
</tp1:TrackPointExtension>
</extensions>
</trkpt>
<trkpt lat="58.60228297" lon="15.02410018">
<ele>207.4</ele>
<time>2024-04-21T10:31:42Z</time>
<extensions>
<tp1:TrackPointExtension>
<tp1:hr>148</tp1:hr>
</tp1:TrackPointExtension>
</extensions>
</trkpt>
<trkpt lat="58.60231147" lon="15.02410353">
<ele>207.2</ele>
<time>2024-04-21T10:31:44Z</time>
<extensions>
<tp1:TrackPointExtension>
<tp1:hr>151</tp1:hr>
</tp1:TrackPointExtension>
</extensions>
</trkpt>
<trkpt lat="58.60236134" lon="15.02409523">
<ele>207.4</ele>
<time>2024-04-21T10:31:47Z</time>
<extensions>
<tp1:TrackPointExtension>
<tp1:hr>154</tp1:hr>
</tp1:TrackPointExtension>
</extensions>
</trkpt>
<trkpt lat="58.60244273" lon="15.024041">
<ele>207.6</ele>
<time>2024-04-21T10:31:51Z</time>
<extensions>
<tp1:TrackPointExtension>
<tp1:hr>157</tp1:hr>
</tp1:TrackPointExtension>
</extensions>
</trkpt>
<trkpt lat="58.60248615" lon="15.02399675">
<ele>207.6</ele>
<time>2024-04-21T10:31:53Z</time>
<extensions>
<tp1:TrackPointExtension>
<tp1:hr>159</tp1:hr>
</tp1:TrackPointExtension>
</extensions>
</trkpt>
<trkpt lat="58.60262353" lon="15.02386448">
<ele>206.6</ele>
<time>2024-04-21T10:31:59Z</time>
<extensions>
<tp1:TrackPointExtension>
<tp1:hr>157</tp1:hr>
</tp1:TrackPointExtension>
</extensions>
</trkpt>
<trkpt lat="58.60264599" lon="15.02385417">
<ele>206.4</ele>
<time>2024-04-21T10:32:00Z</time>
<extensions>
<tp1:TrackPointExtension>
<tp1:hr>158</tp1:hr>
</tp1:TrackPointExtension>
</extensions>
</trkpt>
<trkpt lat="58.60273677" lon="15.02384151">
<ele>205.8</ele>
<time>2024-04-21T10:32:04Z</time>
<extensions>
<tp1:TrackPointExtension>
<tp1:hr>158</tp1:hr>
</tp1:TrackPointExtension>
</extensions>
</trkpt>
<trkpt lat="58.60280357" lon="15.0238276">
<ele>206.4</ele>
<time>2024-04-21T10:32:07Z</time>
<extensions>
<tp1:TrackPointExtension>
<tp1:hr>155</tp1:hr>
</tp1:TrackPointExtension>
</extensions>
</trkpt>
<trkpt lat="58.60284942" lon="15.02381461">
<ele>206.4</ele>
<time>2024-04-21T10:32:10Z</time>
<extensions>
<tp1:TrackPointExtension>
<tp1:hr>155</tp1:hr>
</tp1:TrackPointExtension>
</extensions>
</trkpt>
<trkpt lat="58.60294716" lon="15.02387957">
<ele>206.4</ele>
<time>2024-04-21T10:32:15Z</time>
<extensions>
<tp1:TrackPointExtension>
<tp1:hr>155</tp1:hr>
</tp1:TrackPointExtension>
</extensions>
</trkpt>
<trkpt lat="58.60299862" lon="15.02388208">
<ele>205.0</ele>
<time>2024-04-21T10:32:18Z</time>
<extensions>
<tp1:TrackPointExtension>
<tp1:hr>154</tp1:hr>
</tp1:TrackPointExtension>
</extensions>
</trkpt>
<trkpt lat="58.60302703" lon="15.02385819">
<ele>204.8</ele>
<time>2024-04-21T10:32:20Z</time>
<extensions>
<tp1:TrackPointExtension>
<tp1:hr>156</tp1:hr>
</tp1:TrackPointExtension>
</extensions>
</trkpt>
<trkpt lat="58.60306433" lon="15.02382634">
<ele>205.0</ele>
<time>2024-04-21T10:32:22Z</time>
<extensions>
<tp1:TrackPointExtension>
<tp1:hr>155</tp1:hr>
</tp1:TrackPointExtension>
</extensions>
</trkpt>
<trkpt lat="58.60312401" lon="15.02376725">
<ele>204.6</ele>
<time>2024-04-21T10:32:25Z</time>
<extensions>
<tp1:TrackPointExtension>
<tp1:hr>157</tp1:hr>
</tp1:TrackPointExtension>
</extensions>
</trkpt>
<trkpt lat="58.60316131" lon="15.02379449">
<ele>204.0</ele>
<time>2024-04-21T10:32:27Z</time>
<extensions>
<tp1:TrackPointExtension>
<tp1:hr>157</tp1:hr>
</tp1:TrackPointExtension>
</extensions>
</trkpt>
<trkpt lat="58.60320029" lon="15.0238509">
<ele>203.6</ele>
<time>2024-04-21T10:32:29Z</time>
<extensions>
<tp1:TrackPointExtension>
<tp1:hr>156</tp1:hr>
</tp1:TrackPointExtension>
</extensions>
</trkpt>
<trkpt lat="58.6032417" lon="15.02389415">
<ele>203.4</ele>
<time>2024-04-21T10:32:31Z</time>
<extensions>
<tp1:TrackPointExtension>
<tp1:hr>156</tp1:hr>
</tp1:TrackPointExtension>
</extensions>
</trkpt>
<trkpt lat="58.60328553" lon="15.02388443">
<ele>203.2</ele>
<time>2024-04-21T10:32:33Z</time>
<extensions>
<tp1:TrackPointExtension>
<tp1:hr>156</tp1:hr>
</tp1:TrackPointExtension>
</extensions>
</trkpt>
<trkpt lat="58.60332283" lon="15.02387789">
<ele>202.8</ele>
<time>2024-04-21T10:32:35Z</time>
<extensions>
<tp1:TrackPointExtension>
<tp1:hr>157</tp1:hr>
</tp1:TrackPointExtension>
</extensions>
</trkpt>
<trkpt lat="58.60335141" lon="15.02392039">
<ele>202.6</ele>
<time>2024-04-21T10:32:37Z</time>
<extensions>
<tp1:TrackPointExtension>
<tp1:hr>157</tp1:hr>
</tp1:TrackPointExtension>
</extensions>
</trkpt>
<trkpt lat="58.60340338" lon="15.02401678">
<ele>201.8</ele>
<time>2024-04-21T10:32:40Z</time>
<extensions>
<tp1:TrackPointExtension>
<tp1:hr>160</tp1:hr>
</tp1:TrackPointExtension>
</extensions>
</trkpt>
<trkpt lat="58.60344571" lon="15.02408803">
<ele>201.0</ele>
<time>2024-04-21T10:32:42Z</time>
<extensions>
<tp1:TrackPointExtension>
<tp1:hr>160</tp1:hr>
</tp1:TrackPointExtension>
</extensions>
</trkpt>
<trkpt lat="58.6034872" lon="15.02416355">
<ele>200.8</ele>
<time>2024-04-21T10:32:44Z</time>
<extensions>
<tp1:TrackPointExtension>
<tp1:hr>155</tp1:hr>
</tp1:TrackPointExtension>
</extensions>
</trkpt>
<trkpt lat="58.60351335" lon="15.02418928">
<ele>200.4</ele>
<time>2024-04-21T10:32:45Z</time>
<extensions>
<tp1:TrackPointExtension>
<tp1:hr>155</tp1:hr>
</tp1:TrackPointExtension>
</extensions>
</trkpt>
<trkpt lat="58.60357194" lon="15.02427637">
<ele>199.4</ele>
<time>2024-04-21T10:32:48Z</time>
<extensions>
<tp1:TrackPointExtension>
<tp1:hr>152</tp1:hr>
</tp1:TrackPointExtension>
</extensions>
</trkpt>
<trkpt lat="58.60358317" lon="15.02431375">
<ele>199.2</ele>
<time>2024-04-21T10:32:49Z</time>
<extensions>
<tp1:TrackPointExtension>
<tp1:hr>151</tp1:hr>
</tp1:TrackPointExtension>
</extensions>
</trkpt>
<trkpt lat="58.6036172" lon="15.02435591">
<ele>198.4</ele>
<time>2024-04-21T10:32:51Z</time>
<extensions>
<tp1:TrackPointExtension>
<tp1:hr>150</tp1:hr>
</tp1:TrackPointExtension>
</extensions>
</trkpt>
<trkpt lat="58.6036395" lon="15.02435532">
<ele>198.2</ele>
<time>2024-04-21T10:32:52Z</time>
<extensions>
<tp1:TrackPointExtension>
<tp1:hr>149</tp1:hr>
</tp1:TrackPointExtension>
</extensions>
</trkpt>
<trkpt lat="58.60367948" lon="15.02434828">
<ele>198.2</ele>
<time>2024-04-21T10:32:54Z</time>
<extensions>
<tp1:TrackPointExtension>
<tp1:hr>152</tp1:hr>
</tp1:TrackPointExtension>
</extensions>
</trkpt>
<trkpt lat="58.60377738" lon="15.02433093">
<ele>198.2</ele>
<time>2024-04-21T10:32:59Z</time>
<extensions>
<tp1:TrackPointExtension>
<tp1:hr>151</tp1:hr>
</tp1:TrackPointExtension>
</extensions>
</trkpt>
<trkpt lat="58.60389079" lon="15.02426304">
<ele>198.6</ele>
<time>2024-04-21T10:33:06Z</time>
<extensions>
<tp1:TrackPointExtension>
<tp1:hr>151</tp1:hr>
</tp1:TrackPointExtension>
</extensions>
</trkpt>
<trkpt lat="58.60390948" lon="15.02424368">
<ele>198.6</ele>
<time>2024-04-21T10:33:07Z</time>
<extensions>
<tp1:TrackPointExtension>
<tp1:hr>153</tp1:hr>
</tp1:TrackPointExtension>
</extensions>
</trkpt>
<trkpt lat="58.6039379" lon="15.02421141">
<ele>199.2</ele>
<time>2024-04-21T10:33:09Z</time>
<extensions>
<tp1:TrackPointExtension>
<tp1:hr>150</tp1:hr>
</tp1:TrackPointExtension>
</extensions>
</trkpt>
<trkpt lat="58.60395349" lon="15.02419598">
<ele>199.6</ele>
<time>2024-04-21T10:33:10Z</time>
<extensions>
<tp1:TrackPointExtension>
<tp1:hr>150</tp1:hr>
</tp1:TrackPointExtension>
</extensions>
</trkpt>
<trkpt lat="58.60396698" lon="15.02418115">
<ele>200.2</ele>
<time>2024-04-21T10:33:11Z</time>
<extensions>
<tp1:TrackPointExtension>
<tp1:hr>150</tp1:hr>
</tp1:TrackPointExtension>
</extensions>
</trkpt>
<trkpt lat="58.60400084" lon="15.02413572">
<ele>201.0</ele>
<time>2024-04-21T10:33:14Z</time>
<extensions>
<tp1:TrackPointExtension>
<tp1:hr>152</tp1:hr>
</tp1:TrackPointExtension>
</extensions>
</trkpt>
<trkpt lat="58.60403814" lon="15.02410688">
<ele>202.4</ele>
<time>2024-04-21T10:33:18Z</time>
<extensions>
<tp1:TrackPointExtension>
<tp1:hr>153</tp1:hr>
</tp1:TrackPointExtension>
</extensions>
</trkpt>
<trkpt lat="58.60406614" lon="15.0240892">
<ele>203.4</ele>
<time>2024-04-21T10:33:21Z</time>
<extensions>
<tp1:TrackPointExtension>
<tp1:hr>152</tp1:hr>
</tp1:TrackPointExtension>
</extensions>
</trkpt>
<trkpt lat="58.60409447" lon="15.02408375">
<ele>204.6</ele>
<time>2024-04-21T10:33:24Z</time>
<extensions>
<tp1:TrackPointExtension>
<tp1:hr>150</tp1:hr>
</tp1:TrackPointExtension>
</extensions>
</trkpt>
<trkpt lat="58.60411048" lon="15.02409901">
<ele>205.2</ele>
<time>2024-04-21T10:33:26Z</time>
<extensions>
<tp1:TrackPointExtension>
<tp1:hr>150</tp1:hr>
</tp1:TrackPointExtension>
</extensions>
</trkpt>
<trkpt lat="58.60413202" lon="15.02413136">
<ele>205.6</ele>
<time>2024-04-21T10:33:29Z</time>
<extensions>
<tp1:TrackPointExtension>
<tp1:hr>149</tp1:hr>
</tp1:TrackPointExtension>
</extensions>
</trkpt>
<trkpt lat="58.6041565" lon="15.02419272">
<ele>206.8</ele>
<time>2024-04-21T10:33:33Z</time>
<extensions>
<tp1:TrackPointExtension>
<tp1:hr>148</tp1:hr>
</tp1:TrackPointExtension>
</extensions>
</trkpt>
<trkpt lat="58.6041694" lon="15.0242249">
<ele>207.0</ele>
<time>2024-04-21T10:33:34Z</time>
<extensions>
<tp1:TrackPointExtension>
<tp1:hr>147</tp1:hr>
</tp1:TrackPointExtension>
</extensions>
</trkpt>
<trkpt lat="58.60418013" lon="15.0242456">
<ele>207.2</ele>
<time>2024-04-21T10:33:35Z</time>
<extensions>
<tp1:TrackPointExtension>
<tp1:hr>146</tp1:hr>
</tp1:TrackPointExtension>
</extensions>
</trkpt>
<trkpt lat="58.60420788" lon="15.02424795">
<ele>207.8</ele>
<time>2024-04-21T10:33:37Z</time>
<extensions>
<tp1:TrackPointExtension>
<tp1:hr>147</tp1:hr>
</tp1:TrackPointExtension>
</extensions>
</trkpt>
<trkpt lat="58.60422364" lon="15.02424502">
<ele>208.0</ele>
<time>2024-04-21T10:33:38Z</time>
<extensions>
<tp1:TrackPointExtension>
<tp1:hr>147</tp1:hr>
</tp1:TrackPointExtension>
</extensions>
</trkpt>
<trkpt lat="58.60427996" lon="15.02422499">
<ele>209.0</ele>
<time>2024-04-21T10:33:42Z</time>
<extensions>
<tp1:TrackPointExtension>
<tp1:hr>148</tp1:hr>
</tp1:TrackPointExtension>
</extensions>
</trkpt>
<trkpt lat="58.60429865" lon="15.02422499">
<ele>210.0</ele>
<time>2024-04-21T10:33:44Z</time>
<extensions>
<tp1:TrackPointExtension>
<tp1:hr>149</tp1:hr>
</tp1:TrackPointExtension>
</extensions>
</trkpt>
<trkpt lat="58.60430695" lon="15.02422524">
<ele>210.2</ele>
<time>2024-04-21T10:33:45Z</time>
<extensions>
<tp1:TrackPointExtension>
<tp1:hr>150</tp1:hr>
</tp1:TrackPointExtension>
</extensions>
</trkpt>
<trkpt lat="58.60433562" lon="15.02423077">
<ele>211.6</ele>
<time>2024-04-21T10:33:49Z</time>
<extensions>
<tp1:TrackPointExtension>
<tp1:hr>150</tp1:hr>
</tp1:TrackPointExtension>
</extensions>
</trkpt>
<trkpt lat="58.60434115" lon="15.02423144">
<ele>211.9</ele>
<time>2024-04-21T10:33:50Z</time>
<extensions>
<tp1:TrackPointExtension>
<tp1:hr>150</tp1:hr>
</tp1:TrackPointExtension>
</extensions>
</trkpt>
<trkpt lat="58.60434861" lon="15.02423488">
<ele>212.5</ele>
<time>2024-04-21T10:33:51Z</time>
<extensions>
<tp1:TrackPointExtension>
<tp1:hr>150</tp1:hr>
</tp1:TrackPointExtension>
</extensions>
</trkpt>
<trkpt lat="58.60435909" lon="15.02423102">
<ele>212.9</ele>
<time>2024-04-21T10:33:52Z</time>
<extensions>
<tp1:TrackPointExtension>
<tp1:hr>150</tp1:hr>
</tp1:TrackPointExtension>
</extensions>
</trkpt>
<trkpt lat="58.60438281" lon="15.02422616">
<ele>213.5</ele>
<time>2024-04-21T10:33:54Z</time>
<extensions>
<tp1:TrackPointExtension>
<tp1:hr>149</tp1:hr>
</tp1:TrackPointExtension>
</extensions>
</trkpt>
<trkpt lat="58.60443578" lon="15.02419028">
<ele>214.7</ele>
<time>2024-04-21T10:33:58Z</time>
<extensions>
<tp1:TrackPointExtension>
<tp1:hr>149</tp1:hr>
</tp1:TrackPointExtension>
</extensions>
</trkpt>
<trkpt lat="58.60447073" lon="15.02409616">
<ele>216.1</ele>
<time>2024-04-21T10:34:01Z</time>
<extensions>
<tp1:TrackPointExtension>
<tp1:hr>147</tp1:hr>
</tp1:TrackPointExtension>
</extensions>
</trkpt>
<trkpt lat="58.60450652" lon="15.02403413">
<ele>216.7</ele>
<time>2024-04-21T10:34:03Z</time>
<extensions>
<tp1:TrackPointExtension>
<tp1:hr>150</tp1:hr>
</tp1:TrackPointExtension>
</extensions>
</trkpt>
<trkpt lat="58.60452748" lon="15.02400856">
<ele>217.9</ele>
<time>2024-04-21T10:34:04Z</time>
<extensions>
<tp1:TrackPointExtension>
<tp1:hr>151</tp1:hr>
</tp1:TrackPointExtension>
</extensions>
</trkpt>
<trkpt lat="58.60455447" lon="15.02397705">
<ele>218.1</ele>
<time>2024-04-21T10:34:06Z</time>
<extensions>
<tp1:TrackPointExtension>
<tp1:hr>155</tp1:hr>
</tp1:TrackPointExtension>
</extensions>
</trkpt>
<trkpt lat="58.6046253" lon="15.02395961">
<ele>218.9</ele>
<time>2024-04-21T10:34:09Z</time>
<extensions>
<tp1:TrackPointExtension>
<tp1:hr>156</tp1:hr>
</tp1:TrackPointExtension>
</extensions>
</trkpt>
<trkpt lat="58.6047123" lon="15.02395936">
<ele>220.1</ele>
<time>2024-04-21T10:34:14Z</time>
<extensions>
<tp1:TrackPointExtension>
<tp1:hr>158</tp1:hr>
</tp1:TrackPointExtension>
</extensions>
</trkpt>
<trkpt lat="58.60472739" lon="15.0239597">
<ele>220.1</ele>
<time>2024-04-21T10:34:15Z</time>
<extensions>
<tp1:TrackPointExtension>
<tp1:hr>158</tp1:hr>
</tp1:TrackPointExtension>
</extensions>
</trkpt>
<trkpt lat="58.60475765" lon="15.02394763">
<ele>221.3</ele>
<time>2024-04-21T10:34:17Z</time>
<extensions>
<tp1:TrackPointExtension>
<tp1:hr>159</tp1:hr>
</tp1:TrackPointExtension>
</extensions>
</trkpt>
<trkpt lat="58.60484339" lon="15.02391863">
<ele>221.9</ele>
<time>2024-04-21T10:34:22Z</time>
<extensions>
<tp1:TrackPointExtension>
<tp1:hr>158</tp1:hr>
</tp1:TrackPointExtension>
</extensions>
</trkpt>
<trkpt lat="58.60489896" lon="15.02396397">
<ele>221.9</ele>
<time>2024-04-21T10:34:28Z</time>
<extensions>
<tp1:TrackPointExtension>
<tp1:hr>157</tp1:hr>
</tp1:TrackPointExtension>
</extensions>
</trkpt>
<trkpt lat="58.60494146" lon="15.0240084">
<ele>221.9</ele>
<time>2024-04-21T10:34:31Z</time>
<extensions>
<tp1:TrackPointExtension>
<tp1:hr>156</tp1:hr>
</tp1:TrackPointExtension>
</extensions>
</trkpt>
<trkpt lat="58.60499041" lon="15.02401552">
<ele>221.9</ele>
<time>2024-04-21T10:34:35Z</time>
<extensions>
<tp1:TrackPointExtension>
<tp1:hr>155</tp1:hr>
</tp1:TrackPointExtension>
</extensions>
</trkpt>
<trkpt lat="58.60505328" lon="15.02404142">
<ele>221.9</ele>
<time>2024-04-21T10:34:39Z</time>
<extensions>
<tp1:TrackPointExtension>
<tp1:hr>158</tp1:hr>
</tp1:TrackPointExtension>
</extensions>
</trkpt>
<trkpt lat="58.60511455" lon="15.02400521">
<ele>222.1</ele>
<time>2024-04-21T10:34:42Z</time>
<extensions>
<tp1:TrackPointExtension>
<tp1:hr>157</tp1:hr>
</tp1:TrackPointExtension>
</extensions>
</trkpt>
<trkpt lat="58.60521421" lon="15.02393623">
<ele>222.1</ele>
<time>2024-04-21T10:34:47Z</time>
<extensions>
<tp1:TrackPointExtension>
<tp1:hr>155</tp1:hr>
</tp1:TrackPointExtension>
</extensions>
</trkpt>
<trkpt lat="58.60523642" lon="15.02389541">
<ele>222.3</ele>
<time>2024-04-21T10:34:49Z</time>
<extensions>
<tp1:TrackPointExtension>
<tp1:hr>158</tp1:hr>
</tp1:TrackPointExtension>
</extensions>
</trkpt>
<trkpt lat="58.60525377" lon="15.02386817">
<ele>222.3</ele>
<time>2024-04-21T10:34:50Z</time>
<extensions>
<tp1:TrackPointExtension>
<tp1:hr>157</tp1:hr>
</tp1:TrackPointExtension>
</extensions>
</trkpt>
<trkpt lat="58.60528562" lon="15.02379625">
<ele>222.3</ele>
<time>2024-04-21T10:34:52Z</time>
<extensions>
<tp1:TrackPointExtension>
<tp1:hr>157</tp1:hr>
</tp1:TrackPointExtension>
</extensions>
</trkpt>
<trkpt lat="58.60535276" lon="15.02358126">
<ele>222.5</ele>
<time>2024-04-21T10:34:58Z</time>
<extensions>
<tp1:TrackPointExtension>
<tp1:hr>158</tp1:hr>
</tp1:TrackPointExtension>
</extensions>
</trkpt>
<trkpt lat="58.60537414" lon="15.02354588">
<ele>222.5</ele>
<time>2024-04-21T10:35:00Z</time>
<extensions>
<tp1:TrackPointExtension>
<tp1:hr>158</tp1:hr>
</tp1:TrackPointExtension>
</extensions>
</trkpt>
<trkpt lat="58.60539283" lon="15.02349894">
<ele>222.5</ele>
<time>2024-04-21T10:35:03Z</time>
<extensions>
<tp1:TrackPointExtension>
<tp1:hr>158</tp1:hr>
</tp1:TrackPointExtension>
</extensions>
</trkpt>
<trkpt lat="58.6054313" lon="15.02336416">
<ele>222.5</ele>
<time>2024-04-21T10:35:08Z</time>
<extensions>
<tp1:TrackPointExtension>
<tp1:hr>155</tp1:hr>
</tp1:TrackPointExtension>
</extensions>
</trkpt>
<trkpt lat="58.60544404" lon="15.02332561">
<ele>222.5</ele>
<time>2024-04-21T10:35:09Z</time>
<extensions>
<tp1:TrackPointExtension>
<tp1:hr>155</tp1:hr>
</tp1:TrackPointExtension>
</extensions>
</trkpt>
<trkpt lat="58.60553934" lon="15.02318161">
<ele>222.7</ele>
<time>2024-04-21T10:35:14Z</time>
<extensions>
<tp1:TrackPointExtension>
<tp1:hr>156</tp1:hr>
</tp1:TrackPointExtension>
</extensions>
</trkpt>
<trkpt lat="58.60556399" lon="15.02304741">
<ele>222.7</ele>
<time>2024-04-21T10:35:17Z</time>
<extensions>
<tp1:TrackPointExtension>
<tp1:hr>152</tp1:hr>
</tp1:TrackPointExtension>
</extensions>
</trkpt>
<trkpt lat="58.60557186" lon="15.02299561">
<ele>222.7</ele>
<time>2024-04-21T10:35:18Z</time>
<extensions>
<tp1:TrackPointExtension>
<tp1:hr>152</tp1:hr>
</tp1:TrackPointExtension>
</extensions>
</trkpt>
<trkpt lat="58.60563573" lon="15.0228874">
<ele>222.9</ele>
<time>2024-04-21T10:35:23Z</time>
<extensions>
<tp1:TrackPointExtension>
<tp1:hr>153</tp1:hr>
</tp1:TrackPointExtension>
</extensions>
</trkpt>
<trkpt lat="58.60568385" lon="15.02284038">
<ele>222.9</ele>
<time>2024-04-21T10:35:27Z</time>
<extensions>
<tp1:TrackPointExtension>
<tp1:hr>157</tp1:hr>
</tp1:TrackPointExtension>
</extensions>
</trkpt>
<trkpt lat="58.60572567" lon="15.0227688">
<ele>223.1</ele>
<time>2024-04-21T10:35:31Z</time>
<extensions>
<tp1:TrackPointExtension>
<tp1:hr>157</tp1:hr>
</tp1:TrackPointExtension>
</extensions>
</trkpt>
<trkpt lat="58.6057421" lon="15.02272052">
<ele>223.1</ele>
<time>2024-04-21T10:35:33Z</time>
<extensions>
<tp1:TrackPointExtension>
<tp1:hr>156</tp1:hr>
</tp1:TrackPointExtension>
</extensions>
</trkpt>
<trkpt lat="58.60577487" lon="15.02264969">
<ele>223.1</ele>
<time>2024-04-21T10:35:36Z</time>
<extensions>
<tp1:TrackPointExtension>
<tp1:hr>155</tp1:hr>
</tp1:TrackPointExtension>
</extensions>
</trkpt>
<trkpt lat="58.60579692" lon="15.0226279">
<ele>223.3</ele>
<time>2024-04-21T10:35:38Z</time>
<extensions>
<tp1:TrackPointExtension>
<tp1:hr>155</tp1:hr>
</tp1:TrackPointExtension>
</extensions>
</trkpt>
<trkpt lat="58.60579801" lon="15.02264801">
<ele>223.3</ele>
<time>2024-04-21T10:35:40Z</time>
<extensions>
<tp1:TrackPointExtension>
<tp1:hr>154</tp1:hr>
</tp1:TrackPointExtension>
</extensions>
</trkpt>
<trkpt lat="58.60579507" lon="15.02264198">
<ele>223.3</ele>
<time>2024-04-21T10:35:41Z</time>
<extensions>
<tp1:TrackPointExtension>
<tp1:hr>154</tp1:hr>
</tp1:TrackPointExtension>
</extensions>
</trkpt>
<trkpt lat="58.60578979" lon="15.02262471">
<ele>223.3</ele>
<time>2024-04-21T10:35:42Z</time>
<extensions>
<tp1:TrackPointExtension>
<tp1:hr>154</tp1:hr>
</tp1:TrackPointExtension>
</extensions>
</trkpt>
<trkpt lat="58.60577345" lon="15.02253042">
<ele>223.3</ele>
<time>2024-04-21T10:35:45Z</time>
<extensions>
<tp1:TrackPointExtension>
<tp1:hr>151</tp1:hr>
</tp1:TrackPointExtension>
</extensions>
</trkpt>
<trkpt lat="58.60576716" lon="15.02241743">
<ele>223.3</ele>
<time>2024-04-21T10:35:47Z</time>
<extensions>
<tp1:TrackPointExtension>
<tp1:hr>151</tp1:hr>
</tp1:TrackPointExtension>
</extensions>
</trkpt>
<trkpt lat="58.60574721" lon="15.02228491">
<ele>223.3</ele>
<time>2024-04-21T10:35:50Z</time>
<extensions>
<tp1:TrackPointExtension>
<tp1:hr>154</tp1:hr>
</tp1:TrackPointExtension>
</extensions>
</trkpt>
<trkpt lat="58.60575082" lon="15.02225423">
<ele>223.3</ele>
<time>2024-04-21T10:35:51Z</time>
<extensions>
<tp1:TrackPointExtension>
<tp1:hr>156</tp1:hr>
</tp1:TrackPointExtension>
</extensions>
</trkpt>
<trkpt lat="58.60575618" lon="15.022228">
<ele>223.3</ele>
<time>2024-04-21T10:35:52Z</time>
<extensions>
<tp1:TrackPointExtension>
<tp1:hr>154</tp1:hr>
</tp1:TrackPointExtension>
</extensions>
</trkpt>
<trkpt lat="58.60581335" lon="15.02207595">
<ele>223.3</ele>
<time>2024-04-21T10:35:57Z</time>
<extensions>
<tp1:TrackPointExtension>
<tp1:hr>154</tp1:hr>
</tp1:TrackPointExtension>
</extensions>
</trkpt>
<trkpt lat="58.60583908" lon="15.02200806">
<ele>223.1</ele>
<time>2024-04-21T10:35:59Z</time>
<extensions>
<tp1:TrackPointExtension>
<tp1:hr>157</tp1:hr>
</tp1:TrackPointExtension>
</extensions>
</trkpt>
<trkpt lat="58.60586674" lon="15.02195081">
<ele>223.1</ele>
<time>2024-04-21T10:36:02Z</time>
<extensions>
<tp1:TrackPointExtension>
<tp1:hr>158</tp1:hr>
</tp1:TrackPointExtension>
</extensions>
</trkpt>
<trkpt lat="58.60589113" lon="15.02189666">
<ele>222.9</ele>
<time>2024-04-21T10:36:05Z</time>
<extensions>
<tp1:TrackPointExtension>
<tp1:hr>154</tp1:hr>
</tp1:TrackPointExtension>
</extensions>
</trkpt>
<trkpt lat="58.60591058" lon="15.02181552">
<ele>222.8</ele>
<time>2024-04-21T10:36:09Z</time>
<extensions>
<tp1:TrackPointExtension>
<tp1:hr>153</tp1:hr>
</tp1:TrackPointExtension>
</extensions>
</trkpt>
<trkpt lat="58.60589406" lon="15.02179214">
<ele>222.6</ele>
<time>2024-04-21T10:36:10Z</time>
<extensions>
<tp1:TrackPointExtension>
<tp1:hr>154</tp1:hr>
</tp1:TrackPointExtension>
</extensions>
</trkpt>
<trkpt lat="58.60585241" lon="15.02171963">
<ele>222.6</ele>
<time>2024-04-21T10:36:13Z</time>
<extensions>
<tp1:TrackPointExtension>
<tp1:hr>153</tp1:hr>
</tp1:TrackPointExtension>
</extensions>
</trkpt>
<trkpt lat="58.60584972" lon="15.02170782">
<ele>222.6</ele>
<time>2024-04-21T10:36:14Z</time>
<extensions>
<tp1:TrackPointExtension>
<tp1:hr>153</tp1:hr>
</tp1:TrackPointExtension>
</extensions>
</trkpt>
<trkpt lat="58.60585098" lon="15.02171108">
<ele>222.4</ele>
<time>2024-04-21T10:36:17Z</time>
<extensions>
<tp1:TrackPointExtension>
<tp1:hr>154</tp1:hr>
</tp1:TrackPointExtension>
</extensions>
</trkpt>
<trkpt lat="58.60588543" lon="15.02177915">
<ele>222.2</ele>
<time>2024-04-21T10:36:21Z</time>
<extensions>
<tp1:TrackPointExtension>
<tp1:hr>150</tp1:hr>
</tp1:TrackPointExtension>
</extensions>
</trkpt>
<trkpt lat="58.6058918" lon="15.02181116">
<ele>222.2</ele>
<time>2024-04-21T10:36:22Z</time>
<extensions>
<tp1:TrackPointExtension>
<tp1:hr>150</tp1:hr>
</tp1:TrackPointExtension>
</extensions>
</trkpt>
<trkpt lat="58.60591846" lon="15.0218944">
<ele>222.2</ele>
<time>2024-04-21T10:36:25Z</time>
<extensions>
<tp1:TrackPointExtension>
<tp1:hr>145</tp1:hr>
</tp1:TrackPointExtension>
</extensions>
</trkpt>
<trkpt lat="58.60591971" lon="15.02195324">
<ele>222.0</ele>
<time>2024-04-21T10:36:27Z</time>
<extensions>
<tp1:TrackPointExtension>
<tp1:hr>146</tp1:hr>
</tp1:TrackPointExtension>
</extensions>
</trkpt>
<trkpt lat="58.60590999" lon="15.02198752">
<ele>222.0</ele>
<time>2024-04-21T10:36:28Z</time>
<extensions>
<tp1:TrackPointExtension>
<tp1:hr>145</tp1:hr>
</tp1:TrackPointExtension>
</extensions>
</trkpt>
<trkpt lat="58.60589809" lon="15.02204435">
<ele>222.0</ele>
<time>2024-04-21T10:36:30Z</time>
<extensions>
<tp1:TrackPointExtension>
<tp1:hr>141</tp1:hr>
</tp1:TrackPointExtension>
</extensions>
</trkpt>
<trkpt lat="58.60591267" lon="15.02220109">
<ele>222.0</ele>
<time>2024-04-21T10:36:34Z</time>
<extensions>
<tp1:TrackPointExtension>
<tp1:hr>142</tp1:hr>
</tp1:TrackPointExtension>
</extensions>
</trkpt>
<trkpt lat="58.60589272" lon="15.02251801">
<ele>222.0</ele>
<time>2024-04-21T10:36:39Z</time>
<extensions>
<tp1:TrackPointExtension>
<tp1:hr>146</tp1:hr>
</tp1:TrackPointExtension>
</extensions>
</trkpt>
<trkpt lat="58.60593413" lon="15.02282018">
<ele>222.2</ele>
<time>2024-04-21T10:36:45Z</time>
<extensions>
<tp1:TrackPointExtension>
<tp1:hr>149</tp1:hr>
</tp1:TrackPointExtension>
</extensions>
</trkpt>
<trkpt lat="58.60595433" lon="15.02285262">
<ele>222.2</ele>
<time>2024-04-21T10:36:46Z</time>
<extensions>
<tp1:TrackPointExtension>
<tp1:hr>146</tp1:hr>
</tp1:TrackPointExtension>
</extensions>
</trkpt>
<trkpt lat="58.60602926" lon="15.02291732">
<ele>222.4</ele>
<time>2024-04-21T10:36:49Z</time>
<extensions>
<tp1:TrackPointExtension>
<tp1:hr>146</tp1:hr>
</tp1:TrackPointExtension>
</extensions>
</trkpt>
<trkpt lat="58.606157" lon="15.02319032">
<ele>222.6</ele>
<time>2024-04-21T10:36:56Z</time>
<extensions>
<tp1:TrackPointExtension>
<tp1:hr>146</tp1:hr>
</tp1:TrackPointExtension>
</extensions>
</trkpt>
<trkpt lat="58.606214" lon="15.02339023">
<ele>222.8</ele>
<time>2024-04-21T10:37:00Z</time>
<extensions>
<tp1:TrackPointExtension>
<tp1:hr>149</tp1:hr>
</tp1:TrackPointExtension>
</extensions>
</trkpt>
<trkpt lat="58.60623563" lon="15.02350791">
<ele>222.8</ele>
<time>2024-04-21T10:37:02Z</time>
<extensions>
<tp1:TrackPointExtension>
<tp1:hr>149</tp1:hr>
</tp1:TrackPointExtension>
</extensions>
</trkpt>
<trkpt lat="58.6062762" lon="15.02374638">
<ele>223.0</ele>
<time>2024-04-21T10:37:06Z</time>
<extensions>
<tp1:TrackPointExtension>
<tp1:hr>150</tp1:hr>
</tp1:TrackPointExtension>
</extensions>
</trkpt>
<trkpt lat="58.60637426" lon="15.02396221">
<ele>223.0</ele>
<time>2024-04-21T10:37:11Z</time>
<extensions>
<tp1:TrackPointExtension>
<tp1:hr>152</tp1:hr>
</tp1:TrackPointExtension>
</extensions>
</trkpt>
<trkpt lat="58.60644434" lon="15.02409331">
<ele>223.2</ele>
<time>2024-04-21T10:37:15Z</time>
<extensions>
<tp1:TrackPointExtension>
<tp1:hr>151</tp1:hr>
</tp1:TrackPointExtension>
</extensions>
</trkpt>
<trkpt lat="58.60646286" lon="15.02412683">
<ele>223.2</ele>
<time>2024-04-21T10:37:16Z</time>
<extensions>
<tp1:TrackPointExtension>
<tp1:hr>152</tp1:hr>
</tp1:TrackPointExtension>
</extensions>
</trkpt>
<trkpt lat="58.60660636" lon="15.02430202">
<ele>223.2</ele>
<time>2024-04-21T10:37:22Z</time>
<extensions>
<tp1:TrackPointExtension>
<tp1:hr>153</tp1:hr>
</tp1:TrackPointExtension>
</extensions>
</trkpt>
<trkpt lat="58.60678489" lon="15.02445775">
<ele>223.4</ele>
<time>2024-04-21T10:37:28Z</time>
<extensions>
<tp1:TrackPointExtension>
<tp1:hr>153</tp1:hr>
</tp1:TrackPointExtension>
</extensions>
</trkpt>
<trkpt lat="58.60685212" lon="15.02467258">
<ele>223.4</ele>
<time>2024-04-21T10:37:32Z</time>
<extensions>
<tp1:TrackPointExtension>
<tp1:hr>151</tp1:hr>
</tp1:TrackPointExtension>
</extensions>
</trkpt>
<trkpt lat="58.60697458" lon="15.0248947">
<ele>223.6</ele>
<time>2024-04-21T10:37:38Z</time>
<extensions>
<tp1:TrackPointExtension>
<tp1:hr>151</tp1:hr>
</tp1:TrackPointExtension>
</extensions>
</trkpt>
<trkpt lat="58.60707734" lon="15.02513501">
<ele>223.6</ele>
<time>2024-04-21T10:37:43Z</time>
<extensions>
<tp1:TrackPointExtension>
<tp1:hr>149</tp1:hr>
</tp1:TrackPointExtension>
</extensions>
</trkpt>
<trkpt lat="58.60713392" lon="15.02526904">
<ele>223.8</ele>
<time>2024-04-21T10:37:46Z</time>
<extensions>
<tp1:TrackPointExtension>
<tp1:hr>148</tp1:hr>
</tp1:TrackPointExtension>
</extensions>
</trkpt>
<trkpt lat="58.60715378" lon="15.02528655">
<ele>223.8</ele>
<time>2024-04-21T10:37:47Z</time>
<extensions>
<tp1:TrackPointExtension>
<tp1:hr>149</tp1:hr>
</tp1:TrackPointExtension>
</extensions>
</trkpt>
<trkpt lat="58.60725009" lon="15.02538194">
<ele>223.8</ele>
<time>2024-04-21T10:37:50Z</time>
<extensions>
<tp1:TrackPointExtension>
<tp1:hr>149</tp1:hr>
</tp1:TrackPointExtension>
</extensions>
</trkpt>
<trkpt lat="58.60737422" lon="15.02555494">
<ele>223.8</ele>
<time>2024-04-21T10:37:55Z</time>
<extensions>
<tp1:TrackPointExtension>
<tp1:hr>150</tp1:hr>
</tp1:TrackPointExtension>
</extensions>
</trkpt>
<trkpt lat="58.60743592" lon="15.02579156">
<ele>223.8</ele>
<time>2024-04-21T10:38:00Z</time>
<extensions>
<tp1:TrackPointExtension>
<tp1:hr>151</tp1:hr>
</tp1:TrackPointExtension>
</extensions>
</trkpt>
<trkpt lat="58.60746919" lon="15.0259825">
<ele>223.8</ele>
<time>2024-04-21T10:38:05Z</time>
<extensions>
<tp1:TrackPointExtension>
<tp1:hr>152</tp1:hr>
</tp1:TrackPointExtension>
</extensions>
</trkpt>
<trkpt lat="58.60752242" lon="15.02625517">
<ele>223.8</ele>
<time>2024-04-21T10:38:11Z</time>
<extensions>
<tp1:TrackPointExtension>
<tp1:hr>154</tp1:hr>
</tp1:TrackPointExtension>
</extensions>
</trkpt>
<trkpt lat="58.6076173" lon="15.02646228">
<ele>224.0</ele>
<time>2024-04-21T10:38:16Z</time>
<extensions>
<tp1:TrackPointExtension>
<tp1:hr>155</tp1:hr>
</tp1:TrackPointExtension>
</extensions>
</trkpt>
<trkpt lat="58.60766055" lon="15.02674433">
<ele>223.9</ele>
<time>2024-04-21T10:38:21Z</time>
<extensions>
<tp1:TrackPointExtension>
<tp1:hr>157</tp1:hr>
</tp1:TrackPointExtension>
</extensions>
</trkpt>
<trkpt lat="58.60767765" lon="15.02689462">
<ele>224.1</ele>
<time>2024-04-21T10:38:24Z</time>
<extensions>
<tp1:TrackPointExtension>
<tp1:hr>153</tp1:hr>
</tp1:TrackPointExtension>
</extensions>
</trkpt>
<trkpt lat="58.60768285" lon="15.02711892">
<ele>224.1</ele>
<time>2024-04-21T10:38:28Z</time>
<extensions>
<tp1:TrackPointExtension>
<tp1:hr>149</tp1:hr>
</tp1:TrackPointExtension>
</extensions>
</trkpt>
<trkpt lat="58.60774219" lon="15.02733132">
<ele>224.1</ele>
<time>2024-04-21T10:38:33Z</time>
<extensions>
<tp1:TrackPointExtension>
<tp1:hr>153</tp1:hr>
</tp1:TrackPointExtension>
</extensions>
</trkpt>
<trkpt lat="58.60775585" lon="15.02737273">
<ele>224.1</ele>
<time>2024-04-21T10:38:34Z</time>
<extensions>
<tp1:TrackPointExtension>
<tp1:hr>158</tp1:hr>
</tp1:TrackPointExtension>
</extensions>
</trkpt>
<trkpt lat="58.60777463" lon="15.0274257">
<ele>224.1</ele>
<time>2024-04-21T10:38:35Z</time>
<extensions>
<tp1:TrackPointExtension>
<tp1:hr>160</tp1:hr>
</tp1:TrackPointExtension>
</extensions>
</trkpt>
<trkpt lat="58.60783582" lon="15.02764698">
<ele>224.1</ele>
<time>2024-04-21T10:38:39Z</time>
<extensions>
<tp1:TrackPointExtension>
<tp1:hr>160</tp1:hr>
</tp1:TrackPointExtension>
</extensions>
</trkpt>
<trkpt lat="58.60796976" lon="15.02793917">
<ele>224.1</ele>
<time>2024-04-21T10:38:45Z</time>
<extensions>
<tp1:TrackPointExtension>
<tp1:hr>163</tp1:hr>
</tp1:TrackPointExtension>
</extensions>
</trkpt>
<trkpt lat="58.60803463" lon="15.02801478">
<ele>224.1</ele>
<time>2024-04-21T10:38:47Z</time>
<extensions>
<tp1:TrackPointExtension>
<tp1:hr>160</tp1:hr>
</tp1:TrackPointExtension>
</extensions>
</trkpt>
<trkpt lat="58.6080825" lon="15.02812198">
<ele>224.1</ele>
<time>2024-04-21T10:38:48Z</time>
<extensions>
<tp1:TrackPointExtension>
<tp1:hr>163</tp1:hr>
</tp1:TrackPointExtension>
</extensions>
</trkpt>
<trkpt lat="58.60809792" lon="15.02819088">
<ele>224.1</ele>
<time>2024-04-21T10:38:50Z</time>
<extensions>
<tp1:TrackPointExtension>
<tp1:hr>162</tp1:hr>
</tp1:TrackPointExtension>
</extensions>
</trkpt>
<trkpt lat="58.60815978" lon="15.02854996">
<ele>224.1</ele>
<time>2024-04-21T10:38:55Z</time>
<extensions>
<tp1:TrackPointExtension>
<tp1:hr>163</tp1:hr>
</tp1:TrackPointExtension>
</extensions>
</trkpt>
<trkpt lat="58.60815391" lon="15.02889496">
<ele>224.1</ele>
<time>2024-04-21T10:39:01Z</time>
<extensions>
<tp1:TrackPointExtension>
<tp1:hr>164</tp1:hr>
</tp1:TrackPointExtension>
</extensions>
</trkpt>
<trkpt lat="58.60814301" lon="15.02902061">
<ele>224.1</ele>
<time>2024-04-21T10:39:03Z</time>
<extensions>
<tp1:TrackPointExtension>
<tp1:hr>161</tp1:hr>
</tp1:TrackPointExtension>
</extensions>
</trkpt>
<trkpt lat="58.60811016" lon="15.0293211">
<ele>224.1</ele>
<time>2024-04-21T10:39:07Z</time>
<extensions>
<tp1:TrackPointExtension>
<tp1:hr>162</tp1:hr>
</tp1:TrackPointExtension>
</extensions>
</trkpt>
<trkpt lat="58.60806682" lon="15.02955034">
<ele>224.1</ele>
<time>2024-04-21T10:39:12Z</time>
<extensions>
<tp1:TrackPointExtension>
<tp1:hr>162</tp1:hr>
</tp1:TrackPointExtension>
</extensions>
</trkpt>
<trkpt lat="58.60801536" lon="15.02970817">
<ele>223.9</ele>
<time>2024-04-21T10:39:18Z</time>
<extensions>
<tp1:TrackPointExtension>
<tp1:hr>161</tp1:hr>
</tp1:TrackPointExtension>
</extensions>
</trkpt>
<trkpt lat="58.60802198" lon="15.02974757">
<ele>223.9</ele>
<time>2024-04-21T10:39:20Z</time>
<extensions>
<tp1:TrackPointExtension>
<tp1:hr>161</tp1:hr>
</tp1:TrackPointExtension>
</extensions>
</trkpt>
<trkpt lat="58.60803212" lon="15.02977909">
<ele>223.9</ele>
<time>2024-04-21T10:39:22Z</time>
<extensions>
<tp1:TrackPointExtension>
<tp1:hr>161</tp1:hr>
</tp1:TrackPointExtension>
</extensions>
</trkpt>
<trkpt lat="58.60803656" lon="15.02979543">
<ele>224.1</ele>
<time>2024-04-21T10:39:23Z</time>
<extensions>
<tp1:TrackPointExtension>
<tp1:hr>161</tp1:hr>
</tp1:TrackPointExtension>
</extensions>
</trkpt>
<trkpt lat="58.60801259" lon="15.02996013">
<ele>224.1</ele>
<time>2024-04-21T10:39:28Z</time>
<extensions>
<tp1:TrackPointExtension>
<tp1:hr>162</tp1:hr>
</tp1:TrackPointExtension>
</extensions>
</trkpt>
<trkpt lat="58.60801217" lon="15.03001068">
<ele>224.3</ele>
<time>2024-04-21T10:39:29Z</time>
<extensions>
<tp1:TrackPointExtension>
<tp1:hr>163</tp1:hr>
</tp1:TrackPointExtension>
</extensions>
</trkpt>
<trkpt lat="58.60799641" lon="15.03012459">
<ele>224.3</ele>
<time>2024-04-21T10:39:31Z</time>
<extensions>
<tp1:TrackPointExtension>
<tp1:hr>164</tp1:hr>
</tp1:TrackPointExtension>
</extensions>
</trkpt>
<trkpt lat="58.60796741" lon="15.03040496">
<ele>224.5</ele>
<time>2024-04-21T10:39:36Z</time>
<extensions>
<tp1:TrackPointExtension>
<tp1:hr>165</tp1:hr>
</tp1:TrackPointExtension>
</extensions>
</trkpt>
<trkpt lat="58.60791989" lon="15.03066078">
<ele>224.7</ele>
<time>2024-04-21T10:39:41Z</time>
<extensions>
<tp1:TrackPointExtension>
<tp1:hr>164</tp1:hr>
</tp1:TrackPointExtension>
</extensions>
</trkpt>
<trkpt lat="58.60792064" lon="15.03068232">
<ele>224.7</ele>
<time>2024-04-21T10:39:42Z</time>
<extensions>
<tp1:TrackPointExtension>
<tp1:hr>162</tp1:hr>
</tp1:TrackPointExtension>
</extensions>
</trkpt>
<trkpt lat="58.60796012" lon="15.03078139">
<ele>224.7</ele>
<time>2024-04-21T10:39:45Z</time>
<extensions>
<tp1:TrackPointExtension>
<tp1:hr>160</tp1:hr>
</tp1:TrackPointExtension>
</extensions>
</trkpt>
<trkpt lat="58.60804377" lon="15.03098113">
<ele>224.7</ele>
<time>2024-04-21T10:39:50Z</time>
<extensions>
<tp1:TrackPointExtension>
<tp1:hr>161</tp1:hr>
</tp1:TrackPointExtension>
</extensions>
</trkpt>
<trkpt lat="58.60814871" lon="15.03100117">
<ele>224.7</ele>
<time>2024-04-21T10:39:55Z</time>
<extensions>
<tp1:TrackPointExtension>
<tp1:hr>159</tp1:hr>
</tp1:TrackPointExtension>
</extensions>
</trkpt>
<trkpt lat="58.60817243" lon="15.03102045">
<ele>224.7</ele>
<time>2024-04-21T10:39:56Z</time>
<extensions>
<tp1:TrackPointExtension>
<tp1:hr>162</tp1:hr>
</tp1:TrackPointExtension>
</extensions>
</trkpt>
<trkpt lat="58.60818903" lon="15.03105917">
<ele>224.7</ele>
<time>2024-04-21T10:39:57Z</time>
<extensions>
<tp1:TrackPointExtension>
<tp1:hr>162</tp1:hr>
</tp1:TrackPointExtension>
</extensions>
</trkpt>
<trkpt lat="58.60821409" lon="15.03114735">
<ele>224.7</ele>
<time>2024-04-21T10:39:59Z</time>
<extensions>
<tp1:TrackPointExtension>
<tp1:hr>161</tp1:hr>
</tp1:TrackPointExtension>
</extensions>
</trkpt>
<trkpt lat="58.60832649" lon="15.03134541">
<ele>224.5</ele>
<time>2024-04-21T10:40:05Z</time>
<extensions>
<tp1:TrackPointExtension>
<tp1:hr>159</tp1:hr>
</tp1:TrackPointExtension>
</extensions>
</trkpt>
<trkpt lat="58.60842339" lon="15.03147282">
<ele>224.1</ele>
<time>2024-04-21T10:40:10Z</time>
<extensions>
<tp1:TrackPointExtension>
<tp1:hr>160</tp1:hr>
</tp1:TrackPointExtension>
</extensions>
</trkpt>
<trkpt lat="58.6084912" lon="15.03172955">
<ele>223.7</ele>
<time>2024-04-21T10:40:16Z</time>
<extensions>
<tp1:TrackPointExtension>
<tp1:hr>161</tp1:hr>
</tp1:TrackPointExtension>
</extensions>
</trkpt>
<trkpt lat="58.60853294" lon="15.03198671">
<ele>223.1</ele>
<time>2024-04-21T10:40:22Z</time>
<extensions>
<tp1:TrackPointExtension>
<tp1:hr>160</tp1:hr>
</tp1:TrackPointExtension>
</extensions>
</trkpt>
<trkpt lat="58.60854551" lon="15.03202837">
<ele>222.9</ele>
<time>2024-04-21T10:40:23Z</time>
<extensions>
<tp1:TrackPointExtension>
<tp1:hr>161</tp1:hr>
</tp1:TrackPointExtension>
</extensions>
</trkpt>
<trkpt lat="58.6085896" lon="15.03217002">
<ele>222.5</ele>
<time>2024-04-21T10:40:27Z</time>
<extensions>
<tp1:TrackPointExtension>
<tp1:hr>160</tp1:hr>
</tp1:TrackPointExtension>
</extensions>
</trkpt>
<trkpt lat="58.60860494" lon="15.03225904">
<ele>222.3</ele>
<time>2024-04-21T10:40:29Z</time>
<extensions>
<tp1:TrackPointExtension>
<tp1:hr>161</tp1:hr>
</tp1:TrackPointExtension>
</extensions>
</trkpt>
<trkpt lat="58.60865741" lon="15.03237354">
<ele>221.9</ele>
<time>2024-04-21T10:40:32Z</time>
<extensions>
<tp1:TrackPointExtension>
<tp1:hr>161</tp1:hr>
</tp1:TrackPointExtension>
</extensions>
</trkpt>
<trkpt lat="58.60875179" lon="15.03252307">
<ele>221.4</ele>
<time>2024-04-21T10:40:37Z</time>
<extensions>
<tp1:TrackPointExtension>
<tp1:hr>160</tp1:hr>
</tp1:TrackPointExtension>
</extensions>
</trkpt>
<trkpt lat="58.60877467" lon="15.03261276">
<ele>221.0</ele>
<time>2024-04-21T10:40:39Z</time>
<extensions>
<tp1:TrackPointExtension>
<tp1:hr>163</tp1:hr>
</tp1:TrackPointExtension>
</extensions>
</trkpt>
<trkpt lat="58.60879856" lon="15.03273656">
<ele>220.6</ele>
<time>2024-04-21T10:40:42Z</time>
<extensions>
<tp1:TrackPointExtension>
<tp1:hr>167</tp1:hr>
</tp1:TrackPointExtension>
</extensions>
</trkpt>
<trkpt lat="58.60889512" lon="15.03305373">
<ele>219.6</ele>
<time>2024-04-21T10:40:49Z</time>
<extensions>
<tp1:TrackPointExtension>
<tp1:hr>168</tp1:hr>
</tp1:TrackPointExtension>
</extensions>
</trkpt>
<trkpt lat="58.60896016" lon="15.03336126">
<ele>218.6</ele>
<time>2024-04-21T10:40:55Z</time>
<extensions>
<tp1:TrackPointExtension>
<tp1:hr>168</tp1:hr>
</tp1:TrackPointExtension>
</extensions>
</trkpt>
<trkpt lat="58.60901004" lon="15.03350258">
<ele>218.0</ele>
<time>2024-04-21T10:40:59Z</time>
<extensions>
<tp1:TrackPointExtension>
<tp1:hr>170</tp1:hr>
</tp1:TrackPointExtension>
</extensions>
</trkpt>
<trkpt lat="58.60902563" lon="15.03351607">
<ele>217.8</ele>
<time>2024-04-21T10:41:00Z</time>
<extensions>
<tp1:TrackPointExtension>
<tp1:hr>169</tp1:hr>
</tp1:TrackPointExtension>
</extensions>
</trkpt>
<trkpt lat="58.60907827" lon="15.03352982">
<ele>217.4</ele>
<time>2024-04-21T10:41:03Z</time>
<extensions>
<tp1:TrackPointExtension>
<tp1:hr>168</tp1:hr>
</tp1:TrackPointExtension>
</extensions>
</trkpt>
<trkpt lat="58.60914909" lon="15.03346452">
<ele>217.0</ele>
<time>2024-04-21T10:41:06Z</time>
<extensions>
<tp1:TrackPointExtension>
<tp1:hr>169</tp1:hr>
</tp1:TrackPointExtension>
</extensions>
</trkpt>
<trkpt lat="58.60923811" lon="15.03332463">
<ele>216.4</ele>
<time>2024-04-21T10:41:11Z</time>
<extensions>
<tp1:TrackPointExtension>
<tp1:hr>170</tp1:hr>
</tp1:TrackPointExtension>
</extensions>
</trkpt>
<trkpt lat="58.60934649" lon="15.03326126">
<ele>216.0</ele>
<time>2024-04-21T10:41:16Z</time>
<extensions>
<tp1:TrackPointExtension>
<tp1:hr>169</tp1:hr>
</tp1:TrackPointExtension>
</extensions>
</trkpt>
<trkpt lat="58.60947272" lon="15.03314794">
<ele>215.4</ele>
<time>2024-04-21T10:41:21Z</time>
<extensions>
<tp1:TrackPointExtension>
<tp1:hr>169</tp1:hr>
</tp1:TrackPointExtension>
</extensions>
</trkpt>
<trkpt lat="58.60949459" lon="15.03312724">
<ele>215.4</ele>
<time>2024-04-21T10:41:22Z</time>
<extensions>
<tp1:TrackPointExtension>
<tp1:hr>171</tp1:hr>
</tp1:TrackPointExtension>
</extensions>
</trkpt>
<trkpt lat="58.60957204" lon="15.03298634">
<ele>214.8</ele>
<time>2024-04-21T10:41:27Z</time>
<extensions>
<tp1:TrackPointExtension>
<tp1:hr>169</tp1:hr>
</tp1:TrackPointExtension>
</extensions>
</trkpt>
<trkpt lat="58.60964455" lon="15.03274444">
<ele>214.4</ele>
<time>2024-04-21T10:41:33Z</time>
<extensions>
<tp1:TrackPointExtension>
<tp1:hr>167</tp1:hr>
</tp1:TrackPointExtension>
</extensions>
</trkpt>
<trkpt lat="58.60966617" lon="15.03269842">
<ele>214.2</ele>
<time>2024-04-21T10:41:34Z</time>
<extensions>
<tp1:TrackPointExtension>
<tp1:hr>166</tp1:hr>
</tp1:TrackPointExtension>
</extensions>
</trkpt>
<trkpt lat="58.60977128" lon="15.03250631">
<ele>213.8</ele>
<time>2024-04-21T10:41:40Z</time>
<extensions>
<tp1:TrackPointExtension>
<tp1:hr>167</tp1:hr>
</tp1:TrackPointExtension>
</extensions>
</trkpt>
<trkpt lat="58.60986155" lon="15.0323649">
<ele>213.2</ele>
<time>2024-04-21T10:41:45Z</time>
<extensions>
<tp1:TrackPointExtension>
<tp1:hr>168</tp1:hr>
</tp1:TrackPointExtension>
</extensions>
</trkpt>
<trkpt lat="58.60990179" lon="15.03228812">
<ele>213.0</ele>
<time>2024-04-21T10:41:47Z</time>
<extensions>
<tp1:TrackPointExtension>
<tp1:hr>167</tp1:hr>
</tp1:TrackPointExtension>
</extensions>
</trkpt>
<trkpt lat="58.61002685" lon="15.03208369">
<ele>212.6</ele>
<time>2024-04-21T10:41:53Z</time>
<extensions>
<tp1:TrackPointExtension>
<tp1:hr>167</tp1:hr>
</tp1:TrackPointExtension>
</extensions>
</trkpt>
<trkpt lat="58.61011419" lon="15.0319443">
<ele>212.2</ele>
<time>2024-04-21T10:41:56Z</time>
<extensions>
<tp1:TrackPointExtension>
<tp1:hr>163</tp1:hr>
</tp1:TrackPointExtension>
</extensions>
</trkpt>
<trkpt lat="58.61017009" lon="15.03184472">
<ele>212.0</ele>
<time>2024-04-21T10:41:59Z</time>
<extensions>
<tp1:TrackPointExtension>
<tp1:hr>163</tp1:hr>
</tp1:TrackPointExtension>
</extensions>
</trkpt>
<trkpt lat="58.61022717" lon="15.03172813">
<ele>211.4</ele>
<time>2024-04-21T10:42:03Z</time>
<extensions>
<tp1:TrackPointExtension>
<tp1:hr>162</tp1:hr>
</tp1:TrackPointExtension>
</extensions>
</trkpt>
<trkpt lat="58.61030839" lon="15.03164657">
<ele>211.2</ele>
<time>2024-04-21T10:42:07Z</time>
<extensions>
<tp1:TrackPointExtension>
<tp1:hr>163</tp1:hr>
</tp1:TrackPointExtension>
</extensions>
</trkpt>
<trkpt lat="58.61032457" lon="15.03162922">
<ele>211.2</ele>
<time>2024-04-21T10:42:08Z</time>
<extensions>
<tp1:TrackPointExtension>
<tp1:hr>163</tp1:hr>
</tp1:TrackPointExtension>
</extensions>
</trkpt>
<trkpt lat="58.61033916" lon="15.03162118">
<ele>211.0</ele>
<time>2024-04-21T10:42:09Z</time>
<extensions>
<tp1:TrackPointExtension>
<tp1:hr>164</tp1:hr>
</tp1:TrackPointExtension>
</extensions>
</trkpt>
<trkpt lat="58.61035977" lon="15.03162445">
<ele>210.8</ele>
<time>2024-04-21T10:42:11Z</time>
<extensions>
<tp1:TrackPointExtension>
<tp1:hr>164</tp1:hr>
</tp1:TrackPointExtension>
</extensions>
</trkpt>
<trkpt lat="58.61036967" lon="15.03161196">
<ele>210.8</ele>
<time>2024-04-21T10:42:12Z</time>
<extensions>
<tp1:TrackPointExtension>
<tp1:hr>167</tp1:hr>
</tp1:TrackPointExtension>
</extensions>
</trkpt>
<trkpt lat="58.61037788" lon="15.03158555">
<ele>210.6</ele>
<time>2024-04-21T10:42:13Z</time>
<extensions>
<tp1:TrackPointExtension>
<tp1:hr>167</tp1:hr>
</tp1:TrackPointExtension>
</extensions>
</trkpt>
<trkpt lat="58.61040738" lon="15.03141431">
<ele>210.2</ele>
<time>2024-04-21T10:42:17Z</time>
<extensions>
<tp1:TrackPointExtension>
<tp1:hr>167</tp1:hr>
</tp1:TrackPointExtension>
</extensions>
</trkpt>
<trkpt lat="58.6104244" lon="15.03140023">
<ele>210.2</ele>
<time>2024-04-21T10:42:18Z</time>
<extensions>
<tp1:TrackPointExtension>
<tp1:hr>166</tp1:hr>
</tp1:TrackPointExtension>
</extensions>
</trkpt>
<trkpt lat="58.61054669" lon="15.03127945">
<ele>209.6</ele>
<time>2024-04-21T10:42:23Z</time>
<extensions>
<tp1:TrackPointExtension>
<tp1:hr>164</tp1:hr>
</tp1:TrackPointExtension>
</extensions>
</trkpt>
<trkpt lat="58.61062163" lon="15.03120753">
<ele>209.4</ele>
<time>2024-04-21T10:42:27Z</time>
<extensions>
<tp1:TrackPointExtension>
<tp1:hr>165</tp1:hr>
</tp1:TrackPointExtension>
</extensions>
</trkpt>
<trkpt lat="58.61064199" lon="15.03117082">
<ele>209.2</ele>
<time>2024-04-21T10:42:29Z</time>
<extensions>
<tp1:TrackPointExtension>
<tp1:hr>164</tp1:hr>
</tp1:TrackPointExtension>
</extensions>
</trkpt>
<trkpt lat="58.61065004" lon="15.03118674">
<ele>209.0</ele>
<time>2024-04-21T10:42:30Z</time>
<extensions>
<tp1:TrackPointExtension>
<tp1:hr>164</tp1:hr>
</tp1:TrackPointExtension>
</extensions>
</trkpt>
<trkpt lat="58.61065323" lon="15.03122773">
<ele>209.0</ele>
<time>2024-04-21T10:42:31Z</time>
<extensions>
<tp1:TrackPointExtension>
<tp1:hr>164</tp1:hr>
</tp1:TrackPointExtension>
</extensions>
</trkpt>
<trkpt lat="58.61067695" lon="15.03146167">
<ele>208.4</ele>
<time>2024-04-21T10:42:37Z</time>
<extensions>
<tp1:TrackPointExtension>
<tp1:hr>162</tp1:hr>
</tp1:TrackPointExtension>
</extensions>
</trkpt>
<trkpt lat="58.61074174" lon="15.03147081">
<ele>208.2</ele>
<time>2024-04-21T10:42:41Z</time>
<extensions>
<tp1:TrackPointExtension>
<tp1:hr>160</tp1:hr>
</tp1:TrackPointExtension>
</extensions>
</trkpt>
<trkpt lat="58.61074945" lon="15.03148489">
<ele>208.0</ele>
<time>2024-04-21T10:42:42Z</time>
<extensions>
<tp1:TrackPointExtension>
<tp1:hr>160</tp1:hr>
</tp1:TrackPointExtension>
</extensions>
</trkpt>
<trkpt lat="58.610772" lon="15.03147458">
<ele>207.8</ele>
<time>2024-04-21T10:42:44Z</time>
<extensions>
<tp1:TrackPointExtension>
<tp1:hr>160</tp1:hr>
</tp1:TrackPointExtension>
</extensions>
</trkpt>
<trkpt lat="58.61078952" lon="15.03144516">
<ele>207.6</ele>
<time>2024-04-21T10:42:45Z</time>
<extensions>
<tp1:TrackPointExtension>
<tp1:hr>161</tp1:hr>
</tp1:TrackPointExtension>
</extensions>
</trkpt>
<trkpt lat="58.6108792" lon="15.03125933">
<ele>207.0</ele>
<time>2024-04-21T10:42:50Z</time>
<extensions>
<tp1:TrackPointExtension>
<tp1:hr>161</tp1:hr>
</tp1:TrackPointExtension>
</extensions>
</trkpt>
<trkpt lat="58.61089027" lon="15.03120736">
<ele>207.0</ele>
<time>2024-04-21T10:42:51Z</time>
<extensions>
<tp1:TrackPointExtension>
<tp1:hr>161</tp1:hr>
</tp1:TrackPointExtension>
</extensions>
</trkpt>
<trkpt lat="58.6109683" lon="15.03095456">
<ele>206.5</ele>
<time>2024-04-21T10:42:56Z</time>
<extensions>
<tp1:TrackPointExtension>
<tp1:hr>162</tp1:hr>
</tp1:TrackPointExtension>
</extensions>
</trkpt>
<trkpt lat="58.61103108" lon="15.03063546">
<ele>205.9</ele>
<time>2024-04-21T10:43:01Z</time>
<extensions>
<tp1:TrackPointExtension>
<tp1:hr>163</tp1:hr>
</tp1:TrackPointExtension>
</extensions>
</trkpt>
<trkpt lat="58.61104064" lon="15.03053362">
<ele>205.9</ele>
<time>2024-04-21T10:43:02Z</time>
<extensions>
<tp1:TrackPointExtension>
<tp1:hr>162</tp1:hr>
</tp1:TrackPointExtension>
</extensions>
</trkpt>
<trkpt lat="58.61104826" lon="15.03048224">
<ele>205.9</ele>
<time>2024-04-21T10:43:03Z</time>
<extensions>
<tp1:TrackPointExtension>
<tp1:hr>161</tp1:hr>
</tp1:TrackPointExtension>
</extensions>
</trkpt>
<trkpt lat="58.61106025" lon="15.03033129">
<ele>205.5</ele>
<time>2024-04-21T10:43:06Z</time>
<extensions>
<tp1:TrackPointExtension>
<tp1:hr>161</tp1:hr>
</tp1:TrackPointExtension>
</extensions>
</trkpt>
<trkpt lat="58.61108171" lon="15.03006072">
<ele>205.3</ele>
<time>2024-04-21T10:43:10Z</time>
<extensions>
<tp1:TrackPointExtension>
<tp1:hr>164</tp1:hr>
</tp1:TrackPointExtension>
</extensions>
</trkpt>
<trkpt lat="58.61108548" lon="15.03000481">
<ele>205.1</ele>
<time>2024-04-21T10:43:11Z</time>
<extensions>
<tp1:TrackPointExtension>
<tp1:hr>163</tp1:hr>
</tp1:TrackPointExtension>
</extensions>
</trkpt>
<trkpt lat="58.61108883" lon="15.02994848">
<ele>205.1</ele>
<time>2024-04-21T10:43:12Z</time>
<extensions>
<tp1:TrackPointExtension>
<tp1:hr>166</tp1:hr>
</tp1:TrackPointExtension>
</extensions>
</trkpt>
<trkpt lat="58.61109269" lon="15.02977313">
<ele>204.7</ele>
<time>2024-04-21T10:43:15Z</time>
<extensions>
<tp1:TrackPointExtension>
<tp1:hr>164</tp1:hr>
</tp1:TrackPointExtension>
</extensions>
</trkpt>
<trkpt lat="58.61109537" lon="15.02971496">
<ele>204.7</ele>
<time>2024-04-21T10:43:16Z</time>
<extensions>
<tp1:TrackPointExtension>
<tp1:hr>165</tp1:hr>
</tp1:TrackPointExtension>
</extensions>
</trkpt>
<trkpt lat="58.61109998" lon="15.0294195">
<ele>204.3</ele>
<time>2024-04-21T10:43:21Z</time>
<extensions>
<tp1:TrackPointExtension>
<tp1:hr>165</tp1:hr>
</tp1:TrackPointExtension>
</extensions>
</trkpt>
<trkpt lat="58.61108548" lon="15.02934976">
<ele>204.1</ele>
<time>2024-04-21T10:43:22Z</time>
<extensions>
<tp1:TrackPointExtension>
<tp1:hr>165</tp1:hr>
</tp1:TrackPointExtension>
</extensions>
</trkpt>
<trkpt lat="58.61101122" lon="15.02910099">
<ele>203.9</ele>
<time>2024-04-21T10:43:26Z</time>
<extensions>
<tp1:TrackPointExtension>
<tp1:hr>168</tp1:hr>
</tp1:TrackPointExtension>
</extensions>
</trkpt>
<trkpt lat="58.6109937" lon="15.02904676">
<ele>203.7</ele>
<time>2024-04-21T10:43:27Z</time>
<extensions>
<tp1:TrackPointExtension>
<tp1:hr>167</tp1:hr>
</tp1:TrackPointExtension>
</extensions>
</trkpt>
<trkpt lat="58.61098205" lon="15.02886571">
<ele>203.5</ele>
<time>2024-04-21T10:43:30Z</time>
<extensions>
<tp1:TrackPointExtension>
<tp1:hr>167</tp1:hr>
</tp1:TrackPointExtension>
</extensions>
</trkpt>
<trkpt lat="58.61101096" lon="15.02875138">
<ele>203.3</ele>
<time>2024-04-21T10:43:31Z</time>
<extensions>
<tp1:TrackPointExtension>
<tp1:hr>168</tp1:hr>
</tp1:TrackPointExtension>
</extensions>
</trkpt>
<trkpt lat="58.61103879" lon="15.02870427">
<ele>203.1</ele>
<time>2024-04-21T10:43:34Z</time>
<extensions>
<tp1:TrackPointExtension>
<tp1:hr>167</tp1:hr>
</tp1:TrackPointExtension>
</extensions>
</trkpt>
<trkpt lat="58.61105338" lon="15.02869572">
<ele>203.1</ele>
<time>2024-04-21T10:43:35Z</time>
<extensions>
<tp1:TrackPointExtension>
<tp1:hr>167</tp1:hr>
</tp1:TrackPointExtension>
</extensions>
</trkpt>
<trkpt lat="58.6110683" lon="15.02869396">
<ele>203.1</ele>
<time>2024-04-21T10:43:36Z</time>
<extensions>
<tp1:TrackPointExtension>
<tp1:hr>168</tp1:hr>
</tp1:TrackPointExtension>
</extensions>
</trkpt>
<trkpt lat="58.61111423" lon="15.02868902">
<ele>202.9</ele>
<time>2024-04-21T10:43:38Z</time>
<extensions>
<tp1:TrackPointExtension>
<tp1:hr>165</tp1:hr>
</tp1:TrackPointExtension>
</extensions>
</trkpt>
<trkpt lat="58.61114516" lon="15.02867443">
<ele>202.7</ele>
<time>2024-04-21T10:43:39Z</time>
<extensions>
<tp1:TrackPointExtension>
<tp1:hr>166</tp1:hr>
</tp1:TrackPointExtension>
</extensions>
</trkpt>
<trkpt lat="58.61121951" lon="15.02849355">
<ele>202.3</ele>
<time>2024-04-21T10:43:43Z</time>
<extensions>
<tp1:TrackPointExtension>
<tp1:hr>164</tp1:hr>
</tp1:TrackPointExtension>
</extensions>
</trkpt>
<trkpt lat="58.61130324" lon="15.02823145">
<ele>201.7</ele>
<time>2024-04-21T10:43:49Z</time>
<extensions>
<tp1:TrackPointExtension>
<tp1:hr>159</tp1:hr>
</tp1:TrackPointExtension>
</extensions>
</trkpt>
<trkpt lat="58.61131087" lon="15.02817336">
<ele>201.7</ele>
<time>2024-04-21T10:43:50Z</time>
<extensions>
<tp1:TrackPointExtension>
<tp1:hr>158</tp1:hr>
</tp1:TrackPointExtension>
</extensions>
</trkpt>
<trkpt lat="58.61138522" lon="15.02789441">
<ele>201.1</ele>
<time>2024-04-21T10:43:55Z</time>
<extensions>
<tp1:TrackPointExtension>
<tp1:hr>156</tp1:hr>
</tp1:TrackPointExtension>
</extensions>
</trkpt>
<trkpt lat="58.61149619" lon="15.02767313">
<ele>200.7</ele>
<time>2024-04-21T10:44:00Z</time>
<extensions>
<tp1:TrackPointExtension>
<tp1:hr>157</tp1:hr>
</tp1:TrackPointExtension>
</extensions>
</trkpt>
<trkpt lat="58.61151204" lon="15.02763022">
<ele>200.7</ele>
<time>2024-04-21T10:44:01Z</time>
<extensions>
<tp1:TrackPointExtension>
<tp1:hr>156</tp1:hr>
</tp1:TrackPointExtension>
</extensions>
</trkpt>
<trkpt lat="58.6115371" lon="15.02743358">
<ele>200.3</ele>
<time>2024-04-21T10:44:05Z</time>
<extensions>
<tp1:TrackPointExtension>
<tp1:hr>156</tp1:hr>
</tp1:TrackPointExtension>
</extensions>
</trkpt>
<trkpt lat="58.61158621" lon="15.02725136">
<ele>199.9</ele>
<time>2024-04-21T10:44:10Z</time>
<extensions>
<tp1:TrackPointExtension>
<tp1:hr>157</tp1:hr>
</tp1:TrackPointExtension>
</extensions>
</trkpt>
<trkpt lat="58.61162234" lon="15.0271232">
<ele>199.7</ele>
<time>2024-04-21T10:44:13Z</time>
<extensions>
<tp1:TrackPointExtension>
<tp1:hr>158</tp1:hr>
</tp1:TrackPointExtension>
</extensions>
</trkpt>
<trkpt lat="58.61161983" lon="15.02707584">
<ele>199.7</ele>
<time>2024-04-21T10:44:14Z</time>
<extensions>
<tp1:TrackPointExtension>
<tp1:hr>158</tp1:hr>
</tp1:TrackPointExtension>
</extensions>
</trkpt>
<trkpt lat="58.61161279" lon="15.02701423">
<ele>199.5</ele>
<time>2024-04-21T10:44:15Z</time>
<extensions>
<tp1:TrackPointExtension>
<tp1:hr>158</tp1:hr>
</tp1:TrackPointExtension>
</extensions>
</trkpt>
<trkpt lat="58.61157448" lon="15.02669974">
<ele>199.1</ele>
<time>2024-04-21T10:44:20Z</time>
<extensions>
<tp1:TrackPointExtension>
<tp1:hr>157</tp1:hr>
</tp1:TrackPointExtension>
</extensions>
</trkpt>
<trkpt lat="58.61157733" lon="15.02647645">
<ele>198.9</ele>
<time>2024-04-21T10:44:23Z</time>
<extensions>
<tp1:TrackPointExtension>
<tp1:hr>160</tp1:hr>
</tp1:TrackPointExtension>
</extensions>
</trkpt>
<trkpt lat="58.61157398" lon="15.02628266">
<ele>198.7</ele>
<time>2024-04-21T10:44:26Z</time>
<extensions>
<tp1:TrackPointExtension>
<tp1:hr>160</tp1:hr>
</tp1:TrackPointExtension>
</extensions>
</trkpt>
<trkpt lat="58.61157088" lon="15.02622516">
<ele>198.5</ele>
<time>2024-04-21T10:44:27Z</time>
<extensions>
<tp1:TrackPointExtension>
<tp1:hr>160</tp1:hr>
</tp1:TrackPointExtension>
</extensions>
</trkpt>
<trkpt lat="58.61153936" lon="15.02598058">
<ele>198.1</ele>
<time>2024-04-21T10:44:32Z</time>
<extensions>
<tp1:TrackPointExtension>
<tp1:hr>161</tp1:hr>
</tp1:TrackPointExtension>
</extensions>
</trkpt>
<trkpt lat="58.61155386" lon="15.0257204">
<ele>197.5</ele>
<time>2024-04-21T10:44:38Z</time>
<extensions>
<tp1:TrackPointExtension>
<tp1:hr>161</tp1:hr>
</tp1:TrackPointExtension>
</extensions>
</trkpt>
<trkpt lat="58.61155629" lon="15.02568746">
<ele>197.5</ele>
<time>2024-04-21T10:44:39Z</time>
<extensions>
<tp1:TrackPointExtension>
<tp1:hr>161</tp1:hr>
</tp1:TrackPointExtension>
</extensions>
</trkpt>
<trkpt lat="58.61153014" lon="15.02557212">
<ele>197.3</ele>
<time>2024-04-21T10:44:42Z</time>
<extensions>
<tp1:TrackPointExtension>
<tp1:hr>162</tp1:hr>
</tp1:TrackPointExtension>
</extensions>
</trkpt>
<trkpt lat="58.61152008" lon="15.02553105">
<ele>197.1</ele>
<time>2024-04-21T10:44:43Z</time>
<extensions>
<tp1:TrackPointExtension>
<tp1:hr>162</tp1:hr>
</tp1:TrackPointExtension>
</extensions>
</trkpt>
<trkpt lat="58.61150768" lon="15.02523894">
<ele>196.5</ele>
<time>2024-04-21T10:44:49Z</time>
<extensions>
<tp1:TrackPointExtension>
<tp1:hr>163</tp1:hr>
</tp1:TrackPointExtension>
</extensions>
</trkpt>
<trkpt lat="58.61151354" lon="15.02520533">
<ele>196.5</ele>
<time>2024-04-21T10:44:50Z</time>
<extensions>
<tp1:TrackPointExtension>
<tp1:hr>163</tp1:hr>
</tp1:TrackPointExtension>
</extensions>
</trkpt>
<trkpt lat="58.61151706" lon="15.02514423">
<ele>196.3</ele>
<time>2024-04-21T10:44:52Z</time>
<extensions>
<tp1:TrackPointExtension>
<tp1:hr>163</tp1:hr>
</tp1:TrackPointExtension>
</extensions>
</trkpt>
<trkpt lat="58.61151262" lon="15.02511355">
<ele>196.1</ele>
<time>2024-04-21T10:44:53Z</time>
<extensions>
<tp1:TrackPointExtension>
<tp1:hr>167</tp1:hr>
</tp1:TrackPointExtension>
</extensions>
</trkpt>
<trkpt lat="58.61151145" lon="15.02506309">
<ele>196.1</ele>
<time>2024-04-21T10:44:54Z</time>
<extensions>
<tp1:TrackPointExtension>
<tp1:hr>168</tp1:hr>
</tp1:TrackPointExtension>
</extensions>
</trkpt>
<trkpt lat="58.61151279" lon="15.02484147">
<ele>195.7</ele>
<time>2024-04-21T10:44:59Z</time>
<extensions>
<tp1:TrackPointExtension>
<tp1:hr>163</tp1:hr>
</tp1:TrackPointExtension>
</extensions>
</trkpt>
<trkpt lat="58.61153559" lon="15.02476067">
<ele>195.5</ele>
<time>2024-04-21T10:45:01Z</time>
<extensions>
<tp1:TrackPointExtension>
<tp1:hr>160</tp1:hr>
</tp1:TrackPointExtension>
</extensions>
</trkpt>
<trkpt lat="58.61153232" lon="15.02473494">
<ele>195.5</ele>
<time>2024-04-21T10:45:02Z</time>
<extensions>
<tp1:TrackPointExtension>
<tp1:hr>160</tp1:hr>
</tp1:TrackPointExtension>
</extensions>
</trkpt>
<trkpt lat="58.61152712" lon="15.02468415">
<ele>195.3</ele>
<time>2024-04-21T10:45:04Z</time>
<extensions>
<tp1:TrackPointExtension>
<tp1:hr>160</tp1:hr>
</tp1:TrackPointExtension>
</extensions>
</trkpt>
<trkpt lat="58.61153215" lon="15.02461005">
<ele>195.3</ele>
<time>2024-04-21T10:45:06Z</time>
<extensions>
<tp1:TrackPointExtension>
<tp1:hr>163</tp1:hr>
</tp1:TrackPointExtension>
</extensions>
</trkpt>
<trkpt lat="58.61155805" lon="15.02446932">
<ele>195.0</ele>
<time>2024-04-21T10:45:09Z</time>
<extensions>
<tp1:TrackPointExtension>
<tp1:hr>162</tp1:hr>
</tp1:TrackPointExtension>
</extensions>
</trkpt>
<trkpt lat="58.61161111" lon="15.02427402">
<ele>194.6</ele>
<time>2024-04-21T10:45:14Z</time>
<extensions>
<tp1:TrackPointExtension>
<tp1:hr>163</tp1:hr>
</tp1:TrackPointExtension>
</extensions>
</trkpt>
<trkpt lat="58.6116184" lon="15.02426715">
<ele>194.6</ele>
<time>2024-04-21T10:45:15Z</time>
<extensions>
<tp1:TrackPointExtension>
<tp1:hr>162</tp1:hr>
</tp1:TrackPointExtension>
</extensions>
</trkpt>
<trkpt lat="58.61163072" lon="15.02424192">
<ele>194.4</ele>
<time>2024-04-21T10:45:17Z</time>
<extensions>
<tp1:TrackPointExtension>
<tp1:hr>165</tp1:hr>
</tp1:TrackPointExtension>
</extensions>
</trkpt>
<trkpt lat="58.61164154" lon="15.02420789">
<ele>194.2</ele>
<time>2024-04-21T10:45:19Z</time>
<extensions>
<tp1:TrackPointExtension>
<tp1:hr>164</tp1:hr>
</tp1:TrackPointExtension>
</extensions>
</trkpt>
<trkpt lat="58.61160994" lon="15.02409842">
<ele>194.0</ele>
<time>2024-04-21T10:45:23Z</time>
<extensions>
<tp1:TrackPointExtension>
<tp1:hr>162</tp1:hr>
</tp1:TrackPointExtension>
</extensions>
</trkpt>
<trkpt lat="58.61159225" lon="15.02406053">
<ele>194.0</ele>
<time>2024-04-21T10:45:24Z</time>
<extensions>
<tp1:TrackPointExtension>
<tp1:hr>164</tp1:hr>
</tp1:TrackPointExtension>
</extensions>
</trkpt>
<trkpt lat="58.61157339" lon="15.02404947">
<ele>194.0</ele>
<time>2024-04-21T10:45:25Z</time>
<extensions>
<tp1:TrackPointExtension>
<tp1:hr>160</tp1:hr>
</tp1:TrackPointExtension>
</extensions>
</trkpt>
<trkpt lat="58.61153316" lon="15.02403975">
<ele>193.8</ele>
<time>2024-04-21T10:45:27Z</time>
<extensions>
<tp1:TrackPointExtension>
<tp1:hr>163</tp1:hr>
</tp1:TrackPointExtension>
</extensions>
</trkpt>
<trkpt lat="58.61143568" lon="15.02398585">
<ele>193.6</ele>
<time>2024-04-21T10:45:31Z</time>
<extensions>
<tp1:TrackPointExtension>
<tp1:hr>160</tp1:hr>
</tp1:TrackPointExtension>
</extensions>
</trkpt>
<trkpt lat="58.61141095" lon="15.02394126">
<ele>193.4</ele>
<time>2024-04-21T10:45:33Z</time>
<extensions>
<tp1:TrackPointExtension>
<tp1:hr>161</tp1:hr>
</tp1:TrackPointExtension>
</extensions>
</trkpt>
<trkpt lat="58.61137625" lon="15.023896">
<ele>193.2</ele>
<time>2024-04-21T10:45:35Z</time>
<extensions>
<tp1:TrackPointExtension>
<tp1:hr>162</tp1:hr>
</tp1:TrackPointExtension>
</extensions>
</trkpt>
<trkpt lat="58.61134448" lon="15.02385476">
<ele>193.2</ele>
<time>2024-04-21T10:45:38Z</time>
<extensions>
<tp1:TrackPointExtension>
<tp1:hr>160</tp1:hr>
</tp1:TrackPointExtension>
</extensions>
</trkpt>
<trkpt lat="58.61127022" lon="15.02374806">
<ele>192.8</ele>
<time>2024-04-21T10:45:44Z</time>
<extensions>
<tp1:TrackPointExtension>
<tp1:hr>158</tp1:hr>
</tp1:TrackPointExtension>
</extensions>
</trkpt>
<trkpt lat="58.61119352" lon="15.02366474">
<ele>192.8</ele>
<time>2024-04-21T10:45:49Z</time>
<extensions>
<tp1:TrackPointExtension>
<tp1:hr>163</tp1:hr>
</tp1:TrackPointExtension>
</extensions>
</trkpt>
<trkpt lat="58.61117827" lon="15.02365803">
<ele>192.8</ele>
<time>2024-04-21T10:45:50Z</time>
<extensions>
<tp1:TrackPointExtension>
<tp1:hr>164</tp1:hr>
</tp1:TrackPointExtension>
</extensions>
</trkpt>
<trkpt lat="58.61105782" lon="15.02360204">
<ele>192.8</ele>
<time>2024-04-21T10:45:56Z</time>
<extensions>
<tp1:TrackPointExtension>
<tp1:hr>167</tp1:hr>
</tp1:TrackPointExtension>
</extensions>
</trkpt>
<trkpt lat="58.61104776" lon="15.02360087">
<ele>192.8</ele>
<time>2024-04-21T10:45:57Z</time>
<extensions>
<tp1:TrackPointExtension>
<tp1:hr>166</tp1:hr>
</tp1:TrackPointExtension>
</extensions>
</trkpt>
<trkpt lat="58.61096377" lon="15.02365409">
<ele>192.6</ele>
<time>2024-04-21T10:46:01Z</time>
<extensions>
<tp1:TrackPointExtension>
<tp1:hr>165</tp1:hr>
</tp1:TrackPointExtension>
</extensions>
</trkpt>
<trkpt lat="58.61085841" lon="15.02358712">
<ele>192.6</ele>
<time>2024-04-21T10:46:06Z</time>
<extensions>
<tp1:TrackPointExtension>
<tp1:hr>166</tp1:hr>
</tp1:TrackPointExtension>
</extensions>
</trkpt>
<trkpt lat="58.61078423" lon="15.02354287">
<ele>192.8</ele>
<time>2024-04-21T10:46:09Z</time>
<extensions>
<tp1:TrackPointExtension>
<tp1:hr>164</tp1:hr>
</tp1:TrackPointExtension>
</extensions>
</trkpt>
<trkpt lat="58.6106891" lon="15.02351755">
<ele>192.8</ele>
<time>2024-04-21T10:46:12Z</time>
<extensions>
<tp1:TrackPointExtension>
<tp1:hr>162</tp1:hr>
</tp1:TrackPointExtension>
</extensions>
</trkpt>
<trkpt lat="58.61053177" lon="15.02344212">
<ele>193.0</ele>
<time>2024-04-21T10:46:19Z</time>
<extensions>
<tp1:TrackPointExtension>
<tp1:hr>163</tp1:hr>
</tp1:TrackPointExtension>
</extensions>
</trkpt>
<trkpt lat="58.61038023" lon="15.02332385">
<ele>193.0</ele>
<time>2024-04-21T10:46:25Z</time>
<extensions>
<tp1:TrackPointExtension>
<tp1:hr>163</tp1:hr>
</tp1:TrackPointExtension>
</extensions>
</trkpt>
<trkpt lat="58.61027143" lon="15.02319309">
<ele>193.2</ele>
<time>2024-04-21T10:46:30Z</time>
<extensions>
<tp1:TrackPointExtension>
<tp1:hr>161</tp1:hr>
</tp1:TrackPointExtension>
</extensions>
</trkpt>
<trkpt lat="58.61023782" lon="15.02316384">
<ele>193.4</ele>
<time>2024-04-21T10:46:32Z</time>
<extensions>
<tp1:TrackPointExtension>
<tp1:hr>162</tp1:hr>
</tp1:TrackPointExtension>
</extensions>
</trkpt>
<trkpt lat="58.61010656" lon="15.02311329">
<ele>193.6</ele>
<time>2024-04-21T10:46:38Z</time>
<extensions>
<tp1:TrackPointExtension>
<tp1:hr>163</tp1:hr>
</tp1:TrackPointExtension>
</extensions>
</trkpt>
<trkpt lat="58.61007571" lon="15.0230967">
<ele>193.8</ele>
<time>2024-04-21T10:46:40Z</time>
<extensions>
<tp1:TrackPointExtension>
<tp1:hr>166</tp1:hr>
</tp1:TrackPointExtension>
</extensions>
</trkpt>
<trkpt lat="58.61003757" lon="15.02309133">
<ele>193.8</ele>
<time>2024-04-21T10:46:42Z</time>
<extensions>
<tp1:TrackPointExtension>
<tp1:hr>163</tp1:hr>
</tp1:TrackPointExtension>
</extensions>
</trkpt>
<trkpt lat="58.60997421" lon="15.02306635">
<ele>194.0</ele>
<time>2024-04-21T10:46:45Z</time>
<extensions>
<tp1:TrackPointExtension>
<tp1:hr>162</tp1:hr>
</tp1:TrackPointExtension>
</extensions>
</trkpt>
<trkpt lat="58.60989366" lon="15.02308857">
<ele>194.4</ele>
<time>2024-04-21T10:46:50Z</time>
<extensions>
<tp1:TrackPointExtension>
<tp1:hr>162</tp1:hr>
</tp1:TrackPointExtension>
</extensions>
</trkpt>
<trkpt lat="58.60987111" lon="15.02310701">
<ele>194.4</ele>
<time>2024-04-21T10:46:51Z</time>
<extensions>
<tp1:TrackPointExtension>
<tp1:hr>161</tp1:hr>
</tp1:TrackPointExtension>
</extensions>
</trkpt>
<trkpt lat="58.6097774" lon="15.02313098">
<ele>194.6</ele>
<time>2024-04-21T10:46:56Z</time>
<extensions>
<tp1:TrackPointExtension>
<tp1:hr>160</tp1:hr>
</tp1:TrackPointExtension>
</extensions>
</trkpt>
<trkpt lat="58.60969182" lon="15.0231034">
<ele>195.0</ele>
<time>2024-04-21T10:47:01Z</time>
<extensions>
<tp1:TrackPointExtension>
<tp1:hr>163</tp1:hr>
</tp1:TrackPointExtension>
</extensions>
</trkpt>
<trkpt lat="58.60964907" lon="15.0230915">
<ele>195.2</ele>
<time>2024-04-21T10:47:03Z</time>
<extensions>
<tp1:TrackPointExtension>
<tp1:hr>162</tp1:hr>
</tp1:TrackPointExtension>
</extensions>
</trkpt>
<trkpt lat="58.6096049" lon="15.02310282">
<ele>195.4</ele>
<time>2024-04-21T10:47:05Z</time>
<extensions>
<tp1:TrackPointExtension>
<tp1:hr>162</tp1:hr>
</tp1:TrackPointExtension>
</extensions>
</trkpt>
<trkpt lat="58.60951027" lon="15.02312679">
<ele>195.6</ele>
<time>2024-04-21T10:47:09Z</time>
<extensions>
<tp1:TrackPointExtension>
<tp1:hr>162</tp1:hr>
</tp1:TrackPointExtension>
</extensions>
</trkpt>
<trkpt lat="58.60941916" lon="15.02304498">
<ele>196.2</ele>
<time>2024-04-21T10:47:14Z</time>
<extensions>
<tp1:TrackPointExtension>
<tp1:hr>163</tp1:hr>
</tp1:TrackPointExtension>
</extensions>
</trkpt>
<trkpt lat="58.60939502" lon="15.02301338">
<ele>196.4</ele>
<time>2024-04-21T10:47:16Z</time>
<extensions>
<tp1:TrackPointExtension>
<tp1:hr>163</tp1:hr>
</tp1:TrackPointExtension>
</extensions>
</trkpt>
<trkpt lat="58.60938278" lon="15.02300207">
<ele>196.4</ele>
<time>2024-04-21T10:47:17Z</time>
<extensions>
<tp1:TrackPointExtension>
<tp1:hr>163</tp1:hr>
</tp1:TrackPointExtension>
</extensions>
</trkpt>
<trkpt lat="58.60935789" lon="15.02299477">
<ele>196.8</ele>
<time>2024-04-21T10:47:19Z</time>
<extensions>
<tp1:TrackPointExtension>
<tp1:hr>162</tp1:hr>
</tp1:TrackPointExtension>
</extensions>
</trkpt>
<trkpt lat="58.60924565" lon="15.02293141">
<ele>197.3</ele>
<time>2024-04-21T10:47:25Z</time>
<extensions>
<tp1:TrackPointExtension>
<tp1:hr>164</tp1:hr>
</tp1:TrackPointExtension>
</extensions>
</trkpt>
<trkpt lat="58.60915647" lon="15.02282714">
<ele>197.9</ele>
<time>2024-04-21T10:47:30Z</time>
<extensions>
<tp1:TrackPointExtension>
<tp1:hr>164</tp1:hr>
</tp1:TrackPointExtension>
</extensions>
</trkpt>
<trkpt lat="58.60904532" lon="15.02270929">
<ele>198.3</ele>
<time>2024-04-21T10:47:34Z</time>
<extensions>
<tp1:TrackPointExtension>
<tp1:hr>163</tp1:hr>
</tp1:TrackPointExtension>
</extensions>
</trkpt>
<trkpt lat="58.60897953" lon="15.02267098">
<ele>198.7</ele>
<time>2024-04-21T10:47:36Z</time>
<extensions>
<tp1:TrackPointExtension>
<tp1:hr>163</tp1:hr>
</tp1:TrackPointExtension>
</extensions>
</trkpt>
<trkpt lat="58.60883242" lon="15.0226108">
<ele>199.3</ele>
<time>2024-04-21T10:47:41Z</time>
<extensions>
<tp1:TrackPointExtension>
<tp1:hr>165</tp1:hr>
</tp1:TrackPointExtension>
</extensions>
</trkpt>
<trkpt lat="58.60876503" lon="15.02260518">
<ele>199.5</ele>
<time>2024-04-21T10:47:43Z</time>
<extensions>
<tp1:TrackPointExtension>
<tp1:hr>165</tp1:hr>
</tp1:TrackPointExtension>
</extensions>
</trkpt>
<trkpt lat="58.60867795" lon="15.02264106">
<ele>199.7</ele>
<time>2024-04-21T10:47:45Z</time>
<extensions>
<tp1:TrackPointExtension>
<tp1:hr>165</tp1:hr>
</tp1:TrackPointExtension>
</extensions>
</trkpt>
<trkpt lat="58.60854819" lon="15.02264273">
<ele>200.3</ele>
<time>2024-04-21T10:47:49Z</time>
<extensions>
<tp1:TrackPointExtension>
<tp1:hr>168</tp1:hr>
</tp1:TrackPointExtension>
</extensions>
</trkpt>
<trkpt lat="58.6084886" lon="15.02261968">
<ele>200.5</ele>
<time>2024-04-21T10:47:51Z</time>
<extensions>
<tp1:TrackPointExtension>
<tp1:hr>168</tp1:hr>
</tp1:TrackPointExtension>
</extensions>
</trkpt>
<trkpt lat="58.60846119" lon="15.02261139">
<ele>200.7</ele>
<time>2024-04-21T10:47:52Z</time>
<extensions>
<tp1:TrackPointExtension>
<tp1:hr>168</tp1:hr>
</tp1:TrackPointExtension>
</extensions>
</trkpt>
<trkpt lat="58.60831685" lon="15.02252857">
<ele>201.3</ele>
<time>2024-04-21T10:47:57Z</time>
<extensions>
<tp1:TrackPointExtension>
<tp1:hr>171</tp1:hr>
</tp1:TrackPointExtension>
</extensions>
</trkpt>
<trkpt lat="58.60826128" lon="15.02250083">
<ele>201.5</ele>
<time>2024-04-21T10:47:59Z</time>
<extensions>
<tp1:TrackPointExtension>
<tp1:hr>170</tp1:hr>
</tp1:TrackPointExtension>
</extensions>
</trkpt>
<trkpt lat="58.60823538" lon="15.02249069">
<ele>201.7</ele>
<time>2024-04-21T10:48:00Z</time>
<extensions>
<tp1:TrackPointExtension>
<tp1:hr>170</tp1:hr>
</tp1:TrackPointExtension>
</extensions>
</trkpt>
<trkpt lat="58.60815626" lon="15.02244978">
<ele>202.1</ele>
<time>2024-04-21T10:48:03Z</time>
<extensions>
<tp1:TrackPointExtension>
<tp1:hr>166</tp1:hr>
</tp1:TrackPointExtension>
</extensions>
</trkpt>
<trkpt lat="58.60811242" lon="15.02242858">
<ele>202.3</ele>
<time>2024-04-21T10:48:05Z</time>
<extensions>
<tp1:TrackPointExtension>
<tp1:hr>166</tp1:hr>
</tp1:TrackPointExtension>
</extensions>
</trkpt>
<trkpt lat="58.60805827" lon="15.02239748">
<ele>202.7</ele>
<time>2024-04-21T10:48:08Z</time>
<extensions>
<tp1:TrackPointExtension>
<tp1:hr>165</tp1:hr>
</tp1:TrackPointExtension>
</extensions>
</trkpt>
<trkpt lat="58.60802894" lon="15.02238692">
<ele>202.9</ele>
<time>2024-04-21T10:48:10Z</time>
<extensions>
<tp1:TrackPointExtension>
<tp1:hr>166</tp1:hr>
</tp1:TrackPointExtension>
</extensions>
</trkpt>
<trkpt lat="58.60801619" lon="15.02239153">
<ele>203.3</ele>
<time>2024-04-21T10:48:11Z</time>
<extensions>
<tp1:TrackPointExtension>
<tp1:hr>165</tp1:hr>
</tp1:TrackPointExtension>
</extensions>
</trkpt>
<trkpt lat="58.60795576" lon="15.02241768">
<ele>203.7</ele>
<time>2024-04-21T10:48:15Z</time>
<extensions>
<tp1:TrackPointExtension>
<tp1:hr>167</tp1:hr>
</tp1:TrackPointExtension>
</extensions>
</trkpt>
<trkpt lat="58.60793162" lon="15.02243361">
<ele>203.9</ele>
<time>2024-04-21T10:48:16Z</time>
<extensions>
<tp1:TrackPointExtension>
<tp1:hr>166</tp1:hr>
</tp1:TrackPointExtension>
</extensions>
</trkpt>
<trkpt lat="58.60778578" lon="15.02255975">
<ele>204.9</ele>
<time>2024-04-21T10:48:22Z</time>
<extensions>
<tp1:TrackPointExtension>
<tp1:hr>166</tp1:hr>
</tp1:TrackPointExtension>
</extensions>
</trkpt>
<trkpt lat="58.60770229" lon="15.02260108">
<ele>205.3</ele>
<time>2024-04-21T10:48:25Z</time>
<extensions>
<tp1:TrackPointExtension>
<tp1:hr>163</tp1:hr>
</tp1:TrackPointExtension>
</extensions>
</trkpt>
<trkpt lat="58.60766558" lon="15.02263905">
<ele>205.7</ele>
<time>2024-04-21T10:48:27Z</time>
<extensions>
<tp1:TrackPointExtension>
<tp1:hr>163</tp1:hr>
</tp1:TrackPointExtension>
</extensions>
</trkpt>
<trkpt lat="58.60763079" lon="15.02265623">
<ele>205.9</ele>
<time>2024-04-21T10:48:29Z</time>
<extensions>
<tp1:TrackPointExtension>
<tp1:hr>164</tp1:hr>
</tp1:TrackPointExtension>
</extensions>
</trkpt>
<trkpt lat="58.60753105" lon="15.02268707">
<ele>206.5</ele>
<time>2024-04-21T10:48:33Z</time>
<extensions>
<tp1:TrackPointExtension>
<tp1:hr>164</tp1:hr>
</tp1:TrackPointExtension>
</extensions>
</trkpt>
<trkpt lat="58.60745335" lon="15.02272136">
<ele>206.9</ele>
<time>2024-04-21T10:48:36Z</time>
<extensions>
<tp1:TrackPointExtension>
<tp1:hr>162</tp1:hr>
</tp1:TrackPointExtension>
</extensions>
</trkpt>
<trkpt lat="58.60733399" lon="15.02270929">
<ele>207.5</ele>
<time>2024-04-21T10:48:40Z</time>
<extensions>
<tp1:TrackPointExtension>
<tp1:hr>160</tp1:hr>
</tp1:TrackPointExtension>
</extensions>
</trkpt>
<trkpt lat="58.60731228" lon="15.0226947">
<ele>207.7</ele>
<time>2024-04-21T10:48:41Z</time>
<extensions>
<tp1:TrackPointExtension>
<tp1:hr>160</tp1:hr>
</tp1:TrackPointExtension>
</extensions>
</trkpt>
<trkpt lat="58.6072713" lon="15.02264944">
<ele>208.1</ele>
<time>2024-04-21T10:48:44Z</time>
<extensions>
<tp1:TrackPointExtension>
<tp1:hr>165</tp1:hr>
</tp1:TrackPointExtension>
</extensions>
</trkpt>
<trkpt lat="58.60723525" lon="15.02265237">
<ele>208.5</ele>
<time>2024-04-21T10:48:47Z</time>
<extensions>
<tp1:TrackPointExtension>
<tp1:hr>167</tp1:hr>
</tp1:TrackPointExtension>
</extensions>
</trkpt>
<trkpt lat="58.60721162" lon="15.02267182">
<ele>208.7</ele>
<time>2024-04-21T10:48:49Z</time>
<extensions>
<tp1:TrackPointExtension>
<tp1:hr>166</tp1:hr>
</tp1:TrackPointExtension>
</extensions>
</trkpt>
<trkpt lat="58.60712964" lon="15.02275731">
<ele>209.1</ele>
<time>2024-04-21T10:48:53Z</time>
<extensions>
<tp1:TrackPointExtension>
<tp1:hr>163</tp1:hr>
</tp1:TrackPointExtension>
</extensions>
</trkpt>
<trkpt lat="58.60711338" lon="15.0227776">
<ele>209.3</ele>
<time>2024-04-21T10:48:54Z</time>
<extensions>
<tp1:TrackPointExtension>
<tp1:hr>163</tp1:hr>
</tp1:TrackPointExtension>
</extensions>
</trkpt>
<trkpt lat="58.60705479" lon="15.02293015">
<ele>209.9</ele>
<time>2024-04-21T10:48:59Z</time>
<extensions>
<tp1:TrackPointExtension>
<tp1:hr>161</tp1:hr>
</tp1:TrackPointExtension>
</extensions>
</trkpt>
<trkpt lat="58.60701338" lon="15.02302897">
<ele>210.3</ele>
<time>2024-04-21T10:49:02Z</time>
<extensions>
<tp1:TrackPointExtension>
<tp1:hr>162</tp1:hr>
</tp1:TrackPointExtension>
</extensions>
</trkpt>
<trkpt lat="58.60697055" lon="15.0231485">
<ele>210.7</ele>
<time>2024-04-21T10:49:05Z</time>
<extensions>
<tp1:TrackPointExtension>
<tp1:hr>162</tp1:hr>
</tp1:TrackPointExtension>
</extensions>
</trkpt>
<trkpt lat="58.60692747" lon="15.02329954">
<ele>211.3</ele>
<time>2024-04-21T10:49:08Z</time>
<extensions>
<tp1:TrackPointExtension>
<tp1:hr>160</tp1:hr>
</tp1:TrackPointExtension>
</extensions>
</trkpt>
<trkpt lat="58.60690978" lon="15.02335628">
<ele>211.3</ele>
<time>2024-04-21T10:49:09Z</time>
<extensions>
<tp1:TrackPointExtension>
<tp1:hr>157</tp1:hr>
</tp1:TrackPointExtension>
</extensions>
</trkpt>
<trkpt lat="58.6068957" lon="15.02340046">
<ele>211.3</ele>
<time>2024-04-21T10:49:10Z</time>
<extensions>
<tp1:TrackPointExtension>
<tp1:hr>159</tp1:hr>
</tp1:TrackPointExtension>
</extensions>
</trkpt>
<trkpt lat="58.60683259" lon="15.02364571">
<ele>212.1</ele>
<time>2024-04-21T10:49:15Z</time>
<extensions>
<tp1:TrackPointExtension>
<tp1:hr>162</tp1:hr>
</tp1:TrackPointExtension>
</extensions>
</trkpt>
<trkpt lat="58.60681331" lon="15.0237349">
<ele>212.3</ele>
<time>2024-04-21T10:49:17Z</time>
<extensions>
<tp1:TrackPointExtension>
<tp1:hr>161</tp1:hr>
</tp1:TrackPointExtension>
</extensions>
</trkpt>
<trkpt lat="58.60675338" lon="15.02392525">
<ele>212.9</ele>
<time>2024-04-21T10:49:21Z</time>
<extensions>
<tp1:TrackPointExtension>
<tp1:hr>162</tp1:hr>
</tp1:TrackPointExtension>
</extensions>
</trkpt>
<trkpt lat="58.60669705" lon="15.02407428">
<ele>213.5</ele>
<time>2024-04-21T10:49:25Z</time>
<extensions>
<tp1:TrackPointExtension>
<tp1:hr>161</tp1:hr>
</tp1:TrackPointExtension>
</extensions>
</trkpt>
<trkpt lat="58.60667836" lon="15.02413622">
<ele>213.7</ele>
<time>2024-04-21T10:49:27Z</time>
<extensions>
<tp1:TrackPointExtension>
<tp1:hr>163</tp1:hr>
</tp1:TrackPointExtension>
</extensions>
</trkpt>
<trkpt lat="58.60666252" lon="15.02416011">
<ele>213.9</ele>
<time>2024-04-21T10:49:28Z</time>
<extensions>
<tp1:TrackPointExtension>
<tp1:hr>162</tp1:hr>
</tp1:TrackPointExtension>
</extensions>
</trkpt>
<trkpt lat="58.60658431" lon="15.02424276">
<ele>214.1</ele>
<time>2024-04-21T10:49:32Z</time>
<extensions>
<tp1:TrackPointExtension>
<tp1:hr>162</tp1:hr>
</tp1:TrackPointExtension>
</extensions>
</trkpt>
<trkpt lat="58.6065336" lon="15.02429791">
<ele>214.5</ele>
<time>2024-04-21T10:49:35Z</time>
<extensions>
<tp1:TrackPointExtension>
<tp1:hr>164</tp1:hr>
</tp1:TrackPointExtension>
</extensions>
</trkpt>
<trkpt lat="58.60651189" lon="15.02433822">
<ele>214.7</ele>
<time>2024-04-21T10:49:37Z</time>
<extensions>
<tp1:TrackPointExtension>
<tp1:hr>163</tp1:hr>
</tp1:TrackPointExtension>
</extensions>
</trkpt>
<trkpt lat="58.60650284" lon="15.02437519">
<ele>214.7</ele>
<time>2024-04-21T10:49:38Z</time>
<extensions>
<tp1:TrackPointExtension>
<tp1:hr>163</tp1:hr>
</tp1:TrackPointExtension>
</extensions>
</trkpt>
<trkpt lat="58.6064383" lon="15.02455113">
<ele>215.2</ele>
<time>2024-04-21T10:49:43Z</time>
<extensions>
<tp1:TrackPointExtension>
<tp1:hr>164</tp1:hr>
</tp1:TrackPointExtension>
</extensions>
</trkpt>
<trkpt lat="58.60642003" lon="15.02457049">
<ele>215.2</ele>
<time>2024-04-21T10:49:44Z</time>
<extensions>
<tp1:TrackPointExtension>
<tp1:hr>165</tp1:hr>
</tp1:TrackPointExtension>
</extensions>
</trkpt>
<trkpt lat="58.60639337" lon="15.02458876">
<ele>215.6</ele>
<time>2024-04-21T10:49:46Z</time>
<extensions>
<tp1:TrackPointExtension>
<tp1:hr>162</tp1:hr>
</tp1:TrackPointExtension>
</extensions>
</trkpt>
<trkpt lat="58.60638055" lon="15.02460594">
<ele>215.6</ele>
<time>2024-04-21T10:49:48Z</time>
<extensions>
<tp1:TrackPointExtension>
<tp1:hr>161</tp1:hr>
</tp1:TrackPointExtension>
</extensions>
</trkpt>
<trkpt lat="58.60634627" lon="15.02464727">
<ele>215.8</ele>
<time>2024-04-21T10:49:50Z</time>
<extensions>
<tp1:TrackPointExtension>
<tp1:hr>160</tp1:hr>
</tp1:TrackPointExtension>
</extensions>
</trkpt>
<trkpt lat="58.6062653" lon="15.02476218">
<ele>216.4</ele>
<time>2024-04-21T10:49:54Z</time>
<extensions>
<tp1:TrackPointExtension>
<tp1:hr>157</tp1:hr>
</tp1:TrackPointExtension>
</extensions>
</trkpt>
<trkpt lat="58.60622607" lon="15.02482848">
<ele>216.6</ele>
<time>2024-04-21T10:49:56Z</time>
<extensions>
<tp1:TrackPointExtension>
<tp1:hr>161</tp1:hr>
</tp1:TrackPointExtension>
</extensions>
</trkpt>
<trkpt lat="58.60620889" lon="15.0248517">
<ele>216.8</ele>
<time>2024-04-21T10:49:57Z</time>
<extensions>
<tp1:TrackPointExtension>
<tp1:hr>161</tp1:hr>
</tp1:TrackPointExtension>
</extensions>
</trkpt>
<trkpt lat="58.60618902" lon="15.02488799">
<ele>216.8</ele>
<time>2024-04-21T10:49:58Z</time>
<extensions>
<tp1:TrackPointExtension>
<tp1:hr>161</tp1:hr>
</tp1:TrackPointExtension>
</extensions>
</trkpt>
<trkpt lat="58.60615927" lon="15.02497852">
<ele>217.2</ele>
<time>2024-04-21T10:50:00Z</time>
<extensions>
<tp1:TrackPointExtension>
<tp1:hr>161</tp1:hr>
</tp1:TrackPointExtension>
</extensions>
</trkpt>
<trkpt lat="58.60610361" lon="15.0251221">
<ele>217.4</ele>
<time>2024-04-21T10:50:03Z</time>
<extensions>
<tp1:TrackPointExtension>
<tp1:hr>163</tp1:hr>
</tp1:TrackPointExtension>
</extensions>
</trkpt>
<trkpt lat="58.6060674" lon="15.025263">
<ele>217.8</ele>
<time>2024-04-21T10:50:06Z</time>
<extensions>
<tp1:TrackPointExtension>
<tp1:hr>163</tp1:hr>
</tp1:TrackPointExtension>
</extensions>
</trkpt>
<trkpt lat="58.60602189" lon="15.02549199">
<ele>218.2</ele>
<time>2024-04-21T10:50:11Z</time>
<extensions>
<tp1:TrackPointExtension>
<tp1:hr>161</tp1:hr>
</tp1:TrackPointExtension>
</extensions>
</trkpt>
<trkpt lat="58.60593933" lon="15.02575678">
<ele>218.4</ele>
<time>2024-04-21T10:50:17Z</time>
<extensions>
<tp1:TrackPointExtension>
<tp1:hr>162</tp1:hr>
</tp1:TrackPointExtension>
</extensions>
</trkpt>
<trkpt lat="58.605868" lon="15.02602039">
<ele>218.6</ele>
<time>2024-04-21T10:50:22Z</time>
<extensions>
<tp1:TrackPointExtension>
<tp1:hr>163</tp1:hr>
</tp1:TrackPointExtension>
</extensions>
</trkpt>
<trkpt lat="58.60584327" lon="15.02605509">
<ele>218.6</ele>
<time>2024-04-21T10:50:23Z</time>
<extensions>
<tp1:TrackPointExtension>
<tp1:hr>163</tp1:hr>
</tp1:TrackPointExtension>
</extensions>
</trkpt>
<trkpt lat="58.60574814" lon="15.02614629">
<ele>218.6</ele>
<time>2024-04-21T10:50:26Z</time>
<extensions>
<tp1:TrackPointExtension>
<tp1:hr>163</tp1:hr>
</tp1:TrackPointExtension>
</extensions>
</trkpt>
<trkpt lat="58.60566113" lon="15.02634007">
<ele>218.6</ele>
<time>2024-04-21T10:50:30Z</time>
<extensions>
<tp1:TrackPointExtension>
<tp1:hr>162</tp1:hr>
</tp1:TrackPointExtension>
</extensions>
</trkpt>
<trkpt lat="58.60554278" lon="15.02669077">
<ele>218.6</ele>
<time>2024-04-21T10:50:35Z</time>
<extensions>
<tp1:TrackPointExtension>
<tp1:hr>163</tp1:hr>
</tp1:TrackPointExtension>
</extensions>
</trkpt>
<trkpt lat="58.6054142" lon="15.02697106">
<ele>218.4</ele>
<time>2024-04-21T10:50:39Z</time>
<extensions>
<tp1:TrackPointExtension>
<tp1:hr>160</tp1:hr>
</tp1:TrackPointExtension>
</extensions>
</trkpt>
<trkpt lat="58.60536978" lon="15.02712864">
<ele>218.4</ele>
<time>2024-04-21T10:50:41Z</time>
<extensions>
<tp1:TrackPointExtension>
<tp1:hr>161</tp1:hr>
</tp1:TrackPointExtension>
</extensions>
</trkpt>
<trkpt lat="58.60528395" lon="15.02745177">
<ele>218.2</ele>
<time>2024-04-21T10:50:45Z</time>
<extensions>
<tp1:TrackPointExtension>
<tp1:hr>162</tp1:hr>
</tp1:TrackPointExtension>
</extensions>
</trkpt>
<trkpt lat="58.60524556" lon="15.02763365">
<ele>218.0</ele>
<time>2024-04-21T10:50:47Z</time>
<extensions>
<tp1:TrackPointExtension>
<tp1:hr>162</tp1:hr>
</tp1:TrackPointExtension>
</extensions>
</trkpt>
<trkpt lat="58.60522603" lon="15.02772301">
<ele>217.8</ele>
<time>2024-04-21T10:50:48Z</time>
<extensions>
<tp1:TrackPointExtension>
<tp1:hr>162</tp1:hr>
</tp1:TrackPointExtension>
</extensions>
</trkpt>
<trkpt lat="58.60515352" lon="15.0279779">
<ele>217.4</ele>
<time>2024-04-21T10:50:52Z</time>
<extensions>
<tp1:TrackPointExtension>
<tp1:hr>162</tp1:hr>
</tp1:TrackPointExtension>
</extensions>
</trkpt>
<trkpt lat="58.60512595" lon="15.02800774">
<ele>217.2</ele>
<time>2024-04-21T10:50:53Z</time>
<extensions>
<tp1:TrackPointExtension>
<tp1:hr>162</tp1:hr>
</tp1:TrackPointExtension>
</extensions>
</trkpt>
<trkpt lat="58.60507188" lon="15.0280608">
<ele>217.0</ele>
<time>2024-04-21T10:50:55Z</time>
<extensions>
<tp1:TrackPointExtension>
<tp1:hr>162</tp1:hr>
</tp1:TrackPointExtension>
</extensions>
</trkpt>
<trkpt lat="58.60500156" lon="15.02814998">
<ele>216.6</ele>
<time>2024-04-21T10:50:59Z</time>
<extensions>
<tp1:TrackPointExtension>
<tp1:hr>161</tp1:hr>
</tp1:TrackPointExtension>
</extensions>
</trkpt>
<trkpt lat="58.60498697" lon="15.02817085">
<ele>216.6</ele>
<time>2024-04-21T10:51:00Z</time>
<extensions>
<tp1:TrackPointExtension>
<tp1:hr>160</tp1:hr>
</tp1:TrackPointExtension>
</extensions>
</trkpt>
<trkpt lat="58.60495621" lon="15.02823891">
<ele>216.4</ele>
<time>2024-04-21T10:51:02Z</time>
<extensions>
<tp1:TrackPointExtension>
<tp1:hr>160</tp1:hr>
</tp1:TrackPointExtension>
</extensions>
</trkpt>
<trkpt lat="58.60491917" lon="15.02832063">
<ele>216.2</ele>
<time>2024-04-21T10:51:04Z</time>
<extensions>
<tp1:TrackPointExtension>
<tp1:hr>159</tp1:hr>
</tp1:TrackPointExtension>
</extensions>
</trkpt>
<trkpt lat="58.60483392" lon="15.02847972">
<ele>215.8</ele>
<time>2024-04-21T10:51:09Z</time>
<extensions>
<tp1:TrackPointExtension>
<tp1:hr>160</tp1:hr>
</tp1:TrackPointExtension>
</extensions>
</trkpt>
<trkpt lat="58.60479101" lon="15.02856606">
<ele>215.6</ele>
<time>2024-04-21T10:51:13Z</time>
<extensions>
<tp1:TrackPointExtension>
<tp1:hr>157</tp1:hr>
</tp1:TrackPointExtension>
</extensions>
</trkpt>
<trkpt lat="58.60477055" lon="15.02861283">
<ele>215.6</ele>
<time>2024-04-21T10:51:15Z</time>
<extensions>
<tp1:TrackPointExtension>
<tp1:hr>160</tp1:hr>
</tp1:TrackPointExtension>
</extensions>
</trkpt>
<trkpt lat="58.60467441" lon="15.02877519">
<ele>215.2</ele>
<time>2024-04-21T10:51:22Z</time>
<extensions>
<tp1:TrackPointExtension>
<tp1:hr>160</tp1:hr>
</tp1:TrackPointExtension>
</extensions>
</trkpt>
<trkpt lat="58.60460074" lon="15.02895288">
<ele>215.0</ele>
<time>2024-04-21T10:51:27Z</time>
<extensions>
<tp1:TrackPointExtension>
<tp1:hr>161</tp1:hr>
</tp1:TrackPointExtension>
</extensions>
</trkpt>
<trkpt lat="58.6045015" lon="15.02908171">
<ele>214.6</ele>
<time>2024-04-21T10:51:33Z</time>
<extensions>
<tp1:TrackPointExtension>
<tp1:hr>164</tp1:hr>
</tp1:TrackPointExtension>
</extensions>
</trkpt>
<trkpt lat="58.60443017" lon="15.02919931">
<ele>214.6</ele>
<time>2024-04-21T10:51:36Z</time>
<extensions>
<tp1:TrackPointExtension>
<tp1:hr>163</tp1:hr>
</tp1:TrackPointExtension>
</extensions>
</trkpt>
<trkpt lat="58.60436671" lon="15.02926695">
<ele>214.6</ele>
<time>2024-04-21T10:51:39Z</time>
<extensions>
<tp1:TrackPointExtension>
<tp1:hr>161</tp1:hr>
</tp1:TrackPointExtension>
</extensions>
</trkpt>
<trkpt lat="58.60427736" lon="15.02929637">
<ele>214.6</ele>
<time>2024-04-21T10:51:44Z</time>
<extensions>
<tp1:TrackPointExtension>
<tp1:hr>158</tp1:hr>
</tp1:TrackPointExtension>
</extensions>
</trkpt>
<trkpt lat="58.60424878" lon="15.02932026">
<ele>214.6</ele>
<time>2024-04-21T10:51:45Z</time>
<extensions>
<tp1:TrackPointExtension>
<tp1:hr>158</tp1:hr>
</tp1:TrackPointExtension>
</extensions>
</trkpt>
<trkpt lat="58.60411962" lon="15.02939578">
<ele>214.6</ele>
<time>2024-04-21T10:51:51Z</time>
<extensions>
<tp1:TrackPointExtension>
<tp1:hr>159</tp1:hr>
</tp1:TrackPointExtension>
</extensions>
</trkpt>
<trkpt lat="58.60405591" lon="15.02945655">
<ele>214.5</ele>
<time>2024-04-21T10:51:55Z</time>
<extensions>
<tp1:TrackPointExtension>
<tp1:hr>158</tp1:hr>
</tp1:TrackPointExtension>
</extensions>
</trkpt>
<trkpt lat="58.60402356" lon="15.02947792">
<ele>214.5</ele>
<time>2024-04-21T10:51:57Z</time>
<extensions>
<tp1:TrackPointExtension>
<tp1:hr>158</tp1:hr>
</tp1:TrackPointExtension>
</extensions>
</trkpt>
<trkpt lat="58.60392817" lon="15.0295801">
<ele>214.5</ele>
<time>2024-04-21T10:52:03Z</time>
<extensions>
<tp1:TrackPointExtension>
<tp1:hr>159</tp1:hr>
</tp1:TrackPointExtension>
</extensions>
</trkpt>
<trkpt lat="58.60391024" lon="15.02959695">
<ele>214.5</ele>
<time>2024-04-21T10:52:04Z</time>
<extensions>
<tp1:TrackPointExtension>
<tp1:hr>160</tp1:hr>
</tp1:TrackPointExtension>
</extensions>
</trkpt>
<trkpt lat="58.60382139" lon="15.0297034">
<ele>214.5</ele>
<time>2024-04-21T10:52:09Z</time>
<extensions>
<tp1:TrackPointExtension>
<tp1:hr>156</tp1:hr>
</tp1:TrackPointExtension>
</extensions>
</trkpt>
<trkpt lat="58.60378526" lon="15.02976115">
<ele>214.5</ele>
<time>2024-04-21T10:52:11Z</time>
<extensions>
<tp1:TrackPointExtension>
<tp1:hr>153</tp1:hr>
</tp1:TrackPointExtension>
</extensions>
</trkpt>
<trkpt lat="58.6037742" lon="15.02978353">
<ele>214.5</ele>
<time>2024-04-21T10:52:12Z</time>
<extensions>
<tp1:TrackPointExtension>
<tp1:hr>152</tp1:hr>
</tp1:TrackPointExtension>
</extensions>
</trkpt>
<trkpt lat="58.60376858" lon="15.02982611">
<ele>214.5</ele>
<time>2024-04-21T10:52:14Z</time>
<extensions>
<tp1:TrackPointExtension>
<tp1:hr>152</tp1:hr>
</tp1:TrackPointExtension>
</extensions>
</trkpt>
<trkpt lat="58.60375073" lon="15.02990624">
<ele>214.7</ele>
<time>2024-04-21T10:52:17Z</time>
<extensions>
<tp1:TrackPointExtension>
<tp1:hr>149</tp1:hr>
</tp1:TrackPointExtension>
</extensions>
</trkpt>
<trkpt lat="58.60373681" lon="15.02995552">
<ele>214.7</ele>
<time>2024-04-21T10:52:18Z</time>
<extensions>
<tp1:TrackPointExtension>
<tp1:hr>150</tp1:hr>
</tp1:TrackPointExtension>
</extensions>
</trkpt>
<trkpt lat="58.60369415" lon="15.03005804">
<ele>214.7</ele>
<time>2024-04-21T10:52:21Z</time>
<extensions>
<tp1:TrackPointExtension>
<tp1:hr>153</tp1:hr>
</tp1:TrackPointExtension>
</extensions>
</trkpt>
<trkpt lat="58.60366708" lon="15.03013196">
<ele>214.9</ele>
<time>2024-04-21T10:52:24Z</time>
<extensions>
<tp1:TrackPointExtension>
<tp1:hr>154</tp1:hr>
</tp1:TrackPointExtension>
</extensions>
</trkpt>
<trkpt lat="58.60365392" lon="15.03020497">
<ele>215.1</ele>
<time>2024-04-21T10:52:27Z</time>
<extensions>
<tp1:TrackPointExtension>
<tp1:hr>153</tp1:hr>
</tp1:TrackPointExtension>
</extensions>
</trkpt>
<trkpt lat="58.60363363" lon="15.03025493">
<ele>215.1</ele>
<time>2024-04-21T10:52:30Z</time>
<extensions>
<tp1:TrackPointExtension>
<tp1:hr>151</tp1:hr>
</tp1:TrackPointExtension>
</extensions>
</trkpt>
<trkpt lat="58.60360706" lon="15.03036859">
<ele>215.3</ele>
<time>2024-04-21T10:52:34Z</time>
<extensions>
<tp1:TrackPointExtension>
<tp1:hr>148</tp1:hr>
</tp1:TrackPointExtension>
</extensions>
</trkpt>
<trkpt lat="58.60359843" lon="15.03039708">
<ele>215.5</ele>
<time>2024-04-21T10:52:35Z</time>
<extensions>
<tp1:TrackPointExtension>
<tp1:hr>149</tp1:hr>
</tp1:TrackPointExtension>
</extensions>
</trkpt>
<trkpt lat="58.60357932" lon="15.03046833">
<ele>215.5</ele>
<time>2024-04-21T10:52:37Z</time>
<extensions>
<tp1:TrackPointExtension>
<tp1:hr>148</tp1:hr>
</tp1:TrackPointExtension>
</extensions>
</trkpt>
<trkpt lat="58.60355551" lon="15.03053874">
<ele>215.7</ele>
<time>2024-04-21T10:52:39Z</time>
<extensions>
<tp1:TrackPointExtension>
<tp1:hr>147</tp1:hr>
</tp1:TrackPointExtension>
</extensions>
</trkpt>
<trkpt lat="58.60354554" lon="15.03061518">
<ele>215.9</ele>
<time>2024-04-21T10:52:41Z</time>
<extensions>
<tp1:TrackPointExtension>
<tp1:hr>148</tp1:hr>
</tp1:TrackPointExtension>
</extensions>
</trkpt>
<trkpt lat="58.60349827" lon="15.03084585">
<ele>216.1</ele>
<time>2024-04-21T10:52:47Z</time>
<extensions>
<tp1:TrackPointExtension>
<tp1:hr>151</tp1:hr>
</tp1:TrackPointExtension>
</extensions>
</trkpt>
<trkpt lat="58.60347119" lon="15.03107652">
<ele>216.3</ele>
<time>2024-04-21T10:52:52Z</time>
<extensions>
<tp1:TrackPointExtension>
<tp1:hr>156</tp1:hr>
</tp1:TrackPointExtension>
</extensions>
</trkpt>
<trkpt lat="58.6034494" lon="15.03113444">
<ele>216.3</ele>
<time>2024-04-21T10:52:53Z</time>
<extensions>
<tp1:TrackPointExtension>
<tp1:hr>154</tp1:hr>
</tp1:TrackPointExtension>
</extensions>
</trkpt>
<trkpt lat="58.60339249" lon="15.0313864">
<ele>216.1</ele>
<time>2024-04-21T10:52:58Z</time>
<extensions>
<tp1:TrackPointExtension>
<tp1:hr>155</tp1:hr>
</tp1:TrackPointExtension>
</extensions>
</trkpt>
<trkpt lat="58.60336315" lon="15.03171262">
<ele>216.1</ele>
<time>2024-04-21T10:53:03Z</time>
<extensions>
<tp1:TrackPointExtension>
<tp1:hr>155</tp1:hr>
</tp1:TrackPointExtension>
</extensions>
</trkpt>
<trkpt lat="58.60334513" lon="15.03207774">
<ele>216.1</ele>
<time>2024-04-21T10:53:10Z</time>
<extensions>
<tp1:TrackPointExtension>
<tp1:hr>153</tp1:hr>
</tp1:TrackPointExtension>
</extensions>
</trkpt>
<trkpt lat="58.60332216" lon="15.03240765">
<ele>215.9</ele>
<time>2024-04-21T10:53:16Z</time>
<extensions>
<tp1:TrackPointExtension>
<tp1:hr>154</tp1:hr>
</tp1:TrackPointExtension>
</extensions>
</trkpt>
<trkpt lat="58.60331655" lon="15.03256775">
<ele>215.9</ele>
<time>2024-04-21T10:53:19Z</time>
<extensions>
<tp1:TrackPointExtension>
<tp1:hr>157</tp1:hr>
</tp1:TrackPointExtension>
</extensions>
</trkpt>
<trkpt lat="58.60330791" lon="15.03262868">
<ele>215.9</ele>
<time>2024-04-21T10:53:21Z</time>
<extensions>
<tp1:TrackPointExtension>
<tp1:hr>156</tp1:hr>
</tp1:TrackPointExtension>
</extensions>
</trkpt>
<trkpt lat="58.60330079" lon="15.03264545">
<ele>215.9</ele>
<time>2024-04-21T10:53:22Z</time>
<extensions>
<tp1:TrackPointExtension>
<tp1:hr>156</tp1:hr>
</tp1:TrackPointExtension>
</extensions>
</trkpt>
<trkpt lat="58.60326793" lon="15.03270571">
<ele>215.9</ele>
<time>2024-04-21T10:53:24Z</time>
<extensions>
<tp1:TrackPointExtension>
<tp1:hr>159</tp1:hr>
</tp1:TrackPointExtension>
</extensions>
</trkpt>
<trkpt lat="58.60323449" lon="15.03275877">
<ele>215.9</ele>
<time>2024-04-21T10:53:26Z</time>
<extensions>
<tp1:TrackPointExtension>
<tp1:hr>162</tp1:hr>
</tp1:TrackPointExtension>
</extensions>
</trkpt>
<trkpt lat="58.60321797" lon="15.03277889">
<ele>215.9</ele>
<time>2024-04-21T10:53:27Z</time>
<extensions>
<tp1:TrackPointExtension>
<tp1:hr>162</tp1:hr>
</tp1:TrackPointExtension>
</extensions>
</trkpt>
<trkpt lat="58.60309929" lon="15.03290914">
<ele>215.7</ele>
<time>2024-04-21T10:53:33Z</time>
<extensions>
<tp1:TrackPointExtension>
<tp1:hr>162</tp1:hr>
</tp1:TrackPointExtension>
</extensions>
</trkpt>
<trkpt lat="58.60305218" lon="15.03318348">
<ele>215.7</ele>
<time>2024-04-21T10:53:39Z</time>
<extensions>
<tp1:TrackPointExtension>
<tp1:hr>161</tp1:hr>
</tp1:TrackPointExtension>
</extensions>
</trkpt>
<trkpt lat="58.60303131" lon="15.03342429">
<ele>215.7</ele>
<time>2024-04-21T10:53:44Z</time>
<extensions>
<tp1:TrackPointExtension>
<tp1:hr>162</tp1:hr>
</tp1:TrackPointExtension>
</extensions>
</trkpt>
<trkpt lat="58.60303332" lon="15.03359872">
<ele>215.9</ele>
<time>2024-04-21T10:53:48Z</time>
<extensions>
<tp1:TrackPointExtension>
<tp1:hr>164</tp1:hr>
</tp1:TrackPointExtension>
</extensions>
</trkpt>
<trkpt lat="58.60303567" lon="15.0339863">
<ele>215.9</ele>
<time>2024-04-21T10:53:55Z</time>
<extensions>
<tp1:TrackPointExtension>
<tp1:hr>165</tp1:hr>
</tp1:TrackPointExtension>
</extensions>
</trkpt>
<trkpt lat="58.60303818" lon="15.03416467">
<ele>215.9</ele>
<time>2024-04-21T10:53:58Z</time>
<extensions>
<tp1:TrackPointExtension>
<tp1:hr>169</tp1:hr>
</tp1:TrackPointExtension>
</extensions>
</trkpt>
<trkpt lat="58.60302561" lon="15.03430137">
<ele>215.9</ele>
<time>2024-04-21T10:54:00Z</time>
<extensions>
<tp1:TrackPointExtension>
<tp1:hr>170</tp1:hr>
</tp1:TrackPointExtension>
</extensions>
</trkpt>
<trkpt lat="58.60296442" lon="15.03446859">
<ele>215.9</ele>
<time>2024-04-21T10:54:04Z</time>
<extensions>
<tp1:TrackPointExtension>
<tp1:hr>169</tp1:hr>
</tp1:TrackPointExtension>
</extensions>
</trkpt>
<trkpt lat="58.60293299" lon="15.03475928">
<ele>215.6</ele>
<time>2024-04-21T10:54:10Z</time>
<extensions>
<tp1:TrackPointExtension>
<tp1:hr>170</tp1:hr>
</tp1:TrackPointExtension>
</extensions>
</trkpt>
<trkpt lat="58.60294355" lon="15.03503471">
<ele>215.6</ele>
<time>2024-04-21T10:54:15Z</time>
<extensions>
<tp1:TrackPointExtension>
<tp1:hr>168</tp1:hr>
</tp1:TrackPointExtension>
</extensions>
</trkpt>
<trkpt lat="58.60292193" lon="15.03514015">
<ele>215.4</ele>
<time>2024-04-21T10:54:18Z</time>
<extensions>
<tp1:TrackPointExtension>
<tp1:hr>170</tp1:hr>
</tp1:TrackPointExtension>
</extensions>
</trkpt>
<trkpt lat="58.60288069" lon="15.03520117">
<ele>215.4</ele>
<time>2024-04-21T10:54:20Z</time>
<extensions>
<tp1:TrackPointExtension>
<tp1:hr>171</tp1:hr>
</tp1:TrackPointExtension>
</extensions>
</trkpt>
<trkpt lat="58.60287088" lon="15.03522623">
<ele>215.2</ele>
<time>2024-04-21T10:54:21Z</time>
<extensions>
<tp1:TrackPointExtension>
<tp1:hr>170</tp1:hr>
</tp1:TrackPointExtension>
</extensions>
</trkpt>
<trkpt lat="58.60285479" lon="15.03526571">
<ele>215.2</ele>
<time>2024-04-21T10:54:23Z</time>
<extensions>
<tp1:TrackPointExtension>
<tp1:hr>168</tp1:hr>
</tp1:TrackPointExtension>
</extensions>
</trkpt>
<trkpt lat="58.60283216" lon="15.0352787">
<ele>215.0</ele>
<time>2024-04-21T10:54:24Z</time>
<extensions>
<tp1:TrackPointExtension>
<tp1:hr>167</tp1:hr>
</tp1:TrackPointExtension>
</extensions>
</trkpt>
<trkpt lat="58.60280986" lon="15.03530804">
<ele>214.8</ele>
<time>2024-04-21T10:54:27Z</time>
<extensions>
<tp1:TrackPointExtension>
<tp1:hr>164</tp1:hr>
</tp1:TrackPointExtension>
</extensions>
</trkpt>
<trkpt lat="58.60278765" lon="15.0353585">
<ele>214.6</ele>
<time>2024-04-21T10:54:29Z</time>
<extensions>
<tp1:TrackPointExtension>
<tp1:hr>164</tp1:hr>
</tp1:TrackPointExtension>
</extensions>
</trkpt>
<trkpt lat="58.60277734" lon="15.03543461">
<ele>214.4</ele>
<time>2024-04-21T10:54:30Z</time>
<extensions>
<tp1:TrackPointExtension>
<tp1:hr>164</tp1:hr>
</tp1:TrackPointExtension>
</extensions>
</trkpt>
<trkpt lat="58.60275974" lon="15.03562219">
<ele>214.0</ele>
<time>2024-04-21T10:54:35Z</time>
<extensions>
<tp1:TrackPointExtension>
<tp1:hr>164</tp1:hr>
</tp1:TrackPointExtension>
</extensions>
</trkpt>
<trkpt lat="58.60271707" lon="15.03583401">
<ele>213.4</ele>
<time>2024-04-21T10:54:40Z</time>
<extensions>
<tp1:TrackPointExtension>
<tp1:hr>163</tp1:hr>
</tp1:TrackPointExtension>
</extensions>
</trkpt>
<trkpt lat="58.60273166" lon="15.0361402">
<ele>212.6</ele>
<time>2024-04-21T10:54:46Z</time>
<extensions>
<tp1:TrackPointExtension>
<tp1:hr>163</tp1:hr>
</tp1:TrackPointExtension>
</extensions>
</trkpt>
<trkpt lat="58.60271548" lon="15.03623608">
<ele>212.2</ele>
<time>2024-04-21T10:54:48Z</time>
<extensions>
<tp1:TrackPointExtension>
<tp1:hr>165</tp1:hr>
</tp1:TrackPointExtension>
</extensions>
</trkpt>
<trkpt lat="58.6026698" lon="15.03640867">
<ele>211.8</ele>
<time>2024-04-21T10:54:51Z</time>
<extensions>
<tp1:TrackPointExtension>
<tp1:hr>161</tp1:hr>
</tp1:TrackPointExtension>
</extensions>
</trkpt>
<trkpt lat="58.60264021" lon="15.03655669">
<ele>211.6</ele>
<time>2024-04-21T10:54:53Z</time>
<extensions>
<tp1:TrackPointExtension>
<tp1:hr>158</tp1:hr>
</tp1:TrackPointExtension>
</extensions>
</trkpt>
<trkpt lat="58.60261129" lon="15.03668133">
<ele>211.2</ele>
<time>2024-04-21T10:54:55Z</time>
<extensions>
<tp1:TrackPointExtension>
<tp1:hr>156</tp1:hr>
</tp1:TrackPointExtension>
</extensions>
</trkpt>
<trkpt lat="58.60259042" lon="15.03673229">
<ele>211.0</ele>
<time>2024-04-21T10:54:56Z</time>
<extensions>
<tp1:TrackPointExtension>
<tp1:hr>156</tp1:hr>
</tp1:TrackPointExtension>
</extensions>
</trkpt>
<trkpt lat="58.60245815" lon="15.03695257">
<ele>210.4</ele>
<time>2024-04-21T10:55:01Z</time>
<extensions>
<tp1:TrackPointExtension>
<tp1:hr>155</tp1:hr>
</tp1:TrackPointExtension>
</extensions>
</trkpt>
<trkpt lat="58.60243879" lon="15.03700571">
<ele>210.2</ele>
<time>2024-04-21T10:55:02Z</time>
<extensions>
<tp1:TrackPointExtension>
<tp1:hr>155</tp1:hr>
</tp1:TrackPointExtension>
</extensions>
</trkpt>
<trkpt lat="58.60240669" lon="15.0371037">
<ele>209.8</ele>
<time>2024-04-21T10:55:04Z</time>
<extensions>
<tp1:TrackPointExtension>
<tp1:hr>159</tp1:hr>
</tp1:TrackPointExtension>
</extensions>
</trkpt>
<trkpt lat="58.60239035" lon="15.0371555">
<ele>209.8</ele>
<time>2024-04-21T10:55:05Z</time>
<extensions>
<tp1:TrackPointExtension>
<tp1:hr>162</tp1:hr>
</tp1:TrackPointExtension>
</extensions>
</trkpt>
<trkpt lat="58.60236042" lon="15.03722272">
<ele>209.6</ele>
<time>2024-04-21T10:55:06Z</time>
<extensions>
<tp1:TrackPointExtension>
<tp1:hr>161</tp1:hr>
</tp1:TrackPointExtension>
</extensions>
</trkpt>
<trkpt lat="58.60231214" lon="15.03733688">
<ele>209.0</ele>
<time>2024-04-21T10:55:09Z</time>
<extensions>
<tp1:TrackPointExtension>
<tp1:hr>163</tp1:hr>
</tp1:TrackPointExtension>
</extensions>
</trkpt>
<trkpt lat="58.60228213" lon="15.03741441">
<ele>208.8</ele>
<time>2024-04-21T10:55:11Z</time>
<extensions>
<tp1:TrackPointExtension>
<tp1:hr>162</tp1:hr>
</tp1:TrackPointExtension>
</extensions>
</trkpt>
<trkpt lat="58.60223277" lon="15.03761172">
<ele>208.0</ele>
<time>2024-04-21T10:55:15Z</time>
<extensions>
<tp1:TrackPointExtension>
<tp1:hr>162</tp1:hr>
</tp1:TrackPointExtension>
</extensions>
</trkpt>
<trkpt lat="58.60221793" lon="15.03766034">
<ele>208.0</ele>
<time>2024-04-21T10:55:16Z</time>
<extensions>
<tp1:TrackPointExtension>
<tp1:hr>163</tp1:hr>
</tp1:TrackPointExtension>
</extensions>
</trkpt>
<trkpt lat="58.60219765" lon="15.03769604">
<ele>207.8</ele>
<time>2024-04-21T10:55:17Z</time>
<extensions>
<tp1:TrackPointExtension>
<tp1:hr>159</tp1:hr>
</tp1:TrackPointExtension>
</extensions>
</trkpt>
<trkpt lat="58.60209706" lon="15.03782521">
<ele>207.0</ele>
<time>2024-04-21T10:55:21Z</time>
<extensions>
<tp1:TrackPointExtension>
<tp1:hr>157</tp1:hr>
</tp1:TrackPointExtension>
</extensions>
</trkpt>
<trkpt lat="58.60201157" lon="15.03809209">
<ele>206.2</ele>
<time>2024-04-21T10:55:26Z</time>
<extensions>
<tp1:TrackPointExtension>
<tp1:hr>157</tp1:hr>
</tp1:TrackPointExtension>
</extensions>
</trkpt>
<trkpt lat="58.60199539" lon="15.03812863">
<ele>206.0</ele>
<time>2024-04-21T10:55:27Z</time>
<extensions>
<tp1:TrackPointExtension>
<tp1:hr>155</tp1:hr>
</tp1:TrackPointExtension>
</extensions>
</trkpt>
<trkpt lat="58.60191434" lon="15.03832921">
<ele>205.0</ele>
<time>2024-04-21T10:55:32Z</time>
<extensions>
<tp1:TrackPointExtension>
<tp1:hr>156</tp1:hr>
</tp1:TrackPointExtension>
</extensions>
</trkpt>
<trkpt lat="58.60190973" lon="15.03836148">
<ele>204.8</ele>
<time>2024-04-21T10:55:33Z</time>
<extensions>
<tp1:TrackPointExtension>
<tp1:hr>157</tp1:hr>
</tp1:TrackPointExtension>
</extensions>
</trkpt>
<trkpt lat="58.6018798" lon="15.0385044">
<ele>204.4</ele>
<time>2024-04-21T10:55:36Z</time>
<extensions>
<tp1:TrackPointExtension>
<tp1:hr>158</tp1:hr>
</tp1:TrackPointExtension>
</extensions>
</trkpt>
<trkpt lat="58.60183697" lon="15.0386753">
<ele>203.8</ele>
<time>2024-04-21T10:55:39Z</time>
<extensions>
<tp1:TrackPointExtension>
<tp1:hr>158</tp1:hr>
</tp1:TrackPointExtension>
</extensions>
</trkpt>
<trkpt lat="58.6018674" lon="15.03872995">
<ele>203.6</ele>
<time>2024-04-21T10:55:40Z</time>
<extensions>
<tp1:TrackPointExtension>
<tp1:hr>157</tp1:hr>
</tp1:TrackPointExtension>
</extensions>
</trkpt>
<trkpt lat="58.60187553" lon="15.03888661">
<ele>202.8</ele>
<time>2024-04-21T10:55:44Z</time>
<extensions>
<tp1:TrackPointExtension>
<tp1:hr>154</tp1:hr>
</tp1:TrackPointExtension>
</extensions>
</trkpt>
<trkpt lat="58.6018477" lon="15.03900999">
<ele>202.0</ele>
<time>2024-04-21T10:55:47Z</time>
<extensions>
<tp1:TrackPointExtension>
<tp1:hr>155</tp1:hr>
</tp1:TrackPointExtension>
</extensions>
</trkpt>
<trkpt lat="58.6018368" lon="15.03909649">
<ele>201.4</ele>
<time>2024-04-21T10:55:49Z</time>
<extensions>
<tp1:TrackPointExtension>
<tp1:hr>155</tp1:hr>
</tp1:TrackPointExtension>
</extensions>
</trkpt>
<trkpt lat="58.60186094" lon="15.03931518">
<ele>200.4</ele>
<time>2024-04-21T10:55:53Z</time>
<extensions>
<tp1:TrackPointExtension>
<tp1:hr>156</tp1:hr>
</tp1:TrackPointExtension>
</extensions>
</trkpt>
<trkpt lat="58.60181987" lon="15.03957493">
<ele>199.4</ele>
<time>2024-04-21T10:55:57Z</time>
<extensions>
<tp1:TrackPointExtension>
<tp1:hr>156</tp1:hr>
</tp1:TrackPointExtension>
</extensions>
</trkpt>
<trkpt lat="58.60180588" lon="15.03964115">
<ele>199.0</ele>
<time>2024-04-21T10:55:58Z</time>
<extensions>
<tp1:TrackPointExtension>
<tp1:hr>155</tp1:hr>
</tp1:TrackPointExtension>
</extensions>
</trkpt>
<trkpt lat="58.60173941" lon="15.0398217">
<ele>198.2</ele>
<time>2024-04-21T10:56:01Z</time>
<extensions>
<tp1:TrackPointExtension>
<tp1:hr>155</tp1:hr>
</tp1:TrackPointExtension>
</extensions>
</trkpt>
<trkpt lat="58.60180604" lon="15.03999746">
<ele>197.4</ele>
<time>2024-04-21T10:56:03Z</time>
<extensions>
<tp1:TrackPointExtension>
<tp1:hr>157</tp1:hr>
</tp1:TrackPointExtension>
</extensions>
</trkpt>
<trkpt lat="58.60180604" lon="15.03999746">
<ele>197.0</ele>
<time>2024-04-21T10:56:04Z</time>
<extensions>
<tp1:TrackPointExtension>
<tp1:hr>158</tp1:hr>
</tp1:TrackPointExtension>
</extensions>
</trkpt>
<trkpt lat="58.60185223" lon="15.04011632">
<ele>196.4</ele>
<time>2024-04-21T10:56:08Z</time>
<extensions>
<tp1:TrackPointExtension>
<tp1:hr>159</tp1:hr>
</tp1:TrackPointExtension>
</extensions>
</trkpt>
<trkpt lat="58.60185348" lon="15.0401423">
<ele>195.8</ele>
<time>2024-04-21T10:56:10Z</time>
<extensions>
<tp1:TrackPointExtension>
<tp1:hr>160</tp1:hr>
</tp1:TrackPointExtension>
</extensions>
</trkpt>
<trkpt lat="58.60184745" lon="15.04021028">
<ele>195.2</ele>
<time>2024-04-21T10:56:13Z</time>
<extensions>
<tp1:TrackPointExtension>
<tp1:hr>162</tp1:hr>
</tp1:TrackPointExtension>
</extensions>
</trkpt>
<trkpt lat="58.60184359" lon="15.04026015">
<ele>194.8</ele>
<time>2024-04-21T10:56:15Z</time>
<extensions>
<tp1:TrackPointExtension>
<tp1:hr>162</tp1:hr>
</tp1:TrackPointExtension>
</extensions>
</trkpt>
<trkpt lat="58.60184862" lon="15.04028027">
<ele>194.6</ele>
<time>2024-04-21T10:56:16Z</time>
<extensions>
<tp1:TrackPointExtension>
<tp1:hr>162</tp1:hr>
</tp1:TrackPointExtension>
</extensions>
</trkpt>
<trkpt lat="58.60185315" lon="15.04030164">
<ele>194.4</ele>
<time>2024-04-21T10:56:17Z</time>
<extensions>
<tp1:TrackPointExtension>
<tp1:hr>159</tp1:hr>
</tp1:TrackPointExtension>
</extensions>
</trkpt>
<trkpt lat="58.60185089" lon="15.04034657">
<ele>194.0</ele>
<time>2024-04-21T10:56:19Z</time>
<extensions>
<tp1:TrackPointExtension>
<tp1:hr>157</tp1:hr>
</tp1:TrackPointExtension>
</extensions>
</trkpt>
<trkpt lat="58.60184276" lon="15.04040415">
<ele>193.6</ele>
<time>2024-04-21T10:56:21Z</time>
<extensions>
<tp1:TrackPointExtension>
<tp1:hr>157</tp1:hr>
</tp1:TrackPointExtension>
</extensions>
</trkpt>
<trkpt lat="58.60184242" lon="15.04044984">
<ele>193.4</ele>
<time>2024-04-21T10:56:22Z</time>
<extensions>
<tp1:TrackPointExtension>
<tp1:hr>157</tp1:hr>
</tp1:TrackPointExtension>
</extensions>
</trkpt>
<trkpt lat="58.60183739" lon="15.04053139">
<ele>193.2</ele>
<time>2024-04-21T10:56:24Z</time>
<extensions>
<tp1:TrackPointExtension>
<tp1:hr>156</tp1:hr>
</tp1:TrackPointExtension>
</extensions>
</trkpt>
<trkpt lat="58.60182918" lon="15.04057288">
<ele>192.9</ele>
<time>2024-04-21T10:56:25Z</time>
<extensions>
<tp1:TrackPointExtension>
<tp1:hr>157</tp1:hr>
</tp1:TrackPointExtension>
</extensions>
</trkpt>
<trkpt lat="58.60179842" lon="15.04069526">
<ele>192.5</ele>
<time>2024-04-21T10:56:28Z</time>
<extensions>
<tp1:TrackPointExtension>
<tp1:hr>157</tp1:hr>
</tp1:TrackPointExtension>
</extensions>
</trkpt>
<trkpt lat="58.60176715" lon="15.04078763">
<ele>192.1</ele>
<time>2024-04-21T10:56:30Z</time>
<extensions>
<tp1:TrackPointExtension>
<tp1:hr>158</tp1:hr>
</tp1:TrackPointExtension>
</extensions>
</trkpt>
<trkpt lat="58.60170378" lon="15.04100363">
<ele>191.5</ele>
<time>2024-04-21T10:56:35Z</time>
<extensions>
<tp1:TrackPointExtension>
<tp1:hr>158</tp1:hr>
</tp1:TrackPointExtension>
</extensions>
</trkpt>
<trkpt lat="58.60169523" lon="15.04104462">
<ele>191.3</ele>
<time>2024-04-21T10:56:36Z</time>
<extensions>
<tp1:TrackPointExtension>
<tp1:hr>157</tp1:hr>
</tp1:TrackPointExtension>
</extensions>
</trkpt>
<trkpt lat="58.60166347" lon="15.04113413">
<ele>190.9</ele>
<time>2024-04-21T10:56:40Z</time>
<extensions>
<tp1:TrackPointExtension>
<tp1:hr>160</tp1:hr>
</tp1:TrackPointExtension>
</extensions>
</trkpt>
<trkpt lat="58.60165257" lon="15.04122097">
<ele>190.5</ele>
<time>2024-04-21T10:56:43Z</time>
<extensions>
<tp1:TrackPointExtension>
<tp1:hr>163</tp1:hr>
</tp1:TrackPointExtension>
</extensions>
</trkpt>
<trkpt lat="58.60164603" lon="15.04129264">
<ele>190.3</ele>
<time>2024-04-21T10:56:45Z</time>
<extensions>
<tp1:TrackPointExtension>
<tp1:hr>161</tp1:hr>
</tp1:TrackPointExtension>
</extensions>
</trkpt>
<trkpt lat="58.60164721" lon="15.04133102">
<ele>190.3</ele>
<time>2024-04-21T10:56:46Z</time>
<extensions>
<tp1:TrackPointExtension>
<tp1:hr>162</tp1:hr>
</tp1:TrackPointExtension>
</extensions>
</trkpt>
<trkpt lat="58.60165106" lon="15.04143387">
<ele>190.1</ele>
<time>2024-04-21T10:56:48Z</time>
<extensions>
<tp1:TrackPointExtension>
<tp1:hr>159</tp1:hr>
</tp1:TrackPointExtension>
</extensions>
</trkpt>
<trkpt lat="58.60164436" lon="15.04152456">
<ele>190.1</ele>
<time>2024-04-21T10:56:50Z</time>
<extensions>
<tp1:TrackPointExtension>
<tp1:hr>157</tp1:hr>
</tp1:TrackPointExtension>
</extensions>
</trkpt>
<trkpt lat="58.60162918" lon="15.04173805">
<ele>189.7</ele>
<time>2024-04-21T10:56:55Z</time>
<extensions>
<tp1:TrackPointExtension>
<tp1:hr>160</tp1:hr>
</tp1:TrackPointExtension>
</extensions>
</trkpt>
<trkpt lat="58.60162994" lon="15.04178105">
<ele>189.7</ele>
<time>2024-04-21T10:56:56Z</time>
<extensions>
<tp1:TrackPointExtension>
<tp1:hr>160</tp1:hr>
</tp1:TrackPointExtension>
</extensions>
</trkpt>
<trkpt lat="58.60159163" lon="15.04203091">
<ele>189.3</ele>
<time>2024-04-21T10:57:02Z</time>
<extensions>
<tp1:TrackPointExtension>
<tp1:hr>162</tp1:hr>
</tp1:TrackPointExtension>
</extensions>
</trkpt>
<trkpt lat="58.60156984" lon="15.04205497">
<ele>189.3</ele>
<time>2024-04-21T10:57:03Z</time>
<extensions>
<tp1:TrackPointExtension>
<tp1:hr>162</tp1:hr>
</tp1:TrackPointExtension>
</extensions>
</trkpt>
<trkpt lat="58.6015566" lon="15.04207559">
<ele>189.3</ele>
<time>2024-04-21T10:57:04Z</time>
<extensions>
<tp1:TrackPointExtension>
<tp1:hr>163</tp1:hr>
</tp1:TrackPointExtension>
</extensions>
</trkpt>
<trkpt lat="58.60152894" lon="15.04212529">
<ele>189.1</ele>
<time>2024-04-21T10:57:06Z</time>
<extensions>
<tp1:TrackPointExtension>
<tp1:hr>163</tp1:hr>
</tp1:TrackPointExtension>
</extensions>
</trkpt>
<trkpt lat="58.60141369" lon="15.04228187">
<ele>188.9</ele>
<time>2024-04-21T10:57:12Z</time>
<extensions>
<tp1:TrackPointExtension>
<tp1:hr>162</tp1:hr>
</tp1:TrackPointExtension>
</extensions>
</trkpt>
<trkpt lat="58.60139818" lon="15.04229545">
<ele>188.9</ele>
<time>2024-04-21T10:57:13Z</time>
<extensions>
<tp1:TrackPointExtension>
<tp1:hr>161</tp1:hr>
</tp1:TrackPointExtension>
</extensions>
</trkpt>
<trkpt lat="58.60135862" lon="15.04228706">
<ele>188.7</ele>
<time>2024-04-21T10:57:16Z</time>
<extensions>
<tp1:TrackPointExtension>
<tp1:hr>160</tp1:hr>
</tp1:TrackPointExtension>
</extensions>
</trkpt>
<trkpt lat="58.60136599" lon="15.04229235">
<ele>188.7</ele>
<time>2024-04-21T10:57:17Z</time>
<extensions>
<tp1:TrackPointExtension>
<tp1:hr>157</tp1:hr>
</tp1:TrackPointExtension>
</extensions>
</trkpt>
<trkpt lat="58.60136691" lon="15.04234616">
<ele>188.5</ele>
<time>2024-04-21T10:57:20Z</time>
<extensions>
<tp1:TrackPointExtension>
<tp1:hr>158</tp1:hr>
</tp1:TrackPointExtension>
</extensions>
</trkpt>
<trkpt lat="58.60132467" lon="15.04246945">
<ele>188.3</ele>
<time>2024-04-21T10:57:25Z</time>
<extensions>
<tp1:TrackPointExtension>
<tp1:hr>161</tp1:hr>
</tp1:TrackPointExtension>
</extensions>
</trkpt>
<trkpt lat="58.60124923" lon="15.04261153">
<ele>187.9</ele>
<time>2024-04-21T10:57:29Z</time>
<extensions>
<tp1:TrackPointExtension>
<tp1:hr>161</tp1:hr>
</tp1:TrackPointExtension>
</extensions>
</trkpt>
<trkpt lat="58.60120766" lon="15.04266819">
<ele>187.9</ele>
<time>2024-04-21T10:57:30Z</time>
<extensions>
<tp1:TrackPointExtension>
<tp1:hr>161</tp1:hr>
</tp1:TrackPointExtension>
</extensions>
</trkpt>
<trkpt lat="58.6011712" lon="15.04296994">
<ele>187.3</ele>
<time>2024-04-21T10:57:36Z</time>
<extensions>
<tp1:TrackPointExtension>
<tp1:hr>160</tp1:hr>
</tp1:TrackPointExtension>
</extensions>
</trkpt>
<trkpt lat="58.60118142" lon="15.04307144">
<ele>187.1</ele>
<time>2024-04-21T10:57:38Z</time>
<extensions>
<tp1:TrackPointExtension>
<tp1:hr>161</tp1:hr>
</tp1:TrackPointExtension>
</extensions>
</trkpt>
<trkpt lat="58.6011753" lon="15.04315937">
<ele>186.9</ele>
<time>2024-04-21T10:57:40Z</time>
<extensions>
<tp1:TrackPointExtension>
<tp1:hr>161</tp1:hr>
</tp1:TrackPointExtension>
</extensions>
</trkpt>
<trkpt lat="58.6011629" lon="15.0434498">
<ele>186.3</ele>
<time>2024-04-21T10:57:46Z</time>
<extensions>
<tp1:TrackPointExtension>
<tp1:hr>161</tp1:hr>
</tp1:TrackPointExtension>
</extensions>
</trkpt>
<trkpt lat="58.6011608" lon="15.04349238">
<ele>186.1</ele>
<time>2024-04-21T10:57:47Z</time>
<extensions>
<tp1:TrackPointExtension>
<tp1:hr>161</tp1:hr>
</tp1:TrackPointExtension>
</extensions>
</trkpt>
<trkpt lat="58.60116273" lon="15.04353823">
<ele>186.1</ele>
<time>2024-04-21T10:57:48Z</time>
<extensions>
<tp1:TrackPointExtension>
<tp1:hr>161</tp1:hr>
</tp1:TrackPointExtension>
</extensions>
</trkpt>
<trkpt lat="58.60118821" lon="15.04367368">
<ele>185.7</ele>
<time>2024-04-21T10:57:51Z</time>
<extensions>
<tp1:TrackPointExtension>
<tp1:hr>160</tp1:hr>
</tp1:TrackPointExtension>
</extensions>
</trkpt>
<trkpt lat="58.60129517" lon="15.04385373">
<ele>185.1</ele>
<time>2024-04-21T10:57:55Z</time>
<extensions>
<tp1:TrackPointExtension>
<tp1:hr>160</tp1:hr>
</tp1:TrackPointExtension>
</extensions>
</trkpt>
<trkpt lat="58.60133129" lon="15.04390737">
<ele>184.9</ele>
<time>2024-04-21T10:57:56Z</time>
<extensions>
<tp1:TrackPointExtension>
<tp1:hr>161</tp1:hr>
</tp1:TrackPointExtension>
</extensions>
</trkpt>
<trkpt lat="58.60136759" lon="15.04395632">
<ele>184.9</ele>
<time>2024-04-21T10:57:57Z</time>
<extensions>
<tp1:TrackPointExtension>
<tp1:hr>160</tp1:hr>
</tp1:TrackPointExtension>
</extensions>
</trkpt>
<trkpt lat="58.60146205" lon="15.04416411">
<ele>184.3</ele>
<time>2024-04-21T10:58:01Z</time>
<extensions>
<tp1:TrackPointExtension>
<tp1:hr>158</tp1:hr>
</tp1:TrackPointExtension>
</extensions>
</trkpt>
<trkpt lat="58.60148066" lon="15.04434851">
<ele>183.9</ele>
<time>2024-04-21T10:58:04Z</time>
<extensions>
<tp1:TrackPointExtension>
<tp1:hr>159</tp1:hr>
</tp1:TrackPointExtension>
</extensions>
</trkpt>
<trkpt lat="58.6014628" lon="15.04458597">
<ele>183.5</ele>
<time>2024-04-21T10:58:07Z</time>
<extensions>
<tp1:TrackPointExtension>
<tp1:hr>159</tp1:hr>
</tp1:TrackPointExtension>
</extensions>
</trkpt>
<trkpt lat="58.60147672" lon="15.04485536">
<ele>183.1</ele>
<time>2024-04-21T10:58:11Z</time>
<extensions>
<tp1:TrackPointExtension>
<tp1:hr>161</tp1:hr>
</tp1:TrackPointExtension>
</extensions>
</trkpt>
<trkpt lat="58.60148284" lon="15.04491781">
<ele>182.9</ele>
<time>2024-04-21T10:58:12Z</time>
<extensions>
<tp1:TrackPointExtension>
<tp1:hr>160</tp1:hr>
</tp1:TrackPointExtension>
</extensions>
</trkpt>
<trkpt lat="58.60151125" lon="15.0451028">
<ele>182.5</ele>
<time>2024-04-21T10:58:15Z</time>
<extensions>
<tp1:TrackPointExtension>
<tp1:hr>157</tp1:hr>
</tp1:TrackPointExtension>
</extensions>
</trkpt>
<trkpt lat="58.60152936" lon="15.04515267">
<ele>182.5</ele>
<time>2024-04-21T10:58:16Z</time>
<extensions>
<tp1:TrackPointExtension>
<tp1:hr>161</tp1:hr>
</tp1:TrackPointExtension>
</extensions>
</trkpt>
<trkpt lat="58.60159197" lon="15.04532182">
<ele>182.1</ele>
<time>2024-04-21T10:58:19Z</time>
<extensions>
<tp1:TrackPointExtension>
<tp1:hr>164</tp1:hr>
</tp1:TrackPointExtension>
</extensions>
</trkpt>
<trkpt lat="58.60162667" lon="15.04537655">
<ele>182.1</ele>
<time>2024-04-21T10:58:20Z</time>
<extensions>
<tp1:TrackPointExtension>
<tp1:hr>165</tp1:hr>
</tp1:TrackPointExtension>
</extensions>
</trkpt>
<trkpt lat="58.60168861" lon="15.04549348">
<ele>181.7</ele>
<time>2024-04-21T10:58:22Z</time>
<extensions>
<tp1:TrackPointExtension>
<tp1:hr>166</tp1:hr>
</tp1:TrackPointExtension>
</extensions>
</trkpt>
<trkpt lat="58.60175483" lon="15.04560613">
<ele>181.5</ele>
<time>2024-04-21T10:58:24Z</time>
<extensions>
<tp1:TrackPointExtension>
<tp1:hr>167</tp1:hr>
</tp1:TrackPointExtension>
</extensions>
</trkpt>
<trkpt lat="58.60186187" lon="15.04595088">
<ele>181.1</ele>
<time>2024-04-21T10:58:29Z</time>
<extensions>
<tp1:TrackPointExtension>
<tp1:hr>166</tp1:hr>
</tp1:TrackPointExtension>
</extensions>
</trkpt>
<trkpt lat="58.6018726" lon="15.04611164">
<ele>180.7</ele>
<time>2024-04-21T10:58:31Z</time>
<extensions>
<tp1:TrackPointExtension>
<tp1:hr>165</tp1:hr>
</tp1:TrackPointExtension>
</extensions>
</trkpt>
<trkpt lat="58.60191844" lon="15.04631038">
<ele>180.5</ele>
<time>2024-04-21T10:58:34Z</time>
<extensions>
<tp1:TrackPointExtension>
<tp1:hr>166</tp1:hr>
</tp1:TrackPointExtension>
</extensions>
</trkpt>
<trkpt lat="58.60191626" lon="15.04661062">
<ele>179.9</ele>
<time>2024-04-21T10:58:38Z</time>
<extensions>
<tp1:TrackPointExtension>
<tp1:hr>163</tp1:hr>
</tp1:TrackPointExtension>
</extensions>
</trkpt>
<trkpt lat="58.60187813" lon="15.0467713">
<ele>179.7</ele>
<time>2024-04-21T10:58:40Z</time>
<extensions>
<tp1:TrackPointExtension>
<tp1:hr>165</tp1:hr>
</tp1:TrackPointExtension>
</extensions>
</trkpt>
<trkpt lat="58.60185038" lon="15.04692812">
<ele>179.4</ele>
<time>2024-04-21T10:58:42Z</time>
<extensions>
<tp1:TrackPointExtension>
<tp1:hr>166</tp1:hr>
</tp1:TrackPointExtension>
</extensions>
</trkpt>
<trkpt lat="58.60175835" lon="15.04715444">
<ele>179.0</ele>
<time>2024-04-21T10:58:46Z</time>
<extensions>
<tp1:TrackPointExtension>
<tp1:hr>165</tp1:hr>
</tp1:TrackPointExtension>
</extensions>
</trkpt>
<trkpt lat="58.60165274" lon="15.04731973">
<ele>178.6</ele>
<time>2024-04-21T10:58:50Z</time>
<extensions>
<tp1:TrackPointExtension>
<tp1:hr>163</tp1:hr>
</tp1:TrackPointExtension>
</extensions>
</trkpt>
<trkpt lat="58.60162533" lon="15.04737496">
<ele>178.6</ele>
<time>2024-04-21T10:58:51Z</time>
<extensions>
<tp1:TrackPointExtension>
<tp1:hr>163</tp1:hr>
</tp1:TrackPointExtension>
</extensions>
</trkpt>
<trkpt lat="58.60155559" lon="15.04754805">
<ele>178.2</ele>
<time>2024-04-21T10:58:54Z</time>
<extensions>
<tp1:TrackPointExtension>
<tp1:hr>161</tp1:hr>
</tp1:TrackPointExtension>
</extensions>
</trkpt>
<trkpt lat="58.60152408" lon="15.04767965">
<ele>178.0</ele>
<time>2024-04-21T10:58:56Z</time>
<extensions>
<tp1:TrackPointExtension>
<tp1:hr>161</tp1:hr>
</tp1:TrackPointExtension>
</extensions>
</trkpt>
<trkpt lat="58.60147328" lon="15.0478446">
<ele>177.6</ele>
<time>2024-04-21T10:58:59Z</time>
<extensions>
<tp1:TrackPointExtension>
<tp1:hr>161</tp1:hr>
</tp1:TrackPointExtension>
</extensions>
</trkpt>
<trkpt lat="58.60141628" lon="15.04792557">
<ele>177.4</ele>
<time>2024-04-21T10:59:01Z</time>
<extensions>
<tp1:TrackPointExtension>
<tp1:hr>160</tp1:hr>
</tp1:TrackPointExtension>
</extensions>
</trkpt>
<trkpt lat="58.60125309" lon="15.04815498">
<ele>176.6</ele>
<time>2024-04-21T10:59:05Z</time>
<extensions>
<tp1:TrackPointExtension>
<tp1:hr>159</tp1:hr>
</tp1:TrackPointExtension>
</extensions>
</trkpt>
<trkpt lat="58.60121369" lon="15.04819497">
<ele>176.6</ele>
<time>2024-04-21T10:59:06Z</time>
<extensions>
<tp1:TrackPointExtension>
<tp1:hr>163</tp1:hr>
</tp1:TrackPointExtension>
</extensions>
</trkpt>
<trkpt lat="58.60117187" lon="15.0482295">
<ele>176.4</ele>
<time>2024-04-21T10:59:07Z</time>
<extensions>
<tp1:TrackPointExtension>
<tp1:hr>163</tp1:hr>
</tp1:TrackPointExtension>
</extensions>
</trkpt>
<trkpt lat="58.60099199" lon="15.04838699">
<ele>175.6</ele>
<time>2024-04-21T10:59:12Z</time>
<extensions>
<tp1:TrackPointExtension>
<tp1:hr>164</tp1:hr>
</tp1:TrackPointExtension>
</extensions>
</trkpt>
<trkpt lat="58.60092703" lon="15.04847861">
<ele>175.4</ele>
<time>2024-04-21T10:59:14Z</time>
<extensions>
<tp1:TrackPointExtension>
<tp1:hr>165</tp1:hr>
</tp1:TrackPointExtension>
</extensions>
</trkpt>
<trkpt lat="58.6009018" lon="15.04854022">
<ele>175.2</ele>
<time>2024-04-21T10:59:15Z</time>
<extensions>
<tp1:TrackPointExtension>
<tp1:hr>162</tp1:hr>
</tp1:TrackPointExtension>
</extensions>
</trkpt>
<trkpt lat="58.60087456" lon="15.04860786">
<ele>175.0</ele>
<time>2024-04-21T10:59:16Z</time>
<extensions>
<tp1:TrackPointExtension>
<tp1:hr>162</tp1:hr>
</tp1:TrackPointExtension>
</extensions>
</trkpt>
<trkpt lat="58.60074976" lon="15.0488599">
<ele>174.4</ele>
<time>2024-04-21T10:59:20Z</time>
<extensions>
<tp1:TrackPointExtension>
<tp1:hr>162</tp1:hr>
</tp1:TrackPointExtension>
</extensions>
</trkpt>
<trkpt lat="58.60071656" lon="15.04890022">
<ele>174.2</ele>
<time>2024-04-21T10:59:21Z</time>
<extensions>
<tp1:TrackPointExtension>
<tp1:hr>163</tp1:hr>
</tp1:TrackPointExtension>
</extensions>
</trkpt>
<trkpt lat="58.60055085" lon="15.04907154">
<ele>173.4</ele>
<time>2024-04-21T10:59:26Z</time>
<extensions>
<tp1:TrackPointExtension>
<tp1:hr>164</tp1:hr>
</tp1:TrackPointExtension>
</extensions>
</trkpt>
<trkpt lat="58.60052411" lon="15.049093">
<ele>173.2</ele>
<time>2024-04-21T10:59:27Z</time>
<extensions>
<tp1:TrackPointExtension>
<tp1:hr>163</tp1:hr>
</tp1:TrackPointExtension>
</extensions>
</trkpt>
<trkpt lat="58.60049813" lon="15.04911304">
<ele>173.0</ele>
<time>2024-04-21T10:59:28Z</time>
<extensions>
<tp1:TrackPointExtension>
<tp1:hr>160</tp1:hr>
</tp1:TrackPointExtension>
</extensions>
</trkpt>
<trkpt lat="58.60041515" lon="15.04931361">
<ele>172.2</ele>
<time>2024-04-21T10:59:32Z</time>
<extensions>
<tp1:TrackPointExtension>
<tp1:hr>158</tp1:hr>
</tp1:TrackPointExtension>
</extensions>
</trkpt>
<trkpt lat="58.60039889" lon="15.04937606">
<ele>172.0</ele>
<time>2024-04-21T10:59:33Z</time>
<extensions>
<tp1:TrackPointExtension>
<tp1:hr>158</tp1:hr>
</tp1:TrackPointExtension>
</extensions>
</trkpt>
<trkpt lat="58.60031691" lon="15.04954504">
<ele>171.6</ele>
<time>2024-04-21T10:59:36Z</time>
<extensions>
<tp1:TrackPointExtension>
<tp1:hr>158</tp1:hr>
</tp1:TrackPointExtension>
</extensions>
</trkpt>
<trkpt lat="58.60024969" lon="15.04960916">
<ele>171.2</ele>
<time>2024-04-21T10:59:38Z</time>
<extensions>
<tp1:TrackPointExtension>
<tp1:hr>158</tp1:hr>
</tp1:TrackPointExtension>
</extensions>
</trkpt>
<trkpt lat="58.60017316" lon="15.04967018">
<ele>171.0</ele>
<time>2024-04-21T10:59:40Z</time>
<extensions>
<tp1:TrackPointExtension>
<tp1:hr>158</tp1:hr>
</tp1:TrackPointExtension>
</extensions>
</trkpt>
<trkpt lat="58.60013226" lon="15.049696">
<ele>170.8</ele>
<time>2024-04-21T10:59:41Z</time>
<extensions>
<tp1:TrackPointExtension>
<tp1:hr>157</tp1:hr>
</tp1:TrackPointExtension>
</extensions>
</trkpt>
<trkpt lat="58.60005456" lon="15.04974503">
<ele>170.4</ele>
<time>2024-04-21T10:59:43Z</time>
<extensions>
<tp1:TrackPointExtension>
<tp1:hr>157</tp1:hr>
</tp1:TrackPointExtension>
</extensions>
</trkpt>
<trkpt lat="58.59995104" lon="15.04979817">
<ele>170.0</ele>
<time>2024-04-21T10:59:46Z</time>
<extensions>
<tp1:TrackPointExtension>
<tp1:hr>157</tp1:hr>
</tp1:TrackPointExtension>
</extensions>
</trkpt>
<trkpt lat="58.59991936" lon="15.04981225">
<ele>169.8</ele>
<time>2024-04-21T10:59:47Z</time>
<extensions>
<tp1:TrackPointExtension>
<tp1:hr>157</tp1:hr>
</tp1:TrackPointExtension>
</extensions>
</trkpt>
<trkpt lat="58.59988483" lon="15.04982625">
<ele>169.6</ele>
<time>2024-04-21T10:59:48Z</time>
<extensions>
<tp1:TrackPointExtension>
<tp1:hr>157</tp1:hr>
</tp1:TrackPointExtension>
</extensions>
</trkpt>
<trkpt lat="58.59976463" lon="15.04982759">
<ele>169.2</ele>
<time>2024-04-21T10:59:51Z</time>
<extensions>
<tp1:TrackPointExtension>
<tp1:hr>156</tp1:hr>
</tp1:TrackPointExtension>
</extensions>
</trkpt>
<trkpt lat="58.59972817" lon="15.04981737">
<ele>169.0</ele>
<time>2024-04-21T10:59:52Z</time>
<extensions>
<tp1:TrackPointExtension>
<tp1:hr>153</tp1:hr>
</tp1:TrackPointExtension>
</extensions>
</trkpt>
<trkpt lat="58.59964846" lon="15.04978795">
<ele>168.6</ele>
<time>2024-04-21T10:59:54Z</time>
<extensions>
<tp1:TrackPointExtension>
<tp1:hr>153</tp1:hr>
</tp1:TrackPointExtension>
</extensions>
</trkpt>
<trkpt lat="58.5995343" lon="15.04970161">
<ele>168.2</ele>
<time>2024-04-21T10:59:57Z</time>
<extensions>
<tp1:TrackPointExtension>
<tp1:hr>158</tp1:hr>
</tp1:TrackPointExtension>
</extensions>
</trkpt>
<trkpt lat="58.59943732" lon="15.04961804">
<ele>167.6</ele>
<time>2024-04-21T11:00:00Z</time>
<extensions>
<tp1:TrackPointExtension>
<tp1:hr>157</tp1:hr>
</tp1:TrackPointExtension>
</extensions>
</trkpt>
<trkpt lat="58.59935945" lon="15.04957513">
<ele>167.2</ele>
<time>2024-04-21T11:00:02Z</time>
<extensions>
<tp1:TrackPointExtension>
<tp1:hr>158</tp1:hr>
</tp1:TrackPointExtension>
</extensions>
</trkpt>
<trkpt lat="58.59921201" lon="15.04946055">
<ele>166.4</ele>
<time>2024-04-21T11:00:07Z</time>
<extensions>
<tp1:TrackPointExtension>
<tp1:hr>159</tp1:hr>
</tp1:TrackPointExtension>
</extensions>
</trkpt>
<trkpt lat="58.59919223" lon="15.04946583">
<ele>166.4</ele>
<time>2024-04-21T11:00:08Z</time>
<extensions>
<tp1:TrackPointExtension>
<tp1:hr>161</tp1:hr>
</tp1:TrackPointExtension>
</extensions>
</trkpt>
<trkpt lat="58.59918209" lon="15.04949282">
<ele>166.2</ele>
<time>2024-04-21T11:00:09Z</time>
<extensions>
<tp1:TrackPointExtension>
<tp1:hr>160</tp1:hr>
</tp1:TrackPointExtension>
</extensions>
</trkpt>
<trkpt lat="58.59917614" lon="15.04953984">
<ele>166.0</ele>
<time>2024-04-21T11:00:10Z</time>
<extensions>
<tp1:TrackPointExtension>
<tp1:hr>161</tp1:hr>
</tp1:TrackPointExtension>
</extensions>
</trkpt>
<trkpt lat="58.59915367" lon="15.04972307">
<ele>165.6</ele>
<time>2024-04-21T11:00:13Z</time>
<extensions>
<tp1:TrackPointExtension>
<tp1:hr>159</tp1:hr>
</tp1:TrackPointExtension>
</extensions>
</trkpt>
<trkpt lat="58.59912685" lon="15.04975526">
<ele>165.4</ele>
<time>2024-04-21T11:00:14Z</time>
<extensions>
<tp1:TrackPointExtension>
<tp1:hr>158</tp1:hr>
</tp1:TrackPointExtension>
</extensions>
</trkpt>
<trkpt lat="58.59899492" lon="15.04976205">
<ele>164.8</ele>
<time>2024-04-21T11:00:18Z</time>
<extensions>
<tp1:TrackPointExtension>
<tp1:hr>159</tp1:hr>
</tp1:TrackPointExtension>
</extensions>
</trkpt>
<trkpt lat="58.59888746" lon="15.04972181">
<ele>164.4</ele>
<time>2024-04-21T11:00:21Z</time>
<extensions>
<tp1:TrackPointExtension>
<tp1:hr>160</tp1:hr>
</tp1:TrackPointExtension>
</extensions>
</trkpt>
<trkpt lat="58.59881546" lon="15.04972927">
<ele>164.0</ele>
<time>2024-04-21T11:00:23Z</time>
<extensions>
<tp1:TrackPointExtension>
<tp1:hr>160</tp1:hr>
</tp1:TrackPointExtension>
</extensions>
</trkpt>
<trkpt lat="58.59866937" lon="15.04978929">
<ele>163.2</ele>
<time>2024-04-21T11:00:28Z</time>
<extensions>
<tp1:TrackPointExtension>
<tp1:hr>161</tp1:hr>
</tp1:TrackPointExtension>
</extensions>
</trkpt>
<trkpt lat="58.59864456" lon="15.04980773">
<ele>163.2</ele>
<time>2024-04-21T11:00:29Z</time>
<extensions>
<tp1:TrackPointExtension>
<tp1:hr>161</tp1:hr>
</tp1:TrackPointExtension>
</extensions>
</trkpt>
<trkpt lat="58.59855755" lon="15.0499068">
<ele>162.6</ele>
<time>2024-04-21T11:00:33Z</time>
<extensions>
<tp1:TrackPointExtension>
<tp1:hr>161</tp1:hr>
</tp1:TrackPointExtension>
</extensions>
</trkpt>
<trkpt lat="58.59848362" lon="15.04994242">
<ele>162.2</ele>
<time>2024-04-21T11:00:36Z</time>
<extensions>
<tp1:TrackPointExtension>
<tp1:hr>162</tp1:hr>
</tp1:TrackPointExtension>
</extensions>
</trkpt>
<trkpt lat="58.59843493" lon="15.0499529">
<ele>161.8</ele>
<time>2024-04-21T11:00:38Z</time>
<extensions>
<tp1:TrackPointExtension>
<tp1:hr>162</tp1:hr>
</tp1:TrackPointExtension>
</extensions>
</trkpt>
<trkpt lat="58.59833619" lon="15.05005164">
<ele>161.2</ele>
<time>2024-04-21T11:00:43Z</time>
<extensions>
<tp1:TrackPointExtension>
<tp1:hr>161</tp1:hr>
</tp1:TrackPointExtension>
</extensions>
</trkpt>
<trkpt lat="58.59832085" lon="15.0501026">
<ele>161.0</ele>
<time>2024-04-21T11:00:44Z</time>
<extensions>
<tp1:TrackPointExtension>
<tp1:hr>162</tp1:hr>
</tp1:TrackPointExtension>
</extensions>
</trkpt>
<trkpt lat="58.59825807" lon="15.05029782">
<ele>160.6</ele>
<time>2024-04-21T11:00:48Z</time>
<extensions>
<tp1:TrackPointExtension>
<tp1:hr>159</tp1:hr>
</tp1:TrackPointExtension>
</extensions>
</trkpt>
<trkpt lat="58.59823879" lon="15.0503373">
<ele>160.6</ele>
<time>2024-04-21T11:00:49Z</time>
<extensions>
<tp1:TrackPointExtension>
<tp1:hr>159</tp1:hr>
</tp1:TrackPointExtension>
</extensions>
</trkpt>
<trkpt lat="58.59814541" lon="15.05057853">
<ele>160.0</ele>
<time>2024-04-21T11:00:54Z</time>
<extensions>
<tp1:TrackPointExtension>
<tp1:hr>159</tp1:hr>
</tp1:TrackPointExtension>
</extensions>
</trkpt>
<trkpt lat="58.598089" lon="15.05077366">
<ele>159.5</ele>
<time>2024-04-21T11:00:58Z</time>
<extensions>
<tp1:TrackPointExtension>
<tp1:hr>156</tp1:hr>
</tp1:TrackPointExtension>
</extensions>
</trkpt>
<trkpt lat="58.59807006" lon="15.05081221">
<ele>159.5</ele>
<time>2024-04-21T11:00:59Z</time>
<extensions>
<tp1:TrackPointExtension>
<tp1:hr>158</tp1:hr>
</tp1:TrackPointExtension>
</extensions>
</trkpt>
<trkpt lat="58.5979248" lon="15.05097147">
<ele>158.7</ele>
<time>2024-04-21T11:01:05Z</time>
<extensions>
<tp1:TrackPointExtension>
<tp1:hr>155</tp1:hr>
</tp1:TrackPointExtension>
</extensions>
</trkpt>
<trkpt lat="58.59781257" lon="15.05097122">
<ele>158.5</ele>
<time>2024-04-21T11:01:11Z</time>
<extensions>
<tp1:TrackPointExtension>
<tp1:hr>156</tp1:hr>
</tp1:TrackPointExtension>
</extensions>
</trkpt>
<trkpt lat="58.59771123" lon="15.0509221">
<ele>158.1</ele>
<time>2024-04-21T11:01:16Z</time>
<extensions>
<tp1:TrackPointExtension>
<tp1:hr>159</tp1:hr>
</tp1:TrackPointExtension>
</extensions>
</trkpt>
<trkpt lat="58.59764703" lon="15.05094222">
<ele>157.9</ele>
<time>2024-04-21T11:01:18Z</time>
<extensions>
<tp1:TrackPointExtension>
<tp1:hr>161</tp1:hr>
</tp1:TrackPointExtension>
</extensions>
</trkpt>
<trkpt lat="58.5975969" lon="15.05097792">
<ele>157.7</ele>
<time>2024-04-21T11:01:20Z</time>
<extensions>
<tp1:TrackPointExtension>
<tp1:hr>162</tp1:hr>
</tp1:TrackPointExtension>
</extensions>
</trkpt>
<trkpt lat="58.59744863" lon="15.05101992">
<ele>157.5</ele>
<time>2024-04-21T11:01:25Z</time>
<extensions>
<tp1:TrackPointExtension>
<tp1:hr>162</tp1:hr>
</tp1:TrackPointExtension>
</extensions>
</trkpt>
<trkpt lat="58.59732441" lon="15.05104322">
<ele>157.1</ele>
<time>2024-04-21T11:01:30Z</time>
<extensions>
<tp1:TrackPointExtension>
<tp1:hr>165</tp1:hr>
</tp1:TrackPointExtension>
</extensions>
</trkpt>
<trkpt lat="58.59720077" lon="15.0512469">
<ele>156.9</ele>
<time>2024-04-21T11:01:35Z</time>
<extensions>
<tp1:TrackPointExtension>
<tp1:hr>166</tp1:hr>
</tp1:TrackPointExtension>
</extensions>
</trkpt>
<trkpt lat="58.59713766" lon="15.05136265">
<ele>156.7</ele>
<time>2024-04-21T11:01:38Z</time>
<extensions>
<tp1:TrackPointExtension>
<tp1:hr>163</tp1:hr>
</tp1:TrackPointExtension>
</extensions>
</trkpt>
<trkpt lat="58.59707488" lon="15.05143323">
<ele>156.7</ele>
<time>2024-04-21T11:01:40Z</time>
<extensions>
<tp1:TrackPointExtension>
<tp1:hr>163</tp1:hr>
</tp1:TrackPointExtension>
</extensions>
</trkpt>
<trkpt lat="58.59694345" lon="15.05156835">
<ele>156.3</ele>
<time>2024-04-21T11:01:45Z</time>
<extensions>
<tp1:TrackPointExtension>
<tp1:hr>162</tp1:hr>
</tp1:TrackPointExtension>
</extensions>
</trkpt>
<trkpt lat="58.59678662" lon="15.0516463">
<ele>156.1</ele>
<time>2024-04-21T11:01:52Z</time>
<extensions>
<tp1:TrackPointExtension>
<tp1:hr>161</tp1:hr>
</tp1:TrackPointExtension>
</extensions>
</trkpt>
<trkpt lat="58.59672016" lon="15.05168569">
<ele>156.1</ele>
<time>2024-04-21T11:01:55Z</time>
<extensions>
<tp1:TrackPointExtension>
<tp1:hr>165</tp1:hr>
</tp1:TrackPointExtension>
</extensions>
</trkpt>
<trkpt lat="58.59666517" lon="15.05171972">
<ele>155.9</ele>
<time>2024-04-21T11:01:57Z</time>
<extensions>
<tp1:TrackPointExtension>
<tp1:hr>169</tp1:hr>
</tp1:TrackPointExtension>
</extensions>
</trkpt>
<trkpt lat="58.596607" lon="15.05174428">
<ele>155.9</ele>
<time>2024-04-21T11:01:59Z</time>
<extensions>
<tp1:TrackPointExtension>
<tp1:hr>169</tp1:hr>
</tp1:TrackPointExtension>
</extensions>
</trkpt>
<trkpt lat="58.59655713" lon="15.0517737">
<ele>155.9</ele>
<time>2024-04-21T11:02:01Z</time>
<extensions>
<tp1:TrackPointExtension>
<tp1:hr>170</tp1:hr>
</tp1:TrackPointExtension>
</extensions>
</trkpt>
<trkpt lat="58.59651555" lon="15.0518369">
<ele>155.9</ele>
<time>2024-04-21T11:02:03Z</time>
<extensions>
<tp1:TrackPointExtension>
<tp1:hr>170</tp1:hr>
</tp1:TrackPointExtension>
</extensions>
</trkpt>
<trkpt lat="58.5964143" lon="15.05206766">
<ele>155.9</ele>
<time>2024-04-21T11:02:08Z</time>
<extensions>
<tp1:TrackPointExtension>
<tp1:hr>171</tp1:hr>
</tp1:TrackPointExtension>
</extensions>
</trkpt>
<trkpt lat="58.59631212" lon="15.05230973">
<ele>155.9</ele>
<time>2024-04-21T11:02:13Z</time>
<extensions>
<tp1:TrackPointExtension>
<tp1:hr>169</tp1:hr>
</tp1:TrackPointExtension>
</extensions>
</trkpt>
<trkpt lat="58.59623266" lon="15.05242774">
<ele>155.9</ele>
<time>2024-04-21T11:02:16Z</time>
<extensions>
<tp1:TrackPointExtension>
<tp1:hr>166</tp1:hr>
</tp1:TrackPointExtension>
</extensions>
</trkpt>
<trkpt lat="58.59617818" lon="15.05247041">
<ele>155.7</ele>
<time>2024-04-21T11:02:18Z</time>
<extensions>
<tp1:TrackPointExtension>
<tp1:hr>166</tp1:hr>
</tp1:TrackPointExtension>
</extensions>
</trkpt>
<trkpt lat="58.59616293" lon="15.05247627">
<ele>155.7</ele>
<time>2024-04-21T11:02:19Z</time>
<extensions>
<tp1:TrackPointExtension>
<tp1:hr>165</tp1:hr>
</tp1:TrackPointExtension>
</extensions>
</trkpt>
<trkpt lat="58.5961496" lon="15.05247795">
<ele>155.7</ele>
<time>2024-04-21T11:02:20Z</time>
<extensions>
<tp1:TrackPointExtension>
<tp1:hr>163</tp1:hr>
</tp1:TrackPointExtension>
</extensions>
</trkpt>
<trkpt lat="58.5960843" lon="15.05247477">
<ele>155.5</ele>
<time>2024-04-21T11:02:23Z</time>
<extensions>
<tp1:TrackPointExtension>
<tp1:hr>161</tp1:hr>
</tp1:TrackPointExtension>
</extensions>
</trkpt>
<trkpt lat="58.5960056" lon="15.05249128">
<ele>155.3</ele>
<time>2024-04-21T11:02:27Z</time>
<extensions>
<tp1:TrackPointExtension>
<tp1:hr>158</tp1:hr>
</tp1:TrackPointExtension>
</extensions>
</trkpt>
<trkpt lat="58.59598121" lon="15.05249429">
<ele>155.3</ele>
<time>2024-04-21T11:02:29Z</time>
<extensions>
<tp1:TrackPointExtension>
<tp1:hr>158</tp1:hr>
</tp1:TrackPointExtension>
</extensions>
</trkpt>
<trkpt lat="58.59588993" lon="15.05247761">
<ele>155.3</ele>
<time>2024-04-21T11:02:34Z</time>
<extensions>
<tp1:TrackPointExtension>
<tp1:hr>161</tp1:hr>
</tp1:TrackPointExtension>
</extensions>
</trkpt>
<trkpt lat="58.59586763" lon="15.05248248">
<ele>155.3</ele>
<time>2024-04-21T11:02:35Z</time>
<extensions>
<tp1:TrackPointExtension>
<tp1:hr>162</tp1:hr>
</tp1:TrackPointExtension>
</extensions>
</trkpt>
<trkpt lat="58.59583704" lon="15.05248248">
<ele>155.3</ele>
<time>2024-04-21T11:02:37Z</time>
<extensions>
<tp1:TrackPointExtension>
<tp1:hr>163</tp1:hr>
</tp1:TrackPointExtension>
</extensions>
</trkpt>
<trkpt lat="58.59578138" lon="15.0524067">
<ele>155.3</ele>
<time>2024-04-21T11:02:40Z</time>
<extensions>
<tp1:TrackPointExtension>
<tp1:hr>162</tp1:hr>
</tp1:TrackPointExtension>
</extensions>
</trkpt>
<trkpt lat="58.59568407" lon="15.05231559">
<ele>155.1</ele>
<time>2024-04-21T11:02:45Z</time>
<extensions>
<tp1:TrackPointExtension>
<tp1:hr>163</tp1:hr>
</tp1:TrackPointExtension>
</extensions>
</trkpt>
<trkpt lat="58.59560452" lon="15.05237519">
<ele>154.9</ele>
<time>2024-04-21T11:02:49Z</time>
<extensions>
<tp1:TrackPointExtension>
<tp1:hr>163</tp1:hr>
</tp1:TrackPointExtension>
</extensions>
</trkpt>
<trkpt lat="58.59547419" lon="15.05249371">
<ele>154.9</ele>
<time>2024-04-21T11:02:54Z</time>
<extensions>
<tp1:TrackPointExtension>
<tp1:hr>165</tp1:hr>
</tp1:TrackPointExtension>
</extensions>
</trkpt>
<trkpt lat="58.59535231" lon="15.0526279">
<ele>154.7</ele>
<time>2024-04-21T11:02:59Z</time>
<extensions>
<tp1:TrackPointExtension>
<tp1:hr>164</tp1:hr>
</tp1:TrackPointExtension>
</extensions>
</trkpt>
<trkpt lat="58.59533119" lon="15.05266462">
<ele>154.7</ele>
<time>2024-04-21T11:03:00Z</time>
<extensions>
<tp1:TrackPointExtension>
<tp1:hr>165</tp1:hr>
</tp1:TrackPointExtension>
</extensions>
</trkpt>
<trkpt lat="58.59523119" lon="15.05282622">
<ele>154.5</ele>
<time>2024-04-21T11:03:04Z</time>
<extensions>
<tp1:TrackPointExtension>
<tp1:hr>165</tp1:hr>
</tp1:TrackPointExtension>
</extensions>
</trkpt>
<trkpt lat="58.59515827" lon="15.05287215">
<ele>154.5</ele>
<time>2024-04-21T11:03:06Z</time>
<extensions>
<tp1:TrackPointExtension>
<tp1:hr>162</tp1:hr>
</tp1:TrackPointExtension>
</extensions>
</trkpt>
<trkpt lat="58.5951027" lon="15.05289713">
<ele>154.3</ele>
<time>2024-04-21T11:03:08Z</time>
<extensions>
<tp1:TrackPointExtension>
<tp1:hr>162</tp1:hr>
</tp1:TrackPointExtension>
</extensions>
</trkpt>
<trkpt lat="58.59498041" lon="15.05290576">
<ele>154.0</ele>
<time>2024-04-21T11:03:14Z</time>
<extensions>
<tp1:TrackPointExtension>
<tp1:hr>161</tp1:hr>
</tp1:TrackPointExtension>
</extensions>
</trkpt>
<trkpt lat="58.59496255" lon="15.05292186">
<ele>154.0</ele>
<time>2024-04-21T11:03:15Z</time>
<extensions>
<tp1:TrackPointExtension>
<tp1:hr>164</tp1:hr>
</tp1:TrackPointExtension>
</extensions>
</trkpt>
<trkpt lat="58.59488728" lon="15.05293309">
<ele>154.0</ele>
<time>2024-04-21T11:03:18Z</time>
<extensions>
<tp1:TrackPointExtension>
<tp1:hr>160</tp1:hr>
</tp1:TrackPointExtension>
</extensions>
</trkpt>
<trkpt lat="58.59486583" lon="15.05293032">
<ele>154.0</ele>
<time>2024-04-21T11:03:19Z</time>
<extensions>
<tp1:TrackPointExtension>
<tp1:hr>160</tp1:hr>
</tp1:TrackPointExtension>
</extensions>
</trkpt>
<trkpt lat="58.59471713" lon="15.0528921">
<ele>154.0</ele>
<time>2024-04-21T11:03:26Z</time>
<extensions>
<tp1:TrackPointExtension>
<tp1:hr>160</tp1:hr>
</tp1:TrackPointExtension>
</extensions>
</trkpt>
<trkpt lat="58.59464144" lon="15.05290132">
<ele>154.0</ele>
<time>2024-04-21T11:03:29Z</time>
<extensions>
<tp1:TrackPointExtension>
<tp1:hr>163</tp1:hr>
</tp1:TrackPointExtension>
</extensions>
</trkpt>
<trkpt lat="58.59456534" lon="15.05292043">
<ele>154.0</ele>
<time>2024-04-21T11:03:32Z</time>
<extensions>
<tp1:TrackPointExtension>
<tp1:hr>163</tp1:hr>
</tp1:TrackPointExtension>
</extensions>
</trkpt>
<trkpt lat="58.59437515" lon="15.05290316">
<ele>154.2</ele>
<time>2024-04-21T11:03:38Z</time>
<extensions>
<tp1:TrackPointExtension>
<tp1:hr>160</tp1:hr>
</tp1:TrackPointExtension>
</extensions>
</trkpt>
<trkpt lat="58.59419326" lon="15.05291842">
<ele>154.2</ele>
<time>2024-04-21T11:03:44Z</time>
<extensions>
<tp1:TrackPointExtension>
<tp1:hr>161</tp1:hr>
</tp1:TrackPointExtension>
</extensions>
</trkpt>
<trkpt lat="58.59400081" lon="15.05290098">
<ele>154.2</ele>
<time>2024-04-21T11:03:50Z</time>
<extensions>
<tp1:TrackPointExtension>
<tp1:hr>164</tp1:hr>
</tp1:TrackPointExtension>
</extensions>
</trkpt>
<trkpt lat="58.59397634" lon="15.05290006">
<ele>154.2</ele>
<time>2024-04-21T11:03:51Z</time>
<extensions>
<tp1:TrackPointExtension>
<tp1:hr>164</tp1:hr>
</tp1:TrackPointExtension>
</extensions>
</trkpt>
<trkpt lat="58.59379495" lon="15.05291113">
<ele>154.2</ele>
<time>2024-04-21T11:03:56Z</time>
<extensions>
<tp1:TrackPointExtension>
<tp1:hr>163</tp1:hr>
</tp1:TrackPointExtension>
</extensions>
</trkpt>
<trkpt lat="58.59375807" lon="15.05291129">
<ele>154.2</ele>
<time>2024-04-21T11:03:57Z</time>
<extensions>
<tp1:TrackPointExtension>
<tp1:hr>163</tp1:hr>
</tp1:TrackPointExtension>
</extensions>
</trkpt>
<trkpt lat="58.59355213" lon="15.05292856">
<ele>154.2</ele>
<time>2024-04-21T11:04:03Z</time>
<extensions>
<tp1:TrackPointExtension>
<tp1:hr>161</tp1:hr>
</tp1:TrackPointExtension>
</extensions>
</trkpt>
<trkpt lat="58.59339539" lon="15.05281113">
<ele>154.2</ele>
<time>2024-04-21T11:04:08Z</time>
<extensions>
<tp1:TrackPointExtension>
<tp1:hr>161</tp1:hr>
</tp1:TrackPointExtension>
</extensions>
</trkpt>
<trkpt lat="58.59329539" lon="15.05261466">
<ele>154.2</ele>
<time>2024-04-21T11:04:12Z</time>
<extensions>
<tp1:TrackPointExtension>
<tp1:hr>162</tp1:hr>
</tp1:TrackPointExtension>
</extensions>
</trkpt>
<trkpt lat="58.59317453" lon="15.0523653">
<ele>154.4</ele>
<time>2024-04-21T11:04:17Z</time>
<extensions>
<tp1:TrackPointExtension>
<tp1:hr>158</tp1:hr>
</tp1:TrackPointExtension>
</extensions>
</trkpt>
<trkpt lat="58.59308325" lon="15.05214737">
<ele>154.4</ele>
<time>2024-04-21T11:04:21Z</time>
<extensions>
<tp1:TrackPointExtension>
<tp1:hr>155</tp1:hr>
</tp1:TrackPointExtension>
</extensions>
</trkpt>
<trkpt lat="58.59305073" lon="15.05203639">
<ele>154.4</ele>
<time>2024-04-21T11:04:22Z</time>
<extensions>
<tp1:TrackPointExtension>
<tp1:hr>154</tp1:hr>
</tp1:TrackPointExtension>
</extensions>
</trkpt>
<trkpt lat="58.59299163" lon="15.05181503">
<ele>154.4</ele>
<time>2024-04-21T11:04:27Z</time>
<extensions>
<tp1:TrackPointExtension>
<tp1:hr>156</tp1:hr>
</tp1:TrackPointExtension>
</extensions>
</trkpt>
<trkpt lat="58.59293145" lon="15.05158997">
<ele>154.4</ele>
<time>2024-04-21T11:04:31Z</time>
<extensions>
<tp1:TrackPointExtension>
<tp1:hr>155</tp1:hr>
</tp1:TrackPointExtension>
</extensions>
</trkpt>
<trkpt lat="58.59291888" lon="15.05144295">
<ele>154.4</ele>
<time>2024-04-21T11:04:33Z</time>
<extensions>
<tp1:TrackPointExtension>
<tp1:hr>154</tp1:hr>
</tp1:TrackPointExtension>
</extensions>
</trkpt>
<trkpt lat="58.59290069" lon="15.05106535">
<ele>154.4</ele>
<time>2024-04-21T11:04:37Z</time>
<extensions>
<tp1:TrackPointExtension>
<tp1:hr>156</tp1:hr>
</tp1:TrackPointExtension>
</extensions>
</trkpt>
<trkpt lat="58.59290027" lon="15.05097725">
<ele>154.4</ele>
<time>2024-04-21T11:04:38Z</time>
<extensions>
<tp1:TrackPointExtension>
<tp1:hr>156</tp1:hr>
</tp1:TrackPointExtension>
</extensions>
</trkpt>
<trkpt lat="58.59289709" lon="15.05060317">
<ele>154.4</ele>
<time>2024-04-21T11:04:43Z</time>
<extensions>
<tp1:TrackPointExtension>
<tp1:hr>157</tp1:hr>
</tp1:TrackPointExtension>
</extensions>
</trkpt>
<trkpt lat="58.59290211" lon="15.05054207">
<ele>154.4</ele>
<time>2024-04-21T11:04:44Z</time>
<extensions>
<tp1:TrackPointExtension>
<tp1:hr>160</tp1:hr>
</tp1:TrackPointExtension>
</extensions>
</trkpt>
<trkpt lat="58.59289725" lon="15.05021274">
<ele>154.4</ele>
<time>2024-04-21T11:04:49Z</time>
<extensions>
<tp1:TrackPointExtension>
<tp1:hr>162</tp1:hr>
</tp1:TrackPointExtension>
</extensions>
</trkpt>
<trkpt lat="58.59290002" lon="15.05014627">
<ele>154.4</ele>
<time>2024-04-21T11:04:50Z</time>
<extensions>
<tp1:TrackPointExtension>
<tp1:hr>158</tp1:hr>
</tp1:TrackPointExtension>
</extensions>
</trkpt>
<trkpt lat="58.59288585" lon="15.04986238">
<ele>154.4</ele>
<time>2024-04-21T11:04:54Z</time>
<extensions>
<tp1:TrackPointExtension>
<tp1:hr>159</tp1:hr>
</tp1:TrackPointExtension>
</extensions>
</trkpt>
<trkpt lat="58.59287915" lon="15.04952073">
<ele>154.4</ele>
<time>2024-04-21T11:04:59Z</time>
<extensions>
<tp1:TrackPointExtension>
<tp1:hr>160</tp1:hr>
</tp1:TrackPointExtension>
</extensions>
</trkpt>
<trkpt lat="58.59287756" lon="15.04946122">
<ele>154.4</ele>
<time>2024-04-21T11:05:00Z</time>
<extensions>
<tp1:TrackPointExtension>
<tp1:hr>160</tp1:hr>
</tp1:TrackPointExtension>
</extensions>
</trkpt>
<trkpt lat="58.59289306" lon="15.04912695">
<ele>154.4</ele>
<time>2024-04-21T11:05:05Z</time>
<extensions>
<tp1:TrackPointExtension>
<tp1:hr>160</tp1:hr>
</tp1:TrackPointExtension>
</extensions>
</trkpt>
<trkpt lat="58.59289373" lon="15.04883274">
<ele>154.4</ele>
<time>2024-04-21T11:05:09Z</time>
<extensions>
<tp1:TrackPointExtension>
<tp1:hr>158</tp1:hr>
</tp1:TrackPointExtension>
</extensions>
</trkpt>
<trkpt lat="58.59290455" lon="15.04841784">
<ele>154.4</ele>
<time>2024-04-21T11:05:14Z</time>
<extensions>
<tp1:TrackPointExtension>
<tp1:hr>160</tp1:hr>
</tp1:TrackPointExtension>
</extensions>
</trkpt>
<trkpt lat="58.59290429" lon="15.04803672">
<ele>154.4</ele>
<time>2024-04-21T11:05:19Z</time>
<extensions>
<tp1:TrackPointExtension>
<tp1:hr>159</tp1:hr>
</tp1:TrackPointExtension>
</extensions>
</trkpt>
<trkpt lat="58.59291268" lon="15.04774871">
<ele>154.2</ele>
<time>2024-04-21T11:05:23Z</time>
<extensions>
<tp1:TrackPointExtension>
<tp1:hr>162</tp1:hr>
</tp1:TrackPointExtension>
</extensions>
</trkpt>
<trkpt lat="58.59291251" lon="15.04761578">
<ele>154.2</ele>
<time>2024-04-21T11:05:25Z</time>
<extensions>
<tp1:TrackPointExtension>
<tp1:hr>159</tp1:hr>
</tp1:TrackPointExtension>
</extensions>
</trkpt>
<trkpt lat="58.59291201" lon="15.04737086">
<ele>154.1</ele>
<time>2024-04-21T11:05:29Z</time>
<extensions>
<tp1:TrackPointExtension>
<tp1:hr>159</tp1:hr>
</tp1:TrackPointExtension>
</extensions>
</trkpt>
<trkpt lat="58.5928991" lon="15.047209">
<ele>154.1</ele>
<time>2024-04-21T11:05:32Z</time>
<extensions>
<tp1:TrackPointExtension>
<tp1:hr>159</tp1:hr>
</tp1:TrackPointExtension>
</extensions>
</trkpt>
<trkpt lat="58.59286842" lon="15.04702309">
<ele>154.1</ele>
<time>2024-04-21T11:05:35Z</time>
<extensions>
<tp1:TrackPointExtension>
<tp1:hr>162</tp1:hr>
</tp1:TrackPointExtension>
</extensions>
</trkpt>
<trkpt lat="58.59283414" lon="15.04691337">
<ele>154.1</ele>
<time>2024-04-21T11:05:37Z</time>
<extensions>
<tp1:TrackPointExtension>
<tp1:hr>162</tp1:hr>
</tp1:TrackPointExtension>
</extensions>
</trkpt>
<trkpt lat="58.59281771" lon="15.04680986">
<ele>154.1</ele>
<time>2024-04-21T11:05:39Z</time>
<extensions>
<tp1:TrackPointExtension>
<tp1:hr>162</tp1:hr>
</tp1:TrackPointExtension>
</extensions>
</trkpt>
<trkpt lat="58.59284805" lon="15.04671942">
<ele>154.1</ele>
<time>2024-04-21T11:05:41Z</time>
<extensions>
<tp1:TrackPointExtension>
<tp1:hr>163</tp1:hr>
</tp1:TrackPointExtension>
</extensions>
</trkpt>
<trkpt lat="58.5929794" lon="15.04651884">
<ele>154.1</ele>
<time>2024-04-21T11:05:46Z</time>
<extensions>
<tp1:TrackPointExtension>
<tp1:hr>164</tp1:hr>
</tp1:TrackPointExtension>
</extensions>
</trkpt>
<trkpt lat="58.59302483" lon="15.04648338">
<ele>154.1</ele>
<time>2024-04-21T11:05:48Z</time>
<extensions>
<tp1:TrackPointExtension>
<tp1:hr>158</tp1:hr>
</tp1:TrackPointExtension>
</extensions>
</trkpt>
<trkpt lat="58.59304511" lon="15.04647131">
<ele>154.1</ele>
<time>2024-04-21T11:05:49Z</time>
<extensions>
<tp1:TrackPointExtension>
<tp1:hr>158</tp1:hr>
</tp1:TrackPointExtension>
</extensions>
</trkpt>
<trkpt lat="58.59308057" lon="15.04643728">
<ele>154.1</ele>
<time>2024-04-21T11:05:51Z</time>
<extensions>
<tp1:TrackPointExtension>
<tp1:hr>158</tp1:hr>
</tp1:TrackPointExtension>
</extensions>
</trkpt>
<trkpt lat="58.59309163" lon="15.04640643">
<ele>154.1</ele>
<time>2024-04-21T11:05:52Z</time>
<extensions>
<tp1:TrackPointExtension>
<tp1:hr>158</tp1:hr>
</tp1:TrackPointExtension>
</extensions>
</trkpt>
<trkpt lat="58.59312491" lon="15.0462714">
<ele>154.1</ele>
<time>2024-04-21T11:05:55Z</time>
<extensions>
<tp1:TrackPointExtension>
<tp1:hr>157</tp1:hr>
</tp1:TrackPointExtension>
</extensions>
</trkpt>
<trkpt lat="58.59319121" lon="15.04594233">
<ele>154.1</ele>
<time>2024-04-21T11:06:02Z</time>
<extensions>
<tp1:TrackPointExtension>
<tp1:hr>155</tp1:hr>
</tp1:TrackPointExtension>
</extensions>
</trkpt>
<trkpt lat="58.59319003" lon="15.04591241">
<ele>154.1</ele>
<time>2024-04-21T11:06:04Z</time>
<extensions>
<tp1:TrackPointExtension>
<tp1:hr>154</tp1:hr>
</tp1:TrackPointExtension>
</extensions>
</trkpt>
<trkpt lat="58.59317268" lon="15.04578056">
<ele>154.1</ele>
<time>2024-04-21T11:06:07Z</time>
<extensions>
<tp1:TrackPointExtension>
<tp1:hr>156</tp1:hr>
</tp1:TrackPointExtension>
</extensions>
</trkpt>
<trkpt lat="58.59317444" lon="15.04572222">
<ele>154.1</ele>
<time>2024-04-21T11:06:08Z</time>
<extensions>
<tp1:TrackPointExtension>
<tp1:hr>156</tp1:hr>
</tp1:TrackPointExtension>
</extensions>
</trkpt>
<trkpt lat="58.59321258" lon="15.04536649">
<ele>153.9</ele>
<time>2024-04-21T11:06:14Z</time>
<extensions>
<tp1:TrackPointExtension>
<tp1:hr>161</tp1:hr>
</tp1:TrackPointExtension>
</extensions>
</trkpt>
<trkpt lat="58.5932353" lon="15.04524345">
<ele>154.1</ele>
<time>2024-04-21T11:06:17Z</time>
<extensions>
<tp1:TrackPointExtension>
<tp1:hr>164</tp1:hr>
</tp1:TrackPointExtension>
</extensions>
</trkpt>
<trkpt lat="58.5932472" lon="15.04511721">
<ele>154.1</ele>
<time>2024-04-21T11:06:20Z</time>
<extensions>
<tp1:TrackPointExtension>
<tp1:hr>165</tp1:hr>
</tp1:TrackPointExtension>
</extensions>
</trkpt>
<trkpt lat="58.59321744" lon="15.0449738">
<ele>154.1</ele>
<time>2024-04-21T11:06:23Z</time>
<extensions>
<tp1:TrackPointExtension>
<tp1:hr>166</tp1:hr>
</tp1:TrackPointExtension>
</extensions>
</trkpt>
<trkpt lat="58.59321593" lon="15.04491982">
<ele>154.1</ele>
<time>2024-04-21T11:06:24Z</time>
<extensions>
<tp1:TrackPointExtension>
<tp1:hr>166</tp1:hr>
</tp1:TrackPointExtension>
</extensions>
</trkpt>
<trkpt lat="58.59322867" lon="15.04470851">
<ele>154.1</ele>
<time>2024-04-21T11:06:29Z</time>
<extensions>
<tp1:TrackPointExtension>
<tp1:hr>169</tp1:hr>
</tp1:TrackPointExtension>
</extensions>
</trkpt>
<trkpt lat="58.59321116" lon="15.04463903">
<ele>154.1</ele>
<time>2024-04-21T11:06:31Z</time>
<extensions>
<tp1:TrackPointExtension>
<tp1:hr>171</tp1:hr>
</tp1:TrackPointExtension>
</extensions>
</trkpt>
<trkpt lat="58.59318098" lon="15.044563">
<ele>154.1</ele>
<time>2024-04-21T11:06:33Z</time>
<extensions>
<tp1:TrackPointExtension>
<tp1:hr>168</tp1:hr>
</tp1:TrackPointExtension>
</extensions>
</trkpt>
<trkpt lat="58.59316908" lon="15.04453937">
<ele>154.1</ele>
<time>2024-04-21T11:06:34Z</time>
<extensions>
<tp1:TrackPointExtension>
<tp1:hr>166</tp1:hr>
</tp1:TrackPointExtension>
</extensions>
</trkpt>
<trkpt lat="58.59312424" lon="15.04437701">
<ele>153.9</ele>
<time>2024-04-21T11:06:38Z</time>
<extensions>
<tp1:TrackPointExtension>
<tp1:hr>163</tp1:hr>
</tp1:TrackPointExtension>
</extensions>
</trkpt>
<trkpt lat="58.59310462" lon="15.04421767">
<ele>153.9</ele>
<time>2024-04-21T11:06:40Z</time>
<extensions>
<tp1:TrackPointExtension>
<tp1:hr>162</tp1:hr>
</tp1:TrackPointExtension>
</extensions>
</trkpt>
<trkpt lat="58.59301183" lon="15.04394534">
<ele>153.9</ele>
<time>2024-04-21T11:06:45Z</time>
<extensions>
<tp1:TrackPointExtension>
<tp1:hr>160</tp1:hr>
</tp1:TrackPointExtension>
</extensions>
</trkpt>
<trkpt lat="58.59293832" lon="15.04367486">
<ele>153.9</ele>
<time>2024-04-21T11:06:50Z</time>
<extensions>
<tp1:TrackPointExtension>
<tp1:hr>159</tp1:hr>
</tp1:TrackPointExtension>
</extensions>
</trkpt>
<trkpt lat="58.59288812" lon="15.04340923">
<ele>153.9</ele>
<time>2024-04-21T11:06:55Z</time>
<extensions>
<tp1:TrackPointExtension>
<tp1:hr>159</tp1:hr>
</tp1:TrackPointExtension>
</extensions>
</trkpt>
<trkpt lat="58.59286071" lon="15.04317119">
<ele>153.9</ele>
<time>2024-04-21T11:07:00Z</time>
<extensions>
<tp1:TrackPointExtension>
<tp1:hr>158</tp1:hr>
</tp1:TrackPointExtension>
</extensions>
</trkpt>
<trkpt lat="58.59287261" lon="15.04301176">
<ele>153.9</ele>
<time>2024-04-21T11:07:05Z</time>
<extensions>
<tp1:TrackPointExtension>
<tp1:hr>159</tp1:hr>
</tp1:TrackPointExtension>
</extensions>
</trkpt>
<trkpt lat="58.5928307" lon="15.04273407">
<ele>153.9</ele>
<time>2024-04-21T11:07:10Z</time>
<extensions>
<tp1:TrackPointExtension>
<tp1:hr>160</tp1:hr>
</tp1:TrackPointExtension>
</extensions>
</trkpt>
<trkpt lat="58.59278007" lon="15.04258906">
<ele>153.9</ele>
<time>2024-04-21T11:07:15Z</time>
<extensions>
<tp1:TrackPointExtension>
<tp1:hr>157</tp1:hr>
</tp1:TrackPointExtension>
</extensions>
</trkpt>
<trkpt lat="58.59273733" lon="15.04228874">
<ele>153.9</ele>
<time>2024-04-21T11:07:20Z</time>
<extensions>
<tp1:TrackPointExtension>
<tp1:hr>159</tp1:hr>
</tp1:TrackPointExtension>
</extensions>
</trkpt>
<trkpt lat="58.59269114" lon="15.04213879">
<ele>153.9</ele>
<time>2024-04-21T11:07:24Z</time>
<extensions>
<tp1:TrackPointExtension>
<tp1:hr>162</tp1:hr>
</tp1:TrackPointExtension>
</extensions>
</trkpt>
<trkpt lat="58.5926717" lon="15.04205698">
<ele>153.9</ele>
<time>2024-04-21T11:07:26Z</time>
<extensions>
<tp1:TrackPointExtension>
<tp1:hr>162</tp1:hr>
</tp1:TrackPointExtension>
</extensions>
</trkpt>
<trkpt lat="58.59265284" lon="15.04196369">
<ele>153.9</ele>
<time>2024-04-21T11:07:28Z</time>
<extensions>
<tp1:TrackPointExtension>
<tp1:hr>162</tp1:hr>
</tp1:TrackPointExtension>
</extensions>
</trkpt>
<trkpt lat="58.59263834" lon="15.04179421">
<ele>153.9</ele>
<time>2024-04-21T11:07:31Z</time>
<extensions>
<tp1:TrackPointExtension>
<tp1:hr>160</tp1:hr>
</tp1:TrackPointExtension>
</extensions>
</trkpt>
<trkpt lat="58.59260565" lon="15.04141644">
<ele>153.9</ele>
<time>2024-04-21T11:07:37Z</time>
<extensions>
<tp1:TrackPointExtension>
<tp1:hr>158</tp1:hr>
</tp1:TrackPointExtension>
</extensions>
</trkpt>
<trkpt lat="58.59260548" lon="15.0412239">
<ele>153.9</ele>
<time>2024-04-21T11:07:40Z</time>
<extensions>
<tp1:TrackPointExtension>
<tp1:hr>161</tp1:hr>
</tp1:TrackPointExtension>
</extensions>
</trkpt>
<trkpt lat="58.59259366" lon="15.04112324">
<ele>153.9</ele>
<time>2024-04-21T11:07:42Z</time>
<extensions>
<tp1:TrackPointExtension>
<tp1:hr>162</tp1:hr>
</tp1:TrackPointExtension>
</extensions>
</trkpt>
<trkpt lat="58.59254479" lon="15.04083817">
<ele>154.0</ele>
<time>2024-04-21T11:07:47Z</time>
<extensions>
<tp1:TrackPointExtension>
<tp1:hr>162</tp1:hr>
</tp1:TrackPointExtension>
</extensions>
</trkpt>
<trkpt lat="58.59254446" lon="15.04079266">
<ele>154.0</ele>
<time>2024-04-21T11:07:48Z</time>
<extensions>
<tp1:TrackPointExtension>
<tp1:hr>160</tp1:hr>
</tp1:TrackPointExtension>
</extensions>
</trkpt>
<trkpt lat="58.59256424" lon="15.0406458">
<ele>154.0</ele>
<time>2024-04-21T11:07:51Z</time>
<extensions>
<tp1:TrackPointExtension>
<tp1:hr>160</tp1:hr>
</tp1:TrackPointExtension>
</extensions>
</trkpt>
<trkpt lat="58.59257639" lon="15.04061253">
<ele>154.0</ele>
<time>2024-04-21T11:07:52Z</time>
<extensions>
<tp1:TrackPointExtension>
<tp1:hr>160</tp1:hr>
</tp1:TrackPointExtension>
</extensions>
</trkpt>
<trkpt lat="58.59260984" lon="15.04051446">
<ele>154.0</ele>
<time>2024-04-21T11:07:55Z</time>
<extensions>
<tp1:TrackPointExtension>
<tp1:hr>161</tp1:hr>
</tp1:TrackPointExtension>
</extensions>
</trkpt>
<trkpt lat="58.5927494" lon="15.04033023">
<ele>154.0</ele>
<time>2024-04-21T11:08:01Z</time>
<extensions>
<tp1:TrackPointExtension>
<tp1:hr>161</tp1:hr>
</tp1:TrackPointExtension>
</extensions>
</trkpt>
<trkpt lat="58.5928825" lon="15.04015077">
<ele>154.2</ele>
<time>2024-04-21T11:08:07Z</time>
<extensions>
<tp1:TrackPointExtension>
<tp1:hr>161</tp1:hr>
</tp1:TrackPointExtension>
</extensions>
</trkpt>
<trkpt lat="58.59293371" lon="15.03999839">
<ele>154.2</ele>
<time>2024-04-21T11:08:11Z</time>
<extensions>
<tp1:TrackPointExtension>
<tp1:hr>159</tp1:hr>
</tp1:TrackPointExtension>
</extensions>
</trkpt>
<trkpt lat="58.59296364" lon="15.03983636">
<ele>154.2</ele>
<time>2024-04-21T11:08:15Z</time>
<extensions>
<tp1:TrackPointExtension>
<tp1:hr>156</tp1:hr>
</tp1:TrackPointExtension>
</extensions>
</trkpt>
<trkpt lat="58.59297705" lon="15.03980409">
<ele>154.2</ele>
<time>2024-04-21T11:08:16Z</time>
<extensions>
<tp1:TrackPointExtension>
<tp1:hr>159</tp1:hr>
</tp1:TrackPointExtension>
</extensions>
</trkpt>
<trkpt lat="58.59299289" lon="15.0397735">
<ele>154.2</ele>
<time>2024-04-21T11:08:17Z</time>
<extensions>
<tp1:TrackPointExtension>
<tp1:hr>158</tp1:hr>
</tp1:TrackPointExtension>
</extensions>
</trkpt>
<trkpt lat="58.59307067" lon="15.03955264">
<ele>154.4</ele>
<time>2024-04-21T11:08:23Z</time>
<extensions>
<tp1:TrackPointExtension>
<tp1:hr>158</tp1:hr>
</tp1:TrackPointExtension>
</extensions>
</trkpt>
<trkpt lat="58.59314242" lon="15.03933789">
<ele>154.4</ele>
<time>2024-04-21T11:08:29Z</time>
<extensions>
<tp1:TrackPointExtension>
<tp1:hr>158</tp1:hr>
</tp1:TrackPointExtension>
</extensions>
</trkpt>
<trkpt lat="58.59316715" lon="15.03912709">
<ele>154.6</ele>
<time>2024-04-21T11:08:34Z</time>
<extensions>
<tp1:TrackPointExtension>
<tp1:hr>160</tp1:hr>
</tp1:TrackPointExtension>
</extensions>
</trkpt>
<trkpt lat="58.59319154" lon="15.03886088">
<ele>154.8</ele>
<time>2024-04-21T11:08:40Z</time>
<extensions>
<tp1:TrackPointExtension>
<tp1:hr>161</tp1:hr>
</tp1:TrackPointExtension>
</extensions>
</trkpt>
<trkpt lat="58.59318752" lon="15.03874823">
<ele>155.0</ele>
<time>2024-04-21T11:08:42Z</time>
<extensions>
<tp1:TrackPointExtension>
<tp1:hr>158</tp1:hr>
</tp1:TrackPointExtension>
</extensions>
</trkpt>
<trkpt lat="58.59322733" lon="15.03862669">
<ele>155.0</ele>
<time>2024-04-21T11:08:44Z</time>
<extensions>
<tp1:TrackPointExtension>
<tp1:hr>160</tp1:hr>
</tp1:TrackPointExtension>
</extensions>
</trkpt>
<trkpt lat="58.59328508" lon="15.03832494">
<ele>155.4</ele>
<time>2024-04-21T11:08:49Z</time>
<extensions>
<tp1:TrackPointExtension>
<tp1:hr>159</tp1:hr>
</tp1:TrackPointExtension>
</extensions>
</trkpt>
<trkpt lat="58.59330495" lon="15.03819636">
<ele>155.4</ele>
<time>2024-04-21T11:08:51Z</time>
<extensions>
<tp1:TrackPointExtension>
<tp1:hr>159</tp1:hr>
</tp1:TrackPointExtension>
</extensions>
</trkpt>
<trkpt lat="58.59335206" lon="15.03798732">
<ele>155.6</ele>
<time>2024-04-21T11:08:55Z</time>
<extensions>
<tp1:TrackPointExtension>
<tp1:hr>159</tp1:hr>
</tp1:TrackPointExtension>
</extensions>
</trkpt>
<trkpt lat="58.59342732" lon="15.03767367">
<ele>155.8</ele>
<time>2024-04-21T11:09:01Z</time>
<extensions>
<tp1:TrackPointExtension>
<tp1:hr>161</tp1:hr>
</tp1:TrackPointExtension>
</extensions>
</trkpt>
<trkpt lat="58.59351307" lon="15.03752262">
<ele>155.8</ele>
<time>2024-04-21T11:09:06Z</time>
<extensions>
<tp1:TrackPointExtension>
<tp1:hr>160</tp1:hr>
</tp1:TrackPointExtension>
</extensions>
</trkpt>
<trkpt lat="58.59353947" lon="15.03730235">
<ele>156.0</ele>
<time>2024-04-21T11:09:11Z</time>
<extensions>
<tp1:TrackPointExtension>
<tp1:hr>159</tp1:hr>
</tp1:TrackPointExtension>
</extensions>
</trkpt>
<trkpt lat="58.59354727" lon="15.03709984">
<ele>156.2</ele>
<time>2024-04-21T11:09:15Z</time>
<extensions>
<tp1:TrackPointExtension>
<tp1:hr>159</tp1:hr>
</tp1:TrackPointExtension>
</extensions>
</trkpt>
<trkpt lat="58.59354744" lon="15.03703941">
<ele>156.2</ele>
<time>2024-04-21T11:09:16Z</time>
<extensions>
<tp1:TrackPointExtension>
<tp1:hr>158</tp1:hr>
</tp1:TrackPointExtension>
</extensions>
</trkpt>
<trkpt lat="58.59358666" lon="15.03684713">
<ele>156.4</ele>
<time>2024-04-21T11:09:21Z</time>
<extensions>
<tp1:TrackPointExtension>
<tp1:hr>159</tp1:hr>
</tp1:TrackPointExtension>
</extensions>
</trkpt>
<trkpt lat="58.59359412" lon="15.03682198">
<ele>156.4</ele>
<time>2024-04-21T11:09:22Z</time>
<extensions>
<tp1:TrackPointExtension>
<tp1:hr>159</tp1:hr>
</tp1:TrackPointExtension>
</extensions>
</trkpt>
<trkpt lat="58.59364257" lon="15.03674864">
<ele>156.6</ele>
<time>2024-04-21T11:09:25Z</time>
<extensions>
<tp1:TrackPointExtension>
<tp1:hr>158</tp1:hr>
</tp1:TrackPointExtension>
</extensions>
</trkpt>
<trkpt lat="58.59366478" lon="15.0366551">
<ele>156.8</ele>
<time>2024-04-21T11:09:28Z</time>
<extensions>
<tp1:TrackPointExtension>
<tp1:hr>158</tp1:hr>
</tp1:TrackPointExtension>
</extensions>
</trkpt>
<trkpt lat="58.5936559" lon="15.03663548">
<ele>156.8</ele>
<time>2024-04-21T11:09:29Z</time>
<extensions>
<tp1:TrackPointExtension>
<tp1:hr>159</tp1:hr>
</tp1:TrackPointExtension>
</extensions>
</trkpt>
<trkpt lat="58.593645" lon="15.03661939">
<ele>156.8</ele>
<time>2024-04-21T11:09:30Z</time>
<extensions>
<tp1:TrackPointExtension>
<tp1:hr>159</tp1:hr>
</tp1:TrackPointExtension>
</extensions>
</trkpt>
<trkpt lat="58.59358138" lon="15.03652937">
<ele>157.0</ele>
<time>2024-04-21T11:09:34Z</time>
<extensions>
<tp1:TrackPointExtension>
<tp1:hr>159</tp1:hr>
</tp1:TrackPointExtension>
</extensions>
</trkpt>
<trkpt lat="58.59349111" lon="15.03649886">
<ele>157.4</ele>
<time>2024-04-21T11:09:39Z</time>
<extensions>
<tp1:TrackPointExtension>
<tp1:hr>161</tp1:hr>
</tp1:TrackPointExtension>
</extensions>
</trkpt>
<trkpt lat="58.59342858" lon="15.03647799">
<ele>157.6</ele>
<time>2024-04-21T11:09:42Z</time>
<extensions>
<tp1:TrackPointExtension>
<tp1:hr>160</tp1:hr>
</tp1:TrackPointExtension>
</extensions>
</trkpt>
<trkpt lat="58.59335692" lon="15.03651696">
<ele>157.6</ele>
<time>2024-04-21T11:09:45Z</time>
<extensions>
<tp1:TrackPointExtension>
<tp1:hr>158</tp1:hr>
</tp1:TrackPointExtension>
</extensions>
</trkpt>
<trkpt lat="58.59326019" lon="15.03655594">
<ele>158.0</ele>
<time>2024-04-21T11:09:49Z</time>
<extensions>
<tp1:TrackPointExtension>
<tp1:hr>161</tp1:hr>
</tp1:TrackPointExtension>
</extensions>
</trkpt>
<trkpt lat="58.59323932" lon="15.03658243">
<ele>158.0</ele>
<time>2024-04-21T11:09:50Z</time>
<extensions>
<tp1:TrackPointExtension>
<tp1:hr>161</tp1:hr>
</tp1:TrackPointExtension>
</extensions>
</trkpt>
<trkpt lat="58.59321568" lon="15.0366147">
<ele>158.0</ele>
<time>2024-04-21T11:09:51Z</time>
<extensions>
<tp1:TrackPointExtension>
<tp1:hr>161</tp1:hr>
</tp1:TrackPointExtension>
</extensions>
</trkpt>
<trkpt lat="58.59316757" lon="15.03666474">
<ele>158.2</ele>
<time>2024-04-21T11:09:53Z</time>
<extensions>
<tp1:TrackPointExtension>
<tp1:hr>162</tp1:hr>
</tp1:TrackPointExtension>
</extensions>
</trkpt>
<trkpt lat="58.59307378" lon="15.03669726">
<ele>158.2</ele>
<time>2024-04-21T11:09:56Z</time>
<extensions>
<tp1:TrackPointExtension>
<tp1:hr>163</tp1:hr>
</tp1:TrackPointExtension>
</extensions>
</trkpt>
<trkpt lat="58.59287093" lon="15.03672165">
<ele>158.3</ele>
<time>2024-04-21T11:10:02Z</time>
<extensions>
<tp1:TrackPointExtension>
<tp1:hr>164</tp1:hr>
</tp1:TrackPointExtension>
</extensions>
</trkpt>
<trkpt lat="58.59276197" lon="15.03676984">
<ele>158.5</ele>
<time>2024-04-21T11:10:05Z</time>
<extensions>
<tp1:TrackPointExtension>
<tp1:hr>161</tp1:hr>
</tp1:TrackPointExtension>
</extensions>
</trkpt>
<trkpt lat="58.5926774" lon="15.03678493">
<ele>158.5</ele>
<time>2024-04-21T11:10:08Z</time>
<extensions>
<tp1:TrackPointExtension>
<tp1:hr>163</tp1:hr>
</tp1:TrackPointExtension>
</extensions>
</trkpt>
<trkpt lat="58.59253474" lon="15.03683958">
<ele>158.9</ele>
<time>2024-04-21T11:10:14Z</time>
<extensions>
<tp1:TrackPointExtension>
<tp1:hr>163</tp1:hr>
</tp1:TrackPointExtension>
</extensions>
</trkpt>
<trkpt lat="58.59242518" lon="15.03689918">
<ele>159.1</ele>
<time>2024-04-21T11:10:19Z</time>
<extensions>
<tp1:TrackPointExtension>
<tp1:hr>162</tp1:hr>
</tp1:TrackPointExtension>
</extensions>
</trkpt>
<trkpt lat="58.59230448" lon="15.03707972">
<ele>159.3</ele>
<time>2024-04-21T11:10:25Z</time>
<extensions>
<tp1:TrackPointExtension>
<tp1:hr>162</tp1:hr>
</tp1:TrackPointExtension>
</extensions>
</trkpt>
<trkpt lat="58.59220692" lon="15.03711669">
<ele>159.3</ele>
<time>2024-04-21T11:10:29Z</time>
<extensions>
<tp1:TrackPointExtension>
<tp1:hr>162</tp1:hr>
</tp1:TrackPointExtension>
</extensions>
</trkpt>
<trkpt lat="58.59218161" lon="15.0371182">
<ele>159.3</ele>
<time>2024-04-21T11:10:31Z</time>
<extensions>
<tp1:TrackPointExtension>
<tp1:hr>162</tp1:hr>
</tp1:TrackPointExtension>
</extensions>
</trkpt>
<trkpt lat="58.59215244" lon="15.03712591">
<ele>159.3</ele>
<time>2024-04-21T11:10:33Z</time>
<extensions>
<tp1:TrackPointExtension>
<tp1:hr>162</tp1:hr>
</tp1:TrackPointExtension>
</extensions>
</trkpt>
<trkpt lat="58.59211723" lon="15.03710747">
<ele>159.3</ele>
<time>2024-04-21T11:10:35Z</time>
<extensions>
<tp1:TrackPointExtension>
<tp1:hr>161</tp1:hr>
</tp1:TrackPointExtension>
</extensions>
</trkpt>
<trkpt lat="58.59204071" lon="15.03703941">
<ele>159.3</ele>
<time>2024-04-21T11:10:38Z</time>
<extensions>
<tp1:TrackPointExtension>
<tp1:hr>160</tp1:hr>
</tp1:TrackPointExtension>
</extensions>
</trkpt>
<trkpt lat="58.59200106" lon="15.03703815">
<ele>159.1</ele>
<time>2024-04-21T11:10:39Z</time>
<extensions>
<tp1:TrackPointExtension>
<tp1:hr>158</tp1:hr>
</tp1:TrackPointExtension>
</extensions>
</trkpt>
<trkpt lat="58.59191825" lon="15.03703798">
<ele>159.1</ele>
<time>2024-04-21T11:10:42Z</time>
<extensions>
<tp1:TrackPointExtension>
<tp1:hr>159</tp1:hr>
</tp1:TrackPointExtension>
</extensions>
</trkpt>
<trkpt lat="58.59176503" lon="15.03698618">
<ele>159.1</ele>
<time>2024-04-21T11:10:49Z</time>
<extensions>
<tp1:TrackPointExtension>
<tp1:hr>160</tp1:hr>
</tp1:TrackPointExtension>
</extensions>
</trkpt>
<trkpt lat="58.59173493" lon="15.03695324">
<ele>159.3</ele>
<time>2024-04-21T11:10:51Z</time>
<extensions>
<tp1:TrackPointExtension>
<tp1:hr>160</tp1:hr>
</tp1:TrackPointExtension>
</extensions>
</trkpt>
<trkpt lat="58.59170711" lon="15.03690412">
<ele>159.3</ele>
<time>2024-04-21T11:10:53Z</time>
<extensions>
<tp1:TrackPointExtension>
<tp1:hr>159</tp1:hr>
</tp1:TrackPointExtension>
</extensions>
</trkpt>
<trkpt lat="58.59168238" lon="15.03688568">
<ele>159.3</ele>
<time>2024-04-21T11:10:54Z</time>
<extensions>
<tp1:TrackPointExtension>
<tp1:hr>159</tp1:hr>
</tp1:TrackPointExtension>
</extensions>
</trkpt>
<trkpt lat="58.59157844" lon="15.03684872">
<ele>159.3</ele>
<time>2024-04-21T11:10:58Z</time>
<extensions>
<tp1:TrackPointExtension>
<tp1:hr>161</tp1:hr>
</tp1:TrackPointExtension>
</extensions>
</trkpt>
<trkpt lat="58.59146571" lon="15.03684972">
<ele>159.5</ele>
<time>2024-04-21T11:11:02Z</time>
<extensions>
<tp1:TrackPointExtension>
<tp1:hr>160</tp1:hr>
</tp1:TrackPointExtension>
</extensions>
</trkpt>
<trkpt lat="58.59139002" lon="15.0368162">
<ele>159.5</ele>
<time>2024-04-21T11:11:05Z</time>
<extensions>
<tp1:TrackPointExtension>
<tp1:hr>159</tp1:hr>
</tp1:TrackPointExtension>
</extensions>
</trkpt>
<trkpt lat="58.591272" lon="15.03677445">
<ele>159.5</ele>
<time>2024-04-21T11:11:09Z</time>
<extensions>
<tp1:TrackPointExtension>
<tp1:hr>162</tp1:hr>
</tp1:TrackPointExtension>
</extensions>
</trkpt>
<trkpt lat="58.59123915" lon="15.03676708">
<ele>159.5</ele>
<time>2024-04-21T11:11:10Z</time>
<extensions>
<tp1:TrackPointExtension>
<tp1:hr>165</tp1:hr>
</tp1:TrackPointExtension>
</extensions>
</trkpt>
<trkpt lat="58.59121249" lon="15.0367307">
<ele>159.7</ele>
<time>2024-04-21T11:11:11Z</time>
<extensions>
<tp1:TrackPointExtension>
<tp1:hr>164</tp1:hr>
</tp1:TrackPointExtension>
</extensions>
</trkpt>
<trkpt lat="58.59105592" lon="15.03663917">
<ele>159.7</ele>
<time>2024-04-21T11:11:16Z</time>
<extensions>
<tp1:TrackPointExtension>
<tp1:hr>163</tp1:hr>
</tp1:TrackPointExtension>
</extensions>
</trkpt>
<trkpt lat="58.59100571" lon="15.03663557">
<ele>159.7</ele>
<time>2024-04-21T11:11:18Z</time>
<extensions>
<tp1:TrackPointExtension>
<tp1:hr>164</tp1:hr>
</tp1:TrackPointExtension>
</extensions>
</trkpt>
<trkpt lat="58.59093404" lon="15.03668343">
<ele>159.7</ele>
<time>2024-04-21T11:11:21Z</time>
<extensions>
<tp1:TrackPointExtension>
<tp1:hr>163</tp1:hr>
</tp1:TrackPointExtension>
</extensions>
</trkpt>
<trkpt lat="58.5907602" lon="15.03679264">
<ele>159.5</ele>
<time>2024-04-21T11:11:26Z</time>
<extensions>
<tp1:TrackPointExtension>
<tp1:hr>162</tp1:hr>
</tp1:TrackPointExtension>
</extensions>
</trkpt>
<trkpt lat="58.59058594" lon="15.03693136">
<ele>159.5</ele>
<time>2024-04-21T11:11:32Z</time>
<extensions>
<tp1:TrackPointExtension>
<tp1:hr>162</tp1:hr>
</tp1:TrackPointExtension>
</extensions>
</trkpt>
<trkpt lat="58.59048008" lon="15.03699381">
<ele>159.5</ele>
<time>2024-04-21T11:11:36Z</time>
<extensions>
<tp1:TrackPointExtension>
<tp1:hr>165</tp1:hr>
</tp1:TrackPointExtension>
</extensions>
</trkpt>
<trkpt lat="58.59044689" lon="15.0370037">
<ele>159.5</ele>
<time>2024-04-21T11:11:37Z</time>
<extensions>
<tp1:TrackPointExtension>
<tp1:hr>166</tp1:hr>
</tp1:TrackPointExtension>
</extensions>
</trkpt>
<trkpt lat="58.59026726" lon="15.03705575">
<ele>159.3</ele>
<time>2024-04-21T11:11:42Z</time>
<extensions>
<tp1:TrackPointExtension>
<tp1:hr>166</tp1:hr>
</tp1:TrackPointExtension>
</extensions>
</trkpt>
<trkpt lat="58.59023063" lon="15.03708224">
<ele>159.3</ele>
<time>2024-04-21T11:11:43Z</time>
<extensions>
<tp1:TrackPointExtension>
<tp1:hr>166</tp1:hr>
</tp1:TrackPointExtension>
</extensions>
</trkpt>
<trkpt lat="58.59005084" lon="15.03719967">
<ele>159.1</ele>
<time>2024-04-21T11:11:49Z</time>
<extensions>
<tp1:TrackPointExtension>
<tp1:hr>167</tp1:hr>
</tp1:TrackPointExtension>
</extensions>
</trkpt>
<trkpt lat="58.58990399" lon="15.03727678">
<ele>158.9</ele>
<time>2024-04-21T11:11:53Z</time>
<extensions>
<tp1:TrackPointExtension>
<tp1:hr>164</tp1:hr>
</tp1:TrackPointExtension>
</extensions>
</trkpt>
<trkpt lat="58.58986887" lon="15.03730453">
<ele>158.7</ele>
<time>2024-04-21T11:11:54Z</time>
<extensions>
<tp1:TrackPointExtension>
<tp1:hr>162</tp1:hr>
</tp1:TrackPointExtension>
</extensions>
</trkpt>
<trkpt lat="58.58976695" lon="15.03737351">
<ele>158.5</ele>
<time>2024-04-21T11:11:57Z</time>
<extensions>
<tp1:TrackPointExtension>
<tp1:hr>159</tp1:hr>
</tp1:TrackPointExtension>
</extensions>
</trkpt>
<trkpt lat="58.58974381" lon="15.03741072">
<ele>158.5</ele>
<time>2024-04-21T11:11:58Z</time>
<extensions>
<tp1:TrackPointExtension>
<tp1:hr>161</tp1:hr>
</tp1:TrackPointExtension>
</extensions>
</trkpt>
<trkpt lat="58.58972537" lon="15.03744484">
<ele>158.5</ele>
<time>2024-04-21T11:11:59Z</time>
<extensions>
<tp1:TrackPointExtension>
<tp1:hr>160</tp1:hr>
</tp1:TrackPointExtension>
</extensions>
</trkpt>
<trkpt lat="58.58970677" lon="15.03747795">
<ele>158.3</ele>
<time>2024-04-21T11:12:00Z</time>
<extensions>
<tp1:TrackPointExtension>
<tp1:hr>159</tp1:hr>
</tp1:TrackPointExtension>
</extensions>
</trkpt>
<trkpt lat="58.58960551" lon="15.0376429">
<ele>158.1</ele>
<time>2024-04-21T11:12:05Z</time>
<extensions>
<tp1:TrackPointExtension>
<tp1:hr>163</tp1:hr>
</tp1:TrackPointExtension>
</extensions>
</trkpt>
<trkpt lat="58.58958037" lon="15.03766461">
<ele>158.1</ele>
<time>2024-04-21T11:12:06Z</time>
<extensions>
<tp1:TrackPointExtension>
<tp1:hr>164</tp1:hr>
</tp1:TrackPointExtension>
</extensions>
</trkpt>
<trkpt lat="58.58954801" lon="15.03767643">
<ele>157.9</ele>
<time>2024-04-21T11:12:07Z</time>
<extensions>
<tp1:TrackPointExtension>
<tp1:hr>168</tp1:hr>
</tp1:TrackPointExtension>
</extensions>
</trkpt>
<trkpt lat="58.58952153" lon="15.03769085">
<ele>157.9</ele>
<time>2024-04-21T11:12:08Z</time>
<extensions>
<tp1:TrackPointExtension>
<tp1:hr>171</tp1:hr>
</tp1:TrackPointExtension>
</extensions>
</trkpt>
<trkpt lat="58.58948515" lon="15.03772832">
<ele>157.7</ele>
<time>2024-04-21T11:12:10Z</time>
<extensions>
<tp1:TrackPointExtension>
<tp1:hr>174</tp1:hr>
</tp1:TrackPointExtension>
</extensions>
</trkpt>
<trkpt lat="58.58946185" lon="15.0377574">
<ele>157.7</ele>
<time>2024-04-21T11:12:11Z</time>
<extensions>
<tp1:TrackPointExtension>
<tp1:hr>175</tp1:hr>
</tp1:TrackPointExtension>
</extensions>
</trkpt>
<trkpt lat="58.5893989" lon="15.03782169">
<ele>157.4</ele>
<time>2024-04-21T11:12:14Z</time>
<extensions>
<tp1:TrackPointExtension>
<tp1:hr>175</tp1:hr>
</tp1:TrackPointExtension>
</extensions>
</trkpt>
<trkpt lat="58.58934626" lon="15.03781859">
<ele>157.4</ele>
<time>2024-04-21T11:12:16Z</time>
<extensions>
<tp1:TrackPointExtension>
<tp1:hr>175</tp1:hr>
</tp1:TrackPointExtension>
</extensions>
</trkpt>
<trkpt lat="58.58924844" lon="15.03776696">
<ele>157.2</ele>
<time>2024-04-21T11:12:19Z</time>
<extensions>
<tp1:TrackPointExtension>
<tp1:hr>172</tp1:hr>
</tp1:TrackPointExtension>
</extensions>
</trkpt>
<trkpt lat="58.58918834" lon="15.03773259">
<ele>157.2</ele>
<time>2024-04-21T11:12:21Z</time>
<extensions>
<tp1:TrackPointExtension>
<tp1:hr>172</tp1:hr>
</tp1:TrackPointExtension>
</extensions>
</trkpt>
<trkpt lat="58.58904845" lon="15.03766646">
<ele>157.0</ele>
<time>2024-04-21T11:12:26Z</time>
<extensions>
<tp1:TrackPointExtension>
<tp1:hr>174</tp1:hr>
</tp1:TrackPointExtension>
</extensions>
</trkpt>
<trkpt lat="58.58898215" lon="15.03768699">
<ele>157.0</ele>
<time>2024-04-21T11:12:28Z</time>
<extensions>
<tp1:TrackPointExtension>
<tp1:hr>171</tp1:hr>
</tp1:TrackPointExtension>
</extensions>
</trkpt>
<trkpt lat="58.58884251" lon="15.0377113">
<ele>156.8</ele>
<time>2024-04-21T11:12:31Z</time>
<extensions>
<tp1:TrackPointExtension>
<tp1:hr>171</tp1:hr>
</tp1:TrackPointExtension>
</extensions>
</trkpt>
<trkpt lat="58.58865048" lon="15.03759395">
<ele>156.8</ele>
<time>2024-04-21T11:12:36Z</time>
<extensions>
<tp1:TrackPointExtension>
<tp1:hr>173</tp1:hr>
</tp1:TrackPointExtension>
</extensions>
</trkpt>
<trkpt lat="58.58857881" lon="15.03735758">
<ele>156.6</ele>
<time>2024-04-21T11:12:40Z</time>
<extensions>
<tp1:TrackPointExtension>
<tp1:hr>172</tp1:hr>
</tp1:TrackPointExtension>
</extensions>
</trkpt>
<trkpt lat="58.58845962" lon="15.03712205">
<ele>156.4</ele>
<time>2024-04-21T11:12:46Z</time>
<extensions>
<tp1:TrackPointExtension>
<tp1:hr>172</tp1:hr>
</tp1:TrackPointExtension>
</extensions>
</trkpt>
<trkpt lat="58.58837974" lon="15.03695207">
<ele>156.2</ele>
<time>2024-04-21T11:12:49Z</time>
<extensions>
<tp1:TrackPointExtension>
<tp1:hr>173</tp1:hr>
</tp1:TrackPointExtension>
</extensions>
</trkpt>
<trkpt lat="58.58834026" lon="15.03685215">
<ele>156.0</ele>
<time>2024-04-21T11:12:51Z</time>
<extensions>
<tp1:TrackPointExtension>
<tp1:hr>174</tp1:hr>
</tp1:TrackPointExtension>
</extensions>
</trkpt>
<trkpt lat="58.58825737" lon="15.03652417">
<ele>155.6</ele>
<time>2024-04-21T11:12:57Z</time>
<extensions>
<tp1:TrackPointExtension>
<tp1:hr>173</tp1:hr>
</tp1:TrackPointExtension>
</extensions>
</trkpt>
<trkpt lat="58.58814362" lon="15.03649039">
<ele>155.2</ele>
<time>2024-04-21T11:13:01Z</time>
<extensions>
<tp1:TrackPointExtension>
<tp1:hr>172</tp1:hr>
</tp1:TrackPointExtension>
</extensions>
</trkpt>
<trkpt lat="58.5879847" lon="15.03640699">
<ele>154.8</ele>
<time>2024-04-21T11:13:06Z</time>
<extensions>
<tp1:TrackPointExtension>
<tp1:hr>174</tp1:hr>
</tp1:TrackPointExtension>
</extensions>
</trkpt>
<trkpt lat="58.58795051" lon="15.03631965">
<ele>154.4</ele>
<time>2024-04-21T11:13:08Z</time>
<extensions>
<tp1:TrackPointExtension>
<tp1:hr>174</tp1:hr>
</tp1:TrackPointExtension>
</extensions>
</trkpt>
<trkpt lat="58.58794715" lon="15.03614355">
<ele>154.2</ele>
<time>2024-04-21T11:13:10Z</time>
<extensions>
<tp1:TrackPointExtension>
<tp1:hr>174</tp1:hr>
</tp1:TrackPointExtension>
</extensions>
</trkpt>
<trkpt lat="58.58795017" lon="15.03605453">
<ele>154.2</ele>
<time>2024-04-21T11:13:11Z</time>
<extensions>
<tp1:TrackPointExtension>
<tp1:hr>173</tp1:hr>
</tp1:TrackPointExtension>
</extensions>
</trkpt>
<trkpt lat="58.58798604" lon="15.03571004">
<ele>153.8</ele>
<time>2024-04-21T11:13:15Z</time>
<extensions>
<tp1:TrackPointExtension>
<tp1:hr>172</tp1:hr>
</tp1:TrackPointExtension>
</extensions>
</trkpt>
<trkpt lat="58.58800507" lon="15.03535096">
<ele>153.2</ele>
<time>2024-04-21T11:13:19Z</time>
<extensions>
<tp1:TrackPointExtension>
<tp1:hr>172</tp1:hr>
</tp1:TrackPointExtension>
</extensions>
</trkpt>
<trkpt lat="58.58799895" lon="15.03525834">
<ele>153.2</ele>
<time>2024-04-21T11:13:20Z</time>
<extensions>
<tp1:TrackPointExtension>
<tp1:hr>172</tp1:hr>
</tp1:TrackPointExtension>
</extensions>
</trkpt>
<trkpt lat="58.58799728" lon="15.03515733">
<ele>153.0</ele>
<time>2024-04-21T11:13:21Z</time>
<extensions>
<tp1:TrackPointExtension>
<tp1:hr>172</tp1:hr>
</tp1:TrackPointExtension>
</extensions>
</trkpt>
<trkpt lat="58.58799912" lon="15.03478132">
<ele>152.6</ele>
<time>2024-04-21T11:13:25Z</time>
<extensions>
<tp1:TrackPointExtension>
<tp1:hr>171</tp1:hr>
</tp1:TrackPointExtension>
</extensions>
</trkpt>
<trkpt lat="58.58807238" lon="15.03445066">
<ele>152.2</ele>
<time>2024-04-21T11:13:29Z</time>
<extensions>
<tp1:TrackPointExtension>
<tp1:hr>172</tp1:hr>
</tp1:TrackPointExtension>
</extensions>
</trkpt>
<trkpt lat="58.58814161" lon="15.03421705">
<ele>152.0</ele>
<time>2024-04-21T11:13:32Z</time>
<extensions>
<tp1:TrackPointExtension>
<tp1:hr>172</tp1:hr>
</tp1:TrackPointExtension>
</extensions>
</trkpt>
<trkpt lat="58.58815276" lon="15.03412561">
<ele>152.0</ele>
<time>2024-04-21T11:13:33Z</time>
<extensions>
<tp1:TrackPointExtension>
<tp1:hr>172</tp1:hr>
</tp1:TrackPointExtension>
</extensions>
</trkpt>
<trkpt lat="58.58818252" lon="15.03392545">
<ele>151.6</ele>
<time>2024-04-21T11:13:36Z</time>
<extensions>
<tp1:TrackPointExtension>
<tp1:hr>172</tp1:hr>
</tp1:TrackPointExtension>
</extensions>
</trkpt>
</trkseg>
</trk>
</gpx>

