<?xml version="1.0" encoding="UTF-8" ?>
<gpx xmlns="http://www.topografix.com/GPX/1/1" version="1.1" creator="Attackpoint - http://www.attackpoint.org" xmlns:xsi="http://www.w3.org/2001/XMLSchema-instance" xmlns:tp1="http://www.garmin.com/xmlschemas/TrackPointExtension/v1" xsi:schemaLocation="http://www.topografix.com/GPX/1/1 http://www.topografix.com/GPX/1/1/gpx.xsd http://www.garmin.com/xmlschemas/TrackPointExtension/v1 http://www.garmin.com/xmlschemas/TrackPointExtensionv1.xsd">
<trk>
<trkseg>
<trkpt lat="58.71665999" lon="15.8011715">
<ele>49.0</ele>
<time>2025-05-03T23:03:15Z</time>
<extensions>
<tp1:TrackPointExtension>
<tp1:hr>97</tp1:hr>
</tp1:TrackPointExtension>
</extensions>
</trkpt>
<trkpt lat="58.7166615" lon="15.80116991">
<ele>49.4</ele>
<time>2025-05-03T23:03:18Z</time>
<extensions>
<tp1:TrackPointExtension>
<tp1:hr>94</tp1:hr>
</tp1:TrackPointExtension>
</extensions>
</trkpt>
<trkpt lat="58.71666033" lon="15.80112758">
<ele>49.6</ele>
<time>2025-05-03T23:03:20Z</time>
<extensions>
<tp1:TrackPointExtension>
<tp1:hr>95</tp1:hr>
</tp1:TrackPointExtension>
</extensions>
</trkpt>
<trkpt lat="58.71664784" lon="15.80097796">
<ele>49.4</ele>
<time>2025-05-03T23:03:23Z</time>
<extensions>
<tp1:TrackPointExtension>
<tp1:hr>98</tp1:hr>
</tp1:TrackPointExtension>
</extensions>
</trkpt>
<trkpt lat="58.71664122" lon="15.80081779">
<ele>49.4</ele>
<time>2025-05-03T23:03:25Z</time>
<extensions>
<tp1:TrackPointExtension>
<tp1:hr>98</tp1:hr>
</tp1:TrackPointExtension>
</extensions>
</trkpt>
<trkpt lat="58.71668346" lon="15.80070077">
<ele>49.4</ele>
<time>2025-05-03T23:03:27Z</time>
<extensions>
<tp1:TrackPointExtension>
<tp1:hr>99</tp1:hr>
</tp1:TrackPointExtension>
</extensions>
</trkpt>
<trkpt lat="58.71672353" lon="15.80065903">
<ele>49.4</ele>
<time>2025-05-03T23:03:28Z</time>
<extensions>
<tp1:TrackPointExtension>
<tp1:hr>99</tp1:hr>
</tp1:TrackPointExtension>
</extensions>
</trkpt>
<trkpt lat="58.71681531" lon="15.80058661">
<ele>49.4</ele>
<time>2025-05-03T23:03:29Z</time>
<extensions>
<tp1:TrackPointExtension>
<tp1:hr>99</tp1:hr>
</tp1:TrackPointExtension>
</extensions>
</trkpt>
<trkpt lat="58.71694925" lon="15.80048083">
<ele>49.3</ele>
<time>2025-05-03T23:03:33Z</time>
<extensions>
<tp1:TrackPointExtension>
<tp1:hr>97</tp1:hr>
</tp1:TrackPointExtension>
</extensions>
</trkpt>
<trkpt lat="58.71698664" lon="15.80043985">
<ele>49.1</ele>
<time>2025-05-03T23:03:34Z</time>
<extensions>
<tp1:TrackPointExtension>
<tp1:hr>98</tp1:hr>
</tp1:TrackPointExtension>
</extensions>
</trkpt>
<trkpt lat="58.71702008" lon="15.80040204">
<ele>49.1</ele>
<time>2025-05-03T23:03:35Z</time>
<extensions>
<tp1:TrackPointExtension>
<tp1:hr>98</tp1:hr>
</tp1:TrackPointExtension>
</extensions>
</trkpt>
<trkpt lat="58.71713701" lon="15.80025016">
<ele>49.7</ele>
<time>2025-05-03T23:03:39Z</time>
<extensions>
<tp1:TrackPointExtension>
<tp1:hr>97</tp1:hr>
</tp1:TrackPointExtension>
</extensions>
</trkpt>
<trkpt lat="58.71716802" lon="15.80020951">
<ele>50.1</ele>
<time>2025-05-03T23:03:40Z</time>
<extensions>
<tp1:TrackPointExtension>
<tp1:hr>97</tp1:hr>
</tp1:TrackPointExtension>
</extensions>
</trkpt>
<trkpt lat="58.7173028" lon="15.80005428">
<ele>50.7</ele>
<time>2025-05-03T23:03:44Z</time>
<extensions>
<tp1:TrackPointExtension>
<tp1:hr>101</tp1:hr>
</tp1:TrackPointExtension>
</extensions>
</trkpt>
<trkpt lat="58.71736441" lon="15.79994137">
<ele>50.7</ele>
<time>2025-05-03T23:03:46Z</time>
<extensions>
<tp1:TrackPointExtension>
<tp1:hr>105</tp1:hr>
</tp1:TrackPointExtension>
</extensions>
</trkpt>
<trkpt lat="58.71740137" lon="15.79981154">
<ele>50.9</ele>
<time>2025-05-03T23:03:48Z</time>
<extensions>
<tp1:TrackPointExtension>
<tp1:hr>109</tp1:hr>
</tp1:TrackPointExtension>
</extensions>
</trkpt>
<trkpt lat="58.71743113" lon="15.79969176">
<ele>50.7</ele>
<time>2025-05-03T23:03:50Z</time>
<extensions>
<tp1:TrackPointExtension>
<tp1:hr>112</tp1:hr>
</tp1:TrackPointExtension>
</extensions>
</trkpt>
<trkpt lat="58.71744328" lon="15.7996289">
<ele>50.5</ele>
<time>2025-05-03T23:03:51Z</time>
<extensions>
<tp1:TrackPointExtension>
<tp1:hr>110</tp1:hr>
</tp1:TrackPointExtension>
</extensions>
</trkpt>
<trkpt lat="58.71748259" lon="15.79945237">
<ele>50.1</ele>
<time>2025-05-03T23:03:54Z</time>
<extensions>
<tp1:TrackPointExtension>
<tp1:hr>115</tp1:hr>
</tp1:TrackPointExtension>
</extensions>
</trkpt>
<trkpt lat="58.71750372" lon="15.79942429">
<ele>50.1</ele>
<time>2025-05-03T23:03:55Z</time>
<extensions>
<tp1:TrackPointExtension>
<tp1:hr>116</tp1:hr>
</tp1:TrackPointExtension>
</extensions>
</trkpt>
<trkpt lat="58.71753808" lon="15.79946495">
<ele>50.1</ele>
<time>2025-05-03T23:03:57Z</time>
<extensions>
<tp1:TrackPointExtension>
<tp1:hr>119</tp1:hr>
</tp1:TrackPointExtension>
</extensions>
</trkpt>
<trkpt lat="58.71757706" lon="15.79961599">
<ele>50.9</ele>
<time>2025-05-03T23:03:59Z</time>
<extensions>
<tp1:TrackPointExtension>
<tp1:hr>122</tp1:hr>
</tp1:TrackPointExtension>
</extensions>
</trkpt>
<trkpt lat="58.71760061" lon="15.79969612">
<ele>51.1</ele>
<time>2025-05-03T23:04:00Z</time>
<extensions>
<tp1:TrackPointExtension>
<tp1:hr>123</tp1:hr>
</tp1:TrackPointExtension>
</extensions>
</trkpt>
<trkpt lat="58.71764671" lon="15.79977583">
<ele>51.5</ele>
<time>2025-05-03T23:04:01Z</time>
<extensions>
<tp1:TrackPointExtension>
<tp1:hr>124</tp1:hr>
</tp1:TrackPointExtension>
</extensions>
</trkpt>
<trkpt lat="58.71767202" lon="15.7998387">
<ele>51.5</ele>
<time>2025-05-03T23:04:02Z</time>
<extensions>
<tp1:TrackPointExtension>
<tp1:hr>124</tp1:hr>
</tp1:TrackPointExtension>
</extensions>
</trkpt>
<trkpt lat="58.71777034" lon="15.80008445">
<ele>51.1</ele>
<time>2025-05-03T23:04:06Z</time>
<extensions>
<tp1:TrackPointExtension>
<tp1:hr>124</tp1:hr>
</tp1:TrackPointExtension>
</extensions>
</trkpt>
<trkpt lat="58.71786355" lon="15.80023256">
<ele>50.7</ele>
<time>2025-05-03T23:04:09Z</time>
<extensions>
<tp1:TrackPointExtension>
<tp1:hr>127</tp1:hr>
</tp1:TrackPointExtension>
</extensions>
</trkpt>
<trkpt lat="58.71796371" lon="15.80036483">
<ele>50.9</ele>
<time>2025-05-03T23:04:12Z</time>
<extensions>
<tp1:TrackPointExtension>
<tp1:hr>127</tp1:hr>
</tp1:TrackPointExtension>
</extensions>
</trkpt>
<trkpt lat="58.71803932" lon="15.80049039">
<ele>50.3</ele>
<time>2025-05-03T23:04:14Z</time>
<extensions>
<tp1:TrackPointExtension>
<tp1:hr>130</tp1:hr>
</tp1:TrackPointExtension>
</extensions>
</trkpt>
<trkpt lat="58.71807544" lon="15.80055434">
<ele>49.5</ele>
<time>2025-05-03T23:04:15Z</time>
<extensions>
<tp1:TrackPointExtension>
<tp1:hr>130</tp1:hr>
</tp1:TrackPointExtension>
</extensions>
</trkpt>
<trkpt lat="58.71813579" lon="15.80067228">
<ele>47.9</ele>
<time>2025-05-03T23:04:17Z</time>
<extensions>
<tp1:TrackPointExtension>
<tp1:hr>132</tp1:hr>
</tp1:TrackPointExtension>
</extensions>
</trkpt>
<trkpt lat="58.71828198" lon="15.80089607">
<ele>47.3</ele>
<time>2025-05-03T23:04:22Z</time>
<extensions>
<tp1:TrackPointExtension>
<tp1:hr>134</tp1:hr>
</tp1:TrackPointExtension>
</extensions>
</trkpt>
<trkpt lat="58.71830561" lon="15.80093111">
<ele>47.3</ele>
<time>2025-05-03T23:04:23Z</time>
<extensions>
<tp1:TrackPointExtension>
<tp1:hr>134</tp1:hr>
</tp1:TrackPointExtension>
</extensions>
</trkpt>
<trkpt lat="58.71838893" lon="15.80099682">
<ele>47.3</ele>
<time>2025-05-03T23:04:26Z</time>
<extensions>
<tp1:TrackPointExtension>
<tp1:hr>138</tp1:hr>
</tp1:TrackPointExtension>
</extensions>
</trkpt>
<trkpt lat="58.71844282" lon="15.80101426">
<ele>47.3</ele>
<time>2025-05-03T23:04:28Z</time>
<extensions>
<tp1:TrackPointExtension>
<tp1:hr>136</tp1:hr>
</tp1:TrackPointExtension>
</extensions>
</trkpt>
<trkpt lat="58.71862186" lon="15.80102842">
<ele>47.4</ele>
<time>2025-05-03T23:04:33Z</time>
<extensions>
<tp1:TrackPointExtension>
<tp1:hr>134</tp1:hr>
</tp1:TrackPointExtension>
</extensions>
</trkpt>
<trkpt lat="58.71880224" lon="15.80101183">
<ele>47.8</ele>
<time>2025-05-03T23:04:38Z</time>
<extensions>
<tp1:TrackPointExtension>
<tp1:hr>134</tp1:hr>
</tp1:TrackPointExtension>
</extensions>
</trkpt>
<trkpt lat="58.71885697" lon="15.80098785">
<ele>47.8</ele>
<time>2025-05-03T23:04:40Z</time>
<extensions>
<tp1:TrackPointExtension>
<tp1:hr>134</tp1:hr>
</tp1:TrackPointExtension>
</extensions>
</trkpt>
<trkpt lat="58.71890006" lon="15.80098542">
<ele>48.0</ele>
<time>2025-05-03T23:04:42Z</time>
<extensions>
<tp1:TrackPointExtension>
<tp1:hr>134</tp1:hr>
</tp1:TrackPointExtension>
</extensions>
</trkpt>
<trkpt lat="58.71906535" lon="15.80104619">
<ele>48.2</ele>
<time>2025-05-03T23:04:47Z</time>
<extensions>
<tp1:TrackPointExtension>
<tp1:hr>135</tp1:hr>
</tp1:TrackPointExtension>
</extensions>
</trkpt>
<trkpt lat="58.71917557" lon="15.80107503">
<ele>48.6</ele>
<time>2025-05-03T23:04:51Z</time>
<extensions>
<tp1:TrackPointExtension>
<tp1:hr>137</tp1:hr>
</tp1:TrackPointExtension>
</extensions>
</trkpt>
<trkpt lat="58.71924992" lon="15.80107938">
<ele>49.0</ele>
<time>2025-05-03T23:04:54Z</time>
<extensions>
<tp1:TrackPointExtension>
<tp1:hr>140</tp1:hr>
</tp1:TrackPointExtension>
</extensions>
</trkpt>
<trkpt lat="58.71930188" lon="15.80106061">
<ele>49.2</ele>
<time>2025-05-03T23:04:56Z</time>
<extensions>
<tp1:TrackPointExtension>
<tp1:hr>142</tp1:hr>
</tp1:TrackPointExtension>
</extensions>
</trkpt>
<trkpt lat="58.71945418" lon="15.80099909">
<ele>49.8</ele>
<time>2025-05-03T23:05:01Z</time>
<extensions>
<tp1:TrackPointExtension>
<tp1:hr>145</tp1:hr>
</tp1:TrackPointExtension>
</extensions>
</trkpt>
<trkpt lat="58.71951948" lon="15.80098073">
<ele>50.0</ele>
<time>2025-05-03T23:05:03Z</time>
<extensions>
<tp1:TrackPointExtension>
<tp1:hr>145</tp1:hr>
</tp1:TrackPointExtension>
</extensions>
</trkpt>
<trkpt lat="58.71955242" lon="15.80098375">
<ele>50.0</ele>
<time>2025-05-03T23:05:04Z</time>
<extensions>
<tp1:TrackPointExtension>
<tp1:hr>144</tp1:hr>
</tp1:TrackPointExtension>
</extensions>
</trkpt>
<trkpt lat="58.71958033" lon="15.80099104">
<ele>50.2</ele>
<time>2025-05-03T23:05:05Z</time>
<extensions>
<tp1:TrackPointExtension>
<tp1:hr>141</tp1:hr>
</tp1:TrackPointExtension>
</extensions>
</trkpt>
<trkpt lat="58.7196328" lon="15.80104309">
<ele>50.4</ele>
<time>2025-05-03T23:05:07Z</time>
<extensions>
<tp1:TrackPointExtension>
<tp1:hr>136</tp1:hr>
</tp1:TrackPointExtension>
</extensions>
</trkpt>
<trkpt lat="58.71967932" lon="15.80110772">
<ele>50.6</ele>
<time>2025-05-03T23:05:09Z</time>
<extensions>
<tp1:TrackPointExtension>
<tp1:hr>132</tp1:hr>
</tp1:TrackPointExtension>
</extensions>
</trkpt>
<trkpt lat="58.7197333" lon="15.80119656">
<ele>51.2</ele>
<time>2025-05-03T23:05:12Z</time>
<extensions>
<tp1:TrackPointExtension>
<tp1:hr>133</tp1:hr>
</tp1:TrackPointExtension>
</extensions>
</trkpt>
<trkpt lat="58.71983103" lon="15.80148239">
<ele>52.0</ele>
<time>2025-05-03T23:05:18Z</time>
<extensions>
<tp1:TrackPointExtension>
<tp1:hr>130</tp1:hr>
</tp1:TrackPointExtension>
</extensions>
</trkpt>
<trkpt lat="58.71984612" lon="15.80153838">
<ele>52.2</ele>
<time>2025-05-03T23:05:19Z</time>
<extensions>
<tp1:TrackPointExtension>
<tp1:hr>131</tp1:hr>
</tp1:TrackPointExtension>
</extensions>
</trkpt>
<trkpt lat="58.71989449" lon="15.8018268">
<ele>52.8</ele>
<time>2025-05-03T23:05:23Z</time>
<extensions>
<tp1:TrackPointExtension>
<tp1:hr>131</tp1:hr>
</tp1:TrackPointExtension>
</extensions>
</trkpt>
<trkpt lat="58.71991066" lon="15.80200139">
<ele>53.2</ele>
<time>2025-05-03T23:05:26Z</time>
<extensions>
<tp1:TrackPointExtension>
<tp1:hr>132</tp1:hr>
</tp1:TrackPointExtension>
</extensions>
</trkpt>
<trkpt lat="58.71991234" lon="15.80215889">
<ele>53.8</ele>
<time>2025-05-03T23:05:29Z</time>
<extensions>
<tp1:TrackPointExtension>
<tp1:hr>133</tp1:hr>
</tp1:TrackPointExtension>
</extensions>
</trkpt>
<trkpt lat="58.7199048" lon="15.80230046">
<ele>54.4</ele>
<time>2025-05-03T23:05:32Z</time>
<extensions>
<tp1:TrackPointExtension>
<tp1:hr>135</tp1:hr>
</tp1:TrackPointExtension>
</extensions>
</trkpt>
<trkpt lat="58.71989926" lon="15.80249542">
<ele>54.7</ele>
<time>2025-05-03T23:05:35Z</time>
<extensions>
<tp1:TrackPointExtension>
<tp1:hr>132</tp1:hr>
</tp1:TrackPointExtension>
</extensions>
</trkpt>
<trkpt lat="58.71989323" lon="15.80257731">
<ele>54.9</ele>
<time>2025-05-03T23:05:36Z</time>
<extensions>
<tp1:TrackPointExtension>
<tp1:hr>133</tp1:hr>
</tp1:TrackPointExtension>
</extensions>
</trkpt>
<trkpt lat="58.71987923" lon="15.80272869">
<ele>55.3</ele>
<time>2025-05-03T23:05:38Z</time>
<extensions>
<tp1:TrackPointExtension>
<tp1:hr>135</tp1:hr>
</tp1:TrackPointExtension>
</extensions>
</trkpt>
<trkpt lat="58.71985316" lon="15.80300731">
<ele>55.9</ele>
<time>2025-05-03T23:05:42Z</time>
<extensions>
<tp1:TrackPointExtension>
<tp1:hr>133</tp1:hr>
</tp1:TrackPointExtension>
</extensions>
</trkpt>
<trkpt lat="58.71985115" lon="15.80315265">
<ele>56.3</ele>
<time>2025-05-03T23:05:44Z</time>
<extensions>
<tp1:TrackPointExtension>
<tp1:hr>132</tp1:hr>
</tp1:TrackPointExtension>
</extensions>
</trkpt>
<trkpt lat="58.71988753" lon="15.80339505">
<ele>56.9</ele>
<time>2025-05-03T23:05:48Z</time>
<extensions>
<tp1:TrackPointExtension>
<tp1:hr>130</tp1:hr>
</tp1:TrackPointExtension>
</extensions>
</trkpt>
<trkpt lat="58.71984109" lon="15.80363">
<ele>57.5</ele>
<time>2025-05-03T23:05:52Z</time>
<extensions>
<tp1:TrackPointExtension>
<tp1:hr>131</tp1:hr>
</tp1:TrackPointExtension>
</extensions>
</trkpt>
<trkpt lat="58.71974722" lon="15.80379252">
<ele>57.7</ele>
<time>2025-05-03T23:05:55Z</time>
<extensions>
<tp1:TrackPointExtension>
<tp1:hr>134</tp1:hr>
</tp1:TrackPointExtension>
</extensions>
</trkpt>
<trkpt lat="58.71969231" lon="15.80388892">
<ele>57.9</ele>
<time>2025-05-03T23:05:57Z</time>
<extensions>
<tp1:TrackPointExtension>
<tp1:hr>137</tp1:hr>
</tp1:TrackPointExtension>
</extensions>
</trkpt>
<trkpt lat="58.7196349" lon="15.80396804">
<ele>58.1</ele>
<time>2025-05-03T23:05:59Z</time>
<extensions>
<tp1:TrackPointExtension>
<tp1:hr>137</tp1:hr>
</tp1:TrackPointExtension>
</extensions>
</trkpt>
<trkpt lat="58.71951965" lon="15.80409821">
<ele>58.5</ele>
<time>2025-05-03T23:06:02Z</time>
<extensions>
<tp1:TrackPointExtension>
<tp1:hr>137</tp1:hr>
</tp1:TrackPointExtension>
</extensions>
</trkpt>
<trkpt lat="58.71943608" lon="15.80421204">
<ele>58.7</ele>
<time>2025-05-03T23:06:05Z</time>
<extensions>
<tp1:TrackPointExtension>
<tp1:hr>136</tp1:hr>
</tp1:TrackPointExtension>
</extensions>
</trkpt>
<trkpt lat="58.71926635" lon="15.80443005">
<ele>59.3</ele>
<time>2025-05-03T23:06:11Z</time>
<extensions>
<tp1:TrackPointExtension>
<tp1:hr>137</tp1:hr>
</tp1:TrackPointExtension>
</extensions>
</trkpt>
<trkpt lat="58.71919594" lon="15.80454715">
<ele>59.5</ele>
<time>2025-05-03T23:06:13Z</time>
<extensions>
<tp1:TrackPointExtension>
<tp1:hr>138</tp1:hr>
</tp1:TrackPointExtension>
</extensions>
</trkpt>
<trkpt lat="58.71912771" lon="15.80463926">
<ele>59.5</ele>
<time>2025-05-03T23:06:15Z</time>
<extensions>
<tp1:TrackPointExtension>
<tp1:hr>138</tp1:hr>
</tp1:TrackPointExtension>
</extensions>
</trkpt>
<trkpt lat="58.71905085" lon="15.80473473">
<ele>59.7</ele>
<time>2025-05-03T23:06:17Z</time>
<extensions>
<tp1:TrackPointExtension>
<tp1:hr>139</tp1:hr>
</tp1:TrackPointExtension>
</extensions>
</trkpt>
<trkpt lat="58.71901112" lon="15.80483121">
<ele>59.9</ele>
<time>2025-05-03T23:06:19Z</time>
<extensions>
<tp1:TrackPointExtension>
<tp1:hr>141</tp1:hr>
</tp1:TrackPointExtension>
</extensions>
</trkpt>
<trkpt lat="58.71901045" lon="15.80488997">
<ele>59.9</ele>
<time>2025-05-03T23:06:20Z</time>
<extensions>
<tp1:TrackPointExtension>
<tp1:hr>140</tp1:hr>
</tp1:TrackPointExtension>
</extensions>
</trkpt>
<trkpt lat="58.7190563" lon="15.80512105">
<ele>60.3</ele>
<time>2025-05-03T23:06:24Z</time>
<extensions>
<tp1:TrackPointExtension>
<tp1:hr>139</tp1:hr>
</tp1:TrackPointExtension>
</extensions>
</trkpt>
<trkpt lat="58.71908379" lon="15.80517135">
<ele>60.5</ele>
<time>2025-05-03T23:06:25Z</time>
<extensions>
<tp1:TrackPointExtension>
<tp1:hr>138</tp1:hr>
</tp1:TrackPointExtension>
</extensions>
</trkpt>
<trkpt lat="58.71912385" lon="15.80520102">
<ele>60.7</ele>
<time>2025-05-03T23:06:28Z</time>
<extensions>
<tp1:TrackPointExtension>
<tp1:hr>140</tp1:hr>
</tp1:TrackPointExtension>
</extensions>
</trkpt>
<trkpt lat="58.71924623" lon="15.80534586">
<ele>61.3</ele>
<time>2025-05-03T23:06:33Z</time>
<extensions>
<tp1:TrackPointExtension>
<tp1:hr>139</tp1:hr>
</tp1:TrackPointExtension>
</extensions>
</trkpt>
<trkpt lat="58.71929367" lon="15.80538877">
<ele>61.5</ele>
<time>2025-05-03T23:06:35Z</time>
<extensions>
<tp1:TrackPointExtension>
<tp1:hr>139</tp1:hr>
</tp1:TrackPointExtension>
</extensions>
</trkpt>
<trkpt lat="58.71933675" lon="15.80546404">
<ele>61.6</ele>
<time>2025-05-03T23:06:37Z</time>
<extensions>
<tp1:TrackPointExtension>
<tp1:hr>138</tp1:hr>
</tp1:TrackPointExtension>
</extensions>
</trkpt>
<trkpt lat="58.71939476" lon="15.80559019">
<ele>62.0</ele>
<time>2025-05-03T23:06:41Z</time>
<extensions>
<tp1:TrackPointExtension>
<tp1:hr>138</tp1:hr>
</tp1:TrackPointExtension>
</extensions>
</trkpt>
<trkpt lat="58.71939392" lon="15.80560771">
<ele>62.2</ele>
<time>2025-05-03T23:06:42Z</time>
<extensions>
<tp1:TrackPointExtension>
<tp1:hr>140</tp1:hr>
</tp1:TrackPointExtension>
</extensions>
</trkpt>
<trkpt lat="58.71938889" lon="15.8056834">
<ele>62.6</ele>
<time>2025-05-03T23:06:45Z</time>
<extensions>
<tp1:TrackPointExtension>
<tp1:hr>143</tp1:hr>
</tp1:TrackPointExtension>
</extensions>
</trkpt>
<trkpt lat="58.71939316" lon="15.80570435">
<ele>62.8</ele>
<time>2025-05-03T23:06:46Z</time>
<extensions>
<tp1:TrackPointExtension>
<tp1:hr>144</tp1:hr>
</tp1:TrackPointExtension>
</extensions>
</trkpt>
<trkpt lat="58.71940792" lon="15.80575003">
<ele>63.0</ele>
<time>2025-05-03T23:06:48Z</time>
<extensions>
<tp1:TrackPointExtension>
<tp1:hr>146</tp1:hr>
</tp1:TrackPointExtension>
</extensions>
</trkpt>
<trkpt lat="58.71944983" lon="15.80581181">
<ele>63.8</ele>
<time>2025-05-03T23:06:52Z</time>
<extensions>
<tp1:TrackPointExtension>
<tp1:hr>144</tp1:hr>
</tp1:TrackPointExtension>
</extensions>
</trkpt>
<trkpt lat="58.71946734" lon="15.80582807">
<ele>63.8</ele>
<time>2025-05-03T23:06:53Z</time>
<extensions>
<tp1:TrackPointExtension>
<tp1:hr>144</tp1:hr>
</tp1:TrackPointExtension>
</extensions>
</trkpt>
<trkpt lat="58.71947941" lon="15.80585464">
<ele>64.0</ele>
<time>2025-05-03T23:06:54Z</time>
<extensions>
<tp1:TrackPointExtension>
<tp1:hr>145</tp1:hr>
</tp1:TrackPointExtension>
</extensions>
</trkpt>
<trkpt lat="58.71952375" lon="15.80594047">
<ele>64.6</ele>
<time>2025-05-03T23:06:57Z</time>
<extensions>
<tp1:TrackPointExtension>
<tp1:hr>145</tp1:hr>
</tp1:TrackPointExtension>
</extensions>
</trkpt>
<trkpt lat="58.71954345" lon="15.80594835">
<ele>64.8</ele>
<time>2025-05-03T23:06:58Z</time>
<extensions>
<tp1:TrackPointExtension>
<tp1:hr>145</tp1:hr>
</tp1:TrackPointExtension>
</extensions>
</trkpt>
<trkpt lat="58.71958687" lon="15.80596251">
<ele>65.2</ele>
<time>2025-05-03T23:07:00Z</time>
<extensions>
<tp1:TrackPointExtension>
<tp1:hr>143</tp1:hr>
</tp1:TrackPointExtension>
</extensions>
</trkpt>
<trkpt lat="58.71961595" lon="15.80595623">
<ele>65.2</ele>
<time>2025-05-03T23:07:01Z</time>
<extensions>
<tp1:TrackPointExtension>
<tp1:hr>142</tp1:hr>
</tp1:TrackPointExtension>
</extensions>
</trkpt>
<trkpt lat="58.71969676" lon="15.80594382">
<ele>65.8</ele>
<time>2025-05-03T23:07:04Z</time>
<extensions>
<tp1:TrackPointExtension>
<tp1:hr>140</tp1:hr>
</tp1:TrackPointExtension>
</extensions>
</trkpt>
<trkpt lat="58.71972735" lon="15.805932">
<ele>66.2</ele>
<time>2025-05-03T23:07:06Z</time>
<extensions>
<tp1:TrackPointExtension>
<tp1:hr>138</tp1:hr>
</tp1:TrackPointExtension>
</extensions>
</trkpt>
<trkpt lat="58.71974738" lon="15.80593821">
<ele>66.4</ele>
<time>2025-05-03T23:07:07Z</time>
<extensions>
<tp1:TrackPointExtension>
<tp1:hr>139</tp1:hr>
</tp1:TrackPointExtension>
</extensions>
</trkpt>
<trkpt lat="58.71981109" lon="15.8060118">
<ele>66.8</ele>
<time>2025-05-03T23:07:10Z</time>
<extensions>
<tp1:TrackPointExtension>
<tp1:hr>137</tp1:hr>
</tp1:TrackPointExtension>
</extensions>
</trkpt>
<trkpt lat="58.71983288" lon="15.80604281">
<ele>67.0</ele>
<time>2025-05-03T23:07:11Z</time>
<extensions>
<tp1:TrackPointExtension>
<tp1:hr>137</tp1:hr>
</tp1:TrackPointExtension>
</extensions>
</trkpt>
<trkpt lat="58.71983523" lon="15.80608799">
<ele>67.0</ele>
<time>2025-05-03T23:07:12Z</time>
<extensions>
<tp1:TrackPointExtension>
<tp1:hr>137</tp1:hr>
</tp1:TrackPointExtension>
</extensions>
</trkpt>
<trkpt lat="58.71983338" lon="15.80614608">
<ele>67.4</ele>
<time>2025-05-03T23:07:14Z</time>
<extensions>
<tp1:TrackPointExtension>
<tp1:hr>140</tp1:hr>
</tp1:TrackPointExtension>
</extensions>
</trkpt>
<trkpt lat="58.71983011" lon="15.80615941">
<ele>67.6</ele>
<time>2025-05-03T23:07:15Z</time>
<extensions>
<tp1:TrackPointExtension>
<tp1:hr>140</tp1:hr>
</tp1:TrackPointExtension>
</extensions>
</trkpt>
<trkpt lat="58.71983271" lon="15.80615697">
<ele>68.0</ele>
<time>2025-05-03T23:07:18Z</time>
<extensions>
<tp1:TrackPointExtension>
<tp1:hr>142</tp1:hr>
</tp1:TrackPointExtension>
</extensions>
</trkpt>
<trkpt lat="58.71986465" lon="15.80614465">
<ele>68.4</ele>
<time>2025-05-03T23:07:20Z</time>
<extensions>
<tp1:TrackPointExtension>
<tp1:hr>141</tp1:hr>
</tp1:TrackPointExtension>
</extensions>
</trkpt>
<trkpt lat="58.71989256" lon="15.80614164">
<ele>68.6</ele>
<time>2025-05-03T23:07:22Z</time>
<extensions>
<tp1:TrackPointExtension>
<tp1:hr>141</tp1:hr>
</tp1:TrackPointExtension>
</extensions>
</trkpt>
<trkpt lat="58.71991192" lon="15.80615672">
<ele>68.8</ele>
<time>2025-05-03T23:07:23Z</time>
<extensions>
<tp1:TrackPointExtension>
<tp1:hr>139</tp1:hr>
</tp1:TrackPointExtension>
</extensions>
</trkpt>
<trkpt lat="58.71994168" lon="15.80623149">
<ele>69.0</ele>
<time>2025-05-03T23:07:25Z</time>
<extensions>
<tp1:TrackPointExtension>
<tp1:hr>140</tp1:hr>
</tp1:TrackPointExtension>
</extensions>
</trkpt>
<trkpt lat="58.71995643" lon="15.8062672">
<ele>69.2</ele>
<time>2025-05-03T23:07:26Z</time>
<extensions>
<tp1:TrackPointExtension>
<tp1:hr>140</tp1:hr>
</tp1:TrackPointExtension>
</extensions>
</trkpt>
<trkpt lat="58.71999063" lon="15.80630718">
<ele>69.4</ele>
<time>2025-05-03T23:07:28Z</time>
<extensions>
<tp1:TrackPointExtension>
<tp1:hr>139</tp1:hr>
</tp1:TrackPointExtension>
</extensions>
</trkpt>
<trkpt lat="58.7200084" lon="15.80631724">
<ele>69.8</ele>
<time>2025-05-03T23:07:30Z</time>
<extensions>
<tp1:TrackPointExtension>
<tp1:hr>139</tp1:hr>
</tp1:TrackPointExtension>
</extensions>
</trkpt>
<trkpt lat="58.72001577" lon="15.80633081">
<ele>69.8</ele>
<time>2025-05-03T23:07:31Z</time>
<extensions>
<tp1:TrackPointExtension>
<tp1:hr>140</tp1:hr>
</tp1:TrackPointExtension>
</extensions>
</trkpt>
<trkpt lat="58.72003857" lon="15.80638186">
<ele>70.2</ele>
<time>2025-05-03T23:07:33Z</time>
<extensions>
<tp1:TrackPointExtension>
<tp1:hr>141</tp1:hr>
</tp1:TrackPointExtension>
</extensions>
</trkpt>
<trkpt lat="58.72006531" lon="15.80643048">
<ele>70.4</ele>
<time>2025-05-03T23:07:35Z</time>
<extensions>
<tp1:TrackPointExtension>
<tp1:hr>141</tp1:hr>
</tp1:TrackPointExtension>
</extensions>
</trkpt>
<trkpt lat="58.72010864" lon="15.80643173">
<ele>70.6</ele>
<time>2025-05-03T23:07:37Z</time>
<extensions>
<tp1:TrackPointExtension>
<tp1:hr>140</tp1:hr>
</tp1:TrackPointExtension>
</extensions>
</trkpt>
<trkpt lat="58.72012583" lon="15.80637759">
<ele>70.9</ele>
<time>2025-05-03T23:07:39Z</time>
<extensions>
<tp1:TrackPointExtension>
<tp1:hr>142</tp1:hr>
</tp1:TrackPointExtension>
</extensions>
</trkpt>
<trkpt lat="58.7201731" lon="15.80630701">
<ele>71.1</ele>
<time>2025-05-03T23:07:41Z</time>
<extensions>
<tp1:TrackPointExtension>
<tp1:hr>142</tp1:hr>
</tp1:TrackPointExtension>
</extensions>
</trkpt>
<trkpt lat="58.72021811" lon="15.80628471">
<ele>71.3</ele>
<time>2025-05-03T23:07:43Z</time>
<extensions>
<tp1:TrackPointExtension>
<tp1:hr>144</tp1:hr>
</tp1:TrackPointExtension>
</extensions>
</trkpt>
<trkpt lat="58.72024049" lon="15.80628891">
<ele>71.5</ele>
<time>2025-05-03T23:07:44Z</time>
<extensions>
<tp1:TrackPointExtension>
<tp1:hr>142</tp1:hr>
</tp1:TrackPointExtension>
</extensions>
</trkpt>
<trkpt lat="58.72032448" lon="15.80630215">
<ele>71.9</ele>
<time>2025-05-03T23:07:47Z</time>
<extensions>
<tp1:TrackPointExtension>
<tp1:hr>141</tp1:hr>
</tp1:TrackPointExtension>
</extensions>
</trkpt>
<trkpt lat="58.72036672" lon="15.80629762">
<ele>72.1</ele>
<time>2025-05-03T23:07:48Z</time>
<extensions>
<tp1:TrackPointExtension>
<tp1:hr>144</tp1:hr>
</tp1:TrackPointExtension>
</extensions>
</trkpt>
<trkpt lat="58.72042045" lon="15.8063112">
<ele>72.3</ele>
<time>2025-05-03T23:07:49Z</time>
<extensions>
<tp1:TrackPointExtension>
<tp1:hr>144</tp1:hr>
</tp1:TrackPointExtension>
</extensions>
</trkpt>
<trkpt lat="58.72044501" lon="15.80632252">
<ele>72.5</ele>
<time>2025-05-03T23:07:51Z</time>
<extensions>
<tp1:TrackPointExtension>
<tp1:hr>144</tp1:hr>
</tp1:TrackPointExtension>
</extensions>
</trkpt>
<trkpt lat="58.72052372" lon="15.80628698">
<ele>73.1</ele>
<time>2025-05-03T23:07:55Z</time>
<extensions>
<tp1:TrackPointExtension>
<tp1:hr>143</tp1:hr>
</tp1:TrackPointExtension>
</extensions>
</trkpt>
<trkpt lat="58.72053595" lon="15.80624901">
<ele>73.1</ele>
<time>2025-05-03T23:07:56Z</time>
<extensions>
<tp1:TrackPointExtension>
<tp1:hr>145</tp1:hr>
</tp1:TrackPointExtension>
</extensions>
</trkpt>
<trkpt lat="58.72054827" lon="15.80620978">
<ele>73.3</ele>
<time>2025-05-03T23:07:57Z</time>
<extensions>
<tp1:TrackPointExtension>
<tp1:hr>139</tp1:hr>
</tp1:TrackPointExtension>
</extensions>
</trkpt>
<trkpt lat="58.7205616" lon="15.80616837">
<ele>73.5</ele>
<time>2025-05-03T23:07:58Z</time>
<extensions>
<tp1:TrackPointExtension>
<tp1:hr>142</tp1:hr>
</tp1:TrackPointExtension>
</extensions>
</trkpt>
<trkpt lat="58.72061525" lon="15.80599143">
<ele>74.1</ele>
<time>2025-05-03T23:08:03Z</time>
<extensions>
<tp1:TrackPointExtension>
<tp1:hr>143</tp1:hr>
</tp1:TrackPointExtension>
</extensions>
</trkpt>
<trkpt lat="58.72062413" lon="15.80595464">
<ele>74.1</ele>
<time>2025-05-03T23:08:04Z</time>
<extensions>
<tp1:TrackPointExtension>
<tp1:hr>140</tp1:hr>
</tp1:TrackPointExtension>
</extensions>
</trkpt>
<trkpt lat="58.72066227" lon="15.80584441">
<ele>74.5</ele>
<time>2025-05-03T23:08:07Z</time>
<extensions>
<tp1:TrackPointExtension>
<tp1:hr>139</tp1:hr>
</tp1:TrackPointExtension>
</extensions>
</trkpt>
<trkpt lat="58.72070284" lon="15.80577912">
<ele>74.7</ele>
<time>2025-05-03T23:08:09Z</time>
<extensions>
<tp1:TrackPointExtension>
<tp1:hr>138</tp1:hr>
</tp1:TrackPointExtension>
</extensions>
</trkpt>
<trkpt lat="58.72082312" lon="15.80563445">
<ele>75.3</ele>
<time>2025-05-03T23:08:14Z</time>
<extensions>
<tp1:TrackPointExtension>
<tp1:hr>136</tp1:hr>
</tp1:TrackPointExtension>
</extensions>
</trkpt>
<trkpt lat="58.72086251" lon="15.80550394">
<ele>75.5</ele>
<time>2025-05-03T23:08:17Z</time>
<extensions>
<tp1:TrackPointExtension>
<tp1:hr>141</tp1:hr>
</tp1:TrackPointExtension>
</extensions>
</trkpt>
<trkpt lat="58.72087182" lon="15.80544728">
<ele>75.5</ele>
<time>2025-05-03T23:08:18Z</time>
<extensions>
<tp1:TrackPointExtension>
<tp1:hr>138</tp1:hr>
</tp1:TrackPointExtension>
</extensions>
</trkpt>
<trkpt lat="58.72089914" lon="15.80533027">
<ele>75.7</ele>
<time>2025-05-03T23:08:20Z</time>
<extensions>
<tp1:TrackPointExtension>
<tp1:hr>141</tp1:hr>
</tp1:TrackPointExtension>
</extensions>
</trkpt>
<trkpt lat="58.72099377" lon="15.80517009">
<ele>76.1</ele>
<time>2025-05-03T23:08:24Z</time>
<extensions>
<tp1:TrackPointExtension>
<tp1:hr>142</tp1:hr>
</tp1:TrackPointExtension>
</extensions>
</trkpt>
<trkpt lat="58.72112746" lon="15.80509851">
<ele>76.5</ele>
<time>2025-05-03T23:08:29Z</time>
<extensions>
<tp1:TrackPointExtension>
<tp1:hr>145</tp1:hr>
</tp1:TrackPointExtension>
</extensions>
</trkpt>
<trkpt lat="58.72125755" lon="15.80507479">
<ele>77.1</ele>
<time>2025-05-03T23:08:34Z</time>
<extensions>
<tp1:TrackPointExtension>
<tp1:hr>147</tp1:hr>
</tp1:TrackPointExtension>
</extensions>
</trkpt>
<trkpt lat="58.72135755" lon="15.80505618">
<ele>77.3</ele>
<time>2025-05-03T23:08:38Z</time>
<extensions>
<tp1:TrackPointExtension>
<tp1:hr>147</tp1:hr>
</tp1:TrackPointExtension>
</extensions>
</trkpt>
<trkpt lat="58.72137683" lon="15.8050742">
<ele>77.5</ele>
<time>2025-05-03T23:08:39Z</time>
<extensions>
<tp1:TrackPointExtension>
<tp1:hr>148</tp1:hr>
</tp1:TrackPointExtension>
</extensions>
</trkpt>
<trkpt lat="58.72140423" lon="15.80512818">
<ele>77.6</ele>
<time>2025-05-03T23:08:41Z</time>
<extensions>
<tp1:TrackPointExtension>
<tp1:hr>148</tp1:hr>
</tp1:TrackPointExtension>
</extensions>
</trkpt>
<trkpt lat="58.72141924" lon="15.80515173">
<ele>77.6</ele>
<time>2025-05-03T23:08:42Z</time>
<extensions>
<tp1:TrackPointExtension>
<tp1:hr>148</tp1:hr>
</tp1:TrackPointExtension>
</extensions>
</trkpt>
<trkpt lat="58.72145914" lon="15.80523706">
<ele>77.8</ele>
<time>2025-05-03T23:08:44Z</time>
<extensions>
<tp1:TrackPointExtension>
<tp1:hr>148</tp1:hr>
</tp1:TrackPointExtension>
</extensions>
</trkpt>
<trkpt lat="58.72149794" lon="15.80528316">
<ele>78.0</ele>
<time>2025-05-03T23:08:46Z</time>
<extensions>
<tp1:TrackPointExtension>
<tp1:hr>149</tp1:hr>
</tp1:TrackPointExtension>
</extensions>
</trkpt>
<trkpt lat="58.72155033" lon="15.80529163">
<ele>78.2</ele>
<time>2025-05-03T23:08:48Z</time>
<extensions>
<tp1:TrackPointExtension>
<tp1:hr>148</tp1:hr>
</tp1:TrackPointExtension>
</extensions>
</trkpt>
<trkpt lat="58.72159484" lon="15.80528157">
<ele>78.4</ele>
<time>2025-05-03T23:08:51Z</time>
<extensions>
<tp1:TrackPointExtension>
<tp1:hr>148</tp1:hr>
</tp1:TrackPointExtension>
</extensions>
</trkpt>
<trkpt lat="58.72161563" lon="15.80528601">
<ele>78.6</ele>
<time>2025-05-03T23:08:52Z</time>
<extensions>
<tp1:TrackPointExtension>
<tp1:hr>149</tp1:hr>
</tp1:TrackPointExtension>
</extensions>
</trkpt>
<trkpt lat="58.72175133" lon="15.80528123">
<ele>79.0</ele>
<time>2025-05-03T23:08:58Z</time>
<extensions>
<tp1:TrackPointExtension>
<tp1:hr>148</tp1:hr>
</tp1:TrackPointExtension>
</extensions>
</trkpt>
<trkpt lat="58.72188963" lon="15.80526774">
<ele>79.4</ele>
<time>2025-05-03T23:09:03Z</time>
<extensions>
<tp1:TrackPointExtension>
<tp1:hr>148</tp1:hr>
</tp1:TrackPointExtension>
</extensions>
</trkpt>
<trkpt lat="58.72191654" lon="15.80527361">
<ele>79.6</ele>
<time>2025-05-03T23:09:04Z</time>
<extensions>
<tp1:TrackPointExtension>
<tp1:hr>147</tp1:hr>
</tp1:TrackPointExtension>
</extensions>
</trkpt>
<trkpt lat="58.72202374" lon="15.80528953">
<ele>79.8</ele>
<time>2025-05-03T23:09:08Z</time>
<extensions>
<tp1:TrackPointExtension>
<tp1:hr>148</tp1:hr>
</tp1:TrackPointExtension>
</extensions>
</trkpt>
<trkpt lat="58.72216288" lon="15.80532113">
<ele>80.2</ele>
<time>2025-05-03T23:09:14Z</time>
<extensions>
<tp1:TrackPointExtension>
<tp1:hr>145</tp1:hr>
</tp1:TrackPointExtension>
</extensions>
</trkpt>
<trkpt lat="58.72220797" lon="15.80542943">
<ele>80.6</ele>
<time>2025-05-03T23:09:17Z</time>
<extensions>
<tp1:TrackPointExtension>
<tp1:hr>147</tp1:hr>
</tp1:TrackPointExtension>
</extensions>
</trkpt>
<trkpt lat="58.72220797" lon="15.80542943">
<ele>80.6</ele>
<time>2025-05-03T23:09:18Z</time>
<extensions>
<tp1:TrackPointExtension>
<tp1:hr>147</tp1:hr>
</tp1:TrackPointExtension>
</extensions>
</trkpt>
<trkpt lat="58.72229288" lon="15.80550394">
<ele>80.8</ele>
<time>2025-05-03T23:09:24Z</time>
<extensions>
<tp1:TrackPointExtension>
<tp1:hr>148</tp1:hr>
</tp1:TrackPointExtension>
</extensions>
</trkpt>
<trkpt lat="58.72236681" lon="15.80556571">
<ele>81.0</ele>
<time>2025-05-03T23:09:28Z</time>
<extensions>
<tp1:TrackPointExtension>
<tp1:hr>147</tp1:hr>
</tp1:TrackPointExtension>
</extensions>
</trkpt>
<trkpt lat="58.72238542" lon="15.80560201">
<ele>81.0</ele>
<time>2025-05-03T23:09:29Z</time>
<extensions>
<tp1:TrackPointExtension>
<tp1:hr>148</tp1:hr>
</tp1:TrackPointExtension>
</extensions>
</trkpt>
<trkpt lat="58.7223902" lon="15.80575774">
<ele>81.0</ele>
<time>2025-05-03T23:09:33Z</time>
<extensions>
<tp1:TrackPointExtension>
<tp1:hr>147</tp1:hr>
</tp1:TrackPointExtension>
</extensions>
</trkpt>
<trkpt lat="58.72239908" lon="15.80602043">
<ele>81.0</ele>
<time>2025-05-03T23:09:37Z</time>
<extensions>
<tp1:TrackPointExtension>
<tp1:hr>147</tp1:hr>
</tp1:TrackPointExtension>
</extensions>
</trkpt>
<trkpt lat="58.72239305" lon="15.80613937">
<ele>81.0</ele>
<time>2025-05-03T23:09:39Z</time>
<extensions>
<tp1:TrackPointExtension>
<tp1:hr>147</tp1:hr>
</tp1:TrackPointExtension>
</extensions>
</trkpt>
<trkpt lat="58.72235935" lon="15.8064894">
<ele>81.1</ele>
<time>2025-05-03T23:09:44Z</time>
<extensions>
<tp1:TrackPointExtension>
<tp1:hr>145</tp1:hr>
</tp1:TrackPointExtension>
</extensions>
</trkpt>
<trkpt lat="58.72235508" lon="15.80655218">
<ele>81.1</ele>
<time>2025-05-03T23:09:45Z</time>
<extensions>
<tp1:TrackPointExtension>
<tp1:hr>144</tp1:hr>
</tp1:TrackPointExtension>
</extensions>
</trkpt>
<trkpt lat="58.7223622" lon="15.80665352">
<ele>81.1</ele>
<time>2025-05-03T23:09:49Z</time>
<extensions>
<tp1:TrackPointExtension>
<tp1:hr>143</tp1:hr>
</tp1:TrackPointExtension>
</extensions>
</trkpt>
<trkpt lat="58.72243806" lon="15.80683197">
<ele>81.1</ele>
<time>2025-05-03T23:09:54Z</time>
<extensions>
<tp1:TrackPointExtension>
<tp1:hr>145</tp1:hr>
</tp1:TrackPointExtension>
</extensions>
</trkpt>
<trkpt lat="58.72246262" lon="15.80687748">
<ele>81.1</ele>
<time>2025-05-03T23:09:56Z</time>
<extensions>
<tp1:TrackPointExtension>
<tp1:hr>148</tp1:hr>
</tp1:TrackPointExtension>
</extensions>
</trkpt>
<trkpt lat="58.72249304" lon="15.80694043">
<ele>81.1</ele>
<time>2025-05-03T23:09:59Z</time>
<extensions>
<tp1:TrackPointExtension>
<tp1:hr>151</tp1:hr>
</tp1:TrackPointExtension>
</extensions>
</trkpt>
<trkpt lat="58.72251274" lon="15.80696734">
<ele>81.1</ele>
<time>2025-05-03T23:10:01Z</time>
<extensions>
<tp1:TrackPointExtension>
<tp1:hr>150</tp1:hr>
</tp1:TrackPointExtension>
</extensions>
</trkpt>
<trkpt lat="58.7225523" lon="15.80702852">
<ele>80.9</ele>
<time>2025-05-03T23:10:05Z</time>
<extensions>
<tp1:TrackPointExtension>
<tp1:hr>154</tp1:hr>
</tp1:TrackPointExtension>
</extensions>
</trkpt>
<trkpt lat="58.72256404" lon="15.80703716">
<ele>80.9</ele>
<time>2025-05-03T23:10:06Z</time>
<extensions>
<tp1:TrackPointExtension>
<tp1:hr>147</tp1:hr>
</tp1:TrackPointExtension>
</extensions>
</trkpt>
<trkpt lat="58.72258122" lon="15.80703909">
<ele>80.9</ele>
<time>2025-05-03T23:10:07Z</time>
<extensions>
<tp1:TrackPointExtension>
<tp1:hr>147</tp1:hr>
</tp1:TrackPointExtension>
</extensions>
</trkpt>
<trkpt lat="58.72261877" lon="15.80703221">
<ele>80.9</ele>
<time>2025-05-03T23:10:09Z</time>
<extensions>
<tp1:TrackPointExtension>
<tp1:hr>147</tp1:hr>
</tp1:TrackPointExtension>
</extensions>
</trkpt>
<trkpt lat="58.72264073" lon="15.80702903">
<ele>80.9</ele>
<time>2025-05-03T23:10:10Z</time>
<extensions>
<tp1:TrackPointExtension>
<tp1:hr>147</tp1:hr>
</tp1:TrackPointExtension>
</extensions>
</trkpt>
<trkpt lat="58.72268256" lon="15.80710136">
<ele>80.9</ele>
<time>2025-05-03T23:10:13Z</time>
<extensions>
<tp1:TrackPointExtension>
<tp1:hr>145</tp1:hr>
</tp1:TrackPointExtension>
</extensions>
</trkpt>
<trkpt lat="58.72270536" lon="15.80713171">
<ele>80.7</ele>
<time>2025-05-03T23:10:15Z</time>
<extensions>
<tp1:TrackPointExtension>
<tp1:hr>146</tp1:hr>
</tp1:TrackPointExtension>
</extensions>
</trkpt>
<trkpt lat="58.72273117" lon="15.80718267">
<ele>80.7</ele>
<time>2025-05-03T23:10:18Z</time>
<extensions>
<tp1:TrackPointExtension>
<tp1:hr>144</tp1:hr>
</tp1:TrackPointExtension>
</extensions>
</trkpt>
<trkpt lat="58.72276554" lon="15.80720362">
<ele>80.7</ele>
<time>2025-05-03T23:10:20Z</time>
<extensions>
<tp1:TrackPointExtension>
<tp1:hr>146</tp1:hr>
</tp1:TrackPointExtension>
</extensions>
</trkpt>
<trkpt lat="58.72280619" lon="15.80725215">
<ele>80.7</ele>
<time>2025-05-03T23:10:23Z</time>
<extensions>
<tp1:TrackPointExtension>
<tp1:hr>146</tp1:hr>
</tp1:TrackPointExtension>
</extensions>
</trkpt>
<trkpt lat="58.72281935" lon="15.80726204">
<ele>80.7</ele>
<time>2025-05-03T23:10:24Z</time>
<extensions>
<tp1:TrackPointExtension>
<tp1:hr>148</tp1:hr>
</tp1:TrackPointExtension>
</extensions>
</trkpt>
<trkpt lat="58.72288322" lon="15.8072421">
<ele>80.9</ele>
<time>2025-05-03T23:10:28Z</time>
<extensions>
<tp1:TrackPointExtension>
<tp1:hr>150</tp1:hr>
</tp1:TrackPointExtension>
</extensions>
</trkpt>
<trkpt lat="58.72291801" lon="15.80726749">
<ele>80.9</ele>
<time>2025-05-03T23:10:31Z</time>
<extensions>
<tp1:TrackPointExtension>
<tp1:hr>149</tp1:hr>
</tp1:TrackPointExtension>
</extensions>
</trkpt>
<trkpt lat="58.7229522" lon="15.80730504">
<ele>81.1</ele>
<time>2025-05-03T23:10:34Z</time>
<extensions>
<tp1:TrackPointExtension>
<tp1:hr>150</tp1:hr>
</tp1:TrackPointExtension>
</extensions>
</trkpt>
<trkpt lat="58.72305782" lon="15.80737839">
<ele>81.5</ele>
<time>2025-05-03T23:10:39Z</time>
<extensions>
<tp1:TrackPointExtension>
<tp1:hr>151</tp1:hr>
</tp1:TrackPointExtension>
</extensions>
</trkpt>
<trkpt lat="58.72308891" lon="15.80738693">
<ele>81.5</ele>
<time>2025-05-03T23:10:40Z</time>
<extensions>
<tp1:TrackPointExtension>
<tp1:hr>150</tp1:hr>
</tp1:TrackPointExtension>
</extensions>
</trkpt>
<trkpt lat="58.72314256" lon="15.80740076">
<ele>81.7</ele>
<time>2025-05-03T23:10:42Z</time>
<extensions>
<tp1:TrackPointExtension>
<tp1:hr>150</tp1:hr>
</tp1:TrackPointExtension>
</extensions>
</trkpt>
<trkpt lat="58.72316393" lon="15.80740605">
<ele>81.6</ele>
<time>2025-05-03T23:10:43Z</time>
<extensions>
<tp1:TrackPointExtension>
<tp1:hr>151</tp1:hr>
</tp1:TrackPointExtension>
</extensions>
</trkpt>
<trkpt lat="58.72328748" lon="15.80752281">
<ele>82.2</ele>
<time>2025-05-03T23:10:48Z</time>
<extensions>
<tp1:TrackPointExtension>
<tp1:hr>153</tp1:hr>
</tp1:TrackPointExtension>
</extensions>
</trkpt>
<trkpt lat="58.72336015" lon="15.80757704">
<ele>82.6</ele>
<time>2025-05-03T23:10:53Z</time>
<extensions>
<tp1:TrackPointExtension>
<tp1:hr>151</tp1:hr>
</tp1:TrackPointExtension>
</extensions>
</trkpt>
<trkpt lat="58.72339997" lon="15.80759875">
<ele>82.6</ele>
<time>2025-05-03T23:10:55Z</time>
<extensions>
<tp1:TrackPointExtension>
<tp1:hr>153</tp1:hr>
</tp1:TrackPointExtension>
</extensions>
</trkpt>
<trkpt lat="58.72351983" lon="15.80769815">
<ele>83.0</ele>
<time>2025-05-03T23:11:00Z</time>
<extensions>
<tp1:TrackPointExtension>
<tp1:hr>152</tp1:hr>
</tp1:TrackPointExtension>
</extensions>
</trkpt>
<trkpt lat="58.72365519" lon="15.80785196">
<ele>83.4</ele>
<time>2025-05-03T23:11:06Z</time>
<extensions>
<tp1:TrackPointExtension>
<tp1:hr>153</tp1:hr>
</tp1:TrackPointExtension>
</extensions>
</trkpt>
<trkpt lat="58.72371487" lon="15.80791483">
<ele>83.6</ele>
<time>2025-05-03T23:11:08Z</time>
<extensions>
<tp1:TrackPointExtension>
<tp1:hr>152</tp1:hr>
</tp1:TrackPointExtension>
</extensions>
</trkpt>
<trkpt lat="58.72375611" lon="15.80795431">
<ele>83.8</ele>
<time>2025-05-03T23:11:10Z</time>
<extensions>
<tp1:TrackPointExtension>
<tp1:hr>146</tp1:hr>
</tp1:TrackPointExtension>
</extensions>
</trkpt>
<trkpt lat="58.72380204" lon="15.80804508">
<ele>83.8</ele>
<time>2025-05-03T23:11:13Z</time>
<extensions>
<tp1:TrackPointExtension>
<tp1:hr>147</tp1:hr>
</tp1:TrackPointExtension>
</extensions>
</trkpt>
<trkpt lat="58.72385921" lon="15.80813292">
<ele>84.0</ele>
<time>2025-05-03T23:11:16Z</time>
<extensions>
<tp1:TrackPointExtension>
<tp1:hr>152</tp1:hr>
</tp1:TrackPointExtension>
</extensions>
</trkpt>
<trkpt lat="58.72387044" lon="15.80815924">
<ele>84.2</ele>
<time>2025-05-03T23:11:17Z</time>
<extensions>
<tp1:TrackPointExtension>
<tp1:hr>151</tp1:hr>
</tp1:TrackPointExtension>
</extensions>
</trkpt>
<trkpt lat="58.72389567" lon="15.80822462">
<ele>84.2</ele>
<time>2025-05-03T23:11:19Z</time>
<extensions>
<tp1:TrackPointExtension>
<tp1:hr>151</tp1:hr>
</tp1:TrackPointExtension>
</extensions>
</trkpt>
<trkpt lat="58.72398293" lon="15.80836804">
<ele>84.4</ele>
<time>2025-05-03T23:11:25Z</time>
<extensions>
<tp1:TrackPointExtension>
<tp1:hr>149</tp1:hr>
</tp1:TrackPointExtension>
</extensions>
</trkpt>
<trkpt lat="58.72416557" lon="15.80848916">
<ele>84.4</ele>
<time>2025-05-03T23:11:29Z</time>
<extensions>
<tp1:TrackPointExtension>
<tp1:hr>149</tp1:hr>
</tp1:TrackPointExtension>
</extensions>
</trkpt>
<trkpt lat="58.72419046" lon="15.80849527">
<ele>84.4</ele>
<time>2025-05-03T23:11:30Z</time>
<extensions>
<tp1:TrackPointExtension>
<tp1:hr>150</tp1:hr>
</tp1:TrackPointExtension>
</extensions>
</trkpt>
<trkpt lat="58.72421158" lon="15.80851078">
<ele>84.4</ele>
<time>2025-05-03T23:11:31Z</time>
<extensions>
<tp1:TrackPointExtension>
<tp1:hr>149</tp1:hr>
</tp1:TrackPointExtension>
</extensions>
</trkpt>
<trkpt lat="58.72427529" lon="15.80861078">
<ele>84.6</ele>
<time>2025-05-03T23:11:34Z</time>
<extensions>
<tp1:TrackPointExtension>
<tp1:hr>149</tp1:hr>
</tp1:TrackPointExtension>
</extensions>
</trkpt>
<trkpt lat="58.72432793" lon="15.80880306">
<ele>84.6</ele>
<time>2025-05-03T23:11:38Z</time>
<extensions>
<tp1:TrackPointExtension>
<tp1:hr>144</tp1:hr>
</tp1:TrackPointExtension>
</extensions>
</trkpt>
<trkpt lat="58.72435131" lon="15.80888277">
<ele>84.4</ele>
<time>2025-05-03T23:11:40Z</time>
<extensions>
<tp1:TrackPointExtension>
<tp1:hr>142</tp1:hr>
</tp1:TrackPointExtension>
</extensions>
</trkpt>
<trkpt lat="58.72436631" lon="15.80890305">
<ele>84.4</ele>
<time>2025-05-03T23:11:41Z</time>
<extensions>
<tp1:TrackPointExtension>
<tp1:hr>144</tp1:hr>
</tp1:TrackPointExtension>
</extensions>
</trkpt>
<trkpt lat="58.72443873" lon="15.80896726">
<ele>84.3</ele>
<time>2025-05-03T23:11:45Z</time>
<extensions>
<tp1:TrackPointExtension>
<tp1:hr>145</tp1:hr>
</tp1:TrackPointExtension>
</extensions>
</trkpt>
<trkpt lat="58.72450252" lon="15.80904228">
<ele>84.3</ele>
<time>2025-05-03T23:11:49Z</time>
<extensions>
<tp1:TrackPointExtension>
<tp1:hr>148</tp1:hr>
</tp1:TrackPointExtension>
</extensions>
</trkpt>
<trkpt lat="58.72451166" lon="15.80906717">
<ele>84.3</ele>
<time>2025-05-03T23:11:50Z</time>
<extensions>
<tp1:TrackPointExtension>
<tp1:hr>151</tp1:hr>
</tp1:TrackPointExtension>
</extensions>
</trkpt>
<trkpt lat="58.72451711" lon="15.80908645">
<ele>84.3</ele>
<time>2025-05-03T23:11:51Z</time>
<extensions>
<tp1:TrackPointExtension>
<tp1:hr>150</tp1:hr>
</tp1:TrackPointExtension>
</extensions>
</trkpt>
<trkpt lat="58.72452884" lon="15.80911453">
<ele>84.3</ele>
<time>2025-05-03T23:11:53Z</time>
<extensions>
<tp1:TrackPointExtension>
<tp1:hr>150</tp1:hr>
</tp1:TrackPointExtension>
</extensions>
</trkpt>
<trkpt lat="58.7245881" lon="15.80916851">
<ele>84.3</ele>
<time>2025-05-03T23:11:58Z</time>
<extensions>
<tp1:TrackPointExtension>
<tp1:hr>152</tp1:hr>
</tp1:TrackPointExtension>
</extensions>
</trkpt>
<trkpt lat="58.72464694" lon="15.8091908">
<ele>84.3</ele>
<time>2025-05-03T23:12:00Z</time>
<extensions>
<tp1:TrackPointExtension>
<tp1:hr>152</tp1:hr>
</tp1:TrackPointExtension>
</extensions>
</trkpt>
<trkpt lat="58.72466303" lon="15.80919726">
<ele>84.3</ele>
<time>2025-05-03T23:12:01Z</time>
<extensions>
<tp1:TrackPointExtension>
<tp1:hr>149</tp1:hr>
</tp1:TrackPointExtension>
</extensions>
</trkpt>
<trkpt lat="58.72471173" lon="15.80923095">
<ele>84.3</ele>
<time>2025-05-03T23:12:03Z</time>
<extensions>
<tp1:TrackPointExtension>
<tp1:hr>150</tp1:hr>
</tp1:TrackPointExtension>
</extensions>
</trkpt>
<trkpt lat="58.72480217" lon="15.80928477">
<ele>84.3</ele>
<time>2025-05-03T23:12:07Z</time>
<extensions>
<tp1:TrackPointExtension>
<tp1:hr>153</tp1:hr>
</tp1:TrackPointExtension>
</extensions>
</trkpt>
<trkpt lat="58.72482212" lon="15.80928292">
<ele>84.3</ele>
<time>2025-05-03T23:12:08Z</time>
<extensions>
<tp1:TrackPointExtension>
<tp1:hr>150</tp1:hr>
</tp1:TrackPointExtension>
</extensions>
</trkpt>
<trkpt lat="58.72484333" lon="15.80929583">
<ele>84.3</ele>
<time>2025-05-03T23:12:09Z</time>
<extensions>
<tp1:TrackPointExtension>
<tp1:hr>148</tp1:hr>
</tp1:TrackPointExtension>
</extensions>
</trkpt>
<trkpt lat="58.72497903" lon="15.80927806">
<ele>84.3</ele>
<time>2025-05-03T23:12:14Z</time>
<extensions>
<tp1:TrackPointExtension>
<tp1:hr>149</tp1:hr>
</tp1:TrackPointExtension>
</extensions>
</trkpt>
<trkpt lat="58.72512924" lon="15.80926037">
<ele>84.1</ele>
<time>2025-05-03T23:12:19Z</time>
<extensions>
<tp1:TrackPointExtension>
<tp1:hr>150</tp1:hr>
</tp1:TrackPointExtension>
</extensions>
</trkpt>
<trkpt lat="58.72514684" lon="15.80924923">
<ele>84.1</ele>
<time>2025-05-03T23:12:20Z</time>
<extensions>
<tp1:TrackPointExtension>
<tp1:hr>150</tp1:hr>
</tp1:TrackPointExtension>
</extensions>
</trkpt>
<trkpt lat="58.72519118" lon="15.80921033">
<ele>84.1</ele>
<time>2025-05-03T23:12:24Z</time>
<extensions>
<tp1:TrackPointExtension>
<tp1:hr>152</tp1:hr>
</tp1:TrackPointExtension>
</extensions>
</trkpt>
<trkpt lat="58.72520191" lon="15.80920463">
<ele>84.1</ele>
<time>2025-05-03T23:12:25Z</time>
<extensions>
<tp1:TrackPointExtension>
<tp1:hr>151</tp1:hr>
</tp1:TrackPointExtension>
</extensions>
</trkpt>
<trkpt lat="58.72521683" lon="15.80920254">
<ele>84.1</ele>
<time>2025-05-03T23:12:26Z</time>
<extensions>
<tp1:TrackPointExtension>
<tp1:hr>147</tp1:hr>
</tp1:TrackPointExtension>
</extensions>
</trkpt>
<trkpt lat="58.7252615" lon="15.8092333">
<ele>84.1</ele>
<time>2025-05-03T23:12:29Z</time>
<extensions>
<tp1:TrackPointExtension>
<tp1:hr>145</tp1:hr>
</tp1:TrackPointExtension>
</extensions>
</trkpt>
<trkpt lat="58.72529495" lon="15.8092623">
<ele>84.1</ele>
<time>2025-05-03T23:12:31Z</time>
<extensions>
<tp1:TrackPointExtension>
<tp1:hr>146</tp1:hr>
</tp1:TrackPointExtension>
</extensions>
</trkpt>
<trkpt lat="58.72530987" lon="15.80932684">
<ele>84.1</ele>
<time>2025-05-03T23:12:33Z</time>
<extensions>
<tp1:TrackPointExtension>
<tp1:hr>146</tp1:hr>
</tp1:TrackPointExtension>
</extensions>
</trkpt>
<trkpt lat="58.72536846" lon="15.80949582">
<ele>83.9</ele>
<time>2025-05-03T23:12:39Z</time>
<extensions>
<tp1:TrackPointExtension>
<tp1:hr>143</tp1:hr>
</tp1:TrackPointExtension>
</extensions>
</trkpt>
<trkpt lat="58.72535622" lon="15.8094799">
<ele>83.7</ele>
<time>2025-05-03T23:12:44Z</time>
<extensions>
<tp1:TrackPointExtension>
<tp1:hr>142</tp1:hr>
</tp1:TrackPointExtension>
</extensions>
</trkpt>
<trkpt lat="58.72537072" lon="15.80943044">
<ele>83.6</ele>
<time>2025-05-03T23:12:47Z</time>
<extensions>
<tp1:TrackPointExtension>
<tp1:hr>138</tp1:hr>
</tp1:TrackPointExtension>
</extensions>
</trkpt>
<trkpt lat="58.72539461" lon="15.80934654">
<ele>83.6</ele>
<time>2025-05-03T23:12:50Z</time>
<extensions>
<tp1:TrackPointExtension>
<tp1:hr>136</tp1:hr>
</tp1:TrackPointExtension>
</extensions>
</trkpt>
<trkpt lat="58.72542637" lon="15.80929843">
<ele>83.6</ele>
<time>2025-05-03T23:12:52Z</time>
<extensions>
<tp1:TrackPointExtension>
<tp1:hr>132</tp1:hr>
</tp1:TrackPointExtension>
</extensions>
</trkpt>
<trkpt lat="58.72547273" lon="15.80925895">
<ele>83.6</ele>
<time>2025-05-03T23:12:54Z</time>
<extensions>
<tp1:TrackPointExtension>
<tp1:hr>130</tp1:hr>
</tp1:TrackPointExtension>
</extensions>
</trkpt>
<trkpt lat="58.7255107" lon="15.80919759">
<ele>83.4</ele>
<time>2025-05-03T23:12:56Z</time>
<extensions>
<tp1:TrackPointExtension>
<tp1:hr>127</tp1:hr>
</tp1:TrackPointExtension>
</extensions>
</trkpt>
<trkpt lat="58.7255423" lon="15.80912886">
<ele>83.4</ele>
<time>2025-05-03T23:12:58Z</time>
<extensions>
<tp1:TrackPointExtension>
<tp1:hr>124</tp1:hr>
</tp1:TrackPointExtension>
</extensions>
</trkpt>
<trkpt lat="58.72556434" lon="15.80907689">
<ele>83.4</ele>
<time>2025-05-03T23:13:00Z</time>
<extensions>
<tp1:TrackPointExtension>
<tp1:hr>124</tp1:hr>
</tp1:TrackPointExtension>
</extensions>
</trkpt>
<trkpt lat="58.72557918" lon="15.80905703">
<ele>83.4</ele>
<time>2025-05-03T23:13:01Z</time>
<extensions>
<tp1:TrackPointExtension>
<tp1:hr>124</tp1:hr>
</tp1:TrackPointExtension>
</extensions>
</trkpt>
<trkpt lat="58.72561363" lon="15.80902711">
<ele>83.4</ele>
<time>2025-05-03T23:13:03Z</time>
<extensions>
<tp1:TrackPointExtension>
<tp1:hr>130</tp1:hr>
</tp1:TrackPointExtension>
</extensions>
</trkpt>
<trkpt lat="58.72563307" lon="15.80899819">
<ele>83.2</ele>
<time>2025-05-03T23:13:04Z</time>
<extensions>
<tp1:TrackPointExtension>
<tp1:hr>132</tp1:hr>
</tp1:TrackPointExtension>
</extensions>
</trkpt>
<trkpt lat="58.72569208" lon="15.80881672">
<ele>83.0</ele>
<time>2025-05-03T23:13:09Z</time>
<extensions>
<tp1:TrackPointExtension>
<tp1:hr>133</tp1:hr>
</tp1:TrackPointExtension>
</extensions>
</trkpt>
<trkpt lat="58.72570356" lon="15.80873055">
<ele>83.0</ele>
<time>2025-05-03T23:13:11Z</time>
<extensions>
<tp1:TrackPointExtension>
<tp1:hr>138</tp1:hr>
</tp1:TrackPointExtension>
</extensions>
</trkpt>
<trkpt lat="58.72570239" lon="15.80862226">
<ele>82.8</ele>
<time>2025-05-03T23:13:14Z</time>
<extensions>
<tp1:TrackPointExtension>
<tp1:hr>137</tp1:hr>
</tp1:TrackPointExtension>
</extensions>
</trkpt>
<trkpt lat="58.72570013" lon="15.80838229">
<ele>82.8</ele>
<time>2025-05-03T23:13:19Z</time>
<extensions>
<tp1:TrackPointExtension>
<tp1:hr>137</tp1:hr>
</tp1:TrackPointExtension>
</extensions>
</trkpt>
<trkpt lat="58.72573801" lon="15.80825731">
<ele>82.6</ele>
<time>2025-05-03T23:13:23Z</time>
<extensions>
<tp1:TrackPointExtension>
<tp1:hr>138</tp1:hr>
</tp1:TrackPointExtension>
</extensions>
</trkpt>
<trkpt lat="58.725764" lon="15.80822395">
<ele>82.6</ele>
<time>2025-05-03T23:13:25Z</time>
<extensions>
<tp1:TrackPointExtension>
<tp1:hr>138</tp1:hr>
</tp1:TrackPointExtension>
</extensions>
</trkpt>
<trkpt lat="58.72577682" lon="15.80814416">
<ele>82.6</ele>
<time>2025-05-03T23:13:27Z</time>
<extensions>
<tp1:TrackPointExtension>
<tp1:hr>137</tp1:hr>
</tp1:TrackPointExtension>
</extensions>
</trkpt>
<trkpt lat="58.72578688" lon="15.80799437">
<ele>82.4</ele>
<time>2025-05-03T23:13:32Z</time>
<extensions>
<tp1:TrackPointExtension>
<tp1:hr>138</tp1:hr>
</tp1:TrackPointExtension>
</extensions>
</trkpt>
<trkpt lat="58.72578269" lon="15.80796621">
<ele>82.4</ele>
<time>2025-05-03T23:13:33Z</time>
<extensions>
<tp1:TrackPointExtension>
<tp1:hr>139</tp1:hr>
</tp1:TrackPointExtension>
</extensions>
</trkpt>
<trkpt lat="58.72578051" lon="15.80787166">
<ele>82.4</ele>
<time>2025-05-03T23:13:36Z</time>
<extensions>
<tp1:TrackPointExtension>
<tp1:hr>139</tp1:hr>
</tp1:TrackPointExtension>
</extensions>
</trkpt>
<trkpt lat="58.72579333" lon="15.80783453">
<ele>82.2</ele>
<time>2025-05-03T23:13:37Z</time>
<extensions>
<tp1:TrackPointExtension>
<tp1:hr>138</tp1:hr>
</tp1:TrackPointExtension>
</extensions>
</trkpt>
<trkpt lat="58.72587112" lon="15.80770276">
<ele>82.2</ele>
<time>2025-05-03T23:13:42Z</time>
<extensions>
<tp1:TrackPointExtension>
<tp1:hr>136</tp1:hr>
</tp1:TrackPointExtension>
</extensions>
</trkpt>
<trkpt lat="58.72590146" lon="15.80762976">
<ele>82.2</ele>
<time>2025-05-03T23:13:44Z</time>
<extensions>
<tp1:TrackPointExtension>
<tp1:hr>137</tp1:hr>
</tp1:TrackPointExtension>
</extensions>
</trkpt>
<trkpt lat="58.72594278" lon="15.80761165">
<ele>82.2</ele>
<time>2025-05-03T23:13:46Z</time>
<extensions>
<tp1:TrackPointExtension>
<tp1:hr>136</tp1:hr>
</tp1:TrackPointExtension>
</extensions>
</trkpt>
<trkpt lat="58.72600095" lon="15.80767519">
<ele>82.2</ele>
<time>2025-05-03T23:13:48Z</time>
<extensions>
<tp1:TrackPointExtension>
<tp1:hr>137</tp1:hr>
</tp1:TrackPointExtension>
</extensions>
</trkpt>
<trkpt lat="58.72601269" lon="15.80769572">
<ele>82.1</ele>
<time>2025-05-03T23:13:49Z</time>
<extensions>
<tp1:TrackPointExtension>
<tp1:hr>137</tp1:hr>
</tp1:TrackPointExtension>
</extensions>
</trkpt>
<trkpt lat="58.72602828" lon="15.80770578">
<ele>82.1</ele>
<time>2025-05-03T23:13:51Z</time>
<extensions>
<tp1:TrackPointExtension>
<tp1:hr>138</tp1:hr>
</tp1:TrackPointExtension>
</extensions>
</trkpt>
<trkpt lat="58.72608025" lon="15.80767712">
<ele>81.9</ele>
<time>2025-05-03T23:13:54Z</time>
<extensions>
<tp1:TrackPointExtension>
<tp1:hr>138</tp1:hr>
</tp1:TrackPointExtension>
</extensions>
</trkpt>
<trkpt lat="58.72609944" lon="15.80766396">
<ele>81.9</ele>
<time>2025-05-03T23:13:55Z</time>
<extensions>
<tp1:TrackPointExtension>
<tp1:hr>137</tp1:hr>
</tp1:TrackPointExtension>
</extensions>
</trkpt>
<trkpt lat="58.7261577" lon="15.80767259">
<ele>81.7</ele>
<time>2025-05-03T23:13:58Z</time>
<extensions>
<tp1:TrackPointExtension>
<tp1:hr>140</tp1:hr>
</tp1:TrackPointExtension>
</extensions>
</trkpt>
<trkpt lat="58.7261779" lon="15.80767234">
<ele>81.7</ele>
<time>2025-05-03T23:13:59Z</time>
<extensions>
<tp1:TrackPointExtension>
<tp1:hr>139</tp1:hr>
</tp1:TrackPointExtension>
</extensions>
</trkpt>
<trkpt lat="58.72619592" lon="15.80765608">
<ele>81.7</ele>
<time>2025-05-03T23:14:00Z</time>
<extensions>
<tp1:TrackPointExtension>
<tp1:hr>140</tp1:hr>
</tp1:TrackPointExtension>
</extensions>
</trkpt>
<trkpt lat="58.72628099" lon="15.80756639">
<ele>81.5</ele>
<time>2025-05-03T23:14:04Z</time>
<extensions>
<tp1:TrackPointExtension>
<tp1:hr>143</tp1:hr>
</tp1:TrackPointExtension>
</extensions>
</trkpt>
<trkpt lat="58.726296" lon="15.8075197">
<ele>81.3</ele>
<time>2025-05-03T23:14:05Z</time>
<extensions>
<tp1:TrackPointExtension>
<tp1:hr>142</tp1:hr>
</tp1:TrackPointExtension>
</extensions>
</trkpt>
<trkpt lat="58.72631184" lon="15.80740001">
<ele>81.3</ele>
<time>2025-05-03T23:14:07Z</time>
<extensions>
<tp1:TrackPointExtension>
<tp1:hr>144</tp1:hr>
</tp1:TrackPointExtension>
</extensions>
</trkpt>
<trkpt lat="58.72632458" lon="15.80734997">
<ele>81.1</ele>
<time>2025-05-03T23:14:08Z</time>
<extensions>
<tp1:TrackPointExtension>
<tp1:hr>144</tp1:hr>
</tp1:TrackPointExtension>
</extensions>
</trkpt>
<trkpt lat="58.72638769" lon="15.8071768">
<ele>80.9</ele>
<time>2025-05-03T23:14:13Z</time>
<extensions>
<tp1:TrackPointExtension>
<tp1:hr>145</tp1:hr>
</tp1:TrackPointExtension>
</extensions>
</trkpt>
<trkpt lat="58.72647336" lon="15.80697128">
<ele>80.5</ele>
<time>2025-05-03T23:14:18Z</time>
<extensions>
<tp1:TrackPointExtension>
<tp1:hr>145</tp1:hr>
</tp1:TrackPointExtension>
</extensions>
</trkpt>
<trkpt lat="58.72654075" lon="15.80669266">
<ele>80.1</ele>
<time>2025-05-03T23:14:23Z</time>
<extensions>
<tp1:TrackPointExtension>
<tp1:hr>146</tp1:hr>
</tp1:TrackPointExtension>
</extensions>
</trkpt>
<trkpt lat="58.72659096" lon="15.80642184">
<ele>79.9</ele>
<time>2025-05-03T23:14:28Z</time>
<extensions>
<tp1:TrackPointExtension>
<tp1:hr>145</tp1:hr>
</tp1:TrackPointExtension>
</extensions>
</trkpt>
<trkpt lat="58.72666664" lon="15.80616293">
<ele>79.5</ele>
<time>2025-05-03T23:14:34Z</time>
<extensions>
<tp1:TrackPointExtension>
<tp1:hr>146</tp1:hr>
</tp1:TrackPointExtension>
</extensions>
</trkpt>
<trkpt lat="58.72668743" lon="15.80606838">
<ele>79.3</ele>
<time>2025-05-03T23:14:38Z</time>
<extensions>
<tp1:TrackPointExtension>
<tp1:hr>146</tp1:hr>
</tp1:TrackPointExtension>
</extensions>
</trkpt>
<trkpt lat="58.72668559" lon="15.80604541">
<ele>79.3</ele>
<time>2025-05-03T23:14:39Z</time>
<extensions>
<tp1:TrackPointExtension>
<tp1:hr>146</tp1:hr>
</tp1:TrackPointExtension>
</extensions>
</trkpt>
<trkpt lat="58.72667318" lon="15.80591926">
<ele>79.1</ele>
<time>2025-05-03T23:14:42Z</time>
<extensions>
<tp1:TrackPointExtension>
<tp1:hr>144</tp1:hr>
</tp1:TrackPointExtension>
</extensions>
</trkpt>
<trkpt lat="58.72669011" lon="15.80581608">
<ele>79.1</ele>
<time>2025-05-03T23:14:44Z</time>
<extensions>
<tp1:TrackPointExtension>
<tp1:hr>147</tp1:hr>
</tp1:TrackPointExtension>
</extensions>
</trkpt>
<trkpt lat="58.72669682" lon="15.80577057">
<ele>78.9</ele>
<time>2025-05-03T23:14:45Z</time>
<extensions>
<tp1:TrackPointExtension>
<tp1:hr>145</tp1:hr>
</tp1:TrackPointExtension>
</extensions>
</trkpt>
<trkpt lat="58.72675356" lon="15.80549732">
<ele>78.6</ele>
<time>2025-05-03T23:14:51Z</time>
<extensions>
<tp1:TrackPointExtension>
<tp1:hr>145</tp1:hr>
</tp1:TrackPointExtension>
</extensions>
</trkpt>
<trkpt lat="58.72679765" lon="15.80533806">
<ele>78.4</ele>
<time>2025-05-03T23:14:54Z</time>
<extensions>
<tp1:TrackPointExtension>
<tp1:hr>148</tp1:hr>
</tp1:TrackPointExtension>
</extensions>
</trkpt>
<trkpt lat="58.72682531" lon="15.80524938">
<ele>78.4</ele>
<time>2025-05-03T23:14:56Z</time>
<extensions>
<tp1:TrackPointExtension>
<tp1:hr>152</tp1:hr>
</tp1:TrackPointExtension>
</extensions>
</trkpt>
<trkpt lat="58.72685079" lon="15.80518375">
<ele>78.4</ele>
<time>2025-05-03T23:14:58Z</time>
<extensions>
<tp1:TrackPointExtension>
<tp1:hr>155</tp1:hr>
</tp1:TrackPointExtension>
</extensions>
</trkpt>
<trkpt lat="58.72689866" lon="15.80508602">
<ele>78.2</ele>
<time>2025-05-03T23:15:02Z</time>
<extensions>
<tp1:TrackPointExtension>
<tp1:hr>154</tp1:hr>
</tp1:TrackPointExtension>
</extensions>
</trkpt>
<trkpt lat="58.72692581" lon="15.80502751">
<ele>78.2</ele>
<time>2025-05-03T23:15:04Z</time>
<extensions>
<tp1:TrackPointExtension>
<tp1:hr>150</tp1:hr>
</tp1:TrackPointExtension>
</extensions>
</trkpt>
<trkpt lat="58.72696999" lon="15.80491788">
<ele>78.2</ele>
<time>2025-05-03T23:15:07Z</time>
<extensions>
<tp1:TrackPointExtension>
<tp1:hr>149</tp1:hr>
</tp1:TrackPointExtension>
</extensions>
</trkpt>
<trkpt lat="58.72702187" lon="15.8047774">
<ele>78.2</ele>
<time>2025-05-03T23:15:13Z</time>
<extensions>
<tp1:TrackPointExtension>
<tp1:hr>149</tp1:hr>
</tp1:TrackPointExtension>
</extensions>
</trkpt>
<trkpt lat="58.7270383" lon="15.8048183">
<ele>78.2</ele>
<time>2025-05-03T23:15:14Z</time>
<extensions>
<tp1:TrackPointExtension>
<tp1:hr>149</tp1:hr>
</tp1:TrackPointExtension>
</extensions>
</trkpt>
<trkpt lat="58.7270668" lon="15.80485241">
<ele>78.0</ele>
<time>2025-05-03T23:15:17Z</time>
<extensions>
<tp1:TrackPointExtension>
<tp1:hr>146</tp1:hr>
</tp1:TrackPointExtension>
</extensions>
</trkpt>
<trkpt lat="58.7270906" lon="15.80484185">
<ele>78.0</ele>
<time>2025-05-03T23:15:18Z</time>
<extensions>
<tp1:TrackPointExtension>
<tp1:hr>147</tp1:hr>
</tp1:TrackPointExtension>
</extensions>
</trkpt>
<trkpt lat="58.72710929" lon="15.80485133">
<ele>78.0</ele>
<time>2025-05-03T23:15:19Z</time>
<extensions>
<tp1:TrackPointExtension>
<tp1:hr>148</tp1:hr>
</tp1:TrackPointExtension>
</extensions>
</trkpt>
<trkpt lat="58.72722195" lon="15.80481621">
<ele>77.8</ele>
<time>2025-05-03T23:15:25Z</time>
<extensions>
<tp1:TrackPointExtension>
<tp1:hr>149</tp1:hr>
</tp1:TrackPointExtension>
</extensions>
</trkpt>
<trkpt lat="58.72735991" lon="15.80478117">
<ele>77.6</ele>
<time>2025-05-03T23:15:30Z</time>
<extensions>
<tp1:TrackPointExtension>
<tp1:hr>149</tp1:hr>
</tp1:TrackPointExtension>
</extensions>
</trkpt>
<trkpt lat="58.72745588" lon="15.80469349">
<ele>77.4</ele>
<time>2025-05-03T23:15:34Z</time>
<extensions>
<tp1:TrackPointExtension>
<tp1:hr>148</tp1:hr>
</tp1:TrackPointExtension>
</extensions>
</trkpt>
<trkpt lat="58.72748941" lon="15.80463574">
<ele>77.4</ele>
<time>2025-05-03T23:15:36Z</time>
<extensions>
<tp1:TrackPointExtension>
<tp1:hr>149</tp1:hr>
</tp1:TrackPointExtension>
</extensions>
</trkpt>
<trkpt lat="58.72753903" lon="15.80447481">
<ele>77.2</ele>
<time>2025-05-03T23:15:40Z</time>
<extensions>
<tp1:TrackPointExtension>
<tp1:hr>146</tp1:hr>
</tp1:TrackPointExtension>
</extensions>
</trkpt>
<trkpt lat="58.72754926" lon="15.80444128">
<ele>77.2</ele>
<time>2025-05-03T23:15:41Z</time>
<extensions>
<tp1:TrackPointExtension>
<tp1:hr>146</tp1:hr>
</tp1:TrackPointExtension>
</extensions>
</trkpt>
<trkpt lat="58.72761196" lon="15.80431639">
<ele>77.2</ele>
<time>2025-05-03T23:15:47Z</time>
<extensions>
<tp1:TrackPointExtension>
<tp1:hr>148</tp1:hr>
</tp1:TrackPointExtension>
</extensions>
</trkpt>
<trkpt lat="58.72762629" lon="15.80430541">
<ele>77.2</ele>
<time>2025-05-03T23:15:48Z</time>
<extensions>
<tp1:TrackPointExtension>
<tp1:hr>148</tp1:hr>
</tp1:TrackPointExtension>
</extensions>
</trkpt>
<trkpt lat="58.7276511" lon="15.80428345">
<ele>77.2</ele>
<time>2025-05-03T23:15:50Z</time>
<extensions>
<tp1:TrackPointExtension>
<tp1:hr>147</tp1:hr>
</tp1:TrackPointExtension>
</extensions>
</trkpt>
<trkpt lat="58.72768614" lon="15.80427893">
<ele>77.1</ele>
<time>2025-05-03T23:15:52Z</time>
<extensions>
<tp1:TrackPointExtension>
<tp1:hr>147</tp1:hr>
</tp1:TrackPointExtension>
</extensions>
</trkpt>
<trkpt lat="58.72771589" lon="15.80427088">
<ele>77.1</ele>
<time>2025-05-03T23:15:53Z</time>
<extensions>
<tp1:TrackPointExtension>
<tp1:hr>148</tp1:hr>
</tp1:TrackPointExtension>
</extensions>
</trkpt>
<trkpt lat="58.72778404" lon="15.80416351">
<ele>77.1</ele>
<time>2025-05-03T23:15:57Z</time>
<extensions>
<tp1:TrackPointExtension>
<tp1:hr>147</tp1:hr>
</tp1:TrackPointExtension>
</extensions>
</trkpt>
<trkpt lat="58.72784187" lon="15.80390358">
<ele>77.3</ele>
<time>2025-05-03T23:16:02Z</time>
<extensions>
<tp1:TrackPointExtension>
<tp1:hr>147</tp1:hr>
</tp1:TrackPointExtension>
</extensions>
</trkpt>
<trkpt lat="58.72790951" lon="15.80370854">
<ele>77.3</ele>
<time>2025-05-03T23:16:07Z</time>
<extensions>
<tp1:TrackPointExtension>
<tp1:hr>147</tp1:hr>
</tp1:TrackPointExtension>
</extensions>
</trkpt>
<trkpt lat="58.72800926" lon="15.803529">
<ele>77.5</ele>
<time>2025-05-03T23:16:12Z</time>
<extensions>
<tp1:TrackPointExtension>
<tp1:hr>149</tp1:hr>
</tp1:TrackPointExtension>
</extensions>
</trkpt>
<trkpt lat="58.72810624" lon="15.80335264">
<ele>77.5</ele>
<time>2025-05-03T23:16:18Z</time>
<extensions>
<tp1:TrackPointExtension>
<tp1:hr>147</tp1:hr>
</tp1:TrackPointExtension>
</extensions>
</trkpt>
<trkpt lat="58.72812577" lon="15.80330604">
<ele>77.7</ele>
<time>2025-05-03T23:16:20Z</time>
<extensions>
<tp1:TrackPointExtension>
<tp1:hr>148</tp1:hr>
</tp1:TrackPointExtension>
</extensions>
</trkpt>
<trkpt lat="58.72812007" lon="15.80326019">
<ele>77.7</ele>
<time>2025-05-03T23:16:22Z</time>
<extensions>
<tp1:TrackPointExtension>
<tp1:hr>151</tp1:hr>
</tp1:TrackPointExtension>
</extensions>
</trkpt>
<trkpt lat="58.72810339" lon="15.8030923">
<ele>77.9</ele>
<time>2025-05-03T23:16:27Z</time>
<extensions>
<tp1:TrackPointExtension>
<tp1:hr>151</tp1:hr>
</tp1:TrackPointExtension>
</extensions>
</trkpt>
<trkpt lat="58.72808059" lon="15.80303899">
<ele>77.9</ele>
<time>2025-05-03T23:16:29Z</time>
<extensions>
<tp1:TrackPointExtension>
<tp1:hr>150</tp1:hr>
</tp1:TrackPointExtension>
</extensions>
</trkpt>
<trkpt lat="58.72803348" lon="15.80294268">
<ele>78.1</ele>
<time>2025-05-03T23:16:32Z</time>
<extensions>
<tp1:TrackPointExtension>
<tp1:hr>148</tp1:hr>
</tp1:TrackPointExtension>
</extensions>
</trkpt>
<trkpt lat="58.72799937" lon="15.80289206">
<ele>78.1</ele>
<time>2025-05-03T23:16:35Z</time>
<extensions>
<tp1:TrackPointExtension>
<tp1:hr>148</tp1:hr>
</tp1:TrackPointExtension>
</extensions>
</trkpt>
<trkpt lat="58.72797146" lon="15.80287487">
<ele>78.3</ele>
<time>2025-05-03T23:16:37Z</time>
<extensions>
<tp1:TrackPointExtension>
<tp1:hr>149</tp1:hr>
</tp1:TrackPointExtension>
</extensions>
</trkpt>
<trkpt lat="58.72788185" lon="15.80284998">
<ele>78.5</ele>
<time>2025-05-03T23:16:43Z</time>
<extensions>
<tp1:TrackPointExtension>
<tp1:hr>150</tp1:hr>
</tp1:TrackPointExtension>
</extensions>
</trkpt>
<trkpt lat="58.7278707" lon="15.80284721">
<ele>78.5</ele>
<time>2025-05-03T23:16:44Z</time>
<extensions>
<tp1:TrackPointExtension>
<tp1:hr>149</tp1:hr>
</tp1:TrackPointExtension>
</extensions>
</trkpt>
<trkpt lat="58.72783433" lon="15.80283799">
<ele>78.7</ele>
<time>2025-05-03T23:16:47Z</time>
<extensions>
<tp1:TrackPointExtension>
<tp1:hr>150</tp1:hr>
</tp1:TrackPointExtension>
</extensions>
</trkpt>
<trkpt lat="58.72779988" lon="15.80284872">
<ele>78.9</ele>
<time>2025-05-03T23:16:49Z</time>
<extensions>
<tp1:TrackPointExtension>
<tp1:hr>149</tp1:hr>
</tp1:TrackPointExtension>
</extensions>
</trkpt>
<trkpt lat="58.72778001" lon="15.80284436">
<ele>78.9</ele>
<time>2025-05-03T23:16:50Z</time>
<extensions>
<tp1:TrackPointExtension>
<tp1:hr>149</tp1:hr>
</tp1:TrackPointExtension>
</extensions>
</trkpt>
<trkpt lat="58.72774296" lon="15.80276809">
<ele>79.1</ele>
<time>2025-05-03T23:16:52Z</time>
<extensions>
<tp1:TrackPointExtension>
<tp1:hr>149</tp1:hr>
</tp1:TrackPointExtension>
</extensions>
</trkpt>
<trkpt lat="58.7277179" lon="15.80272911">
<ele>79.0</ele>
<time>2025-05-03T23:16:55Z</time>
<extensions>
<tp1:TrackPointExtension>
<tp1:hr>153</tp1:hr>
</tp1:TrackPointExtension>
</extensions>
</trkpt>
<trkpt lat="58.72770189" lon="15.8027178">
<ele>79.2</ele>
<time>2025-05-03T23:16:56Z</time>
<extensions>
<tp1:TrackPointExtension>
<tp1:hr>155</tp1:hr>
</tp1:TrackPointExtension>
</extensions>
</trkpt>
<trkpt lat="58.72767599" lon="15.80270237">
<ele>79.2</ele>
<time>2025-05-03T23:16:57Z</time>
<extensions>
<tp1:TrackPointExtension>
<tp1:hr>158</tp1:hr>
</tp1:TrackPointExtension>
</extensions>
</trkpt>
<trkpt lat="58.72765269" lon="15.80265795">
<ele>79.2</ele>
<time>2025-05-03T23:16:58Z</time>
<extensions>
<tp1:TrackPointExtension>
<tp1:hr>161</tp1:hr>
</tp1:TrackPointExtension>
</extensions>
</trkpt>
<trkpt lat="58.72761388" lon="15.80259198">
<ele>79.4</ele>
<time>2025-05-03T23:17:00Z</time>
<extensions>
<tp1:TrackPointExtension>
<tp1:hr>162</tp1:hr>
</tp1:TrackPointExtension>
</extensions>
</trkpt>
<trkpt lat="58.72751137" lon="15.80242284">
<ele>80.0</ele>
<time>2025-05-03T23:17:07Z</time>
<extensions>
<tp1:TrackPointExtension>
<tp1:hr>164</tp1:hr>
</tp1:TrackPointExtension>
</extensions>
</trkpt>
<trkpt lat="58.72747533" lon="15.80225369">
<ele>80.4</ele>
<time>2025-05-03T23:17:11Z</time>
<extensions>
<tp1:TrackPointExtension>
<tp1:hr>161</tp1:hr>
</tp1:TrackPointExtension>
</extensions>
</trkpt>
<trkpt lat="58.72747349" lon="15.80216467">
<ele>80.4</ele>
<time>2025-05-03T23:17:13Z</time>
<extensions>
<tp1:TrackPointExtension>
<tp1:hr>162</tp1:hr>
</tp1:TrackPointExtension>
</extensions>
</trkpt>
<trkpt lat="58.72738774" lon="15.8019392">
<ele>81.0</ele>
<time>2025-05-03T23:17:18Z</time>
<extensions>
<tp1:TrackPointExtension>
<tp1:hr>164</tp1:hr>
</tp1:TrackPointExtension>
</extensions>
</trkpt>
<trkpt lat="58.72734566" lon="15.80187349">
<ele>81.0</ele>
<time>2025-05-03T23:17:20Z</time>
<extensions>
<tp1:TrackPointExtension>
<tp1:hr>165</tp1:hr>
</tp1:TrackPointExtension>
</extensions>
</trkpt>
<trkpt lat="58.72727416" lon="15.80174474">
<ele>81.2</ele>
<time>2025-05-03T23:17:23Z</time>
<extensions>
<tp1:TrackPointExtension>
<tp1:hr>165</tp1:hr>
</tp1:TrackPointExtension>
</extensions>
</trkpt>
<trkpt lat="58.72719345" lon="15.80153083">
<ele>81.6</ele>
<time>2025-05-03T23:17:28Z</time>
<extensions>
<tp1:TrackPointExtension>
<tp1:hr>166</tp1:hr>
</tp1:TrackPointExtension>
</extensions>
</trkpt>
<trkpt lat="58.72713368" lon="15.80133134">
<ele>81.8</ele>
<time>2025-05-03T23:17:33Z</time>
<extensions>
<tp1:TrackPointExtension>
<tp1:hr>168</tp1:hr>
</tp1:TrackPointExtension>
</extensions>
</trkpt>
<trkpt lat="58.72706126" lon="15.80112197">
<ele>81.8</ele>
<time>2025-05-03T23:17:38Z</time>
<extensions>
<tp1:TrackPointExtension>
<tp1:hr>167</tp1:hr>
</tp1:TrackPointExtension>
</extensions>
</trkpt>
<trkpt lat="58.72705163" lon="15.80091317">
<ele>81.8</ele>
<time>2025-05-03T23:17:43Z</time>
<extensions>
<tp1:TrackPointExtension>
<tp1:hr>168</tp1:hr>
</tp1:TrackPointExtension>
</extensions>
</trkpt>
<trkpt lat="58.72711281" lon="15.80075392">
<ele>81.8</ele>
<time>2025-05-03T23:17:47Z</time>
<extensions>
<tp1:TrackPointExtension>
<tp1:hr>167</tp1:hr>
</tp1:TrackPointExtension>
</extensions>
</trkpt>
<trkpt lat="58.72713628" lon="15.80074151">
<ele>81.8</ele>
<time>2025-05-03T23:17:48Z</time>
<extensions>
<tp1:TrackPointExtension>
<tp1:hr>164</tp1:hr>
</tp1:TrackPointExtension>
</extensions>
</trkpt>
<trkpt lat="58.72718138" lon="15.80072458">
<ele>81.8</ele>
<time>2025-05-03T23:17:50Z</time>
<extensions>
<tp1:TrackPointExtension>
<tp1:hr>161</tp1:hr>
</tp1:TrackPointExtension>
</extensions>
</trkpt>
<trkpt lat="58.72725916" lon="15.80070446">
<ele>81.8</ele>
<time>2025-05-03T23:17:53Z</time>
<extensions>
<tp1:TrackPointExtension>
<tp1:hr>159</tp1:hr>
</tp1:TrackPointExtension>
</extensions>
</trkpt>
<trkpt lat="58.7273921" lon="15.80070094">
<ele>81.7</ele>
<time>2025-05-03T23:17:58Z</time>
<extensions>
<tp1:TrackPointExtension>
<tp1:hr>158</tp1:hr>
</tp1:TrackPointExtension>
</extensions>
</trkpt>
<trkpt lat="58.72744038" lon="15.80068912">
<ele>81.7</ele>
<time>2025-05-03T23:18:01Z</time>
<extensions>
<tp1:TrackPointExtension>
<tp1:hr>159</tp1:hr>
</tp1:TrackPointExtension>
</extensions>
</trkpt>
<trkpt lat="58.72744239" lon="15.80066758">
<ele>81.7</ele>
<time>2025-05-03T23:18:02Z</time>
<extensions>
<tp1:TrackPointExtension>
<tp1:hr>159</tp1:hr>
</tp1:TrackPointExtension>
</extensions>
</trkpt>
<trkpt lat="58.72747106" lon="15.80045099">
<ele>81.5</ele>
<time>2025-05-03T23:18:07Z</time>
<extensions>
<tp1:TrackPointExtension>
<tp1:hr>158</tp1:hr>
</tp1:TrackPointExtension>
</extensions>
</trkpt>
<trkpt lat="58.72751338" lon="15.80014011">
<ele>81.3</ele>
<time>2025-05-03T23:18:12Z</time>
<extensions>
<tp1:TrackPointExtension>
<tp1:hr>155</tp1:hr>
</tp1:TrackPointExtension>
</extensions>
</trkpt>
<trkpt lat="58.72759528" lon="15.79989469">
<ele>81.1</ele>
<time>2025-05-03T23:18:17Z</time>
<extensions>
<tp1:TrackPointExtension>
<tp1:hr>156</tp1:hr>
</tp1:TrackPointExtension>
</extensions>
</trkpt>
<trkpt lat="58.7275993" lon="15.79975882">
<ele>80.9</ele>
<time>2025-05-03T23:18:20Z</time>
<extensions>
<tp1:TrackPointExtension>
<tp1:hr>157</tp1:hr>
</tp1:TrackPointExtension>
</extensions>
</trkpt>
<trkpt lat="58.72759402" lon="15.79969285">
<ele>80.7</ele>
<time>2025-05-03T23:18:22Z</time>
<extensions>
<tp1:TrackPointExtension>
<tp1:hr>158</tp1:hr>
</tp1:TrackPointExtension>
</extensions>
</trkpt>
<trkpt lat="58.72757776" lon="15.79955673">
<ele>80.3</ele>
<time>2025-05-03T23:18:25Z</time>
<extensions>
<tp1:TrackPointExtension>
<tp1:hr>157</tp1:hr>
</tp1:TrackPointExtension>
</extensions>
</trkpt>
<trkpt lat="58.72759217" lon="15.79952203">
<ele>80.3</ele>
<time>2025-05-03T23:18:27Z</time>
<extensions>
<tp1:TrackPointExtension>
<tp1:hr>159</tp1:hr>
</tp1:TrackPointExtension>
</extensions>
</trkpt>
<trkpt lat="58.72764221" lon="15.79941424">
<ele>79.9</ele>
<time>2025-05-03T23:18:31Z</time>
<extensions>
<tp1:TrackPointExtension>
<tp1:hr>160</tp1:hr>
</tp1:TrackPointExtension>
</extensions>
</trkpt>
<trkpt lat="58.72766292" lon="15.79934601">
<ele>79.7</ele>
<time>2025-05-03T23:18:33Z</time>
<extensions>
<tp1:TrackPointExtension>
<tp1:hr>158</tp1:hr>
</tp1:TrackPointExtension>
</extensions>
</trkpt>
<trkpt lat="58.72771648" lon="15.7991062">
<ele>79.1</ele>
<time>2025-05-03T23:18:40Z</time>
<extensions>
<tp1:TrackPointExtension>
<tp1:hr>159</tp1:hr>
</tp1:TrackPointExtension>
</extensions>
</trkpt>
<trkpt lat="58.72774263" lon="15.79899548">
<ele>78.9</ele>
<time>2025-05-03T23:18:43Z</time>
<extensions>
<tp1:TrackPointExtension>
<tp1:hr>159</tp1:hr>
</tp1:TrackPointExtension>
</extensions>
</trkpt>
<trkpt lat="58.72774137" lon="15.79895332">
<ele>78.7</ele>
<time>2025-05-03T23:18:44Z</time>
<extensions>
<tp1:TrackPointExtension>
<tp1:hr>159</tp1:hr>
</tp1:TrackPointExtension>
</extensions>
</trkpt>
<trkpt lat="58.72775068" lon="15.79892498">
<ele>78.7</ele>
<time>2025-05-03T23:18:45Z</time>
<extensions>
<tp1:TrackPointExtension>
<tp1:hr>159</tp1:hr>
</tp1:TrackPointExtension>
</extensions>
</trkpt>
<trkpt lat="58.7278215" lon="15.79883798">
<ele>78.5</ele>
<time>2025-05-03T23:18:48Z</time>
<extensions>
<tp1:TrackPointExtension>
<tp1:hr>158</tp1:hr>
</tp1:TrackPointExtension>
</extensions>
</trkpt>
<trkpt lat="58.72792351" lon="15.79869607">
<ele>78.1</ele>
<time>2025-05-03T23:18:53Z</time>
<extensions>
<tp1:TrackPointExtension>
<tp1:hr>158</tp1:hr>
</tp1:TrackPointExtension>
</extensions>
</trkpt>
<trkpt lat="58.72799777" lon="15.79856146">
<ele>77.8</ele>
<time>2025-05-03T23:18:57Z</time>
<extensions>
<tp1:TrackPointExtension>
<tp1:hr>159</tp1:hr>
</tp1:TrackPointExtension>
</extensions>
</trkpt>
<trkpt lat="58.72801521" lon="15.79849089">
<ele>77.6</ele>
<time>2025-05-03T23:18:59Z</time>
<extensions>
<tp1:TrackPointExtension>
<tp1:hr>160</tp1:hr>
</tp1:TrackPointExtension>
</extensions>
</trkpt>
<trkpt lat="58.72802208" lon="15.7984126">
<ele>77.4</ele>
<time>2025-05-03T23:19:01Z</time>
<extensions>
<tp1:TrackPointExtension>
<tp1:hr>163</tp1:hr>
</tp1:TrackPointExtension>
</extensions>
</trkpt>
<trkpt lat="58.72804354" lon="15.79826315">
<ele>77.4</ele>
<time>2025-05-03T23:19:05Z</time>
<extensions>
<tp1:TrackPointExtension>
<tp1:hr>161</tp1:hr>
</tp1:TrackPointExtension>
</extensions>
</trkpt>
<trkpt lat="58.72806516" lon="15.79798361">
<ele>77.0</ele>
<time>2025-05-03T23:19:11Z</time>
<extensions>
<tp1:TrackPointExtension>
<tp1:hr>160</tp1:hr>
</tp1:TrackPointExtension>
</extensions>
</trkpt>
<trkpt lat="58.72807824" lon="15.79763551">
<ele>76.8</ele>
<time>2025-05-03T23:19:18Z</time>
<extensions>
<tp1:TrackPointExtension>
<tp1:hr>161</tp1:hr>
</tp1:TrackPointExtension>
</extensions>
</trkpt>
<trkpt lat="58.72808562" lon="15.79758028">
<ele>76.6</ele>
<time>2025-05-03T23:19:19Z</time>
<extensions>
<tp1:TrackPointExtension>
<tp1:hr>162</tp1:hr>
</tp1:TrackPointExtension>
</extensions>
</trkpt>
<trkpt lat="58.72810489" lon="15.79740836">
<ele>76.4</ele>
<time>2025-05-03T23:19:23Z</time>
<extensions>
<tp1:TrackPointExtension>
<tp1:hr>162</tp1:hr>
</tp1:TrackPointExtension>
</extensions>
</trkpt>
<trkpt lat="58.72814354" lon="15.79734256">
<ele>76.4</ele>
<time>2025-05-03T23:19:28Z</time>
<extensions>
<tp1:TrackPointExtension>
<tp1:hr>163</tp1:hr>
</tp1:TrackPointExtension>
</extensions>
</trkpt>
<trkpt lat="58.72814429" lon="15.79731801">
<ele>76.2</ele>
<time>2025-05-03T23:19:29Z</time>
<extensions>
<tp1:TrackPointExtension>
<tp1:hr>163</tp1:hr>
</tp1:TrackPointExtension>
</extensions>
</trkpt>
<trkpt lat="58.728152" lon="15.79732957">
<ele>76.2</ele>
<time>2025-05-03T23:19:30Z</time>
<extensions>
<tp1:TrackPointExtension>
<tp1:hr>163</tp1:hr>
</tp1:TrackPointExtension>
</extensions>
</trkpt>
<trkpt lat="58.72818997" lon="15.79739084">
<ele>76.0</ele>
<time>2025-05-03T23:19:35Z</time>
<extensions>
<tp1:TrackPointExtension>
<tp1:hr>161</tp1:hr>
</tp1:TrackPointExtension>
</extensions>
</trkpt>
<trkpt lat="58.72819232" lon="15.79743611">
<ele>76.0</ele>
<time>2025-05-03T23:19:37Z</time>
<extensions>
<tp1:TrackPointExtension>
<tp1:hr>162</tp1:hr>
</tp1:TrackPointExtension>
</extensions>
</trkpt>
<trkpt lat="58.72817924" lon="15.79751104">
<ele>75.8</ele>
<time>2025-05-03T23:19:40Z</time>
<extensions>
<tp1:TrackPointExtension>
<tp1:hr>160</tp1:hr>
</tp1:TrackPointExtension>
</extensions>
</trkpt>
<trkpt lat="58.72822794" lon="15.79770902">
<ele>75.6</ele>
<time>2025-05-03T23:19:45Z</time>
<extensions>
<tp1:TrackPointExtension>
<tp1:hr>159</tp1:hr>
</tp1:TrackPointExtension>
</extensions>
</trkpt>
<trkpt lat="58.72829944" lon="15.79790868">
<ele>75.4</ele>
<time>2025-05-03T23:19:51Z</time>
<extensions>
<tp1:TrackPointExtension>
<tp1:hr>158</tp1:hr>
</tp1:TrackPointExtension>
</extensions>
</trkpt>
<trkpt lat="58.72840882" lon="15.7979298">
<ele>75.2</ele>
<time>2025-05-03T23:19:56Z</time>
<extensions>
<tp1:TrackPointExtension>
<tp1:hr>160</tp1:hr>
</tp1:TrackPointExtension>
</extensions>
</trkpt>
<trkpt lat="58.72842902" lon="15.79789351">
<ele>75.2</ele>
<time>2025-05-03T23:19:58Z</time>
<extensions>
<tp1:TrackPointExtension>
<tp1:hr>163</tp1:hr>
</tp1:TrackPointExtension>
</extensions>
</trkpt>
<trkpt lat="58.72844344" lon="15.79782763">
<ele>74.9</ele>
<time>2025-05-03T23:20:00Z</time>
<extensions>
<tp1:TrackPointExtension>
<tp1:hr>164</tp1:hr>
</tp1:TrackPointExtension>
</extensions>
</trkpt>
<trkpt lat="58.72842458" lon="15.79767616">
<ele>74.7</ele>
<time>2025-05-03T23:20:05Z</time>
<extensions>
<tp1:TrackPointExtension>
<tp1:hr>160</tp1:hr>
</tp1:TrackPointExtension>
</extensions>
</trkpt>
<trkpt lat="58.72842324" lon="15.79762252">
<ele>74.7</ele>
<time>2025-05-03T23:20:06Z</time>
<extensions>
<tp1:TrackPointExtension>
<tp1:hr>158</tp1:hr>
</tp1:TrackPointExtension>
</extensions>
</trkpt>
<trkpt lat="58.72842031" lon="15.79737131">
<ele>74.5</ele>
<time>2025-05-03T23:20:11Z</time>
<extensions>
<tp1:TrackPointExtension>
<tp1:hr>156</tp1:hr>
</tp1:TrackPointExtension>
</extensions>
</trkpt>
<trkpt lat="58.72841922" lon="15.7973175">
<ele>74.5</ele>
<time>2025-05-03T23:20:12Z</time>
<extensions>
<tp1:TrackPointExtension>
<tp1:hr>156</tp1:hr>
</tp1:TrackPointExtension>
</extensions>
</trkpt>
<trkpt lat="58.7284229" lon="15.79700695">
<ele>74.3</ele>
<time>2025-05-03T23:20:18Z</time>
<extensions>
<tp1:TrackPointExtension>
<tp1:hr>158</tp1:hr>
</tp1:TrackPointExtension>
</extensions>
</trkpt>
<trkpt lat="58.72843388" lon="15.79679891">
<ele>74.1</ele>
<time>2025-05-03T23:20:23Z</time>
<extensions>
<tp1:TrackPointExtension>
<tp1:hr>159</tp1:hr>
</tp1:TrackPointExtension>
</extensions>
</trkpt>
<trkpt lat="58.72842056" lon="15.79655265">
<ele>74.1</ele>
<time>2025-05-03T23:20:27Z</time>
<extensions>
<tp1:TrackPointExtension>
<tp1:hr>158</tp1:hr>
</tp1:TrackPointExtension>
</extensions>
</trkpt>
<trkpt lat="58.72838225" lon="15.79642877">
<ele>74.1</ele>
<time>2025-05-03T23:20:30Z</time>
<extensions>
<tp1:TrackPointExtension>
<tp1:hr>158</tp1:hr>
</tp1:TrackPointExtension>
</extensions>
</trkpt>
<trkpt lat="58.72836331" lon="15.79641871">
<ele>73.9</ele>
<time>2025-05-03T23:20:31Z</time>
<extensions>
<tp1:TrackPointExtension>
<tp1:hr>158</tp1:hr>
</tp1:TrackPointExtension>
</extensions>
</trkpt>
<trkpt lat="58.72823825" lon="15.79640916">
<ele>73.9</ele>
<time>2025-05-03T23:20:36Z</time>
<extensions>
<tp1:TrackPointExtension>
<tp1:hr>160</tp1:hr>
</tp1:TrackPointExtension>
</extensions>
</trkpt>
<trkpt lat="58.72811839" lon="15.79639767">
<ele>73.7</ele>
<time>2025-05-03T23:20:41Z</time>
<extensions>
<tp1:TrackPointExtension>
<tp1:hr>160</tp1:hr>
</tp1:TrackPointExtension>
</extensions>
</trkpt>
<trkpt lat="58.72805133" lon="15.79638619">
<ele>73.5</ele>
<time>2025-05-03T23:20:45Z</time>
<extensions>
<tp1:TrackPointExtension>
<tp1:hr>159</tp1:hr>
</tp1:TrackPointExtension>
</extensions>
</trkpt>
<trkpt lat="58.72802996" lon="15.79637705">
<ele>73.5</ele>
<time>2025-05-03T23:20:46Z</time>
<extensions>
<tp1:TrackPointExtension>
<tp1:hr>159</tp1:hr>
</tp1:TrackPointExtension>
</extensions>
</trkpt>
<trkpt lat="58.72800959" lon="15.79636808">
<ele>73.5</ele>
<time>2025-05-03T23:20:47Z</time>
<extensions>
<tp1:TrackPointExtension>
<tp1:hr>159</tp1:hr>
</tp1:TrackPointExtension>
</extensions>
</trkpt>
<trkpt lat="58.72796953" lon="15.79633883">
<ele>73.5</ele>
<time>2025-05-03T23:20:49Z</time>
<extensions>
<tp1:TrackPointExtension>
<tp1:hr>159</tp1:hr>
</tp1:TrackPointExtension>
</extensions>
</trkpt>
<trkpt lat="58.72793022" lon="15.79635291">
<ele>73.3</ele>
<time>2025-05-03T23:20:51Z</time>
<extensions>
<tp1:TrackPointExtension>
<tp1:hr>159</tp1:hr>
</tp1:TrackPointExtension>
</extensions>
</trkpt>
<trkpt lat="58.72783056" lon="15.79649054">
<ele>73.3</ele>
<time>2025-05-03T23:20:57Z</time>
<extensions>
<tp1:TrackPointExtension>
<tp1:hr>160</tp1:hr>
</tp1:TrackPointExtension>
</extensions>
</trkpt>
<trkpt lat="58.72779468" lon="15.79656037">
<ele>73.0</ele>
<time>2025-05-03T23:21:00Z</time>
<extensions>
<tp1:TrackPointExtension>
<tp1:hr>159</tp1:hr>
</tp1:TrackPointExtension>
</extensions>
</trkpt>
<trkpt lat="58.72778529" lon="15.79660186">
<ele>73.0</ele>
<time>2025-05-03T23:21:01Z</time>
<extensions>
<tp1:TrackPointExtension>
<tp1:hr>160</tp1:hr>
</tp1:TrackPointExtension>
</extensions>
</trkpt>
<trkpt lat="58.72778077" lon="15.7966358">
<ele>73.0</ele>
<time>2025-05-03T23:21:02Z</time>
<extensions>
<tp1:TrackPointExtension>
<tp1:hr>160</tp1:hr>
</tp1:TrackPointExtension>
</extensions>
</trkpt>
<trkpt lat="58.72766468" lon="15.79689489">
<ele>73.0</ele>
<time>2025-05-03T23:21:09Z</time>
<extensions>
<tp1:TrackPointExtension>
<tp1:hr>161</tp1:hr>
</tp1:TrackPointExtension>
</extensions>
</trkpt>
<trkpt lat="58.72752395" lon="15.79704283">
<ele>73.0</ele>
<time>2025-05-03T23:21:14Z</time>
<extensions>
<tp1:TrackPointExtension>
<tp1:hr>159</tp1:hr>
</tp1:TrackPointExtension>
</extensions>
</trkpt>
<trkpt lat="58.72744574" lon="15.79718566">
<ele>73.0</ele>
<time>2025-05-03T23:21:18Z</time>
<extensions>
<tp1:TrackPointExtension>
<tp1:hr>156</tp1:hr>
</tp1:TrackPointExtension>
</extensions>
</trkpt>
<trkpt lat="58.72743342" lon="15.7971994">
<ele>73.0</ele>
<time>2025-05-03T23:21:19Z</time>
<extensions>
<tp1:TrackPointExtension>
<tp1:hr>156</tp1:hr>
</tp1:TrackPointExtension>
</extensions>
</trkpt>
<trkpt lat="58.72739495" lon="15.79721332">
<ele>73.0</ele>
<time>2025-05-03T23:21:21Z</time>
<extensions>
<tp1:TrackPointExtension>
<tp1:hr>155</tp1:hr>
</tp1:TrackPointExtension>
</extensions>
</trkpt>
<trkpt lat="58.72733292" lon="15.79719806">
<ele>73.0</ele>
<time>2025-05-03T23:21:24Z</time>
<extensions>
<tp1:TrackPointExtension>
<tp1:hr>155</tp1:hr>
</tp1:TrackPointExtension>
</extensions>
</trkpt>
<trkpt lat="58.72723552" lon="15.79717384">
<ele>72.8</ele>
<time>2025-05-03T23:21:29Z</time>
<extensions>
<tp1:TrackPointExtension>
<tp1:hr>157</tp1:hr>
</tp1:TrackPointExtension>
</extensions>
</trkpt>
<trkpt lat="58.72722153" lon="15.79717702">
<ele>71.6</ele>
<time>2025-05-03T23:21:30Z</time>
<extensions>
<tp1:TrackPointExtension>
<tp1:hr>158</tp1:hr>
</tp1:TrackPointExtension>
</extensions>
</trkpt>
<trkpt lat="58.7271911" lon="15.797188">
<ele>70.8</ele>
<time>2025-05-03T23:21:32Z</time>
<extensions>
<tp1:TrackPointExtension>
<tp1:hr>158</tp1:hr>
</tp1:TrackPointExtension>
</extensions>
</trkpt>
<trkpt lat="58.72717626" lon="15.79719018">
<ele>70.4</ele>
<time>2025-05-03T23:21:33Z</time>
<extensions>
<tp1:TrackPointExtension>
<tp1:hr>158</tp1:hr>
</tp1:TrackPointExtension>
</extensions>
</trkpt>
<trkpt lat="58.72713829" lon="15.79718834">
<ele>70.2</ele>
<time>2025-05-03T23:21:35Z</time>
<extensions>
<tp1:TrackPointExtension>
<tp1:hr>159</tp1:hr>
</tp1:TrackPointExtension>
</extensions>
</trkpt>
<trkpt lat="58.72711239" lon="15.79717124">
<ele>70.0</ele>
<time>2025-05-03T23:21:37Z</time>
<extensions>
<tp1:TrackPointExtension>
<tp1:hr>162</tp1:hr>
</tp1:TrackPointExtension>
</extensions>
</trkpt>
<trkpt lat="58.72709915" lon="15.79715498">
<ele>70.0</ele>
<time>2025-05-03T23:21:38Z</time>
<extensions>
<tp1:TrackPointExtension>
<tp1:hr>162</tp1:hr>
</tp1:TrackPointExtension>
</extensions>
</trkpt>
<trkpt lat="58.72707048" lon="15.79714064">
<ele>69.8</ele>
<time>2025-05-03T23:21:40Z</time>
<extensions>
<tp1:TrackPointExtension>
<tp1:hr>159</tp1:hr>
</tp1:TrackPointExtension>
</extensions>
</trkpt>
<trkpt lat="58.7270481" lon="15.79712489">
<ele>69.8</ele>
<time>2025-05-03T23:21:41Z</time>
<extensions>
<tp1:TrackPointExtension>
<tp1:hr>159</tp1:hr>
</tp1:TrackPointExtension>
</extensions>
</trkpt>
<trkpt lat="58.72692891" lon="15.79705372">
<ele>70.2</ele>
<time>2025-05-03T23:21:46Z</time>
<extensions>
<tp1:TrackPointExtension>
<tp1:hr>160</tp1:hr>
</tp1:TrackPointExtension>
</extensions>
</trkpt>
<trkpt lat="58.72684501" lon="15.79697887">
<ele>70.0</ele>
<time>2025-05-03T23:21:51Z</time>
<extensions>
<tp1:TrackPointExtension>
<tp1:hr>161</tp1:hr>
</tp1:TrackPointExtension>
</extensions>
</trkpt>
<trkpt lat="58.72682699" lon="15.79696823">
<ele>70.0</ele>
<time>2025-05-03T23:21:52Z</time>
<extensions>
<tp1:TrackPointExtension>
<tp1:hr>161</tp1:hr>
</tp1:TrackPointExtension>
</extensions>
</trkpt>
<trkpt lat="58.72673236" lon="15.7968891">
<ele>70.4</ele>
<time>2025-05-03T23:21:57Z</time>
<extensions>
<tp1:TrackPointExtension>
<tp1:hr>161</tp1:hr>
</tp1:TrackPointExtension>
</extensions>
</trkpt>
<trkpt lat="58.72661585" lon="15.79678215">
<ele>70.3</ele>
<time>2025-05-03T23:22:02Z</time>
<extensions>
<tp1:TrackPointExtension>
<tp1:hr>162</tp1:hr>
</tp1:TrackPointExtension>
</extensions>
</trkpt>
<trkpt lat="58.72659531" lon="15.79676304">
<ele>70.3</ele>
<time>2025-05-03T23:22:03Z</time>
<extensions>
<tp1:TrackPointExtension>
<tp1:hr>162</tp1:hr>
</tp1:TrackPointExtension>
</extensions>
</trkpt>
<trkpt lat="58.7265695" lon="15.79674728">
<ele>70.3</ele>
<time>2025-05-03T23:22:05Z</time>
<extensions>
<tp1:TrackPointExtension>
<tp1:hr>163</tp1:hr>
</tp1:TrackPointExtension>
</extensions>
</trkpt>
<trkpt lat="58.72654527" lon="15.79670403">
<ele>70.3</ele>
<time>2025-05-03T23:22:07Z</time>
<extensions>
<tp1:TrackPointExtension>
<tp1:hr>163</tp1:hr>
</tp1:TrackPointExtension>
</extensions>
</trkpt>
<trkpt lat="58.7265244" lon="15.79668769">
<ele>70.3</ele>
<time>2025-05-03T23:22:08Z</time>
<extensions>
<tp1:TrackPointExtension>
<tp1:hr>163</tp1:hr>
</tp1:TrackPointExtension>
</extensions>
</trkpt>
<trkpt lat="58.7264607" lon="15.79659347">
<ele>70.5</ele>
<time>2025-05-03T23:22:12Z</time>
<extensions>
<tp1:TrackPointExtension>
<tp1:hr>162</tp1:hr>
</tp1:TrackPointExtension>
</extensions>
</trkpt>
<trkpt lat="58.72644352" lon="15.79655492">
<ele>70.5</ele>
<time>2025-05-03T23:22:13Z</time>
<extensions>
<tp1:TrackPointExtension>
<tp1:hr>161</tp1:hr>
</tp1:TrackPointExtension>
</extensions>
</trkpt>
<trkpt lat="58.72638862" lon="15.796397">
<ele>70.5</ele>
<time>2025-05-03T23:22:17Z</time>
<extensions>
<tp1:TrackPointExtension>
<tp1:hr>161</tp1:hr>
</tp1:TrackPointExtension>
</extensions>
</trkpt>
<trkpt lat="58.72636196" lon="15.79632651">
<ele>70.5</ele>
<time>2025-05-03T23:22:19Z</time>
<extensions>
<tp1:TrackPointExtension>
<tp1:hr>162</tp1:hr>
</tp1:TrackPointExtension>
</extensions>
</trkpt>
<trkpt lat="58.72628502" lon="15.79619056">
<ele>70.7</ele>
<time>2025-05-03T23:22:24Z</time>
<extensions>
<tp1:TrackPointExtension>
<tp1:hr>162</tp1:hr>
</tp1:TrackPointExtension>
</extensions>
</trkpt>
<trkpt lat="58.72622676" lon="15.7960774">
<ele>70.9</ele>
<time>2025-05-03T23:22:27Z</time>
<extensions>
<tp1:TrackPointExtension>
<tp1:hr>162</tp1:hr>
</tp1:TrackPointExtension>
</extensions>
</trkpt>
<trkpt lat="58.72619784" lon="15.79595905">
<ele>70.9</ele>
<time>2025-05-03T23:22:30Z</time>
<extensions>
<tp1:TrackPointExtension>
<tp1:hr>163</tp1:hr>
</tp1:TrackPointExtension>
</extensions>
</trkpt>
<trkpt lat="58.72615702" lon="15.79580348">
<ele>70.9</ele>
<time>2025-05-03T23:22:35Z</time>
<extensions>
<tp1:TrackPointExtension>
<tp1:hr>162</tp1:hr>
</tp1:TrackPointExtension>
</extensions>
</trkpt>
<trkpt lat="58.72613054" lon="15.79571145">
<ele>71.1</ele>
<time>2025-05-03T23:22:38Z</time>
<extensions>
<tp1:TrackPointExtension>
<tp1:hr>162</tp1:hr>
</tp1:TrackPointExtension>
</extensions>
</trkpt>
<trkpt lat="58.72611034" lon="15.79568043">
<ele>71.1</ele>
<time>2025-05-03T23:22:40Z</time>
<extensions>
<tp1:TrackPointExtension>
<tp1:hr>162</tp1:hr>
</tp1:TrackPointExtension>
</extensions>
</trkpt>
<trkpt lat="58.72610187" lon="15.79568923">
<ele>71.1</ele>
<time>2025-05-03T23:22:42Z</time>
<extensions>
<tp1:TrackPointExtension>
<tp1:hr>161</tp1:hr>
</tp1:TrackPointExtension>
</extensions>
</trkpt>
<trkpt lat="58.72610799" lon="15.79572821">
<ele>71.3</ele>
<time>2025-05-03T23:22:43Z</time>
<extensions>
<tp1:TrackPointExtension>
<tp1:hr>161</tp1:hr>
</tp1:TrackPointExtension>
</extensions>
</trkpt>
<trkpt lat="58.72609098" lon="15.79597405">
<ele>71.3</ele>
<time>2025-05-03T23:22:48Z</time>
<extensions>
<tp1:TrackPointExtension>
<tp1:hr>159</tp1:hr>
</tp1:TrackPointExtension>
</extensions>
</trkpt>
<trkpt lat="58.72607614" lon="15.79603205">
<ele>71.5</ele>
<time>2025-05-03T23:22:49Z</time>
<extensions>
<tp1:TrackPointExtension>
<tp1:hr>159</tp1:hr>
</tp1:TrackPointExtension>
</extensions>
</trkpt>
<trkpt lat="58.72598461" lon="15.79624579">
<ele>71.5</ele>
<time>2025-05-03T23:22:53Z</time>
<extensions>
<tp1:TrackPointExtension>
<tp1:hr>161</tp1:hr>
</tp1:TrackPointExtension>
</extensions>
</trkpt>
<trkpt lat="58.72583189" lon="15.79635509">
<ele>71.7</ele>
<time>2025-05-03T23:22:58Z</time>
<extensions>
<tp1:TrackPointExtension>
<tp1:hr>163</tp1:hr>
</tp1:TrackPointExtension>
</extensions>
</trkpt>
<trkpt lat="58.72563425" lon="15.79647051">
<ele>71.8</ele>
<time>2025-05-03T23:23:04Z</time>
<extensions>
<tp1:TrackPointExtension>
<tp1:hr>163</tp1:hr>
</tp1:TrackPointExtension>
</extensions>
</trkpt>
<trkpt lat="58.72547423" lon="15.79660152">
<ele>72.0</ele>
<time>2025-05-03T23:23:09Z</time>
<extensions>
<tp1:TrackPointExtension>
<tp1:hr>164</tp1:hr>
</tp1:TrackPointExtension>
</extensions>
</trkpt>
<trkpt lat="58.72528899" lon="15.79678291">
<ele>72.4</ele>
<time>2025-05-03T23:23:15Z</time>
<extensions>
<tp1:TrackPointExtension>
<tp1:hr>163</tp1:hr>
</tp1:TrackPointExtension>
</extensions>
</trkpt>
<trkpt lat="58.72521733" lon="15.79683672">
<ele>72.4</ele>
<time>2025-05-03T23:23:17Z</time>
<extensions>
<tp1:TrackPointExtension>
<tp1:hr>164</tp1:hr>
</tp1:TrackPointExtension>
</extensions>
</trkpt>
<trkpt lat="58.72511641" lon="15.79689371">
<ele>72.4</ele>
<time>2025-05-03T23:23:20Z</time>
<extensions>
<tp1:TrackPointExtension>
<tp1:hr>164</tp1:hr>
</tp1:TrackPointExtension>
</extensions>
</trkpt>
<trkpt lat="58.72506486" lon="15.79693428">
<ele>72.6</ele>
<time>2025-05-03T23:23:23Z</time>
<extensions>
<tp1:TrackPointExtension>
<tp1:hr>164</tp1:hr>
</tp1:TrackPointExtension>
</extensions>
</trkpt>
<trkpt lat="58.72505573" lon="15.79695683">
<ele>72.6</ele>
<time>2025-05-03T23:23:24Z</time>
<extensions>
<tp1:TrackPointExtension>
<tp1:hr>164</tp1:hr>
</tp1:TrackPointExtension>
</extensions>
</trkpt>
<trkpt lat="58.72505053" lon="15.79698449">
<ele>72.6</ele>
<time>2025-05-03T23:23:25Z</time>
<extensions>
<tp1:TrackPointExtension>
<tp1:hr>164</tp1:hr>
</tp1:TrackPointExtension>
</extensions>
</trkpt>
<trkpt lat="58.72502572" lon="15.79711047">
<ele>72.8</ele>
<time>2025-05-03T23:23:28Z</time>
<extensions>
<tp1:TrackPointExtension>
<tp1:hr>164</tp1:hr>
</tp1:TrackPointExtension>
</extensions>
</trkpt>
<trkpt lat="58.72496109" lon="15.79746586">
<ele>73.2</ele>
<time>2025-05-03T23:23:35Z</time>
<extensions>
<tp1:TrackPointExtension>
<tp1:hr>160</tp1:hr>
</tp1:TrackPointExtension>
</extensions>
</trkpt>
<trkpt lat="58.72493176" lon="15.79779577">
<ele>73.2</ele>
<time>2025-05-03T23:23:41Z</time>
<extensions>
<tp1:TrackPointExtension>
<tp1:hr>157</tp1:hr>
</tp1:TrackPointExtension>
</extensions>
</trkpt>
<trkpt lat="58.72491089" lon="15.79783299">
<ele>73.2</ele>
<time>2025-05-03T23:23:42Z</time>
<extensions>
<tp1:TrackPointExtension>
<tp1:hr>158</tp1:hr>
</tp1:TrackPointExtension>
</extensions>
</trkpt>
<trkpt lat="58.72482833" lon="15.79794665">
<ele>73.2</ele>
<time>2025-05-03T23:23:46Z</time>
<extensions>
<tp1:TrackPointExtension>
<tp1:hr>162</tp1:hr>
</tp1:TrackPointExtension>
</extensions>
</trkpt>
<trkpt lat="58.7248072" lon="15.79794656">
<ele>73.2</ele>
<time>2025-05-03T23:23:47Z</time>
<extensions>
<tp1:TrackPointExtension>
<tp1:hr>162</tp1:hr>
</tp1:TrackPointExtension>
</extensions>
</trkpt>
<trkpt lat="58.72476982" lon="15.79797255">
<ele>73.2</ele>
<time>2025-05-03T23:23:49Z</time>
<extensions>
<tp1:TrackPointExtension>
<tp1:hr>162</tp1:hr>
</tp1:TrackPointExtension>
</extensions>
</trkpt>
<trkpt lat="58.72474736" lon="15.7979982">
<ele>73.2</ele>
<time>2025-05-03T23:23:50Z</time>
<extensions>
<tp1:TrackPointExtension>
<tp1:hr>161</tp1:hr>
</tp1:TrackPointExtension>
</extensions>
</trkpt>
<trkpt lat="58.72469908" lon="15.7980619">
<ele>73.4</ele>
<time>2025-05-03T23:23:53Z</time>
<extensions>
<tp1:TrackPointExtension>
<tp1:hr>160</tp1:hr>
</tp1:TrackPointExtension>
</extensions>
</trkpt>
<trkpt lat="58.72466756" lon="15.79810498">
<ele>73.4</ele>
<time>2025-05-03T23:23:55Z</time>
<extensions>
<tp1:TrackPointExtension>
<tp1:hr>160</tp1:hr>
</tp1:TrackPointExtension>
</extensions>
</trkpt>
<trkpt lat="58.72457217" lon="15.79827019">
<ele>73.4</ele>
<time>2025-05-03T23:24:01Z</time>
<extensions>
<tp1:TrackPointExtension>
<tp1:hr>160</tp1:hr>
</tp1:TrackPointExtension>
</extensions>
</trkpt>
<trkpt lat="58.72449053" lon="15.79834697">
<ele>73.3</ele>
<time>2025-05-03T23:24:06Z</time>
<extensions>
<tp1:TrackPointExtension>
<tp1:hr>160</tp1:hr>
</tp1:TrackPointExtension>
</extensions>
</trkpt>
<trkpt lat="58.72449179" lon="15.79835719">
<ele>73.3</ele>
<time>2025-05-03T23:24:07Z</time>
<extensions>
<tp1:TrackPointExtension>
<tp1:hr>159</tp1:hr>
</tp1:TrackPointExtension>
</extensions>
</trkpt>
<trkpt lat="58.72448777" lon="15.79848946">
<ele>73.3</ele>
<time>2025-05-03T23:24:13Z</time>
<extensions>
<tp1:TrackPointExtension>
<tp1:hr>157</tp1:hr>
</tp1:TrackPointExtension>
</extensions>
</trkpt>
<trkpt lat="58.72442113" lon="15.79877193">
<ele>73.3</ele>
<time>2025-05-03T23:24:20Z</time>
<extensions>
<tp1:TrackPointExtension>
<tp1:hr>156</tp1:hr>
</tp1:TrackPointExtension>
</extensions>
</trkpt>
<trkpt lat="58.72440127" lon="15.7991601">
<ele>73.5</ele>
<time>2025-05-03T23:24:26Z</time>
<extensions>
<tp1:TrackPointExtension>
<tp1:hr>157</tp1:hr>
</tp1:TrackPointExtension>
</extensions>
</trkpt>
<trkpt lat="58.72437771" lon="15.79936084">
<ele>73.5</ele>
<time>2025-05-03T23:24:30Z</time>
<extensions>
<tp1:TrackPointExtension>
<tp1:hr>158</tp1:hr>
</tp1:TrackPointExtension>
</extensions>
</trkpt>
<trkpt lat="58.72429071" lon="15.79966402">
<ele>73.7</ele>
<time>2025-05-03T23:24:36Z</time>
<extensions>
<tp1:TrackPointExtension>
<tp1:hr>159</tp1:hr>
</tp1:TrackPointExtension>
</extensions>
</trkpt>
<trkpt lat="58.72418066" lon="15.79976602">
<ele>73.9</ele>
<time>2025-05-03T23:24:41Z</time>
<extensions>
<tp1:TrackPointExtension>
<tp1:hr>160</tp1:hr>
</tp1:TrackPointExtension>
</extensions>
</trkpt>
<trkpt lat="58.72416121" lon="15.79980986">
<ele>73.9</ele>
<time>2025-05-03T23:24:42Z</time>
<extensions>
<tp1:TrackPointExtension>
<tp1:hr>160</tp1:hr>
</tp1:TrackPointExtension>
</extensions>
</trkpt>
<trkpt lat="58.72412592" lon="15.79995227">
<ele>74.1</ele>
<time>2025-05-03T23:24:45Z</time>
<extensions>
<tp1:TrackPointExtension>
<tp1:hr>160</tp1:hr>
</tp1:TrackPointExtension>
</extensions>
</trkpt>
<trkpt lat="58.72411821" lon="15.80017875">
<ele>74.1</ele>
<time>2025-05-03T23:24:49Z</time>
<extensions>
<tp1:TrackPointExtension>
<tp1:hr>161</tp1:hr>
</tp1:TrackPointExtension>
</extensions>
</trkpt>
<trkpt lat="58.72408477" lon="15.80041772">
<ele>74.1</ele>
<time>2025-05-03T23:24:54Z</time>
<extensions>
<tp1:TrackPointExtension>
<tp1:hr>161</tp1:hr>
</tp1:TrackPointExtension>
</extensions>
</trkpt>
<trkpt lat="58.72401679" lon="15.80060505">
<ele>74.1</ele>
<time>2025-05-03T23:24:58Z</time>
<extensions>
<tp1:TrackPointExtension>
<tp1:hr>161</tp1:hr>
</tp1:TrackPointExtension>
</extensions>
</trkpt>
<trkpt lat="58.72397832" lon="15.80068552">
<ele>74.1</ele>
<time>2025-05-03T23:25:00Z</time>
<extensions>
<tp1:TrackPointExtension>
<tp1:hr>161</tp1:hr>
</tp1:TrackPointExtension>
</extensions>
</trkpt>
<trkpt lat="58.72391009" lon="15.80077068">
<ele>74.1</ele>
<time>2025-05-03T23:25:03Z</time>
<extensions>
<tp1:TrackPointExtension>
<tp1:hr>161</tp1:hr>
</tp1:TrackPointExtension>
</extensions>
</trkpt>
<trkpt lat="58.7238629" lon="15.80083229">
<ele>73.9</ele>
<time>2025-05-03T23:25:06Z</time>
<extensions>
<tp1:TrackPointExtension>
<tp1:hr>164</tp1:hr>
</tp1:TrackPointExtension>
</extensions>
</trkpt>
<trkpt lat="58.72384639" lon="15.80082851">
<ele>73.8</ele>
<time>2025-05-03T23:25:07Z</time>
<extensions>
<tp1:TrackPointExtension>
<tp1:hr>164</tp1:hr>
</tp1:TrackPointExtension>
</extensions>
</trkpt>
<trkpt lat="58.72380808" lon="15.80082659">
<ele>73.8</ele>
<time>2025-05-03T23:25:09Z</time>
<extensions>
<tp1:TrackPointExtension>
<tp1:hr>165</tp1:hr>
</tp1:TrackPointExtension>
</extensions>
</trkpt>
<trkpt lat="58.72377212" lon="15.80087956">
<ele>73.6</ele>
<time>2025-05-03T23:25:12Z</time>
<extensions>
<tp1:TrackPointExtension>
<tp1:hr>160</tp1:hr>
</tp1:TrackPointExtension>
</extensions>
</trkpt>
<trkpt lat="58.72376282" lon="15.80088928">
<ele>73.6</ele>
<time>2025-05-03T23:25:13Z</time>
<extensions>
<tp1:TrackPointExtension>
<tp1:hr>160</tp1:hr>
</tp1:TrackPointExtension>
</extensions>
</trkpt>
<trkpt lat="58.7237313" lon="15.80099431">
<ele>73.6</ele>
<time>2025-05-03T23:25:16Z</time>
<extensions>
<tp1:TrackPointExtension>
<tp1:hr>159</tp1:hr>
</tp1:TrackPointExtension>
</extensions>
</trkpt>
<trkpt lat="58.7237261" lon="15.80105617">
<ele>73.6</ele>
<time>2025-05-03T23:25:17Z</time>
<extensions>
<tp1:TrackPointExtension>
<tp1:hr>159</tp1:hr>
</tp1:TrackPointExtension>
</extensions>
</trkpt>
<trkpt lat="58.72374413" lon="15.8014709">
<ele>73.4</ele>
<time>2025-05-03T23:25:22Z</time>
<extensions>
<tp1:TrackPointExtension>
<tp1:hr>159</tp1:hr>
</tp1:TrackPointExtension>
</extensions>
</trkpt>
<trkpt lat="58.723765" lon="15.80167023">
<ele>73.4</ele>
<time>2025-05-03T23:25:24Z</time>
<extensions>
<tp1:TrackPointExtension>
<tp1:hr>156</tp1:hr>
</tp1:TrackPointExtension>
</extensions>
</trkpt>
<trkpt lat="58.72378612" lon="15.80195672">
<ele>73.4</ele>
<time>2025-05-03T23:25:27Z</time>
<extensions>
<tp1:TrackPointExtension>
<tp1:hr>157</tp1:hr>
</tp1:TrackPointExtension>
</extensions>
</trkpt>
<trkpt lat="58.72378905" lon="15.80204481">
<ele>73.2</ele>
<time>2025-05-03T23:25:28Z</time>
<extensions>
<tp1:TrackPointExtension>
<tp1:hr>158</tp1:hr>
</tp1:TrackPointExtension>
</extensions>
</trkpt>
<trkpt lat="58.72383608" lon="15.80239501">
<ele>73.2</ele>
<time>2025-05-03T23:25:33Z</time>
<extensions>
<tp1:TrackPointExtension>
<tp1:hr>158</tp1:hr>
</tp1:TrackPointExtension>
</extensions>
</trkpt>
<trkpt lat="58.72385535" lon="15.80257379">
<ele>73.2</ele>
<time>2025-05-03T23:25:37Z</time>
<extensions>
<tp1:TrackPointExtension>
<tp1:hr>158</tp1:hr>
</tp1:TrackPointExtension>
</extensions>
</trkpt>
<trkpt lat="58.72389751" lon="15.80277848">
<ele>73.2</ele>
<time>2025-05-03T23:25:43Z</time>
<extensions>
<tp1:TrackPointExtension>
<tp1:hr>160</tp1:hr>
</tp1:TrackPointExtension>
</extensions>
</trkpt>
<trkpt lat="58.72392518" lon="15.80299457">
<ele>73.2</ele>
<time>2025-05-03T23:25:49Z</time>
<extensions>
<tp1:TrackPointExtension>
<tp1:hr>159</tp1:hr>
</tp1:TrackPointExtension>
</extensions>
</trkpt>
<trkpt lat="58.72392819" lon="15.80309993">
<ele>73.4</ele>
<time>2025-05-03T23:25:52Z</time>
<extensions>
<tp1:TrackPointExtension>
<tp1:hr>159</tp1:hr>
</tp1:TrackPointExtension>
</extensions>
</trkpt>
<trkpt lat="58.72394445" lon="15.8031767">
<ele>73.6</ele>
<time>2025-05-03T23:25:54Z</time>
<extensions>
<tp1:TrackPointExtension>
<tp1:hr>159</tp1:hr>
</tp1:TrackPointExtension>
</extensions>
</trkpt>
<trkpt lat="58.7240007" lon="15.8033534">
<ele>73.8</ele>
<time>2025-05-03T23:25:59Z</time>
<extensions>
<tp1:TrackPointExtension>
<tp1:hr>162</tp1:hr>
</tp1:TrackPointExtension>
</extensions>
</trkpt>
<trkpt lat="58.72400732" lon="15.80335834">
<ele>74.0</ele>
<time>2025-05-03T23:26:00Z</time>
<extensions>
<tp1:TrackPointExtension>
<tp1:hr>162</tp1:hr>
</tp1:TrackPointExtension>
</extensions>
</trkpt>
<trkpt lat="58.72403682" lon="15.80341157">
<ele>74.0</ele>
<time>2025-05-03T23:26:02Z</time>
<extensions>
<tp1:TrackPointExtension>
<tp1:hr>162</tp1:hr>
</tp1:TrackPointExtension>
</extensions>
</trkpt>
<trkpt lat="58.7240613" lon="15.80347401">
<ele>74.2</ele>
<time>2025-05-03T23:26:04Z</time>
<extensions>
<tp1:TrackPointExtension>
<tp1:hr>163</tp1:hr>
</tp1:TrackPointExtension>
</extensions>
</trkpt>
<trkpt lat="58.72408611" lon="15.80349497">
<ele>74.2</ele>
<time>2025-05-03T23:26:05Z</time>
<extensions>
<tp1:TrackPointExtension>
<tp1:hr>163</tp1:hr>
</tp1:TrackPointExtension>
</extensions>
</trkpt>
<trkpt lat="58.72416087" lon="15.80362732">
<ele>74.5</ele>
<time>2025-05-03T23:26:10Z</time>
<extensions>
<tp1:TrackPointExtension>
<tp1:hr>162</tp1:hr>
</tp1:TrackPointExtension>
</extensions>
</trkpt>
<trkpt lat="58.72417714" lon="15.80392295">
<ele>74.9</ele>
<time>2025-05-03T23:26:16Z</time>
<extensions>
<tp1:TrackPointExtension>
<tp1:hr>162</tp1:hr>
</tp1:TrackPointExtension>
</extensions>
</trkpt>
<trkpt lat="58.72420915" lon="15.8040641">
<ele>75.1</ele>
<time>2025-05-03T23:26:19Z</time>
<extensions>
<tp1:TrackPointExtension>
<tp1:hr>162</tp1:hr>
</tp1:TrackPointExtension>
</extensions>
</trkpt>
<trkpt lat="58.72419474" lon="15.80418446">
<ele>75.3</ele>
<time>2025-05-03T23:26:21Z</time>
<extensions>
<tp1:TrackPointExtension>
<tp1:hr>162</tp1:hr>
</tp1:TrackPointExtension>
</extensions>
</trkpt>
<trkpt lat="58.7241799" lon="15.80450591">
<ele>75.7</ele>
<time>2025-05-03T23:26:26Z</time>
<extensions>
<tp1:TrackPointExtension>
<tp1:hr>162</tp1:hr>
</tp1:TrackPointExtension>
</extensions>
</trkpt>
<trkpt lat="58.72419273" lon="15.80480313">
<ele>76.1</ele>
<time>2025-05-03T23:26:31Z</time>
<extensions>
<tp1:TrackPointExtension>
<tp1:hr>163</tp1:hr>
</tp1:TrackPointExtension>
</extensions>
</trkpt>
<trkpt lat="58.72417739" lon="15.8049105">
<ele>76.3</ele>
<time>2025-05-03T23:26:34Z</time>
<extensions>
<tp1:TrackPointExtension>
<tp1:hr>163</tp1:hr>
</tp1:TrackPointExtension>
</extensions>
</trkpt>
<trkpt lat="58.72418585" lon="15.80496121">
<ele>76.3</ele>
<time>2025-05-03T23:26:35Z</time>
<extensions>
<tp1:TrackPointExtension>
<tp1:hr>163</tp1:hr>
</tp1:TrackPointExtension>
</extensions>
</trkpt>
<trkpt lat="58.72420169" lon="15.80507571">
<ele>76.5</ele>
<time>2025-05-03T23:26:37Z</time>
<extensions>
<tp1:TrackPointExtension>
<tp1:hr>163</tp1:hr>
</tp1:TrackPointExtension>
</extensions>
</trkpt>
<trkpt lat="58.72421217" lon="15.80524486">
<ele>76.7</ele>
<time>2025-05-03T23:26:40Z</time>
<extensions>
<tp1:TrackPointExtension>
<tp1:hr>163</tp1:hr>
</tp1:TrackPointExtension>
</extensions>
</trkpt>
<trkpt lat="58.72423631" lon="15.80560838">
<ele>76.9</ele>
<time>2025-05-03T23:26:46Z</time>
<extensions>
<tp1:TrackPointExtension>
<tp1:hr>162</tp1:hr>
</tp1:TrackPointExtension>
</extensions>
</trkpt>
<trkpt lat="58.72424159" lon="15.80594785">
<ele>77.3</ele>
<time>2025-05-03T23:26:51Z</time>
<extensions>
<tp1:TrackPointExtension>
<tp1:hr>163</tp1:hr>
</tp1:TrackPointExtension>
</extensions>
</trkpt>
<trkpt lat="58.72416674" lon="15.80615094">
<ele>77.5</ele>
<time>2025-05-03T23:26:56Z</time>
<extensions>
<tp1:TrackPointExtension>
<tp1:hr>163</tp1:hr>
</tp1:TrackPointExtension>
</extensions>
</trkpt>
<trkpt lat="58.72411293" lon="15.80637884">
<ele>77.9</ele>
<time>2025-05-03T23:27:01Z</time>
<extensions>
<tp1:TrackPointExtension>
<tp1:hr>163</tp1:hr>
</tp1:TrackPointExtension>
</extensions>
</trkpt>
<trkpt lat="58.72414025" lon="15.80662988">
<ele>78.1</ele>
<time>2025-05-03T23:27:05Z</time>
<extensions>
<tp1:TrackPointExtension>
<tp1:hr>163</tp1:hr>
</tp1:TrackPointExtension>
</extensions>
</trkpt>
<trkpt lat="58.7241566" lon="15.80675703">
<ele>78.3</ele>
<time>2025-05-03T23:27:07Z</time>
<extensions>
<tp1:TrackPointExtension>
<tp1:hr>163</tp1:hr>
</tp1:TrackPointExtension>
</extensions>
</trkpt>
<trkpt lat="58.72416833" lon="15.80687732">
<ele>78.3</ele>
<time>2025-05-03T23:27:09Z</time>
<extensions>
<tp1:TrackPointExtension>
<tp1:hr>163</tp1:hr>
</tp1:TrackPointExtension>
</extensions>
</trkpt>
<trkpt lat="58.72417521" lon="15.80692383">
<ele>78.3</ele>
<time>2025-05-03T23:27:10Z</time>
<extensions>
<tp1:TrackPointExtension>
<tp1:hr>163</tp1:hr>
</tp1:TrackPointExtension>
</extensions>
</trkpt>
<trkpt lat="58.72418392" lon="15.80701821">
<ele>78.4</ele>
<time>2025-05-03T23:27:12Z</time>
<extensions>
<tp1:TrackPointExtension>
<tp1:hr>163</tp1:hr>
</tp1:TrackPointExtension>
</extensions>
</trkpt>
<trkpt lat="58.72420144" lon="15.80720815">
<ele>78.6</ele>
<time>2025-05-03T23:27:16Z</time>
<extensions>
<tp1:TrackPointExtension>
<tp1:hr>164</tp1:hr>
</tp1:TrackPointExtension>
</extensions>
</trkpt>
<trkpt lat="58.72415585" lon="15.80749707">
<ele>78.8</ele>
<time>2025-05-03T23:27:23Z</time>
<extensions>
<tp1:TrackPointExtension>
<tp1:hr>165</tp1:hr>
</tp1:TrackPointExtension>
</extensions>
</trkpt>
<trkpt lat="58.72410153" lon="15.80778784">
<ele>79.0</ele>
<time>2025-05-03T23:27:29Z</time>
<extensions>
<tp1:TrackPointExtension>
<tp1:hr>163</tp1:hr>
</tp1:TrackPointExtension>
</extensions>
</trkpt>
<trkpt lat="58.72406473" lon="15.80795967">
<ele>79.2</ele>
<time>2025-05-03T23:27:33Z</time>
<extensions>
<tp1:TrackPointExtension>
<tp1:hr>163</tp1:hr>
</tp1:TrackPointExtension>
</extensions>
</trkpt>
<trkpt lat="58.72402526" lon="15.80807534">
<ele>79.4</ele>
<time>2025-05-03T23:27:35Z</time>
<extensions>
<tp1:TrackPointExtension>
<tp1:hr>163</tp1:hr>
</tp1:TrackPointExtension>
</extensions>
</trkpt>
<trkpt lat="58.72394789" lon="15.80826921">
<ele>79.6</ele>
<time>2025-05-03T23:27:42Z</time>
<extensions>
<tp1:TrackPointExtension>
<tp1:hr>163</tp1:hr>
</tp1:TrackPointExtension>
</extensions>
</trkpt>
<trkpt lat="58.72388134" lon="15.80847457">
<ele>79.8</ele>
<time>2025-05-03T23:27:47Z</time>
<extensions>
<tp1:TrackPointExtension>
<tp1:hr>162</tp1:hr>
</tp1:TrackPointExtension>
</extensions>
</trkpt>
<trkpt lat="58.72386281" lon="15.80873332">
<ele>80.0</ele>
<time>2025-05-03T23:27:53Z</time>
<extensions>
<tp1:TrackPointExtension>
<tp1:hr>160</tp1:hr>
</tp1:TrackPointExtension>
</extensions>
</trkpt>
<trkpt lat="58.72387681" lon="15.80901487">
<ele>80.0</ele>
<time>2025-05-03T23:27:58Z</time>
<extensions>
<tp1:TrackPointExtension>
<tp1:hr>160</tp1:hr>
</tp1:TrackPointExtension>
</extensions>
</trkpt>
<trkpt lat="58.72384806" lon="15.80916356">
<ele>80.2</ele>
<time>2025-05-03T23:28:01Z</time>
<extensions>
<tp1:TrackPointExtension>
<tp1:hr>161</tp1:hr>
</tp1:TrackPointExtension>
</extensions>
</trkpt>
<trkpt lat="58.72380573" lon="15.80920237">
<ele>80.2</ele>
<time>2025-05-03T23:28:03Z</time>
<extensions>
<tp1:TrackPointExtension>
<tp1:hr>160</tp1:hr>
</tp1:TrackPointExtension>
</extensions>
</trkpt>
<trkpt lat="58.72374639" lon="15.80927521">
<ele>80.2</ele>
<time>2025-05-03T23:28:06Z</time>
<extensions>
<tp1:TrackPointExtension>
<tp1:hr>161</tp1:hr>
</tp1:TrackPointExtension>
</extensions>
</trkpt>
<trkpt lat="58.72372518" lon="15.80937537">
<ele>80.2</ele>
<time>2025-05-03T23:28:09Z</time>
<extensions>
<tp1:TrackPointExtension>
<tp1:hr>159</tp1:hr>
</tp1:TrackPointExtension>
</extensions>
</trkpt>
<trkpt lat="58.72371043" lon="15.80947235">
<ele>80.2</ele>
<time>2025-05-03T23:28:11Z</time>
<extensions>
<tp1:TrackPointExtension>
<tp1:hr>158</tp1:hr>
</tp1:TrackPointExtension>
</extensions>
</trkpt>
<trkpt lat="58.7236821" lon="15.8096363">
<ele>80.1</ele>
<time>2025-05-03T23:28:14Z</time>
<extensions>
<tp1:TrackPointExtension>
<tp1:hr>158</tp1:hr>
</tp1:TrackPointExtension>
</extensions>
</trkpt>
<trkpt lat="58.72367154" lon="15.80999077">
<ele>80.1</ele>
<time>2025-05-03T23:28:20Z</time>
<extensions>
<tp1:TrackPointExtension>
<tp1:hr>158</tp1:hr>
</tp1:TrackPointExtension>
</extensions>
</trkpt>
<trkpt lat="58.72368554" lon="15.8101631">
<ele>80.1</ele>
<time>2025-05-03T23:28:23Z</time>
<extensions>
<tp1:TrackPointExtension>
<tp1:hr>154</tp1:hr>
</tp1:TrackPointExtension>
</extensions>
</trkpt>
<trkpt lat="58.72369576" lon="15.81027182">
<ele>80.1</ele>
<time>2025-05-03T23:28:25Z</time>
<extensions>
<tp1:TrackPointExtension>
<tp1:hr>152</tp1:hr>
</tp1:TrackPointExtension>
</extensions>
</trkpt>
<trkpt lat="58.7237054" lon="15.81056979">
<ele>80.1</ele>
<time>2025-05-03T23:28:31Z</time>
<extensions>
<tp1:TrackPointExtension>
<tp1:hr>153</tp1:hr>
</tp1:TrackPointExtension>
</extensions>
</trkpt>
<trkpt lat="58.72373063" lon="15.81075294">
<ele>79.9</ele>
<time>2025-05-03T23:28:35Z</time>
<extensions>
<tp1:TrackPointExtension>
<tp1:hr>156</tp1:hr>
</tp1:TrackPointExtension>
</extensions>
</trkpt>
<trkpt lat="58.72373801" lon="15.8107894">
<ele>79.9</ele>
<time>2025-05-03T23:28:36Z</time>
<extensions>
<tp1:TrackPointExtension>
<tp1:hr>156</tp1:hr>
</tp1:TrackPointExtension>
</extensions>
</trkpt>
<trkpt lat="58.72376676" lon="15.81104622">
<ele>79.5</ele>
<time>2025-05-03T23:28:43Z</time>
<extensions>
<tp1:TrackPointExtension>
<tp1:hr>158</tp1:hr>
</tp1:TrackPointExtension>
</extensions>
</trkpt>
<trkpt lat="58.72376709" lon="15.81124119">
<ele>79.5</ele>
<time>2025-05-03T23:28:48Z</time>
<extensions>
<tp1:TrackPointExtension>
<tp1:hr>156</tp1:hr>
</tp1:TrackPointExtension>
</extensions>
</trkpt>
<trkpt lat="58.72377841" lon="15.81147999">
<ele>79.3</ele>
<time>2025-05-03T23:28:55Z</time>
<extensions>
<tp1:TrackPointExtension>
<tp1:hr>156</tp1:hr>
</tp1:TrackPointExtension>
</extensions>
</trkpt>
<trkpt lat="58.72378998" lon="15.81155727">
<ele>79.1</ele>
<time>2025-05-03T23:28:57Z</time>
<extensions>
<tp1:TrackPointExtension>
<tp1:hr>157</tp1:hr>
</tp1:TrackPointExtension>
</extensions>
</trkpt>
<trkpt lat="58.72382702" lon="15.81171409">
<ele>79.1</ele>
<time>2025-05-03T23:29:00Z</time>
<extensions>
<tp1:TrackPointExtension>
<tp1:hr>158</tp1:hr>
</tp1:TrackPointExtension>
</extensions>
</trkpt>
<trkpt lat="58.72387446" lon="15.81196161">
<ele>78.9</ele>
<time>2025-05-03T23:29:05Z</time>
<extensions>
<tp1:TrackPointExtension>
<tp1:hr>156</tp1:hr>
</tp1:TrackPointExtension>
</extensions>
</trkpt>
<trkpt lat="58.72390623" lon="15.81218708">
<ele>78.1</ele>
<time>2025-05-03T23:29:09Z</time>
<extensions>
<tp1:TrackPointExtension>
<tp1:hr>155</tp1:hr>
</tp1:TrackPointExtension>
</extensions>
</trkpt>
<trkpt lat="58.72391285" lon="15.81223343">
<ele>77.7</ele>
<time>2025-05-03T23:29:12Z</time>
<extensions>
<tp1:TrackPointExtension>
<tp1:hr>156</tp1:hr>
</tp1:TrackPointExtension>
</extensions>
</trkpt>
<trkpt lat="58.72397186" lon="15.81239931">
<ele>76.6</ele>
<time>2025-05-03T23:29:16Z</time>
<extensions>
<tp1:TrackPointExtension>
<tp1:hr>155</tp1:hr>
</tp1:TrackPointExtension>
</extensions>
</trkpt>
<trkpt lat="58.72397739" lon="15.81243276">
<ele>76.4</ele>
<time>2025-05-03T23:29:17Z</time>
<extensions>
<tp1:TrackPointExtension>
<tp1:hr>155</tp1:hr>
</tp1:TrackPointExtension>
</extensions>
</trkpt>
<trkpt lat="58.72400589" lon="15.81254348">
<ele>75.4</ele>
<time>2025-05-03T23:29:19Z</time>
<extensions>
<tp1:TrackPointExtension>
<tp1:hr>155</tp1:hr>
</tp1:TrackPointExtension>
</extensions>
</trkpt>
<trkpt lat="58.72402693" lon="15.81255932">
<ele>75.2</ele>
<time>2025-05-03T23:29:21Z</time>
<extensions>
<tp1:TrackPointExtension>
<tp1:hr>157</tp1:hr>
</tp1:TrackPointExtension>
</extensions>
</trkpt>
<trkpt lat="58.72409826" lon="15.81257072">
<ele>74.2</ele>
<time>2025-05-03T23:29:24Z</time>
<extensions>
<tp1:TrackPointExtension>
<tp1:hr>157</tp1:hr>
</tp1:TrackPointExtension>
</extensions>
</trkpt>
<trkpt lat="58.72412114" lon="15.81258698">
<ele>73.6</ele>
<time>2025-05-03T23:29:25Z</time>
<extensions>
<tp1:TrackPointExtension>
<tp1:hr>157</tp1:hr>
</tp1:TrackPointExtension>
</extensions>
</trkpt>
<trkpt lat="58.72414269" lon="15.81260752">
<ele>73.2</ele>
<time>2025-05-03T23:29:26Z</time>
<extensions>
<tp1:TrackPointExtension>
<tp1:hr>157</tp1:hr>
</tp1:TrackPointExtension>
</extensions>
</trkpt>
<trkpt lat="58.72415869" lon="15.81264214">
<ele>73.0</ele>
<time>2025-05-03T23:29:27Z</time>
<extensions>
<tp1:TrackPointExtension>
<tp1:hr>157</tp1:hr>
</tp1:TrackPointExtension>
</extensions>
</trkpt>
<trkpt lat="58.72419951" lon="15.81275227">
<ele>72.0</ele>
<time>2025-05-03T23:29:30Z</time>
<extensions>
<tp1:TrackPointExtension>
<tp1:hr>158</tp1:hr>
</tp1:TrackPointExtension>
</extensions>
</trkpt>
<trkpt lat="58.72420379" lon="15.81279586">
<ele>71.6</ele>
<time>2025-05-03T23:29:32Z</time>
<extensions>
<tp1:TrackPointExtension>
<tp1:hr>159</tp1:hr>
</tp1:TrackPointExtension>
</extensions>
</trkpt>
<trkpt lat="58.7241789" lon="15.81289309">
<ele>71.8</ele>
<time>2025-05-03T23:29:35Z</time>
<extensions>
<tp1:TrackPointExtension>
<tp1:hr>161</tp1:hr>
</tp1:TrackPointExtension>
</extensions>
</trkpt>
<trkpt lat="58.7241426" lon="15.81306132">
<ele>72.0</ele>
<time>2025-05-03T23:29:40Z</time>
<extensions>
<tp1:TrackPointExtension>
<tp1:hr>159</tp1:hr>
</tp1:TrackPointExtension>
</extensions>
</trkpt>
<trkpt lat="58.72404998" lon="15.81325234">
<ele>70.8</ele>
<time>2025-05-03T23:29:45Z</time>
<extensions>
<tp1:TrackPointExtension>
<tp1:hr>161</tp1:hr>
</tp1:TrackPointExtension>
</extensions>
</trkpt>
<trkpt lat="58.72396038" lon="15.81340699">
<ele>70.6</ele>
<time>2025-05-03T23:29:50Z</time>
<extensions>
<tp1:TrackPointExtension>
<tp1:hr>159</tp1:hr>
</tp1:TrackPointExtension>
</extensions>
</trkpt>
<trkpt lat="58.72390062" lon="15.81359642">
<ele>70.0</ele>
<time>2025-05-03T23:29:55Z</time>
<extensions>
<tp1:TrackPointExtension>
<tp1:hr>160</tp1:hr>
</tp1:TrackPointExtension>
</extensions>
</trkpt>
<trkpt lat="58.72388436" lon="15.81365677">
<ele>70.0</ele>
<time>2025-05-03T23:29:57Z</time>
<extensions>
<tp1:TrackPointExtension>
<tp1:hr>160</tp1:hr>
</tp1:TrackPointExtension>
</extensions>
</trkpt>
<trkpt lat="58.7238629" lon="15.81374796">
<ele>70.0</ele>
<time>2025-05-03T23:30:00Z</time>
<extensions>
<tp1:TrackPointExtension>
<tp1:hr>159</tp1:hr>
</tp1:TrackPointExtension>
</extensions>
</trkpt>
<trkpt lat="58.72374647" lon="15.81389724">
<ele>70.0</ele>
<time>2025-05-03T23:30:05Z</time>
<extensions>
<tp1:TrackPointExtension>
<tp1:hr>160</tp1:hr>
</tp1:TrackPointExtension>
</extensions>
</trkpt>
<trkpt lat="58.72372326" lon="15.81397142">
<ele>70.0</ele>
<time>2025-05-03T23:30:07Z</time>
<extensions>
<tp1:TrackPointExtension>
<tp1:hr>158</tp1:hr>
</tp1:TrackPointExtension>
</extensions>
</trkpt>
<trkpt lat="58.72373021" lon="15.81405658">
<ele>70.2</ele>
<time>2025-05-03T23:30:09Z</time>
<extensions>
<tp1:TrackPointExtension>
<tp1:hr>156</tp1:hr>
</tp1:TrackPointExtension>
</extensions>
</trkpt>
<trkpt lat="58.72372434" lon="15.81433075">
<ele>70.2</ele>
<time>2025-05-03T23:30:14Z</time>
<extensions>
<tp1:TrackPointExtension>
<tp1:hr>155</tp1:hr>
</tp1:TrackPointExtension>
</extensions>
</trkpt>
<trkpt lat="58.72366634" lon="15.81454315">
<ele>70.1</ele>
<time>2025-05-03T23:30:19Z</time>
<extensions>
<tp1:TrackPointExtension>
<tp1:hr>155</tp1:hr>
</tp1:TrackPointExtension>
</extensions>
</trkpt>
<trkpt lat="58.72365125" lon="15.81462194">
<ele>70.1</ele>
<time>2025-05-03T23:30:21Z</time>
<extensions>
<tp1:TrackPointExtension>
<tp1:hr>158</tp1:hr>
</tp1:TrackPointExtension>
</extensions>
</trkpt>
<trkpt lat="58.7236422" lon="15.81476477">
<ele>70.1</ele>
<time>2025-05-03T23:30:24Z</time>
<extensions>
<tp1:TrackPointExtension>
<tp1:hr>160</tp1:hr>
</tp1:TrackPointExtension>
</extensions>
</trkpt>
<trkpt lat="58.7236013" lon="15.81485613">
<ele>70.1</ele>
<time>2025-05-03T23:30:27Z</time>
<extensions>
<tp1:TrackPointExtension>
<tp1:hr>159</tp1:hr>
</tp1:TrackPointExtension>
</extensions>
</trkpt>
<trkpt lat="58.72358085" lon="15.81486099">
<ele>70.1</ele>
<time>2025-05-03T23:30:28Z</time>
<extensions>
<tp1:TrackPointExtension>
<tp1:hr>158</tp1:hr>
</tp1:TrackPointExtension>
</extensions>
</trkpt>
<trkpt lat="58.72354422" lon="15.81486158">
<ele>70.1</ele>
<time>2025-05-03T23:30:30Z</time>
<extensions>
<tp1:TrackPointExtension>
<tp1:hr>158</tp1:hr>
</tp1:TrackPointExtension>
</extensions>
</trkpt>
<trkpt lat="58.72352276" lon="15.81490617">
<ele>70.1</ele>
<time>2025-05-03T23:30:33Z</time>
<extensions>
<tp1:TrackPointExtension>
<tp1:hr>155</tp1:hr>
</tp1:TrackPointExtension>
</extensions>
</trkpt>
<trkpt lat="58.7235034" lon="15.81503341">
<ele>70.1</ele>
<time>2025-05-03T23:30:36Z</time>
<extensions>
<tp1:TrackPointExtension>
<tp1:hr>159</tp1:hr>
</tp1:TrackPointExtension>
</extensions>
</trkpt>
<trkpt lat="58.72348596" lon="15.81509954">
<ele>70.1</ele>
<time>2025-05-03T23:30:38Z</time>
<extensions>
<tp1:TrackPointExtension>
<tp1:hr>162</tp1:hr>
</tp1:TrackPointExtension>
</extensions>
</trkpt>
<trkpt lat="58.72342947" lon="15.81530758">
<ele>70.1</ele>
<time>2025-05-03T23:30:44Z</time>
<extensions>
<tp1:TrackPointExtension>
<tp1:hr>162</tp1:hr>
</tp1:TrackPointExtension>
</extensions>
</trkpt>
<trkpt lat="58.72333484" lon="15.81552057">
<ele>70.3</ele>
<time>2025-05-03T23:30:50Z</time>
<extensions>
<tp1:TrackPointExtension>
<tp1:hr>162</tp1:hr>
</tp1:TrackPointExtension>
</extensions>
</trkpt>
<trkpt lat="58.72326518" lon="15.81582508">
<ele>70.3</ele>
<time>2025-05-03T23:30:54Z</time>
<extensions>
<tp1:TrackPointExtension>
<tp1:hr>163</tp1:hr>
</tp1:TrackPointExtension>
</extensions>
</trkpt>
<trkpt lat="58.72314557" lon="15.81611476">
<ele>70.5</ele>
<time>2025-05-03T23:30:59Z</time>
<extensions>
<tp1:TrackPointExtension>
<tp1:hr>164</tp1:hr>
</tp1:TrackPointExtension>
</extensions>
</trkpt>
<trkpt lat="58.72306528" lon="15.8162311">
<ele>70.5</ele>
<time>2025-05-03T23:31:01Z</time>
<extensions>
<tp1:TrackPointExtension>
<tp1:hr>165</tp1:hr>
</tp1:TrackPointExtension>
</extensions>
</trkpt>
<trkpt lat="58.72293033" lon="15.81644014">
<ele>70.5</ele>
<time>2025-05-03T23:31:05Z</time>
<extensions>
<tp1:TrackPointExtension>
<tp1:hr>166</tp1:hr>
</tp1:TrackPointExtension>
</extensions>
</trkpt>
<trkpt lat="58.72287903" lon="15.81655791">
<ele>70.7</ele>
<time>2025-05-03T23:31:07Z</time>
<extensions>
<tp1:TrackPointExtension>
<tp1:hr>163</tp1:hr>
</tp1:TrackPointExtension>
</extensions>
</trkpt>
<trkpt lat="58.72280133" lon="15.81667366">
<ele>70.7</ele>
<time>2025-05-03T23:31:10Z</time>
<extensions>
<tp1:TrackPointExtension>
<tp1:hr>168</tp1:hr>
</tp1:TrackPointExtension>
</extensions>
</trkpt>
<trkpt lat="58.72267376" lon="15.81680451">
<ele>70.9</ele>
<time>2025-05-03T23:31:15Z</time>
<extensions>
<tp1:TrackPointExtension>
<tp1:hr>170</tp1:hr>
</tp1:TrackPointExtension>
</extensions>
</trkpt>
<trkpt lat="58.72251819" lon="15.81694138">
<ele>71.0</ele>
<time>2025-05-03T23:31:21Z</time>
<extensions>
<tp1:TrackPointExtension>
<tp1:hr>170</tp1:hr>
</tp1:TrackPointExtension>
</extensions>
</trkpt>
<trkpt lat="58.72238056" lon="15.817005">
<ele>71.0</ele>
<time>2025-05-03T23:31:26Z</time>
<extensions>
<tp1:TrackPointExtension>
<tp1:hr>170</tp1:hr>
</tp1:TrackPointExtension>
</extensions>
</trkpt>
<trkpt lat="58.72221376" lon="15.81697256">
<ele>71.2</ele>
<time>2025-05-03T23:31:32Z</time>
<extensions>
<tp1:TrackPointExtension>
<tp1:hr>173</tp1:hr>
</tp1:TrackPointExtension>
</extensions>
</trkpt>
<trkpt lat="58.72213908" lon="15.81694214">
<ele>71.4</ele>
<time>2025-05-03T23:31:35Z</time>
<extensions>
<tp1:TrackPointExtension>
<tp1:hr>169</tp1:hr>
</tp1:TrackPointExtension>
</extensions>
</trkpt>
<trkpt lat="58.72206816" lon="15.81692688">
<ele>71.4</ele>
<time>2025-05-03T23:31:38Z</time>
<extensions>
<tp1:TrackPointExtension>
<tp1:hr>170</tp1:hr>
</tp1:TrackPointExtension>
</extensions>
</trkpt>
<trkpt lat="58.72203673" lon="15.81696309">
<ele>71.4</ele>
<time>2025-05-03T23:31:40Z</time>
<extensions>
<tp1:TrackPointExtension>
<tp1:hr>171</tp1:hr>
</tp1:TrackPointExtension>
</extensions>
</trkpt>
<trkpt lat="58.72200798" lon="15.81705035">
<ele>71.6</ele>
<time>2025-05-03T23:31:43Z</time>
<extensions>
<tp1:TrackPointExtension>
<tp1:hr>173</tp1:hr>
</tp1:TrackPointExtension>
</extensions>
</trkpt>
<trkpt lat="58.72192676" lon="15.81714598">
<ele>71.6</ele>
<time>2025-05-03T23:31:47Z</time>
<extensions>
<tp1:TrackPointExtension>
<tp1:hr>169</tp1:hr>
</tp1:TrackPointExtension>
</extensions>
</trkpt>
<trkpt lat="58.72190539" lon="15.81714858">
<ele>71.6</ele>
<time>2025-05-03T23:31:48Z</time>
<extensions>
<tp1:TrackPointExtension>
<tp1:hr>166</tp1:hr>
</tp1:TrackPointExtension>
</extensions>
</trkpt>
<trkpt lat="58.72188443" lon="15.81717599">
<ele>71.8</ele>
<time>2025-05-03T23:31:49Z</time>
<extensions>
<tp1:TrackPointExtension>
<tp1:hr>162</tp1:hr>
</tp1:TrackPointExtension>
</extensions>
</trkpt>
<trkpt lat="58.72186381" lon="15.81723525">
<ele>71.8</ele>
<time>2025-05-03T23:31:50Z</time>
<extensions>
<tp1:TrackPointExtension>
<tp1:hr>155</tp1:hr>
</tp1:TrackPointExtension>
</extensions>
</trkpt>
<trkpt lat="58.72185862" lon="15.81727901">
<ele>71.8</ele>
<time>2025-05-03T23:31:51Z</time>
<extensions>
<tp1:TrackPointExtension>
<tp1:hr>156</tp1:hr>
</tp1:TrackPointExtension>
</extensions>
</trkpt>
<trkpt lat="58.72185434" lon="15.81732251">
<ele>71.8</ele>
<time>2025-05-03T23:31:52Z</time>
<extensions>
<tp1:TrackPointExtension>
<tp1:hr>157</tp1:hr>
</tp1:TrackPointExtension>
</extensions>
</trkpt>
<trkpt lat="58.7218463" lon="15.8173593">
<ele>71.8</ele>
<time>2025-05-03T23:31:53Z</time>
<extensions>
<tp1:TrackPointExtension>
<tp1:hr>160</tp1:hr>
</tp1:TrackPointExtension>
</extensions>
</trkpt>
<trkpt lat="58.7217846" lon="15.81757111">
<ele>72.0</ele>
<time>2025-05-03T23:31:58Z</time>
<extensions>
<tp1:TrackPointExtension>
<tp1:hr>162</tp1:hr>
</tp1:TrackPointExtension>
</extensions>
</trkpt>
<trkpt lat="58.72167447" lon="15.81776164">
<ele>72.2</ele>
<time>2025-05-03T23:32:04Z</time>
<extensions>
<tp1:TrackPointExtension>
<tp1:hr>164</tp1:hr>
</tp1:TrackPointExtension>
</extensions>
</trkpt>
<trkpt lat="58.72153348" lon="15.81785266">
<ele>72.2</ele>
<time>2025-05-03T23:32:10Z</time>
<extensions>
<tp1:TrackPointExtension>
<tp1:hr>163</tp1:hr>
</tp1:TrackPointExtension>
</extensions>
</trkpt>
<trkpt lat="58.72141044" lon="15.81782567">
<ele>72.4</ele>
<time>2025-05-03T23:32:16Z</time>
<extensions>
<tp1:TrackPointExtension>
<tp1:hr>162</tp1:hr>
</tp1:TrackPointExtension>
</extensions>
</trkpt>
<trkpt lat="58.72139392" lon="15.81783221">
<ele>72.4</ele>
<time>2025-05-03T23:32:17Z</time>
<extensions>
<tp1:TrackPointExtension>
<tp1:hr>162</tp1:hr>
</tp1:TrackPointExtension>
</extensions>
</trkpt>
<trkpt lat="58.72133684" lon="15.81782006">
<ele>72.3</ele>
<time>2025-05-03T23:32:21Z</time>
<extensions>
<tp1:TrackPointExtension>
<tp1:hr>160</tp1:hr>
</tp1:TrackPointExtension>
</extensions>
</trkpt>
<trkpt lat="58.72131044" lon="15.81783045">
<ele>72.3</ele>
<time>2025-05-03T23:32:22Z</time>
<extensions>
<tp1:TrackPointExtension>
<tp1:hr>160</tp1:hr>
</tp1:TrackPointExtension>
</extensions>
</trkpt>
<trkpt lat="58.72129787" lon="15.81782224">
<ele>72.5</ele>
<time>2025-05-03T23:32:23Z</time>
<extensions>
<tp1:TrackPointExtension>
<tp1:hr>160</tp1:hr>
</tp1:TrackPointExtension>
</extensions>
</trkpt>
<trkpt lat="58.72124917" lon="15.81777035">
<ele>72.5</ele>
<time>2025-05-03T23:32:27Z</time>
<extensions>
<tp1:TrackPointExtension>
<tp1:hr>159</tp1:hr>
</tp1:TrackPointExtension>
</extensions>
</trkpt>
<trkpt lat="58.72123182" lon="15.81779952">
<ele>72.5</ele>
<time>2025-05-03T23:32:29Z</time>
<extensions>
<tp1:TrackPointExtension>
<tp1:hr>158</tp1:hr>
</tp1:TrackPointExtension>
</extensions>
</trkpt>
<trkpt lat="58.72118337" lon="15.81788468">
<ele>72.5</ele>
<time>2025-05-03T23:32:32Z</time>
<extensions>
<tp1:TrackPointExtension>
<tp1:hr>158</tp1:hr>
</tp1:TrackPointExtension>
</extensions>
</trkpt>
<trkpt lat="58.72115588" lon="15.81796213">
<ele>72.5</ele>
<time>2025-05-03T23:32:35Z</time>
<extensions>
<tp1:TrackPointExtension>
<tp1:hr>158</tp1:hr>
</tp1:TrackPointExtension>
</extensions>
</trkpt>
<trkpt lat="58.72116091" lon="15.81796993">
<ele>72.5</ele>
<time>2025-05-03T23:32:37Z</time>
<extensions>
<tp1:TrackPointExtension>
<tp1:hr>157</tp1:hr>
</tp1:TrackPointExtension>
</extensions>
</trkpt>
<trkpt lat="58.72118111" lon="15.81787094">
<ele>72.5</ele>
<time>2025-05-03T23:32:41Z</time>
<extensions>
<tp1:TrackPointExtension>
<tp1:hr>155</tp1:hr>
</tp1:TrackPointExtension>
</extensions>
</trkpt>
<trkpt lat="58.72122059" lon="15.81775568">
<ele>72.5</ele>
<time>2025-05-03T23:32:44Z</time>
<extensions>
<tp1:TrackPointExtension>
<tp1:hr>158</tp1:hr>
</tp1:TrackPointExtension>
</extensions>
</trkpt>
<trkpt lat="58.72126895" lon="15.8176541">
<ele>72.5</ele>
<time>2025-05-03T23:32:47Z</time>
<extensions>
<tp1:TrackPointExtension>
<tp1:hr>160</tp1:hr>
</tp1:TrackPointExtension>
</extensions>
</trkpt>
<trkpt lat="58.72128488" lon="15.81755418">
<ele>72.7</ele>
<time>2025-05-03T23:32:50Z</time>
<extensions>
<tp1:TrackPointExtension>
<tp1:hr>161</tp1:hr>
</tp1:TrackPointExtension>
</extensions>
</trkpt>
<trkpt lat="58.72128781" lon="15.8175391">
<ele>72.7</ele>
<time>2025-05-03T23:32:51Z</time>
<extensions>
<tp1:TrackPointExtension>
<tp1:hr>162</tp1:hr>
</tp1:TrackPointExtension>
</extensions>
</trkpt>
<trkpt lat="58.72128789" lon="15.8175308">
<ele>72.7</ele>
<time>2025-05-03T23:32:52Z</time>
<extensions>
<tp1:TrackPointExtension>
<tp1:hr>163</tp1:hr>
</tp1:TrackPointExtension>
</extensions>
</trkpt>
<trkpt lat="58.72128949" lon="15.81753147">
<ele>72.7</ele>
<time>2025-05-03T23:32:53Z</time>
<extensions>
<tp1:TrackPointExtension>
<tp1:hr>164</tp1:hr>
</tp1:TrackPointExtension>
</extensions>
</trkpt>
<trkpt lat="58.7212837" lon="15.81761093">
<ele>72.7</ele>
<time>2025-05-03T23:32:57Z</time>
<extensions>
<tp1:TrackPointExtension>
<tp1:hr>164</tp1:hr>
</tp1:TrackPointExtension>
</extensions>
</trkpt>
<trkpt lat="58.7212796" lon="15.8176888">
<ele>72.7</ele>
<time>2025-05-03T23:32:59Z</time>
<extensions>
<tp1:TrackPointExtension>
<tp1:hr>165</tp1:hr>
</tp1:TrackPointExtension>
</extensions>
</trkpt>
<trkpt lat="58.72129208" lon="15.81776105">
<ele>72.7</ele>
<time>2025-05-03T23:33:01Z</time>
<extensions>
<tp1:TrackPointExtension>
<tp1:hr>164</tp1:hr>
</tp1:TrackPointExtension>
</extensions>
</trkpt>
<trkpt lat="58.72134808" lon="15.8179307">
<ele>72.9</ele>
<time>2025-05-03T23:33:06Z</time>
<extensions>
<tp1:TrackPointExtension>
<tp1:hr>165</tp1:hr>
</tp1:TrackPointExtension>
</extensions>
</trkpt>
<trkpt lat="58.7214293" lon="15.81820747">
<ele>72.9</ele>
<time>2025-05-03T23:33:14Z</time>
<extensions>
<tp1:TrackPointExtension>
<tp1:hr>167</tp1:hr>
</tp1:TrackPointExtension>
</extensions>
</trkpt>
<trkpt lat="58.72142578" lon="15.8182394">
<ele>72.9</ele>
<time>2025-05-03T23:33:16Z</time>
<extensions>
<tp1:TrackPointExtension>
<tp1:hr>167</tp1:hr>
</tp1:TrackPointExtension>
</extensions>
</trkpt>
<trkpt lat="58.72141924" lon="15.81827109">
<ele>72.9</ele>
<time>2025-05-03T23:33:19Z</time>
<extensions>
<tp1:TrackPointExtension>
<tp1:hr>166</tp1:hr>
</tp1:TrackPointExtension>
</extensions>
</trkpt>
<trkpt lat="58.72143533" lon="15.81824183">
<ele>72.8</ele>
<time>2025-05-03T23:33:23Z</time>
<extensions>
<tp1:TrackPointExtension>
<tp1:hr>162</tp1:hr>
</tp1:TrackPointExtension>
</extensions>
</trkpt>
<trkpt lat="58.7214365" lon="15.81822306">
<ele>72.8</ele>
<time>2025-05-03T23:33:24Z</time>
<extensions>
<tp1:TrackPointExtension>
<tp1:hr>159</tp1:hr>
</tp1:TrackPointExtension>
</extensions>
</trkpt>
<trkpt lat="58.72143483" lon="15.81820345">
<ele>72.8</ele>
<time>2025-05-03T23:33:25Z</time>
<extensions>
<tp1:TrackPointExtension>
<tp1:hr>159</tp1:hr>
</tp1:TrackPointExtension>
</extensions>
</trkpt>
<trkpt lat="58.72142594" lon="15.81813807">
<ele>72.8</ele>
<time>2025-05-03T23:33:27Z</time>
<extensions>
<tp1:TrackPointExtension>
<tp1:hr>155</tp1:hr>
</tp1:TrackPointExtension>
</extensions>
</trkpt>
<trkpt lat="58.72142284" lon="15.81811041">
<ele>72.8</ele>
<time>2025-05-03T23:33:28Z</time>
<extensions>
<tp1:TrackPointExtension>
<tp1:hr>151</tp1:hr>
</tp1:TrackPointExtension>
</extensions>
</trkpt>
<trkpt lat="58.72142175" lon="15.81809507">
<ele>72.8</ele>
<time>2025-05-03T23:33:29Z</time>
<extensions>
<tp1:TrackPointExtension>
<tp1:hr>148</tp1:hr>
</tp1:TrackPointExtension>
</extensions>
</trkpt>
<trkpt lat="58.72141748" lon="15.81807688">
<ele>72.8</ele>
<time>2025-05-03T23:33:30Z</time>
<extensions>
<tp1:TrackPointExtension>
<tp1:hr>147</tp1:hr>
</tp1:TrackPointExtension>
</extensions>
</trkpt>
<trkpt lat="58.72136031" lon="15.81803011">
<ele>72.8</ele>
<time>2025-05-03T23:33:35Z</time>
<extensions>
<tp1:TrackPointExtension>
<tp1:hr>146</tp1:hr>
</tp1:TrackPointExtension>
</extensions>
</trkpt>
<trkpt lat="58.72133927" lon="15.81803933">
<ele>73.0</ele>
<time>2025-05-03T23:33:37Z</time>
<extensions>
<tp1:TrackPointExtension>
<tp1:hr>146</tp1:hr>
</tp1:TrackPointExtension>
</extensions>
</trkpt>
<trkpt lat="58.72130558" lon="15.81810571">
<ele>73.0</ele>
<time>2025-05-03T23:33:42Z</time>
<extensions>
<tp1:TrackPointExtension>
<tp1:hr>144</tp1:hr>
</tp1:TrackPointExtension>
</extensions>
</trkpt>
<trkpt lat="58.72128429" lon="15.8181353">
<ele>73.0</ele>
<time>2025-05-03T23:33:44Z</time>
<extensions>
<tp1:TrackPointExtension>
<tp1:hr>143</tp1:hr>
</tp1:TrackPointExtension>
</extensions>
</trkpt>
<trkpt lat="58.72122092" lon="15.81827863">
<ele>73.0</ele>
<time>2025-05-03T23:33:49Z</time>
<extensions>
<tp1:TrackPointExtension>
<tp1:hr>140</tp1:hr>
</tp1:TrackPointExtension>
</extensions>
</trkpt>
<trkpt lat="58.72121111" lon="15.81830931">
<ele>72.4</ele>
<time>2025-05-03T23:33:50Z</time>
<extensions>
<tp1:TrackPointExtension>
<tp1:hr>140</tp1:hr>
</tp1:TrackPointExtension>
</extensions>
</trkpt>
<trkpt lat="58.72109871" lon="15.81837636">
<ele>72.6</ele>
<time>2025-05-03T23:33:55Z</time>
<extensions>
<tp1:TrackPointExtension>
<tp1:hr>141</tp1:hr>
</tp1:TrackPointExtension>
</extensions>
</trkpt>
<trkpt lat="58.72101515" lon="15.8183969">
<ele>72.4</ele>
<time>2025-05-03T23:34:00Z</time>
<extensions>
<tp1:TrackPointExtension>
<tp1:hr>144</tp1:hr>
</tp1:TrackPointExtension>
</extensions>
</trkpt>
<trkpt lat="58.7210045" lon="15.81843001">
<ele>71.8</ele>
<time>2025-05-03T23:34:02Z</time>
<extensions>
<tp1:TrackPointExtension>
<tp1:hr>144</tp1:hr>
</tp1:TrackPointExtension>
</extensions>
</trkpt>
<trkpt lat="58.7209983" lon="15.81848214">
<ele>71.6</ele>
<time>2025-05-03T23:34:03Z</time>
<extensions>
<tp1:TrackPointExtension>
<tp1:hr>145</tp1:hr>
</tp1:TrackPointExtension>
</extensions>
</trkpt>
<trkpt lat="58.72097516" lon="15.81854962">
<ele>71.4</ele>
<time>2025-05-03T23:34:06Z</time>
<extensions>
<tp1:TrackPointExtension>
<tp1:hr>145</tp1:hr>
</tp1:TrackPointExtension>
</extensions>
</trkpt>
<trkpt lat="58.72093082" lon="15.81882446">
<ele>71.2</ele>
<time>2025-05-03T23:34:11Z</time>
<extensions>
<tp1:TrackPointExtension>
<tp1:hr>143</tp1:hr>
</tp1:TrackPointExtension>
</extensions>
</trkpt>
<trkpt lat="58.72083167" lon="15.81911154">
<ele>71.2</ele>
<time>2025-05-03T23:34:17Z</time>
<extensions>
<tp1:TrackPointExtension>
<tp1:hr>146</tp1:hr>
</tp1:TrackPointExtension>
</extensions>
</trkpt>
<trkpt lat="58.72081675" lon="15.81914641">
<ele>71.4</ele>
<time>2025-05-03T23:34:18Z</time>
<extensions>
<tp1:TrackPointExtension>
<tp1:hr>146</tp1:hr>
</tp1:TrackPointExtension>
</extensions>
</trkpt>
<trkpt lat="58.72080116" lon="15.81932754">
<ele>71.5</ele>
<time>2025-05-03T23:34:23Z</time>
<extensions>
<tp1:TrackPointExtension>
<tp1:hr>148</tp1:hr>
</tp1:TrackPointExtension>
</extensions>
</trkpt>
<trkpt lat="58.72080065" lon="15.81940834">
<ele>70.3</ele>
<time>2025-05-03T23:34:25Z</time>
<extensions>
<tp1:TrackPointExtension>
<tp1:hr>149</tp1:hr>
</tp1:TrackPointExtension>
</extensions>
</trkpt>
<trkpt lat="58.72077911" lon="15.81958822">
<ele>69.5</ele>
<time>2025-05-03T23:34:29Z</time>
<extensions>
<tp1:TrackPointExtension>
<tp1:hr>150</tp1:hr>
</tp1:TrackPointExtension>
</extensions>
</trkpt>
<trkpt lat="58.72071382" lon="15.8199193">
<ele>69.5</ele>
<time>2025-05-03T23:34:34Z</time>
<extensions>
<tp1:TrackPointExtension>
<tp1:hr>151</tp1:hr>
</tp1:TrackPointExtension>
</extensions>
</trkpt>
<trkpt lat="58.72068842" lon="15.82021058">
<ele>69.5</ele>
<time>2025-05-03T23:34:39Z</time>
<extensions>
<tp1:TrackPointExtension>
<tp1:hr>150</tp1:hr>
</tp1:TrackPointExtension>
</extensions>
</trkpt>
<trkpt lat="58.72067157" lon="15.82048492">
<ele>69.7</ele>
<time>2025-05-03T23:34:45Z</time>
<extensions>
<tp1:TrackPointExtension>
<tp1:hr>154</tp1:hr>
</tp1:TrackPointExtension>
</extensions>
</trkpt>
<trkpt lat="58.72066101" lon="15.82064644">
<ele>69.7</ele>
<time>2025-05-03T23:34:48Z</time>
<extensions>
<tp1:TrackPointExtension>
<tp1:hr>157</tp1:hr>
</tp1:TrackPointExtension>
</extensions>
</trkpt>
<trkpt lat="58.72067953" lon="15.82077744">
<ele>69.7</ele>
<time>2025-05-03T23:34:50Z</time>
<extensions>
<tp1:TrackPointExtension>
<tp1:hr>156</tp1:hr>
</tp1:TrackPointExtension>
</extensions>
</trkpt>
<trkpt lat="58.72067006" lon="15.82088582">
<ele>69.9</ele>
<time>2025-05-03T23:34:52Z</time>
<extensions>
<tp1:TrackPointExtension>
<tp1:hr>155</tp1:hr>
</tp1:TrackPointExtension>
</extensions>
</trkpt>
<trkpt lat="58.72064726" lon="15.82096134">
<ele>69.9</ele>
<time>2025-05-03T23:34:54Z</time>
<extensions>
<tp1:TrackPointExtension>
<tp1:hr>153</tp1:hr>
</tp1:TrackPointExtension>
</extensions>
</trkpt>
<trkpt lat="58.72059756" lon="15.82111867">
<ele>69.9</ele>
<time>2025-05-03T23:34:58Z</time>
<extensions>
<tp1:TrackPointExtension>
<tp1:hr>156</tp1:hr>
</tp1:TrackPointExtension>
</extensions>
</trkpt>
<trkpt lat="58.72058415" lon="15.82116888">
<ele>69.9</ele>
<time>2025-05-03T23:34:59Z</time>
<extensions>
<tp1:TrackPointExtension>
<tp1:hr>154</tp1:hr>
</tp1:TrackPointExtension>
</extensions>
</trkpt>
<trkpt lat="58.7205388" lon="15.82130458">
<ele>70.1</ele>
<time>2025-05-03T23:35:02Z</time>
<extensions>
<tp1:TrackPointExtension>
<tp1:hr>157</tp1:hr>
</tp1:TrackPointExtension>
</extensions>
</trkpt>
<trkpt lat="58.72051676" lon="15.82137281">
<ele>70.1</ele>
<time>2025-05-03T23:35:04Z</time>
<extensions>
<tp1:TrackPointExtension>
<tp1:hr>160</tp1:hr>
</tp1:TrackPointExtension>
</extensions>
</trkpt>
<trkpt lat="58.72050167" lon="15.82139217">
<ele>70.1</ele>
<time>2025-05-03T23:35:05Z</time>
<extensions>
<tp1:TrackPointExtension>
<tp1:hr>160</tp1:hr>
</tp1:TrackPointExtension>
</extensions>
</trkpt>
<trkpt lat="58.72043537" lon="15.82162159">
<ele>70.5</ele>
<time>2025-05-03T23:35:11Z</time>
<extensions>
<tp1:TrackPointExtension>
<tp1:hr>161</tp1:hr>
</tp1:TrackPointExtension>
</extensions>
</trkpt>
<trkpt lat="58.72042741" lon="15.82177296">
<ele>70.7</ele>
<time>2025-05-03T23:35:15Z</time>
<extensions>
<tp1:TrackPointExtension>
<tp1:hr>161</tp1:hr>
</tp1:TrackPointExtension>
</extensions>
</trkpt>
<trkpt lat="58.72041014" lon="15.82199567">
<ele>71.1</ele>
<time>2025-05-03T23:35:20Z</time>
<extensions>
<tp1:TrackPointExtension>
<tp1:hr>162</tp1:hr>
</tp1:TrackPointExtension>
</extensions>
</trkpt>
<trkpt lat="58.72039204" lon="15.82209416">
<ele>71.3</ele>
<time>2025-05-03T23:35:23Z</time>
<extensions>
<tp1:TrackPointExtension>
<tp1:hr>163</tp1:hr>
</tp1:TrackPointExtension>
</extensions>
</trkpt>
<trkpt lat="58.72038558" lon="15.82213229">
<ele>71.2</ele>
<time>2025-05-03T23:35:24Z</time>
<extensions>
<tp1:TrackPointExtension>
<tp1:hr>163</tp1:hr>
</tp1:TrackPointExtension>
</extensions>
</trkpt>
<trkpt lat="58.72037494" lon="15.82216373">
<ele>71.2</ele>
<time>2025-05-03T23:35:25Z</time>
<extensions>
<tp1:TrackPointExtension>
<tp1:hr>163</tp1:hr>
</tp1:TrackPointExtension>
</extensions>
</trkpt>
<trkpt lat="58.7202886" lon="15.82229801">
<ele>71.6</ele>
<time>2025-05-03T23:35:30Z</time>
<extensions>
<tp1:TrackPointExtension>
<tp1:hr>163</tp1:hr>
</tp1:TrackPointExtension>
</extensions>
</trkpt>
<trkpt lat="58.72018827" lon="15.82234344">
<ele>74.6</ele>
<time>2025-05-03T23:35:35Z</time>
<extensions>
<tp1:TrackPointExtension>
<tp1:hr>163</tp1:hr>
</tp1:TrackPointExtension>
</extensions>
</trkpt>
<trkpt lat="58.72017369" lon="15.82237252">
<ele>76.0</ele>
<time>2025-05-03T23:35:36Z</time>
<extensions>
<tp1:TrackPointExtension>
<tp1:hr>163</tp1:hr>
</tp1:TrackPointExtension>
</extensions>
</trkpt>
<trkpt lat="58.72014519" lon="15.82244284">
<ele>77.0</ele>
<time>2025-05-03T23:35:38Z</time>
<extensions>
<tp1:TrackPointExtension>
<tp1:hr>163</tp1:hr>
</tp1:TrackPointExtension>
</extensions>
</trkpt>
<trkpt lat="58.72013052" lon="15.82247">
<ele>76.8</ele>
<time>2025-05-03T23:35:39Z</time>
<extensions>
<tp1:TrackPointExtension>
<tp1:hr>163</tp1:hr>
</tp1:TrackPointExtension>
</extensions>
</trkpt>
<trkpt lat="58.72006414" lon="15.82258768">
<ele>76.0</ele>
<time>2025-05-03T23:35:43Z</time>
<extensions>
<tp1:TrackPointExtension>
<tp1:hr>161</tp1:hr>
</tp1:TrackPointExtension>
</extensions>
</trkpt>
<trkpt lat="58.72004075" lon="15.82264108">
<ele>75.6</ele>
<time>2025-05-03T23:35:45Z</time>
<extensions>
<tp1:TrackPointExtension>
<tp1:hr>161</tp1:hr>
</tp1:TrackPointExtension>
</extensions>
</trkpt>
<trkpt lat="58.72002273" lon="15.82280218">
<ele>75.0</ele>
<time>2025-05-03T23:35:49Z</time>
<extensions>
<tp1:TrackPointExtension>
<tp1:hr>164</tp1:hr>
</tp1:TrackPointExtension>
</extensions>
</trkpt>
<trkpt lat="58.72001342" lon="15.82282414">
<ele>75.0</ele>
<time>2025-05-03T23:35:50Z</time>
<extensions>
<tp1:TrackPointExtension>
<tp1:hr>164</tp1:hr>
</tp1:TrackPointExtension>
</extensions>
</trkpt>
<trkpt lat="58.72000312" lon="15.82283822">
<ele>74.6</ele>
<time>2025-05-03T23:35:51Z</time>
<extensions>
<tp1:TrackPointExtension>
<tp1:hr>163</tp1:hr>
</tp1:TrackPointExtension>
</extensions>
</trkpt>
<trkpt lat="58.71998878" lon="15.8228715">
<ele>74.6</ele>
<time>2025-05-03T23:35:53Z</time>
<extensions>
<tp1:TrackPointExtension>
<tp1:hr>163</tp1:hr>
</tp1:TrackPointExtension>
</extensions>
</trkpt>
<trkpt lat="58.71998811" lon="15.82288289">
<ele>74.4</ele>
<time>2025-05-03T23:35:54Z</time>
<extensions>
<tp1:TrackPointExtension>
<tp1:hr>163</tp1:hr>
</tp1:TrackPointExtension>
</extensions>
</trkpt>
<trkpt lat="58.72000488" lon="15.82300586">
<ele>74.0</ele>
<time>2025-05-03T23:35:59Z</time>
<extensions>
<tp1:TrackPointExtension>
<tp1:hr>161</tp1:hr>
</tp1:TrackPointExtension>
</extensions>
</trkpt>
<trkpt lat="58.72000798" lon="15.82303268">
<ele>74.0</ele>
<time>2025-05-03T23:36:00Z</time>
<extensions>
<tp1:TrackPointExtension>
<tp1:hr>161</tp1:hr>
</tp1:TrackPointExtension>
</extensions>
</trkpt>
<trkpt lat="58.72003815" lon="15.82314701">
<ele>75.0</ele>
<time>2025-05-03T23:36:05Z</time>
<extensions>
<tp1:TrackPointExtension>
<tp1:hr>159</tp1:hr>
</tp1:TrackPointExtension>
</extensions>
</trkpt>
<trkpt lat="58.72004829" lon="15.82328028">
<ele>75.0</ele>
<time>2025-05-03T23:36:10Z</time>
<extensions>
<tp1:TrackPointExtension>
<tp1:hr>158</tp1:hr>
</tp1:TrackPointExtension>
</extensions>
</trkpt>
<trkpt lat="58.72009121" lon="15.82345404">
<ele>74.2</ele>
<time>2025-05-03T23:36:16Z</time>
<extensions>
<tp1:TrackPointExtension>
<tp1:hr>159</tp1:hr>
</tp1:TrackPointExtension>
</extensions>
</trkpt>
<trkpt lat="58.7202052" lon="15.82354951">
<ele>74.4</ele>
<time>2025-05-03T23:36:22Z</time>
<extensions>
<tp1:TrackPointExtension>
<tp1:hr>157</tp1:hr>
</tp1:TrackPointExtension>
</extensions>
</trkpt>
<trkpt lat="58.7202731" lon="15.82363551">
<ele>73.9</ele>
<time>2025-05-03T23:36:28Z</time>
<extensions>
<tp1:TrackPointExtension>
<tp1:hr>157</tp1:hr>
</tp1:TrackPointExtension>
</extensions>
</trkpt>
<trkpt lat="58.72028341" lon="15.82365361">
<ele>74.1</ele>
<time>2025-05-03T23:36:29Z</time>
<extensions>
<tp1:TrackPointExtension>
<tp1:hr>158</tp1:hr>
</tp1:TrackPointExtension>
</extensions>
</trkpt>
<trkpt lat="58.72029598" lon="15.82368152">
<ele>74.1</ele>
<time>2025-05-03T23:36:30Z</time>
<extensions>
<tp1:TrackPointExtension>
<tp1:hr>158</tp1:hr>
</tp1:TrackPointExtension>
</extensions>
</trkpt>
<trkpt lat="58.72037225" lon="15.82380147">
<ele>74.1</ele>
<time>2025-05-03T23:36:35Z</time>
<extensions>
<tp1:TrackPointExtension>
<tp1:hr>158</tp1:hr>
</tp1:TrackPointExtension>
</extensions>
</trkpt>
<trkpt lat="58.72040503" lon="15.82386198">
<ele>73.7</ele>
<time>2025-05-03T23:36:37Z</time>
<extensions>
<tp1:TrackPointExtension>
<tp1:hr>158</tp1:hr>
</tp1:TrackPointExtension>
</extensions>
</trkpt>
<trkpt lat="58.72041894" lon="15.82388537">
<ele>73.7</ele>
<time>2025-05-03T23:36:38Z</time>
<extensions>
<tp1:TrackPointExtension>
<tp1:hr>158</tp1:hr>
</tp1:TrackPointExtension>
</extensions>
</trkpt>
<trkpt lat="58.72043394" lon="15.82392342">
<ele>73.5</ele>
<time>2025-05-03T23:36:39Z</time>
<extensions>
<tp1:TrackPointExtension>
<tp1:hr>158</tp1:hr>
</tp1:TrackPointExtension>
</extensions>
</trkpt>
<trkpt lat="58.72046286" lon="15.82398931">
<ele>72.5</ele>
<time>2025-05-03T23:36:42Z</time>
<extensions>
<tp1:TrackPointExtension>
<tp1:hr>159</tp1:hr>
</tp1:TrackPointExtension>
</extensions>
</trkpt>
<trkpt lat="58.72050368" lon="15.82408578">
<ele>71.9</ele>
<time>2025-05-03T23:36:46Z</time>
<extensions>
<tp1:TrackPointExtension>
<tp1:hr>159</tp1:hr>
</tp1:TrackPointExtension>
</extensions>
</trkpt>
<trkpt lat="58.72062203" lon="15.82428762">
<ele>71.9</ele>
<time>2025-05-03T23:36:51Z</time>
<extensions>
<tp1:TrackPointExtension>
<tp1:hr>158</tp1:hr>
</tp1:TrackPointExtension>
</extensions>
</trkpt>
<trkpt lat="58.720688" lon="15.82447009">
<ele>71.5</ele>
<time>2025-05-03T23:36:56Z</time>
<extensions>
<tp1:TrackPointExtension>
<tp1:hr>161</tp1:hr>
</tp1:TrackPointExtension>
</extensions>
</trkpt>
<trkpt lat="58.72070141" lon="15.82449415">
<ele>71.5</ele>
<time>2025-05-03T23:36:57Z</time>
<extensions>
<tp1:TrackPointExtension>
<tp1:hr>161</tp1:hr>
</tp1:TrackPointExtension>
</extensions>
</trkpt>
<trkpt lat="58.72075086" lon="15.82473672">
<ele>71.5</ele>
<time>2025-05-03T23:37:03Z</time>
<extensions>
<tp1:TrackPointExtension>
<tp1:hr>161</tp1:hr>
</tp1:TrackPointExtension>
</extensions>
</trkpt>
<trkpt lat="58.72076478" lon="15.82476539">
<ele>71.5</ele>
<time>2025-05-03T23:37:04Z</time>
<extensions>
<tp1:TrackPointExtension>
<tp1:hr>161</tp1:hr>
</tp1:TrackPointExtension>
</extensions>
</trkpt>
<trkpt lat="58.72084692" lon="15.82483169">
<ele>71.7</ele>
<time>2025-05-03T23:37:08Z</time>
<extensions>
<tp1:TrackPointExtension>
<tp1:hr>162</tp1:hr>
</tp1:TrackPointExtension>
</extensions>
</trkpt>
<trkpt lat="58.72099143" lon="15.82496244">
<ele>71.7</ele>
<time>2025-05-03T23:37:14Z</time>
<extensions>
<tp1:TrackPointExtension>
<tp1:hr>162</tp1:hr>
</tp1:TrackPointExtension>
</extensions>
</trkpt>
<trkpt lat="58.72115655" lon="15.82512631">
<ele>71.9</ele>
<time>2025-05-03T23:37:21Z</time>
<extensions>
<tp1:TrackPointExtension>
<tp1:hr>163</tp1:hr>
</tp1:TrackPointExtension>
</extensions>
</trkpt>
<trkpt lat="58.72118236" lon="15.82518431">
<ele>71.9</ele>
<time>2025-05-03T23:37:24Z</time>
<extensions>
<tp1:TrackPointExtension>
<tp1:hr>161</tp1:hr>
</tp1:TrackPointExtension>
</extensions>
</trkpt>
<trkpt lat="58.72121237" lon="15.82518708">
<ele>72.1</ele>
<time>2025-05-03T23:37:26Z</time>
<extensions>
<tp1:TrackPointExtension>
<tp1:hr>161</tp1:hr>
</tp1:TrackPointExtension>
</extensions>
</trkpt>
<trkpt lat="58.72124825" lon="15.82520016">
<ele>72.0</ele>
<time>2025-05-03T23:37:28Z</time>
<extensions>
<tp1:TrackPointExtension>
<tp1:hr>161</tp1:hr>
</tp1:TrackPointExtension>
</extensions>
</trkpt>
<trkpt lat="58.72128638" lon="15.82530652">
<ele>72.2</ele>
<time>2025-05-03T23:37:31Z</time>
<extensions>
<tp1:TrackPointExtension>
<tp1:hr>162</tp1:hr>
</tp1:TrackPointExtension>
</extensions>
</trkpt>
<trkpt lat="58.72137213" lon="15.82542798">
<ele>72.2</ele>
<time>2025-05-03T23:37:36Z</time>
<extensions>
<tp1:TrackPointExtension>
<tp1:hr>162</tp1:hr>
</tp1:TrackPointExtension>
</extensions>
</trkpt>
<trkpt lat="58.72146299" lon="15.82552353">
<ele>72.4</ele>
<time>2025-05-03T23:37:40Z</time>
<extensions>
<tp1:TrackPointExtension>
<tp1:hr>162</tp1:hr>
</tp1:TrackPointExtension>
</extensions>
</trkpt>
<trkpt lat="58.72152535" lon="15.82557298">
<ele>72.6</ele>
<time>2025-05-03T23:37:43Z</time>
<extensions>
<tp1:TrackPointExtension>
<tp1:hr>161</tp1:hr>
</tp1:TrackPointExtension>
</extensions>
</trkpt>
<trkpt lat="58.72156248" lon="15.82558505">
<ele>72.6</ele>
<time>2025-05-03T23:37:45Z</time>
<extensions>
<tp1:TrackPointExtension>
<tp1:hr>160</tp1:hr>
</tp1:TrackPointExtension>
</extensions>
</trkpt>
<trkpt lat="58.72159366" lon="15.82562034">
<ele>72.8</ele>
<time>2025-05-03T23:37:46Z</time>
<extensions>
<tp1:TrackPointExtension>
<tp1:hr>162</tp1:hr>
</tp1:TrackPointExtension>
</extensions>
</trkpt>
<trkpt lat="58.72159366" lon="15.82564859">
<ele>72.8</ele>
<time>2025-05-03T23:37:48Z</time>
<extensions>
<tp1:TrackPointExtension>
<tp1:hr>163</tp1:hr>
</tp1:TrackPointExtension>
</extensions>
</trkpt>
<trkpt lat="58.72156684" lon="15.82581321">
<ele>72.8</ele>
<time>2025-05-03T23:37:53Z</time>
<extensions>
<tp1:TrackPointExtension>
<tp1:hr>164</tp1:hr>
</tp1:TrackPointExtension>
</extensions>
</trkpt>
<trkpt lat="58.72152778" lon="15.82612996">
<ele>73.0</ele>
<time>2025-05-03T23:37:59Z</time>
<extensions>
<tp1:TrackPointExtension>
<tp1:hr>164</tp1:hr>
</tp1:TrackPointExtension>
</extensions>
</trkpt>
<trkpt lat="58.72155804" lon="15.82634546">
<ele>73.0</ele>
<time>2025-05-03T23:38:04Z</time>
<extensions>
<tp1:TrackPointExtension>
<tp1:hr>164</tp1:hr>
</tp1:TrackPointExtension>
</extensions>
</trkpt>
<trkpt lat="58.72162828" lon="15.82658744">
<ele>73.0</ele>
<time>2025-05-03T23:38:10Z</time>
<extensions>
<tp1:TrackPointExtension>
<tp1:hr>165</tp1:hr>
</tp1:TrackPointExtension>
</extensions>
</trkpt>
<trkpt lat="58.72162116" lon="15.82679205">
<ele>73.0</ele>
<time>2025-05-03T23:38:15Z</time>
<extensions>
<tp1:TrackPointExtension>
<tp1:hr>165</tp1:hr>
</tp1:TrackPointExtension>
</extensions>
</trkpt>
<trkpt lat="58.7216199" lon="15.82699338">
<ele>72.8</ele>
<time>2025-05-03T23:38:21Z</time>
<extensions>
<tp1:TrackPointExtension>
<tp1:hr>165</tp1:hr>
</tp1:TrackPointExtension>
</extensions>
</trkpt>
<trkpt lat="58.72161672" lon="15.82717946">
<ele>72.8</ele>
<time>2025-05-03T23:38:26Z</time>
<extensions>
<tp1:TrackPointExtension>
<tp1:hr>162</tp1:hr>
</tp1:TrackPointExtension>
</extensions>
</trkpt>
<trkpt lat="58.72161345" lon="15.82722656">
<ele>72.8</ele>
<time>2025-05-03T23:38:27Z</time>
<extensions>
<tp1:TrackPointExtension>
<tp1:hr>162</tp1:hr>
</tp1:TrackPointExtension>
</extensions>
</trkpt>
<trkpt lat="58.72160615" lon="15.82743268">
<ele>72.7</ele>
<time>2025-05-03T23:38:32Z</time>
<extensions>
<tp1:TrackPointExtension>
<tp1:hr>162</tp1:hr>
</tp1:TrackPointExtension>
</extensions>
</trkpt>
<trkpt lat="58.72158864" lon="15.82767726">
<ele>72.7</ele>
<time>2025-05-03T23:38:38Z</time>
<extensions>
<tp1:TrackPointExtension>
<tp1:hr>160</tp1:hr>
</tp1:TrackPointExtension>
</extensions>
</trkpt>
<trkpt lat="58.72157011" lon="15.82774113">
<ele>72.7</ele>
<time>2025-05-03T23:38:40Z</time>
<extensions>
<tp1:TrackPointExtension>
<tp1:hr>161</tp1:hr>
</tp1:TrackPointExtension>
</extensions>
</trkpt>
<trkpt lat="58.72153625" lon="15.82779075">
<ele>72.9</ele>
<time>2025-05-03T23:38:43Z</time>
<extensions>
<tp1:TrackPointExtension>
<tp1:hr>162</tp1:hr>
</tp1:TrackPointExtension>
</extensions>
</trkpt>
<trkpt lat="58.72144547" lon="15.82789795">
<ele>73.1</ele>
<time>2025-05-03T23:38:48Z</time>
<extensions>
<tp1:TrackPointExtension>
<tp1:hr>160</tp1:hr>
</tp1:TrackPointExtension>
</extensions>
</trkpt>
<trkpt lat="58.72136635" lon="15.82798881">
<ele>73.1</ele>
<time>2025-05-03T23:38:52Z</time>
<extensions>
<tp1:TrackPointExtension>
<tp1:hr>161</tp1:hr>
</tp1:TrackPointExtension>
</extensions>
</trkpt>
<trkpt lat="58.72134363" lon="15.82806258">
<ele>73.3</ele>
<time>2025-05-03T23:38:54Z</time>
<extensions>
<tp1:TrackPointExtension>
<tp1:hr>162</tp1:hr>
</tp1:TrackPointExtension>
</extensions>
</trkpt>
<trkpt lat="58.7213314" lon="15.8280811">
<ele>73.3</ele>
<time>2025-05-03T23:38:55Z</time>
<extensions>
<tp1:TrackPointExtension>
<tp1:hr>162</tp1:hr>
</tp1:TrackPointExtension>
</extensions>
</trkpt>
<trkpt lat="58.72126996" lon="15.82812024">
<ele>73.3</ele>
<time>2025-05-03T23:38:58Z</time>
<extensions>
<tp1:TrackPointExtension>
<tp1:hr>162</tp1:hr>
</tp1:TrackPointExtension>
</extensions>
</trkpt>
<trkpt lat="58.72123048" lon="15.82809971">
<ele>73.5</ele>
<time>2025-05-03T23:39:00Z</time>
<extensions>
<tp1:TrackPointExtension>
<tp1:hr>163</tp1:hr>
</tp1:TrackPointExtension>
</extensions>
</trkpt>
<trkpt lat="58.72120659" lon="15.82803961">
<ele>73.5</ele>
<time>2025-05-03T23:39:02Z</time>
<extensions>
<tp1:TrackPointExtension>
<tp1:hr>162</tp1:hr>
</tp1:TrackPointExtension>
</extensions>
</trkpt>
<trkpt lat="58.72117692" lon="15.82799703">
<ele>73.5</ele>
<time>2025-05-03T23:39:04Z</time>
<extensions>
<tp1:TrackPointExtension>
<tp1:hr>163</tp1:hr>
</tp1:TrackPointExtension>
</extensions>
</trkpt>
<trkpt lat="58.721133" lon="15.82796744">
<ele>73.5</ele>
<time>2025-05-03T23:39:06Z</time>
<extensions>
<tp1:TrackPointExtension>
<tp1:hr>163</tp1:hr>
</tp1:TrackPointExtension>
</extensions>
</trkpt>
<trkpt lat="58.72100593" lon="15.82784666">
<ele>73.7</ele>
<time>2025-05-03T23:39:12Z</time>
<extensions>
<tp1:TrackPointExtension>
<tp1:hr>163</tp1:hr>
</tp1:TrackPointExtension>
</extensions>
</trkpt>
<trkpt lat="58.7208465" lon="15.82781355">
<ele>73.7</ele>
<time>2025-05-03T23:39:18Z</time>
<extensions>
<tp1:TrackPointExtension>
<tp1:hr>164</tp1:hr>
</tp1:TrackPointExtension>
</extensions>
</trkpt>
<trkpt lat="58.72081918" lon="15.82782595">
<ele>73.7</ele>
<time>2025-05-03T23:39:19Z</time>
<extensions>
<tp1:TrackPointExtension>
<tp1:hr>164</tp1:hr>
</tp1:TrackPointExtension>
</extensions>
</trkpt>
<trkpt lat="58.7207403" lon="15.82790994">
<ele>73.7</ele>
<time>2025-05-03T23:39:22Z</time>
<extensions>
<tp1:TrackPointExtension>
<tp1:hr>165</tp1:hr>
</tp1:TrackPointExtension>
</extensions>
</trkpt>
<trkpt lat="58.72062916" lon="15.8279262">
<ele>73.7</ele>
<time>2025-05-03T23:39:26Z</time>
<extensions>
<tp1:TrackPointExtension>
<tp1:hr>166</tp1:hr>
</tp1:TrackPointExtension>
</extensions>
</trkpt>
<trkpt lat="58.72062916" lon="15.8279262">
<ele>73.7</ele>
<time>2025-05-03T23:39:27Z</time>
<extensions>
<tp1:TrackPointExtension>
<tp1:hr>166</tp1:hr>
</tp1:TrackPointExtension>
</extensions>
</trkpt>
<trkpt lat="58.72050846" lon="15.82789477">
<ele>73.6</ele>
<time>2025-05-03T23:39:32Z</time>
<extensions>
<tp1:TrackPointExtension>
<tp1:hr>165</tp1:hr>
</tp1:TrackPointExtension>
</extensions>
</trkpt>
<trkpt lat="58.72036379" lon="15.82780626">
<ele>73.6</ele>
<time>2025-05-03T23:39:38Z</time>
<extensions>
<tp1:TrackPointExtension>
<tp1:hr>165</tp1:hr>
</tp1:TrackPointExtension>
</extensions>
</trkpt>
<trkpt lat="58.72017402" lon="15.82774641">
<ele>73.8</ele>
<time>2025-05-03T23:39:45Z</time>
<extensions>
<tp1:TrackPointExtension>
<tp1:hr>163</tp1:hr>
</tp1:TrackPointExtension>
</extensions>
</trkpt>
<trkpt lat="58.71998702" lon="15.82766854">
<ele>73.8</ele>
<time>2025-05-03T23:39:51Z</time>
<extensions>
<tp1:TrackPointExtension>
<tp1:hr>163</tp1:hr>
</tp1:TrackPointExtension>
</extensions>
</trkpt>
<trkpt lat="58.71983137" lon="15.8277024">
<ele>73.8</ele>
<time>2025-05-03T23:39:56Z</time>
<extensions>
<tp1:TrackPointExtension>
<tp1:hr>163</tp1:hr>
</tp1:TrackPointExtension>
</extensions>
</trkpt>
<trkpt lat="58.71971486" lon="15.82776133">
<ele>73.8</ele>
<time>2025-05-03T23:40:01Z</time>
<extensions>
<tp1:TrackPointExtension>
<tp1:hr>163</tp1:hr>
</tp1:TrackPointExtension>
</extensions>
</trkpt>
<trkpt lat="58.71954102" lon="15.82778279">
<ele>73.8</ele>
<time>2025-05-03T23:40:07Z</time>
<extensions>
<tp1:TrackPointExtension>
<tp1:hr>160</tp1:hr>
</tp1:TrackPointExtension>
</extensions>
</trkpt>
<trkpt lat="58.71942116" lon="15.82777499">
<ele>74.0</ele>
<time>2025-05-03T23:40:11Z</time>
<extensions>
<tp1:TrackPointExtension>
<tp1:hr>163</tp1:hr>
</tp1:TrackPointExtension>
</extensions>
</trkpt>
<trkpt lat="58.71937707" lon="15.82774239">
<ele>74.0</ele>
<time>2025-05-03T23:40:13Z</time>
<extensions>
<tp1:TrackPointExtension>
<tp1:hr>162</tp1:hr>
</tp1:TrackPointExtension>
</extensions>
</trkpt>
<trkpt lat="58.71924036" lon="15.82766033">
<ele>74.2</ele>
<time>2025-05-03T23:40:18Z</time>
<extensions>
<tp1:TrackPointExtension>
<tp1:hr>162</tp1:hr>
</tp1:TrackPointExtension>
</extensions>
</trkpt>
<trkpt lat="58.71921421" lon="15.82764449">
<ele>74.2</ele>
<time>2025-05-03T23:40:19Z</time>
<extensions>
<tp1:TrackPointExtension>
<tp1:hr>162</tp1:hr>
</tp1:TrackPointExtension>
</extensions>
</trkpt>
<trkpt lat="58.71914791" lon="15.82755966">
<ele>74.2</ele>
<time>2025-05-03T23:40:22Z</time>
<extensions>
<tp1:TrackPointExtension>
<tp1:hr>162</tp1:hr>
</tp1:TrackPointExtension>
</extensions>
</trkpt>
<trkpt lat="58.71914791" lon="15.82755966">
<ele>74.2</ele>
<time>2025-05-03T23:40:23Z</time>
<extensions>
<tp1:TrackPointExtension>
<tp1:hr>161</tp1:hr>
</tp1:TrackPointExtension>
</extensions>
</trkpt>
<trkpt lat="58.7190682" lon="15.82735338">
<ele>74.4</ele>
<time>2025-05-03T23:40:28Z</time>
<extensions>
<tp1:TrackPointExtension>
<tp1:hr>161</tp1:hr>
</tp1:TrackPointExtension>
</extensions>
</trkpt>
<trkpt lat="58.71901229" lon="15.82724777">
<ele>74.4</ele>
<time>2025-05-03T23:40:31Z</time>
<extensions>
<tp1:TrackPointExtension>
<tp1:hr>162</tp1:hr>
</tp1:TrackPointExtension>
</extensions>
</trkpt>
<trkpt lat="58.71897248" lon="15.82717435">
<ele>74.3</ele>
<time>2025-05-03T23:40:33Z</time>
<extensions>
<tp1:TrackPointExtension>
<tp1:hr>162</tp1:hr>
</tp1:TrackPointExtension>
</extensions>
</trkpt>
<trkpt lat="58.71885161" lon="15.8269689">
<ele>74.5</ele>
<time>2025-05-03T23:40:39Z</time>
<extensions>
<tp1:TrackPointExtension>
<tp1:hr>161</tp1:hr>
</tp1:TrackPointExtension>
</extensions>
</trkpt>
<trkpt lat="58.71873342" lon="15.82683521">
<ele>74.5</ele>
<time>2025-05-03T23:40:44Z</time>
<extensions>
<tp1:TrackPointExtension>
<tp1:hr>161</tp1:hr>
</tp1:TrackPointExtension>
</extensions>
</trkpt>
<trkpt lat="58.71867852" lon="15.8267503">
<ele>74.5</ele>
<time>2025-05-03T23:40:48Z</time>
<extensions>
<tp1:TrackPointExtension>
<tp1:hr>162</tp1:hr>
</tp1:TrackPointExtension>
</extensions>
</trkpt>
<trkpt lat="58.71866478" lon="15.82671887">
<ele>74.5</ele>
<time>2025-05-03T23:40:49Z</time>
<extensions>
<tp1:TrackPointExtension>
<tp1:hr>163</tp1:hr>
</tp1:TrackPointExtension>
</extensions>
</trkpt>
<trkpt lat="58.71859118" lon="15.82663866">
<ele>74.7</ele>
<time>2025-05-03T23:40:54Z</time>
<extensions>
<tp1:TrackPointExtension>
<tp1:hr>163</tp1:hr>
</tp1:TrackPointExtension>
</extensions>
</trkpt>
<trkpt lat="58.71857895" lon="15.82663455">
<ele>74.7</ele>
<time>2025-05-03T23:40:55Z</time>
<extensions>
<tp1:TrackPointExtension>
<tp1:hr>163</tp1:hr>
</tp1:TrackPointExtension>
</extensions>
</trkpt>
<trkpt lat="58.7185243" lon="15.82662961">
<ele>74.7</ele>
<time>2025-05-03T23:40:59Z</time>
<extensions>
<tp1:TrackPointExtension>
<tp1:hr>162</tp1:hr>
</tp1:TrackPointExtension>
</extensions>
</trkpt>
<trkpt lat="58.71853972" lon="15.82661477">
<ele>74.7</ele>
<time>2025-05-03T23:41:04Z</time>
<extensions>
<tp1:TrackPointExtension>
<tp1:hr>163</tp1:hr>
</tp1:TrackPointExtension>
</extensions>
</trkpt>
<trkpt lat="58.7185621" lon="15.82659591">
<ele>74.7</ele>
<time>2025-05-03T23:41:06Z</time>
<extensions>
<tp1:TrackPointExtension>
<tp1:hr>163</tp1:hr>
</tp1:TrackPointExtension>
</extensions>
</trkpt>
<trkpt lat="58.7185818" lon="15.82653715">
<ele>74.7</ele>
<time>2025-05-03T23:41:09Z</time>
<extensions>
<tp1:TrackPointExtension>
<tp1:hr>163</tp1:hr>
</tp1:TrackPointExtension>
</extensions>
</trkpt>
<trkpt lat="58.71861884" lon="15.82638569">
<ele>74.9</ele>
<time>2025-05-03T23:41:13Z</time>
<extensions>
<tp1:TrackPointExtension>
<tp1:hr>162</tp1:hr>
</tp1:TrackPointExtension>
</extensions>
</trkpt>
<trkpt lat="58.71864868" lon="15.82625267">
<ele>75.1</ele>
<time>2025-05-03T23:41:16Z</time>
<extensions>
<tp1:TrackPointExtension>
<tp1:hr>161</tp1:hr>
</tp1:TrackPointExtension>
</extensions>
</trkpt>
<trkpt lat="58.71868582" lon="15.82612443">
<ele>75.1</ele>
<time>2025-05-03T23:41:19Z</time>
<extensions>
<tp1:TrackPointExtension>
<tp1:hr>161</tp1:hr>
</tp1:TrackPointExtension>
</extensions>
</trkpt>
<trkpt lat="58.71877818" lon="15.82582134">
<ele>75.5</ele>
<time>2025-05-03T23:41:25Z</time>
<extensions>
<tp1:TrackPointExtension>
<tp1:hr>160</tp1:hr>
</tp1:TrackPointExtension>
</extensions>
</trkpt>
<trkpt lat="58.71884055" lon="15.82556603">
<ele>75.7</ele>
<time>2025-05-03T23:41:30Z</time>
<extensions>
<tp1:TrackPointExtension>
<tp1:hr>157</tp1:hr>
</tp1:TrackPointExtension>
</extensions>
</trkpt>
<trkpt lat="58.71885697" lon="15.82545865">
<ele>75.7</ele>
<time>2025-05-03T23:41:32Z</time>
<extensions>
<tp1:TrackPointExtension>
<tp1:hr>161</tp1:hr>
</tp1:TrackPointExtension>
</extensions>
</trkpt>
<trkpt lat="58.71887181" lon="15.82534608">
<ele>75.6</ele>
<time>2025-05-03T23:41:34Z</time>
<extensions>
<tp1:TrackPointExtension>
<tp1:hr>164</tp1:hr>
</tp1:TrackPointExtension>
</extensions>
</trkpt>
<trkpt lat="58.71888455" lon="15.82521491">
<ele>75.6</ele>
<time>2025-05-03T23:41:36Z</time>
<extensions>
<tp1:TrackPointExtension>
<tp1:hr>164</tp1:hr>
</tp1:TrackPointExtension>
</extensions>
</trkpt>
<trkpt lat="58.71888245" lon="15.82492908">
<ele>75.6</ele>
<time>2025-05-03T23:41:41Z</time>
<extensions>
<tp1:TrackPointExtension>
<tp1:hr>163</tp1:hr>
</tp1:TrackPointExtension>
</extensions>
</trkpt>
<trkpt lat="58.71886569" lon="15.82470856">
<ele>75.6</ele>
<time>2025-05-03T23:41:46Z</time>
<extensions>
<tp1:TrackPointExtension>
<tp1:hr>164</tp1:hr>
</tp1:TrackPointExtension>
</extensions>
</trkpt>
<trkpt lat="58.71886368" lon="15.82466212">
<ele>75.6</ele>
<time>2025-05-03T23:41:49Z</time>
<extensions>
<tp1:TrackPointExtension>
<tp1:hr>163</tp1:hr>
</tp1:TrackPointExtension>
</extensions>
</trkpt>
<trkpt lat="58.71886158" lon="15.82467813">
<ele>75.6</ele>
<time>2025-05-03T23:41:51Z</time>
<extensions>
<tp1:TrackPointExtension>
<tp1:hr>164</tp1:hr>
</tp1:TrackPointExtension>
</extensions>
</trkpt>
<trkpt lat="58.71885865" lon="15.82479355">
<ele>75.4</ele>
<time>2025-05-03T23:41:56Z</time>
<extensions>
<tp1:TrackPointExtension>
<tp1:hr>161</tp1:hr>
</tp1:TrackPointExtension>
</extensions>
</trkpt>
<trkpt lat="58.71886041" lon="15.82484183">
<ele>75.4</ele>
<time>2025-05-03T23:41:57Z</time>
<extensions>
<tp1:TrackPointExtension>
<tp1:hr>161</tp1:hr>
</tp1:TrackPointExtension>
</extensions>
</trkpt>
<trkpt lat="58.7188677" lon="15.82511608">
<ele>75.4</ele>
<time>2025-05-03T23:42:02Z</time>
<extensions>
<tp1:TrackPointExtension>
<tp1:hr>160</tp1:hr>
</tp1:TrackPointExtension>
</extensions>
</trkpt>
<trkpt lat="58.71889897" lon="15.82539151">
<ele>75.4</ele>
<time>2025-05-03T23:42:06Z</time>
<extensions>
<tp1:TrackPointExtension>
<tp1:hr>163</tp1:hr>
</tp1:TrackPointExtension>
</extensions>
</trkpt>
<trkpt lat="58.71889444" lon="15.8255123">
<ele>75.6</ele>
<time>2025-05-03T23:42:08Z</time>
<extensions>
<tp1:TrackPointExtension>
<tp1:hr>164</tp1:hr>
</tp1:TrackPointExtension>
</extensions>
</trkpt>
<trkpt lat="58.71888187" lon="15.82579477">
<ele>75.6</ele>
<time>2025-05-03T23:42:13Z</time>
<extensions>
<tp1:TrackPointExtension>
<tp1:hr>162</tp1:hr>
</tp1:TrackPointExtension>
</extensions>
</trkpt>
<trkpt lat="58.71884163" lon="15.82614387">
<ele>75.8</ele>
<time>2025-05-03T23:42:19Z</time>
<extensions>
<tp1:TrackPointExtension>
<tp1:hr>161</tp1:hr>
</tp1:TrackPointExtension>
</extensions>
</trkpt>
<trkpt lat="58.71880584" lon="15.82621847">
<ele>75.8</ele>
<time>2025-05-03T23:42:22Z</time>
<extensions>
<tp1:TrackPointExtension>
<tp1:hr>162</tp1:hr>
</tp1:TrackPointExtension>
</extensions>
</trkpt>
<trkpt lat="58.71878841" lon="15.82623406">
<ele>75.8</ele>
<time>2025-05-03T23:42:23Z</time>
<extensions>
<tp1:TrackPointExtension>
<tp1:hr>162</tp1:hr>
</tp1:TrackPointExtension>
</extensions>
</trkpt>
<trkpt lat="58.71876008" lon="15.82627589">
<ele>75.8</ele>
<time>2025-05-03T23:42:25Z</time>
<extensions>
<tp1:TrackPointExtension>
<tp1:hr>162</tp1:hr>
</tp1:TrackPointExtension>
</extensions>
</trkpt>
<trkpt lat="58.71873032" lon="15.82633071">
<ele>75.8</ele>
<time>2025-05-03T23:42:27Z</time>
<extensions>
<tp1:TrackPointExtension>
<tp1:hr>162</tp1:hr>
</tp1:TrackPointExtension>
</extensions>
</trkpt>
<trkpt lat="58.71872144" lon="15.82637848">
<ele>75.8</ele>
<time>2025-05-03T23:42:28Z</time>
<extensions>
<tp1:TrackPointExtension>
<tp1:hr>161</tp1:hr>
</tp1:TrackPointExtension>
</extensions>
</trkpt>
<trkpt lat="58.71870048" lon="15.82647865">
<ele>76.0</ele>
<time>2025-05-03T23:42:30Z</time>
<extensions>
<tp1:TrackPointExtension>
<tp1:hr>161</tp1:hr>
</tp1:TrackPointExtension>
</extensions>
</trkpt>
<trkpt lat="58.71865422" lon="15.82658409">
<ele>76.0</ele>
<time>2025-05-03T23:42:33Z</time>
<extensions>
<tp1:TrackPointExtension>
<tp1:hr>160</tp1:hr>
</tp1:TrackPointExtension>
</extensions>
</trkpt>
<trkpt lat="58.7186294" lon="15.82662055">
<ele>76.0</ele>
<time>2025-05-03T23:42:35Z</time>
<extensions>
<tp1:TrackPointExtension>
<tp1:hr>160</tp1:hr>
</tp1:TrackPointExtension>
</extensions>
</trkpt>
<trkpt lat="58.71858138" lon="15.82662189">
<ele>75.9</ele>
<time>2025-05-03T23:42:38Z</time>
<extensions>
<tp1:TrackPointExtension>
<tp1:hr>160</tp1:hr>
</tp1:TrackPointExtension>
</extensions>
</trkpt>
<trkpt lat="58.71853746" lon="15.82662944">
<ele>75.9</ele>
<time>2025-05-03T23:42:42Z</time>
<extensions>
<tp1:TrackPointExtension>
<tp1:hr>163</tp1:hr>
</tp1:TrackPointExtension>
</extensions>
</trkpt>
<trkpt lat="58.71852103" lon="15.82663564">
<ele>75.9</ele>
<time>2025-05-03T23:42:43Z</time>
<extensions>
<tp1:TrackPointExtension>
<tp1:hr>163</tp1:hr>
</tp1:TrackPointExtension>
</extensions>
</trkpt>
<trkpt lat="58.71850091" lon="15.82663547">
<ele>75.7</ele>
<time>2025-05-03T23:42:51Z</time>
<extensions>
<tp1:TrackPointExtension>
<tp1:hr>160</tp1:hr>
</tp1:TrackPointExtension>
</extensions>
</trkpt>
<trkpt lat="58.71848876" lon="15.82673538">
<ele>75.5</ele>
<time>2025-05-03T23:42:56Z</time>
<extensions>
<tp1:TrackPointExtension>
<tp1:hr>159</tp1:hr>
</tp1:TrackPointExtension>
</extensions>
</trkpt>
<trkpt lat="58.71850309" lon="15.82688643">
<ele>75.3</ele>
<time>2025-05-03T23:43:01Z</time>
<extensions>
<tp1:TrackPointExtension>
<tp1:hr>156</tp1:hr>
</tp1:TrackPointExtension>
</extensions>
</trkpt>
<trkpt lat="58.71850627" lon="15.82691652">
<ele>75.3</ele>
<time>2025-05-03T23:43:02Z</time>
<extensions>
<tp1:TrackPointExtension>
<tp1:hr>156</tp1:hr>
</tp1:TrackPointExtension>
</extensions>
</trkpt>
<trkpt lat="58.71852413" lon="15.82698324">
<ele>75.3</ele>
<time>2025-05-03T23:43:05Z</time>
<extensions>
<tp1:TrackPointExtension>
<tp1:hr>155</tp1:hr>
</tp1:TrackPointExtension>
</extensions>
</trkpt>
<trkpt lat="58.71852497" lon="15.82700025">
<ele>75.3</ele>
<time>2025-05-03T23:43:06Z</time>
<extensions>
<tp1:TrackPointExtension>
<tp1:hr>156</tp1:hr>
</tp1:TrackPointExtension>
</extensions>
</trkpt>
<trkpt lat="58.71853176" lon="15.82703135">
<ele>75.3</ele>
<time>2025-05-03T23:43:08Z</time>
<extensions>
<tp1:TrackPointExtension>
<tp1:hr>156</tp1:hr>
</tp1:TrackPointExtension>
</extensions>
</trkpt>
<trkpt lat="58.71853695" lon="15.82712506">
<ele>75.3</ele>
<time>2025-05-03T23:43:12Z</time>
<extensions>
<tp1:TrackPointExtension>
<tp1:hr>156</tp1:hr>
</tp1:TrackPointExtension>
</extensions>
</trkpt>
<trkpt lat="58.71854609" lon="15.8271321">
<ele>75.3</ele>
<time>2025-05-03T23:43:13Z</time>
<extensions>
<tp1:TrackPointExtension>
<tp1:hr>156</tp1:hr>
</tp1:TrackPointExtension>
</extensions>
</trkpt>
<trkpt lat="58.71856838" lon="15.82716362">
<ele>75.3</ele>
<time>2025-05-03T23:43:15Z</time>
<extensions>
<tp1:TrackPointExtension>
<tp1:hr>156</tp1:hr>
</tp1:TrackPointExtension>
</extensions>
</trkpt>
<trkpt lat="58.71857551" lon="15.82718725">
<ele>75.3</ele>
<time>2025-05-03T23:43:16Z</time>
<extensions>
<tp1:TrackPointExtension>
<tp1:hr>156</tp1:hr>
</tp1:TrackPointExtension>
</extensions>
</trkpt>
<trkpt lat="58.71859169" lon="15.82721433">
<ele>75.3</ele>
<time>2025-05-03T23:43:17Z</time>
<extensions>
<tp1:TrackPointExtension>
<tp1:hr>156</tp1:hr>
</tp1:TrackPointExtension>
</extensions>
</trkpt>
<trkpt lat="58.71861499" lon="15.82722958">
<ele>75.3</ele>
<time>2025-05-03T23:43:20Z</time>
<extensions>
<tp1:TrackPointExtension>
<tp1:hr>156</tp1:hr>
</tp1:TrackPointExtension>
</extensions>
</trkpt>
<trkpt lat="58.71867534" lon="15.82719639">
<ele>75.3</ele>
<time>2025-05-03T23:43:26Z</time>
<extensions>
<tp1:TrackPointExtension>
<tp1:hr>155</tp1:hr>
</tp1:TrackPointExtension>
</extensions>
</trkpt>
<trkpt lat="58.7186942" lon="15.82723034">
<ele>75.3</ele>
<time>2025-05-03T23:43:27Z</time>
<extensions>
<tp1:TrackPointExtension>
<tp1:hr>154</tp1:hr>
</tp1:TrackPointExtension>
</extensions>
</trkpt>
<trkpt lat="58.71874063" lon="15.82725029">
<ele>75.3</ele>
<time>2025-05-03T23:43:31Z</time>
<extensions>
<tp1:TrackPointExtension>
<tp1:hr>152</tp1:hr>
</tp1:TrackPointExtension>
</extensions>
</trkpt>
<trkpt lat="58.7188382" lon="15.8271751">
<ele>75.3</ele>
<time>2025-05-03T23:43:37Z</time>
<extensions>
<tp1:TrackPointExtension>
<tp1:hr>152</tp1:hr>
</tp1:TrackPointExtension>
</extensions>
</trkpt>
<trkpt lat="58.71896351" lon="15.82718348">
<ele>75.2</ele>
<time>2025-05-03T23:43:42Z</time>
<extensions>
<tp1:TrackPointExtension>
<tp1:hr>152</tp1:hr>
</tp1:TrackPointExtension>
</extensions>
</trkpt>
<trkpt lat="58.71897834" lon="15.82720075">
<ele>75.4</ele>
<time>2025-05-03T23:43:43Z</time>
<extensions>
<tp1:TrackPointExtension>
<tp1:hr>154</tp1:hr>
</tp1:TrackPointExtension>
</extensions>
</trkpt>
<trkpt lat="58.71899553" lon="15.82722623">
<ele>75.4</ele>
<time>2025-05-03T23:43:45Z</time>
<extensions>
<tp1:TrackPointExtension>
<tp1:hr>154</tp1:hr>
</tp1:TrackPointExtension>
</extensions>
</trkpt>
<trkpt lat="58.71900072" lon="15.82721449">
<ele>75.4</ele>
<time>2025-05-03T23:43:47Z</time>
<extensions>
<tp1:TrackPointExtension>
<tp1:hr>156</tp1:hr>
</tp1:TrackPointExtension>
</extensions>
</trkpt>
<trkpt lat="58.71897105" lon="15.82717183">
<ele>75.4</ele>
<time>2025-05-03T23:43:52Z</time>
<extensions>
<tp1:TrackPointExtension>
<tp1:hr>157</tp1:hr>
</tp1:TrackPointExtension>
</extensions>
</trkpt>
<trkpt lat="58.71895932" lon="15.8271725">
<ele>75.4</ele>
<time>2025-05-03T23:43:53Z</time>
<extensions>
<tp1:TrackPointExtension>
<tp1:hr>155</tp1:hr>
</tp1:TrackPointExtension>
</extensions>
</trkpt>
<trkpt lat="58.71890659" lon="15.82718516">
<ele>75.6</ele>
<time>2025-05-03T23:43:55Z</time>
<extensions>
<tp1:TrackPointExtension>
<tp1:hr>152</tp1:hr>
</tp1:TrackPointExtension>
</extensions>
</trkpt>
<trkpt lat="58.71880643" lon="15.82727878">
<ele>75.6</ele>
<time>2025-05-03T23:44:00Z</time>
<extensions>
<tp1:TrackPointExtension>
<tp1:hr>150</tp1:hr>
</tp1:TrackPointExtension>
</extensions>
</trkpt>
<trkpt lat="58.71873753" lon="15.82748372">
<ele>75.6</ele>
<time>2025-05-03T23:44:05Z</time>
<extensions>
<tp1:TrackPointExtension>
<tp1:hr>149</tp1:hr>
</tp1:TrackPointExtension>
</extensions>
</trkpt>
<trkpt lat="58.71870132" lon="15.82760694">
<ele>75.6</ele>
<time>2025-05-03T23:44:10Z</time>
<extensions>
<tp1:TrackPointExtension>
<tp1:hr>151</tp1:hr>
</tp1:TrackPointExtension>
</extensions>
</trkpt>
<trkpt lat="58.71869445" lon="15.827618">
<ele>75.6</ele>
<time>2025-05-03T23:44:12Z</time>
<extensions>
<tp1:TrackPointExtension>
<tp1:hr>154</tp1:hr>
</tp1:TrackPointExtension>
</extensions>
</trkpt>
<trkpt lat="58.71867819" lon="15.82763837">
<ele>75.6</ele>
<time>2025-05-03T23:44:14Z</time>
<extensions>
<tp1:TrackPointExtension>
<tp1:hr>153</tp1:hr>
</tp1:TrackPointExtension>
</extensions>
</trkpt>
<trkpt lat="58.71865564" lon="15.8276558">
<ele>75.6</ele>
<time>2025-05-03T23:44:16Z</time>
<extensions>
<tp1:TrackPointExtension>
<tp1:hr>151</tp1:hr>
</tp1:TrackPointExtension>
</extensions>
</trkpt>
<trkpt lat="58.71861985" lon="15.82772453">
<ele>75.4</ele>
<time>2025-05-03T23:44:19Z</time>
<extensions>
<tp1:TrackPointExtension>
<tp1:hr>150</tp1:hr>
</tp1:TrackPointExtension>
</extensions>
</trkpt>
<trkpt lat="58.71861918" lon="15.82774691">
<ele>75.4</ele>
<time>2025-05-03T23:44:21Z</time>
<extensions>
<tp1:TrackPointExtension>
<tp1:hr>150</tp1:hr>
</tp1:TrackPointExtension>
</extensions>
</trkpt>
<trkpt lat="58.71860258" lon="15.82778203">
<ele>75.2</ele>
<time>2025-05-03T23:44:24Z</time>
<extensions>
<tp1:TrackPointExtension>
<tp1:hr>151</tp1:hr>
</tp1:TrackPointExtension>
</extensions>
</trkpt>
<trkpt lat="58.71858196" lon="15.82779058">
<ele>75.0</ele>
<time>2025-05-03T23:44:28Z</time>
<extensions>
<tp1:TrackPointExtension>
<tp1:hr>149</tp1:hr>
</tp1:TrackPointExtension>
</extensions>
</trkpt>
<trkpt lat="58.71854533" lon="15.82771942">
<ele>74.8</ele>
<time>2025-05-03T23:44:32Z</time>
<extensions>
<tp1:TrackPointExtension>
<tp1:hr>146</tp1:hr>
</tp1:TrackPointExtension>
</extensions>
</trkpt>
<trkpt lat="58.71854492" lon="15.8277014">
<ele>74.8</ele>
<time>2025-05-03T23:44:33Z</time>
<extensions>
<tp1:TrackPointExtension>
<tp1:hr>145</tp1:hr>
</tp1:TrackPointExtension>
</extensions>
</trkpt>
<trkpt lat="58.7185243" lon="15.82767609">
<ele>74.8</ele>
<time>2025-05-03T23:44:35Z</time>
<extensions>
<tp1:TrackPointExtension>
<tp1:hr>144</tp1:hr>
</tp1:TrackPointExtension>
</extensions>
</trkpt>
<trkpt lat="58.7184709" lon="15.82762035">
<ele>74.6</ele>
<time>2025-05-03T23:44:39Z</time>
<extensions>
<tp1:TrackPointExtension>
<tp1:hr>142</tp1:hr>
</tp1:TrackPointExtension>
</extensions>
</trkpt>
<trkpt lat="58.71844928" lon="15.82762102">
<ele>74.3</ele>
<time>2025-05-03T23:44:42Z</time>
<extensions>
<tp1:TrackPointExtension>
<tp1:hr>141</tp1:hr>
</tp1:TrackPointExtension>
</extensions>
</trkpt>
<trkpt lat="58.71844534" lon="15.82765077">
<ele>74.1</ele>
<time>2025-05-03T23:44:45Z</time>
<extensions>
<tp1:TrackPointExtension>
<tp1:hr>140</tp1:hr>
</tp1:TrackPointExtension>
</extensions>
</trkpt>
<trkpt lat="58.7184212" lon="15.82760618">
<ele>73.9</ele>
<time>2025-05-03T23:44:49Z</time>
<extensions>
<tp1:TrackPointExtension>
<tp1:hr>139</tp1:hr>
</tp1:TrackPointExtension>
</extensions>
</trkpt>
<trkpt lat="58.71841307" lon="15.82757425">
<ele>70.9</ele>
<time>2025-05-03T23:44:50Z</time>
<extensions>
<tp1:TrackPointExtension>
<tp1:hr>139</tp1:hr>
</tp1:TrackPointExtension>
</extensions>
</trkpt>
<trkpt lat="58.71840284" lon="15.82754483">
<ele>69.3</ele>
<time>2025-05-03T23:44:51Z</time>
<extensions>
<tp1:TrackPointExtension>
<tp1:hr>139</tp1:hr>
</tp1:TrackPointExtension>
</extensions>
</trkpt>
<trkpt lat="58.71839262" lon="15.8274683">
<ele>68.3</ele>
<time>2025-05-03T23:44:53Z</time>
<extensions>
<tp1:TrackPointExtension>
<tp1:hr>139</tp1:hr>
</tp1:TrackPointExtension>
</extensions>
</trkpt>
<trkpt lat="58.71839345" lon="15.82744366">
<ele>68.1</ele>
<time>2025-05-03T23:44:54Z</time>
<extensions>
<tp1:TrackPointExtension>
<tp1:hr>139</tp1:hr>
</tp1:TrackPointExtension>
</extensions>
</trkpt>
<trkpt lat="58.71838775" lon="15.82740812">
<ele>67.5</ele>
<time>2025-05-03T23:44:56Z</time>
<extensions>
<tp1:TrackPointExtension>
<tp1:hr>140</tp1:hr>
</tp1:TrackPointExtension>
</extensions>
</trkpt>
<trkpt lat="58.71838407" lon="15.82739077">
<ele>67.3</ele>
<time>2025-05-03T23:44:57Z</time>
<extensions>
<tp1:TrackPointExtension>
<tp1:hr>140</tp1:hr>
</tp1:TrackPointExtension>
</extensions>
</trkpt>
<trkpt lat="58.71836529" lon="15.82735355">
<ele>66.5</ele>
<time>2025-05-03T23:44:59Z</time>
<extensions>
<tp1:TrackPointExtension>
<tp1:hr>140</tp1:hr>
</tp1:TrackPointExtension>
</extensions>
</trkpt>
<trkpt lat="58.71835431" lon="15.82734349">
<ele>66.1</ele>
<time>2025-05-03T23:45:00Z</time>
<extensions>
<tp1:TrackPointExtension>
<tp1:hr>140</tp1:hr>
</tp1:TrackPointExtension>
</extensions>
</trkpt>
<trkpt lat="58.7183031" lon="15.82728029">
<ele>64.9</ele>
<time>2025-05-03T23:45:04Z</time>
<extensions>
<tp1:TrackPointExtension>
<tp1:hr>140</tp1:hr>
</tp1:TrackPointExtension>
</extensions>
</trkpt>
<trkpt lat="58.71825649" lon="15.82715356">
<ele>63.9</ele>
<time>2025-05-03T23:45:08Z</time>
<extensions>
<tp1:TrackPointExtension>
<tp1:hr>140</tp1:hr>
</tp1:TrackPointExtension>
</extensions>
</trkpt>
<trkpt lat="58.71825934" lon="15.82711592">
<ele>63.7</ele>
<time>2025-05-03T23:45:09Z</time>
<extensions>
<tp1:TrackPointExtension>
<tp1:hr>141</tp1:hr>
</tp1:TrackPointExtension>
</extensions>
</trkpt>
<trkpt lat="58.71821693" lon="15.82691652">
<ele>64.5</ele>
<time>2025-05-03T23:45:14Z</time>
<extensions>
<tp1:TrackPointExtension>
<tp1:hr>141</tp1:hr>
</tp1:TrackPointExtension>
</extensions>
</trkpt>
<trkpt lat="58.71820595" lon="15.82683228">
<ele>64.9</ele>
<time>2025-05-03T23:45:16Z</time>
<extensions>
<tp1:TrackPointExtension>
<tp1:hr>142</tp1:hr>
</tp1:TrackPointExtension>
</extensions>
</trkpt>
<trkpt lat="58.71820754" lon="15.82676673">
<ele>65.3</ele>
<time>2025-05-03T23:45:17Z</time>
<extensions>
<tp1:TrackPointExtension>
<tp1:hr>142</tp1:hr>
</tp1:TrackPointExtension>
</extensions>
</trkpt>
<trkpt lat="58.71821341" lon="15.82670228">
<ele>65.7</ele>
<time>2025-05-03T23:45:18Z</time>
<extensions>
<tp1:TrackPointExtension>
<tp1:hr>142</tp1:hr>
</tp1:TrackPointExtension>
</extensions>
</trkpt>
<trkpt lat="58.71823194" lon="15.82638888">
<ele>66.3</ele>
<time>2025-05-03T23:45:23Z</time>
<extensions>
<tp1:TrackPointExtension>
<tp1:hr>146</tp1:hr>
</tp1:TrackPointExtension>
</extensions>
</trkpt>
<trkpt lat="58.71822942" lon="15.82632543">
<ele>66.3</ele>
<time>2025-05-03T23:45:24Z</time>
<extensions>
<tp1:TrackPointExtension>
<tp1:hr>146</tp1:hr>
</tp1:TrackPointExtension>
</extensions>
</trkpt>
<trkpt lat="58.71816463" lon="15.82593718">
<ele>66.3</ele>
<time>2025-05-03T23:45:29Z</time>
<extensions>
<tp1:TrackPointExtension>
<tp1:hr>147</tp1:hr>
</tp1:TrackPointExtension>
</extensions>
</trkpt>
<trkpt lat="58.71812037" lon="15.82558363">
<ele>66.5</ele>
<time>2025-05-03T23:45:34Z</time>
<extensions>
<tp1:TrackPointExtension>
<tp1:hr>147</tp1:hr>
</tp1:TrackPointExtension>
</extensions>
</trkpt>
<trkpt lat="58.7181513" lon="15.82518574">
<ele>66.5</ele>
<time>2025-05-03T23:45:40Z</time>
<extensions>
<tp1:TrackPointExtension>
<tp1:hr>150</tp1:hr>
</tp1:TrackPointExtension>
</extensions>
</trkpt>
<trkpt lat="58.71821601" lon="15.82503646">
<ele>66.6</ele>
<time>2025-05-03T23:45:43Z</time>
<extensions>
<tp1:TrackPointExtension>
<tp1:hr>153</tp1:hr>
</tp1:TrackPointExtension>
</extensions>
</trkpt>
<trkpt lat="58.71829673" lon="15.8249254">
<ele>66.6</ele>
<time>2025-05-03T23:45:46Z</time>
<extensions>
<tp1:TrackPointExtension>
<tp1:hr>155</tp1:hr>
</tp1:TrackPointExtension>
</extensions>
</trkpt>
<trkpt lat="58.7184554" lon="15.82475952">
<ele>66.8</ele>
<time>2025-05-03T23:45:51Z</time>
<extensions>
<tp1:TrackPointExtension>
<tp1:hr>155</tp1:hr>
</tp1:TrackPointExtension>
</extensions>
</trkpt>
<trkpt lat="58.71852471" lon="15.82444319">
<ele>67.2</ele>
<time>2025-05-03T23:45:57Z</time>
<extensions>
<tp1:TrackPointExtension>
<tp1:hr>156</tp1:hr>
</tp1:TrackPointExtension>
</extensions>
</trkpt>
<trkpt lat="58.71853402" lon="15.82432299">
<ele>67.2</ele>
<time>2025-05-03T23:45:59Z</time>
<extensions>
<tp1:TrackPointExtension>
<tp1:hr>157</tp1:hr>
</tp1:TrackPointExtension>
</extensions>
</trkpt>
<trkpt lat="58.71854718" lon="15.82411487">
<ele>67.4</ele>
<time>2025-05-03T23:46:03Z</time>
<extensions>
<tp1:TrackPointExtension>
<tp1:hr>156</tp1:hr>
</tp1:TrackPointExtension>
</extensions>
</trkpt>
<trkpt lat="58.71856394" lon="15.82396123">
<ele>67.6</ele>
<time>2025-05-03T23:46:06Z</time>
<extensions>
<tp1:TrackPointExtension>
<tp1:hr>159</tp1:hr>
</tp1:TrackPointExtension>
</extensions>
</trkpt>
<trkpt lat="58.71857299" lon="15.82387087">
<ele>67.6</ele>
<time>2025-05-03T23:46:08Z</time>
<extensions>
<tp1:TrackPointExtension>
<tp1:hr>162</tp1:hr>
</tp1:TrackPointExtension>
</extensions>
</trkpt>
<trkpt lat="58.71857551" lon="15.82377833">
<ele>67.6</ele>
<time>2025-05-03T23:46:10Z</time>
<extensions>
<tp1:TrackPointExtension>
<tp1:hr>162</tp1:hr>
</tp1:TrackPointExtension>
</extensions>
</trkpt>
<trkpt lat="58.71860091" lon="15.82368932">
<ele>67.8</ele>
<time>2025-05-03T23:46:13Z</time>
<extensions>
<tp1:TrackPointExtension>
<tp1:hr>162</tp1:hr>
</tp1:TrackPointExtension>
</extensions>
</trkpt>
<trkpt lat="58.71861708" lon="15.82362033">
<ele>67.8</ele>
<time>2025-05-03T23:46:15Z</time>
<extensions>
<tp1:TrackPointExtension>
<tp1:hr>161</tp1:hr>
</tp1:TrackPointExtension>
</extensions>
</trkpt>
<trkpt lat="58.71862999" lon="15.82350726">
<ele>68.0</ele>
<time>2025-05-03T23:46:19Z</time>
<extensions>
<tp1:TrackPointExtension>
<tp1:hr>160</tp1:hr>
</tp1:TrackPointExtension>
</extensions>
</trkpt>
<trkpt lat="58.71863167" lon="15.82348245">
<ele>70.4</ele>
<time>2025-05-03T23:46:20Z</time>
<extensions>
<tp1:TrackPointExtension>
<tp1:hr>159</tp1:hr>
</tp1:TrackPointExtension>
</extensions>
</trkpt>
<trkpt lat="58.71864022" lon="15.82345689">
<ele>71.8</ele>
<time>2025-05-03T23:46:21Z</time>
<extensions>
<tp1:TrackPointExtension>
<tp1:hr>158</tp1:hr>
</tp1:TrackPointExtension>
</extensions>
</trkpt>
<trkpt lat="58.71865975" lon="15.82337483">
<ele>73.0</ele>
<time>2025-05-03T23:46:23Z</time>
<extensions>
<tp1:TrackPointExtension>
<tp1:hr>157</tp1:hr>
</tp1:TrackPointExtension>
</extensions>
</trkpt>
<trkpt lat="58.71866268" lon="15.82320853">
<ele>74.2</ele>
<time>2025-05-03T23:46:26Z</time>
<extensions>
<tp1:TrackPointExtension>
<tp1:hr>157</tp1:hr>
</tp1:TrackPointExtension>
</extensions>
</trkpt>
<trkpt lat="58.71869629" lon="15.8229735">
<ele>74.0</ele>
<time>2025-05-03T23:46:31Z</time>
<extensions>
<tp1:TrackPointExtension>
<tp1:hr>158</tp1:hr>
</tp1:TrackPointExtension>
</extensions>
</trkpt>
<trkpt lat="58.71872848" lon="15.8227767">
<ele>73.8</ele>
<time>2025-05-03T23:46:35Z</time>
<extensions>
<tp1:TrackPointExtension>
<tp1:hr>159</tp1:hr>
</tp1:TrackPointExtension>
</extensions>
</trkpt>
<trkpt lat="58.71874474" lon="15.82269623">
<ele>74.0</ele>
<time>2025-05-03T23:46:37Z</time>
<extensions>
<tp1:TrackPointExtension>
<tp1:hr>160</tp1:hr>
</tp1:TrackPointExtension>
</extensions>
</trkpt>
<trkpt lat="58.71874868" lon="15.82257939">
<ele>73.8</ele>
<time>2025-05-03T23:46:41Z</time>
<extensions>
<tp1:TrackPointExtension>
<tp1:hr>159</tp1:hr>
</tp1:TrackPointExtension>
</extensions>
</trkpt>
<trkpt lat="58.71873778" lon="15.82249012">
<ele>73.7</ele>
<time>2025-05-03T23:46:43Z</time>
<extensions>
<tp1:TrackPointExtension>
<tp1:hr>159</tp1:hr>
</tp1:TrackPointExtension>
</extensions>
</trkpt>
<trkpt lat="58.71874256" lon="15.82216272">
<ele>73.7</ele>
<time>2025-05-03T23:46:50Z</time>
<extensions>
<tp1:TrackPointExtension>
<tp1:hr>159</tp1:hr>
</tp1:TrackPointExtension>
</extensions>
</trkpt>
<trkpt lat="58.71872119" lon="15.82201201">
<ele>74.5</ele>
<time>2025-05-03T23:46:55Z</time>
<extensions>
<tp1:TrackPointExtension>
<tp1:hr>159</tp1:hr>
</tp1:TrackPointExtension>
</extensions>
</trkpt>
<trkpt lat="58.71872982" lon="15.82174329">
<ele>73.9</ele>
<time>2025-05-03T23:47:01Z</time>
<extensions>
<tp1:TrackPointExtension>
<tp1:hr>158</tp1:hr>
</tp1:TrackPointExtension>
</extensions>
</trkpt>
<trkpt lat="58.71877609" lon="15.82159753">
<ele>72.9</ele>
<time>2025-05-03T23:47:05Z</time>
<extensions>
<tp1:TrackPointExtension>
<tp1:hr>157</tp1:hr>
</tp1:TrackPointExtension>
</extensions>
</trkpt>
<trkpt lat="58.71879403" lon="15.82152469">
<ele>72.7</ele>
<time>2025-05-03T23:47:07Z</time>
<extensions>
<tp1:TrackPointExtension>
<tp1:hr>156</tp1:hr>
</tp1:TrackPointExtension>
</extensions>
</trkpt>
<trkpt lat="58.71882051" lon="15.82132185">
<ele>72.3</ele>
<time>2025-05-03T23:47:13Z</time>
<extensions>
<tp1:TrackPointExtension>
<tp1:hr>158</tp1:hr>
</tp1:TrackPointExtension>
</extensions>
</trkpt>
<trkpt lat="58.71880249" lon="15.82116276">
<ele>72.1</ele>
<time>2025-05-03T23:47:19Z</time>
<extensions>
<tp1:TrackPointExtension>
<tp1:hr>157</tp1:hr>
</tp1:TrackPointExtension>
</extensions>
</trkpt>
<trkpt lat="58.71875245" lon="15.82102815">
<ele>73.1</ele>
<time>2025-05-03T23:47:24Z</time>
<extensions>
<tp1:TrackPointExtension>
<tp1:hr>156</tp1:hr>
</tp1:TrackPointExtension>
</extensions>
</trkpt>
<trkpt lat="58.71874616" lon="15.82097668">
<ele>73.5</ele>
<time>2025-05-03T23:47:26Z</time>
<extensions>
<tp1:TrackPointExtension>
<tp1:hr>156</tp1:hr>
</tp1:TrackPointExtension>
</extensions>
</trkpt>
<trkpt lat="58.71875052" lon="15.8208538">
<ele>74.1</ele>
<time>2025-05-03T23:47:29Z</time>
<extensions>
<tp1:TrackPointExtension>
<tp1:hr>157</tp1:hr>
</tp1:TrackPointExtension>
</extensions>
</trkpt>
<trkpt lat="58.7187465" lon="15.82078314">
<ele>74.5</ele>
<time>2025-05-03T23:47:30Z</time>
<extensions>
<tp1:TrackPointExtension>
<tp1:hr>157</tp1:hr>
</tp1:TrackPointExtension>
</extensions>
</trkpt>
<trkpt lat="58.71874005" lon="15.8206922">
<ele>74.3</ele>
<time>2025-05-03T23:47:33Z</time>
<extensions>
<tp1:TrackPointExtension>
<tp1:hr>155</tp1:hr>
</tp1:TrackPointExtension>
</extensions>
</trkpt>
<trkpt lat="58.71873971" lon="15.82062992">
<ele>74.5</ele>
<time>2025-05-03T23:47:34Z</time>
<extensions>
<tp1:TrackPointExtension>
<tp1:hr>154</tp1:hr>
</tp1:TrackPointExtension>
</extensions>
</trkpt>
<trkpt lat="58.71874717" lon="15.82047586">
<ele>74.5</ele>
<time>2025-05-03T23:47:38Z</time>
<extensions>
<tp1:TrackPointExtension>
<tp1:hr>155</tp1:hr>
</tp1:TrackPointExtension>
</extensions>
</trkpt>
<trkpt lat="58.71873057" lon="15.82031954">
<ele>75.3</ele>
<time>2025-05-03T23:47:41Z</time>
<extensions>
<tp1:TrackPointExtension>
<tp1:hr>155</tp1:hr>
</tp1:TrackPointExtension>
</extensions>
</trkpt>
<trkpt lat="58.7187263" lon="15.82020513">
<ele>75.7</ele>
<time>2025-05-03T23:47:43Z</time>
<extensions>
<tp1:TrackPointExtension>
<tp1:hr>154</tp1:hr>
</tp1:TrackPointExtension>
</extensions>
</trkpt>
<trkpt lat="58.71872731" lon="15.82011184">
<ele>76.4</ele>
<time>2025-05-03T23:47:45Z</time>
<extensions>
<tp1:TrackPointExtension>
<tp1:hr>155</tp1:hr>
</tp1:TrackPointExtension>
</extensions>
</trkpt>
<trkpt lat="58.7187429" lon="15.81991193">
<ele>75.6</ele>
<time>2025-05-03T23:47:49Z</time>
<extensions>
<tp1:TrackPointExtension>
<tp1:hr>156</tp1:hr>
</tp1:TrackPointExtension>
</extensions>
</trkpt>
<trkpt lat="58.71875983" lon="15.81977539">
<ele>75.4</ele>
<time>2025-05-03T23:47:52Z</time>
<extensions>
<tp1:TrackPointExtension>
<tp1:hr>155</tp1:hr>
</tp1:TrackPointExtension>
</extensions>
</trkpt>
<trkpt lat="58.71876033" lon="15.81958923">
<ele>75.8</ele>
<time>2025-05-03T23:47:56Z</time>
<extensions>
<tp1:TrackPointExtension>
<tp1:hr>154</tp1:hr>
</tp1:TrackPointExtension>
</extensions>
</trkpt>
<trkpt lat="58.71875245" lon="15.81953575">
<ele>74.2</ele>
<time>2025-05-03T23:47:58Z</time>
<extensions>
<tp1:TrackPointExtension>
<tp1:hr>155</tp1:hr>
</tp1:TrackPointExtension>
</extensions>
</trkpt>
<trkpt lat="58.71874533" lon="15.81952368">
<ele>73.8</ele>
<time>2025-05-03T23:47:59Z</time>
<extensions>
<tp1:TrackPointExtension>
<tp1:hr>156</tp1:hr>
</tp1:TrackPointExtension>
</extensions>
</trkpt>
<trkpt lat="58.71871096" lon="15.81948797">
<ele>73.4</ele>
<time>2025-05-03T23:48:02Z</time>
<extensions>
<tp1:TrackPointExtension>
<tp1:hr>156</tp1:hr>
</tp1:TrackPointExtension>
</extensions>
</trkpt>
<trkpt lat="58.71862161" lon="15.81937306">
<ele>74.2</ele>
<time>2025-05-03T23:48:08Z</time>
<extensions>
<tp1:TrackPointExtension>
<tp1:hr>154</tp1:hr>
</tp1:TrackPointExtension>
</extensions>
</trkpt>
<trkpt lat="58.71856646" lon="15.81932637">
<ele>74.6</ele>
<time>2025-05-03T23:48:11Z</time>
<extensions>
<tp1:TrackPointExtension>
<tp1:hr>153</tp1:hr>
</tp1:TrackPointExtension>
</extensions>
</trkpt>
<trkpt lat="58.71851943" lon="15.81933324">
<ele>75.0</ele>
<time>2025-05-03T23:48:13Z</time>
<extensions>
<tp1:TrackPointExtension>
<tp1:hr>152</tp1:hr>
</tp1:TrackPointExtension>
</extensions>
</trkpt>
<trkpt lat="58.71849982" lon="15.81935017">
<ele>75.6</ele>
<time>2025-05-03T23:48:14Z</time>
<extensions>
<tp1:TrackPointExtension>
<tp1:hr>152</tp1:hr>
</tp1:TrackPointExtension>
</extensions>
</trkpt>
<trkpt lat="58.7184414" lon="15.81939426">
<ele>76.6</ele>
<time>2025-05-03T23:48:17Z</time>
<extensions>
<tp1:TrackPointExtension>
<tp1:hr>153</tp1:hr>
</tp1:TrackPointExtension>
</extensions>
</trkpt>
<trkpt lat="58.71841231" lon="15.81938722">
<ele>76.6</ele>
<time>2025-05-03T23:48:18Z</time>
<extensions>
<tp1:TrackPointExtension>
<tp1:hr>153</tp1:hr>
</tp1:TrackPointExtension>
</extensions>
</trkpt>
<trkpt lat="58.71832447" lon="15.81935562">
<ele>76.2</ele>
<time>2025-05-03T23:48:23Z</time>
<extensions>
<tp1:TrackPointExtension>
<tp1:hr>153</tp1:hr>
</tp1:TrackPointExtension>
</extensions>
</trkpt>
<trkpt lat="58.71823328" lon="15.81939225">
<ele>76.0</ele>
<time>2025-05-03T23:48:29Z</time>
<extensions>
<tp1:TrackPointExtension>
<tp1:hr>154</tp1:hr>
</tp1:TrackPointExtension>
</extensions>
</trkpt>
<trkpt lat="58.7181653" lon="15.81947263">
<ele>76.0</ele>
<time>2025-05-03T23:48:33Z</time>
<extensions>
<tp1:TrackPointExtension>
<tp1:hr>151</tp1:hr>
</tp1:TrackPointExtension>
</extensions>
</trkpt>
<trkpt lat="58.71811694" lon="15.81948563">
<ele>75.8</ele>
<time>2025-05-03T23:48:36Z</time>
<extensions>
<tp1:TrackPointExtension>
<tp1:hr>152</tp1:hr>
</tp1:TrackPointExtension>
</extensions>
</trkpt>
<trkpt lat="58.71809958" lon="15.81950264">
<ele>75.8</ele>
<time>2025-05-03T23:48:37Z</time>
<extensions>
<tp1:TrackPointExtension>
<tp1:hr>154</tp1:hr>
</tp1:TrackPointExtension>
</extensions>
</trkpt>
<trkpt lat="58.71803647" lon="15.81958244">
<ele>75.4</ele>
<time>2025-05-03T23:48:40Z</time>
<extensions>
<tp1:TrackPointExtension>
<tp1:hr>154</tp1:hr>
</tp1:TrackPointExtension>
</extensions>
</trkpt>
<trkpt lat="58.71800764" lon="15.81964471">
<ele>74.2</ele>
<time>2025-05-03T23:48:42Z</time>
<extensions>
<tp1:TrackPointExtension>
<tp1:hr>153</tp1:hr>
</tp1:TrackPointExtension>
</extensions>
</trkpt>
<trkpt lat="58.71799406" lon="15.81967061">
<ele>73.6</ele>
<time>2025-05-03T23:48:43Z</time>
<extensions>
<tp1:TrackPointExtension>
<tp1:hr>153</tp1:hr>
</tp1:TrackPointExtension>
</extensions>
</trkpt>
<trkpt lat="58.71797486" lon="15.81968369">
<ele>73.2</ele>
<time>2025-05-03T23:48:44Z</time>
<extensions>
<tp1:TrackPointExtension>
<tp1:hr>153</tp1:hr>
</tp1:TrackPointExtension>
</extensions>
</trkpt>
<trkpt lat="58.71791108" lon="15.8196458">
<ele>71.5</ele>
<time>2025-05-03T23:48:47Z</time>
<extensions>
<tp1:TrackPointExtension>
<tp1:hr>153</tp1:hr>
</tp1:TrackPointExtension>
</extensions>
</trkpt>
<trkpt lat="58.71789733" lon="15.8196199">
<ele>70.5</ele>
<time>2025-05-03T23:48:48Z</time>
<extensions>
<tp1:TrackPointExtension>
<tp1:hr>153</tp1:hr>
</tp1:TrackPointExtension>
</extensions>
</trkpt>
<trkpt lat="58.71788836" lon="15.81958906">
<ele>69.5</ele>
<time>2025-05-03T23:48:49Z</time>
<extensions>
<tp1:TrackPointExtension>
<tp1:hr>153</tp1:hr>
</tp1:TrackPointExtension>
</extensions>
</trkpt>
<trkpt lat="58.71788392" lon="15.81957196">
<ele>68.1</ele>
<time>2025-05-03T23:48:51Z</time>
<extensions>
<tp1:TrackPointExtension>
<tp1:hr>153</tp1:hr>
</tp1:TrackPointExtension>
</extensions>
</trkpt>
<trkpt lat="58.7178809" lon="15.81959241">
<ele>67.9</ele>
<time>2025-05-03T23:48:52Z</time>
<extensions>
<tp1:TrackPointExtension>
<tp1:hr>153</tp1:hr>
</tp1:TrackPointExtension>
</extensions>
</trkpt>
<trkpt lat="58.71790395" lon="15.81969157">
<ele>69.3</ele>
<time>2025-05-03T23:48:56Z</time>
<extensions>
<tp1:TrackPointExtension>
<tp1:hr>152</tp1:hr>
</tp1:TrackPointExtension>
</extensions>
</trkpt>
<trkpt lat="58.71793865" lon="15.81970992">
<ele>70.1</ele>
<time>2025-05-03T23:48:58Z</time>
<extensions>
<tp1:TrackPointExtension>
<tp1:hr>152</tp1:hr>
</tp1:TrackPointExtension>
</extensions>
</trkpt>
<trkpt lat="58.71795097" lon="15.81969962">
<ele>70.5</ele>
<time>2025-05-03T23:48:59Z</time>
<extensions>
<tp1:TrackPointExtension>
<tp1:hr>152</tp1:hr>
</tp1:TrackPointExtension>
</extensions>
</trkpt>
<trkpt lat="58.71800437" lon="15.81963533">
<ele>71.9</ele>
<time>2025-05-03T23:49:01Z</time>
<extensions>
<tp1:TrackPointExtension>
<tp1:hr>152</tp1:hr>
</tp1:TrackPointExtension>
</extensions>
</trkpt>
<trkpt lat="58.7180156" lon="15.81961211">
<ele>72.5</ele>
<time>2025-05-03T23:49:03Z</time>
<extensions>
<tp1:TrackPointExtension>
<tp1:hr>152</tp1:hr>
</tp1:TrackPointExtension>
</extensions>
</trkpt>
<trkpt lat="58.7180306" lon="15.81958998">
<ele>73.1</ele>
<time>2025-05-03T23:49:04Z</time>
<extensions>
<tp1:TrackPointExtension>
<tp1:hr>152</tp1:hr>
</tp1:TrackPointExtension>
</extensions>
</trkpt>
<trkpt lat="58.71806413" lon="15.81949166">
<ele>74.3</ele>
<time>2025-05-03T23:49:07Z</time>
<extensions>
<tp1:TrackPointExtension>
<tp1:hr>152</tp1:hr>
</tp1:TrackPointExtension>
</extensions>
</trkpt>
<trkpt lat="58.71810746" lon="15.81941077">
<ele>74.9</ele>
<time>2025-05-03T23:49:09Z</time>
<extensions>
<tp1:TrackPointExtension>
<tp1:hr>153</tp1:hr>
</tp1:TrackPointExtension>
</extensions>
</trkpt>
<trkpt lat="58.71812934" lon="15.81938362">
<ele>75.3</ele>
<time>2025-05-03T23:49:10Z</time>
<extensions>
<tp1:TrackPointExtension>
<tp1:hr>154</tp1:hr>
</tp1:TrackPointExtension>
</extensions>
</trkpt>
<trkpt lat="58.71823914" lon="15.81924213">
<ele>76.3</ele>
<time>2025-05-03T23:49:15Z</time>
<extensions>
<tp1:TrackPointExtension>
<tp1:hr>154</tp1:hr>
</tp1:TrackPointExtension>
</extensions>
</trkpt>
<trkpt lat="58.71826923" lon="15.81917927">
<ele>76.5</ele>
<time>2025-05-03T23:49:17Z</time>
<extensions>
<tp1:TrackPointExtension>
<tp1:hr>155</tp1:hr>
</tp1:TrackPointExtension>
</extensions>
</trkpt>
<trkpt lat="58.71835389" lon="15.81903552">
<ele>77.1</ele>
<time>2025-05-03T23:49:21Z</time>
<extensions>
<tp1:TrackPointExtension>
<tp1:hr>156</tp1:hr>
</tp1:TrackPointExtension>
</extensions>
</trkpt>
<trkpt lat="58.71842899" lon="15.81881264">
<ele>77.3</ele>
<time>2025-05-03T23:49:26Z</time>
<extensions>
<tp1:TrackPointExtension>
<tp1:hr>156</tp1:hr>
</tp1:TrackPointExtension>
</extensions>
</trkpt>
<trkpt lat="58.71849949" lon="15.81868515">
<ele>77.3</ele>
<time>2025-05-03T23:49:30Z</time>
<extensions>
<tp1:TrackPointExtension>
<tp1:hr>157</tp1:hr>
</tp1:TrackPointExtension>
</extensions>
</trkpt>
<trkpt lat="58.71852865" lon="15.81862405">
<ele>77.3</ele>
<time>2025-05-03T23:49:32Z</time>
<extensions>
<tp1:TrackPointExtension>
<tp1:hr>157</tp1:hr>
</tp1:TrackPointExtension>
</extensions>
</trkpt>
<trkpt lat="58.71854793" lon="15.81838726">
<ele>77.1</ele>
<time>2025-05-03T23:49:37Z</time>
<extensions>
<tp1:TrackPointExtension>
<tp1:hr>159</tp1:hr>
</tp1:TrackPointExtension>
</extensions>
</trkpt>
<trkpt lat="58.71860065" lon="15.81815642">
<ele>76.9</ele>
<time>2025-05-03T23:49:43Z</time>
<extensions>
<tp1:TrackPointExtension>
<tp1:hr>158</tp1:hr>
</tp1:TrackPointExtension>
</extensions>
</trkpt>
<trkpt lat="58.71862211" lon="15.81789516">
<ele>76.6</ele>
<time>2025-05-03T23:49:48Z</time>
<extensions>
<tp1:TrackPointExtension>
<tp1:hr>159</tp1:hr>
</tp1:TrackPointExtension>
</extensions>
</trkpt>
<trkpt lat="58.71870518" lon="15.81761763">
<ele>76.4</ele>
<time>2025-05-03T23:49:53Z</time>
<extensions>
<tp1:TrackPointExtension>
<tp1:hr>157</tp1:hr>
</tp1:TrackPointExtension>
</extensions>
</trkpt>
<trkpt lat="58.7187988" lon="15.81738797">
<ele>76.4</ele>
<time>2025-05-03T23:49:58Z</time>
<extensions>
<tp1:TrackPointExtension>
<tp1:hr>156</tp1:hr>
</tp1:TrackPointExtension>
</extensions>
</trkpt>
<trkpt lat="58.71879612" lon="15.81724481">
<ele>76.2</ele>
<time>2025-05-03T23:50:02Z</time>
<extensions>
<tp1:TrackPointExtension>
<tp1:hr>157</tp1:hr>
</tp1:TrackPointExtension>
</extensions>
</trkpt>
<trkpt lat="58.71879595" lon="15.81710944">
<ele>75.8</ele>
<time>2025-05-03T23:50:06Z</time>
<extensions>
<tp1:TrackPointExtension>
<tp1:hr>161</tp1:hr>
</tp1:TrackPointExtension>
</extensions>
</trkpt>
<trkpt lat="58.71879579" lon="15.81704482">
<ele>75.8</ele>
<time>2025-05-03T23:50:08Z</time>
<extensions>
<tp1:TrackPointExtension>
<tp1:hr>160</tp1:hr>
</tp1:TrackPointExtension>
</extensions>
</trkpt>
<trkpt lat="58.71878983" lon="15.81701883">
<ele>75.8</ele>
<time>2025-05-03T23:50:09Z</time>
<extensions>
<tp1:TrackPointExtension>
<tp1:hr>160</tp1:hr>
</tp1:TrackPointExtension>
</extensions>
</trkpt>
<trkpt lat="58.71879369" lon="15.81685849">
<ele>75.6</ele>
<time>2025-05-03T23:50:13Z</time>
<extensions>
<tp1:TrackPointExtension>
<tp1:hr>160</tp1:hr>
</tp1:TrackPointExtension>
</extensions>
</trkpt>
<trkpt lat="58.7188325" lon="15.81677626">
<ele>75.4</ele>
<time>2025-05-03T23:50:15Z</time>
<extensions>
<tp1:TrackPointExtension>
<tp1:hr>160</tp1:hr>
</tp1:TrackPointExtension>
</extensions>
</trkpt>
<trkpt lat="58.71888019" lon="15.81667744">
<ele>75.2</ele>
<time>2025-05-03T23:50:18Z</time>
<extensions>
<tp1:TrackPointExtension>
<tp1:hr>159</tp1:hr>
</tp1:TrackPointExtension>
</extensions>
</trkpt>
<trkpt lat="58.71898061" lon="15.81651265">
<ele>75.0</ele>
<time>2025-05-03T23:50:24Z</time>
<extensions>
<tp1:TrackPointExtension>
<tp1:hr>159</tp1:hr>
</tp1:TrackPointExtension>
</extensions>
</trkpt>
<trkpt lat="58.71900248" lon="15.81651776">
<ele>75.0</ele>
<time>2025-05-03T23:50:25Z</time>
<extensions>
<tp1:TrackPointExtension>
<tp1:hr>158</tp1:hr>
</tp1:TrackPointExtension>
</extensions>
</trkpt>
<trkpt lat="58.7190169" lon="15.81651759">
<ele>75.0</ele>
<time>2025-05-03T23:50:26Z</time>
<extensions>
<tp1:TrackPointExtension>
<tp1:hr>158</tp1:hr>
</tp1:TrackPointExtension>
</extensions>
</trkpt>
<trkpt lat="58.71902335" lon="15.8164331">
<ele>74.8</ele>
<time>2025-05-03T23:50:28Z</time>
<extensions>
<tp1:TrackPointExtension>
<tp1:hr>158</tp1:hr>
</tp1:TrackPointExtension>
</extensions>
</trkpt>
<trkpt lat="58.7189428" lon="15.81617008">
<ele>74.8</ele>
<time>2025-05-03T23:50:33Z</time>
<extensions>
<tp1:TrackPointExtension>
<tp1:hr>157</tp1:hr>
</tp1:TrackPointExtension>
</extensions>
</trkpt>
<trkpt lat="58.71892923" lon="15.81612037">
<ele>74.8</ele>
<time>2025-05-03T23:50:34Z</time>
<extensions>
<tp1:TrackPointExtension>
<tp1:hr>157</tp1:hr>
</tp1:TrackPointExtension>
</extensions>
</trkpt>
<trkpt lat="58.71892604" lon="15.81593555">
<ele>74.6</ele>
<time>2025-05-03T23:50:37Z</time>
<extensions>
<tp1:TrackPointExtension>
<tp1:hr>157</tp1:hr>
</tp1:TrackPointExtension>
</extensions>
</trkpt>
<trkpt lat="58.71894624" lon="15.81576917">
<ele>74.6</ele>
<time>2025-05-03T23:50:40Z</time>
<extensions>
<tp1:TrackPointExtension>
<tp1:hr>158</tp1:hr>
</tp1:TrackPointExtension>
</extensions>
</trkpt>
<trkpt lat="58.71895613" lon="15.81570027">
<ele>74.6</ele>
<time>2025-05-03T23:50:42Z</time>
<extensions>
<tp1:TrackPointExtension>
<tp1:hr>158</tp1:hr>
</tp1:TrackPointExtension>
</extensions>
</trkpt>
<trkpt lat="58.71898497" lon="15.81563942">
<ele>74.4</ele>
<time>2025-05-03T23:50:47Z</time>
<extensions>
<tp1:TrackPointExtension>
<tp1:hr>157</tp1:hr>
</tp1:TrackPointExtension>
</extensions>
</trkpt>
<trkpt lat="58.71899041" lon="15.81562542">
<ele>74.4</ele>
<time>2025-05-03T23:50:48Z</time>
<extensions>
<tp1:TrackPointExtension>
<tp1:hr>157</tp1:hr>
</tp1:TrackPointExtension>
</extensions>
</trkpt>
<trkpt lat="58.71899854" lon="15.81560011">
<ele>74.4</ele>
<time>2025-05-03T23:50:49Z</time>
<extensions>
<tp1:TrackPointExtension>
<tp1:hr>157</tp1:hr>
</tp1:TrackPointExtension>
</extensions>
</trkpt>
<trkpt lat="58.71904716" lon="15.81546759">
<ele>74.3</ele>
<time>2025-05-03T23:50:53Z</time>
<extensions>
<tp1:TrackPointExtension>
<tp1:hr>157</tp1:hr>
</tp1:TrackPointExtension>
</extensions>
</trkpt>
<trkpt lat="58.71907851" lon="15.81540808">
<ele>74.3</ele>
<time>2025-05-03T23:50:55Z</time>
<extensions>
<tp1:TrackPointExtension>
<tp1:hr>156</tp1:hr>
</tp1:TrackPointExtension>
</extensions>
</trkpt>
<trkpt lat="58.71914607" lon="15.81534807">
<ele>74.3</ele>
<time>2025-05-03T23:50:59Z</time>
<extensions>
<tp1:TrackPointExtension>
<tp1:hr>155</tp1:hr>
</tp1:TrackPointExtension>
</extensions>
</trkpt>
<trkpt lat="58.71915461" lon="15.81532837">
<ele>74.3</ele>
<time>2025-05-03T23:51:00Z</time>
<extensions>
<tp1:TrackPointExtension>
<tp1:hr>155</tp1:hr>
</tp1:TrackPointExtension>
</extensions>
</trkpt>
<trkpt lat="58.71919761" lon="15.81525696">
<ele>74.3</ele>
<time>2025-05-03T23:51:04Z</time>
<extensions>
<tp1:TrackPointExtension>
<tp1:hr>155</tp1:hr>
</tp1:TrackPointExtension>
</extensions>
</trkpt>
<trkpt lat="58.7191982" lon="15.81523701">
<ele>74.5</ele>
<time>2025-05-03T23:51:05Z</time>
<extensions>
<tp1:TrackPointExtension>
<tp1:hr>156</tp1:hr>
</tp1:TrackPointExtension>
</extensions>
</trkpt>
<trkpt lat="58.71919569" lon="15.81521991">
<ele>74.5</ele>
<time>2025-05-03T23:51:06Z</time>
<extensions>
<tp1:TrackPointExtension>
<tp1:hr>156</tp1:hr>
</tp1:TrackPointExtension>
</extensions>
</trkpt>
<trkpt lat="58.7191842" lon="15.81517708">
<ele>74.5</ele>
<time>2025-05-03T23:51:09Z</time>
<extensions>
<tp1:TrackPointExtension>
<tp1:hr>156</tp1:hr>
</tp1:TrackPointExtension>
</extensions>
</trkpt>
<trkpt lat="58.71918336" lon="15.81515319">
<ele>74.5</ele>
<time>2025-05-03T23:51:10Z</time>
<extensions>
<tp1:TrackPointExtension>
<tp1:hr>156</tp1:hr>
</tp1:TrackPointExtension>
</extensions>
</trkpt>
<trkpt lat="58.71918345" lon="15.81511756">
<ele>74.7</ele>
<time>2025-05-03T23:51:12Z</time>
<extensions>
<tp1:TrackPointExtension>
<tp1:hr>156</tp1:hr>
</tp1:TrackPointExtension>
</extensions>
</trkpt>
<trkpt lat="58.71918697" lon="15.81510181">
<ele>74.7</ele>
<time>2025-05-03T23:51:14Z</time>
<extensions>
<tp1:TrackPointExtension>
<tp1:hr>156</tp1:hr>
</tp1:TrackPointExtension>
</extensions>
</trkpt>
<trkpt lat="58.71919082" lon="15.81506819">
<ele>74.9</ele>
<time>2025-05-03T23:51:16Z</time>
<extensions>
<tp1:TrackPointExtension>
<tp1:hr>156</tp1:hr>
</tp1:TrackPointExtension>
</extensions>
</trkpt>
<trkpt lat="58.71917984" lon="15.81501279">
<ele>75.1</ele>
<time>2025-05-03T23:51:19Z</time>
<extensions>
<tp1:TrackPointExtension>
<tp1:hr>156</tp1:hr>
</tp1:TrackPointExtension>
</extensions>
</trkpt>
<trkpt lat="58.71917901" lon="15.81498781">
<ele>75.1</ele>
<time>2025-05-03T23:51:20Z</time>
<extensions>
<tp1:TrackPointExtension>
<tp1:hr>156</tp1:hr>
</tp1:TrackPointExtension>
</extensions>
</trkpt>
<trkpt lat="58.71919166" lon="15.81492545">
<ele>75.3</ele>
<time>2025-05-03T23:51:22Z</time>
<extensions>
<tp1:TrackPointExtension>
<tp1:hr>157</tp1:hr>
</tp1:TrackPointExtension>
</extensions>
</trkpt>
<trkpt lat="58.71919736" lon="15.81485379">
<ele>75.5</ele>
<time>2025-05-03T23:51:24Z</time>
<extensions>
<tp1:TrackPointExtension>
<tp1:hr>157</tp1:hr>
</tp1:TrackPointExtension>
</extensions>
</trkpt>
<trkpt lat="58.71920868" lon="15.81463904">
<ele>75.7</ele>
<time>2025-05-03T23:51:30Z</time>
<extensions>
<tp1:TrackPointExtension>
<tp1:hr>157</tp1:hr>
</tp1:TrackPointExtension>
</extensions>
</trkpt>
<trkpt lat="58.71921907" lon="15.81461289">
<ele>75.9</ele>
<time>2025-05-03T23:51:31Z</time>
<extensions>
<tp1:TrackPointExtension>
<tp1:hr>157</tp1:hr>
</tp1:TrackPointExtension>
</extensions>
</trkpt>
<trkpt lat="58.71929283" lon="15.81443503">
<ele>76.1</ele>
<time>2025-05-03T23:51:36Z</time>
<extensions>
<tp1:TrackPointExtension>
<tp1:hr>157</tp1:hr>
</tp1:TrackPointExtension>
</extensions>
</trkpt>
<trkpt lat="58.71929099" lon="15.81432832">
<ele>76.3</ele>
<time>2025-05-03T23:51:38Z</time>
<extensions>
<tp1:TrackPointExtension>
<tp1:hr>156</tp1:hr>
</tp1:TrackPointExtension>
</extensions>
</trkpt>
<trkpt lat="58.71928604" lon="15.81419354">
<ele>76.5</ele>
<time>2025-05-03T23:51:41Z</time>
<extensions>
<tp1:TrackPointExtension>
<tp1:hr>153</tp1:hr>
</tp1:TrackPointExtension>
</extensions>
</trkpt>
<trkpt lat="58.71930323" lon="15.81409195">
<ele>76.7</ele>
<time>2025-05-03T23:51:44Z</time>
<extensions>
<tp1:TrackPointExtension>
<tp1:hr>151</tp1:hr>
</tp1:TrackPointExtension>
</extensions>
</trkpt>
<trkpt lat="58.71931965" lon="15.81405675">
<ele>76.7</ele>
<time>2025-05-03T23:51:45Z</time>
<extensions>
<tp1:TrackPointExtension>
<tp1:hr>154</tp1:hr>
</tp1:TrackPointExtension>
</extensions>
</trkpt>
<trkpt lat="58.7193826" lon="15.81390252">
<ele>77.1</ele>
<time>2025-05-03T23:51:50Z</time>
<extensions>
<tp1:TrackPointExtension>
<tp1:hr>155</tp1:hr>
</tp1:TrackPointExtension>
</extensions>
</trkpt>
<trkpt lat="58.71938587" lon="15.8138581">
<ele>77.0</ele>
<time>2025-05-03T23:51:51Z</time>
<extensions>
<tp1:TrackPointExtension>
<tp1:hr>155</tp1:hr>
</tp1:TrackPointExtension>
</extensions>
</trkpt>
<trkpt lat="58.71938352" lon="15.81372282">
<ele>77.2</ele>
<time>2025-05-03T23:51:54Z</time>
<extensions>
<tp1:TrackPointExtension>
<tp1:hr>158</tp1:hr>
</tp1:TrackPointExtension>
</extensions>
</trkpt>
<trkpt lat="58.71937489" lon="15.81352626">
<ele>77.2</ele>
<time>2025-05-03T23:51:57Z</time>
<extensions>
<tp1:TrackPointExtension>
<tp1:hr>156</tp1:hr>
</tp1:TrackPointExtension>
</extensions>
</trkpt>
<trkpt lat="58.71935469" lon="15.81323541">
<ele>77.4</ele>
<time>2025-05-03T23:52:02Z</time>
<extensions>
<tp1:TrackPointExtension>
<tp1:hr>158</tp1:hr>
</tp1:TrackPointExtension>
</extensions>
</trkpt>
<trkpt lat="58.71937498" lon="15.81293676">
<ele>77.6</ele>
<time>2025-05-03T23:52:08Z</time>
<extensions>
<tp1:TrackPointExtension>
<tp1:hr>158</tp1:hr>
</tp1:TrackPointExtension>
</extensions>
</trkpt>
<trkpt lat="58.71936928" lon="15.81269628">
<ele>77.6</ele>
<time>2025-05-03T23:52:14Z</time>
<extensions>
<tp1:TrackPointExtension>
<tp1:hr>160</tp1:hr>
</tp1:TrackPointExtension>
</extensions>
</trkpt>
<trkpt lat="58.71932745" lon="15.81235472">
<ele>77.6</ele>
<time>2025-05-03T23:52:20Z</time>
<extensions>
<tp1:TrackPointExtension>
<tp1:hr>161</tp1:hr>
</tp1:TrackPointExtension>
</extensions>
</trkpt>
<trkpt lat="58.71933047" lon="15.81229982">
<ele>77.6</ele>
<time>2025-05-03T23:52:21Z</time>
<extensions>
<tp1:TrackPointExtension>
<tp1:hr>161</tp1:hr>
</tp1:TrackPointExtension>
</extensions>
</trkpt>
<trkpt lat="58.71933801" lon="15.81224919">
<ele>77.4</ele>
<time>2025-05-03T23:52:25Z</time>
<extensions>
<tp1:TrackPointExtension>
<tp1:hr>158</tp1:hr>
</tp1:TrackPointExtension>
</extensions>
</trkpt>
<trkpt lat="58.71932033" lon="15.812317">
<ele>77.4</ele>
<time>2025-05-03T23:52:28Z</time>
<extensions>
<tp1:TrackPointExtension>
<tp1:hr>158</tp1:hr>
</tp1:TrackPointExtension>
</extensions>
</trkpt>
<trkpt lat="58.71929795" lon="15.81234676">
<ele>77.4</ele>
<time>2025-05-03T23:52:30Z</time>
<extensions>
<tp1:TrackPointExtension>
<tp1:hr>158</tp1:hr>
</tp1:TrackPointExtension>
</extensions>
</trkpt>
<trkpt lat="58.71925897" lon="15.81255572">
<ele>77.4</ele>
<time>2025-05-03T23:52:35Z</time>
<extensions>
<tp1:TrackPointExtension>
<tp1:hr>158</tp1:hr>
</tp1:TrackPointExtension>
</extensions>
</trkpt>
<trkpt lat="58.71922435" lon="15.81280676">
<ele>77.6</ele>
<time>2025-05-03T23:52:41Z</time>
<extensions>
<tp1:TrackPointExtension>
<tp1:hr>155</tp1:hr>
</tp1:TrackPointExtension>
</extensions>
</trkpt>
<trkpt lat="58.71923014" lon="15.81286401">
<ele>77.6</ele>
<time>2025-05-03T23:52:44Z</time>
<extensions>
<tp1:TrackPointExtension>
<tp1:hr>155</tp1:hr>
</tp1:TrackPointExtension>
</extensions>
</trkpt>
<trkpt lat="58.71924045" lon="15.81288379">
<ele>77.8</ele>
<time>2025-05-03T23:52:45Z</time>
<extensions>
<tp1:TrackPointExtension>
<tp1:hr>155</tp1:hr>
</tp1:TrackPointExtension>
</extensions>
</trkpt>
<trkpt lat="58.71927422" lon="15.81290927">
<ele>77.8</ele>
<time>2025-05-03T23:52:48Z</time>
<extensions>
<tp1:TrackPointExtension>
<tp1:hr>154</tp1:hr>
</tp1:TrackPointExtension>
</extensions>
</trkpt>
<trkpt lat="58.71929602" lon="15.81290139">
<ele>77.8</ele>
<time>2025-05-03T23:52:49Z</time>
<extensions>
<tp1:TrackPointExtension>
<tp1:hr>155</tp1:hr>
</tp1:TrackPointExtension>
</extensions>
</trkpt>
<trkpt lat="58.7193453" lon="15.81278019">
<ele>77.7</ele>
<time>2025-05-03T23:52:53Z</time>
<extensions>
<tp1:TrackPointExtension>
<tp1:hr>156</tp1:hr>
</tp1:TrackPointExtension>
</extensions>
</trkpt>
<trkpt lat="58.71933441" lon="15.81250786">
<ele>77.7</ele>
<time>2025-05-03T23:52:58Z</time>
<extensions>
<tp1:TrackPointExtension>
<tp1:hr>155</tp1:hr>
</tp1:TrackPointExtension>
</extensions>
</trkpt>
<trkpt lat="58.71927129" lon="15.81219329">
<ele>77.7</ele>
<time>2025-05-03T23:53:04Z</time>
<extensions>
<tp1:TrackPointExtension>
<tp1:hr>156</tp1:hr>
</tp1:TrackPointExtension>
</extensions>
</trkpt>
<trkpt lat="58.71928059" lon="15.81195289">
<ele>77.7</ele>
<time>2025-05-03T23:53:10Z</time>
<extensions>
<tp1:TrackPointExtension>
<tp1:hr>158</tp1:hr>
</tp1:TrackPointExtension>
</extensions>
</trkpt>
<trkpt lat="58.71924522" lon="15.81178425">
<ele>77.9</ele>
<time>2025-05-03T23:53:14Z</time>
<extensions>
<tp1:TrackPointExtension>
<tp1:hr>158</tp1:hr>
</tp1:TrackPointExtension>
</extensions>
</trkpt>
<trkpt lat="58.71924925" lon="15.81174016">
<ele>77.9</ele>
<time>2025-05-03T23:53:15Z</time>
<extensions>
<tp1:TrackPointExtension>
<tp1:hr>158</tp1:hr>
</tp1:TrackPointExtension>
</extensions>
</trkpt>
<trkpt lat="58.71929702" lon="15.81152533">
<ele>78.1</ele>
<time>2025-05-03T23:53:20Z</time>
<extensions>
<tp1:TrackPointExtension>
<tp1:hr>158</tp1:hr>
</tp1:TrackPointExtension>
</extensions>
</trkpt>
<trkpt lat="58.71929308" lon="15.81146599">
<ele>78.1</ele>
<time>2025-05-03T23:53:21Z</time>
<extensions>
<tp1:TrackPointExtension>
<tp1:hr>158</tp1:hr>
</tp1:TrackPointExtension>
</extensions>
</trkpt>
<trkpt lat="58.7192868" lon="15.81135845">
<ele>78.1</ele>
<time>2025-05-03T23:53:23Z</time>
<extensions>
<tp1:TrackPointExtension>
<tp1:hr>158</tp1:hr>
</tp1:TrackPointExtension>
</extensions>
</trkpt>
<trkpt lat="58.71924246" lon="15.81119416">
<ele>78.3</ele>
<time>2025-05-03T23:53:27Z</time>
<extensions>
<tp1:TrackPointExtension>
<tp1:hr>157</tp1:hr>
</tp1:TrackPointExtension>
</extensions>
</trkpt>
<trkpt lat="58.71917146" lon="15.8110401">
<ele>78.5</ele>
<time>2025-05-03T23:53:32Z</time>
<extensions>
<tp1:TrackPointExtension>
<tp1:hr>158</tp1:hr>
</tp1:TrackPointExtension>
</extensions>
</trkpt>
<trkpt lat="58.71906929" lon="15.81082704">
<ele>78.7</ele>
<time>2025-05-03T23:53:37Z</time>
<extensions>
<tp1:TrackPointExtension>
<tp1:hr>157</tp1:hr>
</tp1:TrackPointExtension>
</extensions>
</trkpt>
<trkpt lat="58.71899687" lon="15.81049805">
<ele>78.9</ele>
<time>2025-05-03T23:53:42Z</time>
<extensions>
<tp1:TrackPointExtension>
<tp1:hr>159</tp1:hr>
</tp1:TrackPointExtension>
</extensions>
</trkpt>
<trkpt lat="58.71892772" lon="15.81015087">
<ele>78.9</ele>
<time>2025-05-03T23:53:48Z</time>
<extensions>
<tp1:TrackPointExtension>
<tp1:hr>160</tp1:hr>
</tp1:TrackPointExtension>
</extensions>
</trkpt>
<trkpt lat="58.71889059" lon="15.80978248">
<ele>78.8</ele>
<time>2025-05-03T23:53:55Z</time>
<extensions>
<tp1:TrackPointExtension>
<tp1:hr>155</tp1:hr>
</tp1:TrackPointExtension>
</extensions>
</trkpt>
<trkpt lat="58.71886284" lon="15.80949247">
<ele>78.8</ele>
<time>2025-05-03T23:54:00Z</time>
<extensions>
<tp1:TrackPointExtension>
<tp1:hr>156</tp1:hr>
</tp1:TrackPointExtension>
</extensions>
</trkpt>
<trkpt lat="58.71889335" lon="15.8092758">
<ele>78.8</ele>
<time>2025-05-03T23:54:04Z</time>
<extensions>
<tp1:TrackPointExtension>
<tp1:hr>159</tp1:hr>
</tp1:TrackPointExtension>
</extensions>
</trkpt>
<trkpt lat="58.71890567" lon="15.80923498">
<ele>78.8</ele>
<time>2025-05-03T23:54:05Z</time>
<extensions>
<tp1:TrackPointExtension>
<tp1:hr>158</tp1:hr>
</tp1:TrackPointExtension>
</extensions>
</trkpt>
<trkpt lat="58.71898807" lon="15.80912056">
<ele>78.8</ele>
<time>2025-05-03T23:54:10Z</time>
<extensions>
<tp1:TrackPointExtension>
<tp1:hr>159</tp1:hr>
</tp1:TrackPointExtension>
</extensions>
</trkpt>
<trkpt lat="58.71899796" lon="15.80907941">
<ele>78.8</ele>
<time>2025-05-03T23:54:11Z</time>
<extensions>
<tp1:TrackPointExtension>
<tp1:hr>166</tp1:hr>
</tp1:TrackPointExtension>
</extensions>
</trkpt>
<trkpt lat="58.71903014" lon="15.80887992">
<ele>78.8</ele>
<time>2025-05-03T23:54:15Z</time>
<extensions>
<tp1:TrackPointExtension>
<tp1:hr>167</tp1:hr>
</tp1:TrackPointExtension>
</extensions>
</trkpt>
<trkpt lat="58.71908722" lon="15.80857993">
<ele>78.8</ele>
<time>2025-05-03T23:54:21Z</time>
<extensions>
<tp1:TrackPointExtension>
<tp1:hr>167</tp1:hr>
</tp1:TrackPointExtension>
</extensions>
</trkpt>
<trkpt lat="58.71909854" lon="15.80831657">
<ele>79.0</ele>
<time>2025-05-03T23:54:27Z</time>
<extensions>
<tp1:TrackPointExtension>
<tp1:hr>166</tp1:hr>
</tp1:TrackPointExtension>
</extensions>
</trkpt>
<trkpt lat="58.71912905" lon="15.80810325">
<ele>79.0</ele>
<time>2025-05-03T23:54:32Z</time>
<extensions>
<tp1:TrackPointExtension>
<tp1:hr>165</tp1:hr>
</tp1:TrackPointExtension>
</extensions>
</trkpt>
<trkpt lat="58.7192293" lon="15.8080517">
<ele>79.0</ele>
<time>2025-05-03T23:54:37Z</time>
<extensions>
<tp1:TrackPointExtension>
<tp1:hr>165</tp1:hr>
</tp1:TrackPointExtension>
</extensions>
</trkpt>
<trkpt lat="58.71923894" lon="15.80803167">
<ele>79.0</ele>
<time>2025-05-03T23:54:38Z</time>
<extensions>
<tp1:TrackPointExtension>
<tp1:hr>167</tp1:hr>
</tp1:TrackPointExtension>
</extensions>
</trkpt>
<trkpt lat="58.71923877" lon="15.80797543">
<ele>79.0</ele>
<time>2025-05-03T23:54:40Z</time>
<extensions>
<tp1:TrackPointExtension>
<tp1:hr>167</tp1:hr>
</tp1:TrackPointExtension>
</extensions>
</trkpt>
<trkpt lat="58.71922787" lon="15.80794601">
<ele>79.0</ele>
<time>2025-05-03T23:54:41Z</time>
<extensions>
<tp1:TrackPointExtension>
<tp1:hr>165</tp1:hr>
</tp1:TrackPointExtension>
</extensions>
</trkpt>
<trkpt lat="58.71921832" lon="15.80792966">
<ele>79.0</ele>
<time>2025-05-03T23:54:42Z</time>
<extensions>
<tp1:TrackPointExtension>
<tp1:hr>166</tp1:hr>
</tp1:TrackPointExtension>
</extensions>
</trkpt>
<trkpt lat="58.71917917" lon="15.80787334">
<ele>79.0</ele>
<time>2025-05-03T23:54:44Z</time>
<extensions>
<tp1:TrackPointExtension>
<tp1:hr>163</tp1:hr>
</tp1:TrackPointExtension>
</extensions>
</trkpt>
<trkpt lat="58.71913567" lon="15.80781525">
<ele>79.0</ele>
<time>2025-05-03T23:54:46Z</time>
<extensions>
<tp1:TrackPointExtension>
<tp1:hr>161</tp1:hr>
</tp1:TrackPointExtension>
</extensions>
</trkpt>
<trkpt lat="58.71906434" lon="15.8077119">
<ele>79.0</ele>
<time>2025-05-03T23:54:50Z</time>
<extensions>
<tp1:TrackPointExtension>
<tp1:hr>161</tp1:hr>
</tp1:TrackPointExtension>
</extensions>
</trkpt>
<trkpt lat="58.71897181" lon="15.80761467">
<ele>79.0</ele>
<time>2025-05-03T23:54:56Z</time>
<extensions>
<tp1:TrackPointExtension>
<tp1:hr>159</tp1:hr>
</tp1:TrackPointExtension>
</extensions>
</trkpt>
<trkpt lat="58.71896502" lon="15.80758927">
<ele>78.7</ele>
<time>2025-05-03T23:54:57Z</time>
<extensions>
<tp1:TrackPointExtension>
<tp1:hr>159</tp1:hr>
</tp1:TrackPointExtension>
</extensions>
</trkpt>
<trkpt lat="58.71894909" lon="15.80750856">
<ele>78.7</ele>
<time>2025-05-03T23:55:00Z</time>
<extensions>
<tp1:TrackPointExtension>
<tp1:hr>160</tp1:hr>
</tp1:TrackPointExtension>
</extensions>
</trkpt>
<trkpt lat="58.71893099" lon="15.80749054">
<ele>78.5</ele>
<time>2025-05-03T23:55:01Z</time>
<extensions>
<tp1:TrackPointExtension>
<tp1:hr>159</tp1:hr>
</tp1:TrackPointExtension>
</extensions>
</trkpt>
<trkpt lat="58.71887541" lon="15.80750638">
<ele>78.3</ele>
<time>2025-05-03T23:55:04Z</time>
<extensions>
<tp1:TrackPointExtension>
<tp1:hr>158</tp1:hr>
</tp1:TrackPointExtension>
</extensions>
</trkpt>
<trkpt lat="58.71878556" lon="15.80754192">
<ele>77.9</ele>
<time>2025-05-03T23:55:08Z</time>
<extensions>
<tp1:TrackPointExtension>
<tp1:hr>158</tp1:hr>
</tp1:TrackPointExtension>
</extensions>
</trkpt>
<trkpt lat="58.71876234" lon="15.80755885">
<ele>77.9</ele>
<time>2025-05-03T23:55:09Z</time>
<extensions>
<tp1:TrackPointExtension>
<tp1:hr>158</tp1:hr>
</tp1:TrackPointExtension>
</extensions>
</trkpt>
<trkpt lat="58.71864206" lon="15.80767142">
<ele>77.3</ele>
<time>2025-05-03T23:55:14Z</time>
<extensions>
<tp1:TrackPointExtension>
<tp1:hr>159</tp1:hr>
</tp1:TrackPointExtension>
</extensions>
</trkpt>
<trkpt lat="58.71856352" lon="15.80777636">
<ele>76.9</ele>
<time>2025-05-03T23:55:17Z</time>
<extensions>
<tp1:TrackPointExtension>
<tp1:hr>161</tp1:hr>
</tp1:TrackPointExtension>
</extensions>
</trkpt>
<trkpt lat="58.71851332" lon="15.80784878">
<ele>76.7</ele>
<time>2025-05-03T23:55:19Z</time>
<extensions>
<tp1:TrackPointExtension>
<tp1:hr>159</tp1:hr>
</tp1:TrackPointExtension>
</extensions>
</trkpt>
<trkpt lat="58.71843888" lon="15.80788423">
<ele>76.3</ele>
<time>2025-05-03T23:55:22Z</time>
<extensions>
<tp1:TrackPointExtension>
<tp1:hr>158</tp1:hr>
</tp1:TrackPointExtension>
</extensions>
</trkpt>
<trkpt lat="58.71841441" lon="15.8078606">
<ele>76.1</ele>
<time>2025-05-03T23:55:23Z</time>
<extensions>
<tp1:TrackPointExtension>
<tp1:hr>158</tp1:hr>
</tp1:TrackPointExtension>
</extensions>
</trkpt>
<trkpt lat="58.71839941" lon="15.80782715">
<ele>75.9</ele>
<time>2025-05-03T23:55:24Z</time>
<extensions>
<tp1:TrackPointExtension>
<tp1:hr>158</tp1:hr>
</tp1:TrackPointExtension>
</extensions>
</trkpt>
<trkpt lat="58.71838541" lon="15.80777301">
<ele>75.5</ele>
<time>2025-05-03T23:55:26Z</time>
<extensions>
<tp1:TrackPointExtension>
<tp1:hr>158</tp1:hr>
</tp1:TrackPointExtension>
</extensions>
</trkpt>
<trkpt lat="58.7183383" lon="15.80765884">
<ele>74.9</ele>
<time>2025-05-03T23:55:30Z</time>
<extensions>
<tp1:TrackPointExtension>
<tp1:hr>156</tp1:hr>
</tp1:TrackPointExtension>
</extensions>
</trkpt>
<trkpt lat="58.71827661" lon="15.8075762">
<ele>74.1</ele>
<time>2025-05-03T23:55:34Z</time>
<extensions>
<tp1:TrackPointExtension>
<tp1:hr>154</tp1:hr>
</tp1:TrackPointExtension>
</extensions>
</trkpt>
<trkpt lat="58.71825809" lon="15.80750495">
<ele>73.9</ele>
<time>2025-05-03T23:55:36Z</time>
<extensions>
<tp1:TrackPointExtension>
<tp1:hr>154</tp1:hr>
</tp1:TrackPointExtension>
</extensions>
</trkpt>
<trkpt lat="58.71824426" lon="15.807369">
<ele>73.3</ele>
<time>2025-05-03T23:55:39Z</time>
<extensions>
<tp1:TrackPointExtension>
<tp1:hr>154</tp1:hr>
</tp1:TrackPointExtension>
</extensions>
</trkpt>
<trkpt lat="58.71824903" lon="15.80724553">
<ele>72.7</ele>
<time>2025-05-03T23:55:42Z</time>
<extensions>
<tp1:TrackPointExtension>
<tp1:hr>153</tp1:hr>
</tp1:TrackPointExtension>
</extensions>
</trkpt>
<trkpt lat="58.71825054" lon="15.8072162">
<ele>72.7</ele>
<time>2025-05-03T23:55:43Z</time>
<extensions>
<tp1:TrackPointExtension>
<tp1:hr>153</tp1:hr>
</tp1:TrackPointExtension>
</extensions>
</trkpt>
<trkpt lat="58.71824551" lon="15.80719147">
<ele>72.3</ele>
<time>2025-05-03T23:55:45Z</time>
<extensions>
<tp1:TrackPointExtension>
<tp1:hr>152</tp1:hr>
</tp1:TrackPointExtension>
</extensions>
</trkpt>
<trkpt lat="58.71822808" lon="15.80714453">
<ele>71.9</ele>
<time>2025-05-03T23:55:47Z</time>
<extensions>
<tp1:TrackPointExtension>
<tp1:hr>152</tp1:hr>
</tp1:TrackPointExtension>
</extensions>
</trkpt>
<trkpt lat="58.7182202" lon="15.80712508">
<ele>71.7</ele>
<time>2025-05-03T23:55:48Z</time>
<extensions>
<tp1:TrackPointExtension>
<tp1:hr>152</tp1:hr>
</tp1:TrackPointExtension>
</extensions>
</trkpt>
<trkpt lat="58.7182031" lon="15.80708686">
<ele>71.3</ele>
<time>2025-05-03T23:55:49Z</time>
<extensions>
<tp1:TrackPointExtension>
<tp1:hr>152</tp1:hr>
</tp1:TrackPointExtension>
</extensions>
</trkpt>
<trkpt lat="58.71817997" lon="15.80704755">
<ele>70.9</ele>
<time>2025-05-03T23:55:52Z</time>
<extensions>
<tp1:TrackPointExtension>
<tp1:hr>151</tp1:hr>
</tp1:TrackPointExtension>
</extensions>
</trkpt>
<trkpt lat="58.71814602" lon="15.80701721">
<ele>70.5</ele>
<time>2025-05-03T23:55:54Z</time>
<extensions>
<tp1:TrackPointExtension>
<tp1:hr>150</tp1:hr>
</tp1:TrackPointExtension>
</extensions>
</trkpt>
<trkpt lat="58.71808751" lon="15.80689944">
<ele>69.6</ele>
<time>2025-05-03T23:55:58Z</time>
<extensions>
<tp1:TrackPointExtension>
<tp1:hr>150</tp1:hr>
</tp1:TrackPointExtension>
</extensions>
</trkpt>
<trkpt lat="58.71807704" lon="15.80685284">
<ele>69.4</ele>
<time>2025-05-03T23:55:59Z</time>
<extensions>
<tp1:TrackPointExtension>
<tp1:hr>151</tp1:hr>
</tp1:TrackPointExtension>
</extensions>
</trkpt>
<trkpt lat="58.71803186" lon="15.80661882">
<ele>68.6</ele>
<time>2025-05-03T23:56:03Z</time>
<extensions>
<tp1:TrackPointExtension>
<tp1:hr>152</tp1:hr>
</tp1:TrackPointExtension>
</extensions>
</trkpt>
<trkpt lat="58.71801786" lon="15.80654296">
<ele>68.4</ele>
<time>2025-05-03T23:56:04Z</time>
<extensions>
<tp1:TrackPointExtension>
<tp1:hr>151</tp1:hr>
</tp1:TrackPointExtension>
</extensions>
</trkpt>
<trkpt lat="58.71795634" lon="15.80616779">
<ele>67.4</ele>
<time>2025-05-03T23:56:08Z</time>
<extensions>
<tp1:TrackPointExtension>
<tp1:hr>150</tp1:hr>
</tp1:TrackPointExtension>
</extensions>
</trkpt>
<trkpt lat="58.71794762" lon="15.8060688">
<ele>67.2</ele>
<time>2025-05-03T23:56:09Z</time>
<extensions>
<tp1:TrackPointExtension>
<tp1:hr>151</tp1:hr>
</tp1:TrackPointExtension>
</extensions>
</trkpt>
<trkpt lat="58.71791099" lon="15.8057207">
<ele>66.2</ele>
<time>2025-05-03T23:56:13Z</time>
<extensions>
<tp1:TrackPointExtension>
<tp1:hr>152</tp1:hr>
</tp1:TrackPointExtension>
</extensions>
</trkpt>
<trkpt lat="58.71787721" lon="15.80536824">
<ele>65.2</ele>
<time>2025-05-03T23:56:17Z</time>
<extensions>
<tp1:TrackPointExtension>
<tp1:hr>152</tp1:hr>
</tp1:TrackPointExtension>
</extensions>
</trkpt>
<trkpt lat="58.71786456" lon="15.80528148">
<ele>65.0</ele>
<time>2025-05-03T23:56:18Z</time>
<extensions>
<tp1:TrackPointExtension>
<tp1:hr>153</tp1:hr>
</tp1:TrackPointExtension>
</extensions>
</trkpt>
<trkpt lat="58.7178224" lon="15.8050794">
<ele>64.4</ele>
<time>2025-05-03T23:56:21Z</time>
<extensions>
<tp1:TrackPointExtension>
<tp1:hr>152</tp1:hr>
</tp1:TrackPointExtension>
</extensions>
</trkpt>
<trkpt lat="58.71779884" lon="15.80503975">
<ele>64.2</ele>
<time>2025-05-03T23:56:22Z</time>
<extensions>
<tp1:TrackPointExtension>
<tp1:hr>153</tp1:hr>
</tp1:TrackPointExtension>
</extensions>
</trkpt>
<trkpt lat="58.71776582" lon="15.80500203">
<ele>63.8</ele>
<time>2025-05-03T23:56:23Z</time>
<extensions>
<tp1:TrackPointExtension>
<tp1:hr>153</tp1:hr>
</tp1:TrackPointExtension>
</extensions>
</trkpt>
<trkpt lat="58.71770304" lon="15.80490505">
<ele>63.4</ele>
<time>2025-05-03T23:56:25Z</time>
<extensions>
<tp1:TrackPointExtension>
<tp1:hr>154</tp1:hr>
</tp1:TrackPointExtension>
</extensions>
</trkpt>
<trkpt lat="58.71764889" lon="15.80468318">
<ele>62.8</ele>
<time>2025-05-03T23:56:28Z</time>
<extensions>
<tp1:TrackPointExtension>
<tp1:hr>156</tp1:hr>
</tp1:TrackPointExtension>
</extensions>
</trkpt>
<trkpt lat="58.71762995" lon="15.80460054">
<ele>62.6</ele>
<time>2025-05-03T23:56:29Z</time>
<extensions>
<tp1:TrackPointExtension>
<tp1:hr>156</tp1:hr>
</tp1:TrackPointExtension>
</extensions>
</trkpt>
<trkpt lat="58.71756256" lon="15.8043469">
<ele>62.0</ele>
<time>2025-05-03T23:56:32Z</time>
<extensions>
<tp1:TrackPointExtension>
<tp1:hr>157</tp1:hr>
</tp1:TrackPointExtension>
</extensions>
</trkpt>
<trkpt lat="58.7175121" lon="15.8041832">
<ele>61.6</ele>
<time>2025-05-03T23:56:34Z</time>
<extensions>
<tp1:TrackPointExtension>
<tp1:hr>157</tp1:hr>
</tp1:TrackPointExtension>
</extensions>
</trkpt>
<trkpt lat="58.71749014" lon="15.80410508">
<ele>61.4</ele>
<time>2025-05-03T23:56:35Z</time>
<extensions>
<tp1:TrackPointExtension>
<tp1:hr>157</tp1:hr>
</tp1:TrackPointExtension>
</extensions>
</trkpt>
<trkpt lat="58.71744337" lon="15.80371994">
<ele>60.8</ele>
<time>2025-05-03T23:56:40Z</time>
<extensions>
<tp1:TrackPointExtension>
<tp1:hr>157</tp1:hr>
</tp1:TrackPointExtension>
</extensions>
</trkpt>
<trkpt lat="58.71744026" lon="15.80363796">
<ele>60.6</ele>
<time>2025-05-03T23:56:41Z</time>
<extensions>
<tp1:TrackPointExtension>
<tp1:hr>157</tp1:hr>
</tp1:TrackPointExtension>
</extensions>
</trkpt>
<trkpt lat="58.71746315" lon="15.80336446">
<ele>60.2</ele>
<time>2025-05-03T23:56:44Z</time>
<extensions>
<tp1:TrackPointExtension>
<tp1:hr>158</tp1:hr>
</tp1:TrackPointExtension>
</extensions>
</trkpt>
<trkpt lat="58.71747614" lon="15.80325943">
<ele>60.0</ele>
<time>2025-05-03T23:56:45Z</time>
<extensions>
<tp1:TrackPointExtension>
<tp1:hr>158</tp1:hr>
</tp1:TrackPointExtension>
</extensions>
</trkpt>
<trkpt lat="58.71751243" lon="15.80304855">
<ele>59.8</ele>
<time>2025-05-03T23:56:47Z</time>
<extensions>
<tp1:TrackPointExtension>
<tp1:hr>159</tp1:hr>
</tp1:TrackPointExtension>
</extensions>
</trkpt>
<trkpt lat="58.7175364" lon="15.80284872">
<ele>59.4</ele>
<time>2025-05-03T23:56:49Z</time>
<extensions>
<tp1:TrackPointExtension>
<tp1:hr>160</tp1:hr>
</tp1:TrackPointExtension>
</extensions>
</trkpt>
<trkpt lat="58.71754713" lon="15.80275803">
<ele>59.4</ele>
<time>2025-05-03T23:56:50Z</time>
<extensions>
<tp1:TrackPointExtension>
<tp1:hr>160</tp1:hr>
</tp1:TrackPointExtension>
</extensions>
</trkpt>
<trkpt lat="58.71760262" lon="15.80235201">
<ele>58.6</ele>
<time>2025-05-03T23:56:55Z</time>
<extensions>
<tp1:TrackPointExtension>
<tp1:hr>162</tp1:hr>
</tp1:TrackPointExtension>
</extensions>
</trkpt>
<trkpt lat="58.71760547" lon="15.80230708">
<ele>58.6</ele>
<time>2025-05-03T23:56:56Z</time>
<extensions>
<tp1:TrackPointExtension>
<tp1:hr>162</tp1:hr>
</tp1:TrackPointExtension>
</extensions>
</trkpt>
<trkpt lat="58.71759944" lon="15.80229711">
<ele>58.4</ele>
<time>2025-05-03T23:56:57Z</time>
<extensions>
<tp1:TrackPointExtension>
<tp1:hr>162</tp1:hr>
</tp1:TrackPointExtension>
</extensions>
</trkpt>
<trkpt lat="58.71754328" lon="15.80231228">
<ele>58.2</ele>
<time>2025-05-03T23:56:59Z</time>
<extensions>
<tp1:TrackPointExtension>
<tp1:hr>163</tp1:hr>
</tp1:TrackPointExtension>
</extensions>
</trkpt>
<trkpt lat="58.7173396" lon="15.80223441">
<ele>57.5</ele>
<time>2025-05-03T23:57:03Z</time>
<extensions>
<tp1:TrackPointExtension>
<tp1:hr>165</tp1:hr>
</tp1:TrackPointExtension>
</extensions>
</trkpt>
<trkpt lat="58.71728738" lon="15.8022029">
<ele>57.5</ele>
<time>2025-05-03T23:57:04Z</time>
<extensions>
<tp1:TrackPointExtension>
<tp1:hr>165</tp1:hr>
</tp1:TrackPointExtension>
</extensions>
</trkpt>
<trkpt lat="58.71724295" lon="15.80217389">
<ele>57.3</ele>
<time>2025-05-03T23:57:05Z</time>
<extensions>
<tp1:TrackPointExtension>
<tp1:hr>165</tp1:hr>
</tp1:TrackPointExtension>
</extensions>
</trkpt>
<trkpt lat="58.7171557" lon="15.80211103">
<ele>56.9</ele>
<time>2025-05-03T23:57:07Z</time>
<extensions>
<tp1:TrackPointExtension>
<tp1:hr>166</tp1:hr>
</tp1:TrackPointExtension>
</extensions>
</trkpt>
<trkpt lat="58.7171091" lon="15.80210407">
<ele>56.9</ele>
<time>2025-05-03T23:57:08Z</time>
<extensions>
<tp1:TrackPointExtension>
<tp1:hr>166</tp1:hr>
</tp1:TrackPointExtension>
</extensions>
</trkpt>
<trkpt lat="58.71706358" lon="15.80211447">
<ele>56.7</ele>
<time>2025-05-03T23:57:09Z</time>
<extensions>
<tp1:TrackPointExtension>
<tp1:hr>166</tp1:hr>
</tp1:TrackPointExtension>
</extensions>
</trkpt>
<trkpt lat="58.71701824" lon="15.80212981">
<ele>56.5</ele>
<time>2025-05-03T23:57:10Z</time>
<extensions>
<tp1:TrackPointExtension>
<tp1:hr>166</tp1:hr>
</tp1:TrackPointExtension>
</extensions>
</trkpt>
<trkpt lat="58.71697281" lon="15.80215705">
<ele>56.5</ele>
<time>2025-05-03T23:57:11Z</time>
<extensions>
<tp1:TrackPointExtension>
<tp1:hr>166</tp1:hr>
</tp1:TrackPointExtension>
</extensions>
</trkpt>
<trkpt lat="58.71692888" lon="15.80217876">
<ele>56.3</ele>
<time>2025-05-03T23:57:12Z</time>
<extensions>
<tp1:TrackPointExtension>
<tp1:hr>166</tp1:hr>
</tp1:TrackPointExtension>
</extensions>
</trkpt>
<trkpt lat="58.71688614" lon="15.80220977">
<ele>56.1</ele>
<time>2025-05-03T23:57:13Z</time>
<extensions>
<tp1:TrackPointExtension>
<tp1:hr>165</tp1:hr>
</tp1:TrackPointExtension>
</extensions>
</trkpt>
<trkpt lat="58.71672017" lon="15.80235846">
<ele>55.7</ele>
<time>2025-05-03T23:57:16Z</time>
<extensions>
<tp1:TrackPointExtension>
<tp1:hr>165</tp1:hr>
</tp1:TrackPointExtension>
</extensions>
</trkpt>
<trkpt lat="58.71668489" lon="15.80241295">
<ele>55.5</ele>
<time>2025-05-03T23:57:17Z</time>
<extensions>
<tp1:TrackPointExtension>
<tp1:hr>166</tp1:hr>
</tp1:TrackPointExtension>
</extensions>
</trkpt>
<trkpt lat="58.71661683" lon="15.80253457">
<ele>55.3</ele>
<time>2025-05-03T23:57:20Z</time>
<extensions>
<tp1:TrackPointExtension>
<tp1:hr>166</tp1:hr>
</tp1:TrackPointExtension>
</extensions>
</trkpt>
<trkpt lat="58.71651188" lon="15.80271553">
<ele>54.9</ele>
<time>2025-05-03T23:57:23Z</time>
<extensions>
<tp1:TrackPointExtension>
<tp1:hr>169</tp1:hr>
</tp1:TrackPointExtension>
</extensions>
</trkpt>
<trkpt lat="58.71647987" lon="15.8027701">
<ele>54.7</ele>
<time>2025-05-03T23:57:24Z</time>
<extensions>
<tp1:TrackPointExtension>
<tp1:hr>169</tp1:hr>
</tp1:TrackPointExtension>
</extensions>
</trkpt>
<trkpt lat="58.71634676" lon="15.80299926">
<ele>54.3</ele>
<time>2025-05-03T23:57:28Z</time>
<extensions>
<tp1:TrackPointExtension>
<tp1:hr>170</tp1:hr>
</tp1:TrackPointExtension>
</extensions>
</trkpt>
<trkpt lat="58.71630074" lon="15.80307503">
<ele>53.9</ele>
<time>2025-05-03T23:57:30Z</time>
<extensions>
<tp1:TrackPointExtension>
<tp1:hr>170</tp1:hr>
</tp1:TrackPointExtension>
</extensions>
</trkpt>
<trkpt lat="58.71621391" lon="15.80319607">
<ele>53.5</ele>
<time>2025-05-03T23:57:34Z</time>
<extensions>
<tp1:TrackPointExtension>
<tp1:hr>169</tp1:hr>
</tp1:TrackPointExtension>
</extensions>
</trkpt>
<trkpt lat="58.71620511" lon="15.80308182">
<ele>53.3</ele>
<time>2025-05-03T23:57:36Z</time>
<extensions>
<tp1:TrackPointExtension>
<tp1:hr>169</tp1:hr>
</tp1:TrackPointExtension>
</extensions>
</trkpt>
<trkpt lat="58.71621969" lon="15.80301141">
<ele>53.1</ele>
<time>2025-05-03T23:57:37Z</time>
<extensions>
<tp1:TrackPointExtension>
<tp1:hr>168</tp1:hr>
</tp1:TrackPointExtension>
</extensions>
</trkpt>
<trkpt lat="58.71628004" lon="15.80287294">
<ele>52.9</ele>
<time>2025-05-03T23:57:39Z</time>
<extensions>
<tp1:TrackPointExtension>
<tp1:hr>166</tp1:hr>
</tp1:TrackPointExtension>
</extensions>
</trkpt>
<trkpt lat="58.71632011" lon="15.80281385">
<ele>52.7</ele>
<time>2025-05-03T23:57:40Z</time>
<extensions>
<tp1:TrackPointExtension>
<tp1:hr>166</tp1:hr>
</tp1:TrackPointExtension>
</extensions>
</trkpt>
<trkpt lat="58.71648733" lon="15.80254504">
<ele>52.1</ele>
<time>2025-05-03T23:57:45Z</time>
<extensions>
<tp1:TrackPointExtension>
<tp1:hr>166</tp1:hr>
</tp1:TrackPointExtension>
</extensions>
</trkpt>
<trkpt lat="58.71651909" lon="15.802495">
<ele>52.1</ele>
<time>2025-05-03T23:57:46Z</time>
<extensions>
<tp1:TrackPointExtension>
<tp1:hr>166</tp1:hr>
</tp1:TrackPointExtension>
</extensions>
</trkpt>
<trkpt lat="58.7166211" lon="15.80232678">
<ele>51.7</ele>
<time>2025-05-03T23:57:50Z</time>
<extensions>
<tp1:TrackPointExtension>
<tp1:hr>166</tp1:hr>
</tp1:TrackPointExtension>
</extensions>
</trkpt>
<trkpt lat="58.71663946" lon="15.80229191">
<ele>51.5</ele>
<time>2025-05-03T23:57:51Z</time>
<extensions>
<tp1:TrackPointExtension>
<tp1:hr>166</tp1:hr>
</tp1:TrackPointExtension>
</extensions>
</trkpt>
<trkpt lat="58.71672001" lon="15.80214883">
<ele>51.1</ele>
<time>2025-05-03T23:57:55Z</time>
<extensions>
<tp1:TrackPointExtension>
<tp1:hr>166</tp1:hr>
</tp1:TrackPointExtension>
</extensions>
</trkpt>
<trkpt lat="58.71671724" lon="15.80213852">
<ele>50.9</ele>
<time>2025-05-03T23:57:56Z</time>
<extensions>
<tp1:TrackPointExtension>
<tp1:hr>166</tp1:hr>
</tp1:TrackPointExtension>
</extensions>
</trkpt>
<trkpt lat="58.71670526" lon="15.80215788">
<ele>50.9</ele>
<time>2025-05-03T23:57:57Z</time>
<extensions>
<tp1:TrackPointExtension>
<tp1:hr>166</tp1:hr>
</tp1:TrackPointExtension>
</extensions>
</trkpt>
<trkpt lat="58.71668958" lon="15.80219267">
<ele>50.7</ele>
<time>2025-05-03T23:57:58Z</time>
<extensions>
<tp1:TrackPointExtension>
<tp1:hr>166</tp1:hr>
</tp1:TrackPointExtension>
</extensions>
</trkpt>
<trkpt lat="58.7166501" lon="15.80228671">
<ele>50.2</ele>
<time>2025-05-03T23:58:03Z</time>
<extensions>
<tp1:TrackPointExtension>
<tp1:hr>166</tp1:hr>
</tp1:TrackPointExtension>
</extensions>
</trkpt>
<trkpt lat="58.71671137" lon="15.80213274">
<ele>49.8</ele>
<time>2025-05-03T23:58:06Z</time>
<extensions>
<tp1:TrackPointExtension>
<tp1:hr>165</tp1:hr>
</tp1:TrackPointExtension>
</extensions>
</trkpt>
<trkpt lat="58.71673459" lon="15.80206694">
<ele>49.8</ele>
<time>2025-05-03T23:58:07Z</time>
<extensions>
<tp1:TrackPointExtension>
<tp1:hr>165</tp1:hr>
</tp1:TrackPointExtension>
</extensions>
</trkpt>
<trkpt lat="58.71681187" lon="15.80179084">
<ele>49.4</ele>
<time>2025-05-03T23:58:11Z</time>
<extensions>
<tp1:TrackPointExtension>
<tp1:hr>164</tp1:hr>
</tp1:TrackPointExtension>
</extensions>
</trkpt>
<trkpt lat="58.71679561" lon="15.80170434">
<ele>49.2</ele>
<time>2025-05-03T23:58:12Z</time>
<extensions>
<tp1:TrackPointExtension>
<tp1:hr>163</tp1:hr>
</tp1:TrackPointExtension>
</extensions>
</trkpt>
<trkpt lat="58.7167708" lon="15.80162429">
<ele>49.2</ele>
<time>2025-05-03T23:58:13Z</time>
<extensions>
<tp1:TrackPointExtension>
<tp1:hr>163</tp1:hr>
</tp1:TrackPointExtension>
</extensions>
</trkpt>
<trkpt lat="58.71671867" lon="15.80147878">
<ele>49.0</ele>
<time>2025-05-03T23:58:15Z</time>
<extensions>
<tp1:TrackPointExtension>
<tp1:hr>162</tp1:hr>
</tp1:TrackPointExtension>
</extensions>
</trkpt>
<trkpt lat="58.71669536" lon="15.80141508">
<ele>49.0</ele>
<time>2025-05-03T23:58:16Z</time>
<extensions>
<tp1:TrackPointExtension>
<tp1:hr>162</tp1:hr>
</tp1:TrackPointExtension>
</extensions>
</trkpt>
<trkpt lat="58.71663971" lon="15.80124468">
<ele>48.8</ele>
<time>2025-05-03T23:58:19Z</time>
<extensions>
<tp1:TrackPointExtension>
<tp1:hr>162</tp1:hr>
</tp1:TrackPointExtension>
</extensions>
</trkpt>
<trkpt lat="58.71662387" lon="15.80120059">
<ele>48.8</ele>
<time>2025-05-03T23:58:20Z</time>
<extensions>
<tp1:TrackPointExtension>
<tp1:hr>162</tp1:hr>
</tp1:TrackPointExtension>
</extensions>
</trkpt>
<trkpt lat="58.71661607" lon="15.8011777">
<ele>48.8</ele>
<time>2025-05-03T23:58:21Z</time>
<extensions>
<tp1:TrackPointExtension>
<tp1:hr>162</tp1:hr>
</tp1:TrackPointExtension>
</extensions>
</trkpt>
</trkseg>
</trk>
</gpx>

