<?xml version="1.0" encoding="UTF-8" ?>
<gpx xmlns="http://www.topografix.com/GPX/1/1" version="1.1" creator="Attackpoint - http://www.attackpoint.org" xmlns:xsi="http://www.w3.org/2001/XMLSchema-instance" xmlns:tp1="http://www.garmin.com/xmlschemas/TrackPointExtension/v1" xsi:schemaLocation="http://www.topografix.com/GPX/1/1 http://www.topografix.com/GPX/1/1/gpx.xsd http://www.garmin.com/xmlschemas/TrackPointExtension/v1 http://www.garmin.com/xmlschemas/TrackPointExtensionv1.xsd">
<trk>
<trkseg>
<trkpt lat="57.69555476" lon="14.19797025">
<ele>234.0</ele>
<time>2025-07-21T08:35:02Z</time>
<extensions>
<tp1:TrackPointExtension>
<tp1:hr>88</tp1:hr>
</tp1:TrackPointExtension>
</extensions>
</trkpt>
<trkpt lat="57.69555174" lon="14.19800621">
<ele>233.8</ele>
<time>2025-07-21T08:35:03Z</time>
<extensions>
<tp1:TrackPointExtension>
<tp1:hr>88</tp1:hr>
</tp1:TrackPointExtension>
</extensions>
</trkpt>
<trkpt lat="57.69554855" lon="14.19805264">
<ele>234.0</ele>
<time>2025-07-21T08:35:05Z</time>
<extensions>
<tp1:TrackPointExtension>
<tp1:hr>88</tp1:hr>
</tp1:TrackPointExtension>
</extensions>
</trkpt>
<trkpt lat="57.69555341" lon="14.19811215">
<ele>234.0</ele>
<time>2025-07-21T08:35:06Z</time>
<extensions>
<tp1:TrackPointExtension>
<tp1:hr>87</tp1:hr>
</tp1:TrackPointExtension>
</extensions>
</trkpt>
<trkpt lat="57.69558879" lon="14.1982243">
<ele>233.6</ele>
<time>2025-07-21T08:35:08Z</time>
<extensions>
<tp1:TrackPointExtension>
<tp1:hr>88</tp1:hr>
</tp1:TrackPointExtension>
</extensions>
</trkpt>
<trkpt lat="57.69563028" lon="14.19835196">
<ele>233.8</ele>
<time>2025-07-21T08:35:10Z</time>
<extensions>
<tp1:TrackPointExtension>
<tp1:hr>91</tp1:hr>
</tp1:TrackPointExtension>
</extensions>
</trkpt>
<trkpt lat="57.695684" lon="14.19850074">
<ele>234.2</ele>
<time>2025-07-21T08:35:13Z</time>
<extensions>
<tp1:TrackPointExtension>
<tp1:hr>91</tp1:hr>
</tp1:TrackPointExtension>
</extensions>
</trkpt>
<trkpt lat="57.695712" lon="14.19856452">
<ele>235.2</ele>
<time>2025-07-21T08:35:15Z</time>
<extensions>
<tp1:TrackPointExtension>
<tp1:hr>90</tp1:hr>
</tp1:TrackPointExtension>
</extensions>
</trkpt>
<trkpt lat="57.69574343" lon="14.19863007">
<ele>236.6</ele>
<time>2025-07-21T08:35:17Z</time>
<extensions>
<tp1:TrackPointExtension>
<tp1:hr>94</tp1:hr>
</tp1:TrackPointExtension>
</extensions>
</trkpt>
<trkpt lat="57.69575743" lon="14.1986703">
<ele>237.2</ele>
<time>2025-07-21T08:35:18Z</time>
<extensions>
<tp1:TrackPointExtension>
<tp1:hr>101</tp1:hr>
</tp1:TrackPointExtension>
</extensions>
</trkpt>
<trkpt lat="57.69577277" lon="14.19870668">
<ele>237.8</ele>
<time>2025-07-21T08:35:19Z</time>
<extensions>
<tp1:TrackPointExtension>
<tp1:hr>105</tp1:hr>
</tp1:TrackPointExtension>
</extensions>
</trkpt>
<trkpt lat="57.69579758" lon="14.1987755">
<ele>238.6</ele>
<time>2025-07-21T08:35:21Z</time>
<extensions>
<tp1:TrackPointExtension>
<tp1:hr>108</tp1:hr>
</tp1:TrackPointExtension>
</extensions>
</trkpt>
<trkpt lat="57.69581116" lon="14.19880986">
<ele>238.9</ele>
<time>2025-07-21T08:35:22Z</time>
<extensions>
<tp1:TrackPointExtension>
<tp1:hr>111</tp1:hr>
</tp1:TrackPointExtension>
</extensions>
</trkpt>
<trkpt lat="57.69584192" lon="14.19890315">
<ele>239.1</ele>
<time>2025-07-21T08:35:24Z</time>
<extensions>
<tp1:TrackPointExtension>
<tp1:hr>114</tp1:hr>
</tp1:TrackPointExtension>
</extensions>
</trkpt>
<trkpt lat="57.69587629" lon="14.19901161">
<ele>240.5</ele>
<time>2025-07-21T08:35:26Z</time>
<extensions>
<tp1:TrackPointExtension>
<tp1:hr>120</tp1:hr>
</tp1:TrackPointExtension>
</extensions>
</trkpt>
<trkpt lat="57.69589447" lon="14.19906517">
<ele>241.3</ele>
<time>2025-07-21T08:35:27Z</time>
<extensions>
<tp1:TrackPointExtension>
<tp1:hr>123</tp1:hr>
</tp1:TrackPointExtension>
</extensions>
</trkpt>
<trkpt lat="57.69591342" lon="14.19911044">
<ele>242.1</ele>
<time>2025-07-21T08:35:28Z</time>
<extensions>
<tp1:TrackPointExtension>
<tp1:hr>124</tp1:hr>
</tp1:TrackPointExtension>
</extensions>
</trkpt>
<trkpt lat="57.69593169" lon="14.19914841">
<ele>242.7</ele>
<time>2025-07-21T08:35:29Z</time>
<extensions>
<tp1:TrackPointExtension>
<tp1:hr>127</tp1:hr>
</tp1:TrackPointExtension>
</extensions>
</trkpt>
<trkpt lat="57.69594762" lon="14.19919677">
<ele>243.3</ele>
<time>2025-07-21T08:35:30Z</time>
<extensions>
<tp1:TrackPointExtension>
<tp1:hr>127</tp1:hr>
</tp1:TrackPointExtension>
</extensions>
</trkpt>
<trkpt lat="57.69596488" lon="14.19924933">
<ele>243.7</ele>
<time>2025-07-21T08:35:31Z</time>
<extensions>
<tp1:TrackPointExtension>
<tp1:hr>125</tp1:hr>
</tp1:TrackPointExtension>
</extensions>
</trkpt>
<trkpt lat="57.69605055" lon="14.19946918">
<ele>242.7</ele>
<time>2025-07-21T08:35:36Z</time>
<extensions>
<tp1:TrackPointExtension>
<tp1:hr>126</tp1:hr>
</tp1:TrackPointExtension>
</extensions>
</trkpt>
<trkpt lat="57.69613059" lon="14.19962442">
<ele>243.9</ele>
<time>2025-07-21T08:35:39Z</time>
<extensions>
<tp1:TrackPointExtension>
<tp1:hr>131</tp1:hr>
</tp1:TrackPointExtension>
</extensions>
</trkpt>
<trkpt lat="57.69615649" lon="14.19968057">
<ele>245.1</ele>
<time>2025-07-21T08:35:40Z</time>
<extensions>
<tp1:TrackPointExtension>
<tp1:hr>131</tp1:hr>
</tp1:TrackPointExtension>
</extensions>
</trkpt>
<trkpt lat="57.69617292" lon="14.19974076">
<ele>246.1</ele>
<time>2025-07-21T08:35:41Z</time>
<extensions>
<tp1:TrackPointExtension>
<tp1:hr>130</tp1:hr>
</tp1:TrackPointExtension>
</extensions>
</trkpt>
<trkpt lat="57.69618583" lon="14.1999156">
<ele>247.1</ele>
<time>2025-07-21T08:35:44Z</time>
<extensions>
<tp1:TrackPointExtension>
<tp1:hr>132</tp1:hr>
</tp1:TrackPointExtension>
</extensions>
</trkpt>
<trkpt lat="57.69619019" lon="14.20002138">
<ele>246.7</ele>
<time>2025-07-21T08:35:46Z</time>
<extensions>
<tp1:TrackPointExtension>
<tp1:hr>134</tp1:hr>
</tp1:TrackPointExtension>
</extensions>
</trkpt>
<trkpt lat="57.69617376" lon="14.2003632">
<ele>246.7</ele>
<time>2025-07-21T08:35:52Z</time>
<extensions>
<tp1:TrackPointExtension>
<tp1:hr>134</tp1:hr>
</tp1:TrackPointExtension>
</extensions>
</trkpt>
<trkpt lat="57.69617418" lon="14.20042204">
<ele>246.7</ele>
<time>2025-07-21T08:35:53Z</time>
<extensions>
<tp1:TrackPointExtension>
<tp1:hr>134</tp1:hr>
</tp1:TrackPointExtension>
</extensions>
</trkpt>
<trkpt lat="57.69618315" lon="14.20058431">
<ele>246.7</ele>
<time>2025-07-21T08:35:56Z</time>
<extensions>
<tp1:TrackPointExtension>
<tp1:hr>137</tp1:hr>
</tp1:TrackPointExtension>
</extensions>
</trkpt>
<trkpt lat="57.69618709" lon="14.20061616">
<ele>246.7</ele>
<time>2025-07-21T08:35:57Z</time>
<extensions>
<tp1:TrackPointExtension>
<tp1:hr>135</tp1:hr>
</tp1:TrackPointExtension>
</extensions>
</trkpt>
<trkpt lat="57.69622464" lon="14.20087022">
<ele>246.6</ele>
<time>2025-07-21T08:36:03Z</time>
<extensions>
<tp1:TrackPointExtension>
<tp1:hr>138</tp1:hr>
</tp1:TrackPointExtension>
</extensions>
</trkpt>
<trkpt lat="57.6962409" lon="14.20096225">
<ele>246.6</ele>
<time>2025-07-21T08:36:05Z</time>
<extensions>
<tp1:TrackPointExtension>
<tp1:hr>139</tp1:hr>
</tp1:TrackPointExtension>
</extensions>
</trkpt>
<trkpt lat="57.69624459" lon="14.20101237">
<ele>246.8</ele>
<time>2025-07-21T08:36:06Z</time>
<extensions>
<tp1:TrackPointExtension>
<tp1:hr>138</tp1:hr>
</tp1:TrackPointExtension>
</extensions>
</trkpt>
<trkpt lat="57.69625146" lon="14.20112955">
<ele>246.8</ele>
<time>2025-07-21T08:36:08Z</time>
<extensions>
<tp1:TrackPointExtension>
<tp1:hr>138</tp1:hr>
</tp1:TrackPointExtension>
</extensions>
</trkpt>
<trkpt lat="57.69629697" lon="14.20124866">
<ele>246.8</ele>
<time>2025-07-21T08:36:12Z</time>
<extensions>
<tp1:TrackPointExtension>
<tp1:hr>137</tp1:hr>
</tp1:TrackPointExtension>
</extensions>
</trkpt>
<trkpt lat="57.69637283" lon="14.20144882">
<ele>246.8</ele>
<time>2025-07-21T08:36:18Z</time>
<extensions>
<tp1:TrackPointExtension>
<tp1:hr>137</tp1:hr>
</tp1:TrackPointExtension>
</extensions>
</trkpt>
<trkpt lat="57.69646" lon="14.20155393">
<ele>246.6</ele>
<time>2025-07-21T08:36:23Z</time>
<extensions>
<tp1:TrackPointExtension>
<tp1:hr>137</tp1:hr>
</tp1:TrackPointExtension>
</extensions>
</trkpt>
<trkpt lat="57.69658112" lon="14.20172417">
<ele>246.6</ele>
<time>2025-07-21T08:36:29Z</time>
<extensions>
<tp1:TrackPointExtension>
<tp1:hr>136</tp1:hr>
</tp1:TrackPointExtension>
</extensions>
</trkpt>
<trkpt lat="57.69667483" lon="14.20189817">
<ele>246.6</ele>
<time>2025-07-21T08:36:33Z</time>
<extensions>
<tp1:TrackPointExtension>
<tp1:hr>132</tp1:hr>
</tp1:TrackPointExtension>
</extensions>
</trkpt>
<trkpt lat="57.69671414" lon="14.20194553">
<ele>246.6</ele>
<time>2025-07-21T08:36:34Z</time>
<extensions>
<tp1:TrackPointExtension>
<tp1:hr>131</tp1:hr>
</tp1:TrackPointExtension>
</extensions>
</trkpt>
<trkpt lat="57.69686057" lon="14.20205005">
<ele>246.6</ele>
<time>2025-07-21T08:36:38Z</time>
<extensions>
<tp1:TrackPointExtension>
<tp1:hr>132</tp1:hr>
</tp1:TrackPointExtension>
</extensions>
</trkpt>
<trkpt lat="57.69702318" lon="14.20198241">
<ele>246.6</ele>
<time>2025-07-21T08:36:43Z</time>
<extensions>
<tp1:TrackPointExtension>
<tp1:hr>128</tp1:hr>
</tp1:TrackPointExtension>
</extensions>
</trkpt>
<trkpt lat="57.69721337" lon="14.20181377">
<ele>246.3</ele>
<time>2025-07-21T08:36:48Z</time>
<extensions>
<tp1:TrackPointExtension>
<tp1:hr>127</tp1:hr>
</tp1:TrackPointExtension>
</extensions>
</trkpt>
<trkpt lat="57.69741445" lon="14.20164697">
<ele>246.3</ele>
<time>2025-07-21T08:36:53Z</time>
<extensions>
<tp1:TrackPointExtension>
<tp1:hr>129</tp1:hr>
</tp1:TrackPointExtension>
</extensions>
</trkpt>
<trkpt lat="57.69744948" lon="14.20161805">
<ele>246.3</ele>
<time>2025-07-21T08:36:54Z</time>
<extensions>
<tp1:TrackPointExtension>
<tp1:hr>131</tp1:hr>
</tp1:TrackPointExtension>
</extensions>
</trkpt>
<trkpt lat="57.69764059" lon="14.2015023">
<ele>246.3</ele>
<time>2025-07-21T08:36:59Z</time>
<extensions>
<tp1:TrackPointExtension>
<tp1:hr>131</tp1:hr>
</tp1:TrackPointExtension>
</extensions>
</trkpt>
<trkpt lat="57.69767286" lon="14.20148025">
<ele>246.3</ele>
<time>2025-07-21T08:37:00Z</time>
<extensions>
<tp1:TrackPointExtension>
<tp1:hr>132</tp1:hr>
</tp1:TrackPointExtension>
</extensions>
</trkpt>
<trkpt lat="57.69777864" lon="14.20151579">
<ele>246.3</ele>
<time>2025-07-21T08:37:04Z</time>
<extensions>
<tp1:TrackPointExtension>
<tp1:hr>132</tp1:hr>
</tp1:TrackPointExtension>
</extensions>
</trkpt>
<trkpt lat="57.69788224" lon="14.20167287">
<ele>246.3</ele>
<time>2025-07-21T08:37:08Z</time>
<extensions>
<tp1:TrackPointExtension>
<tp1:hr>132</tp1:hr>
</tp1:TrackPointExtension>
</extensions>
</trkpt>
<trkpt lat="57.69796841" lon="14.20182575">
<ele>246.5</ele>
<time>2025-07-21T08:37:11Z</time>
<extensions>
<tp1:TrackPointExtension>
<tp1:hr>133</tp1:hr>
</tp1:TrackPointExtension>
</extensions>
</trkpt>
<trkpt lat="57.69798676" lon="14.20187353">
<ele>246.5</ele>
<time>2025-07-21T08:37:12Z</time>
<extensions>
<tp1:TrackPointExtension>
<tp1:hr>134</tp1:hr>
</tp1:TrackPointExtension>
</extensions>
</trkpt>
<trkpt lat="57.69808886" lon="14.2021617">
<ele>246.5</ele>
<time>2025-07-21T08:37:16Z</time>
<extensions>
<tp1:TrackPointExtension>
<tp1:hr>133</tp1:hr>
</tp1:TrackPointExtension>
</extensions>
</trkpt>
<trkpt lat="57.69811643" lon="14.20222884">
<ele>246.5</ele>
<time>2025-07-21T08:37:17Z</time>
<extensions>
<tp1:TrackPointExtension>
<tp1:hr>133</tp1:hr>
</tp1:TrackPointExtension>
</extensions>
</trkpt>
<trkpt lat="57.6982259" lon="14.20243143">
<ele>246.7</ele>
<time>2025-07-21T08:37:21Z</time>
<extensions>
<tp1:TrackPointExtension>
<tp1:hr>133</tp1:hr>
</tp1:TrackPointExtension>
</extensions>
</trkpt>
<trkpt lat="57.69838264" lon="14.20251575">
<ele>246.9</ele>
<time>2025-07-21T08:37:25Z</time>
<extensions>
<tp1:TrackPointExtension>
<tp1:hr>133</tp1:hr>
</tp1:TrackPointExtension>
</extensions>
</trkpt>
<trkpt lat="57.69853503" lon="14.20258138">
<ele>247.0</ele>
<time>2025-07-21T08:37:30Z</time>
<extensions>
<tp1:TrackPointExtension>
<tp1:hr>134</tp1:hr>
</tp1:TrackPointExtension>
</extensions>
</trkpt>
<trkpt lat="57.69863041" lon="14.20261248">
<ele>247.0</ele>
<time>2025-07-21T08:37:34Z</time>
<extensions>
<tp1:TrackPointExtension>
<tp1:hr>134</tp1:hr>
</tp1:TrackPointExtension>
</extensions>
</trkpt>
<trkpt lat="57.69867794" lon="14.20262908">
<ele>247.2</ele>
<time>2025-07-21T08:37:36Z</time>
<extensions>
<tp1:TrackPointExtension>
<tp1:hr>137</tp1:hr>
</tp1:TrackPointExtension>
</extensions>
</trkpt>
<trkpt lat="57.69885287" lon="14.20269772">
<ele>247.6</ele>
<time>2025-07-21T08:37:42Z</time>
<extensions>
<tp1:TrackPointExtension>
<tp1:hr>135</tp1:hr>
</tp1:TrackPointExtension>
</extensions>
</trkpt>
<trkpt lat="57.69893861" lon="14.20274944">
<ele>248.0</ele>
<time>2025-07-21T08:37:46Z</time>
<extensions>
<tp1:TrackPointExtension>
<tp1:hr>133</tp1:hr>
</tp1:TrackPointExtension>
</extensions>
</trkpt>
<trkpt lat="57.69899276" lon="14.20279194">
<ele>248.0</ele>
<time>2025-07-21T08:37:48Z</time>
<extensions>
<tp1:TrackPointExtension>
<tp1:hr>130</tp1:hr>
</tp1:TrackPointExtension>
</extensions>
</trkpt>
<trkpt lat="57.69915118" lon="14.20298656">
<ele>248.8</ele>
<time>2025-07-21T08:37:54Z</time>
<extensions>
<tp1:TrackPointExtension>
<tp1:hr>130</tp1:hr>
</tp1:TrackPointExtension>
</extensions>
</trkpt>
<trkpt lat="57.69921471" lon="14.20306586">
<ele>249.0</ele>
<time>2025-07-21T08:37:56Z</time>
<extensions>
<tp1:TrackPointExtension>
<tp1:hr>127</tp1:hr>
</tp1:TrackPointExtension>
</extensions>
</trkpt>
<trkpt lat="57.69930214" lon="14.20321472">
<ele>249.2</ele>
<time>2025-07-21T08:37:59Z</time>
<extensions>
<tp1:TrackPointExtension>
<tp1:hr>130</tp1:hr>
</tp1:TrackPointExtension>
</extensions>
</trkpt>
<trkpt lat="57.69933642" lon="14.20327054">
<ele>249.4</ele>
<time>2025-07-21T08:38:00Z</time>
<extensions>
<tp1:TrackPointExtension>
<tp1:hr>129</tp1:hr>
</tp1:TrackPointExtension>
</extensions>
</trkpt>
<trkpt lat="57.69943398" lon="14.20355896">
<ele>250.0</ele>
<time>2025-07-21T08:38:05Z</time>
<extensions>
<tp1:TrackPointExtension>
<tp1:hr>131</tp1:hr>
</tp1:TrackPointExtension>
</extensions>
</trkpt>
<trkpt lat="57.6994562" lon="14.20361714">
<ele>250.0</ele>
<time>2025-07-21T08:38:06Z</time>
<extensions>
<tp1:TrackPointExtension>
<tp1:hr>131</tp1:hr>
</tp1:TrackPointExtension>
</extensions>
</trkpt>
<trkpt lat="57.69953063" lon="14.2038608">
<ele>250.3</ele>
<time>2025-07-21T08:38:10Z</time>
<extensions>
<tp1:TrackPointExtension>
<tp1:hr>131</tp1:hr>
</tp1:TrackPointExtension>
</extensions>
</trkpt>
<trkpt lat="57.69957363" lon="14.20418576">
<ele>250.7</ele>
<time>2025-07-21T08:38:14Z</time>
<extensions>
<tp1:TrackPointExtension>
<tp1:hr>132</tp1:hr>
</tp1:TrackPointExtension>
</extensions>
</trkpt>
<trkpt lat="57.69957212" lon="14.20427755">
<ele>250.9</ele>
<time>2025-07-21T08:38:15Z</time>
<extensions>
<tp1:TrackPointExtension>
<tp1:hr>132</tp1:hr>
</tp1:TrackPointExtension>
</extensions>
</trkpt>
<trkpt lat="57.69956985" lon="14.20437369">
<ele>250.9</ele>
<time>2025-07-21T08:38:16Z</time>
<extensions>
<tp1:TrackPointExtension>
<tp1:hr>132</tp1:hr>
</tp1:TrackPointExtension>
</extensions>
</trkpt>
<trkpt lat="57.69949945" lon="14.20473394">
<ele>251.3</ele>
<time>2025-07-21T08:38:20Z</time>
<extensions>
<tp1:TrackPointExtension>
<tp1:hr>133</tp1:hr>
</tp1:TrackPointExtension>
</extensions>
</trkpt>
<trkpt lat="57.69945125" lon="14.20514055">
<ele>251.5</ele>
<time>2025-07-21T08:38:24Z</time>
<extensions>
<tp1:TrackPointExtension>
<tp1:hr>135</tp1:hr>
</tp1:TrackPointExtension>
</extensions>
</trkpt>
<trkpt lat="57.69943968" lon="14.20523828">
<ele>251.5</ele>
<time>2025-07-21T08:38:25Z</time>
<extensions>
<tp1:TrackPointExtension>
<tp1:hr>137</tp1:hr>
</tp1:TrackPointExtension>
</extensions>
</trkpt>
<trkpt lat="57.69940549" lon="14.20553248">
<ele>251.7</ele>
<time>2025-07-21T08:38:28Z</time>
<extensions>
<tp1:TrackPointExtension>
<tp1:hr>137</tp1:hr>
</tp1:TrackPointExtension>
</extensions>
</trkpt>
<trkpt lat="57.69942694" lon="14.20571337">
<ele>251.9</ele>
<time>2025-07-21T08:38:30Z</time>
<extensions>
<tp1:TrackPointExtension>
<tp1:hr>136</tp1:hr>
</tp1:TrackPointExtension>
</extensions>
</trkpt>
<trkpt lat="57.6994738" lon="14.20586256">
<ele>251.9</ele>
<time>2025-07-21T08:38:32Z</time>
<extensions>
<tp1:TrackPointExtension>
<tp1:hr>137</tp1:hr>
</tp1:TrackPointExtension>
</extensions>
</trkpt>
<trkpt lat="57.69950179" lon="14.20592953">
<ele>252.1</ele>
<time>2025-07-21T08:38:33Z</time>
<extensions>
<tp1:TrackPointExtension>
<tp1:hr>138</tp1:hr>
</tp1:TrackPointExtension>
</extensions>
</trkpt>
<trkpt lat="57.69953046" lon="14.20599123">
<ele>252.1</ele>
<time>2025-07-21T08:38:34Z</time>
<extensions>
<tp1:TrackPointExtension>
<tp1:hr>137</tp1:hr>
</tp1:TrackPointExtension>
</extensions>
</trkpt>
<trkpt lat="57.69955561" lon="14.20605367">
<ele>252.1</ele>
<time>2025-07-21T08:38:35Z</time>
<extensions>
<tp1:TrackPointExtension>
<tp1:hr>138</tp1:hr>
</tp1:TrackPointExtension>
</extensions>
</trkpt>
<trkpt lat="57.6996432" lon="14.20629549">
<ele>252.3</ele>
<time>2025-07-21T08:38:39Z</time>
<extensions>
<tp1:TrackPointExtension>
<tp1:hr>137</tp1:hr>
</tp1:TrackPointExtension>
</extensions>
</trkpt>
<trkpt lat="57.69967312" lon="14.20634092">
<ele>252.3</ele>
<time>2025-07-21T08:38:40Z</time>
<extensions>
<tp1:TrackPointExtension>
<tp1:hr>136</tp1:hr>
</tp1:TrackPointExtension>
</extensions>
</trkpt>
<trkpt lat="57.69980178" lon="14.20660512">
<ele>252.7</ele>
<time>2025-07-21T08:38:45Z</time>
<extensions>
<tp1:TrackPointExtension>
<tp1:hr>136</tp1:hr>
</tp1:TrackPointExtension>
</extensions>
</trkpt>
<trkpt lat="57.69981947" lon="14.2066684">
<ele>252.7</ele>
<time>2025-07-21T08:38:46Z</time>
<extensions>
<tp1:TrackPointExtension>
<tp1:hr>135</tp1:hr>
</tp1:TrackPointExtension>
</extensions>
</trkpt>
<trkpt lat="57.6998592" lon="14.20687728">
<ele>252.8</ele>
<time>2025-07-21T08:38:49Z</time>
<extensions>
<tp1:TrackPointExtension>
<tp1:hr>135</tp1:hr>
</tp1:TrackPointExtension>
</extensions>
</trkpt>
<trkpt lat="57.69986808" lon="14.20696084">
<ele>252.8</ele>
<time>2025-07-21T08:38:50Z</time>
<extensions>
<tp1:TrackPointExtension>
<tp1:hr>136</tp1:hr>
</tp1:TrackPointExtension>
</extensions>
</trkpt>
<trkpt lat="57.69986339" lon="14.20702974">
<ele>252.8</ele>
<time>2025-07-21T08:38:51Z</time>
<extensions>
<tp1:TrackPointExtension>
<tp1:hr>134</tp1:hr>
</tp1:TrackPointExtension>
</extensions>
</trkpt>
<trkpt lat="57.699868" lon="14.20710426">
<ele>253.0</ele>
<time>2025-07-21T08:38:52Z</time>
<extensions>
<tp1:TrackPointExtension>
<tp1:hr>132</tp1:hr>
</tp1:TrackPointExtension>
</extensions>
</trkpt>
<trkpt lat="57.69987554" lon="14.20717366">
<ele>253.0</ele>
<time>2025-07-21T08:38:53Z</time>
<extensions>
<tp1:TrackPointExtension>
<tp1:hr>131</tp1:hr>
</tp1:TrackPointExtension>
</extensions>
</trkpt>
<trkpt lat="57.69990731" lon="14.20737927">
<ele>253.0</ele>
<time>2025-07-21T08:38:56Z</time>
<extensions>
<tp1:TrackPointExtension>
<tp1:hr>127</tp1:hr>
</tp1:TrackPointExtension>
</extensions>
</trkpt>
<trkpt lat="57.69994386" lon="14.20756929">
<ele>253.2</ele>
<time>2025-07-21T08:38:59Z</time>
<extensions>
<tp1:TrackPointExtension>
<tp1:hr>126</tp1:hr>
</tp1:TrackPointExtension>
</extensions>
</trkpt>
<trkpt lat="57.70001083" lon="14.20789442">
<ele>253.2</ele>
<time>2025-07-21T08:39:04Z</time>
<extensions>
<tp1:TrackPointExtension>
<tp1:hr>127</tp1:hr>
</tp1:TrackPointExtension>
</extensions>
</trkpt>
<trkpt lat="57.70001703" lon="14.2079764">
<ele>253.2</ele>
<time>2025-07-21T08:39:05Z</time>
<extensions>
<tp1:TrackPointExtension>
<tp1:hr>132</tp1:hr>
</tp1:TrackPointExtension>
</extensions>
</trkpt>
<trkpt lat="57.70004637" lon="14.20823707">
<ele>253.0</ele>
<time>2025-07-21T08:39:09Z</time>
<extensions>
<tp1:TrackPointExtension>
<tp1:hr>129</tp1:hr>
</tp1:TrackPointExtension>
</extensions>
</trkpt>
<trkpt lat="57.70006506" lon="14.20850026">
<ele>252.8</ele>
<time>2025-07-21T08:39:14Z</time>
<extensions>
<tp1:TrackPointExtension>
<tp1:hr>128</tp1:hr>
</tp1:TrackPointExtension>
</extensions>
</trkpt>
<trkpt lat="57.70007377" lon="14.20855651">
<ele>252.8</ele>
<time>2025-07-21T08:39:15Z</time>
<extensions>
<tp1:TrackPointExtension>
<tp1:hr>129</tp1:hr>
</tp1:TrackPointExtension>
</extensions>
</trkpt>
<trkpt lat="57.70009993" lon="14.20880059">
<ele>252.2</ele>
<time>2025-07-21T08:39:20Z</time>
<extensions>
<tp1:TrackPointExtension>
<tp1:hr>128</tp1:hr>
</tp1:TrackPointExtension>
</extensions>
</trkpt>
<trkpt lat="57.7001089" lon="14.20883646">
<ele>252.2</ele>
<time>2025-07-21T08:39:21Z</time>
<extensions>
<tp1:TrackPointExtension>
<tp1:hr>128</tp1:hr>
</tp1:TrackPointExtension>
</extensions>
</trkpt>
<trkpt lat="57.70010554" lon="14.20895373">
<ele>251.8</ele>
<time>2025-07-21T08:39:24Z</time>
<extensions>
<tp1:TrackPointExtension>
<tp1:hr>128</tp1:hr>
</tp1:TrackPointExtension>
</extensions>
</trkpt>
<trkpt lat="57.70011099" lon="14.20899362">
<ele>251.8</ele>
<time>2025-07-21T08:39:25Z</time>
<extensions>
<tp1:TrackPointExtension>
<tp1:hr>127</tp1:hr>
</tp1:TrackPointExtension>
</extensions>
</trkpt>
<trkpt lat="57.70010998" lon="14.20912472">
<ele>251.1</ele>
<time>2025-07-21T08:39:29Z</time>
<extensions>
<tp1:TrackPointExtension>
<tp1:hr>130</tp1:hr>
</tp1:TrackPointExtension>
</extensions>
</trkpt>
<trkpt lat="57.70011351" lon="14.20914835">
<ele>250.9</ele>
<time>2025-07-21T08:39:30Z</time>
<extensions>
<tp1:TrackPointExtension>
<tp1:hr>130</tp1:hr>
</tp1:TrackPointExtension>
</extensions>
</trkpt>
<trkpt lat="57.70011845" lon="14.20920384">
<ele>250.7</ele>
<time>2025-07-21T08:39:32Z</time>
<extensions>
<tp1:TrackPointExtension>
<tp1:hr>129</tp1:hr>
</tp1:TrackPointExtension>
</extensions>
</trkpt>
<trkpt lat="57.70013069" lon="14.20931532">
<ele>250.1</ele>
<time>2025-07-21T08:39:36Z</time>
<extensions>
<tp1:TrackPointExtension>
<tp1:hr>130</tp1:hr>
</tp1:TrackPointExtension>
</extensions>
</trkpt>
<trkpt lat="57.70012365" lon="14.20941825">
<ele>249.7</ele>
<time>2025-07-21T08:39:39Z</time>
<extensions>
<tp1:TrackPointExtension>
<tp1:hr>131</tp1:hr>
</tp1:TrackPointExtension>
</extensions>
</trkpt>
<trkpt lat="57.70012935" lon="14.20945203">
<ele>249.5</ele>
<time>2025-07-21T08:39:40Z</time>
<extensions>
<tp1:TrackPointExtension>
<tp1:hr>130</tp1:hr>
</tp1:TrackPointExtension>
</extensions>
</trkpt>
<trkpt lat="57.70012558" lon="14.20968379">
<ele>248.5</ele>
<time>2025-07-21T08:39:46Z</time>
<extensions>
<tp1:TrackPointExtension>
<tp1:hr>129</tp1:hr>
</tp1:TrackPointExtension>
</extensions>
</trkpt>
<trkpt lat="57.70013186" lon="14.20972813">
<ele>248.3</ele>
<time>2025-07-21T08:39:47Z</time>
<extensions>
<tp1:TrackPointExtension>
<tp1:hr>129</tp1:hr>
</tp1:TrackPointExtension>
</extensions>
</trkpt>
<trkpt lat="57.70014536" lon="14.20991546">
<ele>247.3</ele>
<time>2025-07-21T08:39:51Z</time>
<extensions>
<tp1:TrackPointExtension>
<tp1:hr>129</tp1:hr>
</tp1:TrackPointExtension>
</extensions>
</trkpt>
<trkpt lat="57.7001669" lon="14.21017136">
<ele>246.3</ele>
<time>2025-07-21T08:39:56Z</time>
<extensions>
<tp1:TrackPointExtension>
<tp1:hr>129</tp1:hr>
</tp1:TrackPointExtension>
</extensions>
</trkpt>
<trkpt lat="57.70017922" lon="14.21030112">
<ele>245.7</ele>
<time>2025-07-21T08:39:59Z</time>
<extensions>
<tp1:TrackPointExtension>
<tp1:hr>132</tp1:hr>
</tp1:TrackPointExtension>
</extensions>
</trkpt>
<trkpt lat="57.70017763" lon="14.21037253">
<ele>245.3</ele>
<time>2025-07-21T08:40:01Z</time>
<extensions>
<tp1:TrackPointExtension>
<tp1:hr>134</tp1:hr>
</tp1:TrackPointExtension>
</extensions>
</trkpt>
<trkpt lat="57.70018048" lon="14.21040279">
<ele>245.1</ele>
<time>2025-07-21T08:40:02Z</time>
<extensions>
<tp1:TrackPointExtension>
<tp1:hr>133</tp1:hr>
</tp1:TrackPointExtension>
</extensions>
</trkpt>
<trkpt lat="57.70017394" lon="14.21044839">
<ele>244.7</ele>
<time>2025-07-21T08:40:04Z</time>
<extensions>
<tp1:TrackPointExtension>
<tp1:hr>133</tp1:hr>
</tp1:TrackPointExtension>
</extensions>
</trkpt>
<trkpt lat="57.70017997" lon="14.21049859">
<ele>244.3</ele>
<time>2025-07-21T08:40:06Z</time>
<extensions>
<tp1:TrackPointExtension>
<tp1:hr>133</tp1:hr>
</tp1:TrackPointExtension>
</extensions>
</trkpt>
<trkpt lat="57.70019649" lon="14.21055232">
<ele>244.1</ele>
<time>2025-07-21T08:40:08Z</time>
<extensions>
<tp1:TrackPointExtension>
<tp1:hr>133</tp1:hr>
</tp1:TrackPointExtension>
</extensions>
</trkpt>
<trkpt lat="57.70020001" lon="14.21058686">
<ele>243.9</ele>
<time>2025-07-21T08:40:09Z</time>
<extensions>
<tp1:TrackPointExtension>
<tp1:hr>133</tp1:hr>
</tp1:TrackPointExtension>
</extensions>
</trkpt>
<trkpt lat="57.70020051" lon="14.21067386">
<ele>243.4</ele>
<time>2025-07-21T08:40:11Z</time>
<extensions>
<tp1:TrackPointExtension>
<tp1:hr>132</tp1:hr>
</tp1:TrackPointExtension>
</extensions>
</trkpt>
<trkpt lat="57.7002254" lon="14.2108125">
<ele>243.0</ele>
<time>2025-07-21T08:40:14Z</time>
<extensions>
<tp1:TrackPointExtension>
<tp1:hr>133</tp1:hr>
</tp1:TrackPointExtension>
</extensions>
</trkpt>
<trkpt lat="57.70025801" lon="14.21090084">
<ele>242.6</ele>
<time>2025-07-21T08:40:16Z</time>
<extensions>
<tp1:TrackPointExtension>
<tp1:hr>134</tp1:hr>
</tp1:TrackPointExtension>
</extensions>
</trkpt>
<trkpt lat="57.70035641" lon="14.21112053">
<ele>241.8</ele>
<time>2025-07-21T08:40:21Z</time>
<extensions>
<tp1:TrackPointExtension>
<tp1:hr>135</tp1:hr>
</tp1:TrackPointExtension>
</extensions>
</trkpt>
<trkpt lat="57.70049907" lon="14.21117744">
<ele>241.2</ele>
<time>2025-07-21T08:40:25Z</time>
<extensions>
<tp1:TrackPointExtension>
<tp1:hr>136</tp1:hr>
</tp1:TrackPointExtension>
</extensions>
</trkpt>
<trkpt lat="57.70066872" lon="14.21119689">
<ele>240.8</ele>
<time>2025-07-21T08:40:29Z</time>
<extensions>
<tp1:TrackPointExtension>
<tp1:hr>136</tp1:hr>
</tp1:TrackPointExtension>
</extensions>
</trkpt>
<trkpt lat="57.70071591" lon="14.21119412">
<ele>240.6</ele>
<time>2025-07-21T08:40:30Z</time>
<extensions>
<tp1:TrackPointExtension>
<tp1:hr>134</tp1:hr>
</tp1:TrackPointExtension>
</extensions>
</trkpt>
<trkpt lat="57.70091062" lon="14.21120577">
<ele>240.0</ele>
<time>2025-07-21T08:40:34Z</time>
<extensions>
<tp1:TrackPointExtension>
<tp1:hr>135</tp1:hr>
</tp1:TrackPointExtension>
</extensions>
</trkpt>
<trkpt lat="57.70100576" lon="14.2112326">
<ele>239.8</ele>
<time>2025-07-21T08:40:36Z</time>
<extensions>
<tp1:TrackPointExtension>
<tp1:hr>135</tp1:hr>
</tp1:TrackPointExtension>
</extensions>
</trkpt>
<trkpt lat="57.70103174" lon="14.21132119">
<ele>239.6</ele>
<time>2025-07-21T08:40:37Z</time>
<extensions>
<tp1:TrackPointExtension>
<tp1:hr>134</tp1:hr>
</tp1:TrackPointExtension>
</extensions>
</trkpt>
<trkpt lat="57.70106611" lon="14.21145421">
<ele>239.4</ele>
<time>2025-07-21T08:40:39Z</time>
<extensions>
<tp1:TrackPointExtension>
<tp1:hr>134</tp1:hr>
</tp1:TrackPointExtension>
</extensions>
</trkpt>
<trkpt lat="57.70102579" lon="14.21175512">
<ele>239.0</ele>
<time>2025-07-21T08:40:43Z</time>
<extensions>
<tp1:TrackPointExtension>
<tp1:hr>136</tp1:hr>
</tp1:TrackPointExtension>
</extensions>
</trkpt>
<trkpt lat="57.70094801" lon="14.21193944">
<ele>238.6</ele>
<time>2025-07-21T08:40:46Z</time>
<extensions>
<tp1:TrackPointExtension>
<tp1:hr>135</tp1:hr>
</tp1:TrackPointExtension>
</extensions>
</trkpt>
<trkpt lat="57.70092085" lon="14.21199007">
<ele>238.6</ele>
<time>2025-07-21T08:40:47Z</time>
<extensions>
<tp1:TrackPointExtension>
<tp1:hr>136</tp1:hr>
</tp1:TrackPointExtension>
</extensions>
</trkpt>
<trkpt lat="57.70081088" lon="14.21225184">
<ele>237.9</ele>
<time>2025-07-21T08:40:52Z</time>
<extensions>
<tp1:TrackPointExtension>
<tp1:hr>136</tp1:hr>
</tp1:TrackPointExtension>
</extensions>
</trkpt>
<trkpt lat="57.70073947" lon="14.21240631">
<ele>237.5</ele>
<time>2025-07-21T08:40:56Z</time>
<extensions>
<tp1:TrackPointExtension>
<tp1:hr>135</tp1:hr>
</tp1:TrackPointExtension>
</extensions>
</trkpt>
<trkpt lat="57.70067384" lon="14.21254822">
<ele>237.1</ele>
<time>2025-07-21T08:40:59Z</time>
<extensions>
<tp1:TrackPointExtension>
<tp1:hr>136</tp1:hr>
</tp1:TrackPointExtension>
</extensions>
</trkpt>
<trkpt lat="57.70054056" lon="14.21277596">
<ele>236.7</ele>
<time>2025-07-21T08:41:03Z</time>
<extensions>
<tp1:TrackPointExtension>
<tp1:hr>134</tp1:hr>
</tp1:TrackPointExtension>
</extensions>
</trkpt>
<trkpt lat="57.70047049" lon="14.21287067">
<ele>236.7</ele>
<time>2025-07-21T08:41:05Z</time>
<extensions>
<tp1:TrackPointExtension>
<tp1:hr>135</tp1:hr>
</tp1:TrackPointExtension>
</extensions>
</trkpt>
<trkpt lat="57.70040679" lon="14.21297017">
<ele>236.3</ele>
<time>2025-07-21T08:41:06Z</time>
<extensions>
<tp1:TrackPointExtension>
<tp1:hr>134</tp1:hr>
</tp1:TrackPointExtension>
</extensions>
</trkpt>
<trkpt lat="57.70030822" lon="14.21313822">
<ele>236.1</ele>
<time>2025-07-21T08:41:10Z</time>
<extensions>
<tp1:TrackPointExtension>
<tp1:hr>136</tp1:hr>
</tp1:TrackPointExtension>
</extensions>
</trkpt>
<trkpt lat="57.70017226" lon="14.21335833">
<ele>235.7</ele>
<time>2025-07-21T08:41:14Z</time>
<extensions>
<tp1:TrackPointExtension>
<tp1:hr>138</tp1:hr>
</tp1:TrackPointExtension>
</extensions>
</trkpt>
<trkpt lat="57.70006347" lon="14.21351692">
<ele>235.5</ele>
<time>2025-07-21T08:41:17Z</time>
<extensions>
<tp1:TrackPointExtension>
<tp1:hr>135</tp1:hr>
</tp1:TrackPointExtension>
</extensions>
</trkpt>
<trkpt lat="57.69999926" lon="14.21359763">
<ele>235.3</ele>
<time>2025-07-21T08:41:19Z</time>
<extensions>
<tp1:TrackPointExtension>
<tp1:hr>137</tp1:hr>
</tp1:TrackPointExtension>
</extensions>
</trkpt>
<trkpt lat="57.69996808" lon="14.21363762">
<ele>235.3</ele>
<time>2025-07-21T08:41:20Z</time>
<extensions>
<tp1:TrackPointExtension>
<tp1:hr>137</tp1:hr>
</tp1:TrackPointExtension>
</extensions>
</trkpt>
<trkpt lat="57.6998245" lon="14.21384959">
<ele>234.9</ele>
<time>2025-07-21T08:41:25Z</time>
<extensions>
<tp1:TrackPointExtension>
<tp1:hr>137</tp1:hr>
</tp1:TrackPointExtension>
</extensions>
</trkpt>
<trkpt lat="57.69979491" lon="14.21391145">
<ele>234.7</ele>
<time>2025-07-21T08:41:26Z</time>
<extensions>
<tp1:TrackPointExtension>
<tp1:hr>136</tp1:hr>
</tp1:TrackPointExtension>
</extensions>
</trkpt>
<trkpt lat="57.69972919" lon="14.21405336">
<ele>234.5</ele>
<time>2025-07-21T08:41:29Z</time>
<extensions>
<tp1:TrackPointExtension>
<tp1:hr>137</tp1:hr>
</tp1:TrackPointExtension>
</extensions>
</trkpt>
<trkpt lat="57.6997245" lon="14.21420432">
<ele>234.5</ele>
<time>2025-07-21T08:41:31Z</time>
<extensions>
<tp1:TrackPointExtension>
<tp1:hr>137</tp1:hr>
</tp1:TrackPointExtension>
</extensions>
</trkpt>
<trkpt lat="57.69972735" lon="14.21427439">
<ele>234.3</ele>
<time>2025-07-21T08:41:32Z</time>
<extensions>
<tp1:TrackPointExtension>
<tp1:hr>137</tp1:hr>
</tp1:TrackPointExtension>
</extensions>
</trkpt>
<trkpt lat="57.69974194" lon="14.21439098">
<ele>234.0</ele>
<time>2025-07-21T08:41:34Z</time>
<extensions>
<tp1:TrackPointExtension>
<tp1:hr>136</tp1:hr>
</tp1:TrackPointExtension>
</extensions>
</trkpt>
<trkpt lat="57.69975241" lon="14.21444018">
<ele>234.0</ele>
<time>2025-07-21T08:41:35Z</time>
<extensions>
<tp1:TrackPointExtension>
<tp1:hr>136</tp1:hr>
</tp1:TrackPointExtension>
</extensions>
</trkpt>
<trkpt lat="57.69978661" lon="14.21461855">
<ele>233.8</ele>
<time>2025-07-21T08:41:39Z</time>
<extensions>
<tp1:TrackPointExtension>
<tp1:hr>135</tp1:hr>
</tp1:TrackPointExtension>
</extensions>
</trkpt>
<trkpt lat="57.69980027" lon="14.21462744">
<ele>233.6</ele>
<time>2025-07-21T08:41:40Z</time>
<extensions>
<tp1:TrackPointExtension>
<tp1:hr>136</tp1:hr>
</tp1:TrackPointExtension>
</extensions>
</trkpt>
<trkpt lat="57.69986381" lon="14.21463506">
<ele>233.4</ele>
<time>2025-07-21T08:41:45Z</time>
<extensions>
<tp1:TrackPointExtension>
<tp1:hr>136</tp1:hr>
</tp1:TrackPointExtension>
</extensions>
</trkpt>
<trkpt lat="57.69986389" lon="14.21465434">
<ele>233.2</ele>
<time>2025-07-21T08:41:46Z</time>
<extensions>
<tp1:TrackPointExtension>
<tp1:hr>137</tp1:hr>
</tp1:TrackPointExtension>
</extensions>
</trkpt>
<trkpt lat="57.69985962" lon="14.21469131">
<ele>233.2</ele>
<time>2025-07-21T08:41:47Z</time>
<extensions>
<tp1:TrackPointExtension>
<tp1:hr>137</tp1:hr>
</tp1:TrackPointExtension>
</extensions>
</trkpt>
<trkpt lat="57.69985325" lon="14.21474403">
<ele>233.2</ele>
<time>2025-07-21T08:41:48Z</time>
<extensions>
<tp1:TrackPointExtension>
<tp1:hr>136</tp1:hr>
</tp1:TrackPointExtension>
</extensions>
</trkpt>
<trkpt lat="57.69982936" lon="14.21504879">
<ele>232.8</ele>
<time>2025-07-21T08:41:53Z</time>
<extensions>
<tp1:TrackPointExtension>
<tp1:hr>138</tp1:hr>
</tp1:TrackPointExtension>
</extensions>
</trkpt>
<trkpt lat="57.69978276" lon="14.21537627">
<ele>232.6</ele>
<time>2025-07-21T08:41:58Z</time>
<extensions>
<tp1:TrackPointExtension>
<tp1:hr>137</tp1:hr>
</tp1:TrackPointExtension>
</extensions>
</trkpt>
<trkpt lat="57.69977001" lon="14.21543084">
<ele>232.4</ele>
<time>2025-07-21T08:41:59Z</time>
<extensions>
<tp1:TrackPointExtension>
<tp1:hr>138</tp1:hr>
</tp1:TrackPointExtension>
</extensions>
</trkpt>
<trkpt lat="57.69975903" lon="14.21554031">
<ele>232.4</ele>
<time>2025-07-21T08:42:01Z</time>
<extensions>
<tp1:TrackPointExtension>
<tp1:hr>141</tp1:hr>
</tp1:TrackPointExtension>
</extensions>
</trkpt>
<trkpt lat="57.69975686" lon="14.21568959">
<ele>232.2</ele>
<time>2025-07-21T08:42:04Z</time>
<extensions>
<tp1:TrackPointExtension>
<tp1:hr>140</tp1:hr>
</tp1:TrackPointExtension>
</extensions>
</trkpt>
<trkpt lat="57.6997582" lon="14.21574106">
<ele>232.2</ele>
<time>2025-07-21T08:42:05Z</time>
<extensions>
<tp1:TrackPointExtension>
<tp1:hr>139</tp1:hr>
</tp1:TrackPointExtension>
</extensions>
</trkpt>
<trkpt lat="57.699768" lon="14.21579705">
<ele>232.2</ele>
<time>2025-07-21T08:42:06Z</time>
<extensions>
<tp1:TrackPointExtension>
<tp1:hr>138</tp1:hr>
</tp1:TrackPointExtension>
</extensions>
</trkpt>
<trkpt lat="57.69981176" lon="14.21590869">
<ele>232.0</ele>
<time>2025-07-21T08:42:08Z</time>
<extensions>
<tp1:TrackPointExtension>
<tp1:hr>138</tp1:hr>
</tp1:TrackPointExtension>
</extensions>
</trkpt>
<trkpt lat="57.69995425" lon="14.21621405">
<ele>231.6</ele>
<time>2025-07-21T08:42:13Z</time>
<extensions>
<tp1:TrackPointExtension>
<tp1:hr>139</tp1:hr>
</tp1:TrackPointExtension>
</extensions>
</trkpt>
<trkpt lat="57.7000488" lon="14.21639057">
<ele>231.3</ele>
<time>2025-07-21T08:42:16Z</time>
<extensions>
<tp1:TrackPointExtension>
<tp1:hr>134</tp1:hr>
</tp1:TrackPointExtension>
</extensions>
</trkpt>
<trkpt lat="57.70007755" lon="14.21644849">
<ele>231.3</ele>
<time>2025-07-21T08:42:17Z</time>
<extensions>
<tp1:TrackPointExtension>
<tp1:hr>135</tp1:hr>
</tp1:TrackPointExtension>
</extensions>
</trkpt>
<trkpt lat="57.70010353" lon="14.21650993">
<ele>231.3</ele>
<time>2025-07-21T08:42:18Z</time>
<extensions>
<tp1:TrackPointExtension>
<tp1:hr>135</tp1:hr>
</tp1:TrackPointExtension>
</extensions>
</trkpt>
<trkpt lat="57.70022079" lon="14.2167696">
<ele>231.1</ele>
<time>2025-07-21T08:42:22Z</time>
<extensions>
<tp1:TrackPointExtension>
<tp1:hr>134</tp1:hr>
</tp1:TrackPointExtension>
</extensions>
</trkpt>
<trkpt lat="57.70025876" lon="14.21684244">
<ele>231.1</ele>
<time>2025-07-21T08:42:23Z</time>
<extensions>
<tp1:TrackPointExtension>
<tp1:hr>135</tp1:hr>
</tp1:TrackPointExtension>
</extensions>
</trkpt>
<trkpt lat="57.7003233" lon="14.21697194">
<ele>230.9</ele>
<time>2025-07-21T08:42:25Z</time>
<extensions>
<tp1:TrackPointExtension>
<tp1:hr>136</tp1:hr>
</tp1:TrackPointExtension>
</extensions>
</trkpt>
<trkpt lat="57.70035692" lon="14.21703422">
<ele>230.9</ele>
<time>2025-07-21T08:42:26Z</time>
<extensions>
<tp1:TrackPointExtension>
<tp1:hr>138</tp1:hr>
</tp1:TrackPointExtension>
</extensions>
</trkpt>
<trkpt lat="57.7004197" lon="14.21714921">
<ele>230.7</ele>
<time>2025-07-21T08:42:28Z</time>
<extensions>
<tp1:TrackPointExtension>
<tp1:hr>141</tp1:hr>
</tp1:TrackPointExtension>
</extensions>
</trkpt>
<trkpt lat="57.70047778" lon="14.21724946">
<ele>230.7</ele>
<time>2025-07-21T08:42:30Z</time>
<extensions>
<tp1:TrackPointExtension>
<tp1:hr>147</tp1:hr>
</tp1:TrackPointExtension>
</extensions>
</trkpt>
<trkpt lat="57.70053218" lon="14.21735298">
<ele>230.5</ele>
<time>2025-07-21T08:42:32Z</time>
<extensions>
<tp1:TrackPointExtension>
<tp1:hr>151</tp1:hr>
</tp1:TrackPointExtension>
</extensions>
</trkpt>
<trkpt lat="57.70058641" lon="14.21746605">
<ele>230.5</ele>
<time>2025-07-21T08:42:33Z</time>
<extensions>
<tp1:TrackPointExtension>
<tp1:hr>158</tp1:hr>
</tp1:TrackPointExtension>
</extensions>
</trkpt>
<trkpt lat="57.70058641" lon="14.21746605">
<ele>230.5</ele>
<time>2025-07-21T08:42:34Z</time>
<extensions>
<tp1:TrackPointExtension>
<tp1:hr>158</tp1:hr>
</tp1:TrackPointExtension>
</extensions>
</trkpt>
<trkpt lat="57.70066713" lon="14.21767158">
<ele>230.3</ele>
<time>2025-07-21T08:42:37Z</time>
<extensions>
<tp1:TrackPointExtension>
<tp1:hr>161</tp1:hr>
</tp1:TrackPointExtension>
</extensions>
</trkpt>
<trkpt lat="57.70076176" lon="14.21798053">
<ele>230.3</ele>
<time>2025-07-21T08:42:41Z</time>
<extensions>
<tp1:TrackPointExtension>
<tp1:hr>163</tp1:hr>
</tp1:TrackPointExtension>
</extensions>
</trkpt>
<trkpt lat="57.70081557" lon="14.21813258">
<ele>230.1</ele>
<time>2025-07-21T08:42:43Z</time>
<extensions>
<tp1:TrackPointExtension>
<tp1:hr>163</tp1:hr>
</tp1:TrackPointExtension>
</extensions>
</trkpt>
<trkpt lat="57.70087483" lon="14.2182604">
<ele>230.1</ele>
<time>2025-07-21T08:42:45Z</time>
<extensions>
<tp1:TrackPointExtension>
<tp1:hr>163</tp1:hr>
</tp1:TrackPointExtension>
</extensions>
</trkpt>
<trkpt lat="57.7009092" lon="14.21831992">
<ele>230.1</ele>
<time>2025-07-21T08:42:46Z</time>
<extensions>
<tp1:TrackPointExtension>
<tp1:hr>164</tp1:hr>
</tp1:TrackPointExtension>
</extensions>
</trkpt>
<trkpt lat="57.70094658" lon="14.21837104">
<ele>230.1</ele>
<time>2025-07-21T08:42:47Z</time>
<extensions>
<tp1:TrackPointExtension>
<tp1:hr>164</tp1:hr>
</tp1:TrackPointExtension>
</extensions>
</trkpt>
<trkpt lat="57.70101246" lon="14.2184759">
<ele>229.9</ele>
<time>2025-07-21T08:42:49Z</time>
<extensions>
<tp1:TrackPointExtension>
<tp1:hr>164</tp1:hr>
</tp1:TrackPointExtension>
</extensions>
</trkpt>
<trkpt lat="57.70106686" lon="14.21857808">
<ele>229.9</ele>
<time>2025-07-21T08:42:51Z</time>
<extensions>
<tp1:TrackPointExtension>
<tp1:hr>164</tp1:hr>
</tp1:TrackPointExtension>
</extensions>
</trkpt>
<trkpt lat="57.70110852" lon="14.21870682">
<ele>229.9</ele>
<time>2025-07-21T08:42:53Z</time>
<extensions>
<tp1:TrackPointExtension>
<tp1:hr>165</tp1:hr>
</tp1:TrackPointExtension>
</extensions>
</trkpt>
<trkpt lat="57.70111565" lon="14.21878176">
<ele>229.7</ele>
<time>2025-07-21T08:42:54Z</time>
<extensions>
<tp1:TrackPointExtension>
<tp1:hr>164</tp1:hr>
</tp1:TrackPointExtension>
</extensions>
</trkpt>
<trkpt lat="57.70111204" lon="14.21886491">
<ele>229.6</ele>
<time>2025-07-21T08:42:55Z</time>
<extensions>
<tp1:TrackPointExtension>
<tp1:hr>166</tp1:hr>
</tp1:TrackPointExtension>
</extensions>
</trkpt>
<trkpt lat="57.7010931" lon="14.21917328">
<ele>229.4</ele>
<time>2025-07-21T08:42:59Z</time>
<extensions>
<tp1:TrackPointExtension>
<tp1:hr>168</tp1:hr>
</tp1:TrackPointExtension>
</extensions>
</trkpt>
<trkpt lat="57.70108321" lon="14.21924964">
<ele>229.4</ele>
<time>2025-07-21T08:43:00Z</time>
<extensions>
<tp1:TrackPointExtension>
<tp1:hr>167</tp1:hr>
</tp1:TrackPointExtension>
</extensions>
</trkpt>
<trkpt lat="57.70108254" lon="14.21940395">
<ele>229.4</ele>
<time>2025-07-21T08:43:02Z</time>
<extensions>
<tp1:TrackPointExtension>
<tp1:hr>165</tp1:hr>
</tp1:TrackPointExtension>
</extensions>
</trkpt>
<trkpt lat="57.70108933" lon="14.21947083">
<ele>229.4</ele>
<time>2025-07-21T08:43:03Z</time>
<extensions>
<tp1:TrackPointExtension>
<tp1:hr>165</tp1:hr>
</tp1:TrackPointExtension>
</extensions>
</trkpt>
<trkpt lat="57.70111422" lon="14.2198352">
<ele>229.2</ele>
<time>2025-07-21T08:43:08Z</time>
<extensions>
<tp1:TrackPointExtension>
<tp1:hr>165</tp1:hr>
</tp1:TrackPointExtension>
</extensions>
</trkpt>
<trkpt lat="57.70112738" lon="14.21990787">
<ele>229.2</ele>
<time>2025-07-21T08:43:09Z</time>
<extensions>
<tp1:TrackPointExtension>
<tp1:hr>166</tp1:hr>
</tp1:TrackPointExtension>
</extensions>
</trkpt>
<trkpt lat="57.70118421" lon="14.22026427">
<ele>229.0</ele>
<time>2025-07-21T08:43:15Z</time>
<extensions>
<tp1:TrackPointExtension>
<tp1:hr>167</tp1:hr>
</tp1:TrackPointExtension>
</extensions>
</trkpt>
<trkpt lat="57.70126266" lon="14.2204858">
<ele>229.0</ele>
<time>2025-07-21T08:43:19Z</time>
<extensions>
<tp1:TrackPointExtension>
<tp1:hr>164</tp1:hr>
</tp1:TrackPointExtension>
</extensions>
</trkpt>
<trkpt lat="57.70140088" lon="14.22073499">
<ele>229.0</ele>
<time>2025-07-21T08:43:24Z</time>
<extensions>
<tp1:TrackPointExtension>
<tp1:hr>163</tp1:hr>
</tp1:TrackPointExtension>
</extensions>
</trkpt>
<trkpt lat="57.70144237" lon="14.2207816">
<ele>229.0</ele>
<time>2025-07-21T08:43:25Z</time>
<extensions>
<tp1:TrackPointExtension>
<tp1:hr>163</tp1:hr>
</tp1:TrackPointExtension>
</extensions>
</trkpt>
<trkpt lat="57.70160624" lon="14.22094697">
<ele>228.8</ele>
<time>2025-07-21T08:43:29Z</time>
<extensions>
<tp1:TrackPointExtension>
<tp1:hr>163</tp1:hr>
</tp1:TrackPointExtension>
</extensions>
</trkpt>
<trkpt lat="57.70163801" lon="14.22098209">
<ele>228.8</ele>
<time>2025-07-21T08:43:30Z</time>
<extensions>
<tp1:TrackPointExtension>
<tp1:hr>163</tp1:hr>
</tp1:TrackPointExtension>
</extensions>
</trkpt>
<trkpt lat="57.70170758" lon="14.22104311">
<ele>228.8</ele>
<time>2025-07-21T08:43:32Z</time>
<extensions>
<tp1:TrackPointExtension>
<tp1:hr>163</tp1:hr>
</tp1:TrackPointExtension>
</extensions>
</trkpt>
<trkpt lat="57.70177371" lon="14.22110246">
<ele>228.8</ele>
<time>2025-07-21T08:43:34Z</time>
<extensions>
<tp1:TrackPointExtension>
<tp1:hr>163</tp1:hr>
</tp1:TrackPointExtension>
</extensions>
</trkpt>
<trkpt lat="57.70180313" lon="14.22110363">
<ele>228.6</ele>
<time>2025-07-21T08:43:35Z</time>
<extensions>
<tp1:TrackPointExtension>
<tp1:hr>163</tp1:hr>
</tp1:TrackPointExtension>
</extensions>
</trkpt>
<trkpt lat="57.70187597" lon="14.22107471">
<ele>228.5</ele>
<time>2025-07-21T08:43:38Z</time>
<extensions>
<tp1:TrackPointExtension>
<tp1:hr>161</tp1:hr>
</tp1:TrackPointExtension>
</extensions>
</trkpt>
<trkpt lat="57.70196197" lon="14.22102082">
<ele>228.5</ele>
<time>2025-07-21T08:43:41Z</time>
<extensions>
<tp1:TrackPointExtension>
<tp1:hr>158</tp1:hr>
</tp1:TrackPointExtension>
</extensions>
</trkpt>
<trkpt lat="57.70199642" lon="14.22100279">
<ele>228.5</ele>
<time>2025-07-21T08:43:42Z</time>
<extensions>
<tp1:TrackPointExtension>
<tp1:hr>161</tp1:hr>
</tp1:TrackPointExtension>
</extensions>
</trkpt>
<trkpt lat="57.70207386" lon="14.22096491">
<ele>228.3</ele>
<time>2025-07-21T08:43:45Z</time>
<extensions>
<tp1:TrackPointExtension>
<tp1:hr>164</tp1:hr>
</tp1:TrackPointExtension>
</extensions>
</trkpt>
<trkpt lat="57.70209599" lon="14.22093448">
<ele>228.3</ele>
<time>2025-07-21T08:43:46Z</time>
<extensions>
<tp1:TrackPointExtension>
<tp1:hr>164</tp1:hr>
</tp1:TrackPointExtension>
</extensions>
</trkpt>
<trkpt lat="57.70211837" lon="14.2208562">
<ele>228.3</ele>
<time>2025-07-21T08:43:48Z</time>
<extensions>
<tp1:TrackPointExtension>
<tp1:hr>167</tp1:hr>
</tp1:TrackPointExtension>
</extensions>
</trkpt>
<trkpt lat="57.70212877" lon="14.22082627">
<ele>228.3</ele>
<time>2025-07-21T08:43:49Z</time>
<extensions>
<tp1:TrackPointExtension>
<tp1:hr>168</tp1:hr>
</tp1:TrackPointExtension>
</extensions>
</trkpt>
<trkpt lat="57.70214033" lon="14.22082694">
<ele>228.3</ele>
<time>2025-07-21T08:43:51Z</time>
<extensions>
<tp1:TrackPointExtension>
<tp1:hr>169</tp1:hr>
</tp1:TrackPointExtension>
</extensions>
</trkpt>
<trkpt lat="57.70214318" lon="14.22084932">
<ele>228.3</ele>
<time>2025-07-21T08:43:52Z</time>
<extensions>
<tp1:TrackPointExtension>
<tp1:hr>171</tp1:hr>
</tp1:TrackPointExtension>
</extensions>
</trkpt>
<trkpt lat="57.70213882" lon="14.22087899">
<ele>228.3</ele>
<time>2025-07-21T08:43:53Z</time>
<extensions>
<tp1:TrackPointExtension>
<tp1:hr>171</tp1:hr>
</tp1:TrackPointExtension>
</extensions>
</trkpt>
<trkpt lat="57.70209868" lon="14.22102283">
<ele>228.1</ele>
<time>2025-07-21T08:43:57Z</time>
<extensions>
<tp1:TrackPointExtension>
<tp1:hr>171</tp1:hr>
</tp1:TrackPointExtension>
</extensions>
</trkpt>
<trkpt lat="57.70204579" lon="14.22106457">
<ele>228.1</ele>
<time>2025-07-21T08:43:58Z</time>
<extensions>
<tp1:TrackPointExtension>
<tp1:hr>167</tp1:hr>
</tp1:TrackPointExtension>
</extensions>
</trkpt>
<trkpt lat="57.70204579" lon="14.22106457">
<ele>228.1</ele>
<time>2025-07-21T08:43:59Z</time>
<extensions>
<tp1:TrackPointExtension>
<tp1:hr>167</tp1:hr>
</tp1:TrackPointExtension>
</extensions>
</trkpt>
<trkpt lat="57.70195459" lon="14.22119566">
<ele>227.9</ele>
<time>2025-07-21T08:44:03Z</time>
<extensions>
<tp1:TrackPointExtension>
<tp1:hr>166</tp1:hr>
</tp1:TrackPointExtension>
</extensions>
</trkpt>
<trkpt lat="57.70188385" lon="14.22140714">
<ele>227.9</ele>
<time>2025-07-21T08:44:08Z</time>
<extensions>
<tp1:TrackPointExtension>
<tp1:hr>164</tp1:hr>
</tp1:TrackPointExtension>
</extensions>
</trkpt>
<trkpt lat="57.70187362" lon="14.22143639">
<ele>227.7</ele>
<time>2025-07-21T08:44:09Z</time>
<extensions>
<tp1:TrackPointExtension>
<tp1:hr>164</tp1:hr>
</tp1:TrackPointExtension>
</extensions>
</trkpt>
<trkpt lat="57.70181838" lon="14.22167653">
<ele>227.7</ele>
<time>2025-07-21T08:44:15Z</time>
<extensions>
<tp1:TrackPointExtension>
<tp1:hr>162</tp1:hr>
</tp1:TrackPointExtension>
</extensions>
</trkpt>
<trkpt lat="57.70176256" lon="14.22185096">
<ele>227.4</ele>
<time>2025-07-21T08:44:20Z</time>
<extensions>
<tp1:TrackPointExtension>
<tp1:hr>164</tp1:hr>
</tp1:TrackPointExtension>
</extensions>
</trkpt>
<trkpt lat="57.70175988" lon="14.2219248">
<ele>225.6</ele>
<time>2025-07-21T08:44:22Z</time>
<extensions>
<tp1:TrackPointExtension>
<tp1:hr>164</tp1:hr>
</tp1:TrackPointExtension>
</extensions>
</trkpt>
<trkpt lat="57.70174655" lon="14.22199831">
<ele>224.0</ele>
<time>2025-07-21T08:44:24Z</time>
<extensions>
<tp1:TrackPointExtension>
<tp1:hr>164</tp1:hr>
</tp1:TrackPointExtension>
</extensions>
</trkpt>
<trkpt lat="57.70167966" lon="14.22218347">
<ele>223.4</ele>
<time>2025-07-21T08:44:29Z</time>
<extensions>
<tp1:TrackPointExtension>
<tp1:hr>164</tp1:hr>
</tp1:TrackPointExtension>
</extensions>
</trkpt>
<trkpt lat="57.70160649" lon="14.22231984">
<ele>222.8</ele>
<time>2025-07-21T08:44:33Z</time>
<extensions>
<tp1:TrackPointExtension>
<tp1:hr>164</tp1:hr>
</tp1:TrackPointExtension>
</extensions>
</trkpt>
<trkpt lat="57.70157615" lon="14.2223532">
<ele>222.8</ele>
<time>2025-07-21T08:44:34Z</time>
<extensions>
<tp1:TrackPointExtension>
<tp1:hr>163</tp1:hr>
</tp1:TrackPointExtension>
</extensions>
</trkpt>
<trkpt lat="57.70144698" lon="14.22255546">
<ele>222.6</ele>
<time>2025-07-21T08:44:39Z</time>
<extensions>
<tp1:TrackPointExtension>
<tp1:hr>163</tp1:hr>
</tp1:TrackPointExtension>
</extensions>
</trkpt>
<trkpt lat="57.70143114" lon="14.22260609">
<ele>222.6</ele>
<time>2025-07-21T08:44:40Z</time>
<extensions>
<tp1:TrackPointExtension>
<tp1:hr>164</tp1:hr>
</tp1:TrackPointExtension>
</extensions>
</trkpt>
<trkpt lat="57.70143416" lon="14.22272578">
<ele>221.8</ele>
<time>2025-07-21T08:44:43Z</time>
<extensions>
<tp1:TrackPointExtension>
<tp1:hr>163</tp1:hr>
</tp1:TrackPointExtension>
</extensions>
</trkpt>
<trkpt lat="57.70142988" lon="14.22276492">
<ele>221.8</ele>
<time>2025-07-21T08:44:44Z</time>
<extensions>
<tp1:TrackPointExtension>
<tp1:hr>163</tp1:hr>
</tp1:TrackPointExtension>
</extensions>
</trkpt>
<trkpt lat="57.70141438" lon="14.22284103">
<ele>222.0</ele>
<time>2025-07-21T08:44:46Z</time>
<extensions>
<tp1:TrackPointExtension>
<tp1:hr>162</tp1:hr>
</tp1:TrackPointExtension>
</extensions>
</trkpt>
<trkpt lat="57.70136492" lon="14.2229313">
<ele>222.0</ele>
<time>2025-07-21T08:44:49Z</time>
<extensions>
<tp1:TrackPointExtension>
<tp1:hr>161</tp1:hr>
</tp1:TrackPointExtension>
</extensions>
</trkpt>
<trkpt lat="57.70131111" lon="14.22301236">
<ele>222.0</ele>
<time>2025-07-21T08:44:52Z</time>
<extensions>
<tp1:TrackPointExtension>
<tp1:hr>161</tp1:hr>
</tp1:TrackPointExtension>
</extensions>
</trkpt>
<trkpt lat="57.70129485" lon="14.22307882">
<ele>222.0</ele>
<time>2025-07-21T08:44:54Z</time>
<extensions>
<tp1:TrackPointExtension>
<tp1:hr>161</tp1:hr>
</tp1:TrackPointExtension>
</extensions>
</trkpt>
<trkpt lat="57.70122545" lon="14.22322936">
<ele>221.9</ele>
<time>2025-07-21T08:44:59Z</time>
<extensions>
<tp1:TrackPointExtension>
<tp1:hr>161</tp1:hr>
</tp1:TrackPointExtension>
</extensions>
</trkpt>
<trkpt lat="57.70118505" lon="14.22333238">
<ele>222.1</ele>
<time>2025-07-21T08:45:02Z</time>
<extensions>
<tp1:TrackPointExtension>
<tp1:hr>161</tp1:hr>
</tp1:TrackPointExtension>
</extensions>
</trkpt>
<trkpt lat="57.70116342" lon="14.22343229">
<ele>222.1</ele>
<time>2025-07-21T08:45:04Z</time>
<extensions>
<tp1:TrackPointExtension>
<tp1:hr>162</tp1:hr>
</tp1:TrackPointExtension>
</extensions>
</trkpt>
<trkpt lat="57.70115303" lon="14.22351125">
<ele>222.1</ele>
<time>2025-07-21T08:45:06Z</time>
<extensions>
<tp1:TrackPointExtension>
<tp1:hr>163</tp1:hr>
</tp1:TrackPointExtension>
</extensions>
</trkpt>
<trkpt lat="57.70116393" lon="14.22365014">
<ele>222.1</ele>
<time>2025-07-21T08:45:09Z</time>
<extensions>
<tp1:TrackPointExtension>
<tp1:hr>164</tp1:hr>
</tp1:TrackPointExtension>
</extensions>
</trkpt>
<trkpt lat="57.70115261" lon="14.22375851">
<ele>222.3</ele>
<time>2025-07-21T08:45:12Z</time>
<extensions>
<tp1:TrackPointExtension>
<tp1:hr>164</tp1:hr>
</tp1:TrackPointExtension>
</extensions>
</trkpt>
<trkpt lat="57.7011283" lon="14.22380487">
<ele>222.3</ele>
<time>2025-07-21T08:45:13Z</time>
<extensions>
<tp1:TrackPointExtension>
<tp1:hr>164</tp1:hr>
</tp1:TrackPointExtension>
</extensions>
</trkpt>
<trkpt lat="57.70106544" lon="14.22383571">
<ele>222.5</ele>
<time>2025-07-21T08:45:16Z</time>
<extensions>
<tp1:TrackPointExtension>
<tp1:hr>163</tp1:hr>
</tp1:TrackPointExtension>
</extensions>
</trkpt>
<trkpt lat="57.70104867" lon="14.22387008">
<ele>222.5</ele>
<time>2025-07-21T08:45:17Z</time>
<extensions>
<tp1:TrackPointExtension>
<tp1:hr>164</tp1:hr>
</tp1:TrackPointExtension>
</extensions>
</trkpt>
<trkpt lat="57.70101028" lon="14.22393713">
<ele>222.7</ele>
<time>2025-07-21T08:45:19Z</time>
<extensions>
<tp1:TrackPointExtension>
<tp1:hr>163</tp1:hr>
</tp1:TrackPointExtension>
</extensions>
</trkpt>
<trkpt lat="57.70094742" lon="14.22405263">
<ele>222.7</ele>
<time>2025-07-21T08:45:22Z</time>
<extensions>
<tp1:TrackPointExtension>
<tp1:hr>163</tp1:hr>
</tp1:TrackPointExtension>
</extensions>
</trkpt>
<trkpt lat="57.70092747" lon="14.224102">
<ele>222.9</ele>
<time>2025-07-21T08:45:23Z</time>
<extensions>
<tp1:TrackPointExtension>
<tp1:hr>163</tp1:hr>
</tp1:TrackPointExtension>
</extensions>
</trkpt>
<trkpt lat="57.70091699" lon="14.22415514">
<ele>222.9</ele>
<time>2025-07-21T08:45:24Z</time>
<extensions>
<tp1:TrackPointExtension>
<tp1:hr>164</tp1:hr>
</tp1:TrackPointExtension>
</extensions>
</trkpt>
<trkpt lat="57.70087886" lon="14.22431616">
<ele>222.9</ele>
<time>2025-07-21T08:45:26Z</time>
<extensions>
<tp1:TrackPointExtension>
<tp1:hr>165</tp1:hr>
</tp1:TrackPointExtension>
</extensions>
</trkpt>
<trkpt lat="57.70080845" lon="14.22456007">
<ele>223.1</ele>
<time>2025-07-21T08:45:32Z</time>
<extensions>
<tp1:TrackPointExtension>
<tp1:hr>167</tp1:hr>
</tp1:TrackPointExtension>
</extensions>
</trkpt>
<trkpt lat="57.70078263" lon="14.22457357">
<ele>223.1</ele>
<time>2025-07-21T08:45:34Z</time>
<extensions>
<tp1:TrackPointExtension>
<tp1:hr>166</tp1:hr>
</tp1:TrackPointExtension>
</extensions>
</trkpt>
<trkpt lat="57.7007455" lon="14.22453677">
<ele>223.3</ele>
<time>2025-07-21T08:45:36Z</time>
<extensions>
<tp1:TrackPointExtension>
<tp1:hr>166</tp1:hr>
</tp1:TrackPointExtension>
</extensions>
</trkpt>
<trkpt lat="57.70071499" lon="14.2245496">
<ele>223.3</ele>
<time>2025-07-21T08:45:39Z</time>
<extensions>
<tp1:TrackPointExtension>
<tp1:hr>166</tp1:hr>
</tp1:TrackPointExtension>
</extensions>
</trkpt>
<trkpt lat="57.700688" lon="14.22457776">
<ele>223.4</ele>
<time>2025-07-21T08:45:40Z</time>
<extensions>
<tp1:TrackPointExtension>
<tp1:hr>166</tp1:hr>
</tp1:TrackPointExtension>
</extensions>
</trkpt>
<trkpt lat="57.70068565" lon="14.22459084">
<ele>223.4</ele>
<time>2025-07-21T08:45:42Z</time>
<extensions>
<tp1:TrackPointExtension>
<tp1:hr>166</tp1:hr>
</tp1:TrackPointExtension>
</extensions>
</trkpt>
<trkpt lat="57.70067853" lon="14.22468245">
<ele>223.4</ele>
<time>2025-07-21T08:45:45Z</time>
<extensions>
<tp1:TrackPointExtension>
<tp1:hr>166</tp1:hr>
</tp1:TrackPointExtension>
</extensions>
</trkpt>
<trkpt lat="57.70066386" lon="14.22472503">
<ele>223.4</ele>
<time>2025-07-21T08:45:46Z</time>
<extensions>
<tp1:TrackPointExtension>
<tp1:hr>166</tp1:hr>
</tp1:TrackPointExtension>
</extensions>
</trkpt>
<trkpt lat="57.70058138" lon="14.22477616">
<ele>223.6</ele>
<time>2025-07-21T08:45:49Z</time>
<extensions>
<tp1:TrackPointExtension>
<tp1:hr>166</tp1:hr>
</tp1:TrackPointExtension>
</extensions>
</trkpt>
<trkpt lat="57.7004725" lon="14.22483969">
<ele>223.6</ele>
<time>2025-07-21T08:45:53Z</time>
<extensions>
<tp1:TrackPointExtension>
<tp1:hr>167</tp1:hr>
</tp1:TrackPointExtension>
</extensions>
</trkpt>
<trkpt lat="57.7003969" lon="14.22494799">
<ele>223.8</ele>
<time>2025-07-21T08:45:56Z</time>
<extensions>
<tp1:TrackPointExtension>
<tp1:hr>167</tp1:hr>
</tp1:TrackPointExtension>
</extensions>
</trkpt>
<trkpt lat="57.70035365" lon="14.22503499">
<ele>223.8</ele>
<time>2025-07-21T08:45:58Z</time>
<extensions>
<tp1:TrackPointExtension>
<tp1:hr>167</tp1:hr>
</tp1:TrackPointExtension>
</extensions>
</trkpt>
<trkpt lat="57.70023781" lon="14.22522459">
<ele>224.0</ele>
<time>2025-07-21T08:46:03Z</time>
<extensions>
<tp1:TrackPointExtension>
<tp1:hr>167</tp1:hr>
</tp1:TrackPointExtension>
</extensions>
</trkpt>
<trkpt lat="57.70014653" lon="14.22539458">
<ele>224.2</ele>
<time>2025-07-21T08:46:07Z</time>
<extensions>
<tp1:TrackPointExtension>
<tp1:hr>167</tp1:hr>
</tp1:TrackPointExtension>
</extensions>
</trkpt>
<trkpt lat="57.70009465" lon="14.22556766">
<ele>224.4</ele>
<time>2025-07-21T08:46:10Z</time>
<extensions>
<tp1:TrackPointExtension>
<tp1:hr>170</tp1:hr>
</tp1:TrackPointExtension>
</extensions>
</trkpt>
<trkpt lat="57.70008601" lon="14.22563178">
<ele>224.4</ele>
<time>2025-07-21T08:46:11Z</time>
<extensions>
<tp1:TrackPointExtension>
<tp1:hr>170</tp1:hr>
</tp1:TrackPointExtension>
</extensions>
</trkpt>
<trkpt lat="57.70001183" lon="14.22588592">
<ele>224.6</ele>
<time>2025-07-21T08:46:16Z</time>
<extensions>
<tp1:TrackPointExtension>
<tp1:hr>167</tp1:hr>
</tp1:TrackPointExtension>
</extensions>
</trkpt>
<trkpt lat="57.69995014" lon="14.22616228">
<ele>224.7</ele>
<time>2025-07-21T08:46:21Z</time>
<extensions>
<tp1:TrackPointExtension>
<tp1:hr>166</tp1:hr>
</tp1:TrackPointExtension>
</extensions>
</trkpt>
<trkpt lat="57.69992382" lon="14.22618549">
<ele>224.7</ele>
<time>2025-07-21T08:46:22Z</time>
<extensions>
<tp1:TrackPointExtension>
<tp1:hr>165</tp1:hr>
</tp1:TrackPointExtension>
</extensions>
</trkpt>
<trkpt lat="57.69985811" lon="14.22626051">
<ele>224.7</ele>
<time>2025-07-21T08:46:25Z</time>
<extensions>
<tp1:TrackPointExtension>
<tp1:hr>162</tp1:hr>
</tp1:TrackPointExtension>
</extensions>
</trkpt>
<trkpt lat="57.69983833" lon="14.22628306">
<ele>224.7</ele>
<time>2025-07-21T08:46:26Z</time>
<extensions>
<tp1:TrackPointExtension>
<tp1:hr>162</tp1:hr>
</tp1:TrackPointExtension>
</extensions>
</trkpt>
<trkpt lat="57.69983539" lon="14.22633176">
<ele>224.7</ele>
<time>2025-07-21T08:46:27Z</time>
<extensions>
<tp1:TrackPointExtension>
<tp1:hr>161</tp1:hr>
</tp1:TrackPointExtension>
</extensions>
</trkpt>
<trkpt lat="57.6998426" lon="14.22638632">
<ele>224.9</ele>
<time>2025-07-21T08:46:29Z</time>
<extensions>
<tp1:TrackPointExtension>
<tp1:hr>161</tp1:hr>
</tp1:TrackPointExtension>
</extensions>
</trkpt>
<trkpt lat="57.69984889" lon="14.2264745">
<ele>224.9</ele>
<time>2025-07-21T08:46:32Z</time>
<extensions>
<tp1:TrackPointExtension>
<tp1:hr>165</tp1:hr>
</tp1:TrackPointExtension>
</extensions>
</trkpt>
<trkpt lat="57.69985165" lon="14.22651926">
<ele>224.9</ele>
<time>2025-07-21T08:46:34Z</time>
<extensions>
<tp1:TrackPointExtension>
<tp1:hr>165</tp1:hr>
</tp1:TrackPointExtension>
</extensions>
</trkpt>
<trkpt lat="57.69986901" lon="14.22682738">
<ele>224.9</ele>
<time>2025-07-21T08:46:41Z</time>
<extensions>
<tp1:TrackPointExtension>
<tp1:hr>164</tp1:hr>
</tp1:TrackPointExtension>
</extensions>
</trkpt>
<trkpt lat="57.69987655" lon="14.2271277">
<ele>224.9</ele>
<time>2025-07-21T08:46:47Z</time>
<extensions>
<tp1:TrackPointExtension>
<tp1:hr>165</tp1:hr>
</tp1:TrackPointExtension>
</extensions>
</trkpt>
<trkpt lat="57.69992759" lon="14.22747061">
<ele>224.7</ele>
<time>2025-07-21T08:46:52Z</time>
<extensions>
<tp1:TrackPointExtension>
<tp1:hr>167</tp1:hr>
</tp1:TrackPointExtension>
</extensions>
</trkpt>
<trkpt lat="57.69994779" lon="14.22754361">
<ele>224.7</ele>
<time>2025-07-21T08:46:53Z</time>
<extensions>
<tp1:TrackPointExtension>
<tp1:hr>167</tp1:hr>
</tp1:TrackPointExtension>
</extensions>
</trkpt>
<trkpt lat="57.7000068" lon="14.22785014">
<ele>224.7</ele>
<time>2025-07-21T08:46:57Z</time>
<extensions>
<tp1:TrackPointExtension>
<tp1:hr>166</tp1:hr>
</tp1:TrackPointExtension>
</extensions>
</trkpt>
<trkpt lat="57.70008626" lon="14.22814099">
<ele>224.7</ele>
<time>2025-07-21T08:47:01Z</time>
<extensions>
<tp1:TrackPointExtension>
<tp1:hr>167</tp1:hr>
</tp1:TrackPointExtension>
</extensions>
</trkpt>
<trkpt lat="57.70017344" lon="14.22847987">
<ele>224.6</ele>
<time>2025-07-21T08:47:06Z</time>
<extensions>
<tp1:TrackPointExtension>
<tp1:hr>168</tp1:hr>
</tp1:TrackPointExtension>
</extensions>
</trkpt>
<trkpt lat="57.70014946" lon="14.22874742">
<ele>224.6</ele>
<time>2025-07-21T08:47:10Z</time>
<extensions>
<tp1:TrackPointExtension>
<tp1:hr>168</tp1:hr>
</tp1:TrackPointExtension>
</extensions>
</trkpt>
<trkpt lat="57.70013387" lon="14.22879721">
<ele>224.6</ele>
<time>2025-07-21T08:47:11Z</time>
<extensions>
<tp1:TrackPointExtension>
<tp1:hr>169</tp1:hr>
</tp1:TrackPointExtension>
</extensions>
</trkpt>
<trkpt lat="57.70003991" lon="14.22912695">
<ele>224.6</ele>
<time>2025-07-21T08:47:17Z</time>
<extensions>
<tp1:TrackPointExtension>
<tp1:hr>169</tp1:hr>
</tp1:TrackPointExtension>
</extensions>
</trkpt>
<trkpt lat="57.69993179" lon="14.22943608">
<ele>224.6</ele>
<time>2025-07-21T08:47:23Z</time>
<extensions>
<tp1:TrackPointExtension>
<tp1:hr>168</tp1:hr>
</tp1:TrackPointExtension>
</extensions>
</trkpt>
<trkpt lat="57.69986171" lon="14.2296095">
<ele>224.4</ele>
<time>2025-07-21T08:47:27Z</time>
<extensions>
<tp1:TrackPointExtension>
<tp1:hr>169</tp1:hr>
</tp1:TrackPointExtension>
</extensions>
</trkpt>
<trkpt lat="57.69978787" lon="14.22992391">
<ele>224.4</ele>
<time>2025-07-21T08:47:32Z</time>
<extensions>
<tp1:TrackPointExtension>
<tp1:hr>168</tp1:hr>
</tp1:TrackPointExtension>
</extensions>
</trkpt>
<trkpt lat="57.69977571" lon="14.22997621">
<ele>224.4</ele>
<time>2025-07-21T08:47:33Z</time>
<extensions>
<tp1:TrackPointExtension>
<tp1:hr>168</tp1:hr>
</tp1:TrackPointExtension>
</extensions>
</trkpt>
<trkpt lat="57.69972048" lon="14.23018718">
<ele>224.4</ele>
<time>2025-07-21T08:47:37Z</time>
<extensions>
<tp1:TrackPointExtension>
<tp1:hr>169</tp1:hr>
</tp1:TrackPointExtension>
</extensions>
</trkpt>
<trkpt lat="57.69970128" lon="14.23031031">
<ele>224.4</ele>
<time>2025-07-21T08:47:39Z</time>
<extensions>
<tp1:TrackPointExtension>
<tp1:hr>169</tp1:hr>
</tp1:TrackPointExtension>
</extensions>
</trkpt>
<trkpt lat="57.69967421" lon="14.2305761">
<ele>224.3</ele>
<time>2025-07-21T08:47:44Z</time>
<extensions>
<tp1:TrackPointExtension>
<tp1:hr>169</tp1:hr>
</tp1:TrackPointExtension>
</extensions>
</trkpt>
<trkpt lat="57.6996525" lon="14.23085446">
<ele>224.3</ele>
<time>2025-07-21T08:47:49Z</time>
<extensions>
<tp1:TrackPointExtension>
<tp1:hr>168</tp1:hr>
</tp1:TrackPointExtension>
</extensions>
</trkpt>
<trkpt lat="57.69960741" lon="14.23099402">
<ele>224.3</ele>
<time>2025-07-21T08:47:54Z</time>
<extensions>
<tp1:TrackPointExtension>
<tp1:hr>168</tp1:hr>
</tp1:TrackPointExtension>
</extensions>
</trkpt>
<trkpt lat="57.69960565" lon="14.23102478">
<ele>224.3</ele>
<time>2025-07-21T08:47:55Z</time>
<extensions>
<tp1:TrackPointExtension>
<tp1:hr>168</tp1:hr>
</tp1:TrackPointExtension>
</extensions>
</trkpt>
<trkpt lat="57.69960858" lon="14.2311247">
<ele>224.3</ele>
<time>2025-07-21T08:47:58Z</time>
<extensions>
<tp1:TrackPointExtension>
<tp1:hr>167</tp1:hr>
</tp1:TrackPointExtension>
</extensions>
</trkpt>
<trkpt lat="57.69958964" lon="14.23119603">
<ele>224.3</ele>
<time>2025-07-21T08:48:00Z</time>
<extensions>
<tp1:TrackPointExtension>
<tp1:hr>167</tp1:hr>
</tp1:TrackPointExtension>
</extensions>
</trkpt>
<trkpt lat="57.69949065" lon="14.23135512">
<ele>224.3</ele>
<time>2025-07-21T08:48:06Z</time>
<extensions>
<tp1:TrackPointExtension>
<tp1:hr>168</tp1:hr>
</tp1:TrackPointExtension>
</extensions>
</trkpt>
<trkpt lat="57.69940456" lon="14.23155041">
<ele>224.5</ele>
<time>2025-07-21T08:48:11Z</time>
<extensions>
<tp1:TrackPointExtension>
<tp1:hr>169</tp1:hr>
</tp1:TrackPointExtension>
</extensions>
</trkpt>
<trkpt lat="57.69934782" lon="14.23165779">
<ele>224.5</ele>
<time>2025-07-21T08:48:14Z</time>
<extensions>
<tp1:TrackPointExtension>
<tp1:hr>170</tp1:hr>
</tp1:TrackPointExtension>
</extensions>
</trkpt>
<trkpt lat="57.69928562" lon="14.23177639">
<ele>224.7</ele>
<time>2025-07-21T08:48:17Z</time>
<extensions>
<tp1:TrackPointExtension>
<tp1:hr>169</tp1:hr>
</tp1:TrackPointExtension>
</extensions>
</trkpt>
<trkpt lat="57.69915034" lon="14.23189181">
<ele>224.9</ele>
<time>2025-07-21T08:48:22Z</time>
<extensions>
<tp1:TrackPointExtension>
<tp1:hr>169</tp1:hr>
</tp1:TrackPointExtension>
</extensions>
</trkpt>
<trkpt lat="57.69899301" lon="14.23210789">
<ele>224.8</ele>
<time>2025-07-21T08:48:27Z</time>
<extensions>
<tp1:TrackPointExtension>
<tp1:hr>169</tp1:hr>
</tp1:TrackPointExtension>
</extensions>
</trkpt>
<trkpt lat="57.69885647" lon="14.23234628">
<ele>225.0</ele>
<time>2025-07-21T08:48:31Z</time>
<extensions>
<tp1:TrackPointExtension>
<tp1:hr>170</tp1:hr>
</tp1:TrackPointExtension>
</extensions>
</trkpt>
<trkpt lat="57.69882454" lon="14.23241442">
<ele>225.0</ele>
<time>2025-07-21T08:48:32Z</time>
<extensions>
<tp1:TrackPointExtension>
<tp1:hr>170</tp1:hr>
</tp1:TrackPointExtension>
</extensions>
</trkpt>
<trkpt lat="57.6986983" lon="14.23265339">
<ele>225.2</ele>
<time>2025-07-21T08:48:37Z</time>
<extensions>
<tp1:TrackPointExtension>
<tp1:hr>168</tp1:hr>
</tp1:TrackPointExtension>
</extensions>
</trkpt>
<trkpt lat="57.69856134" lon="14.23280024">
<ele>225.2</ele>
<time>2025-07-21T08:48:41Z</time>
<extensions>
<tp1:TrackPointExtension>
<tp1:hr>169</tp1:hr>
</tp1:TrackPointExtension>
</extensions>
</trkpt>
<trkpt lat="57.69842053" lon="14.23288976">
<ele>225.2</ele>
<time>2025-07-21T08:48:45Z</time>
<extensions>
<tp1:TrackPointExtension>
<tp1:hr>166</tp1:hr>
</tp1:TrackPointExtension>
</extensions>
</trkpt>
<trkpt lat="57.69838407" lon="14.23290929">
<ele>225.2</ele>
<time>2025-07-21T08:48:46Z</time>
<extensions>
<tp1:TrackPointExtension>
<tp1:hr>166</tp1:hr>
</tp1:TrackPointExtension>
</extensions>
</trkpt>
<trkpt lat="57.69823512" lon="14.23298414">
<ele>225.4</ele>
<time>2025-07-21T08:48:50Z</time>
<extensions>
<tp1:TrackPointExtension>
<tp1:hr>165</tp1:hr>
</tp1:TrackPointExtension>
</extensions>
</trkpt>
<trkpt lat="57.69819137" lon="14.23300384">
<ele>225.4</ele>
<time>2025-07-21T08:48:51Z</time>
<extensions>
<tp1:TrackPointExtension>
<tp1:hr>169</tp1:hr>
</tp1:TrackPointExtension>
</extensions>
</trkpt>
<trkpt lat="57.69802163" lon="14.23314868">
<ele>225.4</ele>
<time>2025-07-21T08:48:56Z</time>
<extensions>
<tp1:TrackPointExtension>
<tp1:hr>170</tp1:hr>
</tp1:TrackPointExtension>
</extensions>
</trkpt>
<trkpt lat="57.69785726" lon="14.23334967">
<ele>225.4</ele>
<time>2025-07-21T08:49:02Z</time>
<extensions>
<tp1:TrackPointExtension>
<tp1:hr>170</tp1:hr>
</tp1:TrackPointExtension>
</extensions>
</trkpt>
<trkpt lat="57.69770203" lon="14.23348546">
<ele>225.3</ele>
<time>2025-07-21T08:49:07Z</time>
<extensions>
<tp1:TrackPointExtension>
<tp1:hr>170</tp1:hr>
</tp1:TrackPointExtension>
</extensions>
</trkpt>
<trkpt lat="57.69749676" lon="14.23359049">
<ele>225.1</ele>
<time>2025-07-21T08:49:12Z</time>
<extensions>
<tp1:TrackPointExtension>
<tp1:hr>168</tp1:hr>
</tp1:TrackPointExtension>
</extensions>
</trkpt>
<trkpt lat="57.69745887" lon="14.23360834">
<ele>225.1</ele>
<time>2025-07-21T08:49:13Z</time>
<extensions>
<tp1:TrackPointExtension>
<tp1:hr>168</tp1:hr>
</tp1:TrackPointExtension>
</extensions>
</trkpt>
<trkpt lat="57.69741805" lon="14.2336469">
<ele>225.1</ele>
<time>2025-07-21T08:49:14Z</time>
<extensions>
<tp1:TrackPointExtension>
<tp1:hr>167</tp1:hr>
</tp1:TrackPointExtension>
</extensions>
</trkpt>
<trkpt lat="57.69728134" lon="14.23372124">
<ele>225.1</ele>
<time>2025-07-21T08:49:18Z</time>
<extensions>
<tp1:TrackPointExtension>
<tp1:hr>166</tp1:hr>
</tp1:TrackPointExtension>
</extensions>
</trkpt>
<trkpt lat="57.69725888" lon="14.23375888">
<ele>225.1</ele>
<time>2025-07-21T08:49:19Z</time>
<extensions>
<tp1:TrackPointExtension>
<tp1:hr>166</tp1:hr>
</tp1:TrackPointExtension>
</extensions>
</trkpt>
<trkpt lat="57.69717607" lon="14.23398955">
<ele>225.1</ele>
<time>2025-07-21T08:49:23Z</time>
<extensions>
<tp1:TrackPointExtension>
<tp1:hr>167</tp1:hr>
</tp1:TrackPointExtension>
</extensions>
</trkpt>
<trkpt lat="57.69715352" lon="14.23419465">
<ele>225.1</ele>
<time>2025-07-21T08:49:27Z</time>
<extensions>
<tp1:TrackPointExtension>
<tp1:hr>166</tp1:hr>
</tp1:TrackPointExtension>
</extensions>
</trkpt>
<trkpt lat="57.69715444" lon="14.23425425">
<ele>225.1</ele>
<time>2025-07-21T08:49:28Z</time>
<extensions>
<tp1:TrackPointExtension>
<tp1:hr>167</tp1:hr>
</tp1:TrackPointExtension>
</extensions>
</trkpt>
<trkpt lat="57.69717213" lon="14.23434704">
<ele>225.1</ele>
<time>2025-07-21T08:49:30Z</time>
<extensions>
<tp1:TrackPointExtension>
<tp1:hr>170</tp1:hr>
</tp1:TrackPointExtension>
</extensions>
</trkpt>
<trkpt lat="57.69725159" lon="14.23462397">
<ele>225.1</ele>
<time>2025-07-21T08:49:35Z</time>
<extensions>
<tp1:TrackPointExtension>
<tp1:hr>171</tp1:hr>
</tp1:TrackPointExtension>
</extensions>
</trkpt>
<trkpt lat="57.69734924" lon="14.23496403">
<ele>225.1</ele>
<time>2025-07-21T08:49:41Z</time>
<extensions>
<tp1:TrackPointExtension>
<tp1:hr>171</tp1:hr>
</tp1:TrackPointExtension>
</extensions>
</trkpt>
<trkpt lat="57.69740607" lon="14.23519998">
<ele>225.1</ele>
<time>2025-07-21T08:49:45Z</time>
<extensions>
<tp1:TrackPointExtension>
<tp1:hr>171</tp1:hr>
</tp1:TrackPointExtension>
</extensions>
</trkpt>
<trkpt lat="57.69750774" lon="14.23530752">
<ele>225.0</ele>
<time>2025-07-21T08:49:49Z</time>
<extensions>
<tp1:TrackPointExtension>
<tp1:hr>171</tp1:hr>
</tp1:TrackPointExtension>
</extensions>
</trkpt>
<trkpt lat="57.69760606" lon="14.23542562">
<ele>225.0</ele>
<time>2025-07-21T08:49:53Z</time>
<extensions>
<tp1:TrackPointExtension>
<tp1:hr>174</tp1:hr>
</tp1:TrackPointExtension>
</extensions>
</trkpt>
<trkpt lat="57.69762022" lon="14.23546468">
<ele>225.0</ele>
<time>2025-07-21T08:49:54Z</time>
<extensions>
<tp1:TrackPointExtension>
<tp1:hr>173</tp1:hr>
</tp1:TrackPointExtension>
</extensions>
</trkpt>
<trkpt lat="57.6977457" lon="14.23573826">
<ele>224.8</ele>
<time>2025-07-21T08:50:01Z</time>
<extensions>
<tp1:TrackPointExtension>
<tp1:hr>173</tp1:hr>
</tp1:TrackPointExtension>
</extensions>
</trkpt>
<trkpt lat="57.69774344" lon="14.23596784">
<ele>224.8</ele>
<time>2025-07-21T08:50:05Z</time>
<extensions>
<tp1:TrackPointExtension>
<tp1:hr>175</tp1:hr>
</tp1:TrackPointExtension>
</extensions>
</trkpt>
<trkpt lat="57.69775115" lon="14.23620916">
<ele>224.8</ele>
<time>2025-07-21T08:50:10Z</time>
<extensions>
<tp1:TrackPointExtension>
<tp1:hr>174</tp1:hr>
</tp1:TrackPointExtension>
</extensions>
</trkpt>
<trkpt lat="57.69776992" lon="14.23646883">
<ele>224.8</ele>
<time>2025-07-21T08:50:15Z</time>
<extensions>
<tp1:TrackPointExtension>
<tp1:hr>170</tp1:hr>
</tp1:TrackPointExtension>
</extensions>
</trkpt>
<trkpt lat="57.69778233" lon="14.23658878">
<ele>224.6</ele>
<time>2025-07-21T08:50:18Z</time>
<extensions>
<tp1:TrackPointExtension>
<tp1:hr>167</tp1:hr>
</tp1:TrackPointExtension>
</extensions>
</trkpt>
<trkpt lat="57.69779247" lon="14.2366855">
<ele>224.6</ele>
<time>2025-07-21T08:50:20Z</time>
<extensions>
<tp1:TrackPointExtension>
<tp1:hr>166</tp1:hr>
</tp1:TrackPointExtension>
</extensions>
</trkpt>
<trkpt lat="57.69782097" lon="14.23688273">
<ele>224.6</ele>
<time>2025-07-21T08:50:25Z</time>
<extensions>
<tp1:TrackPointExtension>
<tp1:hr>166</tp1:hr>
</tp1:TrackPointExtension>
</extensions>
</trkpt>
<trkpt lat="57.69784939" lon="14.23714802">
<ele>224.3</ele>
<time>2025-07-21T08:50:31Z</time>
<extensions>
<tp1:TrackPointExtension>
<tp1:hr>167</tp1:hr>
</tp1:TrackPointExtension>
</extensions>
</trkpt>
<trkpt lat="57.69789741" lon="14.237346">
<ele>224.3</ele>
<time>2025-07-21T08:50:35Z</time>
<extensions>
<tp1:TrackPointExtension>
<tp1:hr>167</tp1:hr>
</tp1:TrackPointExtension>
</extensions>
</trkpt>
<trkpt lat="57.69788694" lon="14.23744834">
<ele>223.7</ele>
<time>2025-07-21T08:50:37Z</time>
<extensions>
<tp1:TrackPointExtension>
<tp1:hr>165</tp1:hr>
</tp1:TrackPointExtension>
</extensions>
</trkpt>
<trkpt lat="57.69789733" lon="14.23766661">
<ele>223.5</ele>
<time>2025-07-21T08:50:42Z</time>
<extensions>
<tp1:TrackPointExtension>
<tp1:hr>165</tp1:hr>
</tp1:TrackPointExtension>
</extensions>
</trkpt>
<trkpt lat="57.69786104" lon="14.23788026">
<ele>224.1</ele>
<time>2025-07-21T08:50:48Z</time>
<extensions>
<tp1:TrackPointExtension>
<tp1:hr>166</tp1:hr>
</tp1:TrackPointExtension>
</extensions>
</trkpt>
<trkpt lat="57.69785324" lon="14.23791789">
<ele>224.5</ele>
<time>2025-07-21T08:50:49Z</time>
<extensions>
<tp1:TrackPointExtension>
<tp1:hr>166</tp1:hr>
</tp1:TrackPointExtension>
</extensions>
</trkpt>
<trkpt lat="57.69785282" lon="14.23795209">
<ele>224.7</ele>
<time>2025-07-21T08:50:50Z</time>
<extensions>
<tp1:TrackPointExtension>
<tp1:hr>166</tp1:hr>
</tp1:TrackPointExtension>
</extensions>
</trkpt>
<trkpt lat="57.69785819" lon="14.23798679">
<ele>224.9</ele>
<time>2025-07-21T08:50:51Z</time>
<extensions>
<tp1:TrackPointExtension>
<tp1:hr>167</tp1:hr>
</tp1:TrackPointExtension>
</extensions>
</trkpt>
<trkpt lat="57.69786883" lon="14.23798705">
<ele>225.1</ele>
<time>2025-07-21T08:50:52Z</time>
<extensions>
<tp1:TrackPointExtension>
<tp1:hr>167</tp1:hr>
</tp1:TrackPointExtension>
</extensions>
</trkpt>
<trkpt lat="57.69788451" lon="14.23799057">
<ele>225.1</ele>
<time>2025-07-21T08:50:53Z</time>
<extensions>
<tp1:TrackPointExtension>
<tp1:hr>167</tp1:hr>
</tp1:TrackPointExtension>
</extensions>
</trkpt>
<trkpt lat="57.69799096" lon="14.23800792">
<ele>225.1</ele>
<time>2025-07-21T08:50:58Z</time>
<extensions>
<tp1:TrackPointExtension>
<tp1:hr>167</tp1:hr>
</tp1:TrackPointExtension>
</extensions>
</trkpt>
<trkpt lat="57.69810361" lon="14.23802317">
<ele>224.3</ele>
<time>2025-07-21T08:51:03Z</time>
<extensions>
<tp1:TrackPointExtension>
<tp1:hr>168</tp1:hr>
</tp1:TrackPointExtension>
</extensions>
</trkpt>
<trkpt lat="57.69815147" lon="14.23803591">
<ele>224.1</ele>
<time>2025-07-21T08:51:05Z</time>
<extensions>
<tp1:TrackPointExtension>
<tp1:hr>168</tp1:hr>
</tp1:TrackPointExtension>
</extensions>
</trkpt>
<trkpt lat="57.69819958" lon="14.23810489">
<ele>224.1</ele>
<time>2025-07-21T08:51:08Z</time>
<extensions>
<tp1:TrackPointExtension>
<tp1:hr>168</tp1:hr>
</tp1:TrackPointExtension>
</extensions>
</trkpt>
<trkpt lat="57.69823839" lon="14.2382815">
<ele>224.0</ele>
<time>2025-07-21T08:51:13Z</time>
<extensions>
<tp1:TrackPointExtension>
<tp1:hr>167</tp1:hr>
</tp1:TrackPointExtension>
</extensions>
</trkpt>
<trkpt lat="57.69824686" lon="14.23830279">
<ele>224.0</ele>
<time>2025-07-21T08:51:14Z</time>
<extensions>
<tp1:TrackPointExtension>
<tp1:hr>167</tp1:hr>
</tp1:TrackPointExtension>
</extensions>
</trkpt>
<trkpt lat="57.69830058" lon="14.23839399">
<ele>224.0</ele>
<time>2025-07-21T08:51:17Z</time>
<extensions>
<tp1:TrackPointExtension>
<tp1:hr>167</tp1:hr>
</tp1:TrackPointExtension>
</extensions>
</trkpt>
<trkpt lat="57.69840905" lon="14.23854821">
<ele>225.8</ele>
<time>2025-07-21T08:51:22Z</time>
<extensions>
<tp1:TrackPointExtension>
<tp1:hr>168</tp1:hr>
</tp1:TrackPointExtension>
</extensions>
</trkpt>
<trkpt lat="57.69842539" lon="14.23858283">
<ele>226.2</ele>
<time>2025-07-21T08:51:23Z</time>
<extensions>
<tp1:TrackPointExtension>
<tp1:hr>168</tp1:hr>
</tp1:TrackPointExtension>
</extensions>
</trkpt>
<trkpt lat="57.69844651" lon="14.23859842">
<ele>226.4</ele>
<time>2025-07-21T08:51:24Z</time>
<extensions>
<tp1:TrackPointExtension>
<tp1:hr>168</tp1:hr>
</tp1:TrackPointExtension>
</extensions>
</trkpt>
<trkpt lat="57.69853486" lon="14.2385685">
<ele>227.0</ele>
<time>2025-07-21T08:51:27Z</time>
<extensions>
<tp1:TrackPointExtension>
<tp1:hr>168</tp1:hr>
</tp1:TrackPointExtension>
</extensions>
</trkpt>
<trkpt lat="57.69867534" lon="14.23841737">
<ele>227.4</ele>
<time>2025-07-21T08:51:32Z</time>
<extensions>
<tp1:TrackPointExtension>
<tp1:hr>167</tp1:hr>
</tp1:TrackPointExtension>
</extensions>
</trkpt>
<trkpt lat="57.69880777" lon="14.23812191">
<ele>226.8</ele>
<time>2025-07-21T08:51:37Z</time>
<extensions>
<tp1:TrackPointExtension>
<tp1:hr>169</tp1:hr>
</tp1:TrackPointExtension>
</extensions>
</trkpt>
<trkpt lat="57.69889972" lon="14.23799031">
<ele>225.6</ele>
<time>2025-07-21T08:51:40Z</time>
<extensions>
<tp1:TrackPointExtension>
<tp1:hr>169</tp1:hr>
</tp1:TrackPointExtension>
</extensions>
</trkpt>
<trkpt lat="57.69894658" lon="14.23792988">
<ele>225.2</ele>
<time>2025-07-21T08:51:42Z</time>
<extensions>
<tp1:TrackPointExtension>
<tp1:hr>168</tp1:hr>
</tp1:TrackPointExtension>
</extensions>
</trkpt>
<trkpt lat="57.6990366" lon="14.23788562">
<ele>225.0</ele>
<time>2025-07-21T08:51:46Z</time>
<extensions>
<tp1:TrackPointExtension>
<tp1:hr>166</tp1:hr>
</tp1:TrackPointExtension>
</extensions>
</trkpt>
<trkpt lat="57.69904875" lon="14.23786945">
<ele>225.0</ele>
<time>2025-07-21T08:51:47Z</time>
<extensions>
<tp1:TrackPointExtension>
<tp1:hr>166</tp1:hr>
</tp1:TrackPointExtension>
</extensions>
</trkpt>
<trkpt lat="57.69907859" lon="14.23785042">
<ele>224.8</ele>
<time>2025-07-21T08:51:49Z</time>
<extensions>
<tp1:TrackPointExtension>
<tp1:hr>166</tp1:hr>
</tp1:TrackPointExtension>
</extensions>
</trkpt>
<trkpt lat="57.69915286" lon="14.23785428">
<ele>224.7</ele>
<time>2025-07-21T08:51:52Z</time>
<extensions>
<tp1:TrackPointExtension>
<tp1:hr>166</tp1:hr>
</tp1:TrackPointExtension>
</extensions>
</trkpt>
<trkpt lat="57.69922201" lon="14.23786811">
<ele>225.7</ele>
<time>2025-07-21T08:51:55Z</time>
<extensions>
<tp1:TrackPointExtension>
<tp1:hr>169</tp1:hr>
</tp1:TrackPointExtension>
</extensions>
</trkpt>
<trkpt lat="57.69930507" lon="14.2378593">
<ele>226.5</ele>
<time>2025-07-21T08:51:58Z</time>
<extensions>
<tp1:TrackPointExtension>
<tp1:hr>168</tp1:hr>
</tp1:TrackPointExtension>
</extensions>
</trkpt>
<trkpt lat="57.69932435" lon="14.23783726">
<ele>226.9</ele>
<time>2025-07-21T08:51:59Z</time>
<extensions>
<tp1:TrackPointExtension>
<tp1:hr>168</tp1:hr>
</tp1:TrackPointExtension>
</extensions>
</trkpt>
<trkpt lat="57.6993816" lon="14.23779275">
<ele>227.5</ele>
<time>2025-07-21T08:52:01Z</time>
<extensions>
<tp1:TrackPointExtension>
<tp1:hr>169</tp1:hr>
</tp1:TrackPointExtension>
</extensions>
</trkpt>
<trkpt lat="57.69944153" lon="14.23770516">
<ele>228.1</ele>
<time>2025-07-21T08:52:04Z</time>
<extensions>
<tp1:TrackPointExtension>
<tp1:hr>169</tp1:hr>
</tp1:TrackPointExtension>
</extensions>
</trkpt>
<trkpt lat="57.69955058" lon="14.23755689">
<ele>228.7</ele>
<time>2025-07-21T08:52:09Z</time>
<extensions>
<tp1:TrackPointExtension>
<tp1:hr>167</tp1:hr>
</tp1:TrackPointExtension>
</extensions>
</trkpt>
<trkpt lat="57.69956013" lon="14.23752487">
<ele>228.7</ele>
<time>2025-07-21T08:52:10Z</time>
<extensions>
<tp1:TrackPointExtension>
<tp1:hr>167</tp1:hr>
</tp1:TrackPointExtension>
</extensions>
</trkpt>
<trkpt lat="57.69961956" lon="14.23732429">
<ele>228.5</ele>
<time>2025-07-21T08:52:16Z</time>
<extensions>
<tp1:TrackPointExtension>
<tp1:hr>169</tp1:hr>
</tp1:TrackPointExtension>
</extensions>
</trkpt>
<trkpt lat="57.69968661" lon="14.2372367">
<ele>228.5</ele>
<time>2025-07-21T08:52:21Z</time>
<extensions>
<tp1:TrackPointExtension>
<tp1:hr>170</tp1:hr>
</tp1:TrackPointExtension>
</extensions>
</trkpt>
<trkpt lat="57.69977898" lon="14.23717945">
<ele>228.5</ele>
<time>2025-07-21T08:52:27Z</time>
<extensions>
<tp1:TrackPointExtension>
<tp1:hr>171</tp1:hr>
</tp1:TrackPointExtension>
</extensions>
</trkpt>
<trkpt lat="57.69988158" lon="14.23707283">
<ele>228.4</ele>
<time>2025-07-21T08:52:33Z</time>
<extensions>
<tp1:TrackPointExtension>
<tp1:hr>170</tp1:hr>
</tp1:TrackPointExtension>
</extensions>
</trkpt>
<trkpt lat="57.70002482" lon="14.23696982">
<ele>228.6</ele>
<time>2025-07-21T08:52:38Z</time>
<extensions>
<tp1:TrackPointExtension>
<tp1:hr>171</tp1:hr>
</tp1:TrackPointExtension>
</extensions>
</trkpt>
<trkpt lat="57.70013999" lon="14.23681995">
<ele>228.6</ele>
<time>2025-07-21T08:52:43Z</time>
<extensions>
<tp1:TrackPointExtension>
<tp1:hr>170</tp1:hr>
</tp1:TrackPointExtension>
</extensions>
</trkpt>
<trkpt lat="57.70025038" lon="14.23668701">
<ele>228.6</ele>
<time>2025-07-21T08:52:48Z</time>
<extensions>
<tp1:TrackPointExtension>
<tp1:hr>169</tp1:hr>
</tp1:TrackPointExtension>
</extensions>
</trkpt>
<trkpt lat="57.70038994" lon="14.23647378">
<ele>228.8</ele>
<time>2025-07-21T08:52:53Z</time>
<extensions>
<tp1:TrackPointExtension>
<tp1:hr>170</tp1:hr>
</tp1:TrackPointExtension>
</extensions>
</trkpt>
<trkpt lat="57.70041291" lon="14.23642759">
<ele>228.8</ele>
<time>2025-07-21T08:52:54Z</time>
<extensions>
<tp1:TrackPointExtension>
<tp1:hr>170</tp1:hr>
</tp1:TrackPointExtension>
</extensions>
</trkpt>
<trkpt lat="57.70051215" lon="14.23611788">
<ele>228.8</ele>
<time>2025-07-21T08:52:59Z</time>
<extensions>
<tp1:TrackPointExtension>
<tp1:hr>169</tp1:hr>
</tp1:TrackPointExtension>
</extensions>
</trkpt>
<trkpt lat="57.70057661" lon="14.23580524">
<ele>228.8</ele>
<time>2025-07-21T08:53:04Z</time>
<extensions>
<tp1:TrackPointExtension>
<tp1:hr>169</tp1:hr>
</tp1:TrackPointExtension>
</extensions>
</trkpt>
<trkpt lat="57.70062296" lon="14.23562125">
<ele>229.0</ele>
<time>2025-07-21T08:53:08Z</time>
<extensions>
<tp1:TrackPointExtension>
<tp1:hr>169</tp1:hr>
</tp1:TrackPointExtension>
</extensions>
</trkpt>
<trkpt lat="57.70064173" lon="14.23558622">
<ele>229.0</ele>
<time>2025-07-21T08:53:09Z</time>
<extensions>
<tp1:TrackPointExtension>
<tp1:hr>170</tp1:hr>
</tp1:TrackPointExtension>
</extensions>
</trkpt>
<trkpt lat="57.70073025" lon="14.23533635">
<ele>228.9</ele>
<time>2025-07-21T08:53:15Z</time>
<extensions>
<tp1:TrackPointExtension>
<tp1:hr>170</tp1:hr>
</tp1:TrackPointExtension>
</extensions>
</trkpt>
<trkpt lat="57.700789" lon="14.23507199">
<ele>228.9</ele>
<time>2025-07-21T08:53:21Z</time>
<extensions>
<tp1:TrackPointExtension>
<tp1:hr>170</tp1:hr>
</tp1:TrackPointExtension>
</extensions>
</trkpt>
<trkpt lat="57.70080015" lon="14.23497903">
<ele>228.9</ele>
<time>2025-07-21T08:53:23Z</time>
<extensions>
<tp1:TrackPointExtension>
<tp1:hr>170</tp1:hr>
</tp1:TrackPointExtension>
</extensions>
</trkpt>
<trkpt lat="57.70080484" lon="14.23483453">
<ele>228.9</ele>
<time>2025-07-21T08:53:26Z</time>
<extensions>
<tp1:TrackPointExtension>
<tp1:hr>169</tp1:hr>
</tp1:TrackPointExtension>
</extensions>
</trkpt>
<trkpt lat="57.70080065" lon="14.23458064">
<ele>228.9</ele>
<time>2025-07-21T08:53:31Z</time>
<extensions>
<tp1:TrackPointExtension>
<tp1:hr>168</tp1:hr>
</tp1:TrackPointExtension>
</extensions>
</trkpt>
<trkpt lat="57.70086888" lon="14.23431158">
<ele>229.1</ele>
<time>2025-07-21T08:53:37Z</time>
<extensions>
<tp1:TrackPointExtension>
<tp1:hr>168</tp1:hr>
</tp1:TrackPointExtension>
</extensions>
</trkpt>
<trkpt lat="57.70090685" lon="14.23398376">
<ele>229.1</ele>
<time>2025-07-21T08:53:43Z</time>
<extensions>
<tp1:TrackPointExtension>
<tp1:hr>169</tp1:hr>
</tp1:TrackPointExtension>
</extensions>
</trkpt>
<trkpt lat="57.70092932" lon="14.23383733">
<ele>229.3</ele>
<time>2025-07-21T08:53:47Z</time>
<extensions>
<tp1:TrackPointExtension>
<tp1:hr>170</tp1:hr>
</tp1:TrackPointExtension>
</extensions>
</trkpt>
<trkpt lat="57.70093552" lon="14.23380297">
<ele>229.3</ele>
<time>2025-07-21T08:53:49Z</time>
<extensions>
<tp1:TrackPointExtension>
<tp1:hr>170</tp1:hr>
</tp1:TrackPointExtension>
</extensions>
</trkpt>
<trkpt lat="57.70096921" lon="14.23379215">
<ele>229.3</ele>
<time>2025-07-21T08:53:52Z</time>
<extensions>
<tp1:TrackPointExtension>
<tp1:hr>170</tp1:hr>
</tp1:TrackPointExtension>
</extensions>
</trkpt>
<trkpt lat="57.70097835" lon="14.2337826">
<ele>229.3</ele>
<time>2025-07-21T08:53:53Z</time>
<extensions>
<tp1:TrackPointExtension>
<tp1:hr>170</tp1:hr>
</tp1:TrackPointExtension>
</extensions>
</trkpt>
<trkpt lat="57.70106887" lon="14.23361337">
<ele>229.4</ele>
<time>2025-07-21T08:53:59Z</time>
<extensions>
<tp1:TrackPointExtension>
<tp1:hr>169</tp1:hr>
</tp1:TrackPointExtension>
</extensions>
</trkpt>
<trkpt lat="57.70108807" lon="14.23345344">
<ele>229.4</ele>
<time>2025-07-21T08:54:03Z</time>
<extensions>
<tp1:TrackPointExtension>
<tp1:hr>169</tp1:hr>
</tp1:TrackPointExtension>
</extensions>
</trkpt>
<trkpt lat="57.70109662" lon="14.23341606">
<ele>229.4</ele>
<time>2025-07-21T08:54:04Z</time>
<extensions>
<tp1:TrackPointExtension>
<tp1:hr>169</tp1:hr>
</tp1:TrackPointExtension>
</extensions>
</trkpt>
<trkpt lat="57.70112344" lon="14.23326091">
<ele>229.6</ele>
<time>2025-07-21T08:54:08Z</time>
<extensions>
<tp1:TrackPointExtension>
<tp1:hr>169</tp1:hr>
</tp1:TrackPointExtension>
</extensions>
</trkpt>
<trkpt lat="57.70114708" lon="14.23299847">
<ele>229.6</ele>
<time>2025-07-21T08:54:13Z</time>
<extensions>
<tp1:TrackPointExtension>
<tp1:hr>169</tp1:hr>
</tp1:TrackPointExtension>
</extensions>
</trkpt>
<trkpt lat="57.70121975" lon="14.2326585">
<ele>229.6</ele>
<time>2025-07-21T08:54:19Z</time>
<extensions>
<tp1:TrackPointExtension>
<tp1:hr>168</tp1:hr>
</tp1:TrackPointExtension>
</extensions>
</trkpt>
<trkpt lat="57.70125655" lon="14.23252624">
<ele>229.6</ele>
<time>2025-07-21T08:54:22Z</time>
<extensions>
<tp1:TrackPointExtension>
<tp1:hr>168</tp1:hr>
</tp1:TrackPointExtension>
</extensions>
</trkpt>
<trkpt lat="57.70128848" lon="14.23243487">
<ele>229.6</ele>
<time>2025-07-21T08:54:24Z</time>
<extensions>
<tp1:TrackPointExtension>
<tp1:hr>169</tp1:hr>
</tp1:TrackPointExtension>
</extensions>
</trkpt>
<trkpt lat="57.70136693" lon="14.2321488">
<ele>229.4</ele>
<time>2025-07-21T08:54:30Z</time>
<extensions>
<tp1:TrackPointExtension>
<tp1:hr>168</tp1:hr>
</tp1:TrackPointExtension>
</extensions>
</trkpt>
<trkpt lat="57.70140231" lon="14.23191469">
<ele>229.4</ele>
<time>2025-07-21T08:54:34Z</time>
<extensions>
<tp1:TrackPointExtension>
<tp1:hr>168</tp1:hr>
</tp1:TrackPointExtension>
</extensions>
</trkpt>
<trkpt lat="57.70143156" lon="14.23166743">
<ele>229.1</ele>
<time>2025-07-21T08:54:39Z</time>
<extensions>
<tp1:TrackPointExtension>
<tp1:hr>167</tp1:hr>
</tp1:TrackPointExtension>
</extensions>
</trkpt>
<trkpt lat="57.70149509" lon="14.23140113">
<ele>228.9</ele>
<time>2025-07-21T08:54:44Z</time>
<extensions>
<tp1:TrackPointExtension>
<tp1:hr>167</tp1:hr>
</tp1:TrackPointExtension>
</extensions>
</trkpt>
<trkpt lat="57.70157967" lon="14.23117775">
<ele>228.5</ele>
<time>2025-07-21T08:54:50Z</time>
<extensions>
<tp1:TrackPointExtension>
<tp1:hr>167</tp1:hr>
</tp1:TrackPointExtension>
</extensions>
</trkpt>
<trkpt lat="57.70164873" lon="14.23088933">
<ele>228.3</ele>
<time>2025-07-21T08:54:58Z</time>
<extensions>
<tp1:TrackPointExtension>
<tp1:hr>167</tp1:hr>
</tp1:TrackPointExtension>
</extensions>
</trkpt>
<trkpt lat="57.70164815" lon="14.2308496">
<ele>228.3</ele>
<time>2025-07-21T08:54:59Z</time>
<extensions>
<tp1:TrackPointExtension>
<tp1:hr>167</tp1:hr>
</tp1:TrackPointExtension>
</extensions>
</trkpt>
<trkpt lat="57.70163842" lon="14.23078892">
<ele>228.3</ele>
<time>2025-07-21T08:55:00Z</time>
<extensions>
<tp1:TrackPointExtension>
<tp1:hr>167</tp1:hr>
</tp1:TrackPointExtension>
</extensions>
</trkpt>
<trkpt lat="57.70162853" lon="14.23068004">
<ele>228.3</ele>
<time>2025-07-21T08:55:02Z</time>
<extensions>
<tp1:TrackPointExtension>
<tp1:hr>167</tp1:hr>
</tp1:TrackPointExtension>
</extensions>
</trkpt>
<trkpt lat="57.70162535" lon="14.23045591">
<ele>228.1</ele>
<time>2025-07-21T08:55:07Z</time>
<extensions>
<tp1:TrackPointExtension>
<tp1:hr>166</tp1:hr>
</tp1:TrackPointExtension>
</extensions>
</trkpt>
<trkpt lat="57.70166416" lon="14.23018458">
<ele>227.9</ele>
<time>2025-07-21T08:55:12Z</time>
<extensions>
<tp1:TrackPointExtension>
<tp1:hr>167</tp1:hr>
</tp1:TrackPointExtension>
</extensions>
</trkpt>
<trkpt lat="57.7017126" lon="14.22982374">
<ele>227.6</ele>
<time>2025-07-21T08:55:18Z</time>
<extensions>
<tp1:TrackPointExtension>
<tp1:hr>167</tp1:hr>
</tp1:TrackPointExtension>
</extensions>
</trkpt>
<trkpt lat="57.70177798" lon="14.22955502">
<ele>227.6</ele>
<time>2025-07-21T08:55:23Z</time>
<extensions>
<tp1:TrackPointExtension>
<tp1:hr>167</tp1:hr>
</tp1:TrackPointExtension>
</extensions>
</trkpt>
<trkpt lat="57.70190447" lon="14.22930314">
<ele>227.4</ele>
<time>2025-07-21T08:55:28Z</time>
<extensions>
<tp1:TrackPointExtension>
<tp1:hr>167</tp1:hr>
</tp1:TrackPointExtension>
</extensions>
</trkpt>
<trkpt lat="57.70191746" lon="14.22925428">
<ele>227.4</ele>
<time>2025-07-21T08:55:29Z</time>
<extensions>
<tp1:TrackPointExtension>
<tp1:hr>167</tp1:hr>
</tp1:TrackPointExtension>
</extensions>
</trkpt>
<trkpt lat="57.70196825" lon="14.22911732">
<ele>227.2</ele>
<time>2025-07-21T08:55:32Z</time>
<extensions>
<tp1:TrackPointExtension>
<tp1:hr>166</tp1:hr>
</tp1:TrackPointExtension>
</extensions>
</trkpt>
<trkpt lat="57.70199692" lon="14.22897097">
<ele>227.2</ele>
<time>2025-07-21T08:55:35Z</time>
<extensions>
<tp1:TrackPointExtension>
<tp1:hr>167</tp1:hr>
</tp1:TrackPointExtension>
</extensions>
</trkpt>
<trkpt lat="57.70198518" lon="14.22874181">
<ele>227.0</ele>
<time>2025-07-21T08:55:38Z</time>
<extensions>
<tp1:TrackPointExtension>
<tp1:hr>166</tp1:hr>
</tp1:TrackPointExtension>
</extensions>
</trkpt>
<trkpt lat="57.7019887" lon="14.22869185">
<ele>227.0</ele>
<time>2025-07-21T08:55:39Z</time>
<extensions>
<tp1:TrackPointExtension>
<tp1:hr>166</tp1:hr>
</tp1:TrackPointExtension>
</extensions>
</trkpt>
<trkpt lat="57.70201972" lon="14.22834434">
<ele>226.8</ele>
<time>2025-07-21T08:55:45Z</time>
<extensions>
<tp1:TrackPointExtension>
<tp1:hr>167</tp1:hr>
</tp1:TrackPointExtension>
</extensions>
</trkpt>
<trkpt lat="57.70202433" lon="14.22827141">
<ele>226.8</ele>
<time>2025-07-21T08:55:46Z</time>
<extensions>
<tp1:TrackPointExtension>
<tp1:hr>166</tp1:hr>
</tp1:TrackPointExtension>
</extensions>
</trkpt>
<trkpt lat="57.7020768" lon="14.22793304">
<ele>226.6</ele>
<time>2025-07-21T08:55:52Z</time>
<extensions>
<tp1:TrackPointExtension>
<tp1:hr>165</tp1:hr>
</tp1:TrackPointExtension>
</extensions>
</trkpt>
<trkpt lat="57.70215869" lon="14.2276312">
<ele>226.6</ele>
<time>2025-07-21T08:55:57Z</time>
<extensions>
<tp1:TrackPointExtension>
<tp1:hr>165</tp1:hr>
</tp1:TrackPointExtension>
</extensions>
</trkpt>
<trkpt lat="57.70229389" lon="14.22743733">
<ele>226.5</ele>
<time>2025-07-21T08:56:02Z</time>
<extensions>
<tp1:TrackPointExtension>
<tp1:hr>166</tp1:hr>
</tp1:TrackPointExtension>
</extensions>
</trkpt>
<trkpt lat="57.70232918" lon="14.22730481">
<ele>226.3</ele>
<time>2025-07-21T08:56:05Z</time>
<extensions>
<tp1:TrackPointExtension>
<tp1:hr>166</tp1:hr>
</tp1:TrackPointExtension>
</extensions>
</trkpt>
<trkpt lat="57.70232365" lon="14.22725569">
<ele>226.3</ele>
<time>2025-07-21T08:56:06Z</time>
<extensions>
<tp1:TrackPointExtension>
<tp1:hr>166</tp1:hr>
</tp1:TrackPointExtension>
</extensions>
</trkpt>
<trkpt lat="57.70224703" lon="14.22698496">
<ele>226.3</ele>
<time>2025-07-21T08:56:10Z</time>
<extensions>
<tp1:TrackPointExtension>
<tp1:hr>166</tp1:hr>
</tp1:TrackPointExtension>
</extensions>
</trkpt>
<trkpt lat="57.70225056" lon="14.22670576">
<ele>226.1</ele>
<time>2025-07-21T08:56:14Z</time>
<extensions>
<tp1:TrackPointExtension>
<tp1:hr>165</tp1:hr>
</tp1:TrackPointExtension>
</extensions>
</trkpt>
<trkpt lat="57.70231191" lon="14.22638473">
<ele>225.9</ele>
<time>2025-07-21T08:56:18Z</time>
<extensions>
<tp1:TrackPointExtension>
<tp1:hr>167</tp1:hr>
</tp1:TrackPointExtension>
</extensions>
</trkpt>
<trkpt lat="57.70241082" lon="14.22609941">
<ele>225.9</ele>
<time>2025-07-21T08:56:23Z</time>
<extensions>
<tp1:TrackPointExtension>
<tp1:hr>167</tp1:hr>
</tp1:TrackPointExtension>
</extensions>
</trkpt>
<trkpt lat="57.70254459" lon="14.22585097">
<ele>225.7</ele>
<time>2025-07-21T08:56:29Z</time>
<extensions>
<tp1:TrackPointExtension>
<tp1:hr>166</tp1:hr>
</tp1:TrackPointExtension>
</extensions>
</trkpt>
<trkpt lat="57.70257041" lon="14.22579389">
<ele>225.7</ele>
<time>2025-07-21T08:56:30Z</time>
<extensions>
<tp1:TrackPointExtension>
<tp1:hr>166</tp1:hr>
</tp1:TrackPointExtension>
</extensions>
</trkpt>
<trkpt lat="57.70270946" lon="14.22549047">
<ele>225.5</ele>
<time>2025-07-21T08:56:35Z</time>
<extensions>
<tp1:TrackPointExtension>
<tp1:hr>166</tp1:hr>
</tp1:TrackPointExtension>
</extensions>
</trkpt>
<trkpt lat="57.70284274" lon="14.22521655">
<ele>225.4</ele>
<time>2025-07-21T08:56:41Z</time>
<extensions>
<tp1:TrackPointExtension>
<tp1:hr>165</tp1:hr>
</tp1:TrackPointExtension>
</extensions>
</trkpt>
<trkpt lat="57.70294642" lon="14.22488898">
<ele>225.4</ele>
<time>2025-07-21T08:56:46Z</time>
<extensions>
<tp1:TrackPointExtension>
<tp1:hr>165</tp1:hr>
</tp1:TrackPointExtension>
</extensions>
</trkpt>
<trkpt lat="57.70297391" lon="14.2245791">
<ele>225.4</ele>
<time>2025-07-21T08:56:50Z</time>
<extensions>
<tp1:TrackPointExtension>
<tp1:hr>165</tp1:hr>
</tp1:TrackPointExtension>
</extensions>
</trkpt>
<trkpt lat="57.70298179" lon="14.22421206">
<ele>225.4</ele>
<time>2025-07-21T08:56:55Z</time>
<extensions>
<tp1:TrackPointExtension>
<tp1:hr>165</tp1:hr>
</tp1:TrackPointExtension>
</extensions>
</trkpt>
<trkpt lat="57.70299051" lon="14.22413897">
<ele>225.4</ele>
<time>2025-07-21T08:56:56Z</time>
<extensions>
<tp1:TrackPointExtension>
<tp1:hr>165</tp1:hr>
</tp1:TrackPointExtension>
</extensions>
</trkpt>
<trkpt lat="57.7030491" lon="14.2237886">
<ele>225.2</ele>
<time>2025-07-21T08:57:02Z</time>
<extensions>
<tp1:TrackPointExtension>
<tp1:hr>165</tp1:hr>
</tp1:TrackPointExtension>
</extensions>
</trkpt>
<trkpt lat="57.70310526" lon="14.22341913">
<ele>225.0</ele>
<time>2025-07-21T08:57:08Z</time>
<extensions>
<tp1:TrackPointExtension>
<tp1:hr>165</tp1:hr>
</tp1:TrackPointExtension>
</extensions>
</trkpt>
<trkpt lat="57.70320651" lon="14.22330597">
<ele>224.8</ele>
<time>2025-07-21T08:57:13Z</time>
<extensions>
<tp1:TrackPointExtension>
<tp1:hr>165</tp1:hr>
</tp1:TrackPointExtension>
</extensions>
</trkpt>
<trkpt lat="57.70335973" lon="14.22310431">
<ele>224.8</ele>
<time>2025-07-21T08:57:20Z</time>
<extensions>
<tp1:TrackPointExtension>
<tp1:hr>165</tp1:hr>
</tp1:TrackPointExtension>
</extensions>
</trkpt>
<trkpt lat="57.70353542" lon="14.2228873">
<ele>224.5</ele>
<time>2025-07-21T08:57:26Z</time>
<extensions>
<tp1:TrackPointExtension>
<tp1:hr>165</tp1:hr>
</tp1:TrackPointExtension>
</extensions>
</trkpt>
<trkpt lat="57.70357431" lon="14.22283533">
<ele>224.5</ele>
<time>2025-07-21T08:57:27Z</time>
<extensions>
<tp1:TrackPointExtension>
<tp1:hr>165</tp1:hr>
</tp1:TrackPointExtension>
</extensions>
</trkpt>
<trkpt lat="57.70375301" lon="14.22271891">
<ele>224.5</ele>
<time>2025-07-21T08:57:30Z</time>
<extensions>
<tp1:TrackPointExtension>
<tp1:hr>165</tp1:hr>
</tp1:TrackPointExtension>
</extensions>
</trkpt>
<trkpt lat="57.70383608" lon="14.22267046">
<ele>224.5</ele>
<time>2025-07-21T08:57:32Z</time>
<extensions>
<tp1:TrackPointExtension>
<tp1:hr>165</tp1:hr>
</tp1:TrackPointExtension>
</extensions>
</trkpt>
<trkpt lat="57.70402727" lon="14.22253652">
<ele>224.5</ele>
<time>2025-07-21T08:57:37Z</time>
<extensions>
<tp1:TrackPointExtension>
<tp1:hr>165</tp1:hr>
</tp1:TrackPointExtension>
</extensions>
</trkpt>
<trkpt lat="57.70409608" lon="14.22249394">
<ele>224.3</ele>
<time>2025-07-21T08:57:39Z</time>
<extensions>
<tp1:TrackPointExtension>
<tp1:hr>165</tp1:hr>
</tp1:TrackPointExtension>
</extensions>
</trkpt>
<trkpt lat="57.70429356" lon="14.22236678">
<ele>224.3</ele>
<time>2025-07-21T08:57:44Z</time>
<extensions>
<tp1:TrackPointExtension>
<tp1:hr>165</tp1:hr>
</tp1:TrackPointExtension>
</extensions>
</trkpt>
<trkpt lat="57.70438777" lon="14.22213452">
<ele>224.1</ele>
<time>2025-07-21T08:57:49Z</time>
<extensions>
<tp1:TrackPointExtension>
<tp1:hr>161</tp1:hr>
</tp1:TrackPointExtension>
</extensions>
</trkpt>
<trkpt lat="57.70442843" lon="14.22181232">
<ele>224.1</ele>
<time>2025-07-21T08:57:54Z</time>
<extensions>
<tp1:TrackPointExtension>
<tp1:hr>160</tp1:hr>
</tp1:TrackPointExtension>
</extensions>
</trkpt>
<trkpt lat="57.70445072" lon="14.22163923">
<ele>224.1</ele>
<time>2025-07-21T08:57:57Z</time>
<extensions>
<tp1:TrackPointExtension>
<tp1:hr>165</tp1:hr>
</tp1:TrackPointExtension>
</extensions>
</trkpt>
<trkpt lat="57.70447562" lon="14.22148341">
<ele>223.9</ele>
<time>2025-07-21T08:58:00Z</time>
<extensions>
<tp1:TrackPointExtension>
<tp1:hr>164</tp1:hr>
</tp1:TrackPointExtension>
</extensions>
</trkpt>
<trkpt lat="57.70450219" lon="14.22117521">
<ele>223.8</ele>
<time>2025-07-21T08:58:05Z</time>
<extensions>
<tp1:TrackPointExtension>
<tp1:hr>164</tp1:hr>
</tp1:TrackPointExtension>
</extensions>
</trkpt>
<trkpt lat="57.70450294" lon="14.22111453">
<ele>223.8</ele>
<time>2025-07-21T08:58:06Z</time>
<extensions>
<tp1:TrackPointExtension>
<tp1:hr>164</tp1:hr>
</tp1:TrackPointExtension>
</extensions>
</trkpt>
<trkpt lat="57.70450009" lon="14.22104898">
<ele>223.8</ele>
<time>2025-07-21T08:58:07Z</time>
<extensions>
<tp1:TrackPointExtension>
<tp1:hr>164</tp1:hr>
</tp1:TrackPointExtension>
</extensions>
</trkpt>
<trkpt lat="57.70452742" lon="14.22089861">
<ele>223.8</ele>
<time>2025-07-21T08:58:10Z</time>
<extensions>
<tp1:TrackPointExtension>
<tp1:hr>164</tp1:hr>
</tp1:TrackPointExtension>
</extensions>
</trkpt>
<trkpt lat="57.70455164" lon="14.22086651">
<ele>223.8</ele>
<time>2025-07-21T08:58:11Z</time>
<extensions>
<tp1:TrackPointExtension>
<tp1:hr>164</tp1:hr>
</tp1:TrackPointExtension>
</extensions>
</trkpt>
<trkpt lat="57.70467821" lon="14.22077497">
<ele>223.6</ele>
<time>2025-07-21T08:58:16Z</time>
<extensions>
<tp1:TrackPointExtension>
<tp1:hr>164</tp1:hr>
</tp1:TrackPointExtension>
</extensions>
</trkpt>
<trkpt lat="57.70482246" lon="14.22060063">
<ele>223.6</ele>
<time>2025-07-21T08:58:21Z</time>
<extensions>
<tp1:TrackPointExtension>
<tp1:hr>164</tp1:hr>
</tp1:TrackPointExtension>
</extensions>
</trkpt>
<trkpt lat="57.70499454" lon="14.22040625">
<ele>223.6</ele>
<time>2025-07-21T08:58:27Z</time>
<extensions>
<tp1:TrackPointExtension>
<tp1:hr>164</tp1:hr>
</tp1:TrackPointExtension>
</extensions>
</trkpt>
<trkpt lat="57.70519897" lon="14.22031213">
<ele>223.4</ele>
<time>2025-07-21T08:58:33Z</time>
<extensions>
<tp1:TrackPointExtension>
<tp1:hr>164</tp1:hr>
</tp1:TrackPointExtension>
</extensions>
</trkpt>
<trkpt lat="57.70523862" lon="14.22029587">
<ele>223.6</ele>
<time>2025-07-21T08:58:34Z</time>
<extensions>
<tp1:TrackPointExtension>
<tp1:hr>164</tp1:hr>
</tp1:TrackPointExtension>
</extensions>
</trkpt>
<trkpt lat="57.70536519" lon="14.22021783">
<ele>223.4</ele>
<time>2025-07-21T08:58:39Z</time>
<extensions>
<tp1:TrackPointExtension>
<tp1:hr>164</tp1:hr>
</tp1:TrackPointExtension>
</extensions>
</trkpt>
<trkpt lat="57.70554749" lon="14.22009554">
<ele>223.5</ele>
<time>2025-07-21T08:58:45Z</time>
<extensions>
<tp1:TrackPointExtension>
<tp1:hr>165</tp1:hr>
</tp1:TrackPointExtension>
</extensions>
</trkpt>
<trkpt lat="57.70557406" lon="14.22007316">
<ele>223.5</ele>
<time>2025-07-21T08:58:46Z</time>
<extensions>
<tp1:TrackPointExtension>
<tp1:hr>165</tp1:hr>
</tp1:TrackPointExtension>
</extensions>
</trkpt>
<trkpt lat="57.70578546" lon="14.21999454">
<ele>223.9</ele>
<time>2025-07-21T08:58:50Z</time>
<extensions>
<tp1:TrackPointExtension>
<tp1:hr>164</tp1:hr>
</tp1:TrackPointExtension>
</extensions>
</trkpt>
<trkpt lat="57.70585896" lon="14.21994399">
<ele>224.1</ele>
<time>2025-07-21T08:58:52Z</time>
<extensions>
<tp1:TrackPointExtension>
<tp1:hr>163</tp1:hr>
</tp1:TrackPointExtension>
</extensions>
</trkpt>
<trkpt lat="57.70601445" lon="14.2197098">
<ele>224.1</ele>
<time>2025-07-21T08:58:57Z</time>
<extensions>
<tp1:TrackPointExtension>
<tp1:hr>163</tp1:hr>
</tp1:TrackPointExtension>
</extensions>
</trkpt>
<trkpt lat="57.70604102" lon="14.21966236">
<ele>224.1</ele>
<time>2025-07-21T08:58:58Z</time>
<extensions>
<tp1:TrackPointExtension>
<tp1:hr>163</tp1:hr>
</tp1:TrackPointExtension>
</extensions>
</trkpt>
<trkpt lat="57.70621092" lon="14.21951425">
<ele>224.1</ele>
<time>2025-07-21T08:59:03Z</time>
<extensions>
<tp1:TrackPointExtension>
<tp1:hr>165</tp1:hr>
</tp1:TrackPointExtension>
</extensions>
</trkpt>
<trkpt lat="57.70636079" lon="14.21940956">
<ele>224.1</ele>
<time>2025-07-21T08:59:07Z</time>
<extensions>
<tp1:TrackPointExtension>
<tp1:hr>164</tp1:hr>
</tp1:TrackPointExtension>
</extensions>
</trkpt>
<trkpt lat="57.70655952" lon="14.21929071">
<ele>224.3</ele>
<time>2025-07-21T08:59:13Z</time>
<extensions>
<tp1:TrackPointExtension>
<tp1:hr>164</tp1:hr>
</tp1:TrackPointExtension>
</extensions>
</trkpt>
<trkpt lat="57.70673705" lon="14.21921326">
<ele>224.3</ele>
<time>2025-07-21T08:59:19Z</time>
<extensions>
<tp1:TrackPointExtension>
<tp1:hr>166</tp1:hr>
</tp1:TrackPointExtension>
</extensions>
</trkpt>
<trkpt lat="57.7069181" lon="14.21912466">
<ele>224.6</ele>
<time>2025-07-21T08:59:25Z</time>
<extensions>
<tp1:TrackPointExtension>
<tp1:hr>167</tp1:hr>
</tp1:TrackPointExtension>
</extensions>
</trkpt>
<trkpt lat="57.70702983" lon="14.21909264">
<ele>224.6</ele>
<time>2025-07-21T08:59:28Z</time>
<extensions>
<tp1:TrackPointExtension>
<tp1:hr>166</tp1:hr>
</tp1:TrackPointExtension>
</extensions>
</trkpt>
<trkpt lat="57.70712866" lon="14.21904017">
<ele>224.8</ele>
<time>2025-07-21T08:59:31Z</time>
<extensions>
<tp1:TrackPointExtension>
<tp1:hr>166</tp1:hr>
</tp1:TrackPointExtension>
</extensions>
</trkpt>
<trkpt lat="57.70730996" lon="14.21896121">
<ele>224.8</ele>
<time>2025-07-21T08:59:35Z</time>
<extensions>
<tp1:TrackPointExtension>
<tp1:hr>165</tp1:hr>
</tp1:TrackPointExtension>
</extensions>
</trkpt>
<trkpt lat="57.70740509" lon="14.21892894">
<ele>224.8</ele>
<time>2025-07-21T08:59:37Z</time>
<extensions>
<tp1:TrackPointExtension>
<tp1:hr>165</tp1:hr>
</tp1:TrackPointExtension>
</extensions>
</trkpt>
<trkpt lat="57.70754389" lon="14.2188924">
<ele>225.0</ele>
<time>2025-07-21T08:59:40Z</time>
<extensions>
<tp1:TrackPointExtension>
<tp1:hr>164</tp1:hr>
</tp1:TrackPointExtension>
</extensions>
</trkpt>
<trkpt lat="57.70773509" lon="14.21885317">
<ele>225.0</ele>
<time>2025-07-21T08:59:44Z</time>
<extensions>
<tp1:TrackPointExtension>
<tp1:hr>166</tp1:hr>
</tp1:TrackPointExtension>
</extensions>
</trkpt>
<trkpt lat="57.70778378" lon="14.2188416">
<ele>225.0</ele>
<time>2025-07-21T08:59:45Z</time>
<extensions>
<tp1:TrackPointExtension>
<tp1:hr>167</tp1:hr>
</tp1:TrackPointExtension>
</extensions>
</trkpt>
<trkpt lat="57.70783089" lon="14.21883062">
<ele>225.0</ele>
<time>2025-07-21T08:59:46Z</time>
<extensions>
<tp1:TrackPointExtension>
<tp1:hr>165</tp1:hr>
</tp1:TrackPointExtension>
</extensions>
</trkpt>
<trkpt lat="57.70787196" lon="14.21881872">
<ele>225.0</ele>
<time>2025-07-21T08:59:47Z</time>
<extensions>
<tp1:TrackPointExtension>
<tp1:hr>165</tp1:hr>
</tp1:TrackPointExtension>
</extensions>
</trkpt>
<trkpt lat="57.70795377" lon="14.2187955">
<ele>224.8</ele>
<time>2025-07-21T08:59:49Z</time>
<extensions>
<tp1:TrackPointExtension>
<tp1:hr>165</tp1:hr>
</tp1:TrackPointExtension>
</extensions>
</trkpt>
<trkpt lat="57.70803935" lon="14.21877413">
<ele>224.8</ele>
<time>2025-07-21T08:59:51Z</time>
<extensions>
<tp1:TrackPointExtension>
<tp1:hr>165</tp1:hr>
</tp1:TrackPointExtension>
</extensions>
</trkpt>
<trkpt lat="57.70807514" lon="14.21876214">
<ele>224.8</ele>
<time>2025-07-21T08:59:52Z</time>
<extensions>
<tp1:TrackPointExtension>
<tp1:hr>165</tp1:hr>
</tp1:TrackPointExtension>
</extensions>
</trkpt>
<trkpt lat="57.70814504" lon="14.2187489">
<ele>224.8</ele>
<time>2025-07-21T08:59:54Z</time>
<extensions>
<tp1:TrackPointExtension>
<tp1:hr>165</tp1:hr>
</tp1:TrackPointExtension>
</extensions>
</trkpt>
<trkpt lat="57.70821822" lon="14.218752">
<ele>224.8</ele>
<time>2025-07-21T08:59:56Z</time>
<extensions>
<tp1:TrackPointExtension>
<tp1:hr>165</tp1:hr>
</tp1:TrackPointExtension>
</extensions>
</trkpt>
<trkpt lat="57.70840438" lon="14.21875921">
<ele>224.6</ele>
<time>2025-07-21T09:00:01Z</time>
<extensions>
<tp1:TrackPointExtension>
<tp1:hr>165</tp1:hr>
</tp1:TrackPointExtension>
</extensions>
</trkpt>
<trkpt lat="57.70843917" lon="14.21875661">
<ele>224.6</ele>
<time>2025-07-21T09:00:02Z</time>
<extensions>
<tp1:TrackPointExtension>
<tp1:hr>165</tp1:hr>
</tp1:TrackPointExtension>
</extensions>
</trkpt>
<trkpt lat="57.70856406" lon="14.21878888">
<ele>224.5</ele>
<time>2025-07-21T09:00:06Z</time>
<extensions>
<tp1:TrackPointExtension>
<tp1:hr>165</tp1:hr>
</tp1:TrackPointExtension>
</extensions>
</trkpt>
<trkpt lat="57.70869289" lon="14.21887404">
<ele>224.5</ele>
<time>2025-07-21T09:00:12Z</time>
<extensions>
<tp1:TrackPointExtension>
<tp1:hr>165</tp1:hr>
</tp1:TrackPointExtension>
</extensions>
</trkpt>
<trkpt lat="57.70870655" lon="14.21888276">
<ele>224.5</ele>
<time>2025-07-21T09:00:13Z</time>
<extensions>
<tp1:TrackPointExtension>
<tp1:hr>165</tp1:hr>
</tp1:TrackPointExtension>
</extensions>
</trkpt>
<trkpt lat="57.70877134" lon="14.21898326">
<ele>224.5</ele>
<time>2025-07-21T09:00:16Z</time>
<extensions>
<tp1:TrackPointExtension>
<tp1:hr>165</tp1:hr>
</tp1:TrackPointExtension>
</extensions>
</trkpt>
<trkpt lat="57.70887109" lon="14.21919758">
<ele>224.3</ele>
<time>2025-07-21T09:00:21Z</time>
<extensions>
<tp1:TrackPointExtension>
<tp1:hr>164</tp1:hr>
</tp1:TrackPointExtension>
</extensions>
</trkpt>
<trkpt lat="57.70897578" lon="14.21939448">
<ele>224.3</ele>
<time>2025-07-21T09:00:25Z</time>
<extensions>
<tp1:TrackPointExtension>
<tp1:hr>164</tp1:hr>
</tp1:TrackPointExtension>
</extensions>
</trkpt>
<trkpt lat="57.70902196" lon="14.2194824">
<ele>224.3</ele>
<time>2025-07-21T09:00:27Z</time>
<extensions>
<tp1:TrackPointExtension>
<tp1:hr>164</tp1:hr>
</tp1:TrackPointExtension>
</extensions>
</trkpt>
<trkpt lat="57.70914308" lon="14.21970494">
<ele>224.3</ele>
<time>2025-07-21T09:00:32Z</time>
<extensions>
<tp1:TrackPointExtension>
<tp1:hr>164</tp1:hr>
</tp1:TrackPointExtension>
</extensions>
</trkpt>
<trkpt lat="57.70930745" lon="14.21990829">
<ele>224.3</ele>
<time>2025-07-21T09:00:37Z</time>
<extensions>
<tp1:TrackPointExtension>
<tp1:hr>164</tp1:hr>
</tp1:TrackPointExtension>
</extensions>
</trkpt>
<trkpt lat="57.70937836" lon="14.21994047">
<ele>224.3</ele>
<time>2025-07-21T09:00:38Z</time>
<extensions>
<tp1:TrackPointExtension>
<tp1:hr>165</tp1:hr>
</tp1:TrackPointExtension>
</extensions>
</trkpt>
<trkpt lat="57.70953594" lon="14.22000518">
<ele>224.5</ele>
<time>2025-07-21T09:00:44Z</time>
<extensions>
<tp1:TrackPointExtension>
<tp1:hr>168</tp1:hr>
</tp1:TrackPointExtension>
</extensions>
</trkpt>
<trkpt lat="57.70959335" lon="14.22001231">
<ele>224.5</ele>
<time>2025-07-21T09:00:46Z</time>
<extensions>
<tp1:TrackPointExtension>
<tp1:hr>168</tp1:hr>
</tp1:TrackPointExtension>
</extensions>
</trkpt>
<trkpt lat="57.70965572" lon="14.22003007">
<ele>224.4</ele>
<time>2025-07-21T09:00:48Z</time>
<extensions>
<tp1:TrackPointExtension>
<tp1:hr>165</tp1:hr>
</tp1:TrackPointExtension>
</extensions>
</trkpt>
<trkpt lat="57.709719" lon="14.22011222">
<ele>224.4</ele>
<time>2025-07-21T09:00:51Z</time>
<extensions>
<tp1:TrackPointExtension>
<tp1:hr>165</tp1:hr>
</tp1:TrackPointExtension>
</extensions>
</trkpt>
<trkpt lat="57.70987281" lon="14.22036393">
<ele>224.4</ele>
<time>2025-07-21T09:00:57Z</time>
<extensions>
<tp1:TrackPointExtension>
<tp1:hr>165</tp1:hr>
</tp1:TrackPointExtension>
</extensions>
</trkpt>
<trkpt lat="57.70998898" lon="14.22053659">
<ele>224.4</ele>
<time>2025-07-21T09:01:01Z</time>
<extensions>
<tp1:TrackPointExtension>
<tp1:hr>164</tp1:hr>
</tp1:TrackPointExtension>
</extensions>
</trkpt>
<trkpt lat="57.70999853" lon="14.22059502">
<ele>224.4</ele>
<time>2025-07-21T09:01:02Z</time>
<extensions>
<tp1:TrackPointExtension>
<tp1:hr>164</tp1:hr>
</tp1:TrackPointExtension>
</extensions>
</trkpt>
<trkpt lat="57.71003684" lon="14.22087975">
<ele>224.4</ele>
<time>2025-07-21T09:01:07Z</time>
<extensions>
<tp1:TrackPointExtension>
<tp1:hr>164</tp1:hr>
</tp1:TrackPointExtension>
</extensions>
</trkpt>
<trkpt lat="57.71005184" lon="14.22096793">
<ele>224.4</ele>
<time>2025-07-21T09:01:10Z</time>
<extensions>
<tp1:TrackPointExtension>
<tp1:hr>164</tp1:hr>
</tp1:TrackPointExtension>
</extensions>
</trkpt>
<trkpt lat="57.71006324" lon="14.22102232">
<ele>224.4</ele>
<time>2025-07-21T09:01:12Z</time>
<extensions>
<tp1:TrackPointExtension>
<tp1:hr>164</tp1:hr>
</tp1:TrackPointExtension>
</extensions>
</trkpt>
<trkpt lat="57.71008118" lon="14.22109064">
<ele>224.4</ele>
<time>2025-07-21T09:01:14Z</time>
<extensions>
<tp1:TrackPointExtension>
<tp1:hr>163</tp1:hr>
</tp1:TrackPointExtension>
</extensions>
</trkpt>
<trkpt lat="57.71014421" lon="14.22122098">
<ele>224.2</ele>
<time>2025-07-21T09:01:17Z</time>
<extensions>
<tp1:TrackPointExtension>
<tp1:hr>163</tp1:hr>
</tp1:TrackPointExtension>
</extensions>
</trkpt>
<trkpt lat="57.71023734" lon="14.22146087">
<ele>224.2</ele>
<time>2025-07-21T09:01:23Z</time>
<extensions>
<tp1:TrackPointExtension>
<tp1:hr>162</tp1:hr>
</tp1:TrackPointExtension>
</extensions>
</trkpt>
<trkpt lat="57.71034865" lon="14.22159607">
<ele>224.2</ele>
<time>2025-07-21T09:01:27Z</time>
<extensions>
<tp1:TrackPointExtension>
<tp1:hr>163</tp1:hr>
</tp1:TrackPointExtension>
</extensions>
</trkpt>
<trkpt lat="57.71035225" lon="14.22163026">
<ele>224.1</ele>
<time>2025-07-21T09:01:28Z</time>
<extensions>
<tp1:TrackPointExtension>
<tp1:hr>163</tp1:hr>
</tp1:TrackPointExtension>
</extensions>
</trkpt>
<trkpt lat="57.71037941" lon="14.221714">
<ele>224.1</ele>
<time>2025-07-21T09:01:30Z</time>
<extensions>
<tp1:TrackPointExtension>
<tp1:hr>162</tp1:hr>
</tp1:TrackPointExtension>
</extensions>
</trkpt>
<trkpt lat="57.71040196" lon="14.22180092">
<ele>223.9</ele>
<time>2025-07-21T09:01:32Z</time>
<extensions>
<tp1:TrackPointExtension>
<tp1:hr>163</tp1:hr>
</tp1:TrackPointExtension>
</extensions>
</trkpt>
<trkpt lat="57.71040564" lon="14.22183855">
<ele>223.9</ele>
<time>2025-07-21T09:01:33Z</time>
<extensions>
<tp1:TrackPointExtension>
<tp1:hr>163</tp1:hr>
</tp1:TrackPointExtension>
</extensions>
</trkpt>
<trkpt lat="57.7104204" lon="14.22207601">
<ele>223.9</ele>
<time>2025-07-21T09:01:38Z</time>
<extensions>
<tp1:TrackPointExtension>
<tp1:hr>165</tp1:hr>
</tp1:TrackPointExtension>
</extensions>
</trkpt>
<trkpt lat="57.71045761" lon="14.22224382">
<ele>223.9</ele>
<time>2025-07-21T09:01:42Z</time>
<extensions>
<tp1:TrackPointExtension>
<tp1:hr>165</tp1:hr>
</tp1:TrackPointExtension>
</extensions>
</trkpt>
<trkpt lat="57.71047345" lon="14.22227399">
<ele>223.9</ele>
<time>2025-07-21T09:01:43Z</time>
<extensions>
<tp1:TrackPointExtension>
<tp1:hr>165</tp1:hr>
</tp1:TrackPointExtension>
</extensions>
</trkpt>
<trkpt lat="57.71048267" lon="14.22228414">
<ele>223.9</ele>
<time>2025-07-21T09:01:44Z</time>
<extensions>
<tp1:TrackPointExtension>
<tp1:hr>165</tp1:hr>
</tp1:TrackPointExtension>
</extensions>
</trkpt>
<trkpt lat="57.71051813" lon="14.22231046">
<ele>223.9</ele>
<time>2025-07-21T09:01:46Z</time>
<extensions>
<tp1:TrackPointExtension>
<tp1:hr>164</tp1:hr>
</tp1:TrackPointExtension>
</extensions>
</trkpt>
<trkpt lat="57.71060237" lon="14.22247332">
<ele>223.9</ele>
<time>2025-07-21T09:01:51Z</time>
<extensions>
<tp1:TrackPointExtension>
<tp1:hr>161</tp1:hr>
</tp1:TrackPointExtension>
</extensions>
</trkpt>
<trkpt lat="57.71067956" lon="14.22257273">
<ele>223.9</ele>
<time>2025-07-21T09:01:56Z</time>
<extensions>
<tp1:TrackPointExtension>
<tp1:hr>161</tp1:hr>
</tp1:TrackPointExtension>
</extensions>
</trkpt>
<trkpt lat="57.71072315" lon="14.22268848">
<ele>224.1</ele>
<time>2025-07-21T09:02:00Z</time>
<extensions>
<tp1:TrackPointExtension>
<tp1:hr>164</tp1:hr>
</tp1:TrackPointExtension>
</extensions>
</trkpt>
<trkpt lat="57.71072851" lon="14.22273802">
<ele>224.1</ele>
<time>2025-07-21T09:02:01Z</time>
<extensions>
<tp1:TrackPointExtension>
<tp1:hr>164</tp1:hr>
</tp1:TrackPointExtension>
</extensions>
</trkpt>
<trkpt lat="57.71079859" lon="14.22294932">
<ele>224.1</ele>
<time>2025-07-21T09:02:06Z</time>
<extensions>
<tp1:TrackPointExtension>
<tp1:hr>164</tp1:hr>
</tp1:TrackPointExtension>
</extensions>
</trkpt>
<trkpt lat="57.71085542" lon="14.22306181">
<ele>224.2</ele>
<time>2025-07-21T09:02:10Z</time>
<extensions>
<tp1:TrackPointExtension>
<tp1:hr>165</tp1:hr>
</tp1:TrackPointExtension>
</extensions>
</trkpt>
<trkpt lat="57.71090303" lon="14.22324713">
<ele>224.2</ele>
<time>2025-07-21T09:02:15Z</time>
<extensions>
<tp1:TrackPointExtension>
<tp1:hr>167</tp1:hr>
</tp1:TrackPointExtension>
</extensions>
</trkpt>
<trkpt lat="57.71100034" lon="14.22347646">
<ele>224.2</ele>
<time>2025-07-21T09:02:22Z</time>
<extensions>
<tp1:TrackPointExtension>
<tp1:hr>169</tp1:hr>
</tp1:TrackPointExtension>
</extensions>
</trkpt>
<trkpt lat="57.71103529" lon="14.22358853">
<ele>224.0</ele>
<time>2025-07-21T09:02:26Z</time>
<extensions>
<tp1:TrackPointExtension>
<tp1:hr>166</tp1:hr>
</tp1:TrackPointExtension>
</extensions>
</trkpt>
<trkpt lat="57.71103906" lon="14.22363446">
<ele>224.0</ele>
<time>2025-07-21T09:02:27Z</time>
<extensions>
<tp1:TrackPointExtension>
<tp1:hr>166</tp1:hr>
</tp1:TrackPointExtension>
</extensions>
</trkpt>
<trkpt lat="57.71107293" lon="14.22377125">
<ele>224.0</ele>
<time>2025-07-21T09:02:30Z</time>
<extensions>
<tp1:TrackPointExtension>
<tp1:hr>165</tp1:hr>
</tp1:TrackPointExtension>
</extensions>
</trkpt>
<trkpt lat="57.71111274" lon="14.22389522">
<ele>224.0</ele>
<time>2025-07-21T09:02:33Z</time>
<extensions>
<tp1:TrackPointExtension>
<tp1:hr>166</tp1:hr>
</tp1:TrackPointExtension>
</extensions>
</trkpt>
<trkpt lat="57.71113076" lon="14.22405356">
<ele>224.2</ele>
<time>2025-07-21T09:02:36Z</time>
<extensions>
<tp1:TrackPointExtension>
<tp1:hr>166</tp1:hr>
</tp1:TrackPointExtension>
</extensions>
</trkpt>
<trkpt lat="57.71115373" lon="14.22413394">
<ele>224.2</ele>
<time>2025-07-21T09:02:38Z</time>
<extensions>
<tp1:TrackPointExtension>
<tp1:hr>165</tp1:hr>
</tp1:TrackPointExtension>
</extensions>
</trkpt>
<trkpt lat="57.71119371" lon="14.22433837">
<ele>224.2</ele>
<time>2025-07-21T09:02:43Z</time>
<extensions>
<tp1:TrackPointExtension>
<tp1:hr>164</tp1:hr>
</tp1:TrackPointExtension>
</extensions>
</trkpt>
<trkpt lat="57.71112858" lon="14.22460123">
<ele>224.1</ele>
<time>2025-07-21T09:02:51Z</time>
<extensions>
<tp1:TrackPointExtension>
<tp1:hr>166</tp1:hr>
</tp1:TrackPointExtension>
</extensions>
</trkpt>
<trkpt lat="57.71106354" lon="14.22470491">
<ele>224.1</ele>
<time>2025-07-21T09:02:55Z</time>
<extensions>
<tp1:TrackPointExtension>
<tp1:hr>166</tp1:hr>
</tp1:TrackPointExtension>
</extensions>
</trkpt>
<trkpt lat="57.71093639" lon="14.2248925">
<ele>224.1</ele>
<time>2025-07-21T09:03:02Z</time>
<extensions>
<tp1:TrackPointExtension>
<tp1:hr>166</tp1:hr>
</tp1:TrackPointExtension>
</extensions>
</trkpt>
<trkpt lat="57.71083664" lon="14.22511755">
<ele>224.1</ele>
<time>2025-07-21T09:03:07Z</time>
<extensions>
<tp1:TrackPointExtension>
<tp1:hr>164</tp1:hr>
</tp1:TrackPointExtension>
</extensions>
</trkpt>
<trkpt lat="57.71073489" lon="14.22531076">
<ele>224.1</ele>
<time>2025-07-21T09:03:13Z</time>
<extensions>
<tp1:TrackPointExtension>
<tp1:hr>163</tp1:hr>
</tp1:TrackPointExtension>
</extensions>
</trkpt>
<trkpt lat="57.71063355" lon="14.22550824">
<ele>224.1</ele>
<time>2025-07-21T09:03:19Z</time>
<extensions>
<tp1:TrackPointExtension>
<tp1:hr>164</tp1:hr>
</tp1:TrackPointExtension>
</extensions>
</trkpt>
<trkpt lat="57.71055107" lon="14.22563363">
<ele>224.1</ele>
<time>2025-07-21T09:03:24Z</time>
<extensions>
<tp1:TrackPointExtension>
<tp1:hr>164</tp1:hr>
</tp1:TrackPointExtension>
</extensions>
</trkpt>
<trkpt lat="57.71047027" lon="14.22580848">
<ele>224.1</ele>
<time>2025-07-21T09:03:30Z</time>
<extensions>
<tp1:TrackPointExtension>
<tp1:hr>163</tp1:hr>
</tp1:TrackPointExtension>
</extensions>
</trkpt>
<trkpt lat="57.71044563" lon="14.22583002">
<ele>224.1</ele>
<time>2025-07-21T09:03:31Z</time>
<extensions>
<tp1:TrackPointExtension>
<tp1:hr>163</tp1:hr>
</tp1:TrackPointExtension>
</extensions>
</trkpt>
<trkpt lat="57.71034362" lon="14.22593479">
<ele>224.2</ele>
<time>2025-07-21T09:03:36Z</time>
<extensions>
<tp1:TrackPointExtension>
<tp1:hr>164</tp1:hr>
</tp1:TrackPointExtension>
</extensions>
</trkpt>
<trkpt lat="57.71030934" lon="14.22602674">
<ele>224.2</ele>
<time>2025-07-21T09:03:38Z</time>
<extensions>
<tp1:TrackPointExtension>
<tp1:hr>162</tp1:hr>
</tp1:TrackPointExtension>
</extensions>
</trkpt>
<trkpt lat="57.71026357" lon="14.22606655">
<ele>224.4</ele>
<time>2025-07-21T09:03:40Z</time>
<extensions>
<tp1:TrackPointExtension>
<tp1:hr>160</tp1:hr>
</tp1:TrackPointExtension>
</extensions>
</trkpt>
<trkpt lat="57.71015586" lon="14.22623411">
<ele>224.6</ele>
<time>2025-07-21T09:03:45Z</time>
<extensions>
<tp1:TrackPointExtension>
<tp1:hr>160</tp1:hr>
</tp1:TrackPointExtension>
</extensions>
</trkpt>
<trkpt lat="57.71003952" lon="14.22641817">
<ele>224.8</ele>
<time>2025-07-21T09:03:51Z</time>
<extensions>
<tp1:TrackPointExtension>
<tp1:hr>161</tp1:hr>
</tp1:TrackPointExtension>
</extensions>
</trkpt>
<trkpt lat="57.70998412" lon="14.22656109">
<ele>225.0</ele>
<time>2025-07-21T09:03:55Z</time>
<extensions>
<tp1:TrackPointExtension>
<tp1:hr>163</tp1:hr>
</tp1:TrackPointExtension>
</extensions>
</trkpt>
<trkpt lat="57.70997624" lon="14.22660031">
<ele>225.0</ele>
<time>2025-07-21T09:03:56Z</time>
<extensions>
<tp1:TrackPointExtension>
<tp1:hr>163</tp1:hr>
</tp1:TrackPointExtension>
</extensions>
</trkpt>
<trkpt lat="57.70995059" lon="14.22669411">
<ele>225.2</ele>
<time>2025-07-21T09:03:58Z</time>
<extensions>
<tp1:TrackPointExtension>
<tp1:hr>166</tp1:hr>
</tp1:TrackPointExtension>
</extensions>
</trkpt>
<trkpt lat="57.7098946" lon="14.22684582">
<ele>225.4</ele>
<time>2025-07-21T09:04:02Z</time>
<extensions>
<tp1:TrackPointExtension>
<tp1:hr>168</tp1:hr>
</tp1:TrackPointExtension>
</extensions>
</trkpt>
<trkpt lat="57.70987432" lon="14.22689636">
<ele>225.4</ele>
<time>2025-07-21T09:04:03Z</time>
<extensions>
<tp1:TrackPointExtension>
<tp1:hr>169</tp1:hr>
</tp1:TrackPointExtension>
</extensions>
</trkpt>
<trkpt lat="57.70978421" lon="14.22700055">
<ele>225.4</ele>
<time>2025-07-21T09:04:07Z</time>
<extensions>
<tp1:TrackPointExtension>
<tp1:hr>168</tp1:hr>
</tp1:TrackPointExtension>
</extensions>
</trkpt>
<trkpt lat="57.70971699" lon="14.22710004">
<ele>225.4</ele>
<time>2025-07-21T09:04:10Z</time>
<extensions>
<tp1:TrackPointExtension>
<tp1:hr>165</tp1:hr>
</tp1:TrackPointExtension>
</extensions>
</trkpt>
<trkpt lat="57.70969209" lon="14.22712502">
<ele>225.4</ele>
<time>2025-07-21T09:04:11Z</time>
<extensions>
<tp1:TrackPointExtension>
<tp1:hr>166</tp1:hr>
</tp1:TrackPointExtension>
</extensions>
</trkpt>
<trkpt lat="57.70959939" lon="14.22728579">
<ele>225.5</ele>
<time>2025-07-21T09:04:16Z</time>
<extensions>
<tp1:TrackPointExtension>
<tp1:hr>169</tp1:hr>
</tp1:TrackPointExtension>
</extensions>
</trkpt>
<trkpt lat="57.70956863" lon="14.22734932">
<ele>225.5</ele>
<time>2025-07-21T09:04:18Z</time>
<extensions>
<tp1:TrackPointExtension>
<tp1:hr>169</tp1:hr>
</tp1:TrackPointExtension>
</extensions>
</trkpt>
<trkpt lat="57.70950291" lon="14.22756189">
<ele>225.5</ele>
<time>2025-07-21T09:04:23Z</time>
<extensions>
<tp1:TrackPointExtension>
<tp1:hr>167</tp1:hr>
</tp1:TrackPointExtension>
</extensions>
</trkpt>
<trkpt lat="57.70942102" lon="14.22778778">
<ele>226.3</ele>
<time>2025-07-21T09:04:28Z</time>
<extensions>
<tp1:TrackPointExtension>
<tp1:hr>168</tp1:hr>
</tp1:TrackPointExtension>
</extensions>
</trkpt>
<trkpt lat="57.70940367" lon="14.22784511">
<ele>226.7</ele>
<time>2025-07-21T09:04:29Z</time>
<extensions>
<tp1:TrackPointExtension>
<tp1:hr>167</tp1:hr>
</tp1:TrackPointExtension>
</extensions>
</trkpt>
<trkpt lat="57.70931155" lon="14.22811015">
<ele>226.9</ele>
<time>2025-07-21T09:04:34Z</time>
<extensions>
<tp1:TrackPointExtension>
<tp1:hr>167</tp1:hr>
</tp1:TrackPointExtension>
</extensions>
</trkpt>
<trkpt lat="57.709273" lon="14.22828273">
<ele>227.5</ele>
<time>2025-07-21T09:04:38Z</time>
<extensions>
<tp1:TrackPointExtension>
<tp1:hr>168</tp1:hr>
</tp1:TrackPointExtension>
</extensions>
</trkpt>
<trkpt lat="57.70925875" lon="14.22831609">
<ele>227.3</ele>
<time>2025-07-21T09:04:39Z</time>
<extensions>
<tp1:TrackPointExtension>
<tp1:hr>168</tp1:hr>
</tp1:TrackPointExtension>
</extensions>
</trkpt>
<trkpt lat="57.70918859" lon="14.22848733">
<ele>228.5</ele>
<time>2025-07-21T09:04:44Z</time>
<extensions>
<tp1:TrackPointExtension>
<tp1:hr>168</tp1:hr>
</tp1:TrackPointExtension>
</extensions>
</trkpt>
<trkpt lat="57.70917937" lon="14.22852572">
<ele>228.5</ele>
<time>2025-07-21T09:04:45Z</time>
<extensions>
<tp1:TrackPointExtension>
<tp1:hr>168</tp1:hr>
</tp1:TrackPointExtension>
</extensions>
</trkpt>
<trkpt lat="57.70908809" lon="14.22869219">
<ele>227.1</ele>
<time>2025-07-21T09:04:49Z</time>
<extensions>
<tp1:TrackPointExtension>
<tp1:hr>167</tp1:hr>
</tp1:TrackPointExtension>
</extensions>
</trkpt>
<trkpt lat="57.70905423" lon="14.22873653">
<ele>226.5</ele>
<time>2025-07-21T09:04:51Z</time>
<extensions>
<tp1:TrackPointExtension>
<tp1:hr>168</tp1:hr>
</tp1:TrackPointExtension>
</extensions>
</trkpt>
<trkpt lat="57.70902816" lon="14.22878271">
<ele>226.3</ele>
<time>2025-07-21T09:04:53Z</time>
<extensions>
<tp1:TrackPointExtension>
<tp1:hr>168</tp1:hr>
</tp1:TrackPointExtension>
</extensions>
</trkpt>
<trkpt lat="57.70896748" lon="14.2289076">
<ele>226.8</ele>
<time>2025-07-21T09:04:58Z</time>
<extensions>
<tp1:TrackPointExtension>
<tp1:hr>168</tp1:hr>
</tp1:TrackPointExtension>
</extensions>
</trkpt>
<trkpt lat="57.70894669" lon="14.22890098">
<ele>226.4</ele>
<time>2025-07-21T09:05:00Z</time>
<extensions>
<tp1:TrackPointExtension>
<tp1:hr>167</tp1:hr>
</tp1:TrackPointExtension>
</extensions>
</trkpt>
<trkpt lat="57.70892951" lon="14.22884524">
<ele>226.2</ele>
<time>2025-07-21T09:05:03Z</time>
<extensions>
<tp1:TrackPointExtension>
<tp1:hr>166</tp1:hr>
</tp1:TrackPointExtension>
</extensions>
</trkpt>
<trkpt lat="57.70891786" lon="14.22868716">
<ele>227.2</ele>
<time>2025-07-21T09:05:08Z</time>
<extensions>
<tp1:TrackPointExtension>
<tp1:hr>164</tp1:hr>
</tp1:TrackPointExtension>
</extensions>
</trkpt>
<trkpt lat="57.70891962" lon="14.22866226">
<ele>227.6</ele>
<time>2025-07-21T09:05:09Z</time>
<extensions>
<tp1:TrackPointExtension>
<tp1:hr>164</tp1:hr>
</tp1:TrackPointExtension>
</extensions>
</trkpt>
<trkpt lat="57.70892045" lon="14.22859311">
<ele>228.0</ele>
<time>2025-07-21T09:05:11Z</time>
<extensions>
<tp1:TrackPointExtension>
<tp1:hr>164</tp1:hr>
</tp1:TrackPointExtension>
</extensions>
</trkpt>
<trkpt lat="57.70891132" lon="14.2285678">
<ele>228.2</ele>
<time>2025-07-21T09:05:12Z</time>
<extensions>
<tp1:TrackPointExtension>
<tp1:hr>165</tp1:hr>
</tp1:TrackPointExtension>
</extensions>
</trkpt>
<trkpt lat="57.70880562" lon="14.22830729">
<ele>228.2</ele>
<time>2025-07-21T09:05:18Z</time>
<extensions>
<tp1:TrackPointExtension>
<tp1:hr>166</tp1:hr>
</tp1:TrackPointExtension>
</extensions>
</trkpt>
<trkpt lat="57.70872893" lon="14.2280648">
<ele>228.2</ele>
<time>2025-07-21T09:05:23Z</time>
<extensions>
<tp1:TrackPointExtension>
<tp1:hr>167</tp1:hr>
</tp1:TrackPointExtension>
</extensions>
</trkpt>
<trkpt lat="57.70866908" lon="14.2278483">
<ele>228.0</ele>
<time>2025-07-21T09:05:28Z</time>
<extensions>
<tp1:TrackPointExtension>
<tp1:hr>166</tp1:hr>
</tp1:TrackPointExtension>
</extensions>
</trkpt>
<trkpt lat="57.708569" lon="14.22756884">
<ele>228.0</ele>
<time>2025-07-21T09:05:34Z</time>
<extensions>
<tp1:TrackPointExtension>
<tp1:hr>165</tp1:hr>
</tp1:TrackPointExtension>
</extensions>
</trkpt>
<trkpt lat="57.70848569" lon="14.22738662">
<ele>227.9</ele>
<time>2025-07-21T09:05:39Z</time>
<extensions>
<tp1:TrackPointExtension>
<tp1:hr>165</tp1:hr>
</tp1:TrackPointExtension>
</extensions>
</trkpt>
<trkpt lat="57.70844034" lon="14.22726751">
<ele>227.9</ele>
<time>2025-07-21T09:05:42Z</time>
<extensions>
<tp1:TrackPointExtension>
<tp1:hr>167</tp1:hr>
</tp1:TrackPointExtension>
</extensions>
</trkpt>
<trkpt lat="57.70834931" lon="14.22712569">
<ele>226.7</ele>
<time>2025-07-21T09:05:47Z</time>
<extensions>
<tp1:TrackPointExtension>
<tp1:hr>166</tp1:hr>
</tp1:TrackPointExtension>
</extensions>
</trkpt>
<trkpt lat="57.7082779" lon="14.22694791">
<ele>227.1</ele>
<time>2025-07-21T09:05:53Z</time>
<extensions>
<tp1:TrackPointExtension>
<tp1:hr>167</tp1:hr>
</tp1:TrackPointExtension>
</extensions>
</trkpt>
<trkpt lat="57.70825183" lon="14.22672453">
<ele>226.7</ele>
<time>2025-07-21T09:05:58Z</time>
<extensions>
<tp1:TrackPointExtension>
<tp1:hr>166</tp1:hr>
</tp1:TrackPointExtension>
</extensions>
</trkpt>
<trkpt lat="57.70820791" lon="14.22666167">
<ele>226.5</ele>
<time>2025-07-21T09:06:00Z</time>
<extensions>
<tp1:TrackPointExtension>
<tp1:hr>166</tp1:hr>
</tp1:TrackPointExtension>
</extensions>
</trkpt>
<trkpt lat="57.70816047" lon="14.2266185">
<ele>226.7</ele>
<time>2025-07-21T09:06:02Z</time>
<extensions>
<tp1:TrackPointExtension>
<tp1:hr>166</tp1:hr>
</tp1:TrackPointExtension>
</extensions>
</trkpt>
<trkpt lat="57.70807874" lon="14.2264859">
<ele>227.5</ele>
<time>2025-07-21T09:06:07Z</time>
<extensions>
<tp1:TrackPointExtension>
<tp1:hr>166</tp1:hr>
</tp1:TrackPointExtension>
</extensions>
</trkpt>
<trkpt lat="57.70801295" lon="14.22635749">
<ele>227.5</ele>
<time>2025-07-21T09:06:12Z</time>
<extensions>
<tp1:TrackPointExtension>
<tp1:hr>166</tp1:hr>
</tp1:TrackPointExtension>
</extensions>
</trkpt>
<trkpt lat="57.70790767" lon="14.22624568">
<ele>227.4</ele>
<time>2025-07-21T09:06:18Z</time>
<extensions>
<tp1:TrackPointExtension>
<tp1:hr>166</tp1:hr>
</tp1:TrackPointExtension>
</extensions>
</trkpt>
<trkpt lat="57.70787339" lon="14.22614543">
<ele>227.4</ele>
<time>2025-07-21T09:06:21Z</time>
<extensions>
<tp1:TrackPointExtension>
<tp1:hr>166</tp1:hr>
</tp1:TrackPointExtension>
</extensions>
</trkpt>
<trkpt lat="57.7078386" lon="14.22611693">
<ele>227.4</ele>
<time>2025-07-21T09:06:23Z</time>
<extensions>
<tp1:TrackPointExtension>
<tp1:hr>166</tp1:hr>
</tp1:TrackPointExtension>
</extensions>
</trkpt>
<trkpt lat="57.7077402" lon="14.22602104">
<ele>227.4</ele>
<time>2025-07-21T09:06:29Z</time>
<extensions>
<tp1:TrackPointExtension>
<tp1:hr>167</tp1:hr>
</tp1:TrackPointExtension>
</extensions>
</trkpt>
<trkpt lat="57.70772536" lon="14.22598173">
<ele>227.4</ele>
<time>2025-07-21T09:06:30Z</time>
<extensions>
<tp1:TrackPointExtension>
<tp1:hr>167</tp1:hr>
</tp1:TrackPointExtension>
</extensions>
</trkpt>
<trkpt lat="57.70770994" lon="14.22588257">
<ele>227.4</ele>
<time>2025-07-21T09:06:33Z</time>
<extensions>
<tp1:TrackPointExtension>
<tp1:hr>166</tp1:hr>
</tp1:TrackPointExtension>
</extensions>
</trkpt>
<trkpt lat="57.70772193" lon="14.22568023">
<ele>227.4</ele>
<time>2025-07-21T09:06:39Z</time>
<extensions>
<tp1:TrackPointExtension>
<tp1:hr>167</tp1:hr>
</tp1:TrackPointExtension>
</extensions>
</trkpt>
<trkpt lat="57.70771556" lon="14.22547412">
<ele>227.6</ele>
<time>2025-07-21T09:06:45Z</time>
<extensions>
<tp1:TrackPointExtension>
<tp1:hr>167</tp1:hr>
</tp1:TrackPointExtension>
</extensions>
</trkpt>
<trkpt lat="57.70771069" lon="14.22543389">
<ele>227.6</ele>
<time>2025-07-21T09:06:46Z</time>
<extensions>
<tp1:TrackPointExtension>
<tp1:hr>167</tp1:hr>
</tp1:TrackPointExtension>
</extensions>
</trkpt>
<trkpt lat="57.70765127" lon="14.22539642">
<ele>227.6</ele>
<time>2025-07-21T09:06:49Z</time>
<extensions>
<tp1:TrackPointExtension>
<tp1:hr>167</tp1:hr>
</tp1:TrackPointExtension>
</extensions>
</trkpt>
<trkpt lat="57.70753526" lon="14.2252344">
<ele>227.8</ele>
<time>2025-07-21T09:06:55Z</time>
<extensions>
<tp1:TrackPointExtension>
<tp1:hr>165</tp1:hr>
</tp1:TrackPointExtension>
</extensions>
</trkpt>
<trkpt lat="57.70752504" lon="14.22520095">
<ele>227.8</ele>
<time>2025-07-21T09:06:56Z</time>
<extensions>
<tp1:TrackPointExtension>
<tp1:hr>165</tp1:hr>
</tp1:TrackPointExtension>
</extensions>
</trkpt>
<trkpt lat="57.70751188" lon="14.22506106">
<ele>227.9</ele>
<time>2025-07-21T09:06:59Z</time>
<extensions>
<tp1:TrackPointExtension>
<tp1:hr>166</tp1:hr>
</tp1:TrackPointExtension>
</extensions>
</trkpt>
<trkpt lat="57.70748757" lon="14.22498059">
<ele>227.9</ele>
<time>2025-07-21T09:07:01Z</time>
<extensions>
<tp1:TrackPointExtension>
<tp1:hr>166</tp1:hr>
</tp1:TrackPointExtension>
</extensions>
</trkpt>
<trkpt lat="57.70744851" lon="14.22491756">
<ele>228.1</ele>
<time>2025-07-21T09:07:03Z</time>
<extensions>
<tp1:TrackPointExtension>
<tp1:hr>166</tp1:hr>
</tp1:TrackPointExtension>
</extensions>
</trkpt>
<trkpt lat="57.70741976" lon="14.22481832">
<ele>228.1</ele>
<time>2025-07-21T09:07:06Z</time>
<extensions>
<tp1:TrackPointExtension>
<tp1:hr>167</tp1:hr>
</tp1:TrackPointExtension>
</extensions>
</trkpt>
<trkpt lat="57.70741632" lon="14.22476199">
<ele>228.3</ele>
<time>2025-07-21T09:07:08Z</time>
<extensions>
<tp1:TrackPointExtension>
<tp1:hr>167</tp1:hr>
</tp1:TrackPointExtension>
</extensions>
</trkpt>
<trkpt lat="57.70741372" lon="14.22473685">
<ele>228.3</ele>
<time>2025-07-21T09:07:09Z</time>
<extensions>
<tp1:TrackPointExtension>
<tp1:hr>167</tp1:hr>
</tp1:TrackPointExtension>
</extensions>
</trkpt>
<trkpt lat="57.70740249" lon="14.22470877">
<ele>228.5</ele>
<time>2025-07-21T09:07:10Z</time>
<extensions>
<tp1:TrackPointExtension>
<tp1:hr>167</tp1:hr>
</tp1:TrackPointExtension>
</extensions>
</trkpt>
<trkpt lat="57.70737575" lon="14.22464767">
<ele>228.7</ele>
<time>2025-07-21T09:07:13Z</time>
<extensions>
<tp1:TrackPointExtension>
<tp1:hr>167</tp1:hr>
</tp1:TrackPointExtension>
</extensions>
</trkpt>
<trkpt lat="57.70737357" lon="14.22461498">
<ele>228.7</ele>
<time>2025-07-21T09:07:14Z</time>
<extensions>
<tp1:TrackPointExtension>
<tp1:hr>166</tp1:hr>
</tp1:TrackPointExtension>
</extensions>
</trkpt>
<trkpt lat="57.70736159" lon="14.22436922">
<ele>228.9</ele>
<time>2025-07-21T09:07:19Z</time>
<extensions>
<tp1:TrackPointExtension>
<tp1:hr>166</tp1:hr>
</tp1:TrackPointExtension>
</extensions>
</trkpt>
<trkpt lat="57.7073372" lon="14.22422555">
<ele>228.9</ele>
<time>2025-07-21T09:07:23Z</time>
<extensions>
<tp1:TrackPointExtension>
<tp1:hr>166</tp1:hr>
</tp1:TrackPointExtension>
</extensions>
</trkpt>
<trkpt lat="57.70731909" lon="14.22398457">
<ele>229.1</ele>
<time>2025-07-21T09:07:30Z</time>
<extensions>
<tp1:TrackPointExtension>
<tp1:hr>166</tp1:hr>
</tp1:TrackPointExtension>
</extensions>
</trkpt>
<trkpt lat="57.70729981" lon="14.22385289">
<ele>229.1</ele>
<time>2025-07-21T09:07:34Z</time>
<extensions>
<tp1:TrackPointExtension>
<tp1:hr>167</tp1:hr>
</tp1:TrackPointExtension>
</extensions>
</trkpt>
<trkpt lat="57.70725438" lon="14.22377368">
<ele>229.1</ele>
<time>2025-07-21T09:07:36Z</time>
<extensions>
<tp1:TrackPointExtension>
<tp1:hr>166</tp1:hr>
</tp1:TrackPointExtension>
</extensions>
</trkpt>
<trkpt lat="57.70717274" lon="14.22373102">
<ele>229.0</ele>
<time>2025-07-21T09:07:40Z</time>
<extensions>
<tp1:TrackPointExtension>
<tp1:hr>164</tp1:hr>
</tp1:TrackPointExtension>
</extensions>
</trkpt>
<trkpt lat="57.70699178" lon="14.22367654">
<ele>229.0</ele>
<time>2025-07-21T09:07:46Z</time>
<extensions>
<tp1:TrackPointExtension>
<tp1:hr>163</tp1:hr>
</tp1:TrackPointExtension>
</extensions>
</trkpt>
<trkpt lat="57.70684744" lon="14.2236151">
<ele>229.0</ele>
<time>2025-07-21T09:07:51Z</time>
<extensions>
<tp1:TrackPointExtension>
<tp1:hr>163</tp1:hr>
</tp1:TrackPointExtension>
</extensions>
</trkpt>
<trkpt lat="57.70675189" lon="14.22362398">
<ele>229.0</ele>
<time>2025-07-21T09:07:55Z</time>
<extensions>
<tp1:TrackPointExtension>
<tp1:hr>162</tp1:hr>
</tp1:TrackPointExtension>
</extensions>
</trkpt>
<trkpt lat="57.7065747" lon="14.22356799">
<ele>229.0</ele>
<time>2025-07-21T09:08:00Z</time>
<extensions>
<tp1:TrackPointExtension>
<tp1:hr>160</tp1:hr>
</tp1:TrackPointExtension>
</extensions>
</trkpt>
<trkpt lat="57.70642583" lon="14.22343556">
<ele>229.0</ele>
<time>2025-07-21T09:08:05Z</time>
<extensions>
<tp1:TrackPointExtension>
<tp1:hr>160</tp1:hr>
</tp1:TrackPointExtension>
</extensions>
</trkpt>
<trkpt lat="57.70633573" lon="14.22329147">
<ele>229.0</ele>
<time>2025-07-21T09:08:09Z</time>
<extensions>
<tp1:TrackPointExtension>
<tp1:hr>163</tp1:hr>
</tp1:TrackPointExtension>
</extensions>
</trkpt>
<trkpt lat="57.70628711" lon="14.22321268">
<ele>229.0</ele>
<time>2025-07-21T09:08:11Z</time>
<extensions>
<tp1:TrackPointExtension>
<tp1:hr>163</tp1:hr>
</tp1:TrackPointExtension>
</extensions>
</trkpt>
<trkpt lat="57.70621955" lon="14.22311495">
<ele>229.0</ele>
<time>2025-07-21T09:08:14Z</time>
<extensions>
<tp1:TrackPointExtension>
<tp1:hr>163</tp1:hr>
</tp1:TrackPointExtension>
</extensions>
</trkpt>
<trkpt lat="57.70621251" lon="14.22308184">
<ele>229.0</ele>
<time>2025-07-21T09:08:15Z</time>
<extensions>
<tp1:TrackPointExtension>
<tp1:hr>163</tp1:hr>
</tp1:TrackPointExtension>
</extensions>
</trkpt>
<trkpt lat="57.70619734" lon="14.22297154">
<ele>228.9</ele>
<time>2025-07-21T09:08:21Z</time>
<extensions>
<tp1:TrackPointExtension>
<tp1:hr>164</tp1:hr>
</tp1:TrackPointExtension>
</extensions>
</trkpt>
<trkpt lat="57.70615317" lon="14.22293759">
<ele>229.1</ele>
<time>2025-07-21T09:08:24Z</time>
<extensions>
<tp1:TrackPointExtension>
<tp1:hr>163</tp1:hr>
</tp1:TrackPointExtension>
</extensions>
</trkpt>
<trkpt lat="57.70614554" lon="14.2228707">
<ele>229.1</ele>
<time>2025-07-21T09:08:26Z</time>
<extensions>
<tp1:TrackPointExtension>
<tp1:hr>161</tp1:hr>
</tp1:TrackPointExtension>
</extensions>
</trkpt>
<trkpt lat="57.7061463" lon="14.22273123">
<ele>229.1</ele>
<time>2025-07-21T09:08:31Z</time>
<extensions>
<tp1:TrackPointExtension>
<tp1:hr>160</tp1:hr>
</tp1:TrackPointExtension>
</extensions>
</trkpt>
<trkpt lat="57.70612618" lon="14.2226925">
<ele>229.1</ele>
<time>2025-07-21T09:08:32Z</time>
<extensions>
<tp1:TrackPointExtension>
<tp1:hr>160</tp1:hr>
</tp1:TrackPointExtension>
</extensions>
</trkpt>
<trkpt lat="57.70611126" lon="14.22265001">
<ele>229.1</ele>
<time>2025-07-21T09:08:35Z</time>
<extensions>
<tp1:TrackPointExtension>
<tp1:hr>161</tp1:hr>
</tp1:TrackPointExtension>
</extensions>
</trkpt>
<trkpt lat="57.70610615" lon="14.22261472">
<ele>229.1</ele>
<time>2025-07-21T09:08:36Z</time>
<extensions>
<tp1:TrackPointExtension>
<tp1:hr>161</tp1:hr>
</tp1:TrackPointExtension>
</extensions>
</trkpt>
<trkpt lat="57.70610145" lon="14.22251238">
<ele>229.3</ele>
<time>2025-07-21T09:08:38Z</time>
<extensions>
<tp1:TrackPointExtension>
<tp1:hr>161</tp1:hr>
</tp1:TrackPointExtension>
</extensions>
</trkpt>
<trkpt lat="57.70612819" lon="14.22233091">
<ele>229.3</ele>
<time>2025-07-21T09:08:43Z</time>
<extensions>
<tp1:TrackPointExtension>
<tp1:hr>162</tp1:hr>
</tp1:TrackPointExtension>
</extensions>
</trkpt>
<trkpt lat="57.70612945" lon="14.2222719">
<ele>229.3</ele>
<time>2025-07-21T09:08:45Z</time>
<extensions>
<tp1:TrackPointExtension>
<tp1:hr>162</tp1:hr>
</tp1:TrackPointExtension>
</extensions>
</trkpt>
<trkpt lat="57.70611461" lon="14.22224323">
<ele>229.3</ele>
<time>2025-07-21T09:08:47Z</time>
<extensions>
<tp1:TrackPointExtension>
<tp1:hr>161</tp1:hr>
</tp1:TrackPointExtension>
</extensions>
</trkpt>
<trkpt lat="57.70610531" lon="14.22223041">
<ele>229.3</ele>
<time>2025-07-21T09:08:48Z</time>
<extensions>
<tp1:TrackPointExtension>
<tp1:hr>160</tp1:hr>
</tp1:TrackPointExtension>
</extensions>
</trkpt>
<trkpt lat="57.70610229" lon="14.22212295">
<ele>229.3</ele>
<time>2025-07-21T09:08:53Z</time>
<extensions>
<tp1:TrackPointExtension>
<tp1:hr>162</tp1:hr>
</tp1:TrackPointExtension>
</extensions>
</trkpt>
<trkpt lat="57.70610078" lon="14.22201172">
<ele>229.1</ele>
<time>2025-07-21T09:08:58Z</time>
<extensions>
<tp1:TrackPointExtension>
<tp1:hr>160</tp1:hr>
</tp1:TrackPointExtension>
</extensions>
</trkpt>
<trkpt lat="57.70607647" lon="14.22190787">
<ele>229.0</ele>
<time>2025-07-21T09:09:02Z</time>
<extensions>
<tp1:TrackPointExtension>
<tp1:hr>162</tp1:hr>
</tp1:TrackPointExtension>
</extensions>
</trkpt>
<trkpt lat="57.70606164" lon="14.22187367">
<ele>229.0</ele>
<time>2025-07-21T09:09:03Z</time>
<extensions>
<tp1:TrackPointExtension>
<tp1:hr>161</tp1:hr>
</tp1:TrackPointExtension>
</extensions>
</trkpt>
<trkpt lat="57.70601646" lon="14.22167092">
<ele>228.8</ele>
<time>2025-07-21T09:09:08Z</time>
<extensions>
<tp1:TrackPointExtension>
<tp1:hr>161</tp1:hr>
</tp1:TrackPointExtension>
</extensions>
</trkpt>
<trkpt lat="57.70603951" lon="14.2214845">
<ele>228.4</ele>
<time>2025-07-21T09:09:12Z</time>
<extensions>
<tp1:TrackPointExtension>
<tp1:hr>164</tp1:hr>
</tp1:TrackPointExtension>
</extensions>
</trkpt>
<trkpt lat="57.70605938" lon="14.22138149">
<ele>228.2</ele>
<time>2025-07-21T09:09:14Z</time>
<extensions>
<tp1:TrackPointExtension>
<tp1:hr>168</tp1:hr>
</tp1:TrackPointExtension>
</extensions>
</trkpt>
<trkpt lat="57.7060779" lon="14.22129021">
<ele>228.0</ele>
<time>2025-07-21T09:09:17Z</time>
<extensions>
<tp1:TrackPointExtension>
<tp1:hr>170</tp1:hr>
</tp1:TrackPointExtension>
</extensions>
</trkpt>
<trkpt lat="57.70608008" lon="14.22118351">
<ele>228.0</ele>
<time>2025-07-21T09:09:19Z</time>
<extensions>
<tp1:TrackPointExtension>
<tp1:hr>170</tp1:hr>
</tp1:TrackPointExtension>
</extensions>
</trkpt>
<trkpt lat="57.70607782" lon="14.220937">
<ele>227.6</ele>
<time>2025-07-21T09:09:24Z</time>
<extensions>
<tp1:TrackPointExtension>
<tp1:hr>167</tp1:hr>
</tp1:TrackPointExtension>
</extensions>
</trkpt>
<trkpt lat="57.7060779" lon="14.22088285">
<ele>227.4</ele>
<time>2025-07-21T09:09:25Z</time>
<extensions>
<tp1:TrackPointExtension>
<tp1:hr>164</tp1:hr>
</tp1:TrackPointExtension>
</extensions>
</trkpt>
<trkpt lat="57.70608678" lon="14.22072753">
<ele>224.6</ele>
<time>2025-07-21T09:09:28Z</time>
<extensions>
<tp1:TrackPointExtension>
<tp1:hr>163</tp1:hr>
</tp1:TrackPointExtension>
</extensions>
</trkpt>
<trkpt lat="57.70608838" lon="14.22067598">
<ele>223.4</ele>
<time>2025-07-21T09:09:29Z</time>
<extensions>
<tp1:TrackPointExtension>
<tp1:hr>164</tp1:hr>
</tp1:TrackPointExtension>
</extensions>
</trkpt>
<trkpt lat="57.70609131" lon="14.22061798">
<ele>222.8</ele>
<time>2025-07-21T09:09:30Z</time>
<extensions>
<tp1:TrackPointExtension>
<tp1:hr>165</tp1:hr>
</tp1:TrackPointExtension>
</extensions>
</trkpt>
<trkpt lat="57.70610439" lon="14.2203107">
<ele>222.8</ele>
<time>2025-07-21T09:09:35Z</time>
<extensions>
<tp1:TrackPointExtension>
<tp1:hr>165</tp1:hr>
</tp1:TrackPointExtension>
</extensions>
</trkpt>
<trkpt lat="57.70610875" lon="14.22017181">
<ele>222.8</ele>
<time>2025-07-21T09:09:37Z</time>
<extensions>
<tp1:TrackPointExtension>
<tp1:hr>168</tp1:hr>
</tp1:TrackPointExtension>
</extensions>
</trkpt>
<trkpt lat="57.70612886" lon="14.2199559">
<ele>222.8</ele>
<time>2025-07-21T09:09:40Z</time>
<extensions>
<tp1:TrackPointExtension>
<tp1:hr>170</tp1:hr>
</tp1:TrackPointExtension>
</extensions>
</trkpt>
<trkpt lat="57.70620849" lon="14.21965524">
<ele>222.7</ele>
<time>2025-07-21T09:09:45Z</time>
<extensions>
<tp1:TrackPointExtension>
<tp1:hr>167</tp1:hr>
</tp1:TrackPointExtension>
</extensions>
</trkpt>
<trkpt lat="57.70630555" lon="14.21936355">
<ele>222.7</ele>
<time>2025-07-21T09:09:50Z</time>
<extensions>
<tp1:TrackPointExtension>
<tp1:hr>167</tp1:hr>
</tp1:TrackPointExtension>
</extensions>
</trkpt>
<trkpt lat="57.70636532" lon="14.21898234">
<ele>222.7</ele>
<time>2025-07-21T09:09:55Z</time>
<extensions>
<tp1:TrackPointExtension>
<tp1:hr>166</tp1:hr>
</tp1:TrackPointExtension>
</extensions>
</trkpt>
<trkpt lat="57.70634377" lon="14.21864681">
<ele>222.7</ele>
<time>2025-07-21T09:10:00Z</time>
<extensions>
<tp1:TrackPointExtension>
<tp1:hr>168</tp1:hr>
</tp1:TrackPointExtension>
</extensions>
</trkpt>
<trkpt lat="57.70632869" lon="14.21858462">
<ele>222.7</ele>
<time>2025-07-21T09:10:01Z</time>
<extensions>
<tp1:TrackPointExtension>
<tp1:hr>168</tp1:hr>
</tp1:TrackPointExtension>
</extensions>
</trkpt>
<trkpt lat="57.70623707" lon="14.21834146">
<ele>222.5</ele>
<time>2025-07-21T09:10:06Z</time>
<extensions>
<tp1:TrackPointExtension>
<tp1:hr>166</tp1:hr>
</tp1:TrackPointExtension>
</extensions>
</trkpt>
<trkpt lat="57.7062307" lon="14.21815907">
<ele>222.5</ele>
<time>2025-07-21T09:10:09Z</time>
<extensions>
<tp1:TrackPointExtension>
<tp1:hr>161</tp1:hr>
</tp1:TrackPointExtension>
</extensions>
</trkpt>
<trkpt lat="57.70622215" lon="14.21806804">
<ele>222.5</ele>
<time>2025-07-21T09:10:11Z</time>
<extensions>
<tp1:TrackPointExtension>
<tp1:hr>161</tp1:hr>
</tp1:TrackPointExtension>
</extensions>
</trkpt>
<trkpt lat="57.70626146" lon="14.21790107">
<ele>222.5</ele>
<time>2025-07-21T09:10:16Z</time>
<extensions>
<tp1:TrackPointExtension>
<tp1:hr>163</tp1:hr>
</tp1:TrackPointExtension>
</extensions>
</trkpt>
<trkpt lat="57.70632952" lon="14.2176896">
<ele>222.5</ele>
<time>2025-07-21T09:10:21Z</time>
<extensions>
<tp1:TrackPointExtension>
<tp1:hr>166</tp1:hr>
</tp1:TrackPointExtension>
</extensions>
</trkpt>
<trkpt lat="57.70634428" lon="14.21763989">
<ele>222.5</ele>
<time>2025-07-21T09:10:22Z</time>
<extensions>
<tp1:TrackPointExtension>
<tp1:hr>165</tp1:hr>
</tp1:TrackPointExtension>
</extensions>
</trkpt>
<trkpt lat="57.70639624" lon="14.21743311">
<ele>222.2</ele>
<time>2025-07-21T09:10:26Z</time>
<extensions>
<tp1:TrackPointExtension>
<tp1:hr>163</tp1:hr>
</tp1:TrackPointExtension>
</extensions>
</trkpt>
<trkpt lat="57.70640706" lon="14.21738022">
<ele>222.2</ele>
<time>2025-07-21T09:10:27Z</time>
<extensions>
<tp1:TrackPointExtension>
<tp1:hr>166</tp1:hr>
</tp1:TrackPointExtension>
</extensions>
</trkpt>
<trkpt lat="57.70641519" lon="14.21733228">
<ele>222.2</ele>
<time>2025-07-21T09:10:28Z</time>
<extensions>
<tp1:TrackPointExtension>
<tp1:hr>167</tp1:hr>
</tp1:TrackPointExtension>
</extensions>
</trkpt>
<trkpt lat="57.70646531" lon="14.21706732">
<ele>222.2</ele>
<time>2025-07-21T09:10:33Z</time>
<extensions>
<tp1:TrackPointExtension>
<tp1:hr>166</tp1:hr>
</tp1:TrackPointExtension>
</extensions>
</trkpt>
<trkpt lat="57.70651191" lon="14.2168219">
<ele>222.2</ele>
<time>2025-07-21T09:10:40Z</time>
<extensions>
<tp1:TrackPointExtension>
<tp1:hr>164</tp1:hr>
</tp1:TrackPointExtension>
</extensions>
</trkpt>
<trkpt lat="57.70648828" lon="14.21668025">
<ele>222.2</ele>
<time>2025-07-21T09:10:43Z</time>
<extensions>
<tp1:TrackPointExtension>
<tp1:hr>165</tp1:hr>
</tp1:TrackPointExtension>
</extensions>
</trkpt>
<trkpt lat="57.70648384" lon="14.21658402">
<ele>222.2</ele>
<time>2025-07-21T09:10:45Z</time>
<extensions>
<tp1:TrackPointExtension>
<tp1:hr>165</tp1:hr>
</tp1:TrackPointExtension>
</extensions>
</trkpt>
<trkpt lat="57.70656321" lon="14.21639669">
<ele>222.2</ele>
<time>2025-07-21T09:10:49Z</time>
<extensions>
<tp1:TrackPointExtension>
<tp1:hr>163</tp1:hr>
</tp1:TrackPointExtension>
</extensions>
</trkpt>
<trkpt lat="57.70660931" lon="14.21631337">
<ele>222.2</ele>
<time>2025-07-21T09:10:52Z</time>
<extensions>
<tp1:TrackPointExtension>
<tp1:hr>161</tp1:hr>
</tp1:TrackPointExtension>
</extensions>
</trkpt>
<trkpt lat="57.70661392" lon="14.21630197">
<ele>222.2</ele>
<time>2025-07-21T09:10:53Z</time>
<extensions>
<tp1:TrackPointExtension>
<tp1:hr>161</tp1:hr>
</tp1:TrackPointExtension>
</extensions>
</trkpt>
<trkpt lat="57.70662029" lon="14.21622016">
<ele>222.2</ele>
<time>2025-07-21T09:10:56Z</time>
<extensions>
<tp1:TrackPointExtension>
<tp1:hr>160</tp1:hr>
</tp1:TrackPointExtension>
</extensions>
</trkpt>
<trkpt lat="57.70661518" lon="14.21611564">
<ele>222.2</ele>
<time>2025-07-21T09:10:58Z</time>
<extensions>
<tp1:TrackPointExtension>
<tp1:hr>164</tp1:hr>
</tp1:TrackPointExtension>
</extensions>
</trkpt>
<trkpt lat="57.70660931" lon="14.21598421">
<ele>222.2</ele>
<time>2025-07-21T09:11:02Z</time>
<extensions>
<tp1:TrackPointExtension>
<tp1:hr>166</tp1:hr>
</tp1:TrackPointExtension>
</extensions>
</trkpt>
<trkpt lat="57.70659221" lon="14.21594004">
<ele>222.2</ele>
<time>2025-07-21T09:11:04Z</time>
<extensions>
<tp1:TrackPointExtension>
<tp1:hr>166</tp1:hr>
</tp1:TrackPointExtension>
</extensions>
</trkpt>
<trkpt lat="57.70657763" lon="14.21587567">
<ele>222.1</ele>
<time>2025-07-21T09:11:07Z</time>
<extensions>
<tp1:TrackPointExtension>
<tp1:hr>164</tp1:hr>
</tp1:TrackPointExtension>
</extensions>
</trkpt>
<trkpt lat="57.70657872" lon="14.21582789">
<ele>222.1</ele>
<time>2025-07-21T09:11:09Z</time>
<extensions>
<tp1:TrackPointExtension>
<tp1:hr>164</tp1:hr>
</tp1:TrackPointExtension>
</extensions>
</trkpt>
<trkpt lat="57.70656858" lon="14.21578464">
<ele>222.1</ele>
<time>2025-07-21T09:11:11Z</time>
<extensions>
<tp1:TrackPointExtension>
<tp1:hr>164</tp1:hr>
</tp1:TrackPointExtension>
</extensions>
</trkpt>
<trkpt lat="57.70654108" lon="14.21574558">
<ele>222.1</ele>
<time>2025-07-21T09:11:14Z</time>
<extensions>
<tp1:TrackPointExtension>
<tp1:hr>165</tp1:hr>
</tp1:TrackPointExtension>
</extensions>
</trkpt>
<trkpt lat="57.70648954" lon="14.21566654">
<ele>222.1</ele>
<time>2025-07-21T09:11:18Z</time>
<extensions>
<tp1:TrackPointExtension>
<tp1:hr>162</tp1:hr>
</tp1:TrackPointExtension>
</extensions>
</trkpt>
<trkpt lat="57.70646833" lon="14.21561751">
<ele>222.1</ele>
<time>2025-07-21T09:11:21Z</time>
<extensions>
<tp1:TrackPointExtension>
<tp1:hr>161</tp1:hr>
</tp1:TrackPointExtension>
</extensions>
</trkpt>
<trkpt lat="57.70645341" lon="14.21560527">
<ele>222.1</ele>
<time>2025-07-21T09:11:22Z</time>
<extensions>
<tp1:TrackPointExtension>
<tp1:hr>161</tp1:hr>
</tp1:TrackPointExtension>
</extensions>
</trkpt>
<trkpt lat="57.70637495" lon="14.21554894">
<ele>222.1</ele>
<time>2025-07-21T09:11:26Z</time>
<extensions>
<tp1:TrackPointExtension>
<tp1:hr>163</tp1:hr>
</tp1:TrackPointExtension>
</extensions>
</trkpt>
<trkpt lat="57.70630555" lon="14.21543654">
<ele>222.1</ele>
<time>2025-07-21T09:11:30Z</time>
<extensions>
<tp1:TrackPointExtension>
<tp1:hr>163</tp1:hr>
</tp1:TrackPointExtension>
</extensions>
</trkpt>
<trkpt lat="57.70627806" lon="14.21538725">
<ele>222.1</ele>
<time>2025-07-21T09:11:32Z</time>
<extensions>
<tp1:TrackPointExtension>
<tp1:hr>161</tp1:hr>
</tp1:TrackPointExtension>
</extensions>
</trkpt>
<trkpt lat="57.70625669" lon="14.21534585">
<ele>222.1</ele>
<time>2025-07-21T09:11:34Z</time>
<extensions>
<tp1:TrackPointExtension>
<tp1:hr>161</tp1:hr>
</tp1:TrackPointExtension>
</extensions>
</trkpt>
<trkpt lat="57.70624227" lon="14.21529455">
<ele>222.1</ele>
<time>2025-07-21T09:11:37Z</time>
<extensions>
<tp1:TrackPointExtension>
<tp1:hr>161</tp1:hr>
</tp1:TrackPointExtension>
</extensions>
</trkpt>
<trkpt lat="57.70624093" lon="14.21526421">
<ele>222.1</ele>
<time>2025-07-21T09:11:39Z</time>
<extensions>
<tp1:TrackPointExtension>
<tp1:hr>160</tp1:hr>
</tp1:TrackPointExtension>
</extensions>
</trkpt>
<trkpt lat="57.70624545" lon="14.21519766">
<ele>222.3</ele>
<time>2025-07-21T09:11:43Z</time>
<extensions>
<tp1:TrackPointExtension>
<tp1:hr>159</tp1:hr>
</tp1:TrackPointExtension>
</extensions>
</trkpt>
<trkpt lat="57.70631234" lon="14.21505902">
<ele>222.6</ele>
<time>2025-07-21T09:11:50Z</time>
<extensions>
<tp1:TrackPointExtension>
<tp1:hr>159</tp1:hr>
</tp1:TrackPointExtension>
</extensions>
</trkpt>
<trkpt lat="57.70631796" lon="14.21504863">
<ele>222.6</ele>
<time>2025-07-21T09:11:51Z</time>
<extensions>
<tp1:TrackPointExtension>
<tp1:hr>159</tp1:hr>
</tp1:TrackPointExtension>
</extensions>
</trkpt>
<trkpt lat="57.70634361" lon="14.21497243">
<ele>222.8</ele>
<time>2025-07-21T09:11:55Z</time>
<extensions>
<tp1:TrackPointExtension>
<tp1:hr>161</tp1:hr>
</tp1:TrackPointExtension>
</extensions>
</trkpt>
<trkpt lat="57.70638485" lon="14.21486473">
<ele>223.0</ele>
<time>2025-07-21T09:12:00Z</time>
<extensions>
<tp1:TrackPointExtension>
<tp1:hr>161</tp1:hr>
</tp1:TrackPointExtension>
</extensions>
</trkpt>
<trkpt lat="57.70639105" lon="14.21480128">
<ele>223.2</ele>
<time>2025-07-21T09:12:02Z</time>
<extensions>
<tp1:TrackPointExtension>
<tp1:hr>162</tp1:hr>
</tp1:TrackPointExtension>
</extensions>
</trkpt>
<trkpt lat="57.70644964" lon="14.21467706">
<ele>223.6</ele>
<time>2025-07-21T09:12:08Z</time>
<extensions>
<tp1:TrackPointExtension>
<tp1:hr>161</tp1:hr>
</tp1:TrackPointExtension>
</extensions>
</trkpt>
<trkpt lat="57.70644302" lon="14.21463934">
<ele>223.6</ele>
<time>2025-07-21T09:12:09Z</time>
<extensions>
<tp1:TrackPointExtension>
<tp1:hr>161</tp1:hr>
</tp1:TrackPointExtension>
</extensions>
</trkpt>
<trkpt lat="57.70643639" lon="14.21454739">
<ele>223.8</ele>
<time>2025-07-21T09:12:12Z</time>
<extensions>
<tp1:TrackPointExtension>
<tp1:hr>161</tp1:hr>
</tp1:TrackPointExtension>
</extensions>
</trkpt>
<trkpt lat="57.70645299" lon="14.21452191">
<ele>223.8</ele>
<time>2025-07-21T09:12:14Z</time>
<extensions>
<tp1:TrackPointExtension>
<tp1:hr>162</tp1:hr>
</tp1:TrackPointExtension>
</extensions>
</trkpt>
<trkpt lat="57.70648719" lon="14.21448201">
<ele>224.0</ele>
<time>2025-07-21T09:12:16Z</time>
<extensions>
<tp1:TrackPointExtension>
<tp1:hr>162</tp1:hr>
</tp1:TrackPointExtension>
</extensions>
</trkpt>
<trkpt lat="57.70657771" lon="14.21440749">
<ele>224.0</ele>
<time>2025-07-21T09:12:20Z</time>
<extensions>
<tp1:TrackPointExtension>
<tp1:hr>165</tp1:hr>
</tp1:TrackPointExtension>
</extensions>
</trkpt>
<trkpt lat="57.70662717" lon="14.21434505">
<ele>224.2</ele>
<time>2025-07-21T09:12:22Z</time>
<extensions>
<tp1:TrackPointExtension>
<tp1:hr>166</tp1:hr>
</tp1:TrackPointExtension>
</extensions>
</trkpt>
<trkpt lat="57.70668525" lon="14.21429736">
<ele>224.2</ele>
<time>2025-07-21T09:12:24Z</time>
<extensions>
<tp1:TrackPointExtension>
<tp1:hr>170</tp1:hr>
</tp1:TrackPointExtension>
</extensions>
</trkpt>
<trkpt lat="57.70670294" lon="14.2142842">
<ele>224.2</ele>
<time>2025-07-21T09:12:25Z</time>
<extensions>
<tp1:TrackPointExtension>
<tp1:hr>171</tp1:hr>
</tp1:TrackPointExtension>
</extensions>
</trkpt>
<trkpt lat="57.70669992" lon="14.21426081">
<ele>224.2</ele>
<time>2025-07-21T09:12:26Z</time>
<extensions>
<tp1:TrackPointExtension>
<tp1:hr>173</tp1:hr>
</tp1:TrackPointExtension>
</extensions>
</trkpt>
<trkpt lat="57.70668894" lon="14.21424036">
<ele>224.1</ele>
<time>2025-07-21T09:12:27Z</time>
<extensions>
<tp1:TrackPointExtension>
<tp1:hr>172</tp1:hr>
</tp1:TrackPointExtension>
</extensions>
</trkpt>
<trkpt lat="57.70663731" lon="14.21415377">
<ele>224.3</ele>
<time>2025-07-21T09:12:30Z</time>
<extensions>
<tp1:TrackPointExtension>
<tp1:hr>171</tp1:hr>
</tp1:TrackPointExtension>
</extensions>
</trkpt>
<trkpt lat="57.70656749" lon="14.21404875">
<ele>224.3</ele>
<time>2025-07-21T09:12:33Z</time>
<extensions>
<tp1:TrackPointExtension>
<tp1:hr>168</tp1:hr>
</tp1:TrackPointExtension>
</extensions>
</trkpt>
<trkpt lat="57.70651937" lon="14.21396552">
<ele>224.3</ele>
<time>2025-07-21T09:12:35Z</time>
<extensions>
<tp1:TrackPointExtension>
<tp1:hr>164</tp1:hr>
</tp1:TrackPointExtension>
</extensions>
</trkpt>
<trkpt lat="57.70648886" lon="14.21385982">
<ele>224.3</ele>
<time>2025-07-21T09:12:37Z</time>
<extensions>
<tp1:TrackPointExtension>
<tp1:hr>161</tp1:hr>
</tp1:TrackPointExtension>
</extensions>
</trkpt>
<trkpt lat="57.70640706" lon="14.21365832">
<ele>224.3</ele>
<time>2025-07-21T09:12:41Z</time>
<extensions>
<tp1:TrackPointExtension>
<tp1:hr>159</tp1:hr>
</tp1:TrackPointExtension>
</extensions>
</trkpt>
<trkpt lat="57.70628938" lon="14.21335917">
<ele>224.3</ele>
<time>2025-07-21T09:12:47Z</time>
<extensions>
<tp1:TrackPointExtension>
<tp1:hr>157</tp1:hr>
</tp1:TrackPointExtension>
</extensions>
</trkpt>
<trkpt lat="57.70626691" lon="14.21331869">
<ele>224.3</ele>
<time>2025-07-21T09:12:48Z</time>
<extensions>
<tp1:TrackPointExtension>
<tp1:hr>160</tp1:hr>
</tp1:TrackPointExtension>
</extensions>
</trkpt>
<trkpt lat="57.7061551" lon="14.21312272">
<ele>224.3</ele>
<time>2025-07-21T09:12:53Z</time>
<extensions>
<tp1:TrackPointExtension>
<tp1:hr>162</tp1:hr>
</tp1:TrackPointExtension>
</extensions>
</trkpt>
<trkpt lat="57.70604697" lon="14.21294183">
<ele>224.3</ele>
<time>2025-07-21T09:12:58Z</time>
<extensions>
<tp1:TrackPointExtension>
<tp1:hr>161</tp1:hr>
</tp1:TrackPointExtension>
</extensions>
</trkpt>
<trkpt lat="57.70596793" lon="14.21283354">
<ele>224.3</ele>
<time>2025-07-21T09:13:02Z</time>
<extensions>
<tp1:TrackPointExtension>
<tp1:hr>164</tp1:hr>
</tp1:TrackPointExtension>
</extensions>
</trkpt>
<trkpt lat="57.70596013" lon="14.21279549">
<ele>224.3</ele>
<time>2025-07-21T09:13:03Z</time>
<extensions>
<tp1:TrackPointExtension>
<tp1:hr>165</tp1:hr>
</tp1:TrackPointExtension>
</extensions>
</trkpt>
<trkpt lat="57.7059391" lon="14.21266532">
<ele>224.3</ele>
<time>2025-07-21T09:13:06Z</time>
<extensions>
<tp1:TrackPointExtension>
<tp1:hr>169</tp1:hr>
</tp1:TrackPointExtension>
</extensions>
</trkpt>
<trkpt lat="57.70587992" lon="14.21252408">
<ele>224.2</ele>
<time>2025-07-21T09:13:10Z</time>
<extensions>
<tp1:TrackPointExtension>
<tp1:hr>171</tp1:hr>
</tp1:TrackPointExtension>
</extensions>
</trkpt>
<trkpt lat="57.70575872" lon="14.21227296">
<ele>224.2</ele>
<time>2025-07-21T09:13:17Z</time>
<extensions>
<tp1:TrackPointExtension>
<tp1:hr>170</tp1:hr>
</tp1:TrackPointExtension>
</extensions>
</trkpt>
<trkpt lat="57.70560818" lon="14.21206869">
<ele>224.2</ele>
<time>2025-07-21T09:13:24Z</time>
<extensions>
<tp1:TrackPointExtension>
<tp1:hr>171</tp1:hr>
</tp1:TrackPointExtension>
</extensions>
</trkpt>
<trkpt lat="57.70549779" lon="14.21182956">
<ele>224.2</ele>
<time>2025-07-21T09:13:31Z</time>
<extensions>
<tp1:TrackPointExtension>
<tp1:hr>169</tp1:hr>
</tp1:TrackPointExtension>
</extensions>
</trkpt>
<trkpt lat="57.70539075" lon="14.21158732">
<ele>224.2</ele>
<time>2025-07-21T09:13:37Z</time>
<extensions>
<tp1:TrackPointExtension>
<tp1:hr>171</tp1:hr>
</tp1:TrackPointExtension>
</extensions>
</trkpt>
<trkpt lat="57.70537508" lon="14.21155413">
<ele>224.2</ele>
<time>2025-07-21T09:13:38Z</time>
<extensions>
<tp1:TrackPointExtension>
<tp1:hr>168</tp1:hr>
</tp1:TrackPointExtension>
</extensions>
</trkpt>
<trkpt lat="57.70530517" lon="14.21135464">
<ele>224.2</ele>
<time>2025-07-21T09:13:43Z</time>
<extensions>
<tp1:TrackPointExtension>
<tp1:hr>165</tp1:hr>
</tp1:TrackPointExtension>
</extensions>
</trkpt>
<trkpt lat="57.70520836" lon="14.21117057">
<ele>224.2</ele>
<time>2025-07-21T09:13:48Z</time>
<extensions>
<tp1:TrackPointExtension>
<tp1:hr>165</tp1:hr>
</tp1:TrackPointExtension>
</extensions>
</trkpt>
<trkpt lat="57.70516436" lon="14.21109564">
<ele>224.1</ele>
<time>2025-07-21T09:13:50Z</time>
<extensions>
<tp1:TrackPointExtension>
<tp1:hr>168</tp1:hr>
</tp1:TrackPointExtension>
</extensions>
</trkpt>
<trkpt lat="57.70513443" lon="14.2109777">
<ele>224.1</ele>
<time>2025-07-21T09:13:53Z</time>
<extensions>
<tp1:TrackPointExtension>
<tp1:hr>168</tp1:hr>
</tp1:TrackPointExtension>
</extensions>
</trkpt>
<trkpt lat="57.70510124" lon="14.21081602">
<ele>224.1</ele>
<time>2025-07-21T09:13:58Z</time>
<extensions>
<tp1:TrackPointExtension>
<tp1:hr>166</tp1:hr>
</tp1:TrackPointExtension>
</extensions>
</trkpt>
<trkpt lat="57.7051051" lon="14.2106571">
<ele>224.1</ele>
<time>2025-07-21T09:14:03Z</time>
<extensions>
<tp1:TrackPointExtension>
<tp1:hr>166</tp1:hr>
</tp1:TrackPointExtension>
</extensions>
</trkpt>
<trkpt lat="57.70507459" lon="14.21050262">
<ele>224.1</ele>
<time>2025-07-21T09:14:07Z</time>
<extensions>
<tp1:TrackPointExtension>
<tp1:hr>169</tp1:hr>
</tp1:TrackPointExtension>
</extensions>
</trkpt>
<trkpt lat="57.70507048" lon="14.21046725">
<ele>224.1</ele>
<time>2025-07-21T09:14:08Z</time>
<extensions>
<tp1:TrackPointExtension>
<tp1:hr>169</tp1:hr>
</tp1:TrackPointExtension>
</extensions>
</trkpt>
<trkpt lat="57.7050025" lon="14.21022308">
<ele>224.1</ele>
<time>2025-07-21T09:14:15Z</time>
<extensions>
<tp1:TrackPointExtension>
<tp1:hr>169</tp1:hr>
</tp1:TrackPointExtension>
</extensions>
</trkpt>
<trkpt lat="57.7049958" lon="14.21016064">
<ele>224.1</ele>
<time>2025-07-21T09:14:17Z</time>
<extensions>
<tp1:TrackPointExtension>
<tp1:hr>168</tp1:hr>
</tp1:TrackPointExtension>
</extensions>
</trkpt>
<trkpt lat="57.70497375" lon="14.21009475">
<ele>224.3</ele>
<time>2025-07-21T09:14:19Z</time>
<extensions>
<tp1:TrackPointExtension>
<tp1:hr>168</tp1:hr>
</tp1:TrackPointExtension>
</extensions>
</trkpt>
<trkpt lat="57.704902" lon="14.20988722">
<ele>224.3</ele>
<time>2025-07-21T09:14:25Z</time>
<extensions>
<tp1:TrackPointExtension>
<tp1:hr>169</tp1:hr>
</tp1:TrackPointExtension>
</extensions>
</trkpt>
<trkpt lat="57.70487493" lon="14.20985679">
<ele>224.5</ele>
<time>2025-07-21T09:14:27Z</time>
<extensions>
<tp1:TrackPointExtension>
<tp1:hr>168</tp1:hr>
</tp1:TrackPointExtension>
</extensions>
</trkpt>
<trkpt lat="57.70485858" lon="14.20984548">
<ele>224.5</ele>
<time>2025-07-21T09:14:28Z</time>
<extensions>
<tp1:TrackPointExtension>
<tp1:hr>168</tp1:hr>
</tp1:TrackPointExtension>
</extensions>
</trkpt>
<trkpt lat="57.70473235" lon="14.20972989">
<ele>224.6</ele>
<time>2025-07-21T09:14:33Z</time>
<extensions>
<tp1:TrackPointExtension>
<tp1:hr>168</tp1:hr>
</tp1:TrackPointExtension>
</extensions>
</trkpt>
<trkpt lat="57.70466697" lon="14.20971857">
<ele>224.8</ele>
<time>2025-07-21T09:14:36Z</time>
<extensions>
<tp1:TrackPointExtension>
<tp1:hr>169</tp1:hr>
</tp1:TrackPointExtension>
</extensions>
</trkpt>
<trkpt lat="57.70459866" lon="14.20972603">
<ele>224.8</ele>
<time>2025-07-21T09:14:39Z</time>
<extensions>
<tp1:TrackPointExtension>
<tp1:hr>169</tp1:hr>
</tp1:TrackPointExtension>
</extensions>
</trkpt>
<trkpt lat="57.70449338" lon="14.20966828">
<ele>225.2</ele>
<time>2025-07-21T09:14:44Z</time>
<extensions>
<tp1:TrackPointExtension>
<tp1:hr>169</tp1:hr>
</tp1:TrackPointExtension>
</extensions>
</trkpt>
<trkpt lat="57.70442918" lon="14.20962872">
<ele>225.4</ele>
<time>2025-07-21T09:14:47Z</time>
<extensions>
<tp1:TrackPointExtension>
<tp1:hr>170</tp1:hr>
</tp1:TrackPointExtension>
</extensions>
</trkpt>
<trkpt lat="57.70440118" lon="14.20962369">
<ele>225.4</ele>
<time>2025-07-21T09:14:49Z</time>
<extensions>
<tp1:TrackPointExtension>
<tp1:hr>170</tp1:hr>
</tp1:TrackPointExtension>
</extensions>
</trkpt>
<trkpt lat="57.70430337" lon="14.209576">
<ele>225.8</ele>
<time>2025-07-21T09:14:54Z</time>
<extensions>
<tp1:TrackPointExtension>
<tp1:hr>170</tp1:hr>
</tp1:TrackPointExtension>
</extensions>
</trkpt>
<trkpt lat="57.70425484" lon="14.20953392">
<ele>226.0</ele>
<time>2025-07-21T09:14:55Z</time>
<extensions>
<tp1:TrackPointExtension>
<tp1:hr>170</tp1:hr>
</tp1:TrackPointExtension>
</extensions>
</trkpt>
<trkpt lat="57.70409642" lon="14.20943812">
<ele>226.4</ele>
<time>2025-07-21T09:15:02Z</time>
<extensions>
<tp1:TrackPointExtension>
<tp1:hr>171</tp1:hr>
</tp1:TrackPointExtension>
</extensions>
</trkpt>
<trkpt lat="57.70394445" lon="14.20936544">
<ele>226.8</ele>
<time>2025-07-21T09:15:08Z</time>
<extensions>
<tp1:TrackPointExtension>
<tp1:hr>169</tp1:hr>
</tp1:TrackPointExtension>
</extensions>
</trkpt>
<trkpt lat="57.70392442" lon="14.20934726">
<ele>226.8</ele>
<time>2025-07-21T09:15:09Z</time>
<extensions>
<tp1:TrackPointExtension>
<tp1:hr>169</tp1:hr>
</tp1:TrackPointExtension>
</extensions>
</trkpt>
<trkpt lat="57.70381697" lon="14.20919831">
<ele>227.1</ele>
<time>2025-07-21T09:15:14Z</time>
<extensions>
<tp1:TrackPointExtension>
<tp1:hr>169</tp1:hr>
</tp1:TrackPointExtension>
</extensions>
</trkpt>
<trkpt lat="57.70376818" lon="14.20916067">
<ele>227.3</ele>
<time>2025-07-21T09:15:18Z</time>
<extensions>
<tp1:TrackPointExtension>
<tp1:hr>168</tp1:hr>
</tp1:TrackPointExtension>
</extensions>
</trkpt>
<trkpt lat="57.70372879" lon="14.20914567">
<ele>227.5</ele>
<time>2025-07-21T09:15:20Z</time>
<extensions>
<tp1:TrackPointExtension>
<tp1:hr>168</tp1:hr>
</tp1:TrackPointExtension>
</extensions>
</trkpt>
<trkpt lat="57.70362804" lon="14.20906755">
<ele>227.7</ele>
<time>2025-07-21T09:15:25Z</time>
<extensions>
<tp1:TrackPointExtension>
<tp1:hr>166</tp1:hr>
</tp1:TrackPointExtension>
</extensions>
</trkpt>
<trkpt lat="57.70355185" lon="14.2089694">
<ele>228.1</ele>
<time>2025-07-21T09:15:30Z</time>
<extensions>
<tp1:TrackPointExtension>
<tp1:hr>167</tp1:hr>
</tp1:TrackPointExtension>
</extensions>
</trkpt>
<trkpt lat="57.70345244" lon="14.20877972">
<ele>228.7</ele>
<time>2025-07-21T09:15:37Z</time>
<extensions>
<tp1:TrackPointExtension>
<tp1:hr>167</tp1:hr>
</tp1:TrackPointExtension>
</extensions>
</trkpt>
<trkpt lat="57.70344959" lon="14.20874233">
<ele>228.9</ele>
<time>2025-07-21T09:15:38Z</time>
<extensions>
<tp1:TrackPointExtension>
<tp1:hr>167</tp1:hr>
</tp1:TrackPointExtension>
</extensions>
</trkpt>
<trkpt lat="57.70342897" lon="14.20850496">
<ele>229.1</ele>
<time>2025-07-21T09:15:43Z</time>
<extensions>
<tp1:TrackPointExtension>
<tp1:hr>167</tp1:hr>
</tp1:TrackPointExtension>
</extensions>
</trkpt>
<trkpt lat="57.70330315" lon="14.20827739">
<ele>229.7</ele>
<time>2025-07-21T09:15:49Z</time>
<extensions>
<tp1:TrackPointExtension>
<tp1:hr>168</tp1:hr>
</tp1:TrackPointExtension>
</extensions>
</trkpt>
<trkpt lat="57.7032967" lon="14.20823799">
<ele>229.7</ele>
<time>2025-07-21T09:15:50Z</time>
<extensions>
<tp1:TrackPointExtension>
<tp1:hr>168</tp1:hr>
</tp1:TrackPointExtension>
</extensions>
</trkpt>
<trkpt lat="57.70329972" lon="14.20819659">
<ele>229.9</ele>
<time>2025-07-21T09:15:51Z</time>
<extensions>
<tp1:TrackPointExtension>
<tp1:hr>168</tp1:hr>
</tp1:TrackPointExtension>
</extensions>
</trkpt>
<trkpt lat="57.70330559" lon="14.20809969">
<ele>229.8</ele>
<time>2025-07-21T09:15:53Z</time>
<extensions>
<tp1:TrackPointExtension>
<tp1:hr>168</tp1:hr>
</tp1:TrackPointExtension>
</extensions>
</trkpt>
<trkpt lat="57.70330072" lon="14.20773801">
<ele>230.4</ele>
<time>2025-07-21T09:16:00Z</time>
<extensions>
<tp1:TrackPointExtension>
<tp1:hr>168</tp1:hr>
</tp1:TrackPointExtension>
</extensions>
</trkpt>
<trkpt lat="57.70331807" lon="14.20764942">
<ele>230.6</ele>
<time>2025-07-21T09:16:02Z</time>
<extensions>
<tp1:TrackPointExtension>
<tp1:hr>167</tp1:hr>
</tp1:TrackPointExtension>
</extensions>
</trkpt>
<trkpt lat="57.70332956" lon="14.20762444">
<ele>230.8</ele>
<time>2025-07-21T09:16:03Z</time>
<extensions>
<tp1:TrackPointExtension>
<tp1:hr>167</tp1:hr>
</tp1:TrackPointExtension>
</extensions>
</trkpt>
<trkpt lat="57.70334582" lon="14.20758127">
<ele>231.0</ele>
<time>2025-07-21T09:16:05Z</time>
<extensions>
<tp1:TrackPointExtension>
<tp1:hr>168</tp1:hr>
</tp1:TrackPointExtension>
</extensions>
</trkpt>
<trkpt lat="57.70335227" lon="14.20747197">
<ele>231.2</ele>
<time>2025-07-21T09:16:09Z</time>
<extensions>
<tp1:TrackPointExtension>
<tp1:hr>168</tp1:hr>
</tp1:TrackPointExtension>
</extensions>
</trkpt>
<trkpt lat="57.70331187" lon="14.20737977">
<ele>231.2</ele>
<time>2025-07-21T09:16:11Z</time>
<extensions>
<tp1:TrackPointExtension>
<tp1:hr>168</tp1:hr>
</tp1:TrackPointExtension>
</extensions>
</trkpt>
<trkpt lat="57.703205" lon="14.20719738">
<ele>231.6</ele>
<time>2025-07-21T09:16:17Z</time>
<extensions>
<tp1:TrackPointExtension>
<tp1:hr>166</tp1:hr>
</tp1:TrackPointExtension>
</extensions>
</trkpt>
<trkpt lat="57.7031351" lon="14.20705732">
<ele>231.6</ele>
<time>2025-07-21T09:16:22Z</time>
<extensions>
<tp1:TrackPointExtension>
<tp1:hr>162</tp1:hr>
</tp1:TrackPointExtension>
</extensions>
</trkpt>
<trkpt lat="57.70312496" lon="14.20703435">
<ele>231.8</ele>
<time>2025-07-21T09:16:23Z</time>
<extensions>
<tp1:TrackPointExtension>
<tp1:hr>162</tp1:hr>
</tp1:TrackPointExtension>
</extensions>
</trkpt>
<trkpt lat="57.70310165" lon="14.20699588">
<ele>231.8</ele>
<time>2025-07-21T09:16:25Z</time>
<extensions>
<tp1:TrackPointExtension>
<tp1:hr>165</tp1:hr>
</tp1:TrackPointExtension>
</extensions>
</trkpt>
<trkpt lat="57.70308564" lon="14.20697384">
<ele>231.8</ele>
<time>2025-07-21T09:16:26Z</time>
<extensions>
<tp1:TrackPointExtension>
<tp1:hr>165</tp1:hr>
</tp1:TrackPointExtension>
</extensions>
</trkpt>
<trkpt lat="57.7030325" lon="14.2068896">
<ele>231.8</ele>
<time>2025-07-21T09:16:29Z</time>
<extensions>
<tp1:TrackPointExtension>
<tp1:hr>164</tp1:hr>
</tp1:TrackPointExtension>
</extensions>
</trkpt>
<trkpt lat="57.7030268" lon="14.2068549">
<ele>231.8</ele>
<time>2025-07-21T09:16:30Z</time>
<extensions>
<tp1:TrackPointExtension>
<tp1:hr>162</tp1:hr>
</tp1:TrackPointExtension>
</extensions>
</trkpt>
<trkpt lat="57.70303049" lon="14.20682514">
<ele>231.8</ele>
<time>2025-07-21T09:16:31Z</time>
<extensions>
<tp1:TrackPointExtension>
<tp1:hr>165</tp1:hr>
</tp1:TrackPointExtension>
</extensions>
</trkpt>
<trkpt lat="57.70303116" lon="14.20677694">
<ele>231.8</ele>
<time>2025-07-21T09:16:33Z</time>
<extensions>
<tp1:TrackPointExtension>
<tp1:hr>167</tp1:hr>
</tp1:TrackPointExtension>
</extensions>
</trkpt>
<trkpt lat="57.70301926" lon="14.20674451">
<ele>231.7</ele>
<time>2025-07-21T09:16:35Z</time>
<extensions>
<tp1:TrackPointExtension>
<tp1:hr>168</tp1:hr>
</tp1:TrackPointExtension>
</extensions>
</trkpt>
<trkpt lat="57.7029973" lon="14.20665725">
<ele>231.7</ele>
<time>2025-07-21T09:16:39Z</time>
<extensions>
<tp1:TrackPointExtension>
<tp1:hr>168</tp1:hr>
</tp1:TrackPointExtension>
</extensions>
</trkpt>
<trkpt lat="57.70296914" lon="14.20655055">
<ele>231.7</ele>
<time>2025-07-21T09:16:43Z</time>
<extensions>
<tp1:TrackPointExtension>
<tp1:hr>168</tp1:hr>
</tp1:TrackPointExtension>
</extensions>
</trkpt>
<trkpt lat="57.70298079" lon="14.20641057">
<ele>231.7</ele>
<time>2025-07-21T09:16:46Z</time>
<extensions>
<tp1:TrackPointExtension>
<tp1:hr>168</tp1:hr>
</tp1:TrackPointExtension>
</extensions>
</trkpt>
<trkpt lat="57.70299529" lon="14.20624394">
<ele>231.7</ele>
<time>2025-07-21T09:16:49Z</time>
<extensions>
<tp1:TrackPointExtension>
<tp1:hr>165</tp1:hr>
</tp1:TrackPointExtension>
</extensions>
</trkpt>
<trkpt lat="57.70298615" lon="14.20611151">
<ele>231.7</ele>
<time>2025-07-21T09:16:52Z</time>
<extensions>
<tp1:TrackPointExtension>
<tp1:hr>165</tp1:hr>
</tp1:TrackPointExtension>
</extensions>
</trkpt>
<trkpt lat="57.70299948" lon="14.20588042">
<ele>231.7</ele>
<time>2025-07-21T09:16:56Z</time>
<extensions>
<tp1:TrackPointExtension>
<tp1:hr>168</tp1:hr>
</tp1:TrackPointExtension>
</extensions>
</trkpt>
<trkpt lat="57.70305807" lon="14.20549585">
<ele>231.5</ele>
<time>2025-07-21T09:17:02Z</time>
<extensions>
<tp1:TrackPointExtension>
<tp1:hr>168</tp1:hr>
</tp1:TrackPointExtension>
</extensions>
</trkpt>
<trkpt lat="57.70305086" lon="14.20542754">
<ele>231.5</ele>
<time>2025-07-21T09:17:03Z</time>
<extensions>
<tp1:TrackPointExtension>
<tp1:hr>170</tp1:hr>
</tp1:TrackPointExtension>
</extensions>
</trkpt>
<trkpt lat="57.70300082" lon="14.20526133">
<ele>231.5</ele>
<time>2025-07-21T09:17:06Z</time>
<extensions>
<tp1:TrackPointExtension>
<tp1:hr>169</tp1:hr>
</tp1:TrackPointExtension>
</extensions>
</trkpt>
<trkpt lat="57.70295757" lon="14.20507366">
<ele>231.5</ele>
<time>2025-07-21T09:17:09Z</time>
<extensions>
<tp1:TrackPointExtension>
<tp1:hr>166</tp1:hr>
</tp1:TrackPointExtension>
</extensions>
</trkpt>
<trkpt lat="57.70291205" lon="14.20496679">
<ele>231.5</ele>
<time>2025-07-21T09:17:11Z</time>
<extensions>
<tp1:TrackPointExtension>
<tp1:hr>165</tp1:hr>
</tp1:TrackPointExtension>
</extensions>
</trkpt>
<trkpt lat="57.70277602" lon="14.2047642">
<ele>231.2</ele>
<time>2025-07-21T09:17:16Z</time>
<extensions>
<tp1:TrackPointExtension>
<tp1:hr>166</tp1:hr>
</tp1:TrackPointExtension>
</extensions>
</trkpt>
<trkpt lat="57.70270251" lon="14.20477535">
<ele>231.2</ele>
<time>2025-07-21T09:17:19Z</time>
<extensions>
<tp1:TrackPointExtension>
<tp1:hr>169</tp1:hr>
</tp1:TrackPointExtension>
</extensions>
</trkpt>
<trkpt lat="57.70265012" lon="14.20481038">
<ele>231.2</ele>
<time>2025-07-21T09:17:21Z</time>
<extensions>
<tp1:TrackPointExtension>
<tp1:hr>167</tp1:hr>
</tp1:TrackPointExtension>
</extensions>
</trkpt>
<trkpt lat="57.70251911" lon="14.20484316">
<ele>231.0</ele>
<time>2025-07-21T09:17:27Z</time>
<extensions>
<tp1:TrackPointExtension>
<tp1:hr>168</tp1:hr>
</tp1:TrackPointExtension>
</extensions>
</trkpt>
<trkpt lat="57.70239439" lon="14.20484148">
<ele>231.0</ele>
<time>2025-07-21T09:17:33Z</time>
<extensions>
<tp1:TrackPointExtension>
<tp1:hr>169</tp1:hr>
</tp1:TrackPointExtension>
</extensions>
</trkpt>
<trkpt lat="57.70235432" lon="14.20483444">
<ele>231.0</ele>
<time>2025-07-21T09:17:35Z</time>
<extensions>
<tp1:TrackPointExtension>
<tp1:hr>166</tp1:hr>
</tp1:TrackPointExtension>
</extensions>
</trkpt>
<trkpt lat="57.70227863" lon="14.20480435">
<ele>231.0</ele>
<time>2025-07-21T09:17:38Z</time>
<extensions>
<tp1:TrackPointExtension>
<tp1:hr>167</tp1:hr>
</tp1:TrackPointExtension>
</extensions>
</trkpt>
<trkpt lat="57.70225693" lon="14.20475665">
<ele>231.0</ele>
<time>2025-07-21T09:17:39Z</time>
<extensions>
<tp1:TrackPointExtension>
<tp1:hr>167</tp1:hr>
</tp1:TrackPointExtension>
</extensions>
</trkpt>
<trkpt lat="57.70224745" lon="14.20469312">
<ele>231.0</ele>
<time>2025-07-21T09:17:40Z</time>
<extensions>
<tp1:TrackPointExtension>
<tp1:hr>167</tp1:hr>
</tp1:TrackPointExtension>
</extensions>
</trkpt>
<trkpt lat="57.70225718" lon="14.20456965">
<ele>231.0</ele>
<time>2025-07-21T09:17:42Z</time>
<extensions>
<tp1:TrackPointExtension>
<tp1:hr>168</tp1:hr>
</tp1:TrackPointExtension>
</extensions>
</trkpt>
<trkpt lat="57.70228174" lon="14.20445449">
<ele>231.0</ele>
<time>2025-07-21T09:17:44Z</time>
<extensions>
<tp1:TrackPointExtension>
<tp1:hr>171</tp1:hr>
</tp1:TrackPointExtension>
</extensions>
</trkpt>
<trkpt lat="57.7023565" lon="14.20419666">
<ele>231.0</ele>
<time>2025-07-21T09:17:49Z</time>
<extensions>
<tp1:TrackPointExtension>
<tp1:hr>168</tp1:hr>
</tp1:TrackPointExtension>
</extensions>
</trkpt>
<trkpt lat="57.70237025" lon="14.20392048">
<ele>230.8</ele>
<time>2025-07-21T09:17:54Z</time>
<extensions>
<tp1:TrackPointExtension>
<tp1:hr>169</tp1:hr>
</tp1:TrackPointExtension>
</extensions>
</trkpt>
<trkpt lat="57.70243445" lon="14.20362309">
<ele>230.7</ele>
<time>2025-07-21T09:17:59Z</time>
<extensions>
<tp1:TrackPointExtension>
<tp1:hr>167</tp1:hr>
</tp1:TrackPointExtension>
</extensions>
</trkpt>
<trkpt lat="57.70246061" lon="14.20332251">
<ele>230.7</ele>
<time>2025-07-21T09:18:04Z</time>
<extensions>
<tp1:TrackPointExtension>
<tp1:hr>166</tp1:hr>
</tp1:TrackPointExtension>
</extensions>
</trkpt>
<trkpt lat="57.7024767" lon="14.20316267">
<ele>230.7</ele>
<time>2025-07-21T09:18:07Z</time>
<extensions>
<tp1:TrackPointExtension>
<tp1:hr>169</tp1:hr>
</tp1:TrackPointExtension>
</extensions>
</trkpt>
<trkpt lat="57.70249086" lon="14.20302294">
<ele>230.7</ele>
<time>2025-07-21T09:18:09Z</time>
<extensions>
<tp1:TrackPointExtension>
<tp1:hr>170</tp1:hr>
</tp1:TrackPointExtension>
</extensions>
</trkpt>
<trkpt lat="57.70254317" lon="14.20281951">
<ele>230.7</ele>
<time>2025-07-21T09:18:14Z</time>
<extensions>
<tp1:TrackPointExtension>
<tp1:hr>167</tp1:hr>
</tp1:TrackPointExtension>
</extensions>
</trkpt>
<trkpt lat="57.70257276" lon="14.20272287">
<ele>230.7</ele>
<time>2025-07-21T09:18:16Z</time>
<extensions>
<tp1:TrackPointExtension>
<tp1:hr>167</tp1:hr>
</tp1:TrackPointExtension>
</extensions>
</trkpt>
<trkpt lat="57.70270469" lon="14.2024756">
<ele>230.5</ele>
<time>2025-07-21T09:18:22Z</time>
<extensions>
<tp1:TrackPointExtension>
<tp1:hr>165</tp1:hr>
</tp1:TrackPointExtension>
</extensions>
</trkpt>
<trkpt lat="57.70287023" lon="14.20234795">
<ele>230.5</ele>
<time>2025-07-21T09:18:27Z</time>
<extensions>
<tp1:TrackPointExtension>
<tp1:hr>165</tp1:hr>
</tp1:TrackPointExtension>
</extensions>
</trkpt>
<trkpt lat="57.70299948" lon="14.20215575">
<ele>230.5</ele>
<time>2025-07-21T09:18:32Z</time>
<extensions>
<tp1:TrackPointExtension>
<tp1:hr>165</tp1:hr>
</tp1:TrackPointExtension>
</extensions>
</trkpt>
<trkpt lat="57.70308414" lon="14.20200186">
<ele>230.5</ele>
<time>2025-07-21T09:18:36Z</time>
<extensions>
<tp1:TrackPointExtension>
<tp1:hr>165</tp1:hr>
</tp1:TrackPointExtension>
</extensions>
</trkpt>
<trkpt lat="57.70311733" lon="14.20188652">
<ele>230.2</ele>
<time>2025-07-21T09:18:39Z</time>
<extensions>
<tp1:TrackPointExtension>
<tp1:hr>166</tp1:hr>
</tp1:TrackPointExtension>
</extensions>
</trkpt>
<trkpt lat="57.7031133" lon="14.20183179">
<ele>230.2</ele>
<time>2025-07-21T09:18:40Z</time>
<extensions>
<tp1:TrackPointExtension>
<tp1:hr>166</tp1:hr>
</tp1:TrackPointExtension>
</extensions>
</trkpt>
<trkpt lat="57.70307592" lon="14.20171637">
<ele>230.2</ele>
<time>2025-07-21T09:18:43Z</time>
<extensions>
<tp1:TrackPointExtension>
<tp1:hr>166</tp1:hr>
</tp1:TrackPointExtension>
</extensions>
</trkpt>
<trkpt lat="57.70299487" lon="14.20150909">
<ele>230.2</ele>
<time>2025-07-21T09:18:49Z</time>
<extensions>
<tp1:TrackPointExtension>
<tp1:hr>165</tp1:hr>
</tp1:TrackPointExtension>
</extensions>
</trkpt>
<trkpt lat="57.70290619" lon="14.20132167">
<ele>230.2</ele>
<time>2025-07-21T09:18:55Z</time>
<extensions>
<tp1:TrackPointExtension>
<tp1:hr>164</tp1:hr>
</tp1:TrackPointExtension>
</extensions>
</trkpt>
<trkpt lat="57.70281885" lon="14.20114271">
<ele>230.2</ele>
<time>2025-07-21T09:19:00Z</time>
<extensions>
<tp1:TrackPointExtension>
<tp1:hr>161</tp1:hr>
</tp1:TrackPointExtension>
</extensions>
</trkpt>
<trkpt lat="57.70269262" lon="14.20092001">
<ele>230.2</ele>
<time>2025-07-21T09:19:07Z</time>
<extensions>
<tp1:TrackPointExtension>
<tp1:hr>162</tp1:hr>
</tp1:TrackPointExtension>
</extensions>
</trkpt>
<trkpt lat="57.70262129" lon="14.20072236">
<ele>230.2</ele>
<time>2025-07-21T09:19:13Z</time>
<extensions>
<tp1:TrackPointExtension>
<tp1:hr>164</tp1:hr>
</tp1:TrackPointExtension>
</extensions>
</trkpt>
<trkpt lat="57.70261567" lon="14.20070585">
<ele>230.2</ele>
<time>2025-07-21T09:19:14Z</time>
<extensions>
<tp1:TrackPointExtension>
<tp1:hr>164</tp1:hr>
</tp1:TrackPointExtension>
</extensions>
</trkpt>
<trkpt lat="57.70258608" lon="14.20064223">
<ele>230.2</ele>
<time>2025-07-21T09:19:19Z</time>
<extensions>
<tp1:TrackPointExtension>
<tp1:hr>164</tp1:hr>
</tp1:TrackPointExtension>
</extensions>
</trkpt>
<trkpt lat="57.70253705" lon="14.20062982">
<ele>230.3</ele>
<time>2025-07-21T09:19:25Z</time>
<extensions>
<tp1:TrackPointExtension>
<tp1:hr>163</tp1:hr>
</tp1:TrackPointExtension>
</extensions>
</trkpt>
<trkpt lat="57.70252942" lon="14.20063251">
<ele>230.3</ele>
<time>2025-07-21T09:19:26Z</time>
<extensions>
<tp1:TrackPointExtension>
<tp1:hr>163</tp1:hr>
</tp1:TrackPointExtension>
</extensions>
</trkpt>
<trkpt lat="57.70252028" lon="14.20061264">
<ele>230.3</ele>
<time>2025-07-21T09:19:28Z</time>
<extensions>
<tp1:TrackPointExtension>
<tp1:hr>162</tp1:hr>
</tp1:TrackPointExtension>
</extensions>
</trkpt>
<trkpt lat="57.70250863" lon="14.20056487">
<ele>230.5</ele>
<time>2025-07-21T09:19:31Z</time>
<extensions>
<tp1:TrackPointExtension>
<tp1:hr>158</tp1:hr>
</tp1:TrackPointExtension>
</extensions>
</trkpt>
<trkpt lat="57.70250847" lon="14.20054156">
<ele>230.7</ele>
<time>2025-07-21T09:19:32Z</time>
<extensions>
<tp1:TrackPointExtension>
<tp1:hr>159</tp1:hr>
</tp1:TrackPointExtension>
</extensions>
</trkpt>
<trkpt lat="57.70250159" lon="14.20050443">
<ele>230.7</ele>
<time>2025-07-21T09:19:34Z</time>
<extensions>
<tp1:TrackPointExtension>
<tp1:hr>158</tp1:hr>
</tp1:TrackPointExtension>
</extensions>
</trkpt>
<trkpt lat="57.70248894" lon="14.20048809">
<ele>230.9</ele>
<time>2025-07-21T09:19:37Z</time>
<extensions>
<tp1:TrackPointExtension>
<tp1:hr>156</tp1:hr>
</tp1:TrackPointExtension>
</extensions>
</trkpt>
<trkpt lat="57.70248441" lon="14.20047065">
<ele>230.9</ele>
<time>2025-07-21T09:19:38Z</time>
<extensions>
<tp1:TrackPointExtension>
<tp1:hr>159</tp1:hr>
</tp1:TrackPointExtension>
</extensions>
</trkpt>
<trkpt lat="57.70246907" lon="14.20043243">
<ele>231.1</ele>
<time>2025-07-21T09:19:40Z</time>
<extensions>
<tp1:TrackPointExtension>
<tp1:hr>162</tp1:hr>
</tp1:TrackPointExtension>
</extensions>
</trkpt>
<trkpt lat="57.70245675" lon="14.20039781">
<ele>231.3</ele>
<time>2025-07-21T09:19:41Z</time>
<extensions>
<tp1:TrackPointExtension>
<tp1:hr>162</tp1:hr>
</tp1:TrackPointExtension>
</extensions>
</trkpt>
<trkpt lat="57.7024513" lon="14.20037351">
<ele>231.3</ele>
<time>2025-07-21T09:19:42Z</time>
<extensions>
<tp1:TrackPointExtension>
<tp1:hr>162</tp1:hr>
</tp1:TrackPointExtension>
</extensions>
</trkpt>
<trkpt lat="57.70242817" lon="14.20031291">
<ele>231.5</ele>
<time>2025-07-21T09:19:45Z</time>
<extensions>
<tp1:TrackPointExtension>
<tp1:hr>164</tp1:hr>
</tp1:TrackPointExtension>
</extensions>
</trkpt>
<trkpt lat="57.70243462" lon="14.20010344">
<ele>232.3</ele>
<time>2025-07-21T09:19:52Z</time>
<extensions>
<tp1:TrackPointExtension>
<tp1:hr>164</tp1:hr>
</tp1:TrackPointExtension>
</extensions>
</trkpt>
<trkpt lat="57.7024394" lon="14.20007142">
<ele>232.3</ele>
<time>2025-07-21T09:19:53Z</time>
<extensions>
<tp1:TrackPointExtension>
<tp1:hr>165</tp1:hr>
</tp1:TrackPointExtension>
</extensions>
</trkpt>
<trkpt lat="57.70248332" lon="14.19983262">
<ele>232.9</ele>
<time>2025-07-21T09:19:58Z</time>
<extensions>
<tp1:TrackPointExtension>
<tp1:hr>166</tp1:hr>
</tp1:TrackPointExtension>
</extensions>
</trkpt>
<trkpt lat="57.702515" lon="14.19961151">
<ele>233.2</ele>
<time>2025-07-21T09:20:03Z</time>
<extensions>
<tp1:TrackPointExtension>
<tp1:hr>166</tp1:hr>
</tp1:TrackPointExtension>
</extensions>
</trkpt>
<trkpt lat="57.70251735" lon="14.19957102">
<ele>233.2</ele>
<time>2025-07-21T09:20:04Z</time>
<extensions>
<tp1:TrackPointExtension>
<tp1:hr>167</tp1:hr>
</tp1:TrackPointExtension>
</extensions>
</trkpt>
<trkpt lat="57.7025005" lon="14.19934044">
<ele>233.8</ele>
<time>2025-07-21T09:20:09Z</time>
<extensions>
<tp1:TrackPointExtension>
<tp1:hr>169</tp1:hr>
</tp1:TrackPointExtension>
</extensions>
</trkpt>
<trkpt lat="57.70252842" lon="14.19909485">
<ele>234.4</ele>
<time>2025-07-21T09:20:14Z</time>
<extensions>
<tp1:TrackPointExtension>
<tp1:hr>168</tp1:hr>
</tp1:TrackPointExtension>
</extensions>
</trkpt>
<trkpt lat="57.70252825" lon="14.19905">
<ele>234.4</ele>
<time>2025-07-21T09:20:15Z</time>
<extensions>
<tp1:TrackPointExtension>
<tp1:hr>168</tp1:hr>
</tp1:TrackPointExtension>
</extensions>
</trkpt>
<trkpt lat="57.70251266" lon="14.19878019">
<ele>235.2</ele>
<time>2025-07-21T09:20:22Z</time>
<extensions>
<tp1:TrackPointExtension>
<tp1:hr>167</tp1:hr>
</tp1:TrackPointExtension>
</extensions>
</trkpt>
<trkpt lat="57.70250721" lon="14.19874541">
<ele>235.4</ele>
<time>2025-07-21T09:20:23Z</time>
<extensions>
<tp1:TrackPointExtension>
<tp1:hr>168</tp1:hr>
</tp1:TrackPointExtension>
</extensions>
</trkpt>
<trkpt lat="57.70248332" lon="14.19858146">
<ele>235.8</ele>
<time>2025-07-21T09:20:27Z</time>
<extensions>
<tp1:TrackPointExtension>
<tp1:hr>170</tp1:hr>
</tp1:TrackPointExtension>
</extensions>
</trkpt>
<trkpt lat="57.70246052" lon="14.19852169">
<ele>236.0</ele>
<time>2025-07-21T09:20:29Z</time>
<extensions>
<tp1:TrackPointExtension>
<tp1:hr>170</tp1:hr>
</tp1:TrackPointExtension>
</extensions>
</trkpt>
<trkpt lat="57.70241987" lon="14.19844382">
<ele>236.4</ele>
<time>2025-07-21T09:20:32Z</time>
<extensions>
<tp1:TrackPointExtension>
<tp1:hr>171</tp1:hr>
</tp1:TrackPointExtension>
</extensions>
</trkpt>
<trkpt lat="57.70231761" lon="14.19823118">
<ele>237.2</ele>
<time>2025-07-21T09:20:38Z</time>
<extensions>
<tp1:TrackPointExtension>
<tp1:hr>173</tp1:hr>
</tp1:TrackPointExtension>
</extensions>
</trkpt>
<trkpt lat="57.70227176" lon="14.19815121">
<ele>237.6</ele>
<time>2025-07-21T09:20:41Z</time>
<extensions>
<tp1:TrackPointExtension>
<tp1:hr>174</tp1:hr>
</tp1:TrackPointExtension>
</extensions>
</trkpt>
<trkpt lat="57.70226061" lon="14.19812347">
<ele>237.5</ele>
<time>2025-07-21T09:20:42Z</time>
<extensions>
<tp1:TrackPointExtension>
<tp1:hr>171</tp1:hr>
</tp1:TrackPointExtension>
</extensions>
</trkpt>
<trkpt lat="57.70223077" lon="14.19808323">
<ele>237.9</ele>
<time>2025-07-21T09:20:44Z</time>
<extensions>
<tp1:TrackPointExtension>
<tp1:hr>171</tp1:hr>
</tp1:TrackPointExtension>
</extensions>
</trkpt>
<trkpt lat="57.70222315" lon="14.19805314">
<ele>237.9</ele>
<time>2025-07-21T09:20:45Z</time>
<extensions>
<tp1:TrackPointExtension>
<tp1:hr>171</tp1:hr>
</tp1:TrackPointExtension>
</extensions>
</trkpt>
<trkpt lat="57.70218266" lon="14.19789179">
<ele>238.3</ele>
<time>2025-07-21T09:20:48Z</time>
<extensions>
<tp1:TrackPointExtension>
<tp1:hr>170</tp1:hr>
</tp1:TrackPointExtension>
</extensions>
</trkpt>
<trkpt lat="57.70216682" lon="14.19785483">
<ele>238.5</ele>
<time>2025-07-21T09:20:49Z</time>
<extensions>
<tp1:TrackPointExtension>
<tp1:hr>170</tp1:hr>
</tp1:TrackPointExtension>
</extensions>
</trkpt>
<trkpt lat="57.70212483" lon="14.19781133">
<ele>238.7</ele>
<time>2025-07-21T09:20:51Z</time>
<extensions>
<tp1:TrackPointExtension>
<tp1:hr>170</tp1:hr>
</tp1:TrackPointExtension>
</extensions>
</trkpt>
<trkpt lat="57.70210664" lon="14.19778802">
<ele>238.9</ele>
<time>2025-07-21T09:20:52Z</time>
<extensions>
<tp1:TrackPointExtension>
<tp1:hr>170</tp1:hr>
</tp1:TrackPointExtension>
</extensions>
</trkpt>
<trkpt lat="57.70205132" lon="14.19761687">
<ele>239.5</ele>
<time>2025-07-21T09:20:57Z</time>
<extensions>
<tp1:TrackPointExtension>
<tp1:hr>171</tp1:hr>
</tp1:TrackPointExtension>
</extensions>
</trkpt>
<trkpt lat="57.70204369" lon="14.19758602">
<ele>239.5</ele>
<time>2025-07-21T09:20:58Z</time>
<extensions>
<tp1:TrackPointExtension>
<tp1:hr>171</tp1:hr>
</tp1:TrackPointExtension>
</extensions>
</trkpt>
<trkpt lat="57.70198309" lon="14.19744671">
<ele>239.9</ele>
<time>2025-07-21T09:21:02Z</time>
<extensions>
<tp1:TrackPointExtension>
<tp1:hr>170</tp1:hr>
</tp1:TrackPointExtension>
</extensions>
</trkpt>
<trkpt lat="57.70191763" lon="14.19720883">
<ele>240.5</ele>
<time>2025-07-21T09:21:07Z</time>
<extensions>
<tp1:TrackPointExtension>
<tp1:hr>169</tp1:hr>
</tp1:TrackPointExtension>
</extensions>
</trkpt>
<trkpt lat="57.70188862" lon="14.19712359">
<ele>240.5</ele>
<time>2025-07-21T09:21:09Z</time>
<extensions>
<tp1:TrackPointExtension>
<tp1:hr>170</tp1:hr>
</tp1:TrackPointExtension>
</extensions>
</trkpt>
<trkpt lat="57.70185895" lon="14.19699099">
<ele>240.9</ele>
<time>2025-07-21T09:21:13Z</time>
<extensions>
<tp1:TrackPointExtension>
<tp1:hr>168</tp1:hr>
</tp1:TrackPointExtension>
</extensions>
</trkpt>
<trkpt lat="57.70177589" lon="14.19683584">
<ele>241.1</ele>
<time>2025-07-21T09:21:18Z</time>
<extensions>
<tp1:TrackPointExtension>
<tp1:hr>166</tp1:hr>
</tp1:TrackPointExtension>
</extensions>
</trkpt>
<trkpt lat="57.70168235" lon="14.19670835">
<ele>241.2</ele>
<time>2025-07-21T09:21:24Z</time>
<extensions>
<tp1:TrackPointExtension>
<tp1:hr>166</tp1:hr>
</tp1:TrackPointExtension>
</extensions>
</trkpt>
<trkpt lat="57.70166919" lon="14.1967019">
<ele>241.2</ele>
<time>2025-07-21T09:21:25Z</time>
<extensions>
<tp1:TrackPointExtension>
<tp1:hr>167</tp1:hr>
</tp1:TrackPointExtension>
</extensions>
</trkpt>
<trkpt lat="57.70161831" lon="14.19664113">
<ele>241.2</ele>
<time>2025-07-21T09:21:29Z</time>
<extensions>
<tp1:TrackPointExtension>
<tp1:hr>166</tp1:hr>
</tp1:TrackPointExtension>
</extensions>
</trkpt>
<trkpt lat="57.70160406" lon="14.19657919">
<ele>241.4</ele>
<time>2025-07-21T09:21:31Z</time>
<extensions>
<tp1:TrackPointExtension>
<tp1:hr>169</tp1:hr>
</tp1:TrackPointExtension>
</extensions>
</trkpt>
<trkpt lat="57.70157221" lon="14.19647525">
<ele>241.2</ele>
<time>2025-07-21T09:21:36Z</time>
<extensions>
<tp1:TrackPointExtension>
<tp1:hr>169</tp1:hr>
</tp1:TrackPointExtension>
</extensions>
</trkpt>
<trkpt lat="57.70156265" lon="14.19644767">
<ele>241.2</ele>
<time>2025-07-21T09:21:38Z</time>
<extensions>
<tp1:TrackPointExtension>
<tp1:hr>169</tp1:hr>
</tp1:TrackPointExtension>
</extensions>
</trkpt>
<trkpt lat="57.70157766" lon="14.19640702">
<ele>241.2</ele>
<time>2025-07-21T09:21:41Z</time>
<extensions>
<tp1:TrackPointExtension>
<tp1:hr>167</tp1:hr>
</tp1:TrackPointExtension>
</extensions>
</trkpt>
<trkpt lat="57.70160129" lon="14.1963916">
<ele>241.2</ele>
<time>2025-07-21T09:21:43Z</time>
<extensions>
<tp1:TrackPointExtension>
<tp1:hr>163</tp1:hr>
</tp1:TrackPointExtension>
</extensions>
</trkpt>
<trkpt lat="57.70160909" lon="14.19636503">
<ele>241.2</ele>
<time>2025-07-21T09:21:44Z</time>
<extensions>
<tp1:TrackPointExtension>
<tp1:hr>162</tp1:hr>
</tp1:TrackPointExtension>
</extensions>
</trkpt>
<trkpt lat="57.70163189" lon="14.19627015">
<ele>241.2</ele>
<time>2025-07-21T09:21:48Z</time>
<extensions>
<tp1:TrackPointExtension>
<tp1:hr>158</tp1:hr>
</tp1:TrackPointExtension>
</extensions>
</trkpt>
<trkpt lat="57.70162988" lon="14.19618222">
<ele>241.2</ele>
<time>2025-07-21T09:21:50Z</time>
<extensions>
<tp1:TrackPointExtension>
<tp1:hr>155</tp1:hr>
</tp1:TrackPointExtension>
</extensions>
</trkpt>
<trkpt lat="57.70162091" lon="14.19607937">
<ele>241.2</ele>
<time>2025-07-21T09:21:52Z</time>
<extensions>
<tp1:TrackPointExtension>
<tp1:hr>154</tp1:hr>
</tp1:TrackPointExtension>
</extensions>
</trkpt>
<trkpt lat="57.70160188" lon="14.19584694">
<ele>241.2</ele>
<time>2025-07-21T09:21:58Z</time>
<extensions>
<tp1:TrackPointExtension>
<tp1:hr>155</tp1:hr>
</tp1:TrackPointExtension>
</extensions>
</trkpt>
<trkpt lat="57.70159123" lon="14.19564712">
<ele>241.1</ele>
<time>2025-07-21T09:22:05Z</time>
<extensions>
<tp1:TrackPointExtension>
<tp1:hr>156</tp1:hr>
</tp1:TrackPointExtension>
</extensions>
</trkpt>
<trkpt lat="57.70159895" lon="14.19561837">
<ele>241.1</ele>
<time>2025-07-21T09:22:07Z</time>
<extensions>
<tp1:TrackPointExtension>
<tp1:hr>157</tp1:hr>
</tp1:TrackPointExtension>
</extensions>
</trkpt>
<trkpt lat="57.70161537" lon="14.19558392">
<ele>240.9</ele>
<time>2025-07-21T09:22:10Z</time>
<extensions>
<tp1:TrackPointExtension>
<tp1:hr>156</tp1:hr>
</tp1:TrackPointExtension>
</extensions>
</trkpt>
<trkpt lat="57.70162996" lon="14.19556531">
<ele>240.9</ele>
<time>2025-07-21T09:22:12Z</time>
<extensions>
<tp1:TrackPointExtension>
<tp1:hr>155</tp1:hr>
</tp1:TrackPointExtension>
</extensions>
</trkpt>
<trkpt lat="57.70166307" lon="14.19551862">
<ele>240.9</ele>
<time>2025-07-21T09:22:16Z</time>
<extensions>
<tp1:TrackPointExtension>
<tp1:hr>154</tp1:hr>
</tp1:TrackPointExtension>
</extensions>
</trkpt>
<trkpt lat="57.70166676" lon="14.19550966">
<ele>240.9</ele>
<time>2025-07-21T09:22:17Z</time>
<extensions>
<tp1:TrackPointExtension>
<tp1:hr>154</tp1:hr>
</tp1:TrackPointExtension>
</extensions>
</trkpt>
<trkpt lat="57.70166759" lon="14.19547747">
<ele>240.9</ele>
<time>2025-07-21T09:22:19Z</time>
<extensions>
<tp1:TrackPointExtension>
<tp1:hr>154</tp1:hr>
</tp1:TrackPointExtension>
</extensions>
</trkpt>
<trkpt lat="57.70167505" lon="14.1953934">
<ele>240.9</ele>
<time>2025-07-21T09:22:23Z</time>
<extensions>
<tp1:TrackPointExtension>
<tp1:hr>154</tp1:hr>
</tp1:TrackPointExtension>
</extensions>
</trkpt>
<trkpt lat="57.70167137" lon="14.1953701">
<ele>240.9</ele>
<time>2025-07-21T09:22:24Z</time>
<extensions>
<tp1:TrackPointExtension>
<tp1:hr>153</tp1:hr>
</tp1:TrackPointExtension>
</extensions>
</trkpt>
<trkpt lat="57.70164538" lon="14.19524378">
<ele>240.9</ele>
<time>2025-07-21T09:22:28Z</time>
<extensions>
<tp1:TrackPointExtension>
<tp1:hr>153</tp1:hr>
</tp1:TrackPointExtension>
</extensions>
</trkpt>
<trkpt lat="57.7016629" lon="14.1951116">
<ele>240.7</ele>
<time>2025-07-21T09:22:33Z</time>
<extensions>
<tp1:TrackPointExtension>
<tp1:hr>152</tp1:hr>
</tp1:TrackPointExtension>
</extensions>
</trkpt>
<trkpt lat="57.70168897" lon="14.19491923">
<ele>240.5</ele>
<time>2025-07-21T09:22:39Z</time>
<extensions>
<tp1:TrackPointExtension>
<tp1:hr>152</tp1:hr>
</tp1:TrackPointExtension>
</extensions>
</trkpt>
<trkpt lat="57.70170456" lon="14.19490197">
<ele>240.3</ele>
<time>2025-07-21T09:22:40Z</time>
<extensions>
<tp1:TrackPointExtension>
<tp1:hr>152</tp1:hr>
</tp1:TrackPointExtension>
</extensions>
</trkpt>
<trkpt lat="57.70171763" lon="14.19487481">
<ele>240.3</ele>
<time>2025-07-21T09:22:42Z</time>
<extensions>
<tp1:TrackPointExtension>
<tp1:hr>152</tp1:hr>
</tp1:TrackPointExtension>
</extensions>
</trkpt>
<trkpt lat="57.70173389" lon="14.19483332">
<ele>240.3</ele>
<time>2025-07-21T09:22:44Z</time>
<extensions>
<tp1:TrackPointExtension>
<tp1:hr>151</tp1:hr>
</tp1:TrackPointExtension>
</extensions>
</trkpt>
<trkpt lat="57.70176918" lon="14.19480407">
<ele>240.0</ele>
<time>2025-07-21T09:22:48Z</time>
<extensions>
<tp1:TrackPointExtension>
<tp1:hr>151</tp1:hr>
</tp1:TrackPointExtension>
</extensions>
</trkpt>
<trkpt lat="57.70177513" lon="14.19481186">
<ele>240.0</ele>
<time>2025-07-21T09:22:49Z</time>
<extensions>
<tp1:TrackPointExtension>
<tp1:hr>151</tp1:hr>
</tp1:TrackPointExtension>
</extensions>
</trkpt>
<trkpt lat="57.70178368" lon="14.19477758">
<ele>239.8</ele>
<time>2025-07-21T09:22:51Z</time>
<extensions>
<tp1:TrackPointExtension>
<tp1:hr>150</tp1:hr>
</tp1:TrackPointExtension>
</extensions>
</trkpt>
<trkpt lat="57.70180313" lon="14.19473751">
<ele>239.8</ele>
<time>2025-07-21T09:22:53Z</time>
<extensions>
<tp1:TrackPointExtension>
<tp1:hr>150</tp1:hr>
</tp1:TrackPointExtension>
</extensions>
</trkpt>
<trkpt lat="57.70180648" lon="14.19472327">
<ele>239.8</ele>
<time>2025-07-21T09:22:54Z</time>
<extensions>
<tp1:TrackPointExtension>
<tp1:hr>150</tp1:hr>
</tp1:TrackPointExtension>
</extensions>
</trkpt>
<trkpt lat="57.70182853" lon="14.19471363">
<ele>239.6</ele>
<time>2025-07-21T09:22:56Z</time>
<extensions>
<tp1:TrackPointExtension>
<tp1:hr>150</tp1:hr>
</tp1:TrackPointExtension>
</extensions>
</trkpt>
<trkpt lat="57.70186457" lon="14.1946894">
<ele>239.6</ele>
<time>2025-07-21T09:22:58Z</time>
<extensions>
<tp1:TrackPointExtension>
<tp1:hr>149</tp1:hr>
</tp1:TrackPointExtension>
</extensions>
</trkpt>
<trkpt lat="57.70194596" lon="14.19462671">
<ele>239.6</ele>
<time>2025-07-21T09:23:02Z</time>
<extensions>
<tp1:TrackPointExtension>
<tp1:hr>154</tp1:hr>
</tp1:TrackPointExtension>
</extensions>
</trkpt>
<trkpt lat="57.70197286" lon="14.19460894">
<ele>238.0</ele>
<time>2025-07-21T09:23:03Z</time>
<extensions>
<tp1:TrackPointExtension>
<tp1:hr>156</tp1:hr>
</tp1:TrackPointExtension>
</extensions>
</trkpt>
<trkpt lat="57.70202491" lon="14.1945532">
<ele>236.8</ele>
<time>2025-07-21T09:23:05Z</time>
<extensions>
<tp1:TrackPointExtension>
<tp1:hr>158</tp1:hr>
</tp1:TrackPointExtension>
</extensions>
</trkpt>
<trkpt lat="57.70205316" lon="14.19447985">
<ele>236.8</ele>
<time>2025-07-21T09:23:06Z</time>
<extensions>
<tp1:TrackPointExtension>
<tp1:hr>158</tp1:hr>
</tp1:TrackPointExtension>
</extensions>
</trkpt>
<trkpt lat="57.70208702" lon="14.1944014">
<ele>236.4</ele>
<time>2025-07-21T09:23:09Z</time>
<extensions>
<tp1:TrackPointExtension>
<tp1:hr>158</tp1:hr>
</tp1:TrackPointExtension>
</extensions>
</trkpt>
<trkpt lat="57.70211351" lon="14.19432823">
<ele>236.6</ele>
<time>2025-07-21T09:23:11Z</time>
<extensions>
<tp1:TrackPointExtension>
<tp1:hr>161</tp1:hr>
</tp1:TrackPointExtension>
</extensions>
</trkpt>
<trkpt lat="57.70213145" lon="14.19427685">
<ele>236.6</ele>
<time>2025-07-21T09:23:13Z</time>
<extensions>
<tp1:TrackPointExtension>
<tp1:hr>160</tp1:hr>
</tp1:TrackPointExtension>
</extensions>
</trkpt>
<trkpt lat="57.70213924" lon="14.19419638">
<ele>236.8</ele>
<time>2025-07-21T09:23:15Z</time>
<extensions>
<tp1:TrackPointExtension>
<tp1:hr>160</tp1:hr>
</tp1:TrackPointExtension>
</extensions>
</trkpt>
<trkpt lat="57.70218451" lon="14.19396428">
<ele>237.2</ele>
<time>2025-07-21T09:23:19Z</time>
<extensions>
<tp1:TrackPointExtension>
<tp1:hr>162</tp1:hr>
</tp1:TrackPointExtension>
</extensions>
</trkpt>
<trkpt lat="57.70221183" lon="14.19388072">
<ele>237.4</ele>
<time>2025-07-21T09:23:21Z</time>
<extensions>
<tp1:TrackPointExtension>
<tp1:hr>165</tp1:hr>
</tp1:TrackPointExtension>
</extensions>
</trkpt>
<trkpt lat="57.70225667" lon="14.19372121">
<ele>238.0</ele>
<time>2025-07-21T09:23:25Z</time>
<extensions>
<tp1:TrackPointExtension>
<tp1:hr>165</tp1:hr>
</tp1:TrackPointExtension>
</extensions>
</trkpt>
<trkpt lat="57.70226849" lon="14.193685">
<ele>238.2</ele>
<time>2025-07-21T09:23:26Z</time>
<extensions>
<tp1:TrackPointExtension>
<tp1:hr>166</tp1:hr>
</tp1:TrackPointExtension>
</extensions>
</trkpt>
<trkpt lat="57.70228785" lon="14.19361032">
<ele>239.1</ele>
<time>2025-07-21T09:23:28Z</time>
<extensions>
<tp1:TrackPointExtension>
<tp1:hr>168</tp1:hr>
</tp1:TrackPointExtension>
</extensions>
</trkpt>
<trkpt lat="57.70232867" lon="14.19347939">
<ele>239.5</ele>
<time>2025-07-21T09:23:32Z</time>
<extensions>
<tp1:TrackPointExtension>
<tp1:hr>168</tp1:hr>
</tp1:TrackPointExtension>
</extensions>
</trkpt>
<trkpt lat="57.70242942" lon="14.19335869">
<ele>239.5</ele>
<time>2025-07-21T09:23:39Z</time>
<extensions>
<tp1:TrackPointExtension>
<tp1:hr>171</tp1:hr>
</tp1:TrackPointExtension>
</extensions>
</trkpt>
<trkpt lat="57.70244376" lon="14.1933348">
<ele>239.5</ele>
<time>2025-07-21T09:23:40Z</time>
<extensions>
<tp1:TrackPointExtension>
<tp1:hr>170</tp1:hr>
</tp1:TrackPointExtension>
</extensions>
</trkpt>
<trkpt lat="57.70246748" lon="14.19328795">
<ele>239.5</ele>
<time>2025-07-21T09:23:42Z</time>
<extensions>
<tp1:TrackPointExtension>
<tp1:hr>169</tp1:hr>
</tp1:TrackPointExtension>
</extensions>
</trkpt>
<trkpt lat="57.70247963" lon="14.19328451">
<ele>239.5</ele>
<time>2025-07-21T09:23:43Z</time>
<extensions>
<tp1:TrackPointExtension>
<tp1:hr>169</tp1:hr>
</tp1:TrackPointExtension>
</extensions>
</trkpt>
<trkpt lat="57.70249438" lon="14.19325752">
<ele>239.5</ele>
<time>2025-07-21T09:23:45Z</time>
<extensions>
<tp1:TrackPointExtension>
<tp1:hr>169</tp1:hr>
</tp1:TrackPointExtension>
</extensions>
</trkpt>
<trkpt lat="57.70253328" lon="14.19320698">
<ele>239.3</ele>
<time>2025-07-21T09:23:48Z</time>
<extensions>
<tp1:TrackPointExtension>
<tp1:hr>170</tp1:hr>
</tp1:TrackPointExtension>
</extensions>
</trkpt>
<trkpt lat="57.70260335" lon="14.1931784">
<ele>239.1</ele>
<time>2025-07-21T09:23:51Z</time>
<extensions>
<tp1:TrackPointExtension>
<tp1:hr>171</tp1:hr>
</tp1:TrackPointExtension>
</extensions>
</trkpt>
<trkpt lat="57.70264484" lon="14.19318158">
<ele>238.9</ele>
<time>2025-07-21T09:23:53Z</time>
<extensions>
<tp1:TrackPointExtension>
<tp1:hr>171</tp1:hr>
</tp1:TrackPointExtension>
</extensions>
</trkpt>
<trkpt lat="57.70268784" lon="14.19314571">
<ele>238.9</ele>
<time>2025-07-21T09:23:56Z</time>
<extensions>
<tp1:TrackPointExtension>
<tp1:hr>174</tp1:hr>
</tp1:TrackPointExtension>
</extensions>
</trkpt>
<trkpt lat="57.70269128" lon="14.1931302">
<ele>238.7</ele>
<time>2025-07-21T09:23:57Z</time>
<extensions>
<tp1:TrackPointExtension>
<tp1:hr>177</tp1:hr>
</tp1:TrackPointExtension>
</extensions>
</trkpt>
<trkpt lat="57.70270033" lon="14.19311075">
<ele>238.7</ele>
<time>2025-07-21T09:23:58Z</time>
<extensions>
<tp1:TrackPointExtension>
<tp1:hr>180</tp1:hr>
</tp1:TrackPointExtension>
</extensions>
</trkpt>
<trkpt lat="57.70271315" lon="14.19308946">
<ele>238.7</ele>
<time>2025-07-21T09:23:59Z</time>
<extensions>
<tp1:TrackPointExtension>
<tp1:hr>181</tp1:hr>
</tp1:TrackPointExtension>
</extensions>
</trkpt>
<trkpt lat="57.7027243" lon="14.19307681">
<ele>238.7</ele>
<time>2025-07-21T09:24:00Z</time>
<extensions>
<tp1:TrackPointExtension>
<tp1:hr>182</tp1:hr>
</tp1:TrackPointExtension>
</extensions>
</trkpt>
<trkpt lat="57.70277862" lon="14.19304873">
<ele>238.5</ele>
<time>2025-07-21T09:24:04Z</time>
<extensions>
<tp1:TrackPointExtension>
<tp1:hr>182</tp1:hr>
</tp1:TrackPointExtension>
</extensions>
</trkpt>
<trkpt lat="57.70278951" lon="14.19306004">
<ele>238.5</ele>
<time>2025-07-21T09:24:05Z</time>
<extensions>
<tp1:TrackPointExtension>
<tp1:hr>182</tp1:hr>
</tp1:TrackPointExtension>
</extensions>
</trkpt>
<trkpt lat="57.70280074" lon="14.1930991">
<ele>238.3</ele>
<time>2025-07-21T09:24:07Z</time>
<extensions>
<tp1:TrackPointExtension>
<tp1:hr>181</tp1:hr>
</tp1:TrackPointExtension>
</extensions>
</trkpt>
<trkpt lat="57.702816" lon="14.19314294">
<ele>238.2</ele>
<time>2025-07-21T09:24:09Z</time>
<extensions>
<tp1:TrackPointExtension>
<tp1:hr>179</tp1:hr>
</tp1:TrackPointExtension>
</extensions>
</trkpt>
<trkpt lat="57.7028305" lon="14.19314981">
<ele>238.2</ele>
<time>2025-07-21T09:24:10Z</time>
<extensions>
<tp1:TrackPointExtension>
<tp1:hr>178</tp1:hr>
</tp1:TrackPointExtension>
</extensions>
</trkpt>
<trkpt lat="57.70287023" lon="14.19315484">
<ele>238.0</ele>
<time>2025-07-21T09:24:12Z</time>
<extensions>
<tp1:TrackPointExtension>
<tp1:hr>175</tp1:hr>
</tp1:TrackPointExtension>
</extensions>
</trkpt>
<trkpt lat="57.70289412" lon="14.19315719">
<ele>238.0</ele>
<time>2025-07-21T09:24:13Z</time>
<extensions>
<tp1:TrackPointExtension>
<tp1:hr>172</tp1:hr>
</tp1:TrackPointExtension>
</extensions>
</trkpt>
<trkpt lat="57.70291214" lon="14.19315426">
<ele>238.0</ele>
<time>2025-07-21T09:24:14Z</time>
<extensions>
<tp1:TrackPointExtension>
<tp1:hr>169</tp1:hr>
</tp1:TrackPointExtension>
</extensions>
</trkpt>
<trkpt lat="57.70296981" lon="14.19316239">
<ele>237.8</ele>
<time>2025-07-21T09:24:17Z</time>
<extensions>
<tp1:TrackPointExtension>
<tp1:hr>166</tp1:hr>
</tp1:TrackPointExtension>
</extensions>
</trkpt>
<trkpt lat="57.70300769" lon="14.19315962">
<ele>237.8</ele>
<time>2025-07-21T09:24:19Z</time>
<extensions>
<tp1:TrackPointExtension>
<tp1:hr>165</tp1:hr>
</tp1:TrackPointExtension>
</extensions>
</trkpt>
<trkpt lat="57.70311481" lon="14.19308603">
<ele>237.6</ele>
<time>2025-07-21T09:24:24Z</time>
<extensions>
<tp1:TrackPointExtension>
<tp1:hr>165</tp1:hr>
</tp1:TrackPointExtension>
</extensions>
</trkpt>
<trkpt lat="57.70319939" lon="14.19303976">
<ele>237.4</ele>
<time>2025-07-21T09:24:28Z</time>
<extensions>
<tp1:TrackPointExtension>
<tp1:hr>168</tp1:hr>
</tp1:TrackPointExtension>
</extensions>
</trkpt>
<trkpt lat="57.70323057" lon="14.19302274">
<ele>237.2</ele>
<time>2025-07-21T09:24:30Z</time>
<extensions>
<tp1:TrackPointExtension>
<tp1:hr>168</tp1:hr>
</tp1:TrackPointExtension>
</extensions>
</trkpt>
<trkpt lat="57.70329167" lon="14.1930354">
<ele>237.0</ele>
<time>2025-07-21T09:24:34Z</time>
<extensions>
<tp1:TrackPointExtension>
<tp1:hr>173</tp1:hr>
</tp1:TrackPointExtension>
</extensions>
</trkpt>
<trkpt lat="57.70333417" lon="14.19308703">
<ele>236.8</ele>
<time>2025-07-21T09:24:35Z</time>
<extensions>
<tp1:TrackPointExtension>
<tp1:hr>178</tp1:hr>
</tp1:TrackPointExtension>
</extensions>
</trkpt>
<trkpt lat="57.70333417" lon="14.19308703">
<ele>236.8</ele>
<time>2025-07-21T09:24:36Z</time>
<extensions>
<tp1:TrackPointExtension>
<tp1:hr>178</tp1:hr>
</tp1:TrackPointExtension>
</extensions>
</trkpt>
<trkpt lat="57.70333677" lon="14.19310623">
<ele>236.8</ele>
<time>2025-07-21T09:24:37Z</time>
<extensions>
<tp1:TrackPointExtension>
<tp1:hr>179</tp1:hr>
</tp1:TrackPointExtension>
</extensions>
</trkpt>
<trkpt lat="57.70331288" lon="14.19319114">
<ele>236.4</ele>
<time>2025-07-21T09:24:41Z</time>
<extensions>
<tp1:TrackPointExtension>
<tp1:hr>180</tp1:hr>
</tp1:TrackPointExtension>
</extensions>
</trkpt>
<trkpt lat="57.70330458" lon="14.19320656">
<ele>236.4</ele>
<time>2025-07-21T09:24:43Z</time>
<extensions>
<tp1:TrackPointExtension>
<tp1:hr>178</tp1:hr>
</tp1:TrackPointExtension>
</extensions>
</trkpt>
<trkpt lat="57.70331573" lon="14.19329046">
<ele>236.2</ele>
<time>2025-07-21T09:24:47Z</time>
<extensions>
<tp1:TrackPointExtension>
<tp1:hr>177</tp1:hr>
</tp1:TrackPointExtension>
</extensions>
</trkpt>
<trkpt lat="57.70333668" lon="14.19330463">
<ele>236.2</ele>
<time>2025-07-21T09:24:48Z</time>
<extensions>
<tp1:TrackPointExtension>
<tp1:hr>177</tp1:hr>
</tp1:TrackPointExtension>
</extensions>
</trkpt>
<trkpt lat="57.70336149" lon="14.19333338">
<ele>235.9</ele>
<time>2025-07-21T09:24:52Z</time>
<extensions>
<tp1:TrackPointExtension>
<tp1:hr>173</tp1:hr>
</tp1:TrackPointExtension>
</extensions>
</trkpt>
<trkpt lat="57.70336853" lon="14.19331485">
<ele>235.9</ele>
<time>2025-07-21T09:24:53Z</time>
<extensions>
<tp1:TrackPointExtension>
<tp1:hr>171</tp1:hr>
</tp1:TrackPointExtension>
</extensions>
</trkpt>
<trkpt lat="57.70337298" lon="14.19329926">
<ele>235.7</ele>
<time>2025-07-21T09:24:54Z</time>
<extensions>
<tp1:TrackPointExtension>
<tp1:hr>168</tp1:hr>
</tp1:TrackPointExtension>
</extensions>
</trkpt>
<trkpt lat="57.70338815" lon="14.1932975">
<ele>235.7</ele>
<time>2025-07-21T09:24:55Z</time>
<extensions>
<tp1:TrackPointExtension>
<tp1:hr>168</tp1:hr>
</tp1:TrackPointExtension>
</extensions>
</trkpt>
<trkpt lat="57.70342905" lon="14.19328233">
<ele>235.7</ele>
<time>2025-07-21T09:24:57Z</time>
<extensions>
<tp1:TrackPointExtension>
<tp1:hr>165</tp1:hr>
</tp1:TrackPointExtension>
</extensions>
</trkpt>
<trkpt lat="57.70344598" lon="14.19323187">
<ele>235.5</ele>
<time>2025-07-21T09:25:00Z</time>
<extensions>
<tp1:TrackPointExtension>
<tp1:hr>165</tp1:hr>
</tp1:TrackPointExtension>
</extensions>
</trkpt>
<trkpt lat="57.70345252" lon="14.19318418">
<ele>235.3</ele>
<time>2025-07-21T09:25:02Z</time>
<extensions>
<tp1:TrackPointExtension>
<tp1:hr>165</tp1:hr>
</tp1:TrackPointExtension>
</extensions>
</trkpt>
<trkpt lat="57.70346585" lon="14.19297053">
<ele>235.1</ele>
<time>2025-07-21T09:25:06Z</time>
<extensions>
<tp1:TrackPointExtension>
<tp1:hr>166</tp1:hr>
</tp1:TrackPointExtension>
</extensions>
</trkpt>
<trkpt lat="57.70351388" lon="14.19262787">
<ele>234.7</ele>
<time>2025-07-21T09:25:12Z</time>
<extensions>
<tp1:TrackPointExtension>
<tp1:hr>167</tp1:hr>
</tp1:TrackPointExtension>
</extensions>
</trkpt>
<trkpt lat="57.70352569" lon="14.19258404">
<ele>234.7</ele>
<time>2025-07-21T09:25:13Z</time>
<extensions>
<tp1:TrackPointExtension>
<tp1:hr>166</tp1:hr>
</tp1:TrackPointExtension>
</extensions>
</trkpt>
<trkpt lat="57.70357372" lon="14.19230291">
<ele>234.1</ele>
<time>2025-07-21T09:25:18Z</time>
<extensions>
<tp1:TrackPointExtension>
<tp1:hr>167</tp1:hr>
</tp1:TrackPointExtension>
</extensions>
</trkpt>
<trkpt lat="57.70355352" lon="14.19207199">
<ele>233.9</ele>
<time>2025-07-21T09:25:21Z</time>
<extensions>
<tp1:TrackPointExtension>
<tp1:hr>170</tp1:hr>
</tp1:TrackPointExtension>
</extensions>
</trkpt>
<trkpt lat="57.70355243" lon="14.19199529">
<ele>233.7</ele>
<time>2025-07-21T09:25:22Z</time>
<extensions>
<tp1:TrackPointExtension>
<tp1:hr>170</tp1:hr>
</tp1:TrackPointExtension>
</extensions>
</trkpt>
<trkpt lat="57.70357037" lon="14.19186009">
<ele>233.5</ele>
<time>2025-07-21T09:25:24Z</time>
<extensions>
<tp1:TrackPointExtension>
<tp1:hr>171</tp1:hr>
</tp1:TrackPointExtension>
</extensions>
</trkpt>
<trkpt lat="57.70358864" lon="14.19179312">
<ele>233.5</ele>
<time>2025-07-21T09:25:25Z</time>
<extensions>
<tp1:TrackPointExtension>
<tp1:hr>175</tp1:hr>
</tp1:TrackPointExtension>
</extensions>
</trkpt>
<trkpt lat="57.70360717" lon="14.19172891">
<ele>233.3</ele>
<time>2025-07-21T09:25:26Z</time>
<extensions>
<tp1:TrackPointExtension>
<tp1:hr>175</tp1:hr>
</tp1:TrackPointExtension>
</extensions>
</trkpt>
<trkpt lat="57.70367414" lon="14.19153068">
<ele>233.1</ele>
<time>2025-07-21T09:25:29Z</time>
<extensions>
<tp1:TrackPointExtension>
<tp1:hr>170</tp1:hr>
</tp1:TrackPointExtension>
</extensions>
</trkpt>
<trkpt lat="57.70368973" lon="14.19145307">
<ele>232.8</ele>
<time>2025-07-21T09:25:30Z</time>
<extensions>
<tp1:TrackPointExtension>
<tp1:hr>170</tp1:hr>
</tp1:TrackPointExtension>
</extensions>
</trkpt>
<trkpt lat="57.70370582" lon="14.19139942">
<ele>232.8</ele>
<time>2025-07-21T09:25:31Z</time>
<extensions>
<tp1:TrackPointExtension>
<tp1:hr>169</tp1:hr>
</tp1:TrackPointExtension>
</extensions>
</trkpt>
<trkpt lat="57.70381495" lon="14.19120714">
<ele>232.4</ele>
<time>2025-07-21T09:25:35Z</time>
<extensions>
<tp1:TrackPointExtension>
<tp1:hr>169</tp1:hr>
</tp1:TrackPointExtension>
</extensions>
</trkpt>
<trkpt lat="57.70387371" lon="14.19111251">
<ele>232.2</ele>
<time>2025-07-21T09:25:37Z</time>
<extensions>
<tp1:TrackPointExtension>
<tp1:hr>172</tp1:hr>
</tp1:TrackPointExtension>
</extensions>
</trkpt>
<trkpt lat="57.70394563" lon="14.19097085">
<ele>232.0</ele>
<time>2025-07-21T09:25:40Z</time>
<extensions>
<tp1:TrackPointExtension>
<tp1:hr>169</tp1:hr>
</tp1:TrackPointExtension>
</extensions>
</trkpt>
<trkpt lat="57.70403783" lon="14.19079534">
<ele>231.6</ele>
<time>2025-07-21T09:25:44Z</time>
<extensions>
<tp1:TrackPointExtension>
<tp1:hr>167</tp1:hr>
</tp1:TrackPointExtension>
</extensions>
</trkpt>
<trkpt lat="57.70408913" lon="14.19068218">
<ele>231.4</ele>
<time>2025-07-21T09:25:47Z</time>
<extensions>
<tp1:TrackPointExtension>
<tp1:hr>167</tp1:hr>
</tp1:TrackPointExtension>
</extensions>
</trkpt>
<trkpt lat="57.70410581" lon="14.19063306">
<ele>231.2</ele>
<time>2025-07-21T09:25:48Z</time>
<extensions>
<tp1:TrackPointExtension>
<tp1:hr>171</tp1:hr>
</tp1:TrackPointExtension>
</extensions>
</trkpt>
<trkpt lat="57.7041447" lon="14.19054715">
<ele>231.0</ele>
<time>2025-07-21T09:25:50Z</time>
<extensions>
<tp1:TrackPointExtension>
<tp1:hr>171</tp1:hr>
</tp1:TrackPointExtension>
</extensions>
</trkpt>
<trkpt lat="57.70431569" lon="14.19036803">
<ele>230.8</ele>
<time>2025-07-21T09:25:55Z</time>
<extensions>
<tp1:TrackPointExtension>
<tp1:hr>171</tp1:hr>
</tp1:TrackPointExtension>
</extensions>
</trkpt>
<trkpt lat="57.70440454" lon="14.19032813">
<ele>230.6</ele>
<time>2025-07-21T09:25:57Z</time>
<extensions>
<tp1:TrackPointExtension>
<tp1:hr>171</tp1:hr>
</tp1:TrackPointExtension>
</extensions>
</trkpt>
<trkpt lat="57.70458123" lon="14.19026786">
<ele>230.2</ele>
<time>2025-07-21T09:26:01Z</time>
<extensions>
<tp1:TrackPointExtension>
<tp1:hr>171</tp1:hr>
</tp1:TrackPointExtension>
</extensions>
</trkpt>
<trkpt lat="57.70475574" lon="14.19013426">
<ele>230.0</ele>
<time>2025-07-21T09:26:06Z</time>
<extensions>
<tp1:TrackPointExtension>
<tp1:hr>173</tp1:hr>
</tp1:TrackPointExtension>
</extensions>
</trkpt>
<trkpt lat="57.70492271" lon="14.19005295">
<ele>229.8</ele>
<time>2025-07-21T09:26:10Z</time>
<extensions>
<tp1:TrackPointExtension>
<tp1:hr>174</tp1:hr>
</tp1:TrackPointExtension>
</extensions>
</trkpt>
<trkpt lat="57.70506335" lon="14.19006946">
<ele>229.5</ele>
<time>2025-07-21T09:26:13Z</time>
<extensions>
<tp1:TrackPointExtension>
<tp1:hr>171</tp1:hr>
</tp1:TrackPointExtension>
</extensions>
</trkpt>
<trkpt lat="57.70511147" lon="14.19007885">
<ele>229.5</ele>
<time>2025-07-21T09:26:14Z</time>
<extensions>
<tp1:TrackPointExtension>
<tp1:hr>174</tp1:hr>
</tp1:TrackPointExtension>
</extensions>
</trkpt>
<trkpt lat="57.70525312" lon="14.19012411">
<ele>229.3</ele>
<time>2025-07-21T09:26:17Z</time>
<extensions>
<tp1:TrackPointExtension>
<tp1:hr>174</tp1:hr>
</tp1:TrackPointExtension>
</extensions>
</trkpt>
<trkpt lat="57.70539561" lon="14.19029972">
<ele>229.1</ele>
<time>2025-07-21T09:26:20Z</time>
<extensions>
<tp1:TrackPointExtension>
<tp1:hr>173</tp1:hr>
</tp1:TrackPointExtension>
</extensions>
</trkpt>
<trkpt lat="57.7054884" lon="14.19039292">
<ele>229.1</ele>
<time>2025-07-21T09:26:22Z</time>
<extensions>
<tp1:TrackPointExtension>
<tp1:hr>174</tp1:hr>
</tp1:TrackPointExtension>
</extensions>
</trkpt>
<trkpt lat="57.70562955" lon="14.19053433">
<ele>228.9</ele>
<time>2025-07-21T09:26:25Z</time>
<extensions>
<tp1:TrackPointExtension>
<tp1:hr>171</tp1:hr>
</tp1:TrackPointExtension>
</extensions>
</trkpt>
<trkpt lat="57.70579962" lon="14.19071906">
<ele>228.7</ele>
<time>2025-07-21T09:26:29Z</time>
<extensions>
<tp1:TrackPointExtension>
<tp1:hr>173</tp1:hr>
</tp1:TrackPointExtension>
</extensions>
</trkpt>
<trkpt lat="57.70597598" lon="14.19085049">
<ele>228.5</ele>
<time>2025-07-21T09:26:33Z</time>
<extensions>
<tp1:TrackPointExtension>
<tp1:hr>174</tp1:hr>
</tp1:TrackPointExtension>
</extensions>
</trkpt>
<trkpt lat="57.70605686" lon="14.19090874">
<ele>228.3</ele>
<time>2025-07-21T09:26:35Z</time>
<extensions>
<tp1:TrackPointExtension>
<tp1:hr>176</tp1:hr>
</tp1:TrackPointExtension>
</extensions>
</trkpt>
<trkpt lat="57.7061758" lon="14.19098234">
<ele>228.3</ele>
<time>2025-07-21T09:26:38Z</time>
<extensions>
<tp1:TrackPointExtension>
<tp1:hr>171</tp1:hr>
</tp1:TrackPointExtension>
</extensions>
</trkpt>
<trkpt lat="57.70629843" lon="14.19103489">
<ele>228.1</ele>
<time>2025-07-21T09:26:41Z</time>
<extensions>
<tp1:TrackPointExtension>
<tp1:hr>170</tp1:hr>
</tp1:TrackPointExtension>
</extensions>
</trkpt>
<trkpt lat="57.70634042" lon="14.19104638">
<ele>228.1</ele>
<time>2025-07-21T09:26:42Z</time>
<extensions>
<tp1:TrackPointExtension>
<tp1:hr>170</tp1:hr>
</tp1:TrackPointExtension>
</extensions>
</trkpt>
<trkpt lat="57.70646841" lon="14.19107353">
<ele>227.9</ele>
<time>2025-07-21T09:26:45Z</time>
<extensions>
<tp1:TrackPointExtension>
<tp1:hr>168</tp1:hr>
</tp1:TrackPointExtension>
</extensions>
</trkpt>
<trkpt lat="57.7066327" lon="14.19109985">
<ele>227.7</ele>
<time>2025-07-21T09:26:49Z</time>
<extensions>
<tp1:TrackPointExtension>
<tp1:hr>169</tp1:hr>
</tp1:TrackPointExtension>
</extensions>
</trkpt>
<trkpt lat="57.7067456" lon="14.19110547">
<ele>227.7</ele>
<time>2025-07-21T09:26:52Z</time>
<extensions>
<tp1:TrackPointExtension>
<tp1:hr>167</tp1:hr>
</tp1:TrackPointExtension>
</extensions>
</trkpt>
<trkpt lat="57.70679195" lon="14.19101863">
<ele>227.6</ele>
<time>2025-07-21T09:26:54Z</time>
<extensions>
<tp1:TrackPointExtension>
<tp1:hr>166</tp1:hr>
</tp1:TrackPointExtension>
</extensions>
</trkpt>
<trkpt lat="57.70682381" lon="14.19070037">
<ele>227.4</ele>
<time>2025-07-21T09:26:58Z</time>
<extensions>
<tp1:TrackPointExtension>
<tp1:hr>166</tp1:hr>
</tp1:TrackPointExtension>
</extensions>
</trkpt>
<trkpt lat="57.70682716" lon="14.19061161">
<ele>227.4</ele>
<time>2025-07-21T09:26:59Z</time>
<extensions>
<tp1:TrackPointExtension>
<tp1:hr>166</tp1:hr>
</tp1:TrackPointExtension>
</extensions>
</trkpt>
<trkpt lat="57.70682154" lon="14.19042435">
<ele>227.4</ele>
<time>2025-07-21T09:27:01Z</time>
<extensions>
<tp1:TrackPointExtension>
<tp1:hr>169</tp1:hr>
</tp1:TrackPointExtension>
</extensions>
</trkpt>
<trkpt lat="57.70680109" lon="14.19013694">
<ele>227.2</ele>
<time>2025-07-21T09:27:04Z</time>
<extensions>
<tp1:TrackPointExtension>
<tp1:hr>169</tp1:hr>
</tp1:TrackPointExtension>
</extensions>
</trkpt>
<trkpt lat="57.70676781" lon="14.18972514">
<ele>227.2</ele>
<time>2025-07-21T09:27:08Z</time>
<extensions>
<tp1:TrackPointExtension>
<tp1:hr>168</tp1:hr>
</tp1:TrackPointExtension>
</extensions>
</trkpt>
<trkpt lat="57.70675734" lon="14.18953068">
<ele>227.0</ele>
<time>2025-07-21T09:27:10Z</time>
<extensions>
<tp1:TrackPointExtension>
<tp1:hr>168</tp1:hr>
</tp1:TrackPointExtension>
</extensions>
</trkpt>
<trkpt lat="57.70674141" lon="14.1892954">
<ele>227.0</ele>
<time>2025-07-21T09:27:13Z</time>
<extensions>
<tp1:TrackPointExtension>
<tp1:hr>168</tp1:hr>
</tp1:TrackPointExtension>
</extensions>
</trkpt>
</trkseg>
</trk>
</gpx>

