<?xml version="1.0" encoding="UTF-8" ?>
<gpx xmlns="http://www.topografix.com/GPX/1/1" version="1.1" creator="Attackpoint - http://www.attackpoint.org" xmlns:xsi="http://www.w3.org/2001/XMLSchema-instance" xmlns:tp1="http://www.garmin.com/xmlschemas/TrackPointExtension/v1" xsi:schemaLocation="http://www.topografix.com/GPX/1/1 http://www.topografix.com/GPX/1/1/gpx.xsd http://www.garmin.com/xmlschemas/TrackPointExtension/v1 http://www.garmin.com/xmlschemas/TrackPointExtensionv1.xsd">
<trk>
<trkseg>
<trkpt lat="58.78757676" lon="16.22704552">
<ele>97.4</ele>
<time>2022-09-03T08:24:01Z</time>
<extensions>
<tp1:TrackPointExtension>
<tp1:hr>87</tp1:hr>
</tp1:TrackPointExtension>
</extensions>
</trkpt>
<trkpt lat="58.78760124" lon="16.22701803">
<ele>96.0</ele>
<time>2022-09-03T08:24:02Z</time>
<extensions>
<tp1:TrackPointExtension>
<tp1:hr>87</tp1:hr>
</tp1:TrackPointExtension>
</extensions>
</trkpt>
<trkpt lat="58.78760627" lon="16.22699062">
<ele>96.8</ele>
<time>2022-09-03T08:24:03Z</time>
<extensions>
<tp1:TrackPointExtension>
<tp1:hr>86</tp1:hr>
</tp1:TrackPointExtension>
</extensions>
</trkpt>
<trkpt lat="58.78762328" lon="16.22690488">
<ele>97.4</ele>
<time>2022-09-03T08:24:05Z</time>
<extensions>
<tp1:TrackPointExtension>
<tp1:hr>87</tp1:hr>
</tp1:TrackPointExtension>
</extensions>
</trkpt>
<trkpt lat="58.7877366" lon="16.22659785">
<ele>98.0</ele>
<time>2022-09-03T08:24:10Z</time>
<extensions>
<tp1:TrackPointExtension>
<tp1:hr>87</tp1:hr>
</tp1:TrackPointExtension>
</extensions>
</trkpt>
<trkpt lat="58.78789946" lon="16.22637841">
<ele>98.2</ele>
<time>2022-09-03T08:24:15Z</time>
<extensions>
<tp1:TrackPointExtension>
<tp1:hr>85</tp1:hr>
</tp1:TrackPointExtension>
</extensions>
</trkpt>
<trkpt lat="58.78792503" lon="16.2263308">
<ele>98.2</ele>
<time>2022-09-03T08:24:16Z</time>
<extensions>
<tp1:TrackPointExtension>
<tp1:hr>86</tp1:hr>
</tp1:TrackPointExtension>
</extensions>
</trkpt>
<trkpt lat="58.78797239" lon="16.22622133">
<ele>98.2</ele>
<time>2022-09-03T08:24:18Z</time>
<extensions>
<tp1:TrackPointExtension>
<tp1:hr>90</tp1:hr>
</tp1:TrackPointExtension>
</extensions>
</trkpt>
<trkpt lat="58.78799787" lon="16.22615671">
<ele>98.4</ele>
<time>2022-09-03T08:24:19Z</time>
<extensions>
<tp1:TrackPointExtension>
<tp1:hr>93</tp1:hr>
</tp1:TrackPointExtension>
</extensions>
</trkpt>
<trkpt lat="58.78802201" lon="16.22609342">
<ele>98.8</ele>
<time>2022-09-03T08:24:20Z</time>
<extensions>
<tp1:TrackPointExtension>
<tp1:hr>97</tp1:hr>
</tp1:TrackPointExtension>
</extensions>
</trkpt>
<trkpt lat="58.78804548" lon="16.22602159">
<ele>99.0</ele>
<time>2022-09-03T08:24:21Z</time>
<extensions>
<tp1:TrackPointExtension>
<tp1:hr>99</tp1:hr>
</tp1:TrackPointExtension>
</extensions>
</trkpt>
<trkpt lat="58.78807314" lon="16.22594347">
<ele>99.0</ele>
<time>2022-09-03T08:24:22Z</time>
<extensions>
<tp1:TrackPointExtension>
<tp1:hr>102</tp1:hr>
</tp1:TrackPointExtension>
</extensions>
</trkpt>
<trkpt lat="58.78810038" lon="16.2258677">
<ele>99.0</ele>
<time>2022-09-03T08:24:23Z</time>
<extensions>
<tp1:TrackPointExtension>
<tp1:hr>105</tp1:hr>
</tp1:TrackPointExtension>
</extensions>
</trkpt>
<trkpt lat="58.78814212" lon="16.22572311">
<ele>99.0</ele>
<time>2022-09-03T08:24:25Z</time>
<extensions>
<tp1:TrackPointExtension>
<tp1:hr>108</tp1:hr>
</tp1:TrackPointExtension>
</extensions>
</trkpt>
<trkpt lat="58.78816391" lon="16.22566368">
<ele>99.0</ele>
<time>2022-09-03T08:24:26Z</time>
<extensions>
<tp1:TrackPointExtension>
<tp1:hr>108</tp1:hr>
</tp1:TrackPointExtension>
</extensions>
</trkpt>
<trkpt lat="58.78830372" lon="16.22548398">
<ele>98.8</ele>
<time>2022-09-03T08:24:31Z</time>
<extensions>
<tp1:TrackPointExtension>
<tp1:hr>108</tp1:hr>
</tp1:TrackPointExtension>
</extensions>
</trkpt>
<trkpt lat="58.78847103" lon="16.22535707">
<ele>100.0</ele>
<time>2022-09-03T08:24:36Z</time>
<extensions>
<tp1:TrackPointExtension>
<tp1:hr>109</tp1:hr>
</tp1:TrackPointExtension>
</extensions>
</trkpt>
<trkpt lat="58.78855837" lon="16.2253305">
<ele>100.0</ele>
<time>2022-09-03T08:24:38Z</time>
<extensions>
<tp1:TrackPointExtension>
<tp1:hr>110</tp1:hr>
</tp1:TrackPointExtension>
</extensions>
</trkpt>
<trkpt lat="58.78867244" lon="16.22530117">
<ele>101.2</ele>
<time>2022-09-03T08:24:41Z</time>
<extensions>
<tp1:TrackPointExtension>
<tp1:hr>111</tp1:hr>
</tp1:TrackPointExtension>
</extensions>
</trkpt>
<trkpt lat="58.78870714" lon="16.22527284">
<ele>101.4</ele>
<time>2022-09-03T08:24:42Z</time>
<extensions>
<tp1:TrackPointExtension>
<tp1:hr>112</tp1:hr>
</tp1:TrackPointExtension>
</extensions>
</trkpt>
<trkpt lat="58.78876339" lon="16.22520695">
<ele>101.6</ele>
<time>2022-09-03T08:24:44Z</time>
<extensions>
<tp1:TrackPointExtension>
<tp1:hr>113</tp1:hr>
</tp1:TrackPointExtension>
</extensions>
</trkpt>
<trkpt lat="58.78883522" lon="16.22508609">
<ele>101.6</ele>
<time>2022-09-03T08:24:47Z</time>
<extensions>
<tp1:TrackPointExtension>
<tp1:hr>113</tp1:hr>
</tp1:TrackPointExtension>
</extensions>
</trkpt>
<trkpt lat="58.78886338" lon="16.2249954">
<ele>101.8</ele>
<time>2022-09-03T08:24:50Z</time>
<extensions>
<tp1:TrackPointExtension>
<tp1:hr>112</tp1:hr>
</tp1:TrackPointExtension>
</extensions>
</trkpt>
<trkpt lat="58.788869" lon="16.22491912">
<ele>102.0</ele>
<time>2022-09-03T08:24:53Z</time>
<extensions>
<tp1:TrackPointExtension>
<tp1:hr>114</tp1:hr>
</tp1:TrackPointExtension>
</extensions>
</trkpt>
<trkpt lat="58.78886808" lon="16.22488031">
<ele>102.2</ele>
<time>2022-09-03T08:24:54Z</time>
<extensions>
<tp1:TrackPointExtension>
<tp1:hr>117</tp1:hr>
</tp1:TrackPointExtension>
</extensions>
</trkpt>
<trkpt lat="58.7888628" lon="16.22482005">
<ele>102.2</ele>
<time>2022-09-03T08:24:55Z</time>
<extensions>
<tp1:TrackPointExtension>
<tp1:hr>117</tp1:hr>
</tp1:TrackPointExtension>
</extensions>
</trkpt>
<trkpt lat="58.78886514" lon="16.22476146">
<ele>103.0</ele>
<time>2022-09-03T08:24:56Z</time>
<extensions>
<tp1:TrackPointExtension>
<tp1:hr>121</tp1:hr>
</tp1:TrackPointExtension>
</extensions>
</trkpt>
<trkpt lat="58.78886472" lon="16.22464084">
<ele>103.6</ele>
<time>2022-09-03T08:24:58Z</time>
<extensions>
<tp1:TrackPointExtension>
<tp1:hr>123</tp1:hr>
</tp1:TrackPointExtension>
</extensions>
</trkpt>
<trkpt lat="58.78886783" lon="16.22458627">
<ele>103.6</ele>
<time>2022-09-03T08:24:59Z</time>
<extensions>
<tp1:TrackPointExtension>
<tp1:hr>129</tp1:hr>
</tp1:TrackPointExtension>
</extensions>
</trkpt>
<trkpt lat="58.78886808" lon="16.22425821">
<ele>103.4</ele>
<time>2022-09-03T08:25:04Z</time>
<extensions>
<tp1:TrackPointExtension>
<tp1:hr>132</tp1:hr>
</tp1:TrackPointExtension>
</extensions>
</trkpt>
<trkpt lat="58.78888694" lon="16.22412795">
<ele>103.8</ele>
<time>2022-09-03T08:25:06Z</time>
<extensions>
<tp1:TrackPointExtension>
<tp1:hr>129</tp1:hr>
</tp1:TrackPointExtension>
</extensions>
</trkpt>
<trkpt lat="58.7889089" lon="16.22400147">
<ele>101.4</ele>
<time>2022-09-03T08:25:08Z</time>
<extensions>
<tp1:TrackPointExtension>
<tp1:hr>128</tp1:hr>
</tp1:TrackPointExtension>
</extensions>
</trkpt>
<trkpt lat="58.78891518" lon="16.22393232">
<ele>100.6</ele>
<time>2022-09-03T08:25:09Z</time>
<extensions>
<tp1:TrackPointExtension>
<tp1:hr>128</tp1:hr>
</tp1:TrackPointExtension>
</extensions>
</trkpt>
<trkpt lat="58.788912" lon="16.22388052">
<ele>100.0</ele>
<time>2022-09-03T08:25:10Z</time>
<extensions>
<tp1:TrackPointExtension>
<tp1:hr>129</tp1:hr>
</tp1:TrackPointExtension>
</extensions>
</trkpt>
<trkpt lat="58.7888571" lon="16.22365194">
<ele>100.0</ele>
<time>2022-09-03T08:25:14Z</time>
<extensions>
<tp1:TrackPointExtension>
<tp1:hr>130</tp1:hr>
</tp1:TrackPointExtension>
</extensions>
</trkpt>
<trkpt lat="58.78883849" lon="16.22333846">
<ele>100.0</ele>
<time>2022-09-03T08:25:19Z</time>
<extensions>
<tp1:TrackPointExtension>
<tp1:hr>127</tp1:hr>
</tp1:TrackPointExtension>
</extensions>
</trkpt>
<trkpt lat="58.78883991" lon="16.22327426">
<ele>100.0</ele>
<time>2022-09-03T08:25:20Z</time>
<extensions>
<tp1:TrackPointExtension>
<tp1:hr>125</tp1:hr>
</tp1:TrackPointExtension>
</extensions>
</trkpt>
<trkpt lat="58.78884293" lon="16.22315565">
<ele>100.0</ele>
<time>2022-09-03T08:25:22Z</time>
<extensions>
<tp1:TrackPointExtension>
<tp1:hr>126</tp1:hr>
</tp1:TrackPointExtension>
</extensions>
</trkpt>
<trkpt lat="58.78885467" lon="16.22303571">
<ele>100.0</ele>
<time>2022-09-03T08:25:24Z</time>
<extensions>
<tp1:TrackPointExtension>
<tp1:hr>125</tp1:hr>
</tp1:TrackPointExtension>
</extensions>
</trkpt>
<trkpt lat="58.78887537" lon="16.22268149">
<ele>100.0</ele>
<time>2022-09-03T08:25:29Z</time>
<extensions>
<tp1:TrackPointExtension>
<tp1:hr>125</tp1:hr>
</tp1:TrackPointExtension>
</extensions>
</trkpt>
<trkpt lat="58.788869" lon="16.22255308">
<ele>100.0</ele>
<time>2022-09-03T08:25:31Z</time>
<extensions>
<tp1:TrackPointExtension>
<tp1:hr>128</tp1:hr>
</tp1:TrackPointExtension>
</extensions>
</trkpt>
<trkpt lat="58.78888861" lon="16.22241469">
<ele>100.0</ele>
<time>2022-09-03T08:25:33Z</time>
<extensions>
<tp1:TrackPointExtension>
<tp1:hr>131</tp1:hr>
</tp1:TrackPointExtension>
</extensions>
</trkpt>
<trkpt lat="58.78887353" lon="16.2223214">
<ele>100.0</ele>
<time>2022-09-03T08:25:34Z</time>
<extensions>
<tp1:TrackPointExtension>
<tp1:hr>131</tp1:hr>
</tp1:TrackPointExtension>
</extensions>
</trkpt>
<trkpt lat="58.78885408" lon="16.22221964">
<ele>100.0</ele>
<time>2022-09-03T08:25:36Z</time>
<extensions>
<tp1:TrackPointExtension>
<tp1:hr>127</tp1:hr>
</tp1:TrackPointExtension>
</extensions>
</trkpt>
<trkpt lat="58.78883396" lon="16.22213708">
<ele>100.0</ele>
<time>2022-09-03T08:25:38Z</time>
<extensions>
<tp1:TrackPointExtension>
<tp1:hr>128</tp1:hr>
</tp1:TrackPointExtension>
</extensions>
</trkpt>
<trkpt lat="58.7887115" lon="16.22185134">
<ele>100.0</ele>
<time>2022-09-03T08:25:43Z</time>
<extensions>
<tp1:TrackPointExtension>
<tp1:hr>128</tp1:hr>
</tp1:TrackPointExtension>
</extensions>
</trkpt>
<trkpt lat="58.78869449" lon="16.22180549">
<ele>100.0</ele>
<time>2022-09-03T08:25:44Z</time>
<extensions>
<tp1:TrackPointExtension>
<tp1:hr>129</tp1:hr>
</tp1:TrackPointExtension>
</extensions>
</trkpt>
<trkpt lat="58.78868678" lon="16.22176333">
<ele>100.0</ele>
<time>2022-09-03T08:25:45Z</time>
<extensions>
<tp1:TrackPointExtension>
<tp1:hr>129</tp1:hr>
</tp1:TrackPointExtension>
</extensions>
</trkpt>
<trkpt lat="58.7887141" lon="16.22168597">
<ele>100.0</ele>
<time>2022-09-03T08:25:47Z</time>
<extensions>
<tp1:TrackPointExtension>
<tp1:hr>128</tp1:hr>
</tp1:TrackPointExtension>
</extensions>
</trkpt>
<trkpt lat="58.78875651" lon="16.22149838">
<ele>100.0</ele>
<time>2022-09-03T08:25:51Z</time>
<extensions>
<tp1:TrackPointExtension>
<tp1:hr>125</tp1:hr>
</tp1:TrackPointExtension>
</extensions>
</trkpt>
<trkpt lat="58.78874956" lon="16.22138321">
<ele>100.0</ele>
<time>2022-09-03T08:25:53Z</time>
<extensions>
<tp1:TrackPointExtension>
<tp1:hr>123</tp1:hr>
</tp1:TrackPointExtension>
</extensions>
</trkpt>
<trkpt lat="58.7887711" lon="16.22110276">
<ele>100.0</ele>
<time>2022-09-03T08:25:58Z</time>
<extensions>
<tp1:TrackPointExtension>
<tp1:hr>122</tp1:hr>
</tp1:TrackPointExtension>
</extensions>
</trkpt>
<trkpt lat="58.78878619" lon="16.22086898">
<ele>100.2</ele>
<time>2022-09-03T08:26:02Z</time>
<extensions>
<tp1:TrackPointExtension>
<tp1:hr>126</tp1:hr>
</tp1:TrackPointExtension>
</extensions>
</trkpt>
<trkpt lat="58.78877588" lon="16.22081207">
<ele>100.2</ele>
<time>2022-09-03T08:26:03Z</time>
<extensions>
<tp1:TrackPointExtension>
<tp1:hr>123</tp1:hr>
</tp1:TrackPointExtension>
</extensions>
</trkpt>
<trkpt lat="58.78876749" lon="16.22065927">
<ele>100.2</ele>
<time>2022-09-03T08:26:06Z</time>
<extensions>
<tp1:TrackPointExtension>
<tp1:hr>126</tp1:hr>
</tp1:TrackPointExtension>
</extensions>
</trkpt>
<trkpt lat="58.78873799" lon="16.22055315">
<ele>100.2</ele>
<time>2022-09-03T08:26:08Z</time>
<extensions>
<tp1:TrackPointExtension>
<tp1:hr>125</tp1:hr>
</tp1:TrackPointExtension>
</extensions>
</trkpt>
<trkpt lat="58.78873321" lon="16.2205115">
<ele>100.2</ele>
<time>2022-09-03T08:26:09Z</time>
<extensions>
<tp1:TrackPointExtension>
<tp1:hr>123</tp1:hr>
</tp1:TrackPointExtension>
</extensions>
</trkpt>
<trkpt lat="58.7887198" lon="16.22040974">
<ele>100.4</ele>
<time>2022-09-03T08:26:12Z</time>
<extensions>
<tp1:TrackPointExtension>
<tp1:hr>124</tp1:hr>
</tp1:TrackPointExtension>
</extensions>
</trkpt>
<trkpt lat="58.78872064" lon="16.22039105">
<ele>100.4</ele>
<time>2022-09-03T08:26:13Z</time>
<extensions>
<tp1:TrackPointExtension>
<tp1:hr>124</tp1:hr>
</tp1:TrackPointExtension>
</extensions>
</trkpt>
<trkpt lat="58.78871913" lon="16.22028418">
<ele>100.4</ele>
<time>2022-09-03T08:26:16Z</time>
<extensions>
<tp1:TrackPointExtension>
<tp1:hr>119</tp1:hr>
</tp1:TrackPointExtension>
</extensions>
</trkpt>
<trkpt lat="58.78873941" lon="16.2201732">
<ele>100.6</ele>
<time>2022-09-03T08:26:19Z</time>
<extensions>
<tp1:TrackPointExtension>
<tp1:hr>123</tp1:hr>
</tp1:TrackPointExtension>
</extensions>
</trkpt>
<trkpt lat="58.78875442" lon="16.22014521">
<ele>100.6</ele>
<time>2022-09-03T08:26:20Z</time>
<extensions>
<tp1:TrackPointExtension>
<tp1:hr>124</tp1:hr>
</tp1:TrackPointExtension>
</extensions>
</trkpt>
<trkpt lat="58.78883916" lon="16.22002652">
<ele>100.8</ele>
<time>2022-09-03T08:26:24Z</time>
<extensions>
<tp1:TrackPointExtension>
<tp1:hr>122</tp1:hr>
</tp1:TrackPointExtension>
</extensions>
</trkpt>
<trkpt lat="58.7888638" lon="16.21994924">
<ele>100.8</ele>
<time>2022-09-03T08:26:26Z</time>
<extensions>
<tp1:TrackPointExtension>
<tp1:hr>118</tp1:hr>
</tp1:TrackPointExtension>
</extensions>
</trkpt>
<trkpt lat="58.78888057" lon="16.21980918">
<ele>101.0</ele>
<time>2022-09-03T08:26:29Z</time>
<extensions>
<tp1:TrackPointExtension>
<tp1:hr>120</tp1:hr>
</tp1:TrackPointExtension>
</extensions>
</trkpt>
<trkpt lat="58.78888912" lon="16.21965227">
<ele>101.0</ele>
<time>2022-09-03T08:26:32Z</time>
<extensions>
<tp1:TrackPointExtension>
<tp1:hr>123</tp1:hr>
</tp1:TrackPointExtension>
</extensions>
</trkpt>
<trkpt lat="58.78892432" lon="16.21950324">
<ele>101.2</ele>
<time>2022-09-03T08:26:35Z</time>
<extensions>
<tp1:TrackPointExtension>
<tp1:hr>123</tp1:hr>
</tp1:TrackPointExtension>
</extensions>
</trkpt>
<trkpt lat="58.78896925" lon="16.21918925">
<ele>101.6</ele>
<time>2022-09-03T08:26:41Z</time>
<extensions>
<tp1:TrackPointExtension>
<tp1:hr>124</tp1:hr>
</tp1:TrackPointExtension>
</extensions>
</trkpt>
<trkpt lat="58.78905868" lon="16.21896772">
<ele>101.8</ele>
<time>2022-09-03T08:26:46Z</time>
<extensions>
<tp1:TrackPointExtension>
<tp1:hr>125</tp1:hr>
</tp1:TrackPointExtension>
</extensions>
</trkpt>
<trkpt lat="58.78908223" lon="16.21879874">
<ele>101.8</ele>
<time>2022-09-03T08:26:48Z</time>
<extensions>
<tp1:TrackPointExtension>
<tp1:hr>123</tp1:hr>
</tp1:TrackPointExtension>
</extensions>
</trkpt>
<trkpt lat="58.78910344" lon="16.2186767">
<ele>101.8</ele>
<time>2022-09-03T08:26:50Z</time>
<extensions>
<tp1:TrackPointExtension>
<tp1:hr>124</tp1:hr>
</tp1:TrackPointExtension>
</extensions>
</trkpt>
<trkpt lat="58.78914946" lon="16.21835223">
<ele>101.8</ele>
<time>2022-09-03T08:26:56Z</time>
<extensions>
<tp1:TrackPointExtension>
<tp1:hr>125</tp1:hr>
</tp1:TrackPointExtension>
</extensions>
</trkpt>
<trkpt lat="58.78922976" lon="16.21812693">
<ele>101.8</ele>
<time>2022-09-03T08:27:00Z</time>
<extensions>
<tp1:TrackPointExtension>
<tp1:hr>126</tp1:hr>
</tp1:TrackPointExtension>
</extensions>
</trkpt>
<trkpt lat="58.78937644" lon="16.21794689">
<ele>101.8</ele>
<time>2022-09-03T08:27:05Z</time>
<extensions>
<tp1:TrackPointExtension>
<tp1:hr>126</tp1:hr>
</tp1:TrackPointExtension>
</extensions>
</trkpt>
<trkpt lat="58.78956352" lon="16.21774865">
<ele>101.6</ele>
<time>2022-09-03T08:27:11Z</time>
<extensions>
<tp1:TrackPointExtension>
<tp1:hr>123</tp1:hr>
</tp1:TrackPointExtension>
</extensions>
</trkpt>
<trkpt lat="58.78967601" lon="16.21751212">
<ele>101.6</ele>
<time>2022-09-03T08:27:16Z</time>
<extensions>
<tp1:TrackPointExtension>
<tp1:hr>122</tp1:hr>
</tp1:TrackPointExtension>
</extensions>
</trkpt>
<trkpt lat="58.78971197" lon="16.21723359">
<ele>101.6</ele>
<time>2022-09-03T08:27:20Z</time>
<extensions>
<tp1:TrackPointExtension>
<tp1:hr>122</tp1:hr>
</tp1:TrackPointExtension>
</extensions>
</trkpt>
<trkpt lat="58.78973435" lon="16.21699688">
<ele>101.6</ele>
<time>2022-09-03T08:27:24Z</time>
<extensions>
<tp1:TrackPointExtension>
<tp1:hr>123</tp1:hr>
</tp1:TrackPointExtension>
</extensions>
</trkpt>
<trkpt lat="58.78980249" lon="16.21682857">
<ele>101.4</ele>
<time>2022-09-03T08:27:28Z</time>
<extensions>
<tp1:TrackPointExtension>
<tp1:hr>124</tp1:hr>
</tp1:TrackPointExtension>
</extensions>
</trkpt>
<trkpt lat="58.78988388" lon="16.21672279">
<ele>101.4</ele>
<time>2022-09-03T08:27:32Z</time>
<extensions>
<tp1:TrackPointExtension>
<tp1:hr>123</tp1:hr>
</tp1:TrackPointExtension>
</extensions>
</trkpt>
<trkpt lat="58.78989788" lon="16.21662003">
<ele>101.4</ele>
<time>2022-09-03T08:27:34Z</time>
<extensions>
<tp1:TrackPointExtension>
<tp1:hr>124</tp1:hr>
</tp1:TrackPointExtension>
</extensions>
</trkpt>
<trkpt lat="58.78992462" lon="16.21648751">
<ele>101.4</ele>
<time>2022-09-03T08:27:37Z</time>
<extensions>
<tp1:TrackPointExtension>
<tp1:hr>124</tp1:hr>
</tp1:TrackPointExtension>
</extensions>
</trkpt>
<trkpt lat="58.78991405" lon="16.21640755">
<ele>101.4</ele>
<time>2022-09-03T08:27:39Z</time>
<extensions>
<tp1:TrackPointExtension>
<tp1:hr>122</tp1:hr>
</tp1:TrackPointExtension>
</extensions>
</trkpt>
<trkpt lat="58.78990735" lon="16.21629347">
<ele>101.4</ele>
<time>2022-09-03T08:27:42Z</time>
<extensions>
<tp1:TrackPointExtension>
<tp1:hr>122</tp1:hr>
</tp1:TrackPointExtension>
</extensions>
</trkpt>
<trkpt lat="58.78990249" lon="16.21627528">
<ele>101.4</ele>
<time>2022-09-03T08:27:43Z</time>
<extensions>
<tp1:TrackPointExtension>
<tp1:hr>125</tp1:hr>
</tp1:TrackPointExtension>
</extensions>
</trkpt>
<trkpt lat="58.78986846" lon="16.21622407">
<ele>101.4</ele>
<time>2022-09-03T08:27:45Z</time>
<extensions>
<tp1:TrackPointExtension>
<tp1:hr>126</tp1:hr>
</tp1:TrackPointExtension>
</extensions>
</trkpt>
<trkpt lat="58.78981104" lon="16.21611804">
<ele>101.4</ele>
<time>2022-09-03T08:27:48Z</time>
<extensions>
<tp1:TrackPointExtension>
<tp1:hr>128</tp1:hr>
</tp1:TrackPointExtension>
</extensions>
</trkpt>
<trkpt lat="58.78978279" lon="16.21600614">
<ele>101.6</ele>
<time>2022-09-03T08:27:50Z</time>
<extensions>
<tp1:TrackPointExtension>
<tp1:hr>125</tp1:hr>
</tp1:TrackPointExtension>
</extensions>
</trkpt>
<trkpt lat="58.78974591" lon="16.21587982">
<ele>101.6</ele>
<time>2022-09-03T08:27:52Z</time>
<extensions>
<tp1:TrackPointExtension>
<tp1:hr>126</tp1:hr>
</tp1:TrackPointExtension>
</extensions>
</trkpt>
<trkpt lat="58.78971213" lon="16.21558939">
<ele>101.8</ele>
<time>2022-09-03T08:27:57Z</time>
<extensions>
<tp1:TrackPointExtension>
<tp1:hr>127</tp1:hr>
</tp1:TrackPointExtension>
</extensions>
</trkpt>
<trkpt lat="58.78966955" lon="16.21529167">
<ele>101.8</ele>
<time>2022-09-03T08:28:02Z</time>
<extensions>
<tp1:TrackPointExtension>
<tp1:hr>126</tp1:hr>
</tp1:TrackPointExtension>
</extensions>
</trkpt>
<trkpt lat="58.78967391" lon="16.21508522">
<ele>102.0</ele>
<time>2022-09-03T08:28:05Z</time>
<extensions>
<tp1:TrackPointExtension>
<tp1:hr>127</tp1:hr>
</tp1:TrackPointExtension>
</extensions>
</trkpt>
<trkpt lat="58.78969814" lon="16.21502613">
<ele>102.0</ele>
<time>2022-09-03T08:28:06Z</time>
<extensions>
<tp1:TrackPointExtension>
<tp1:hr>132</tp1:hr>
</tp1:TrackPointExtension>
</extensions>
</trkpt>
<trkpt lat="58.78970535" lon="16.21496427">
<ele>102.0</ele>
<time>2022-09-03T08:28:07Z</time>
<extensions>
<tp1:TrackPointExtension>
<tp1:hr>132</tp1:hr>
</tp1:TrackPointExtension>
</extensions>
</trkpt>
<trkpt lat="58.78974985" lon="16.21473972">
<ele>102.0</ele>
<time>2022-09-03T08:28:11Z</time>
<extensions>
<tp1:TrackPointExtension>
<tp1:hr>131</tp1:hr>
</tp1:TrackPointExtension>
</extensions>
</trkpt>
<trkpt lat="58.78977156" lon="16.21436999">
<ele>102.2</ele>
<time>2022-09-03T08:28:16Z</time>
<extensions>
<tp1:TrackPointExtension>
<tp1:hr>128</tp1:hr>
</tp1:TrackPointExtension>
</extensions>
</trkpt>
<trkpt lat="58.78977852" lon="16.21408895">
<ele>102.2</ele>
<time>2022-09-03T08:28:20Z</time>
<extensions>
<tp1:TrackPointExtension>
<tp1:hr>131</tp1:hr>
</tp1:TrackPointExtension>
</extensions>
</trkpt>
<trkpt lat="58.78979579" lon="16.21380094">
<ele>102.2</ele>
<time>2022-09-03T08:28:25Z</time>
<extensions>
<tp1:TrackPointExtension>
<tp1:hr>128</tp1:hr>
</tp1:TrackPointExtension>
</extensions>
</trkpt>
<trkpt lat="58.78980651" lon="16.21354437">
<ele>102.2</ele>
<time>2022-09-03T08:28:30Z</time>
<extensions>
<tp1:TrackPointExtension>
<tp1:hr>128</tp1:hr>
</tp1:TrackPointExtension>
</extensions>
</trkpt>
<trkpt lat="58.7898356" lon="16.21348721">
<ele>102.2</ele>
<time>2022-09-03T08:28:34Z</time>
<extensions>
<tp1:TrackPointExtension>
<tp1:hr>128</tp1:hr>
</tp1:TrackPointExtension>
</extensions>
</trkpt>
<trkpt lat="58.78984348" lon="16.21348595">
<ele>102.2</ele>
<time>2022-09-03T08:28:35Z</time>
<extensions>
<tp1:TrackPointExtension>
<tp1:hr>128</tp1:hr>
</tp1:TrackPointExtension>
</extensions>
</trkpt>
<trkpt lat="58.78982118" lon="16.21343642">
<ele>102.2</ele>
<time>2022-09-03T08:28:38Z</time>
<extensions>
<tp1:TrackPointExtension>
<tp1:hr>128</tp1:hr>
</tp1:TrackPointExtension>
</extensions>
</trkpt>
<trkpt lat="58.78980945" lon="16.21342778">
<ele>102.2</ele>
<time>2022-09-03T08:28:39Z</time>
<extensions>
<tp1:TrackPointExtension>
<tp1:hr>128</tp1:hr>
</tp1:TrackPointExtension>
</extensions>
</trkpt>
<trkpt lat="58.78978238" lon="16.21341186">
<ele>102.2</ele>
<time>2022-09-03T08:28:40Z</time>
<extensions>
<tp1:TrackPointExtension>
<tp1:hr>127</tp1:hr>
</tp1:TrackPointExtension>
</extensions>
</trkpt>
<trkpt lat="58.78975539" lon="16.213408">
<ele>102.2</ele>
<time>2022-09-03T08:28:41Z</time>
<extensions>
<tp1:TrackPointExtension>
<tp1:hr>127</tp1:hr>
</tp1:TrackPointExtension>
</extensions>
</trkpt>
<trkpt lat="58.7896911" lon="16.21346625">
<ele>102.2</ele>
<time>2022-09-03T08:28:44Z</time>
<extensions>
<tp1:TrackPointExtension>
<tp1:hr>133</tp1:hr>
</tp1:TrackPointExtension>
</extensions>
</trkpt>
<trkpt lat="58.78965078" lon="16.21354764">
<ele>102.2</ele>
<time>2022-09-03T08:28:47Z</time>
<extensions>
<tp1:TrackPointExtension>
<tp1:hr>130</tp1:hr>
</tp1:TrackPointExtension>
</extensions>
</trkpt>
<trkpt lat="58.78963728" lon="16.21361252">
<ele>102.2</ele>
<time>2022-09-03T08:28:49Z</time>
<extensions>
<tp1:TrackPointExtension>
<tp1:hr>130</tp1:hr>
</tp1:TrackPointExtension>
</extensions>
</trkpt>
<trkpt lat="58.78956235" lon="16.21381662">
<ele>102.4</ele>
<time>2022-09-03T08:28:55Z</time>
<extensions>
<tp1:TrackPointExtension>
<tp1:hr>129</tp1:hr>
</tp1:TrackPointExtension>
</extensions>
</trkpt>
<trkpt lat="58.78953955" lon="16.21382106">
<ele>102.4</ele>
<time>2022-09-03T08:28:56Z</time>
<extensions>
<tp1:TrackPointExtension>
<tp1:hr>129</tp1:hr>
</tp1:TrackPointExtension>
</extensions>
</trkpt>
<trkpt lat="58.78938507" lon="16.21388627">
<ele>102.6</ele>
<time>2022-09-03T08:29:02Z</time>
<extensions>
<tp1:TrackPointExtension>
<tp1:hr>129</tp1:hr>
</tp1:TrackPointExtension>
</extensions>
</trkpt>
<trkpt lat="58.78925784" lon="16.21380731">
<ele>102.6</ele>
<time>2022-09-03T08:29:07Z</time>
<extensions>
<tp1:TrackPointExtension>
<tp1:hr>131</tp1:hr>
</tp1:TrackPointExtension>
</extensions>
</trkpt>
<trkpt lat="58.78923076" lon="16.21381335">
<ele>102.6</ele>
<time>2022-09-03T08:29:08Z</time>
<extensions>
<tp1:TrackPointExtension>
<tp1:hr>128</tp1:hr>
</tp1:TrackPointExtension>
</extensions>
</trkpt>
<trkpt lat="58.78917494" lon="16.21381151">
<ele>102.6</ele>
<time>2022-09-03T08:29:10Z</time>
<extensions>
<tp1:TrackPointExtension>
<tp1:hr>126</tp1:hr>
</tp1:TrackPointExtension>
</extensions>
</trkpt>
<trkpt lat="58.78914996" lon="16.21380212">
<ele>102.6</ele>
<time>2022-09-03T08:29:11Z</time>
<extensions>
<tp1:TrackPointExtension>
<tp1:hr>129</tp1:hr>
</tp1:TrackPointExtension>
</extensions>
</trkpt>
<trkpt lat="58.78912532" lon="16.21380782">
<ele>102.6</ele>
<time>2022-09-03T08:29:12Z</time>
<extensions>
<tp1:TrackPointExtension>
<tp1:hr>129</tp1:hr>
</tp1:TrackPointExtension>
</extensions>
</trkpt>
<trkpt lat="58.78896195" lon="16.2137525">
<ele>102.6</ele>
<time>2022-09-03T08:29:17Z</time>
<extensions>
<tp1:TrackPointExtension>
<tp1:hr>128</tp1:hr>
</tp1:TrackPointExtension>
</extensions>
</trkpt>
<trkpt lat="58.78893723" lon="16.21376742">
<ele>102.6</ele>
<time>2022-09-03T08:29:18Z</time>
<extensions>
<tp1:TrackPointExtension>
<tp1:hr>126</tp1:hr>
</tp1:TrackPointExtension>
</extensions>
</trkpt>
<trkpt lat="58.78885886" lon="16.21381008">
<ele>102.4</ele>
<time>2022-09-03T08:29:21Z</time>
<extensions>
<tp1:TrackPointExtension>
<tp1:hr>126</tp1:hr>
</tp1:TrackPointExtension>
</extensions>
</trkpt>
<trkpt lat="58.78884369" lon="16.21379533">
<ele>102.4</ele>
<time>2022-09-03T08:29:23Z</time>
<extensions>
<tp1:TrackPointExtension>
<tp1:hr>125</tp1:hr>
</tp1:TrackPointExtension>
</extensions>
</trkpt>
<trkpt lat="58.78884285" lon="16.21376599">
<ele>102.2</ele>
<time>2022-09-03T08:29:24Z</time>
<extensions>
<tp1:TrackPointExtension>
<tp1:hr>126</tp1:hr>
</tp1:TrackPointExtension>
</extensions>
</trkpt>
<trkpt lat="58.78885576" lon="16.2137183">
<ele>102.2</ele>
<time>2022-09-03T08:29:26Z</time>
<extensions>
<tp1:TrackPointExtension>
<tp1:hr>129</tp1:hr>
</tp1:TrackPointExtension>
</extensions>
</trkpt>
<trkpt lat="58.78888316" lon="16.21368921">
<ele>102.0</ele>
<time>2022-09-03T08:29:28Z</time>
<extensions>
<tp1:TrackPointExtension>
<tp1:hr>128</tp1:hr>
</tp1:TrackPointExtension>
</extensions>
</trkpt>
<trkpt lat="58.78889733" lon="16.21367815">
<ele>102.0</ele>
<time>2022-09-03T08:29:29Z</time>
<extensions>
<tp1:TrackPointExtension>
<tp1:hr>129</tp1:hr>
</tp1:TrackPointExtension>
</extensions>
</trkpt>
<trkpt lat="58.78897704" lon="16.21361721">
<ele>101.8</ele>
<time>2022-09-03T08:29:34Z</time>
<extensions>
<tp1:TrackPointExtension>
<tp1:hr>131</tp1:hr>
</tp1:TrackPointExtension>
</extensions>
</trkpt>
<trkpt lat="58.78905131" lon="16.21354873">
<ele>101.8</ele>
<time>2022-09-03T08:29:38Z</time>
<extensions>
<tp1:TrackPointExtension>
<tp1:hr>134</tp1:hr>
</tp1:TrackPointExtension>
</extensions>
</trkpt>
<trkpt lat="58.7890653" lon="16.21350448">
<ele>101.8</ele>
<time>2022-09-03T08:29:39Z</time>
<extensions>
<tp1:TrackPointExtension>
<tp1:hr>134</tp1:hr>
</tp1:TrackPointExtension>
</extensions>
</trkpt>
<trkpt lat="58.78907586" lon="16.21346751">
<ele>101.8</ele>
<time>2022-09-03T08:29:40Z</time>
<extensions>
<tp1:TrackPointExtension>
<tp1:hr>131</tp1:hr>
</tp1:TrackPointExtension>
</extensions>
</trkpt>
<trkpt lat="58.78917318" lon="16.21332846">
<ele>101.8</ele>
<time>2022-09-03T08:29:46Z</time>
<extensions>
<tp1:TrackPointExtension>
<tp1:hr>130</tp1:hr>
</tp1:TrackPointExtension>
</extensions>
</trkpt>
<trkpt lat="58.78928902" lon="16.21312235">
<ele>101.8</ele>
<time>2022-09-03T08:29:52Z</time>
<extensions>
<tp1:TrackPointExtension>
<tp1:hr>129</tp1:hr>
</tp1:TrackPointExtension>
</extensions>
</trkpt>
<trkpt lat="58.7893041" lon="16.21302042">
<ele>101.8</ele>
<time>2022-09-03T08:29:54Z</time>
<extensions>
<tp1:TrackPointExtension>
<tp1:hr>128</tp1:hr>
</tp1:TrackPointExtension>
</extensions>
</trkpt>
<trkpt lat="58.7893461" lon="16.21295177">
<ele>101.8</ele>
<time>2022-09-03T08:29:56Z</time>
<extensions>
<tp1:TrackPointExtension>
<tp1:hr>127</tp1:hr>
</tp1:TrackPointExtension>
</extensions>
</trkpt>
<trkpt lat="58.78937535" lon="16.21285169">
<ele>102.0</ele>
<time>2022-09-03T08:29:59Z</time>
<extensions>
<tp1:TrackPointExtension>
<tp1:hr>130</tp1:hr>
</tp1:TrackPointExtension>
</extensions>
</trkpt>
<trkpt lat="58.78936588" lon="16.21282336">
<ele>102.0</ele>
<time>2022-09-03T08:30:00Z</time>
<extensions>
<tp1:TrackPointExtension>
<tp1:hr>129</tp1:hr>
</tp1:TrackPointExtension>
</extensions>
</trkpt>
<trkpt lat="58.78925532" lon="16.21270174">
<ele>102.0</ele>
<time>2022-09-03T08:30:04Z</time>
<extensions>
<tp1:TrackPointExtension>
<tp1:hr>128</tp1:hr>
</tp1:TrackPointExtension>
</extensions>
</trkpt>
<trkpt lat="58.78918014" lon="16.21244425">
<ele>101.8</ele>
<time>2022-09-03T08:30:08Z</time>
<extensions>
<tp1:TrackPointExtension>
<tp1:hr>128</tp1:hr>
</tp1:TrackPointExtension>
</extensions>
</trkpt>
<trkpt lat="58.78913479" lon="16.21228399">
<ele>101.8</ele>
<time>2022-09-03T08:30:11Z</time>
<extensions>
<tp1:TrackPointExtension>
<tp1:hr>130</tp1:hr>
</tp1:TrackPointExtension>
</extensions>
</trkpt>
<trkpt lat="58.78913068" lon="16.21222263">
<ele>101.8</ele>
<time>2022-09-03T08:30:12Z</time>
<extensions>
<tp1:TrackPointExtension>
<tp1:hr>129</tp1:hr>
</tp1:TrackPointExtension>
</extensions>
</trkpt>
<trkpt lat="58.78914669" lon="16.21197025">
<ele>101.8</ele>
<time>2022-09-03T08:30:16Z</time>
<extensions>
<tp1:TrackPointExtension>
<tp1:hr>129</tp1:hr>
</tp1:TrackPointExtension>
</extensions>
</trkpt>
<trkpt lat="58.78912834" lon="16.2117514">
<ele>101.8</ele>
<time>2022-09-03T08:30:19Z</time>
<extensions>
<tp1:TrackPointExtension>
<tp1:hr>132</tp1:hr>
</tp1:TrackPointExtension>
</extensions>
</trkpt>
<trkpt lat="58.78913085" lon="16.21167521">
<ele>101.8</ele>
<time>2022-09-03T08:30:20Z</time>
<extensions>
<tp1:TrackPointExtension>
<tp1:hr>129</tp1:hr>
</tp1:TrackPointExtension>
</extensions>
</trkpt>
<trkpt lat="58.78913957" lon="16.21160891">
<ele>101.8</ele>
<time>2022-09-03T08:30:21Z</time>
<extensions>
<tp1:TrackPointExtension>
<tp1:hr>128</tp1:hr>
</tp1:TrackPointExtension>
</extensions>
</trkpt>
<trkpt lat="58.78918827" lon="16.21127179">
<ele>101.8</ele>
<time>2022-09-03T08:30:26Z</time>
<extensions>
<tp1:TrackPointExtension>
<tp1:hr>128</tp1:hr>
</tp1:TrackPointExtension>
</extensions>
</trkpt>
<trkpt lat="58.78926379" lon="16.21098379">
<ele>101.6</ele>
<time>2022-09-03T08:30:31Z</time>
<extensions>
<tp1:TrackPointExtension>
<tp1:hr>130</tp1:hr>
</tp1:TrackPointExtension>
</extensions>
</trkpt>
<trkpt lat="58.78928558" lon="16.2108252">
<ele>101.6</ele>
<time>2022-09-03T08:30:34Z</time>
<extensions>
<tp1:TrackPointExtension>
<tp1:hr>127</tp1:hr>
</tp1:TrackPointExtension>
</extensions>
</trkpt>
<trkpt lat="58.78928935" lon="16.21074876">
<ele>101.6</ele>
<time>2022-09-03T08:30:36Z</time>
<extensions>
<tp1:TrackPointExtension>
<tp1:hr>126</tp1:hr>
</tp1:TrackPointExtension>
</extensions>
</trkpt>
<trkpt lat="58.7892834" lon="16.2107149">
<ele>101.4</ele>
<time>2022-09-03T08:30:37Z</time>
<extensions>
<tp1:TrackPointExtension>
<tp1:hr>126</tp1:hr>
</tp1:TrackPointExtension>
</extensions>
</trkpt>
<trkpt lat="58.78924686" lon="16.21066687">
<ele>101.4</ele>
<time>2022-09-03T08:30:39Z</time>
<extensions>
<tp1:TrackPointExtension>
<tp1:hr>127</tp1:hr>
</tp1:TrackPointExtension>
</extensions>
</trkpt>
<trkpt lat="58.78922305" lon="16.21064759">
<ele>101.4</ele>
<time>2022-09-03T08:30:40Z</time>
<extensions>
<tp1:TrackPointExtension>
<tp1:hr>126</tp1:hr>
</tp1:TrackPointExtension>
</extensions>
</trkpt>
<trkpt lat="58.78920696" lon="16.2106206">
<ele>101.4</ele>
<time>2022-09-03T08:30:41Z</time>
<extensions>
<tp1:TrackPointExtension>
<tp1:hr>129</tp1:hr>
</tp1:TrackPointExtension>
</extensions>
</trkpt>
<trkpt lat="58.78918868" lon="16.21056285">
<ele>101.2</ele>
<time>2022-09-03T08:30:43Z</time>
<extensions>
<tp1:TrackPointExtension>
<tp1:hr>126</tp1:hr>
</tp1:TrackPointExtension>
</extensions>
</trkpt>
<trkpt lat="58.78917745" lon="16.21054793">
<ele>101.2</ele>
<time>2022-09-03T08:30:44Z</time>
<extensions>
<tp1:TrackPointExtension>
<tp1:hr>126</tp1:hr>
</tp1:TrackPointExtension>
</extensions>
</trkpt>
<trkpt lat="58.78917385" lon="16.2105382">
<ele>101.2</ele>
<time>2022-09-03T08:30:45Z</time>
<extensions>
<tp1:TrackPointExtension>
<tp1:hr>126</tp1:hr>
</tp1:TrackPointExtension>
</extensions>
</trkpt>
<trkpt lat="58.78916178" lon="16.21044818">
<ele>101.0</ele>
<time>2022-09-03T08:30:48Z</time>
<extensions>
<tp1:TrackPointExtension>
<tp1:hr>125</tp1:hr>
</tp1:TrackPointExtension>
</extensions>
</trkpt>
<trkpt lat="58.78915264" lon="16.21032489">
<ele>100.6</ele>
<time>2022-09-03T08:30:52Z</time>
<extensions>
<tp1:TrackPointExtension>
<tp1:hr>128</tp1:hr>
</tp1:TrackPointExtension>
</extensions>
</trkpt>
<trkpt lat="58.78914694" lon="16.21028817">
<ele>100.6</ele>
<time>2022-09-03T08:30:53Z</time>
<extensions>
<tp1:TrackPointExtension>
<tp1:hr>128</tp1:hr>
</tp1:TrackPointExtension>
</extensions>
</trkpt>
<trkpt lat="58.78912993" lon="16.21026018">
<ele>100.4</ele>
<time>2022-09-03T08:30:54Z</time>
<extensions>
<tp1:TrackPointExtension>
<tp1:hr>127</tp1:hr>
</tp1:TrackPointExtension>
</extensions>
</trkpt>
<trkpt lat="58.78908332" lon="16.2102321">
<ele>100.2</ele>
<time>2022-09-03T08:30:56Z</time>
<extensions>
<tp1:TrackPointExtension>
<tp1:hr>127</tp1:hr>
</tp1:TrackPointExtension>
</extensions>
</trkpt>
<trkpt lat="58.78903236" lon="16.21027158">
<ele>100.0</ele>
<time>2022-09-03T08:30:58Z</time>
<extensions>
<tp1:TrackPointExtension>
<tp1:hr>127</tp1:hr>
</tp1:TrackPointExtension>
</extensions>
</trkpt>
<trkpt lat="58.78900764" lon="16.21028365">
<ele>99.8</ele>
<time>2022-09-03T08:30:59Z</time>
<extensions>
<tp1:TrackPointExtension>
<tp1:hr>127</tp1:hr>
</tp1:TrackPointExtension>
</extensions>
</trkpt>
<trkpt lat="58.78897101" lon="16.21021844">
<ele>99.6</ele>
<time>2022-09-03T08:31:01Z</time>
<extensions>
<tp1:TrackPointExtension>
<tp1:hr>127</tp1:hr>
</tp1:TrackPointExtension>
</extensions>
</trkpt>
<trkpt lat="58.78888023" lon="16.20998265">
<ele>99.0</ele>
<time>2022-09-03T08:31:05Z</time>
<extensions>
<tp1:TrackPointExtension>
<tp1:hr>125</tp1:hr>
</tp1:TrackPointExtension>
</extensions>
</trkpt>
<trkpt lat="58.78885198" lon="16.20992423">
<ele>98.8</ele>
<time>2022-09-03T08:31:06Z</time>
<extensions>
<tp1:TrackPointExtension>
<tp1:hr>124</tp1:hr>
</tp1:TrackPointExtension>
</extensions>
</trkpt>
<trkpt lat="58.78881829" lon="16.20989137">
<ele>98.6</ele>
<time>2022-09-03T08:31:08Z</time>
<extensions>
<tp1:TrackPointExtension>
<tp1:hr>126</tp1:hr>
</tp1:TrackPointExtension>
</extensions>
</trkpt>
<trkpt lat="58.78880454" lon="16.2099239">
<ele>98.4</ele>
<time>2022-09-03T08:31:09Z</time>
<extensions>
<tp1:TrackPointExtension>
<tp1:hr>125</tp1:hr>
</tp1:TrackPointExtension>
</extensions>
</trkpt>
<trkpt lat="58.78878409" lon="16.20999062">
<ele>98.2</ele>
<time>2022-09-03T08:31:11Z</time>
<extensions>
<tp1:TrackPointExtension>
<tp1:hr>126</tp1:hr>
</tp1:TrackPointExtension>
</extensions>
</trkpt>
<trkpt lat="58.78875517" lon="16.21001341">
<ele>98.0</ele>
<time>2022-09-03T08:31:13Z</time>
<extensions>
<tp1:TrackPointExtension>
<tp1:hr>127</tp1:hr>
</tp1:TrackPointExtension>
</extensions>
</trkpt>
<trkpt lat="58.78873405" lon="16.2100109">
<ele>97.8</ele>
<time>2022-09-03T08:31:14Z</time>
<extensions>
<tp1:TrackPointExtension>
<tp1:hr>128</tp1:hr>
</tp1:TrackPointExtension>
</extensions>
</trkpt>
<trkpt lat="58.78868116" lon="16.21001065">
<ele>97.6</ele>
<time>2022-09-03T08:31:17Z</time>
<extensions>
<tp1:TrackPointExtension>
<tp1:hr>132</tp1:hr>
</tp1:TrackPointExtension>
</extensions>
</trkpt>
<trkpt lat="58.78866532" lon="16.21002062">
<ele>97.4</ele>
<time>2022-09-03T08:31:18Z</time>
<extensions>
<tp1:TrackPointExtension>
<tp1:hr>132</tp1:hr>
</tp1:TrackPointExtension>
</extensions>
</trkpt>
<trkpt lat="58.7886442" lon="16.21003185">
<ele>97.4</ele>
<time>2022-09-03T08:31:19Z</time>
<extensions>
<tp1:TrackPointExtension>
<tp1:hr>132</tp1:hr>
</tp1:TrackPointExtension>
</extensions>
</trkpt>
<trkpt lat="58.78856163" lon="16.21001014">
<ele>97.0</ele>
<time>2022-09-03T08:31:24Z</time>
<extensions>
<tp1:TrackPointExtension>
<tp1:hr>130</tp1:hr>
</tp1:TrackPointExtension>
</extensions>
</trkpt>
<trkpt lat="58.78854252" lon="16.21000445">
<ele>96.8</ele>
<time>2022-09-03T08:31:25Z</time>
<extensions>
<tp1:TrackPointExtension>
<tp1:hr>132</tp1:hr>
</tp1:TrackPointExtension>
</extensions>
</trkpt>
<trkpt lat="58.78843934" lon="16.20997243">
<ele>96.6</ele>
<time>2022-09-03T08:31:31Z</time>
<extensions>
<tp1:TrackPointExtension>
<tp1:hr>132</tp1:hr>
</tp1:TrackPointExtension>
</extensions>
</trkpt>
<trkpt lat="58.78834605" lon="16.20993974">
<ele>96.4</ele>
<time>2022-09-03T08:31:37Z</time>
<extensions>
<tp1:TrackPointExtension>
<tp1:hr>131</tp1:hr>
</tp1:TrackPointExtension>
</extensions>
</trkpt>
<trkpt lat="58.78821923" lon="16.20995776">
<ele>96.4</ele>
<time>2022-09-03T08:31:43Z</time>
<extensions>
<tp1:TrackPointExtension>
<tp1:hr>135</tp1:hr>
</tp1:TrackPointExtension>
</extensions>
</trkpt>
<trkpt lat="58.78819996" lon="16.2099757">
<ele>96.4</ele>
<time>2022-09-03T08:31:44Z</time>
<extensions>
<tp1:TrackPointExtension>
<tp1:hr>133</tp1:hr>
</tp1:TrackPointExtension>
</extensions>
</trkpt>
<trkpt lat="58.78812083" lon="16.21011366">
<ele>96.4</ele>
<time>2022-09-03T08:31:48Z</time>
<extensions>
<tp1:TrackPointExtension>
<tp1:hr>134</tp1:hr>
</tp1:TrackPointExtension>
</extensions>
</trkpt>
<trkpt lat="58.78798454" lon="16.21020645">
<ele>96.6</ele>
<time>2022-09-03T08:31:53Z</time>
<extensions>
<tp1:TrackPointExtension>
<tp1:hr>135</tp1:hr>
</tp1:TrackPointExtension>
</extensions>
</trkpt>
<trkpt lat="58.78786904" lon="16.21027912">
<ele>96.8</ele>
<time>2022-09-03T08:31:59Z</time>
<extensions>
<tp1:TrackPointExtension>
<tp1:hr>136</tp1:hr>
</tp1:TrackPointExtension>
</extensions>
</trkpt>
<trkpt lat="58.78781632" lon="16.21032329">
<ele>96.8</ele>
<time>2022-09-03T08:32:03Z</time>
<extensions>
<tp1:TrackPointExtension>
<tp1:hr>135</tp1:hr>
</tp1:TrackPointExtension>
</extensions>
</trkpt>
<trkpt lat="58.78780768" lon="16.21034693">
<ele>97.0</ele>
<time>2022-09-03T08:32:04Z</time>
<extensions>
<tp1:TrackPointExtension>
<tp1:hr>135</tp1:hr>
</tp1:TrackPointExtension>
</extensions>
</trkpt>
<trkpt lat="58.78773157" lon="16.21049982">
<ele>97.2</ele>
<time>2022-09-03T08:32:08Z</time>
<extensions>
<tp1:TrackPointExtension>
<tp1:hr>134</tp1:hr>
</tp1:TrackPointExtension>
</extensions>
</trkpt>
<trkpt lat="58.78771096" lon="16.21052546">
<ele>97.2</ele>
<time>2022-09-03T08:32:09Z</time>
<extensions>
<tp1:TrackPointExtension>
<tp1:hr>134</tp1:hr>
</tp1:TrackPointExtension>
</extensions>
</trkpt>
<trkpt lat="58.7875843" lon="16.21057056">
<ele>97.6</ele>
<time>2022-09-03T08:32:15Z</time>
<extensions>
<tp1:TrackPointExtension>
<tp1:hr>136</tp1:hr>
</tp1:TrackPointExtension>
</extensions>
</trkpt>
<trkpt lat="58.78753292" lon="16.21056084">
<ele>97.8</ele>
<time>2022-09-03T08:32:18Z</time>
<extensions>
<tp1:TrackPointExtension>
<tp1:hr>135</tp1:hr>
</tp1:TrackPointExtension>
</extensions>
</trkpt>
<trkpt lat="58.78752697" lon="16.21053896">
<ele>97.8</ele>
<time>2022-09-03T08:32:19Z</time>
<extensions>
<tp1:TrackPointExtension>
<tp1:hr>134</tp1:hr>
</tp1:TrackPointExtension>
</extensions>
</trkpt>
<trkpt lat="58.78751272" lon="16.21049495">
<ele>98.2</ele>
<time>2022-09-03T08:32:22Z</time>
<extensions>
<tp1:TrackPointExtension>
<tp1:hr>136</tp1:hr>
</tp1:TrackPointExtension>
</extensions>
</trkpt>
<trkpt lat="58.78751884" lon="16.21043184">
<ele>98.4</ele>
<time>2022-09-03T08:32:25Z</time>
<extensions>
<tp1:TrackPointExtension>
<tp1:hr>135</tp1:hr>
</tp1:TrackPointExtension>
</extensions>
</trkpt>
<trkpt lat="58.78752848" lon="16.21028289">
<ele>98.8</ele>
<time>2022-09-03T08:32:30Z</time>
<extensions>
<tp1:TrackPointExtension>
<tp1:hr>137</tp1:hr>
</tp1:TrackPointExtension>
</extensions>
</trkpt>
<trkpt lat="58.78752354" lon="16.21024945">
<ele>98.8</ele>
<time>2022-09-03T08:32:31Z</time>
<extensions>
<tp1:TrackPointExtension>
<tp1:hr>138</tp1:hr>
</tp1:TrackPointExtension>
</extensions>
</trkpt>
<trkpt lat="58.78750526" lon="16.21014903">
<ele>99.2</ele>
<time>2022-09-03T08:32:34Z</time>
<extensions>
<tp1:TrackPointExtension>
<tp1:hr>140</tp1:hr>
</tp1:TrackPointExtension>
</extensions>
</trkpt>
<trkpt lat="58.78749386" lon="16.21012791">
<ele>99.2</ele>
<time>2022-09-03T08:32:35Z</time>
<extensions>
<tp1:TrackPointExtension>
<tp1:hr>140</tp1:hr>
</tp1:TrackPointExtension>
</extensions>
</trkpt>
<trkpt lat="58.78747517" lon="16.21009346">
<ele>99.6</ele>
<time>2022-09-03T08:32:38Z</time>
<extensions>
<tp1:TrackPointExtension>
<tp1:hr>138</tp1:hr>
</tp1:TrackPointExtension>
</extensions>
</trkpt>
<trkpt lat="58.78747199" lon="16.21007427">
<ele>99.8</ele>
<time>2022-09-03T08:32:39Z</time>
<extensions>
<tp1:TrackPointExtension>
<tp1:hr>138</tp1:hr>
</tp1:TrackPointExtension>
</extensions>
</trkpt>
<trkpt lat="58.78744399" lon="16.21000528">
<ele>100.0</ele>
<time>2022-09-03T08:32:41Z</time>
<extensions>
<tp1:TrackPointExtension>
<tp1:hr>136</tp1:hr>
</tp1:TrackPointExtension>
</extensions>
</trkpt>
<trkpt lat="58.78743871" lon="16.20989657">
<ele>100.4</ele>
<time>2022-09-03T08:32:44Z</time>
<extensions>
<tp1:TrackPointExtension>
<tp1:hr>136</tp1:hr>
</tp1:TrackPointExtension>
</extensions>
</trkpt>
<trkpt lat="58.78743821" lon="16.20969473">
<ele>101.0</ele>
<time>2022-09-03T08:32:49Z</time>
<extensions>
<tp1:TrackPointExtension>
<tp1:hr>135</tp1:hr>
</tp1:TrackPointExtension>
</extensions>
</trkpt>
<trkpt lat="58.78743921" lon="16.209654">
<ele>101.2</ele>
<time>2022-09-03T08:32:50Z</time>
<extensions>
<tp1:TrackPointExtension>
<tp1:hr>135</tp1:hr>
</tp1:TrackPointExtension>
</extensions>
</trkpt>
<trkpt lat="58.78745028" lon="16.20956004">
<ele>101.6</ele>
<time>2022-09-03T08:32:53Z</time>
<extensions>
<tp1:TrackPointExtension>
<tp1:hr>138</tp1:hr>
</tp1:TrackPointExtension>
</extensions>
</trkpt>
<trkpt lat="58.78747551" lon="16.20943096">
<ele>102.0</ele>
<time>2022-09-03T08:32:56Z</time>
<extensions>
<tp1:TrackPointExtension>
<tp1:hr>139</tp1:hr>
</tp1:TrackPointExtension>
</extensions>
</trkpt>
<trkpt lat="58.78747308" lon="16.20919224">
<ele>102.8</ele>
<time>2022-09-03T08:33:01Z</time>
<extensions>
<tp1:TrackPointExtension>
<tp1:hr>140</tp1:hr>
</tp1:TrackPointExtension>
</extensions>
</trkpt>
<trkpt lat="58.78741885" lon="16.20908168">
<ele>103.2</ele>
<time>2022-09-03T08:33:03Z</time>
<extensions>
<tp1:TrackPointExtension>
<tp1:hr>142</tp1:hr>
</tp1:TrackPointExtension>
</extensions>
</trkpt>
<trkpt lat="58.78737409" lon="16.20895419">
<ele>103.6</ele>
<time>2022-09-03T08:33:06Z</time>
<extensions>
<tp1:TrackPointExtension>
<tp1:hr>140</tp1:hr>
</tp1:TrackPointExtension>
</extensions>
</trkpt>
<trkpt lat="58.78732413" lon="16.20883911">
<ele>104.2</ele>
<time>2022-09-03T08:33:10Z</time>
<extensions>
<tp1:TrackPointExtension>
<tp1:hr>140</tp1:hr>
</tp1:TrackPointExtension>
</extensions>
</trkpt>
<trkpt lat="58.78731147" lon="16.20884632">
<ele>104.4</ele>
<time>2022-09-03T08:33:11Z</time>
<extensions>
<tp1:TrackPointExtension>
<tp1:hr>140</tp1:hr>
</tp1:TrackPointExtension>
</extensions>
</trkpt>
<trkpt lat="58.7872704" lon="16.20889074">
<ele>104.8</ele>
<time>2022-09-03T08:33:14Z</time>
<extensions>
<tp1:TrackPointExtension>
<tp1:hr>141</tp1:hr>
</tp1:TrackPointExtension>
</extensions>
</trkpt>
<trkpt lat="58.7872461" lon="16.20892033">
<ele>105.0</ele>
<time>2022-09-03T08:33:16Z</time>
<extensions>
<tp1:TrackPointExtension>
<tp1:hr>140</tp1:hr>
</tp1:TrackPointExtension>
</extensions>
</trkpt>
<trkpt lat="58.78723252" lon="16.20890122">
<ele>105.4</ele>
<time>2022-09-03T08:33:18Z</time>
<extensions>
<tp1:TrackPointExtension>
<tp1:hr>142</tp1:hr>
</tp1:TrackPointExtension>
</extensions>
</trkpt>
<trkpt lat="58.78723319" lon="16.20888194">
<ele>105.6</ele>
<time>2022-09-03T08:33:20Z</time>
<extensions>
<tp1:TrackPointExtension>
<tp1:hr>140</tp1:hr>
</tp1:TrackPointExtension>
</extensions>
</trkpt>
<trkpt lat="58.78724777" lon="16.20889963">
<ele>105.8</ele>
<time>2022-09-03T08:33:22Z</time>
<extensions>
<tp1:TrackPointExtension>
<tp1:hr>141</tp1:hr>
</tp1:TrackPointExtension>
</extensions>
</trkpt>
<trkpt lat="58.78725708" lon="16.2089376">
<ele>106.0</ele>
<time>2022-09-03T08:33:23Z</time>
<extensions>
<tp1:TrackPointExtension>
<tp1:hr>142</tp1:hr>
</tp1:TrackPointExtension>
</extensions>
</trkpt>
<trkpt lat="58.78726479" lon="16.20898085">
<ele>106.0</ele>
<time>2022-09-03T08:33:24Z</time>
<extensions>
<tp1:TrackPointExtension>
<tp1:hr>143</tp1:hr>
</tp1:TrackPointExtension>
</extensions>
</trkpt>
<trkpt lat="58.78729412" lon="16.20909828">
<ele>106.4</ele>
<time>2022-09-03T08:33:27Z</time>
<extensions>
<tp1:TrackPointExtension>
<tp1:hr>142</tp1:hr>
</tp1:TrackPointExtension>
</extensions>
</trkpt>
<trkpt lat="58.78729966" lon="16.20911496">
<ele>106.7</ele>
<time>2022-09-03T08:33:29Z</time>
<extensions>
<tp1:TrackPointExtension>
<tp1:hr>141</tp1:hr>
</tp1:TrackPointExtension>
</extensions>
</trkpt>
<trkpt lat="58.78729815" lon="16.20909928">
<ele>106.9</ele>
<time>2022-09-03T08:33:30Z</time>
<extensions>
<tp1:TrackPointExtension>
<tp1:hr>141</tp1:hr>
</tp1:TrackPointExtension>
</extensions>
</trkpt>
<trkpt lat="58.78727501" lon="16.20895084">
<ele>107.3</ele>
<time>2022-09-03T08:33:34Z</time>
<extensions>
<tp1:TrackPointExtension>
<tp1:hr>140</tp1:hr>
</tp1:TrackPointExtension>
</extensions>
</trkpt>
<trkpt lat="58.78725372" lon="16.20892075">
<ele>107.5</ele>
<time>2022-09-03T08:33:37Z</time>
<extensions>
<tp1:TrackPointExtension>
<tp1:hr>138</tp1:hr>
</tp1:TrackPointExtension>
</extensions>
</trkpt>
<trkpt lat="58.78724207" lon="16.20891111">
<ele>107.7</ele>
<time>2022-09-03T08:33:38Z</time>
<extensions>
<tp1:TrackPointExtension>
<tp1:hr>138</tp1:hr>
</tp1:TrackPointExtension>
</extensions>
</trkpt>
<trkpt lat="58.78722346" lon="16.2088972">
<ele>107.9</ele>
<time>2022-09-03T08:33:39Z</time>
<extensions>
<tp1:TrackPointExtension>
<tp1:hr>137</tp1:hr>
</tp1:TrackPointExtension>
</extensions>
</trkpt>
<trkpt lat="58.78720025" lon="16.20884112">
<ele>112.7</ele>
<time>2022-09-03T08:33:41Z</time>
<extensions>
<tp1:TrackPointExtension>
<tp1:hr>135</tp1:hr>
</tp1:TrackPointExtension>
</extensions>
</trkpt>
<trkpt lat="58.78718767" lon="16.20880885">
<ele>114.9</ele>
<time>2022-09-03T08:33:42Z</time>
<extensions>
<tp1:TrackPointExtension>
<tp1:hr>134</tp1:hr>
</tp1:TrackPointExtension>
</extensions>
</trkpt>
<trkpt lat="58.78715322" lon="16.20871916">
<ele>115.7</ele>
<time>2022-09-03T08:33:44Z</time>
<extensions>
<tp1:TrackPointExtension>
<tp1:hr>137</tp1:hr>
</tp1:TrackPointExtension>
</extensions>
</trkpt>
<trkpt lat="58.78712883" lon="16.208647">
<ele>115.7</ele>
<time>2022-09-03T08:33:46Z</time>
<extensions>
<tp1:TrackPointExtension>
<tp1:hr>140</tp1:hr>
</tp1:TrackPointExtension>
</extensions>
</trkpt>
<trkpt lat="58.78711835" lon="16.20862713">
<ele>115.5</ele>
<time>2022-09-03T08:33:47Z</time>
<extensions>
<tp1:TrackPointExtension>
<tp1:hr>139</tp1:hr>
</tp1:TrackPointExtension>
</extensions>
</trkpt>
<trkpt lat="58.78709648" lon="16.20862135">
<ele>115.5</ele>
<time>2022-09-03T08:33:48Z</time>
<extensions>
<tp1:TrackPointExtension>
<tp1:hr>140</tp1:hr>
</tp1:TrackPointExtension>
</extensions>
</trkpt>
<trkpt lat="58.78696572" lon="16.20855303">
<ele>114.3</ele>
<time>2022-09-03T08:33:53Z</time>
<extensions>
<tp1:TrackPointExtension>
<tp1:hr>137</tp1:hr>
</tp1:TrackPointExtension>
</extensions>
</trkpt>
<trkpt lat="58.78692649" lon="16.20846737">
<ele>113.7</ele>
<time>2022-09-03T08:33:55Z</time>
<extensions>
<tp1:TrackPointExtension>
<tp1:hr>139</tp1:hr>
</tp1:TrackPointExtension>
</extensions>
</trkpt>
<trkpt lat="58.78691275" lon="16.20833913">
<ele>112.7</ele>
<time>2022-09-03T08:33:57Z</time>
<extensions>
<tp1:TrackPointExtension>
<tp1:hr>139</tp1:hr>
</tp1:TrackPointExtension>
</extensions>
</trkpt>
<trkpt lat="58.78690763" lon="16.20827383">
<ele>112.3</ele>
<time>2022-09-03T08:33:58Z</time>
<extensions>
<tp1:TrackPointExtension>
<tp1:hr>138</tp1:hr>
</tp1:TrackPointExtension>
</extensions>
</trkpt>
<trkpt lat="58.78690202" lon="16.20807887">
<ele>110.9</ele>
<time>2022-09-03T08:34:01Z</time>
<extensions>
<tp1:TrackPointExtension>
<tp1:hr>140</tp1:hr>
</tp1:TrackPointExtension>
</extensions>
</trkpt>
<trkpt lat="58.78690713" lon="16.20801827">
<ele>110.3</ele>
<time>2022-09-03T08:34:02Z</time>
<extensions>
<tp1:TrackPointExtension>
<tp1:hr>142</tp1:hr>
</tp1:TrackPointExtension>
</extensions>
</trkpt>
<trkpt lat="58.78690604" lon="16.2079549">
<ele>109.7</ele>
<time>2022-09-03T08:34:03Z</time>
<extensions>
<tp1:TrackPointExtension>
<tp1:hr>141</tp1:hr>
</tp1:TrackPointExtension>
</extensions>
</trkpt>
<trkpt lat="58.78688986" lon="16.20782733">
<ele>108.3</ele>
<time>2022-09-03T08:34:05Z</time>
<extensions>
<tp1:TrackPointExtension>
<tp1:hr>141</tp1:hr>
</tp1:TrackPointExtension>
</extensions>
</trkpt>
<trkpt lat="58.78687687" lon="16.20777838">
<ele>108.3</ele>
<time>2022-09-03T08:34:06Z</time>
<extensions>
<tp1:TrackPointExtension>
<tp1:hr>141</tp1:hr>
</tp1:TrackPointExtension>
</extensions>
</trkpt>
<trkpt lat="58.78678853" lon="16.20747127">
<ele>108.1</ele>
<time>2022-09-03T08:34:11Z</time>
<extensions>
<tp1:TrackPointExtension>
<tp1:hr>141</tp1:hr>
</tp1:TrackPointExtension>
</extensions>
</trkpt>
<trkpt lat="58.78676514" lon="16.20713046">
<ele>108.1</ele>
<time>2022-09-03T08:34:16Z</time>
<extensions>
<tp1:TrackPointExtension>
<tp1:hr>141</tp1:hr>
</tp1:TrackPointExtension>
</extensions>
</trkpt>
<trkpt lat="58.78674444" lon="16.20680063">
<ele>107.9</ele>
<time>2022-09-03T08:34:21Z</time>
<extensions>
<tp1:TrackPointExtension>
<tp1:hr>144</tp1:hr>
</tp1:TrackPointExtension>
</extensions>
</trkpt>
<trkpt lat="58.7867436" lon="16.20674028">
<ele>107.9</ele>
<time>2022-09-03T08:34:22Z</time>
<extensions>
<tp1:TrackPointExtension>
<tp1:hr>138</tp1:hr>
</tp1:TrackPointExtension>
</extensions>
</trkpt>
<trkpt lat="58.78675441" lon="16.20648891">
<ele>107.7</ele>
<time>2022-09-03T08:34:26Z</time>
<extensions>
<tp1:TrackPointExtension>
<tp1:hr>141</tp1:hr>
</tp1:TrackPointExtension>
</extensions>
</trkpt>
<trkpt lat="58.78671259" lon="16.20619445">
<ele>107.3</ele>
<time>2022-09-03T08:34:31Z</time>
<extensions>
<tp1:TrackPointExtension>
<tp1:hr>141</tp1:hr>
</tp1:TrackPointExtension>
</extensions>
</trkpt>
<trkpt lat="58.78665869" lon="16.20609127">
<ele>107.3</ele>
<time>2022-09-03T08:34:33Z</time>
<extensions>
<tp1:TrackPointExtension>
<tp1:hr>138</tp1:hr>
</tp1:TrackPointExtension>
</extensions>
</trkpt>
<trkpt lat="58.78664444" lon="16.20605741">
<ele>107.3</ele>
<time>2022-09-03T08:34:34Z</time>
<extensions>
<tp1:TrackPointExtension>
<tp1:hr>140</tp1:hr>
</tp1:TrackPointExtension>
</extensions>
</trkpt>
<trkpt lat="58.78659801" lon="16.20600091">
<ele>107.1</ele>
<time>2022-09-03T08:34:36Z</time>
<extensions>
<tp1:TrackPointExtension>
<tp1:hr>141</tp1:hr>
</tp1:TrackPointExtension>
</extensions>
</trkpt>
<trkpt lat="58.78645283" lon="16.2058601">
<ele>106.7</ele>
<time>2022-09-03T08:34:41Z</time>
<extensions>
<tp1:TrackPointExtension>
<tp1:hr>139</tp1:hr>
</tp1:TrackPointExtension>
</extensions>
</trkpt>
<trkpt lat="58.7863152" lon="16.20565415">
<ele>106.3</ele>
<time>2022-09-03T08:34:47Z</time>
<extensions>
<tp1:TrackPointExtension>
<tp1:hr>137</tp1:hr>
</tp1:TrackPointExtension>
</extensions>
</trkpt>
<trkpt lat="58.7862142" lon="16.20559548">
<ele>106.1</ele>
<time>2022-09-03T08:34:51Z</time>
<extensions>
<tp1:TrackPointExtension>
<tp1:hr>139</tp1:hr>
</tp1:TrackPointExtension>
</extensions>
</trkpt>
<trkpt lat="58.78620313" lon="16.20559456">
<ele>106.1</ele>
<time>2022-09-03T08:34:52Z</time>
<extensions>
<tp1:TrackPointExtension>
<tp1:hr>138</tp1:hr>
</tp1:TrackPointExtension>
</extensions>
</trkpt>
<trkpt lat="58.78617866" lon="16.20557545">
<ele>106.1</ele>
<time>2022-09-03T08:34:54Z</time>
<extensions>
<tp1:TrackPointExtension>
<tp1:hr>140</tp1:hr>
</tp1:TrackPointExtension>
</extensions>
</trkpt>
<trkpt lat="58.7861712" lon="16.20554242">
<ele>105.9</ele>
<time>2022-09-03T08:34:57Z</time>
<extensions>
<tp1:TrackPointExtension>
<tp1:hr>142</tp1:hr>
</tp1:TrackPointExtension>
</extensions>
</trkpt>
<trkpt lat="58.78605511" lon="16.20550118">
<ele>105.9</ele>
<time>2022-09-03T08:35:03Z</time>
<extensions>
<tp1:TrackPointExtension>
<tp1:hr>141</tp1:hr>
</tp1:TrackPointExtension>
</extensions>
</trkpt>
<trkpt lat="58.78596039" lon="16.20547394">
<ele>105.7</ele>
<time>2022-09-03T08:35:08Z</time>
<extensions>
<tp1:TrackPointExtension>
<tp1:hr>140</tp1:hr>
</tp1:TrackPointExtension>
</extensions>
</trkpt>
<trkpt lat="58.78594279" lon="16.20546481">
<ele>105.7</ele>
<time>2022-09-03T08:35:09Z</time>
<extensions>
<tp1:TrackPointExtension>
<tp1:hr>143</tp1:hr>
</tp1:TrackPointExtension>
</extensions>
</trkpt>
<trkpt lat="58.78586954" lon="16.20541913">
<ele>105.7</ele>
<time>2022-09-03T08:35:12Z</time>
<extensions>
<tp1:TrackPointExtension>
<tp1:hr>142</tp1:hr>
</tp1:TrackPointExtension>
</extensions>
</trkpt>
<trkpt lat="58.78577566" lon="16.20529524">
<ele>105.7</ele>
<time>2022-09-03T08:35:16Z</time>
<extensions>
<tp1:TrackPointExtension>
<tp1:hr>144</tp1:hr>
</tp1:TrackPointExtension>
</extensions>
</trkpt>
<trkpt lat="58.78575646" lon="16.20525635">
<ele>105.7</ele>
<time>2022-09-03T08:35:18Z</time>
<extensions>
<tp1:TrackPointExtension>
<tp1:hr>146</tp1:hr>
</tp1:TrackPointExtension>
</extensions>
</trkpt>
<trkpt lat="58.78576208" lon="16.20519265">
<ele>105.7</ele>
<time>2022-09-03T08:35:20Z</time>
<extensions>
<tp1:TrackPointExtension>
<tp1:hr>146</tp1:hr>
</tp1:TrackPointExtension>
</extensions>
</trkpt>
<trkpt lat="58.78577759" lon="16.20497681">
<ele>105.7</ele>
<time>2022-09-03T08:35:26Z</time>
<extensions>
<tp1:TrackPointExtension>
<tp1:hr>146</tp1:hr>
</tp1:TrackPointExtension>
</extensions>
</trkpt>
<trkpt lat="58.78576426" lon="16.20483725">
<ele>105.7</ele>
<time>2022-09-03T08:35:30Z</time>
<extensions>
<tp1:TrackPointExtension>
<tp1:hr>146</tp1:hr>
</tp1:TrackPointExtension>
</extensions>
</trkpt>
<trkpt lat="58.78575881" lon="16.20480389">
<ele>105.7</ele>
<time>2022-09-03T08:35:31Z</time>
<extensions>
<tp1:TrackPointExtension>
<tp1:hr>147</tp1:hr>
</tp1:TrackPointExtension>
</extensions>
</trkpt>
<trkpt lat="58.78576677" lon="16.20476567">
<ele>105.7</ele>
<time>2022-09-03T08:35:32Z</time>
<extensions>
<tp1:TrackPointExtension>
<tp1:hr>146</tp1:hr>
</tp1:TrackPointExtension>
</extensions>
</trkpt>
<trkpt lat="58.78582402" lon="16.20467565">
<ele>105.7</ele>
<time>2022-09-03T08:35:35Z</time>
<extensions>
<tp1:TrackPointExtension>
<tp1:hr>146</tp1:hr>
</tp1:TrackPointExtension>
</extensions>
</trkpt>
<trkpt lat="58.7859158" lon="16.20443484">
<ele>105.7</ele>
<time>2022-09-03T08:35:41Z</time>
<extensions>
<tp1:TrackPointExtension>
<tp1:hr>150</tp1:hr>
</tp1:TrackPointExtension>
</extensions>
</trkpt>
<trkpt lat="58.78595755" lon="16.20425605">
<ele>105.7</ele>
<time>2022-09-03T08:35:45Z</time>
<extensions>
<tp1:TrackPointExtension>
<tp1:hr>148</tp1:hr>
</tp1:TrackPointExtension>
</extensions>
</trkpt>
<trkpt lat="58.78593232" lon="16.20414935">
<ele>105.7</ele>
<time>2022-09-03T08:35:48Z</time>
<extensions>
<tp1:TrackPointExtension>
<tp1:hr>145</tp1:hr>
</tp1:TrackPointExtension>
</extensions>
</trkpt>
<trkpt lat="58.78590231" lon="16.20409864">
<ele>105.7</ele>
<time>2022-09-03T08:35:50Z</time>
<extensions>
<tp1:TrackPointExtension>
<tp1:hr>145</tp1:hr>
</tp1:TrackPointExtension>
</extensions>
</trkpt>
<trkpt lat="58.78589627" lon="16.20407693">
<ele>105.7</ele>
<time>2022-09-03T08:35:51Z</time>
<extensions>
<tp1:TrackPointExtension>
<tp1:hr>145</tp1:hr>
</tp1:TrackPointExtension>
</extensions>
</trkpt>
<trkpt lat="58.78587649" lon="16.20392924">
<ele>105.7</ele>
<time>2022-09-03T08:35:54Z</time>
<extensions>
<tp1:TrackPointExtension>
<tp1:hr>146</tp1:hr>
</tp1:TrackPointExtension>
</extensions>
</trkpt>
<trkpt lat="58.78583349" lon="16.2036943">
<ele>105.7</ele>
<time>2022-09-03T08:35:59Z</time>
<extensions>
<tp1:TrackPointExtension>
<tp1:hr>146</tp1:hr>
</tp1:TrackPointExtension>
</extensions>
</trkpt>
<trkpt lat="58.78582302" lon="16.20340361">
<ele>105.9</ele>
<time>2022-09-03T08:36:05Z</time>
<extensions>
<tp1:TrackPointExtension>
<tp1:hr>144</tp1:hr>
</tp1:TrackPointExtension>
</extensions>
</trkpt>
<trkpt lat="58.7858293" lon="16.20332826">
<ele>105.9</ele>
<time>2022-09-03T08:36:07Z</time>
<extensions>
<tp1:TrackPointExtension>
<tp1:hr>145</tp1:hr>
</tp1:TrackPointExtension>
</extensions>
</trkpt>
<trkpt lat="58.78583651" lon="16.20320027">
<ele>106.1</ele>
<time>2022-09-03T08:36:11Z</time>
<extensions>
<tp1:TrackPointExtension>
<tp1:hr>144</tp1:hr>
</tp1:TrackPointExtension>
</extensions>
</trkpt>
<trkpt lat="58.78583718" lon="16.20318007">
<ele>106.1</ele>
<time>2022-09-03T08:36:12Z</time>
<extensions>
<tp1:TrackPointExtension>
<tp1:hr>143</tp1:hr>
</tp1:TrackPointExtension>
</extensions>
</trkpt>
<trkpt lat="58.7858355" lon="16.20313053">
<ele>106.1</ele>
<time>2022-09-03T08:36:15Z</time>
<extensions>
<tp1:TrackPointExtension>
<tp1:hr>146</tp1:hr>
</tp1:TrackPointExtension>
</extensions>
</trkpt>
<trkpt lat="58.78583048" lon="16.20311351">
<ele>106.1</ele>
<time>2022-09-03T08:36:16Z</time>
<extensions>
<tp1:TrackPointExtension>
<tp1:hr>147</tp1:hr>
</tp1:TrackPointExtension>
</extensions>
</trkpt>
<trkpt lat="58.78579896" lon="16.20300832">
<ele>106.3</ele>
<time>2022-09-03T08:36:21Z</time>
<extensions>
<tp1:TrackPointExtension>
<tp1:hr>147</tp1:hr>
</tp1:TrackPointExtension>
</extensions>
</trkpt>
<trkpt lat="58.78579745" lon="16.20298049">
<ele>106.3</ele>
<time>2022-09-03T08:36:22Z</time>
<extensions>
<tp1:TrackPointExtension>
<tp1:hr>147</tp1:hr>
</tp1:TrackPointExtension>
</extensions>
</trkpt>
<trkpt lat="58.78579854" lon="16.20295719">
<ele>106.3</ele>
<time>2022-09-03T08:36:23Z</time>
<extensions>
<tp1:TrackPointExtension>
<tp1:hr>150</tp1:hr>
</tp1:TrackPointExtension>
</extensions>
</trkpt>
<trkpt lat="58.78580097" lon="16.2029328">
<ele>106.3</ele>
<time>2022-09-03T08:36:24Z</time>
<extensions>
<tp1:TrackPointExtension>
<tp1:hr>150</tp1:hr>
</tp1:TrackPointExtension>
</extensions>
</trkpt>
<trkpt lat="58.78578178" lon="16.20277044">
<ele>106.5</ele>
<time>2022-09-03T08:36:28Z</time>
<extensions>
<tp1:TrackPointExtension>
<tp1:hr>149</tp1:hr>
</tp1:TrackPointExtension>
</extensions>
</trkpt>
<trkpt lat="58.78580893" lon="16.20262451">
<ele>106.7</ele>
<time>2022-09-03T08:36:34Z</time>
<extensions>
<tp1:TrackPointExtension>
<tp1:hr>148</tp1:hr>
</tp1:TrackPointExtension>
</extensions>
</trkpt>
<trkpt lat="58.78583048" lon="16.20238203">
<ele>107.1</ele>
<time>2022-09-03T08:36:41Z</time>
<extensions>
<tp1:TrackPointExtension>
<tp1:hr>146</tp1:hr>
</tp1:TrackPointExtension>
</extensions>
</trkpt>
<trkpt lat="58.78580675" lon="16.20224532">
<ele>107.1</ele>
<time>2022-09-03T08:36:44Z</time>
<extensions>
<tp1:TrackPointExtension>
<tp1:hr>145</tp1:hr>
</tp1:TrackPointExtension>
</extensions>
</trkpt>
<trkpt lat="58.78580902" lon="16.20218664">
<ele>107.3</ele>
<time>2022-09-03T08:36:46Z</time>
<extensions>
<tp1:TrackPointExtension>
<tp1:hr>145</tp1:hr>
</tp1:TrackPointExtension>
</extensions>
</trkpt>
<trkpt lat="58.78580625" lon="16.20213401">
<ele>107.5</ele>
<time>2022-09-03T08:36:48Z</time>
<extensions>
<tp1:TrackPointExtension>
<tp1:hr>144</tp1:hr>
</tp1:TrackPointExtension>
</extensions>
</trkpt>
<trkpt lat="58.78578924" lon="16.20207961">
<ele>107.5</ele>
<time>2022-09-03T08:36:50Z</time>
<extensions>
<tp1:TrackPointExtension>
<tp1:hr>140</tp1:hr>
</tp1:TrackPointExtension>
</extensions>
</trkpt>
<trkpt lat="58.78579175" lon="16.20206494">
<ele>107.5</ele>
<time>2022-09-03T08:36:51Z</time>
<extensions>
<tp1:TrackPointExtension>
<tp1:hr>138</tp1:hr>
</tp1:TrackPointExtension>
</extensions>
</trkpt>
<trkpt lat="58.78574347" lon="16.20200006">
<ele>107.7</ele>
<time>2022-09-03T08:36:55Z</time>
<extensions>
<tp1:TrackPointExtension>
<tp1:hr>136</tp1:hr>
</tp1:TrackPointExtension>
</extensions>
</trkpt>
<trkpt lat="58.78573827" lon="16.20191331">
<ele>107.7</ele>
<time>2022-09-03T08:36:58Z</time>
<extensions>
<tp1:TrackPointExtension>
<tp1:hr>135</tp1:hr>
</tp1:TrackPointExtension>
</extensions>
</trkpt>
<trkpt lat="58.78574288" lon="16.20187693">
<ele>107.7</ele>
<time>2022-09-03T08:37:00Z</time>
<extensions>
<tp1:TrackPointExtension>
<tp1:hr>135</tp1:hr>
</tp1:TrackPointExtension>
</extensions>
</trkpt>
<trkpt lat="58.78578546" lon="16.20175514">
<ele>107.9</ele>
<time>2022-09-03T08:37:04Z</time>
<extensions>
<tp1:TrackPointExtension>
<tp1:hr>133</tp1:hr>
</tp1:TrackPointExtension>
</extensions>
</trkpt>
<trkpt lat="58.78583517" lon="16.20152397">
<ele>107.9</ele>
<time>2022-09-03T08:37:09Z</time>
<extensions>
<tp1:TrackPointExtension>
<tp1:hr>132</tp1:hr>
</tp1:TrackPointExtension>
</extensions>
</trkpt>
<trkpt lat="58.78584674" lon="16.20131811">
<ele>107.9</ele>
<time>2022-09-03T08:37:13Z</time>
<extensions>
<tp1:TrackPointExtension>
<tp1:hr>134</tp1:hr>
</tp1:TrackPointExtension>
</extensions>
</trkpt>
<trkpt lat="58.78583576" lon="16.20122935">
<ele>107.9</ele>
<time>2022-09-03T08:37:15Z</time>
<extensions>
<tp1:TrackPointExtension>
<tp1:hr>137</tp1:hr>
</tp1:TrackPointExtension>
</extensions>
</trkpt>
<trkpt lat="58.78585034" lon="16.20122817">
<ele>107.9</ele>
<time>2022-09-03T08:37:16Z</time>
<extensions>
<tp1:TrackPointExtension>
<tp1:hr>137</tp1:hr>
</tp1:TrackPointExtension>
</extensions>
</trkpt>
<trkpt lat="58.78586794" lon="16.20122482">
<ele>107.9</ele>
<time>2022-09-03T08:37:17Z</time>
<extensions>
<tp1:TrackPointExtension>
<tp1:hr>137</tp1:hr>
</tp1:TrackPointExtension>
</extensions>
</trkpt>
<trkpt lat="58.78588462" lon="16.20120822">
<ele>107.9</ele>
<time>2022-09-03T08:37:18Z</time>
<extensions>
<tp1:TrackPointExtension>
<tp1:hr>139</tp1:hr>
</tp1:TrackPointExtension>
</extensions>
</trkpt>
<trkpt lat="58.78589812" lon="16.20118702">
<ele>107.9</ele>
<time>2022-09-03T08:37:19Z</time>
<extensions>
<tp1:TrackPointExtension>
<tp1:hr>142</tp1:hr>
</tp1:TrackPointExtension>
</extensions>
</trkpt>
<trkpt lat="58.78590407" lon="16.20116246">
<ele>107.9</ele>
<time>2022-09-03T08:37:20Z</time>
<extensions>
<tp1:TrackPointExtension>
<tp1:hr>145</tp1:hr>
</tp1:TrackPointExtension>
</extensions>
</trkpt>
<trkpt lat="58.7859153" lon="16.20114603">
<ele>107.9</ele>
<time>2022-09-03T08:37:21Z</time>
<extensions>
<tp1:TrackPointExtension>
<tp1:hr>145</tp1:hr>
</tp1:TrackPointExtension>
</extensions>
</trkpt>
<trkpt lat="58.78592435" lon="16.20111845">
<ele>107.9</ele>
<time>2022-09-03T08:37:22Z</time>
<extensions>
<tp1:TrackPointExtension>
<tp1:hr>146</tp1:hr>
</tp1:TrackPointExtension>
</extensions>
</trkpt>
<trkpt lat="58.78594958" lon="16.20104151">
<ele>107.7</ele>
<time>2022-09-03T08:37:25Z</time>
<extensions>
<tp1:TrackPointExtension>
<tp1:hr>148</tp1:hr>
</tp1:TrackPointExtension>
</extensions>
</trkpt>
<trkpt lat="58.78597682" lon="16.20103807">
<ele>107.7</ele>
<time>2022-09-03T08:37:27Z</time>
<extensions>
<tp1:TrackPointExtension>
<tp1:hr>148</tp1:hr>
</tp1:TrackPointExtension>
</extensions>
</trkpt>
<trkpt lat="58.78600926" lon="16.2010369">
<ele>107.5</ele>
<time>2022-09-03T08:37:29Z</time>
<extensions>
<tp1:TrackPointExtension>
<tp1:hr>152</tp1:hr>
</tp1:TrackPointExtension>
</extensions>
</trkpt>
<trkpt lat="58.78601991" lon="16.20104637">
<ele>107.5</ele>
<time>2022-09-03T08:37:30Z</time>
<extensions>
<tp1:TrackPointExtension>
<tp1:hr>154</tp1:hr>
</tp1:TrackPointExtension>
</extensions>
</trkpt>
<trkpt lat="58.78604287" lon="16.20107939">
<ele>107.3</ele>
<time>2022-09-03T08:37:32Z</time>
<extensions>
<tp1:TrackPointExtension>
<tp1:hr>162</tp1:hr>
</tp1:TrackPointExtension>
</extensions>
</trkpt>
<trkpt lat="58.78612619" lon="16.20113404">
<ele>107.1</ele>
<time>2022-09-03T08:37:35Z</time>
<extensions>
<tp1:TrackPointExtension>
<tp1:hr>165</tp1:hr>
</tp1:TrackPointExtension>
</extensions>
</trkpt>
<trkpt lat="58.78615385" lon="16.20115777">
<ele>107.1</ele>
<time>2022-09-03T08:37:36Z</time>
<extensions>
<tp1:TrackPointExtension>
<tp1:hr>165</tp1:hr>
</tp1:TrackPointExtension>
</extensions>
</trkpt>
<trkpt lat="58.78626239" lon="16.20120336">
<ele>106.7</ele>
<time>2022-09-03T08:37:41Z</time>
<extensions>
<tp1:TrackPointExtension>
<tp1:hr>165</tp1:hr>
</tp1:TrackPointExtension>
</extensions>
</trkpt>
<trkpt lat="58.7863727" lon="16.20117361">
<ele>106.1</ele>
<time>2022-09-03T08:37:46Z</time>
<extensions>
<tp1:TrackPointExtension>
<tp1:hr>165</tp1:hr>
</tp1:TrackPointExtension>
</extensions>
</trkpt>
<trkpt lat="58.78647555" lon="16.2011804">
<ele>105.5</ele>
<time>2022-09-03T08:37:51Z</time>
<extensions>
<tp1:TrackPointExtension>
<tp1:hr>166</tp1:hr>
</tp1:TrackPointExtension>
</extensions>
</trkpt>
<trkpt lat="58.78653925" lon="16.20123211">
<ele>105.1</ele>
<time>2022-09-03T08:37:54Z</time>
<extensions>
<tp1:TrackPointExtension>
<tp1:hr>165</tp1:hr>
</tp1:TrackPointExtension>
</extensions>
</trkpt>
<trkpt lat="58.7865856" lon="16.20128358">
<ele>104.7</ele>
<time>2022-09-03T08:37:57Z</time>
<extensions>
<tp1:TrackPointExtension>
<tp1:hr>166</tp1:hr>
</tp1:TrackPointExtension>
</extensions>
</trkpt>
<trkpt lat="58.78668702" lon="16.20135424">
<ele>104.1</ele>
<time>2022-09-03T08:38:03Z</time>
<extensions>
<tp1:TrackPointExtension>
<tp1:hr>162</tp1:hr>
</tp1:TrackPointExtension>
</extensions>
</trkpt>
<trkpt lat="58.78672206" lon="16.20136589">
<ele>103.9</ele>
<time>2022-09-03T08:38:04Z</time>
<extensions>
<tp1:TrackPointExtension>
<tp1:hr>161</tp1:hr>
</tp1:TrackPointExtension>
</extensions>
</trkpt>
<trkpt lat="58.78677486" lon="16.20135826">
<ele>103.9</ele>
<time>2022-09-03T08:38:06Z</time>
<extensions>
<tp1:TrackPointExtension>
<tp1:hr>166</tp1:hr>
</tp1:TrackPointExtension>
</extensions>
</trkpt>
<trkpt lat="58.78679984" lon="16.20134862">
<ele>103.7</ele>
<time>2022-09-03T08:38:07Z</time>
<extensions>
<tp1:TrackPointExtension>
<tp1:hr>166</tp1:hr>
</tp1:TrackPointExtension>
</extensions>
</trkpt>
<trkpt lat="58.78684603" lon="16.20133244">
<ele>103.7</ele>
<time>2022-09-03T08:38:09Z</time>
<extensions>
<tp1:TrackPointExtension>
<tp1:hr>166</tp1:hr>
</tp1:TrackPointExtension>
</extensions>
</trkpt>
<trkpt lat="58.78690931" lon="16.20133244">
<ele>103.5</ele>
<time>2022-09-03T08:38:12Z</time>
<extensions>
<tp1:TrackPointExtension>
<tp1:hr>166</tp1:hr>
</tp1:TrackPointExtension>
</extensions>
</trkpt>
<trkpt lat="58.78694217" lon="16.20139648">
<ele>103.5</ele>
<time>2022-09-03T08:38:14Z</time>
<extensions>
<tp1:TrackPointExtension>
<tp1:hr>167</tp1:hr>
</tp1:TrackPointExtension>
</extensions>
</trkpt>
<trkpt lat="58.78706236" lon="16.20152271">
<ele>103.1</ele>
<time>2022-09-03T08:38:19Z</time>
<extensions>
<tp1:TrackPointExtension>
<tp1:hr>167</tp1:hr>
</tp1:TrackPointExtension>
</extensions>
</trkpt>
<trkpt lat="58.78721718" lon="16.20165171">
<ele>102.9</ele>
<time>2022-09-03T08:38:25Z</time>
<extensions>
<tp1:TrackPointExtension>
<tp1:hr>166</tp1:hr>
</tp1:TrackPointExtension>
</extensions>
</trkpt>
<trkpt lat="58.78724484" lon="16.20168063">
<ele>102.9</ele>
<time>2022-09-03T08:38:26Z</time>
<extensions>
<tp1:TrackPointExtension>
<tp1:hr>166</tp1:hr>
</tp1:TrackPointExtension>
</extensions>
</trkpt>
<trkpt lat="58.78740594" lon="16.20184072">
<ele>102.9</ele>
<time>2022-09-03T08:38:32Z</time>
<extensions>
<tp1:TrackPointExtension>
<tp1:hr>165</tp1:hr>
</tp1:TrackPointExtension>
</extensions>
</trkpt>
<trkpt lat="58.78753359" lon="16.20189588">
<ele>102.7</ele>
<time>2022-09-03T08:38:36Z</time>
<extensions>
<tp1:TrackPointExtension>
<tp1:hr>165</tp1:hr>
</tp1:TrackPointExtension>
</extensions>
</trkpt>
<trkpt lat="58.78769109" lon="16.2019408">
<ele>102.7</ele>
<time>2022-09-03T08:38:41Z</time>
<extensions>
<tp1:TrackPointExtension>
<tp1:hr>165</tp1:hr>
</tp1:TrackPointExtension>
</extensions>
</trkpt>
<trkpt lat="58.78784029" lon="16.20194885">
<ele>102.9</ele>
<time>2022-09-03T08:38:46Z</time>
<extensions>
<tp1:TrackPointExtension>
<tp1:hr>164</tp1:hr>
</tp1:TrackPointExtension>
</extensions>
</trkpt>
<trkpt lat="58.78797105" lon="16.20193116">
<ele>102.9</ele>
<time>2022-09-03T08:38:51Z</time>
<extensions>
<tp1:TrackPointExtension>
<tp1:hr>166</tp1:hr>
</tp1:TrackPointExtension>
</extensions>
</trkpt>
<trkpt lat="58.78805352" lon="16.20196352">
<ele>102.9</ele>
<time>2022-09-03T08:38:54Z</time>
<extensions>
<tp1:TrackPointExtension>
<tp1:hr>165</tp1:hr>
</tp1:TrackPointExtension>
</extensions>
</trkpt>
<trkpt lat="58.78811019" lon="16.2019377">
<ele>103.1</ele>
<time>2022-09-03T08:38:56Z</time>
<extensions>
<tp1:TrackPointExtension>
<tp1:hr>164</tp1:hr>
</tp1:TrackPointExtension>
</extensions>
</trkpt>
<trkpt lat="58.78816173" lon="16.20190476">
<ele>103.1</ele>
<time>2022-09-03T08:38:58Z</time>
<extensions>
<tp1:TrackPointExtension>
<tp1:hr>166</tp1:hr>
</tp1:TrackPointExtension>
</extensions>
</trkpt>
<trkpt lat="58.78825997" lon="16.20186528">
<ele>103.1</ele>
<time>2022-09-03T08:39:01Z</time>
<extensions>
<tp1:TrackPointExtension>
<tp1:hr>165</tp1:hr>
</tp1:TrackPointExtension>
</extensions>
</trkpt>
<trkpt lat="58.78835527" lon="16.201744">
<ele>103.1</ele>
<time>2022-09-03T08:39:05Z</time>
<extensions>
<tp1:TrackPointExtension>
<tp1:hr>166</tp1:hr>
</tp1:TrackPointExtension>
</extensions>
</trkpt>
<trkpt lat="58.78844571" lon="16.20156412">
<ele>103.1</ele>
<time>2022-09-03T08:39:10Z</time>
<extensions>
<tp1:TrackPointExtension>
<tp1:hr>167</tp1:hr>
</tp1:TrackPointExtension>
</extensions>
</trkpt>
<trkpt lat="58.78845954" lon="16.20154685">
<ele>103.1</ele>
<time>2022-09-03T08:39:11Z</time>
<extensions>
<tp1:TrackPointExtension>
<tp1:hr>167</tp1:hr>
</tp1:TrackPointExtension>
</extensions>
</trkpt>
<trkpt lat="58.78847798" lon="16.20153663">
<ele>103.1</ele>
<time>2022-09-03T08:39:13Z</time>
<extensions>
<tp1:TrackPointExtension>
<tp1:hr>167</tp1:hr>
</tp1:TrackPointExtension>
</extensions>
</trkpt>
<trkpt lat="58.78848469" lon="16.20153193">
<ele>103.1</ele>
<time>2022-09-03T08:39:14Z</time>
<extensions>
<tp1:TrackPointExtension>
<tp1:hr>167</tp1:hr>
</tp1:TrackPointExtension>
</extensions>
</trkpt>
<trkpt lat="58.78850271" lon="16.20147158">
<ele>103.1</ele>
<time>2022-09-03T08:39:17Z</time>
<extensions>
<tp1:TrackPointExtension>
<tp1:hr>169</tp1:hr>
</tp1:TrackPointExtension>
</extensions>
</trkpt>
<trkpt lat="58.78852115" lon="16.20145625">
<ele>103.1</ele>
<time>2022-09-03T08:39:19Z</time>
<extensions>
<tp1:TrackPointExtension>
<tp1:hr>169</tp1:hr>
</tp1:TrackPointExtension>
</extensions>
</trkpt>
<trkpt lat="58.78855166" lon="16.201457">
<ele>103.1</ele>
<time>2022-09-03T08:39:21Z</time>
<extensions>
<tp1:TrackPointExtension>
<tp1:hr>169</tp1:hr>
</tp1:TrackPointExtension>
</extensions>
</trkpt>
<trkpt lat="58.78863389" lon="16.20142238">
<ele>103.3</ele>
<time>2022-09-03T08:39:24Z</time>
<extensions>
<tp1:TrackPointExtension>
<tp1:hr>166</tp1:hr>
</tp1:TrackPointExtension>
</extensions>
</trkpt>
<trkpt lat="58.78874889" lon="16.20131635">
<ele>103.3</ele>
<time>2022-09-03T08:39:29Z</time>
<extensions>
<tp1:TrackPointExtension>
<tp1:hr>167</tp1:hr>
</tp1:TrackPointExtension>
</extensions>
</trkpt>
<trkpt lat="58.78890345" lon="16.20118962">
<ele>103.7</ele>
<time>2022-09-03T08:39:35Z</time>
<extensions>
<tp1:TrackPointExtension>
<tp1:hr>166</tp1:hr>
</tp1:TrackPointExtension>
</extensions>
</trkpt>
<trkpt lat="58.78901535" lon="16.20105978">
<ele>103.9</ele>
<time>2022-09-03T08:39:40Z</time>
<extensions>
<tp1:TrackPointExtension>
<tp1:hr>163</tp1:hr>
</tp1:TrackPointExtension>
</extensions>
</trkpt>
<trkpt lat="58.78909372" lon="16.20086524">
<ele>103.9</ele>
<time>2022-09-03T08:39:44Z</time>
<extensions>
<tp1:TrackPointExtension>
<tp1:hr>164</tp1:hr>
</tp1:TrackPointExtension>
</extensions>
</trkpt>
<trkpt lat="58.78913119" lon="16.20079776">
<ele>103.9</ele>
<time>2022-09-03T08:39:46Z</time>
<extensions>
<tp1:TrackPointExtension>
<tp1:hr>168</tp1:hr>
</tp1:TrackPointExtension>
</extensions>
</trkpt>
<trkpt lat="58.78921182" lon="16.20065468">
<ele>103.9</ele>
<time>2022-09-03T08:39:50Z</time>
<extensions>
<tp1:TrackPointExtension>
<tp1:hr>170</tp1:hr>
</tp1:TrackPointExtension>
</extensions>
</trkpt>
<trkpt lat="58.78935188" lon="16.20049006">
<ele>103.7</ele>
<time>2022-09-03T08:39:56Z</time>
<extensions>
<tp1:TrackPointExtension>
<tp1:hr>168</tp1:hr>
</tp1:TrackPointExtension>
</extensions>
</trkpt>
<trkpt lat="58.78946445" lon="16.20039853">
<ele>103.3</ele>
<time>2022-09-03T08:40:01Z</time>
<extensions>
<tp1:TrackPointExtension>
<tp1:hr>167</tp1:hr>
</tp1:TrackPointExtension>
</extensions>
</trkpt>
<trkpt lat="58.78947375" lon="16.20037842">
<ele>103.1</ele>
<time>2022-09-03T08:40:02Z</time>
<extensions>
<tp1:TrackPointExtension>
<tp1:hr>167</tp1:hr>
</tp1:TrackPointExtension>
</extensions>
</trkpt>
<trkpt lat="58.78948063" lon="16.20022997">
<ele>102.9</ele>
<time>2022-09-03T08:40:05Z</time>
<extensions>
<tp1:TrackPointExtension>
<tp1:hr>167</tp1:hr>
</tp1:TrackPointExtension>
</extensions>
</trkpt>
<trkpt lat="58.78953896" lon="16.20003426">
<ele>102.5</ele>
<time>2022-09-03T08:40:09Z</time>
<extensions>
<tp1:TrackPointExtension>
<tp1:hr>168</tp1:hr>
</tp1:TrackPointExtension>
</extensions>
</trkpt>
<trkpt lat="58.7896341" lon="16.19977341">
<ele>101.9</ele>
<time>2022-09-03T08:40:15Z</time>
<extensions>
<tp1:TrackPointExtension>
<tp1:hr>168</tp1:hr>
</tp1:TrackPointExtension>
</extensions>
</trkpt>
<trkpt lat="58.78976402" lon="16.19964726">
<ele>101.1</ele>
<time>2022-09-03T08:40:20Z</time>
<extensions>
<tp1:TrackPointExtension>
<tp1:hr>166</tp1:hr>
</tp1:TrackPointExtension>
</extensions>
</trkpt>
<trkpt lat="58.78980031" lon="16.19957149">
<ele>100.9</ele>
<time>2022-09-03T08:40:22Z</time>
<extensions>
<tp1:TrackPointExtension>
<tp1:hr>168</tp1:hr>
</tp1:TrackPointExtension>
</extensions>
</trkpt>
<trkpt lat="58.78982571" lon="16.19950787">
<ele>100.5</ele>
<time>2022-09-03T08:40:24Z</time>
<extensions>
<tp1:TrackPointExtension>
<tp1:hr>167</tp1:hr>
</tp1:TrackPointExtension>
</extensions>
</trkpt>
<trkpt lat="58.78985379" lon="16.19943235">
<ele>100.1</ele>
<time>2022-09-03T08:40:26Z</time>
<extensions>
<tp1:TrackPointExtension>
<tp1:hr>166</tp1:hr>
</tp1:TrackPointExtension>
</extensions>
</trkpt>
<trkpt lat="58.78990802" lon="16.19939916">
<ele>99.7</ele>
<time>2022-09-03T08:40:28Z</time>
<extensions>
<tp1:TrackPointExtension>
<tp1:hr>165</tp1:hr>
</tp1:TrackPointExtension>
</extensions>
</trkpt>
<trkpt lat="58.78993392" lon="16.19938876">
<ele>99.5</ele>
<time>2022-09-03T08:40:29Z</time>
<extensions>
<tp1:TrackPointExtension>
<tp1:hr>163</tp1:hr>
</tp1:TrackPointExtension>
</extensions>
</trkpt>
<trkpt lat="58.78995756" lon="16.19937946">
<ele>99.3</ele>
<time>2022-09-03T08:40:30Z</time>
<extensions>
<tp1:TrackPointExtension>
<tp1:hr>163</tp1:hr>
</tp1:TrackPointExtension>
</extensions>
</trkpt>
<trkpt lat="58.79008479" lon="16.19938248">
<ele>98.5</ele>
<time>2022-09-03T08:40:34Z</time>
<extensions>
<tp1:TrackPointExtension>
<tp1:hr>162</tp1:hr>
</tp1:TrackPointExtension>
</extensions>
</trkpt>
<trkpt lat="58.79011782" lon="16.19938851">
<ele>98.3</ele>
<time>2022-09-03T08:40:35Z</time>
<extensions>
<tp1:TrackPointExtension>
<tp1:hr>162</tp1:hr>
</tp1:TrackPointExtension>
</extensions>
</trkpt>
<trkpt lat="58.79027448" lon="16.19940796">
<ele>97.5</ele>
<time>2022-09-03T08:40:40Z</time>
<extensions>
<tp1:TrackPointExtension>
<tp1:hr>163</tp1:hr>
</tp1:TrackPointExtension>
</extensions>
</trkpt>
<trkpt lat="58.79039283" lon="16.19943453">
<ele>97.1</ele>
<time>2022-09-03T08:40:43Z</time>
<extensions>
<tp1:TrackPointExtension>
<tp1:hr>163</tp1:hr>
</tp1:TrackPointExtension>
</extensions>
</trkpt>
<trkpt lat="58.79055116" lon="16.19952338">
<ele>96.5</ele>
<time>2022-09-03T08:40:48Z</time>
<extensions>
<tp1:TrackPointExtension>
<tp1:hr>162</tp1:hr>
</tp1:TrackPointExtension>
</extensions>
</trkpt>
<trkpt lat="58.79057589" lon="16.19954257">
<ele>96.5</ele>
<time>2022-09-03T08:40:49Z</time>
<extensions>
<tp1:TrackPointExtension>
<tp1:hr>162</tp1:hr>
</tp1:TrackPointExtension>
</extensions>
</trkpt>
<trkpt lat="58.79066055" lon="16.19959571">
<ele>96.1</ele>
<time>2022-09-03T08:40:52Z</time>
<extensions>
<tp1:TrackPointExtension>
<tp1:hr>159</tp1:hr>
</tp1:TrackPointExtension>
</extensions>
</trkpt>
<trkpt lat="58.79069173" lon="16.19962153">
<ele>96.1</ele>
<time>2022-09-03T08:40:53Z</time>
<extensions>
<tp1:TrackPointExtension>
<tp1:hr>163</tp1:hr>
</tp1:TrackPointExtension>
</extensions>
</trkpt>
<trkpt lat="58.79074948" lon="16.1996569">
<ele>95.9</ele>
<time>2022-09-03T08:40:55Z</time>
<extensions>
<tp1:TrackPointExtension>
<tp1:hr>163</tp1:hr>
</tp1:TrackPointExtension>
</extensions>
</trkpt>
<trkpt lat="58.79086272" lon="16.19984692">
<ele>95.7</ele>
<time>2022-09-03T08:41:00Z</time>
<extensions>
<tp1:TrackPointExtension>
<tp1:hr>163</tp1:hr>
</tp1:TrackPointExtension>
</extensions>
</trkpt>
<trkpt lat="58.79087286" lon="16.19990685">
<ele>95.5</ele>
<time>2022-09-03T08:41:01Z</time>
<extensions>
<tp1:TrackPointExtension>
<tp1:hr>163</tp1:hr>
</tp1:TrackPointExtension>
</extensions>
</trkpt>
<trkpt lat="58.79088686" lon="16.19996167">
<ele>95.5</ele>
<time>2022-09-03T08:41:02Z</time>
<extensions>
<tp1:TrackPointExtension>
<tp1:hr>160</tp1:hr>
</tp1:TrackPointExtension>
</extensions>
</trkpt>
<trkpt lat="58.79090589" lon="16.20000408">
<ele>95.5</ele>
<time>2022-09-03T08:41:03Z</time>
<extensions>
<tp1:TrackPointExtension>
<tp1:hr>161</tp1:hr>
</tp1:TrackPointExtension>
</extensions>
</trkpt>
<trkpt lat="58.79091527" lon="16.20006108">
<ele>95.5</ele>
<time>2022-09-03T08:41:04Z</time>
<extensions>
<tp1:TrackPointExtension>
<tp1:hr>162</tp1:hr>
</tp1:TrackPointExtension>
</extensions>
</trkpt>
<trkpt lat="58.79094067" lon="16.20015596">
<ele>95.5</ele>
<time>2022-09-03T08:41:06Z</time>
<extensions>
<tp1:TrackPointExtension>
<tp1:hr>161</tp1:hr>
</tp1:TrackPointExtension>
</extensions>
</trkpt>
<trkpt lat="58.7909524" lon="16.20019066">
<ele>95.5</ele>
<time>2022-09-03T08:41:07Z</time>
<extensions>
<tp1:TrackPointExtension>
<tp1:hr>162</tp1:hr>
</tp1:TrackPointExtension>
</extensions>
</trkpt>
<trkpt lat="58.79101225" lon="16.20034833">
<ele>95.3</ele>
<time>2022-09-03T08:41:11Z</time>
<extensions>
<tp1:TrackPointExtension>
<tp1:hr>164</tp1:hr>
</tp1:TrackPointExtension>
</extensions>
</trkpt>
<trkpt lat="58.79104377" lon="16.2003873">
<ele>95.3</ele>
<time>2022-09-03T08:41:13Z</time>
<extensions>
<tp1:TrackPointExtension>
<tp1:hr>165</tp1:hr>
</tp1:TrackPointExtension>
</extensions>
</trkpt>
<trkpt lat="58.79107696" lon="16.20039199">
<ele>95.3</ele>
<time>2022-09-03T08:41:15Z</time>
<extensions>
<tp1:TrackPointExtension>
<tp1:hr>166</tp1:hr>
</tp1:TrackPointExtension>
</extensions>
</trkpt>
<trkpt lat="58.79110194" lon="16.20043064">
<ele>95.3</ele>
<time>2022-09-03T08:41:18Z</time>
<extensions>
<tp1:TrackPointExtension>
<tp1:hr>165</tp1:hr>
</tp1:TrackPointExtension>
</extensions>
</trkpt>
<trkpt lat="58.79109398" lon="16.20043382">
<ele>95.3</ele>
<time>2022-09-03T08:41:19Z</time>
<extensions>
<tp1:TrackPointExtension>
<tp1:hr>164</tp1:hr>
</tp1:TrackPointExtension>
</extensions>
</trkpt>
<trkpt lat="58.79108031" lon="16.20044648">
<ele>95.3</ele>
<time>2022-09-03T08:41:20Z</time>
<extensions>
<tp1:TrackPointExtension>
<tp1:hr>165</tp1:hr>
</tp1:TrackPointExtension>
</extensions>
</trkpt>
<trkpt lat="58.79103086" lon="16.2005453">
<ele>95.3</ele>
<time>2022-09-03T08:41:23Z</time>
<extensions>
<tp1:TrackPointExtension>
<tp1:hr>165</tp1:hr>
</tp1:TrackPointExtension>
</extensions>
</trkpt>
<trkpt lat="58.79096917" lon="16.20068561">
<ele>95.3</ele>
<time>2022-09-03T08:41:26Z</time>
<extensions>
<tp1:TrackPointExtension>
<tp1:hr>166</tp1:hr>
</tp1:TrackPointExtension>
</extensions>
</trkpt>
<trkpt lat="58.79095785" lon="16.20074856">
<ele>95.3</ele>
<time>2022-09-03T08:41:27Z</time>
<extensions>
<tp1:TrackPointExtension>
<tp1:hr>167</tp1:hr>
</tp1:TrackPointExtension>
</extensions>
</trkpt>
<trkpt lat="58.79095651" lon="16.20081536">
<ele>95.3</ele>
<time>2022-09-03T08:41:28Z</time>
<extensions>
<tp1:TrackPointExtension>
<tp1:hr>167</tp1:hr>
</tp1:TrackPointExtension>
</extensions>
</trkpt>
<trkpt lat="58.79097118" lon="16.20096079">
<ele>95.3</ele>
<time>2022-09-03T08:41:30Z</time>
<extensions>
<tp1:TrackPointExtension>
<tp1:hr>171</tp1:hr>
</tp1:TrackPointExtension>
</extensions>
</trkpt>
<trkpt lat="58.79107813" lon="16.20127168">
<ele>95.3</ele>
<time>2022-09-03T08:41:35Z</time>
<extensions>
<tp1:TrackPointExtension>
<tp1:hr>169</tp1:hr>
</tp1:TrackPointExtension>
</extensions>
</trkpt>
<trkpt lat="58.79113195" lon="16.20159513">
<ele>95.3</ele>
<time>2022-09-03T08:41:40Z</time>
<extensions>
<tp1:TrackPointExtension>
<tp1:hr>169</tp1:hr>
</tp1:TrackPointExtension>
</extensions>
</trkpt>
<trkpt lat="58.7911094" lon="16.20194692">
<ele>95.1</ele>
<time>2022-09-03T08:41:45Z</time>
<extensions>
<tp1:TrackPointExtension>
<tp1:hr>170</tp1:hr>
</tp1:TrackPointExtension>
</extensions>
</trkpt>
<trkpt lat="58.79108559" lon="16.20216594">
<ele>95.1</ele>
<time>2022-09-03T08:41:48Z</time>
<extensions>
<tp1:TrackPointExtension>
<tp1:hr>167</tp1:hr>
</tp1:TrackPointExtension>
</extensions>
</trkpt>
<trkpt lat="58.79106782" lon="16.20238161">
<ele>95.1</ele>
<time>2022-09-03T08:41:51Z</time>
<extensions>
<tp1:TrackPointExtension>
<tp1:hr>167</tp1:hr>
</tp1:TrackPointExtension>
</extensions>
</trkpt>
<trkpt lat="58.79101351" lon="16.20274639">
<ele>95.1</ele>
<time>2022-09-03T08:41:58Z</time>
<extensions>
<tp1:TrackPointExtension>
<tp1:hr>170</tp1:hr>
</tp1:TrackPointExtension>
</extensions>
</trkpt>
<trkpt lat="58.79103187" lon="16.20290112">
<ele>95.1</ele>
<time>2022-09-03T08:42:02Z</time>
<extensions>
<tp1:TrackPointExtension>
<tp1:hr>169</tp1:hr>
</tp1:TrackPointExtension>
</extensions>
</trkpt>
<trkpt lat="58.79108006" lon="16.20302626">
<ele>95.1</ele>
<time>2022-09-03T08:42:06Z</time>
<extensions>
<tp1:TrackPointExtension>
<tp1:hr>172</tp1:hr>
</tp1:TrackPointExtension>
</extensions>
</trkpt>
<trkpt lat="58.79108559" lon="16.20307965">
<ele>95.1</ele>
<time>2022-09-03T08:42:08Z</time>
<extensions>
<tp1:TrackPointExtension>
<tp1:hr>173</tp1:hr>
</tp1:TrackPointExtension>
</extensions>
</trkpt>
<trkpt lat="58.79108082" lon="16.20320572">
<ele>95.3</ele>
<time>2022-09-03T08:42:13Z</time>
<extensions>
<tp1:TrackPointExtension>
<tp1:hr>173</tp1:hr>
</tp1:TrackPointExtension>
</extensions>
</trkpt>
<trkpt lat="58.79106263" lon="16.20331326">
<ele>95.5</ele>
<time>2022-09-03T08:42:19Z</time>
<extensions>
<tp1:TrackPointExtension>
<tp1:hr>173</tp1:hr>
</tp1:TrackPointExtension>
</extensions>
</trkpt>
<trkpt lat="58.79107118" lon="16.20338869">
<ele>95.5</ele>
<time>2022-09-03T08:42:22Z</time>
<extensions>
<tp1:TrackPointExtension>
<tp1:hr>167</tp1:hr>
</tp1:TrackPointExtension>
</extensions>
</trkpt>
<trkpt lat="58.79109305" lon="16.20349925">
<ele>95.7</ele>
<time>2022-09-03T08:42:25Z</time>
<extensions>
<tp1:TrackPointExtension>
<tp1:hr>167</tp1:hr>
</tp1:TrackPointExtension>
</extensions>
</trkpt>
<trkpt lat="58.79111803" lon="16.20371332">
<ele>96.1</ele>
<time>2022-09-03T08:42:31Z</time>
<extensions>
<tp1:TrackPointExtension>
<tp1:hr>166</tp1:hr>
</tp1:TrackPointExtension>
</extensions>
</trkpt>
<trkpt lat="58.79113019" lon="16.2037212">
<ele>96.1</ele>
<time>2022-09-03T08:42:32Z</time>
<extensions>
<tp1:TrackPointExtension>
<tp1:hr>164</tp1:hr>
</tp1:TrackPointExtension>
</extensions>
</trkpt>
<trkpt lat="58.79115441" lon="16.20373059">
<ele>96.3</ele>
<time>2022-09-03T08:42:34Z</time>
<extensions>
<tp1:TrackPointExtension>
<tp1:hr>166</tp1:hr>
</tp1:TrackPointExtension>
</extensions>
</trkpt>
<trkpt lat="58.7911705" lon="16.20373788">
<ele>96.3</ele>
<time>2022-09-03T08:42:35Z</time>
<extensions>
<tp1:TrackPointExtension>
<tp1:hr>166</tp1:hr>
</tp1:TrackPointExtension>
</extensions>
</trkpt>
<trkpt lat="58.7912083" lon="16.20372673">
<ele>96.5</ele>
<time>2022-09-03T08:42:37Z</time>
<extensions>
<tp1:TrackPointExtension>
<tp1:hr>168</tp1:hr>
</tp1:TrackPointExtension>
</extensions>
</trkpt>
<trkpt lat="58.79125105" lon="16.20367343">
<ele>96.5</ele>
<time>2022-09-03T08:42:39Z</time>
<extensions>
<tp1:TrackPointExtension>
<tp1:hr>167</tp1:hr>
</tp1:TrackPointExtension>
</extensions>
</trkpt>
<trkpt lat="58.79132766" lon="16.20356605">
<ele>96.9</ele>
<time>2022-09-03T08:42:43Z</time>
<extensions>
<tp1:TrackPointExtension>
<tp1:hr>167</tp1:hr>
</tp1:TrackPointExtension>
</extensions>
</trkpt>
<trkpt lat="58.79139522" lon="16.20350445">
<ele>97.1</ele>
<time>2022-09-03T08:42:48Z</time>
<extensions>
<tp1:TrackPointExtension>
<tp1:hr>168</tp1:hr>
</tp1:TrackPointExtension>
</extensions>
</trkpt>
<trkpt lat="58.79146362" lon="16.20344938">
<ele>97.5</ele>
<time>2022-09-03T08:42:52Z</time>
<extensions>
<tp1:TrackPointExtension>
<tp1:hr>169</tp1:hr>
</tp1:TrackPointExtension>
</extensions>
</trkpt>
<trkpt lat="58.79148306" lon="16.20345533">
<ele>97.5</ele>
<time>2022-09-03T08:42:53Z</time>
<extensions>
<tp1:TrackPointExtension>
<tp1:hr>169</tp1:hr>
</tp1:TrackPointExtension>
</extensions>
</trkpt>
<trkpt lat="58.79148943" lon="16.20346773">
<ele>97.5</ele>
<time>2022-09-03T08:42:54Z</time>
<extensions>
<tp1:TrackPointExtension>
<tp1:hr>168</tp1:hr>
</tp1:TrackPointExtension>
</extensions>
</trkpt>
<trkpt lat="58.79156001" lon="16.20350252">
<ele>97.9</ele>
<time>2022-09-03T08:42:59Z</time>
<extensions>
<tp1:TrackPointExtension>
<tp1:hr>169</tp1:hr>
</tp1:TrackPointExtension>
</extensions>
</trkpt>
<trkpt lat="58.79159572" lon="16.20349791">
<ele>98.1</ele>
<time>2022-09-03T08:43:00Z</time>
<extensions>
<tp1:TrackPointExtension>
<tp1:hr>169</tp1:hr>
</tp1:TrackPointExtension>
</extensions>
</trkpt>
<trkpt lat="58.79170326" lon="16.20344795">
<ele>98.5</ele>
<time>2022-09-03T08:43:04Z</time>
<extensions>
<tp1:TrackPointExtension>
<tp1:hr>169</tp1:hr>
</tp1:TrackPointExtension>
</extensions>
</trkpt>
<trkpt lat="58.79172354" lon="16.20344016">
<ele>98.5</ele>
<time>2022-09-03T08:43:05Z</time>
<extensions>
<tp1:TrackPointExtension>
<tp1:hr>169</tp1:hr>
</tp1:TrackPointExtension>
</extensions>
</trkpt>
<trkpt lat="58.79173242" lon="16.20342264">
<ele>98.7</ele>
<time>2022-09-03T08:43:06Z</time>
<extensions>
<tp1:TrackPointExtension>
<tp1:hr>169</tp1:hr>
</tp1:TrackPointExtension>
</extensions>
</trkpt>
<trkpt lat="58.79177802" lon="16.20341459">
<ele>98.9</ele>
<time>2022-09-03T08:43:09Z</time>
<extensions>
<tp1:TrackPointExtension>
<tp1:hr>168</tp1:hr>
</tp1:TrackPointExtension>
</extensions>
</trkpt>
<trkpt lat="58.79182915" lon="16.20343043">
<ele>99.1</ele>
<time>2022-09-03T08:43:13Z</time>
<extensions>
<tp1:TrackPointExtension>
<tp1:hr>170</tp1:hr>
</tp1:TrackPointExtension>
</extensions>
</trkpt>
<trkpt lat="58.79185011" lon="16.20340588">
<ele>99.3</ele>
<time>2022-09-03T08:43:15Z</time>
<extensions>
<tp1:TrackPointExtension>
<tp1:hr>170</tp1:hr>
</tp1:TrackPointExtension>
</extensions>
</trkpt>
<trkpt lat="58.79185908" lon="16.2034016">
<ele>99.5</ele>
<time>2022-09-03T08:43:16Z</time>
<extensions>
<tp1:TrackPointExtension>
<tp1:hr>170</tp1:hr>
</tp1:TrackPointExtension>
</extensions>
</trkpt>
<trkpt lat="58.79191213" lon="16.20340236">
<ele>99.7</ele>
<time>2022-09-03T08:43:19Z</time>
<extensions>
<tp1:TrackPointExtension>
<tp1:hr>170</tp1:hr>
</tp1:TrackPointExtension>
</extensions>
</trkpt>
<trkpt lat="58.79193326" lon="16.20339087">
<ele>99.7</ele>
<time>2022-09-03T08:43:20Z</time>
<extensions>
<tp1:TrackPointExtension>
<tp1:hr>170</tp1:hr>
</tp1:TrackPointExtension>
</extensions>
</trkpt>
<trkpt lat="58.79206711" lon="16.20335047">
<ele>100.1</ele>
<time>2022-09-03T08:43:25Z</time>
<extensions>
<tp1:TrackPointExtension>
<tp1:hr>171</tp1:hr>
</tp1:TrackPointExtension>
</extensions>
</trkpt>
<trkpt lat="58.79218069" lon="16.20335969">
<ele>100.5</ele>
<time>2022-09-03T08:43:29Z</time>
<extensions>
<tp1:TrackPointExtension>
<tp1:hr>171</tp1:hr>
</tp1:TrackPointExtension>
</extensions>
</trkpt>
<trkpt lat="58.79221623" lon="16.20334259">
<ele>100.7</ele>
<time>2022-09-03T08:43:30Z</time>
<extensions>
<tp1:TrackPointExtension>
<tp1:hr>171</tp1:hr>
</tp1:TrackPointExtension>
</extensions>
</trkpt>
<trkpt lat="58.79233458" lon="16.20326556">
<ele>101.1</ele>
<time>2022-09-03T08:43:34Z</time>
<extensions>
<tp1:TrackPointExtension>
<tp1:hr>171</tp1:hr>
</tp1:TrackPointExtension>
</extensions>
</trkpt>
<trkpt lat="58.7924526" lon="16.20316858">
<ele>101.5</ele>
<time>2022-09-03T08:43:39Z</time>
<extensions>
<tp1:TrackPointExtension>
<tp1:hr>172</tp1:hr>
</tp1:TrackPointExtension>
</extensions>
</trkpt>
<trkpt lat="58.7925039" lon="16.20311108">
<ele>101.7</ele>
<time>2022-09-03T08:43:41Z</time>
<extensions>
<tp1:TrackPointExtension>
<tp1:hr>172</tp1:hr>
</tp1:TrackPointExtension>
</extensions>
</trkpt>
<trkpt lat="58.79258319" lon="16.20304445">
<ele>101.9</ele>
<time>2022-09-03T08:43:44Z</time>
<extensions>
<tp1:TrackPointExtension>
<tp1:hr>171</tp1:hr>
</tp1:TrackPointExtension>
</extensions>
</trkpt>
<trkpt lat="58.79263809" lon="16.20301151">
<ele>107.5</ele>
<time>2022-09-03T08:43:46Z</time>
<extensions>
<tp1:TrackPointExtension>
<tp1:hr>171</tp1:hr>
</tp1:TrackPointExtension>
</extensions>
</trkpt>
<trkpt lat="58.79266575" lon="16.20298636">
<ele>110.3</ele>
<time>2022-09-03T08:43:47Z</time>
<extensions>
<tp1:TrackPointExtension>
<tp1:hr>171</tp1:hr>
</tp1:TrackPointExtension>
</extensions>
</trkpt>
<trkpt lat="58.79269157" lon="16.20294814">
<ele>112.1</ele>
<time>2022-09-03T08:43:48Z</time>
<extensions>
<tp1:TrackPointExtension>
<tp1:hr>170</tp1:hr>
</tp1:TrackPointExtension>
</extensions>
</trkpt>
<trkpt lat="58.79269601" lon="16.20288092">
<ele>113.1</ele>
<time>2022-09-03T08:43:49Z</time>
<extensions>
<tp1:TrackPointExtension>
<tp1:hr>169</tp1:hr>
</tp1:TrackPointExtension>
</extensions>
</trkpt>
<trkpt lat="58.79267539" lon="16.20258403">
<ele>112.9</ele>
<time>2022-09-03T08:43:54Z</time>
<extensions>
<tp1:TrackPointExtension>
<tp1:hr>168</tp1:hr>
</tp1:TrackPointExtension>
</extensions>
</trkpt>
<trkpt lat="58.79270146" lon="16.20249669">
<ele>111.9</ele>
<time>2022-09-03T08:43:56Z</time>
<extensions>
<tp1:TrackPointExtension>
<tp1:hr>170</tp1:hr>
</tp1:TrackPointExtension>
</extensions>
</trkpt>
<trkpt lat="58.79273331" lon="16.20239485">
<ele>111.2</ele>
<time>2022-09-03T08:43:58Z</time>
<extensions>
<tp1:TrackPointExtension>
<tp1:hr>167</tp1:hr>
</tp1:TrackPointExtension>
</extensions>
</trkpt>
<trkpt lat="58.79274722" lon="16.20234858">
<ele>111.0</ele>
<time>2022-09-03T08:43:59Z</time>
<extensions>
<tp1:TrackPointExtension>
<tp1:hr>167</tp1:hr>
</tp1:TrackPointExtension>
</extensions>
</trkpt>
<trkpt lat="58.79276927" lon="16.20230709">
<ele>110.8</ele>
<time>2022-09-03T08:44:00Z</time>
<extensions>
<tp1:TrackPointExtension>
<tp1:hr>167</tp1:hr>
</tp1:TrackPointExtension>
</extensions>
</trkpt>
<trkpt lat="58.7928359" lon="16.20218941">
<ele>110.0</ele>
<time>2022-09-03T08:44:04Z</time>
<extensions>
<tp1:TrackPointExtension>
<tp1:hr>167</tp1:hr>
</tp1:TrackPointExtension>
</extensions>
</trkpt>
<trkpt lat="58.79288041" lon="16.2021511">
<ele>109.6</ele>
<time>2022-09-03T08:44:06Z</time>
<extensions>
<tp1:TrackPointExtension>
<tp1:hr>166</tp1:hr>
</tp1:TrackPointExtension>
</extensions>
</trkpt>
<trkpt lat="58.79292232" lon="16.20207944">
<ele>109.4</ele>
<time>2022-09-03T08:44:09Z</time>
<extensions>
<tp1:TrackPointExtension>
<tp1:hr>167</tp1:hr>
</tp1:TrackPointExtension>
</extensions>
</trkpt>
<trkpt lat="58.79296406" lon="16.20186805">
<ele>109.4</ele>
<time>2022-09-03T08:44:14Z</time>
<extensions>
<tp1:TrackPointExtension>
<tp1:hr>168</tp1:hr>
</tp1:TrackPointExtension>
</extensions>
</trkpt>
<trkpt lat="58.79297563" lon="16.20176487">
<ele>109.2</ele>
<time>2022-09-03T08:44:17Z</time>
<extensions>
<tp1:TrackPointExtension>
<tp1:hr>169</tp1:hr>
</tp1:TrackPointExtension>
</extensions>
</trkpt>
<trkpt lat="58.79295702" lon="16.20172036">
<ele>109.2</ele>
<time>2022-09-03T08:44:18Z</time>
<extensions>
<tp1:TrackPointExtension>
<tp1:hr>169</tp1:hr>
</tp1:TrackPointExtension>
</extensions>
</trkpt>
<trkpt lat="58.7928219" lon="16.20168515">
<ele>109.2</ele>
<time>2022-09-03T08:44:23Z</time>
<extensions>
<tp1:TrackPointExtension>
<tp1:hr>166</tp1:hr>
</tp1:TrackPointExtension>
</extensions>
</trkpt>
<trkpt lat="58.79273104" lon="16.20177384">
<ele>109.4</ele>
<time>2022-09-03T08:44:29Z</time>
<extensions>
<tp1:TrackPointExtension>
<tp1:hr>165</tp1:hr>
</tp1:TrackPointExtension>
</extensions>
</trkpt>
<trkpt lat="58.79271168" lon="16.20178943">
<ele>109.6</ele>
<time>2022-09-03T08:44:31Z</time>
<extensions>
<tp1:TrackPointExtension>
<tp1:hr>166</tp1:hr>
</tp1:TrackPointExtension>
</extensions>
</trkpt>
<trkpt lat="58.79268277" lon="16.20182404">
<ele>110.0</ele>
<time>2022-09-03T08:44:33Z</time>
<extensions>
<tp1:TrackPointExtension>
<tp1:hr>166</tp1:hr>
</tp1:TrackPointExtension>
</extensions>
</trkpt>
<trkpt lat="58.79266516" lon="16.20190543">
<ele>110.8</ele>
<time>2022-09-03T08:44:35Z</time>
<extensions>
<tp1:TrackPointExtension>
<tp1:hr>167</tp1:hr>
</tp1:TrackPointExtension>
</extensions>
</trkpt>
<trkpt lat="58.79263935" lon="16.20197433">
<ele>112.6</ele>
<time>2022-09-03T08:44:37Z</time>
<extensions>
<tp1:TrackPointExtension>
<tp1:hr>167</tp1:hr>
</tp1:TrackPointExtension>
</extensions>
</trkpt>
<trkpt lat="58.79260683" lon="16.20204742">
<ele>113.2</ele>
<time>2022-09-03T08:44:39Z</time>
<extensions>
<tp1:TrackPointExtension>
<tp1:hr>167</tp1:hr>
</tp1:TrackPointExtension>
</extensions>
</trkpt>
<trkpt lat="58.79254069" lon="16.20232821">
<ele>113.4</ele>
<time>2022-09-03T08:44:44Z</time>
<extensions>
<tp1:TrackPointExtension>
<tp1:hr>164</tp1:hr>
</tp1:TrackPointExtension>
</extensions>
</trkpt>
<trkpt lat="58.79253206" lon="16.20239829">
<ele>113.4</ele>
<time>2022-09-03T08:44:45Z</time>
<extensions>
<tp1:TrackPointExtension>
<tp1:hr>163</tp1:hr>
</tp1:TrackPointExtension>
</extensions>
</trkpt>
<trkpt lat="58.79249987" lon="16.20272954">
<ele>113.4</ele>
<time>2022-09-03T08:44:50Z</time>
<extensions>
<tp1:TrackPointExtension>
<tp1:hr>162</tp1:hr>
</tp1:TrackPointExtension>
</extensions>
</trkpt>
<trkpt lat="58.79249124" lon="16.20279257">
<ele>113.4</ele>
<time>2022-09-03T08:44:51Z</time>
<extensions>
<tp1:TrackPointExtension>
<tp1:hr>162</tp1:hr>
</tp1:TrackPointExtension>
</extensions>
</trkpt>
<trkpt lat="58.79248604" lon="16.20298209">
<ele>113.4</ele>
<time>2022-09-03T08:44:54Z</time>
<extensions>
<tp1:TrackPointExtension>
<tp1:hr>161</tp1:hr>
</tp1:TrackPointExtension>
</extensions>
</trkpt>
<trkpt lat="58.79248478" lon="16.20304897">
<ele>113.4</ele>
<time>2022-09-03T08:44:55Z</time>
<extensions>
<tp1:TrackPointExtension>
<tp1:hr>163</tp1:hr>
</tp1:TrackPointExtension>
</extensions>
</trkpt>
<trkpt lat="58.79248319" lon="16.20343521">
<ele>113.4</ele>
<time>2022-09-03T08:45:01Z</time>
<extensions>
<tp1:TrackPointExtension>
<tp1:hr>162</tp1:hr>
</tp1:TrackPointExtension>
</extensions>
</trkpt>
<trkpt lat="58.79249769" lon="16.20350671">
<ele>113.4</ele>
<time>2022-09-03T08:45:02Z</time>
<extensions>
<tp1:TrackPointExtension>
<tp1:hr>167</tp1:hr>
</tp1:TrackPointExtension>
</extensions>
</trkpt>
<trkpt lat="58.792565" lon="16.20368524">
<ele>113.4</ele>
<time>2022-09-03T08:45:05Z</time>
<extensions>
<tp1:TrackPointExtension>
<tp1:hr>168</tp1:hr>
</tp1:TrackPointExtension>
</extensions>
</trkpt>
<trkpt lat="58.79258771" lon="16.20372741">
<ele>113.4</ele>
<time>2022-09-03T08:45:06Z</time>
<extensions>
<tp1:TrackPointExtension>
<tp1:hr>167</tp1:hr>
</tp1:TrackPointExtension>
</extensions>
</trkpt>
<trkpt lat="58.7926401" lon="16.20393746">
<ele>113.2</ele>
<time>2022-09-03T08:45:10Z</time>
<extensions>
<tp1:TrackPointExtension>
<tp1:hr>165</tp1:hr>
</tp1:TrackPointExtension>
</extensions>
</trkpt>
<trkpt lat="58.79264337" lon="16.20399579">
<ele>113.2</ele>
<time>2022-09-03T08:45:11Z</time>
<extensions>
<tp1:TrackPointExtension>
<tp1:hr>165</tp1:hr>
</tp1:TrackPointExtension>
</extensions>
</trkpt>
<trkpt lat="58.79265477" lon="16.20409353">
<ele>113.2</ele>
<time>2022-09-03T08:45:13Z</time>
<extensions>
<tp1:TrackPointExtension>
<tp1:hr>165</tp1:hr>
</tp1:TrackPointExtension>
</extensions>
</trkpt>
<trkpt lat="58.79265611" lon="16.20414415">
<ele>113.2</ele>
<time>2022-09-03T08:45:14Z</time>
<extensions>
<tp1:TrackPointExtension>
<tp1:hr>166</tp1:hr>
</tp1:TrackPointExtension>
</extensions>
</trkpt>
<trkpt lat="58.79267388" lon="16.20422672">
<ele>113.0</ele>
<time>2022-09-03T08:45:16Z</time>
<extensions>
<tp1:TrackPointExtension>
<tp1:hr>166</tp1:hr>
</tp1:TrackPointExtension>
</extensions>
</trkpt>
<trkpt lat="58.79272283" lon="16.20437608">
<ele>113.0</ele>
<time>2022-09-03T08:45:19Z</time>
<extensions>
<tp1:TrackPointExtension>
<tp1:hr>166</tp1:hr>
</tp1:TrackPointExtension>
</extensions>
</trkpt>
<trkpt lat="58.79276181" lon="16.20447524">
<ele>112.8</ele>
<time>2022-09-03T08:45:21Z</time>
<extensions>
<tp1:TrackPointExtension>
<tp1:hr>166</tp1:hr>
</tp1:TrackPointExtension>
</extensions>
</trkpt>
<trkpt lat="58.79283942" lon="16.20468504">
<ele>112.8</ele>
<time>2022-09-03T08:45:25Z</time>
<extensions>
<tp1:TrackPointExtension>
<tp1:hr>167</tp1:hr>
</tp1:TrackPointExtension>
</extensions>
</trkpt>
<trkpt lat="58.79290237" lon="16.20489232">
<ele>112.8</ele>
<time>2022-09-03T08:45:29Z</time>
<extensions>
<tp1:TrackPointExtension>
<tp1:hr>170</tp1:hr>
</tp1:TrackPointExtension>
</extensions>
</trkpt>
<trkpt lat="58.79290983" lon="16.20494613">
<ele>112.8</ele>
<time>2022-09-03T08:45:30Z</time>
<extensions>
<tp1:TrackPointExtension>
<tp1:hr>168</tp1:hr>
</tp1:TrackPointExtension>
</extensions>
</trkpt>
<trkpt lat="58.79292978" lon="16.20528837">
<ele>112.6</ele>
<time>2022-09-03T08:45:35Z</time>
<extensions>
<tp1:TrackPointExtension>
<tp1:hr>166</tp1:hr>
</tp1:TrackPointExtension>
</extensions>
</trkpt>
<trkpt lat="58.79293322" lon="16.20543262">
<ele>112.6</ele>
<time>2022-09-03T08:45:38Z</time>
<extensions>
<tp1:TrackPointExtension>
<tp1:hr>165</tp1:hr>
</tp1:TrackPointExtension>
</extensions>
</trkpt>
<trkpt lat="58.79292517" lon="16.20544494">
<ele>112.6</ele>
<time>2022-09-03T08:45:39Z</time>
<extensions>
<tp1:TrackPointExtension>
<tp1:hr>165</tp1:hr>
</tp1:TrackPointExtension>
</extensions>
</trkpt>
<trkpt lat="58.79292735" lon="16.20544444">
<ele>112.6</ele>
<time>2022-09-03T08:45:40Z</time>
<extensions>
<tp1:TrackPointExtension>
<tp1:hr>166</tp1:hr>
</tp1:TrackPointExtension>
</extensions>
</trkpt>
<trkpt lat="58.79295233" lon="16.20544762">
<ele>112.6</ele>
<time>2022-09-03T08:45:43Z</time>
<extensions>
<tp1:TrackPointExtension>
<tp1:hr>167</tp1:hr>
</tp1:TrackPointExtension>
</extensions>
</trkpt>
<trkpt lat="58.79302366" lon="16.20549473">
<ele>112.4</ele>
<time>2022-09-03T08:45:47Z</time>
<extensions>
<tp1:TrackPointExtension>
<tp1:hr>166</tp1:hr>
</tp1:TrackPointExtension>
</extensions>
</trkpt>
<trkpt lat="58.79313245" lon="16.20557461">
<ele>112.2</ele>
<time>2022-09-03T08:45:51Z</time>
<extensions>
<tp1:TrackPointExtension>
<tp1:hr>166</tp1:hr>
</tp1:TrackPointExtension>
</extensions>
</trkpt>
<trkpt lat="58.79319783" lon="16.20560998">
<ele>112.0</ele>
<time>2022-09-03T08:45:55Z</time>
<extensions>
<tp1:TrackPointExtension>
<tp1:hr>164</tp1:hr>
</tp1:TrackPointExtension>
</extensions>
</trkpt>
<trkpt lat="58.79323237" lon="16.20563253">
<ele>112.0</ele>
<time>2022-09-03T08:45:57Z</time>
<extensions>
<tp1:TrackPointExtension>
<tp1:hr>163</tp1:hr>
</tp1:TrackPointExtension>
</extensions>
</trkpt>
<trkpt lat="58.79330185" lon="16.20572649">
<ele>111.6</ele>
<time>2022-09-03T08:46:02Z</time>
<extensions>
<tp1:TrackPointExtension>
<tp1:hr>163</tp1:hr>
</tp1:TrackPointExtension>
</extensions>
</trkpt>
<trkpt lat="58.79333085" lon="16.20573227">
<ele>111.6</ele>
<time>2022-09-03T08:46:04Z</time>
<extensions>
<tp1:TrackPointExtension>
<tp1:hr>163</tp1:hr>
</tp1:TrackPointExtension>
</extensions>
</trkpt>
<trkpt lat="58.79334351" lon="16.20573001">
<ele>111.4</ele>
<time>2022-09-03T08:46:05Z</time>
<extensions>
<tp1:TrackPointExtension>
<tp1:hr>163</tp1:hr>
</tp1:TrackPointExtension>
</extensions>
</trkpt>
<trkpt lat="58.79346211" lon="16.20574459">
<ele>111.2</ele>
<time>2022-09-03T08:46:10Z</time>
<extensions>
<tp1:TrackPointExtension>
<tp1:hr>162</tp1:hr>
</tp1:TrackPointExtension>
</extensions>
</trkpt>
<trkpt lat="58.79351886" lon="16.20576706">
<ele>111.2</ele>
<time>2022-09-03T08:46:13Z</time>
<extensions>
<tp1:TrackPointExtension>
<tp1:hr>165</tp1:hr>
</tp1:TrackPointExtension>
</extensions>
</trkpt>
<trkpt lat="58.79358675" lon="16.20579581">
<ele>111.2</ele>
<time>2022-09-03T08:46:16Z</time>
<extensions>
<tp1:TrackPointExtension>
<tp1:hr>165</tp1:hr>
</tp1:TrackPointExtension>
</extensions>
</trkpt>
<trkpt lat="58.79365113" lon="16.20582338">
<ele>111.2</ele>
<time>2022-09-03T08:46:19Z</time>
<extensions>
<tp1:TrackPointExtension>
<tp1:hr>163</tp1:hr>
</tp1:TrackPointExtension>
</extensions>
</trkpt>
<trkpt lat="58.79367946" lon="16.20585708">
<ele>111.2</ele>
<time>2022-09-03T08:46:21Z</time>
<extensions>
<tp1:TrackPointExtension>
<tp1:hr>162</tp1:hr>
</tp1:TrackPointExtension>
</extensions>
</trkpt>
<trkpt lat="58.79374484" lon="16.20591332">
<ele>111.2</ele>
<time>2022-09-03T08:46:25Z</time>
<extensions>
<tp1:TrackPointExtension>
<tp1:hr>165</tp1:hr>
</tp1:TrackPointExtension>
</extensions>
</trkpt>
<trkpt lat="58.79376705" lon="16.20593788">
<ele>111.2</ele>
<time>2022-09-03T08:46:26Z</time>
<extensions>
<tp1:TrackPointExtension>
<tp1:hr>165</tp1:hr>
</tp1:TrackPointExtension>
</extensions>
</trkpt>
<trkpt lat="58.79381499" lon="16.20600318">
<ele>111.2</ele>
<time>2022-09-03T08:46:28Z</time>
<extensions>
<tp1:TrackPointExtension>
<tp1:hr>166</tp1:hr>
</tp1:TrackPointExtension>
</extensions>
</trkpt>
<trkpt lat="58.79383662" lon="16.20600016">
<ele>111.2</ele>
<time>2022-09-03T08:46:29Z</time>
<extensions>
<tp1:TrackPointExtension>
<tp1:hr>166</tp1:hr>
</tp1:TrackPointExtension>
</extensions>
</trkpt>
<trkpt lat="58.79387551" lon="16.2059906">
<ele>111.2</ele>
<time>2022-09-03T08:46:31Z</time>
<extensions>
<tp1:TrackPointExtension>
<tp1:hr>165</tp1:hr>
</tp1:TrackPointExtension>
</extensions>
</trkpt>
<trkpt lat="58.79391398" lon="16.20592028">
<ele>111.2</ele>
<time>2022-09-03T08:46:34Z</time>
<extensions>
<tp1:TrackPointExtension>
<tp1:hr>165</tp1:hr>
</tp1:TrackPointExtension>
</extensions>
</trkpt>
<trkpt lat="58.79399504" lon="16.20568056">
<ele>111.2</ele>
<time>2022-09-03T08:46:40Z</time>
<extensions>
<tp1:TrackPointExtension>
<tp1:hr>165</tp1:hr>
</tp1:TrackPointExtension>
</extensions>
</trkpt>
<trkpt lat="58.79403854" lon="16.20544092">
<ele>111.2</ele>
<time>2022-09-03T08:46:45Z</time>
<extensions>
<tp1:TrackPointExtension>
<tp1:hr>165</tp1:hr>
</tp1:TrackPointExtension>
</extensions>
</trkpt>
<trkpt lat="58.79408715" lon="16.20520757">
<ele>111.4</ele>
<time>2022-09-03T08:46:49Z</time>
<extensions>
<tp1:TrackPointExtension>
<tp1:hr>166</tp1:hr>
</tp1:TrackPointExtension>
</extensions>
</trkpt>
<trkpt lat="58.79416787" lon="16.20490171">
<ele>111.6</ele>
<time>2022-09-03T08:46:54Z</time>
<extensions>
<tp1:TrackPointExtension>
<tp1:hr>168</tp1:hr>
</tp1:TrackPointExtension>
</extensions>
</trkpt>
<trkpt lat="58.79419159" lon="16.20457515">
<ele>111.6</ele>
<time>2022-09-03T08:46:59Z</time>
<extensions>
<tp1:TrackPointExtension>
<tp1:hr>168</tp1:hr>
</tp1:TrackPointExtension>
</extensions>
</trkpt>
<trkpt lat="58.79426703" lon="16.20437658">
<ele>111.6</ele>
<time>2022-09-03T08:47:03Z</time>
<extensions>
<tp1:TrackPointExtension>
<tp1:hr>168</tp1:hr>
</tp1:TrackPointExtension>
</extensions>
</trkpt>
<trkpt lat="58.79434146" lon="16.20410568">
<ele>111.6</ele>
<time>2022-09-03T08:47:08Z</time>
<extensions>
<tp1:TrackPointExtension>
<tp1:hr>167</tp1:hr>
</tp1:TrackPointExtension>
</extensions>
</trkpt>
<trkpt lat="58.79438421" lon="16.20375808">
<ele>111.6</ele>
<time>2022-09-03T08:47:13Z</time>
<extensions>
<tp1:TrackPointExtension>
<tp1:hr>167</tp1:hr>
</tp1:TrackPointExtension>
</extensions>
</trkpt>
<trkpt lat="58.79438278" lon="16.20359288">
<ele>111.6</ele>
<time>2022-09-03T08:47:16Z</time>
<extensions>
<tp1:TrackPointExtension>
<tp1:hr>164</tp1:hr>
</tp1:TrackPointExtension>
</extensions>
</trkpt>
<trkpt lat="58.79437708" lon="16.20355189">
<ele>111.6</ele>
<time>2022-09-03T08:47:17Z</time>
<extensions>
<tp1:TrackPointExtension>
<tp1:hr>167</tp1:hr>
</tp1:TrackPointExtension>
</extensions>
</trkpt>
<trkpt lat="58.79437214" lon="16.20336774">
<ele>111.6</ele>
<time>2022-09-03T08:47:22Z</time>
<extensions>
<tp1:TrackPointExtension>
<tp1:hr>167</tp1:hr>
</tp1:TrackPointExtension>
</extensions>
</trkpt>
<trkpt lat="58.79442134" lon="16.20316464">
<ele>111.6</ele>
<time>2022-09-03T08:47:27Z</time>
<extensions>
<tp1:TrackPointExtension>
<tp1:hr>167</tp1:hr>
</tp1:TrackPointExtension>
</extensions>
</trkpt>
<trkpt lat="58.79441229" lon="16.20292048">
<ele>111.6</ele>
<time>2022-09-03T08:47:32Z</time>
<extensions>
<tp1:TrackPointExtension>
<tp1:hr>167</tp1:hr>
</tp1:TrackPointExtension>
</extensions>
</trkpt>
<trkpt lat="58.7944065" lon="16.20286231">
<ele>111.4</ele>
<time>2022-09-03T08:47:35Z</time>
<extensions>
<tp1:TrackPointExtension>
<tp1:hr>168</tp1:hr>
</tp1:TrackPointExtension>
</extensions>
</trkpt>
<trkpt lat="58.79439234" lon="16.20286264">
<ele>111.4</ele>
<time>2022-09-03T08:47:36Z</time>
<extensions>
<tp1:TrackPointExtension>
<tp1:hr>167</tp1:hr>
</tp1:TrackPointExtension>
</extensions>
</trkpt>
<trkpt lat="58.79441371" lon="16.20287455">
<ele>111.4</ele>
<time>2022-09-03T08:47:40Z</time>
<extensions>
<tp1:TrackPointExtension>
<tp1:hr>168</tp1:hr>
</tp1:TrackPointExtension>
</extensions>
</trkpt>
<trkpt lat="58.79446736" lon="16.20297295">
<ele>111.4</ele>
<time>2022-09-03T08:47:44Z</time>
<extensions>
<tp1:TrackPointExtension>
<tp1:hr>168</tp1:hr>
</tp1:TrackPointExtension>
</extensions>
</trkpt>
<trkpt lat="58.79449049" lon="16.20301235">
<ele>111.4</ele>
<time>2022-09-03T08:47:45Z</time>
<extensions>
<tp1:TrackPointExtension>
<tp1:hr>169</tp1:hr>
</tp1:TrackPointExtension>
</extensions>
</trkpt>
<trkpt lat="58.79460063" lon="16.20333991">
<ele>111.4</ele>
<time>2022-09-03T08:47:51Z</time>
<extensions>
<tp1:TrackPointExtension>
<tp1:hr>167</tp1:hr>
</tp1:TrackPointExtension>
</extensions>
</trkpt>
<trkpt lat="58.79462376" lon="16.20341769">
<ele>111.4</ele>
<time>2022-09-03T08:47:53Z</time>
<extensions>
<tp1:TrackPointExtension>
<tp1:hr>168</tp1:hr>
</tp1:TrackPointExtension>
</extensions>
</trkpt>
<trkpt lat="58.79464908" lon="16.20347779">
<ele>111.4</ele>
<time>2022-09-03T08:47:55Z</time>
<extensions>
<tp1:TrackPointExtension>
<tp1:hr>168</tp1:hr>
</tp1:TrackPointExtension>
</extensions>
</trkpt>
<trkpt lat="58.79470012" lon="16.20362104">
<ele>111.4</ele>
<time>2022-09-03T08:48:00Z</time>
<extensions>
<tp1:TrackPointExtension>
<tp1:hr>166</tp1:hr>
</tp1:TrackPointExtension>
</extensions>
</trkpt>
<trkpt lat="58.79475393" lon="16.2036658">
<ele>111.4</ele>
<time>2022-09-03T08:48:03Z</time>
<extensions>
<tp1:TrackPointExtension>
<tp1:hr>169</tp1:hr>
</tp1:TrackPointExtension>
</extensions>
</trkpt>
<trkpt lat="58.79480213" lon="16.20373629">
<ele>111.6</ele>
<time>2022-09-03T08:48:06Z</time>
<extensions>
<tp1:TrackPointExtension>
<tp1:hr>169</tp1:hr>
</tp1:TrackPointExtension>
</extensions>
</trkpt>
<trkpt lat="58.79485619" lon="16.20394525">
<ele>111.6</ele>
<time>2022-09-03T08:48:11Z</time>
<extensions>
<tp1:TrackPointExtension>
<tp1:hr>169</tp1:hr>
</tp1:TrackPointExtension>
</extensions>
</trkpt>
<trkpt lat="58.79487933" lon="16.20402815">
<ele>111.8</ele>
<time>2022-09-03T08:48:13Z</time>
<extensions>
<tp1:TrackPointExtension>
<tp1:hr>169</tp1:hr>
</tp1:TrackPointExtension>
</extensions>
</trkpt>
<trkpt lat="58.7949173" lon="16.20409822">
<ele>111.8</ele>
<time>2022-09-03T08:48:15Z</time>
<extensions>
<tp1:TrackPointExtension>
<tp1:hr>169</tp1:hr>
</tp1:TrackPointExtension>
</extensions>
</trkpt>
<trkpt lat="58.79495963" lon="16.20413544">
<ele>111.8</ele>
<time>2022-09-03T08:48:17Z</time>
<extensions>
<tp1:TrackPointExtension>
<tp1:hr>168</tp1:hr>
</tp1:TrackPointExtension>
</extensions>
</trkpt>
<trkpt lat="58.79500229" lon="16.20413192">
<ele>112.0</ele>
<time>2022-09-03T08:48:20Z</time>
<extensions>
<tp1:TrackPointExtension>
<tp1:hr>169</tp1:hr>
</tp1:TrackPointExtension>
</extensions>
</trkpt>
<trkpt lat="58.79496876" lon="16.20426058">
<ele>112.0</ele>
<time>2022-09-03T08:48:24Z</time>
<extensions>
<tp1:TrackPointExtension>
<tp1:hr>170</tp1:hr>
</tp1:TrackPointExtension>
</extensions>
</trkpt>
<trkpt lat="58.79497128" lon="16.20461253">
<ele>112.2</ele>
<time>2022-09-03T08:48:29Z</time>
<extensions>
<tp1:TrackPointExtension>
<tp1:hr>170</tp1:hr>
</tp1:TrackPointExtension>
</extensions>
</trkpt>
<trkpt lat="58.79492903" lon="16.20501352">
<ele>112.2</ele>
<time>2022-09-03T08:48:34Z</time>
<extensions>
<tp1:TrackPointExtension>
<tp1:hr>170</tp1:hr>
</tp1:TrackPointExtension>
</extensions>
</trkpt>
<trkpt lat="58.79486424" lon="16.2053654">
<ele>112.4</ele>
<time>2022-09-03T08:48:39Z</time>
<extensions>
<tp1:TrackPointExtension>
<tp1:hr>171</tp1:hr>
</tp1:TrackPointExtension>
</extensions>
</trkpt>
<trkpt lat="58.7948463" lon="16.20575625">
<ele>112.4</ele>
<time>2022-09-03T08:48:45Z</time>
<extensions>
<tp1:TrackPointExtension>
<tp1:hr>170</tp1:hr>
</tp1:TrackPointExtension>
</extensions>
</trkpt>
<trkpt lat="58.79484429" lon="16.20611357">
<ele>112.4</ele>
<time>2022-09-03T08:48:51Z</time>
<extensions>
<tp1:TrackPointExtension>
<tp1:hr>168</tp1:hr>
</tp1:TrackPointExtension>
</extensions>
</trkpt>
<trkpt lat="58.79487589" lon="16.20639461">
<ele>112.2</ele>
<time>2022-09-03T08:48:56Z</time>
<extensions>
<tp1:TrackPointExtension>
<tp1:hr>168</tp1:hr>
</tp1:TrackPointExtension>
</extensions>
</trkpt>
<trkpt lat="58.79489886" lon="16.20671379">
<ele>112.0</ele>
<time>2022-09-03T08:49:01Z</time>
<extensions>
<tp1:TrackPointExtension>
<tp1:hr>168</tp1:hr>
</tp1:TrackPointExtension>
</extensions>
</trkpt>
<trkpt lat="58.794895" lon="16.20703524">
<ele>112.0</ele>
<time>2022-09-03T08:49:05Z</time>
<extensions>
<tp1:TrackPointExtension>
<tp1:hr>167</tp1:hr>
</tp1:TrackPointExtension>
</extensions>
</trkpt>
<trkpt lat="58.79489383" lon="16.20710246">
<ele>112.0</ele>
<time>2022-09-03T08:49:06Z</time>
<extensions>
<tp1:TrackPointExtension>
<tp1:hr>166</tp1:hr>
</tp1:TrackPointExtension>
</extensions>
</trkpt>
<trkpt lat="58.79487061" lon="16.20729676">
<ele>112.0</ele>
<time>2022-09-03T08:49:10Z</time>
<extensions>
<tp1:TrackPointExtension>
<tp1:hr>166</tp1:hr>
</tp1:TrackPointExtension>
</extensions>
</trkpt>
<trkpt lat="58.79486667" lon="16.20732425">
<ele>112.0</ele>
<time>2022-09-03T08:49:11Z</time>
<extensions>
<tp1:TrackPointExtension>
<tp1:hr>167</tp1:hr>
</tp1:TrackPointExtension>
</extensions>
</trkpt>
<trkpt lat="58.79488159" lon="16.20749457">
<ele>111.8</ele>
<time>2022-09-03T08:49:14Z</time>
<extensions>
<tp1:TrackPointExtension>
<tp1:hr>169</tp1:hr>
</tp1:TrackPointExtension>
</extensions>
</trkpt>
<trkpt lat="58.79486072" lon="16.20775533">
<ele>111.8</ele>
<time>2022-09-03T08:49:18Z</time>
<extensions>
<tp1:TrackPointExtension>
<tp1:hr>170</tp1:hr>
</tp1:TrackPointExtension>
</extensions>
</trkpt>
<trkpt lat="58.79484789" lon="16.20784795">
<ele>111.8</ele>
<time>2022-09-03T08:49:20Z</time>
<extensions>
<tp1:TrackPointExtension>
<tp1:hr>170</tp1:hr>
</tp1:TrackPointExtension>
</extensions>
</trkpt>
<trkpt lat="58.79482736" lon="16.20788374">
<ele>111.6</ele>
<time>2022-09-03T08:49:22Z</time>
<extensions>
<tp1:TrackPointExtension>
<tp1:hr>169</tp1:hr>
</tp1:TrackPointExtension>
</extensions>
</trkpt>
<trkpt lat="58.79472309" lon="16.20800687">
<ele>111.2</ele>
<time>2022-09-03T08:49:29Z</time>
<extensions>
<tp1:TrackPointExtension>
<tp1:hr>167</tp1:hr>
</tp1:TrackPointExtension>
</extensions>
</trkpt>
<trkpt lat="58.79468084" lon="16.20809522">
<ele>111.2</ele>
<time>2022-09-03T08:49:32Z</time>
<extensions>
<tp1:TrackPointExtension>
<tp1:hr>164</tp1:hr>
</tp1:TrackPointExtension>
</extensions>
</trkpt>
<trkpt lat="58.79464664" lon="16.20816487">
<ele>111.0</ele>
<time>2022-09-03T08:49:34Z</time>
<extensions>
<tp1:TrackPointExtension>
<tp1:hr>163</tp1:hr>
</tp1:TrackPointExtension>
</extensions>
</trkpt>
<trkpt lat="58.79456811" lon="16.20835162">
<ele>110.8</ele>
<time>2022-09-03T08:49:38Z</time>
<extensions>
<tp1:TrackPointExtension>
<tp1:hr>162</tp1:hr>
</tp1:TrackPointExtension>
</extensions>
</trkpt>
<trkpt lat="58.79447197" lon="16.20867323">
<ele>110.8</ele>
<time>2022-09-03T08:49:43Z</time>
<extensions>
<tp1:TrackPointExtension>
<tp1:hr>162</tp1:hr>
</tp1:TrackPointExtension>
</extensions>
</trkpt>
<trkpt lat="58.79442159" lon="16.20890784">
<ele>110.6</ele>
<time>2022-09-03T08:49:46Z</time>
<extensions>
<tp1:TrackPointExtension>
<tp1:hr>159</tp1:hr>
</tp1:TrackPointExtension>
</extensions>
</trkpt>
<trkpt lat="58.7944153" lon="16.20898588">
<ele>110.6</ele>
<time>2022-09-03T08:49:47Z</time>
<extensions>
<tp1:TrackPointExtension>
<tp1:hr>160</tp1:hr>
</tp1:TrackPointExtension>
</extensions>
</trkpt>
<trkpt lat="58.7943796" lon="16.20931227">
<ele>110.6</ele>
<time>2022-09-03T08:49:52Z</time>
<extensions>
<tp1:TrackPointExtension>
<tp1:hr>157</tp1:hr>
</tp1:TrackPointExtension>
</extensions>
</trkpt>
<trkpt lat="58.79435697" lon="16.20935552">
<ele>110.6</ele>
<time>2022-09-03T08:49:53Z</time>
<extensions>
<tp1:TrackPointExtension>
<tp1:hr>155</tp1:hr>
</tp1:TrackPointExtension>
</extensions>
</trkpt>
<trkpt lat="58.79430416" lon="16.20943012">
<ele>110.4</ele>
<time>2022-09-03T08:49:55Z</time>
<extensions>
<tp1:TrackPointExtension>
<tp1:hr>161</tp1:hr>
</tp1:TrackPointExtension>
</extensions>
</trkpt>
<trkpt lat="58.79425546" lon="16.20950145">
<ele>110.4</ele>
<time>2022-09-03T08:49:57Z</time>
<extensions>
<tp1:TrackPointExtension>
<tp1:hr>165</tp1:hr>
</tp1:TrackPointExtension>
</extensions>
</trkpt>
<trkpt lat="58.79424096" lon="16.20954093">
<ele>110.4</ele>
<time>2022-09-03T08:49:58Z</time>
<extensions>
<tp1:TrackPointExtension>
<tp1:hr>166</tp1:hr>
</tp1:TrackPointExtension>
</extensions>
</trkpt>
<trkpt lat="58.7941651" lon="16.20976078">
<ele>110.0</ele>
<time>2022-09-03T08:50:03Z</time>
<extensions>
<tp1:TrackPointExtension>
<tp1:hr>168</tp1:hr>
</tp1:TrackPointExtension>
</extensions>
</trkpt>
<trkpt lat="58.79408313" lon="16.20990671">
<ele>109.8</ele>
<time>2022-09-03T08:50:07Z</time>
<extensions>
<tp1:TrackPointExtension>
<tp1:hr>171</tp1:hr>
</tp1:TrackPointExtension>
</extensions>
</trkpt>
<trkpt lat="58.79406352" lon="16.20993898">
<ele>109.8</ele>
<time>2022-09-03T08:50:08Z</time>
<extensions>
<tp1:TrackPointExtension>
<tp1:hr>171</tp1:hr>
</tp1:TrackPointExtension>
</extensions>
</trkpt>
<trkpt lat="58.79401381" lon="16.2102093">
<ele>109.4</ele>
<time>2022-09-03T08:50:13Z</time>
<extensions>
<tp1:TrackPointExtension>
<tp1:hr>172</tp1:hr>
</tp1:TrackPointExtension>
</extensions>
</trkpt>
<trkpt lat="58.79400015" lon="16.21033561">
<ele>109.2</ele>
<time>2022-09-03T08:50:16Z</time>
<extensions>
<tp1:TrackPointExtension>
<tp1:hr>171</tp1:hr>
</tp1:TrackPointExtension>
</extensions>
</trkpt>
<trkpt lat="58.79398422" lon="16.210417">
<ele>109.0</ele>
<time>2022-09-03T08:50:18Z</time>
<extensions>
<tp1:TrackPointExtension>
<tp1:hr>168</tp1:hr>
</tp1:TrackPointExtension>
</extensions>
</trkpt>
<trkpt lat="58.79396025" lon="16.21046059">
<ele>109.0</ele>
<time>2022-09-03T08:50:19Z</time>
<extensions>
<tp1:TrackPointExtension>
<tp1:hr>167</tp1:hr>
</tp1:TrackPointExtension>
</extensions>
</trkpt>
<trkpt lat="58.79390082" lon="16.21055773">
<ele>108.8</ele>
<time>2022-09-03T08:50:22Z</time>
<extensions>
<tp1:TrackPointExtension>
<tp1:hr>166</tp1:hr>
</tp1:TrackPointExtension>
</extensions>
</trkpt>
<trkpt lat="58.79389982" lon="16.21058858">
<ele>108.6</ele>
<time>2022-09-03T08:50:23Z</time>
<extensions>
<tp1:TrackPointExtension>
<tp1:hr>167</tp1:hr>
</tp1:TrackPointExtension>
</extensions>
</trkpt>
<trkpt lat="58.79391541" lon="16.21069436">
<ele>108.4</ele>
<time>2022-09-03T08:50:26Z</time>
<extensions>
<tp1:TrackPointExtension>
<tp1:hr>168</tp1:hr>
</tp1:TrackPointExtension>
</extensions>
</trkpt>
<trkpt lat="58.79390283" lon="16.21072839">
<ele>108.4</ele>
<time>2022-09-03T08:50:27Z</time>
<extensions>
<tp1:TrackPointExtension>
<tp1:hr>168</tp1:hr>
</tp1:TrackPointExtension>
</extensions>
</trkpt>
<trkpt lat="58.79390627" lon="16.21080869">
<ele>108.0</ele>
<time>2022-09-03T08:50:29Z</time>
<extensions>
<tp1:TrackPointExtension>
<tp1:hr>167</tp1:hr>
</tp1:TrackPointExtension>
</extensions>
</trkpt>
<trkpt lat="58.79390049" lon="16.21089427">
<ele>108.0</ele>
<time>2022-09-03T08:50:31Z</time>
<extensions>
<tp1:TrackPointExtension>
<tp1:hr>167</tp1:hr>
</tp1:TrackPointExtension>
</extensions>
</trkpt>
<trkpt lat="58.79387031" lon="16.21100265">
<ele>107.8</ele>
<time>2022-09-03T08:50:34Z</time>
<extensions>
<tp1:TrackPointExtension>
<tp1:hr>167</tp1:hr>
</tp1:TrackPointExtension>
</extensions>
</trkpt>
<trkpt lat="58.79384408" lon="16.21104472">
<ele>107.6</ele>
<time>2022-09-03T08:50:36Z</time>
<extensions>
<tp1:TrackPointExtension>
<tp1:hr>167</tp1:hr>
</tp1:TrackPointExtension>
</extensions>
</trkpt>
<trkpt lat="58.79384399" lon="16.21110214">
<ele>107.6</ele>
<time>2022-09-03T08:50:38Z</time>
<extensions>
<tp1:TrackPointExtension>
<tp1:hr>168</tp1:hr>
</tp1:TrackPointExtension>
</extensions>
</trkpt>
<trkpt lat="58.7938445" lon="16.21127623">
<ele>107.4</ele>
<time>2022-09-03T08:50:41Z</time>
<extensions>
<tp1:TrackPointExtension>
<tp1:hr>167</tp1:hr>
</tp1:TrackPointExtension>
</extensions>
</trkpt>
<trkpt lat="58.79384492" lon="16.21133633">
<ele>107.4</ele>
<time>2022-09-03T08:50:42Z</time>
<extensions>
<tp1:TrackPointExtension>
<tp1:hr>166</tp1:hr>
</tp1:TrackPointExtension>
</extensions>
</trkpt>
<trkpt lat="58.79383352" lon="16.21145795">
<ele>107.2</ele>
<time>2022-09-03T08:50:44Z</time>
<extensions>
<tp1:TrackPointExtension>
<tp1:hr>165</tp1:hr>
</tp1:TrackPointExtension>
</extensions>
</trkpt>
<trkpt lat="58.79381256" lon="16.21156658">
<ele>107.2</ele>
<time>2022-09-03T08:50:46Z</time>
<extensions>
<tp1:TrackPointExtension>
<tp1:hr>165</tp1:hr>
</tp1:TrackPointExtension>
</extensions>
</trkpt>
<trkpt lat="58.79377317" lon="16.21189482">
<ele>106.8</ele>
<time>2022-09-03T08:50:51Z</time>
<extensions>
<tp1:TrackPointExtension>
<tp1:hr>165</tp1:hr>
</tp1:TrackPointExtension>
</extensions>
</trkpt>
<trkpt lat="58.79373905" lon="16.21227561">
<ele>106.2</ele>
<time>2022-09-03T08:50:57Z</time>
<extensions>
<tp1:TrackPointExtension>
<tp1:hr>165</tp1:hr>
</tp1:TrackPointExtension>
</extensions>
</trkpt>
<trkpt lat="58.7937269" lon="16.2123352">
<ele>106.2</ele>
<time>2022-09-03T08:50:58Z</time>
<extensions>
<tp1:TrackPointExtension>
<tp1:hr>165</tp1:hr>
</tp1:TrackPointExtension>
</extensions>
</trkpt>
<trkpt lat="58.79369949" lon="16.2125305">
<ele>105.8</ele>
<time>2022-09-03T08:51:02Z</time>
<extensions>
<tp1:TrackPointExtension>
<tp1:hr>168</tp1:hr>
</tp1:TrackPointExtension>
</extensions>
</trkpt>
<trkpt lat="58.79370762" lon="16.21262069">
<ele>105.6</ele>
<time>2022-09-03T08:51:04Z</time>
<extensions>
<tp1:TrackPointExtension>
<tp1:hr>168</tp1:hr>
</tp1:TrackPointExtension>
</extensions>
</trkpt>
<trkpt lat="58.79370494" lon="16.21275321">
<ele>105.2</ele>
<time>2022-09-03T08:51:07Z</time>
<extensions>
<tp1:TrackPointExtension>
<tp1:hr>167</tp1:hr>
</tp1:TrackPointExtension>
</extensions>
</trkpt>
<trkpt lat="58.79368926" lon="16.21278581">
<ele>105.2</ele>
<time>2022-09-03T08:51:08Z</time>
<extensions>
<tp1:TrackPointExtension>
<tp1:hr>167</tp1:hr>
</tp1:TrackPointExtension>
</extensions>
</trkpt>
<trkpt lat="58.79364643" lon="16.21287885">
<ele>104.8</ele>
<time>2022-09-03T08:51:13Z</time>
<extensions>
<tp1:TrackPointExtension>
<tp1:hr>168</tp1:hr>
</tp1:TrackPointExtension>
</extensions>
</trkpt>
<trkpt lat="58.79357804" lon="16.21289897">
<ele>104.4</ele>
<time>2022-09-03T08:51:18Z</time>
<extensions>
<tp1:TrackPointExtension>
<tp1:hr>166</tp1:hr>
</tp1:TrackPointExtension>
</extensions>
</trkpt>
<trkpt lat="58.79356362" lon="16.21291942">
<ele>104.4</ele>
<time>2022-09-03T08:51:19Z</time>
<extensions>
<tp1:TrackPointExtension>
<tp1:hr>165</tp1:hr>
</tp1:TrackPointExtension>
</extensions>
</trkpt>
<trkpt lat="58.79350084" lon="16.21302243">
<ele>104.2</ele>
<time>2022-09-03T08:51:24Z</time>
<extensions>
<tp1:TrackPointExtension>
<tp1:hr>164</tp1:hr>
</tp1:TrackPointExtension>
</extensions>
</trkpt>
<trkpt lat="58.79344024" lon="16.21308857">
<ele>104.2</ele>
<time>2022-09-03T08:51:28Z</time>
<extensions>
<tp1:TrackPointExtension>
<tp1:hr>163</tp1:hr>
</tp1:TrackPointExtension>
</extensions>
</trkpt>
<trkpt lat="58.79339875" lon="16.213092">
<ele>104.2</ele>
<time>2022-09-03T08:51:30Z</time>
<extensions>
<tp1:TrackPointExtension>
<tp1:hr>163</tp1:hr>
</tp1:TrackPointExtension>
</extensions>
</trkpt>
<trkpt lat="58.7933425" lon="16.21315084">
<ele>104.2</ele>
<time>2022-09-03T08:51:34Z</time>
<extensions>
<tp1:TrackPointExtension>
<tp1:hr>166</tp1:hr>
</tp1:TrackPointExtension>
</extensions>
</trkpt>
<trkpt lat="58.79332239" lon="16.21315143">
<ele>104.0</ele>
<time>2022-09-03T08:51:35Z</time>
<extensions>
<tp1:TrackPointExtension>
<tp1:hr>166</tp1:hr>
</tp1:TrackPointExtension>
</extensions>
</trkpt>
<trkpt lat="58.79327838" lon="16.2131526">
<ele>104.0</ele>
<time>2022-09-03T08:51:37Z</time>
<extensions>
<tp1:TrackPointExtension>
<tp1:hr>167</tp1:hr>
</tp1:TrackPointExtension>
</extensions>
</trkpt>
<trkpt lat="58.79325005" lon="16.21314146">
<ele>104.0</ele>
<time>2022-09-03T08:51:39Z</time>
<extensions>
<tp1:TrackPointExtension>
<tp1:hr>168</tp1:hr>
</tp1:TrackPointExtension>
</extensions>
</trkpt>
<trkpt lat="58.79323765" lon="16.21312754">
<ele>104.0</ele>
<time>2022-09-03T08:51:40Z</time>
<extensions>
<tp1:TrackPointExtension>
<tp1:hr>168</tp1:hr>
</tp1:TrackPointExtension>
</extensions>
</trkpt>
<trkpt lat="58.79313874" lon="16.21308471">
<ele>104.0</ele>
<time>2022-09-03T08:51:44Z</time>
<extensions>
<tp1:TrackPointExtension>
<tp1:hr>167</tp1:hr>
</tp1:TrackPointExtension>
</extensions>
</trkpt>
<trkpt lat="58.7931291" lon="16.21310701">
<ele>104.0</ele>
<time>2022-09-03T08:51:45Z</time>
<extensions>
<tp1:TrackPointExtension>
<tp1:hr>168</tp1:hr>
</tp1:TrackPointExtension>
</extensions>
</trkpt>
<trkpt lat="58.79306741" lon="16.21321253">
<ele>103.6</ele>
<time>2022-09-03T08:51:52Z</time>
<extensions>
<tp1:TrackPointExtension>
<tp1:hr>169</tp1:hr>
</tp1:TrackPointExtension>
</extensions>
</trkpt>
<trkpt lat="58.79302382" lon="16.21324036">
<ele>103.6</ele>
<time>2022-09-03T08:51:55Z</time>
<extensions>
<tp1:TrackPointExtension>
<tp1:hr>169</tp1:hr>
</tp1:TrackPointExtension>
</extensions>
</trkpt>
<trkpt lat="58.7929851" lon="16.21323257">
<ele>103.4</ele>
<time>2022-09-03T08:51:57Z</time>
<extensions>
<tp1:TrackPointExtension>
<tp1:hr>168</tp1:hr>
</tp1:TrackPointExtension>
</extensions>
</trkpt>
<trkpt lat="58.79289743" lon="16.21320399">
<ele>103.2</ele>
<time>2022-09-03T08:52:01Z</time>
<extensions>
<tp1:TrackPointExtension>
<tp1:hr>165</tp1:hr>
</tp1:TrackPointExtension>
</extensions>
</trkpt>
<trkpt lat="58.79286968" lon="16.21319703">
<ele>103.2</ele>
<time>2022-09-03T08:52:02Z</time>
<extensions>
<tp1:TrackPointExtension>
<tp1:hr>165</tp1:hr>
</tp1:TrackPointExtension>
</extensions>
</trkpt>
<trkpt lat="58.79281327" lon="16.21317339">
<ele>103.2</ele>
<time>2022-09-03T08:52:04Z</time>
<extensions>
<tp1:TrackPointExtension>
<tp1:hr>165</tp1:hr>
</tp1:TrackPointExtension>
</extensions>
</trkpt>
<trkpt lat="58.79268318" lon="16.21312846">
<ele>102.8</ele>
<time>2022-09-03T08:52:08Z</time>
<extensions>
<tp1:TrackPointExtension>
<tp1:hr>164</tp1:hr>
</tp1:TrackPointExtension>
</extensions>
</trkpt>
<trkpt lat="58.79248244" lon="16.21310868">
<ele>102.4</ele>
<time>2022-09-03T08:52:14Z</time>
<extensions>
<tp1:TrackPointExtension>
<tp1:hr>162</tp1:hr>
</tp1:TrackPointExtension>
</extensions>
</trkpt>
<trkpt lat="58.7923516" lon="16.21321597">
<ele>102.0</ele>
<time>2022-09-03T08:52:19Z</time>
<extensions>
<tp1:TrackPointExtension>
<tp1:hr>162</tp1:hr>
</tp1:TrackPointExtension>
</extensions>
</trkpt>
<trkpt lat="58.79230809" lon="16.2132417">
<ele>102.0</ele>
<time>2022-09-03T08:52:21Z</time>
<extensions>
<tp1:TrackPointExtension>
<tp1:hr>165</tp1:hr>
</tp1:TrackPointExtension>
</extensions>
</trkpt>
<trkpt lat="58.79229334" lon="16.21327766">
<ele>101.8</ele>
<time>2022-09-03T08:52:22Z</time>
<extensions>
<tp1:TrackPointExtension>
<tp1:hr>165</tp1:hr>
</tp1:TrackPointExtension>
</extensions>
</trkpt>
<trkpt lat="58.79225076" lon="16.21336852">
<ele>101.8</ele>
<time>2022-09-03T08:52:25Z</time>
<extensions>
<tp1:TrackPointExtension>
<tp1:hr>162</tp1:hr>
</tp1:TrackPointExtension>
</extensions>
</trkpt>
<trkpt lat="58.79211791" lon="16.21352099">
<ele>101.4</ele>
<time>2022-09-03T08:52:32Z</time>
<extensions>
<tp1:TrackPointExtension>
<tp1:hr>163</tp1:hr>
</tp1:TrackPointExtension>
</extensions>
</trkpt>
<trkpt lat="58.79210584" lon="16.21353524">
<ele>101.4</ele>
<time>2022-09-03T08:52:33Z</time>
<extensions>
<tp1:TrackPointExtension>
<tp1:hr>163</tp1:hr>
</tp1:TrackPointExtension>
</extensions>
</trkpt>
<trkpt lat="58.79201431" lon="16.21366734">
<ele>101.4</ele>
<time>2022-09-03T08:52:38Z</time>
<extensions>
<tp1:TrackPointExtension>
<tp1:hr>163</tp1:hr>
</tp1:TrackPointExtension>
</extensions>
</trkpt>
<trkpt lat="58.79193694" lon="16.21365686">
<ele>101.2</ele>
<time>2022-09-03T08:52:43Z</time>
<extensions>
<tp1:TrackPointExtension>
<tp1:hr>161</tp1:hr>
</tp1:TrackPointExtension>
</extensions>
</trkpt>
<trkpt lat="58.791874" lon="16.21354898">
<ele>101.2</ele>
<time>2022-09-03T08:52:49Z</time>
<extensions>
<tp1:TrackPointExtension>
<tp1:hr>159</tp1:hr>
</tp1:TrackPointExtension>
</extensions>
</trkpt>
<trkpt lat="58.79182463" lon="16.21335302">
<ele>101.4</ele>
<time>2022-09-03T08:52:55Z</time>
<extensions>
<tp1:TrackPointExtension>
<tp1:hr>160</tp1:hr>
</tp1:TrackPointExtension>
</extensions>
</trkpt>
<trkpt lat="58.79168398" lon="16.21318412">
<ele>101.6</ele>
<time>2022-09-03T08:53:02Z</time>
<extensions>
<tp1:TrackPointExtension>
<tp1:hr>160</tp1:hr>
</tp1:TrackPointExtension>
</extensions>
</trkpt>
<trkpt lat="58.79161441" lon="16.21319795">
<ele>101.8</ele>
<time>2022-09-03T08:53:05Z</time>
<extensions>
<tp1:TrackPointExtension>
<tp1:hr>163</tp1:hr>
</tp1:TrackPointExtension>
</extensions>
</trkpt>
<trkpt lat="58.79155515" lon="16.21320424">
<ele>102.0</ele>
<time>2022-09-03T08:53:08Z</time>
<extensions>
<tp1:TrackPointExtension>
<tp1:hr>166</tp1:hr>
</tp1:TrackPointExtension>
</extensions>
</trkpt>
<trkpt lat="58.7914642" lon="16.2132231">
<ele>102.2</ele>
<time>2022-09-03T08:53:12Z</time>
<extensions>
<tp1:TrackPointExtension>
<tp1:hr>169</tp1:hr>
</tp1:TrackPointExtension>
</extensions>
</trkpt>
<trkpt lat="58.7914492" lon="16.21320382">
<ele>102.2</ele>
<time>2022-09-03T08:53:13Z</time>
<extensions>
<tp1:TrackPointExtension>
<tp1:hr>169</tp1:hr>
</tp1:TrackPointExtension>
</extensions>
</trkpt>
<trkpt lat="58.79144124" lon="16.21320139">
<ele>102.2</ele>
<time>2022-09-03T08:53:14Z</time>
<extensions>
<tp1:TrackPointExtension>
<tp1:hr>169</tp1:hr>
</tp1:TrackPointExtension>
</extensions>
</trkpt>
<trkpt lat="58.79144928" lon="16.21322754">
<ele>102.4</ele>
<time>2022-09-03T08:53:16Z</time>
<extensions>
<tp1:TrackPointExtension>
<tp1:hr>169</tp1:hr>
</tp1:TrackPointExtension>
</extensions>
</trkpt>
<trkpt lat="58.79147795" lon="16.21339425">
<ele>102.8</ele>
<time>2022-09-03T08:53:21Z</time>
<extensions>
<tp1:TrackPointExtension>
<tp1:hr>170</tp1:hr>
</tp1:TrackPointExtension>
</extensions>
</trkpt>
<trkpt lat="58.79152296" lon="16.21363088">
<ele>103.2</ele>
<time>2022-09-03T08:53:26Z</time>
<extensions>
<tp1:TrackPointExtension>
<tp1:hr>170</tp1:hr>
</tp1:TrackPointExtension>
</extensions>
</trkpt>
<trkpt lat="58.79152581" lon="16.21367698">
<ele>103.2</ele>
<time>2022-09-03T08:53:27Z</time>
<extensions>
<tp1:TrackPointExtension>
<tp1:hr>170</tp1:hr>
</tp1:TrackPointExtension>
</extensions>
</trkpt>
<trkpt lat="58.79155196" lon="16.213897">
<ele>103.6</ele>
<time>2022-09-03T08:53:32Z</time>
<extensions>
<tp1:TrackPointExtension>
<tp1:hr>171</tp1:hr>
</tp1:TrackPointExtension>
</extensions>
</trkpt>
<trkpt lat="58.7916502" lon="16.21404964">
<ele>104.0</ele>
<time>2022-09-03T08:53:37Z</time>
<extensions>
<tp1:TrackPointExtension>
<tp1:hr>171</tp1:hr>
</tp1:TrackPointExtension>
</extensions>
</trkpt>
<trkpt lat="58.79177341" lon="16.21418417">
<ele>104.2</ele>
<time>2022-09-03T08:53:42Z</time>
<extensions>
<tp1:TrackPointExtension>
<tp1:hr>169</tp1:hr>
</tp1:TrackPointExtension>
</extensions>
</trkpt>
<trkpt lat="58.79179747" lon="16.21440805">
<ele>104.2</ele>
<time>2022-09-03T08:53:46Z</time>
<extensions>
<tp1:TrackPointExtension>
<tp1:hr>171</tp1:hr>
</tp1:TrackPointExtension>
</extensions>
</trkpt>
<trkpt lat="58.79181029" lon="16.21474223">
<ele>104.0</ele>
<time>2022-09-03T08:53:52Z</time>
<extensions>
<tp1:TrackPointExtension>
<tp1:hr>169</tp1:hr>
</tp1:TrackPointExtension>
</extensions>
</trkpt>
<trkpt lat="58.79185245" lon="16.21491205">
<ele>104.0</ele>
<time>2022-09-03T08:53:57Z</time>
<extensions>
<tp1:TrackPointExtension>
<tp1:hr>168</tp1:hr>
</tp1:TrackPointExtension>
</extensions>
</trkpt>
<trkpt lat="58.79190912" lon="16.21510643">
<ele>103.6</ele>
<time>2022-09-03T08:54:02Z</time>
<extensions>
<tp1:TrackPointExtension>
<tp1:hr>167</tp1:hr>
</tp1:TrackPointExtension>
</extensions>
</trkpt>
<trkpt lat="58.79190006" lon="16.215422">
<ele>103.2</ele>
<time>2022-09-03T08:54:07Z</time>
<extensions>
<tp1:TrackPointExtension>
<tp1:hr>167</tp1:hr>
</tp1:TrackPointExtension>
</extensions>
</trkpt>
<trkpt lat="58.79194398" lon="16.21574379">
<ele>102.6</ele>
<time>2022-09-03T08:54:12Z</time>
<extensions>
<tp1:TrackPointExtension>
<tp1:hr>167</tp1:hr>
</tp1:TrackPointExtension>
</extensions>
</trkpt>
<trkpt lat="58.79202177" lon="16.21596079">
<ele>102.4</ele>
<time>2022-09-03T08:54:17Z</time>
<extensions>
<tp1:TrackPointExtension>
<tp1:hr>166</tp1:hr>
</tp1:TrackPointExtension>
</extensions>
</trkpt>
<trkpt lat="58.79206996" lon="16.21610815">
<ele>102.0</ele>
<time>2022-09-03T08:54:22Z</time>
<extensions>
<tp1:TrackPointExtension>
<tp1:hr>165</tp1:hr>
</tp1:TrackPointExtension>
</extensions>
</trkpt>
<trkpt lat="58.79210014" lon="16.21614184">
<ele>101.8</ele>
<time>2022-09-03T08:54:24Z</time>
<extensions>
<tp1:TrackPointExtension>
<tp1:hr>164</tp1:hr>
</tp1:TrackPointExtension>
</extensions>
</trkpt>
<trkpt lat="58.79223936" lon="16.21633446">
<ele>101.5</ele>
<time>2022-09-03T08:54:31Z</time>
<extensions>
<tp1:TrackPointExtension>
<tp1:hr>163</tp1:hr>
</tp1:TrackPointExtension>
</extensions>
</trkpt>
<trkpt lat="58.79231296" lon="16.21648575">
<ele>101.1</ele>
<time>2022-09-03T08:54:35Z</time>
<extensions>
<tp1:TrackPointExtension>
<tp1:hr>162</tp1:hr>
</tp1:TrackPointExtension>
</extensions>
</trkpt>
<trkpt lat="58.79232251" lon="16.21653068">
<ele>101.1</ele>
<time>2022-09-03T08:54:36Z</time>
<extensions>
<tp1:TrackPointExtension>
<tp1:hr>164</tp1:hr>
</tp1:TrackPointExtension>
</extensions>
</trkpt>
<trkpt lat="58.7923324" lon="16.21655725">
<ele>101.1</ele>
<time>2022-09-03T08:54:37Z</time>
<extensions>
<tp1:TrackPointExtension>
<tp1:hr>164</tp1:hr>
</tp1:TrackPointExtension>
</extensions>
</trkpt>
<trkpt lat="58.79238538" lon="16.21658768">
<ele>100.9</ele>
<time>2022-09-03T08:54:39Z</time>
<extensions>
<tp1:TrackPointExtension>
<tp1:hr>167</tp1:hr>
</tp1:TrackPointExtension>
</extensions>
</trkpt>
<trkpt lat="58.7924065" lon="16.21658416">
<ele>100.9</ele>
<time>2022-09-03T08:54:40Z</time>
<extensions>
<tp1:TrackPointExtension>
<tp1:hr>167</tp1:hr>
</tp1:TrackPointExtension>
</extensions>
</trkpt>
<trkpt lat="58.79241957" lon="16.21656689">
<ele>100.7</ele>
<time>2022-09-03T08:54:41Z</time>
<extensions>
<tp1:TrackPointExtension>
<tp1:hr>164</tp1:hr>
</tp1:TrackPointExtension>
</extensions>
</trkpt>
<trkpt lat="58.79246685" lon="16.21652238">
<ele>100.5</ele>
<time>2022-09-03T08:54:44Z</time>
<extensions>
<tp1:TrackPointExtension>
<tp1:hr>167</tp1:hr>
</tp1:TrackPointExtension>
</extensions>
</trkpt>
<trkpt lat="58.79248898" lon="16.21653353">
<ele>100.5</ele>
<time>2022-09-03T08:54:45Z</time>
<extensions>
<tp1:TrackPointExtension>
<tp1:hr>168</tp1:hr>
</tp1:TrackPointExtension>
</extensions>
</trkpt>
<trkpt lat="58.79252971" lon="16.21656085">
<ele>100.3</ele>
<time>2022-09-03T08:54:47Z</time>
<extensions>
<tp1:TrackPointExtension>
<tp1:hr>165</tp1:hr>
</tp1:TrackPointExtension>
</extensions>
</trkpt>
<trkpt lat="58.79256994" lon="16.21663621">
<ele>100.3</ele>
<time>2022-09-03T08:54:49Z</time>
<extensions>
<tp1:TrackPointExtension>
<tp1:hr>164</tp1:hr>
</tp1:TrackPointExtension>
</extensions>
</trkpt>
<trkpt lat="58.7926111" lon="16.21672841">
<ele>100.1</ele>
<time>2022-09-03T08:54:51Z</time>
<extensions>
<tp1:TrackPointExtension>
<tp1:hr>163</tp1:hr>
</tp1:TrackPointExtension>
</extensions>
</trkpt>
<trkpt lat="58.79267455" lon="16.21695036">
<ele>99.7</ele>
<time>2022-09-03T08:54:55Z</time>
<extensions>
<tp1:TrackPointExtension>
<tp1:hr>163</tp1:hr>
</tp1:TrackPointExtension>
</extensions>
</trkpt>
<trkpt lat="58.79273758" lon="16.21728153">
<ele>99.3</ele>
<time>2022-09-03T08:55:01Z</time>
<extensions>
<tp1:TrackPointExtension>
<tp1:hr>164</tp1:hr>
</tp1:TrackPointExtension>
</extensions>
</trkpt>
<trkpt lat="58.79273163" lon="16.21733643">
<ele>99.1</ele>
<time>2022-09-03T08:55:02Z</time>
<extensions>
<tp1:TrackPointExtension>
<tp1:hr>164</tp1:hr>
</tp1:TrackPointExtension>
</extensions>
</trkpt>
<trkpt lat="58.79272535" lon="16.21738974">
<ele>99.1</ele>
<time>2022-09-03T08:55:03Z</time>
<extensions>
<tp1:TrackPointExtension>
<tp1:hr>164</tp1:hr>
</tp1:TrackPointExtension>
</extensions>
</trkpt>
<trkpt lat="58.79270079" lon="16.21762049">
<ele>98.7</ele>
<time>2022-09-03T08:55:07Z</time>
<extensions>
<tp1:TrackPointExtension>
<tp1:hr>164</tp1:hr>
</tp1:TrackPointExtension>
</extensions>
</trkpt>
<trkpt lat="58.79267195" lon="16.21771546">
<ele>98.5</ele>
<time>2022-09-03T08:55:09Z</time>
<extensions>
<tp1:TrackPointExtension>
<tp1:hr>165</tp1:hr>
</tp1:TrackPointExtension>
</extensions>
</trkpt>
<trkpt lat="58.79255033" lon="16.21806197">
<ele>98.1</ele>
<time>2022-09-03T08:55:16Z</time>
<extensions>
<tp1:TrackPointExtension>
<tp1:hr>163</tp1:hr>
</tp1:TrackPointExtension>
</extensions>
</trkpt>
<trkpt lat="58.79248638" lon="16.21820706">
<ele>97.9</ele>
<time>2022-09-03T08:55:19Z</time>
<extensions>
<tp1:TrackPointExtension>
<tp1:hr>163</tp1:hr>
</tp1:TrackPointExtension>
</extensions>
</trkpt>
<trkpt lat="58.79245788" lon="16.21831963">
<ele>97.9</ele>
<time>2022-09-03T08:55:21Z</time>
<extensions>
<tp1:TrackPointExtension>
<tp1:hr>162</tp1:hr>
</tp1:TrackPointExtension>
</extensions>
</trkpt>
<trkpt lat="58.79244145" lon="16.21856891">
<ele>97.7</ele>
<time>2022-09-03T08:55:25Z</time>
<extensions>
<tp1:TrackPointExtension>
<tp1:hr>165</tp1:hr>
</tp1:TrackPointExtension>
</extensions>
</trkpt>
<trkpt lat="58.79244455" lon="16.21862196">
<ele>97.5</ele>
<time>2022-09-03T08:55:26Z</time>
<extensions>
<tp1:TrackPointExtension>
<tp1:hr>162</tp1:hr>
</tp1:TrackPointExtension>
</extensions>
</trkpt>
<trkpt lat="58.79245419" lon="16.21883679">
<ele>97.3</ele>
<time>2022-09-03T08:55:31Z</time>
<extensions>
<tp1:TrackPointExtension>
<tp1:hr>164</tp1:hr>
</tp1:TrackPointExtension>
</extensions>
</trkpt>
<trkpt lat="58.79247003" lon="16.21891407">
<ele>97.3</ele>
<time>2022-09-03T08:55:34Z</time>
<extensions>
<tp1:TrackPointExtension>
<tp1:hr>166</tp1:hr>
</tp1:TrackPointExtension>
</extensions>
</trkpt>
<trkpt lat="58.79247967" lon="16.21895079">
<ele>97.3</ele>
<time>2022-09-03T08:55:35Z</time>
<extensions>
<tp1:TrackPointExtension>
<tp1:hr>166</tp1:hr>
</tp1:TrackPointExtension>
</extensions>
</trkpt>
<trkpt lat="58.79256307" lon="16.21914156">
<ele>97.1</ele>
<time>2022-09-03T08:55:41Z</time>
<extensions>
<tp1:TrackPointExtension>
<tp1:hr>167</tp1:hr>
</tp1:TrackPointExtension>
</extensions>
</trkpt>
<trkpt lat="58.79257003" lon="16.21919495">
<ele>96.9</ele>
<time>2022-09-03T08:55:42Z</time>
<extensions>
<tp1:TrackPointExtension>
<tp1:hr>167</tp1:hr>
</tp1:TrackPointExtension>
</extensions>
</trkpt>
<trkpt lat="58.79259182" lon="16.21930693">
<ele>96.9</ele>
<time>2022-09-03T08:55:45Z</time>
<extensions>
<tp1:TrackPointExtension>
<tp1:hr>166</tp1:hr>
</tp1:TrackPointExtension>
</extensions>
</trkpt>
<trkpt lat="58.79260498" lon="16.21933501">
<ele>96.9</ele>
<time>2022-09-03T08:55:46Z</time>
<extensions>
<tp1:TrackPointExtension>
<tp1:hr>166</tp1:hr>
</tp1:TrackPointExtension>
</extensions>
</trkpt>
<trkpt lat="58.79268637" lon="16.21942126">
<ele>96.9</ele>
<time>2022-09-03T08:55:51Z</time>
<extensions>
<tp1:TrackPointExtension>
<tp1:hr>166</tp1:hr>
</tp1:TrackPointExtension>
</extensions>
</trkpt>
<trkpt lat="58.79272157" lon="16.21950408">
<ele>96.9</ele>
<time>2022-09-03T08:55:58Z</time>
<extensions>
<tp1:TrackPointExtension>
<tp1:hr>165</tp1:hr>
</tp1:TrackPointExtension>
</extensions>
</trkpt>
<trkpt lat="58.79273423" lon="16.2197391">
<ele>96.9</ele>
<time>2022-09-03T08:56:03Z</time>
<extensions>
<tp1:TrackPointExtension>
<tp1:hr>164</tp1:hr>
</tp1:TrackPointExtension>
</extensions>
</trkpt>
<trkpt lat="58.79265946" lon="16.21996868">
<ele>96.7</ele>
<time>2022-09-03T08:56:08Z</time>
<extensions>
<tp1:TrackPointExtension>
<tp1:hr>166</tp1:hr>
</tp1:TrackPointExtension>
</extensions>
</trkpt>
<trkpt lat="58.7925132" lon="16.22003155">
<ele>96.5</ele>
<time>2022-09-03T08:56:13Z</time>
<extensions>
<tp1:TrackPointExtension>
<tp1:hr>166</tp1:hr>
</tp1:TrackPointExtension>
</extensions>
</trkpt>
<trkpt lat="58.79233534" lon="16.22014663">
<ele>96.1</ele>
<time>2022-09-03T08:56:20Z</time>
<extensions>
<tp1:TrackPointExtension>
<tp1:hr>167</tp1:hr>
</tp1:TrackPointExtension>
</extensions>
</trkpt>
<trkpt lat="58.79219142" lon="16.22021193">
<ele>95.9</ele>
<time>2022-09-03T08:56:25Z</time>
<extensions>
<tp1:TrackPointExtension>
<tp1:hr>168</tp1:hr>
</tp1:TrackPointExtension>
</extensions>
</trkpt>
<trkpt lat="58.79216594" lon="16.22023305">
<ele>95.9</ele>
<time>2022-09-03T08:56:26Z</time>
<extensions>
<tp1:TrackPointExtension>
<tp1:hr>167</tp1:hr>
</tp1:TrackPointExtension>
</extensions>
</trkpt>
<trkpt lat="58.7920677" lon="16.22023179">
<ele>95.7</ele>
<time>2022-09-03T08:56:30Z</time>
<extensions>
<tp1:TrackPointExtension>
<tp1:hr>166</tp1:hr>
</tp1:TrackPointExtension>
</extensions>
</trkpt>
<trkpt lat="58.79200132" lon="16.22021897">
<ele>95.5</ele>
<time>2022-09-03T08:56:33Z</time>
<extensions>
<tp1:TrackPointExtension>
<tp1:hr>166</tp1:hr>
</tp1:TrackPointExtension>
</extensions>
</trkpt>
<trkpt lat="58.79196083" lon="16.22020413">
<ele>95.5</ele>
<time>2022-09-03T08:56:34Z</time>
<extensions>
<tp1:TrackPointExtension>
<tp1:hr>166</tp1:hr>
</tp1:TrackPointExtension>
</extensions>
</trkpt>
<trkpt lat="58.79185782" lon="16.22022282">
<ele>95.3</ele>
<time>2022-09-03T08:56:38Z</time>
<extensions>
<tp1:TrackPointExtension>
<tp1:hr>167</tp1:hr>
</tp1:TrackPointExtension>
</extensions>
</trkpt>
<trkpt lat="58.79172589" lon="16.2202763">
<ele>95.1</ele>
<time>2022-09-03T08:56:43Z</time>
<extensions>
<tp1:TrackPointExtension>
<tp1:hr>166</tp1:hr>
</tp1:TrackPointExtension>
</extensions>
</trkpt>
<trkpt lat="58.7916554" lon="16.22032869">
<ele>94.9</ele>
<time>2022-09-03T08:56:46Z</time>
<extensions>
<tp1:TrackPointExtension>
<tp1:hr>166</tp1:hr>
</tp1:TrackPointExtension>
</extensions>
</trkpt>
<trkpt lat="58.79160133" lon="16.22036741">
<ele>94.9</ele>
<time>2022-09-03T08:56:48Z</time>
<extensions>
<tp1:TrackPointExtension>
<tp1:hr>166</tp1:hr>
</tp1:TrackPointExtension>
</extensions>
</trkpt>
<trkpt lat="58.79154442" lon="16.22038736">
<ele>94.5</ele>
<time>2022-09-03T08:56:51Z</time>
<extensions>
<tp1:TrackPointExtension>
<tp1:hr>166</tp1:hr>
</tp1:TrackPointExtension>
</extensions>
</trkpt>
<trkpt lat="58.79147921" lon="16.22036867">
<ele>94.5</ele>
<time>2022-09-03T08:56:53Z</time>
<extensions>
<tp1:TrackPointExtension>
<tp1:hr>166</tp1:hr>
</tp1:TrackPointExtension>
</extensions>
</trkpt>
<trkpt lat="58.79136572" lon="16.22034419">
<ele>94.3</ele>
<time>2022-09-03T08:56:57Z</time>
<extensions>
<tp1:TrackPointExtension>
<tp1:hr>166</tp1:hr>
</tp1:TrackPointExtension>
</extensions>
</trkpt>
<trkpt lat="58.79124979" lon="16.22027479">
<ele>94.3</ele>
<time>2022-09-03T08:57:02Z</time>
<extensions>
<tp1:TrackPointExtension>
<tp1:hr>167</tp1:hr>
</tp1:TrackPointExtension>
</extensions>
</trkpt>
<trkpt lat="58.7911208" lon="16.22019508">
<ele>94.1</ele>
<time>2022-09-03T08:57:07Z</time>
<extensions>
<tp1:TrackPointExtension>
<tp1:hr>165</tp1:hr>
</tp1:TrackPointExtension>
</extensions>
</trkpt>
<trkpt lat="58.7910638" lon="16.22017505">
<ele>94.1</ele>
<time>2022-09-03T08:57:10Z</time>
<extensions>
<tp1:TrackPointExtension>
<tp1:hr>165</tp1:hr>
</tp1:TrackPointExtension>
</extensions>
</trkpt>
<trkpt lat="58.79100705" lon="16.22015703">
<ele>94.1</ele>
<time>2022-09-03T08:57:12Z</time>
<extensions>
<tp1:TrackPointExtension>
<tp1:hr>165</tp1:hr>
</tp1:TrackPointExtension>
</extensions>
</trkpt>
<trkpt lat="58.79086875" lon="16.22019198">
<ele>94.1</ele>
<time>2022-09-03T08:57:18Z</time>
<extensions>
<tp1:TrackPointExtension>
<tp1:hr>167</tp1:hr>
</tp1:TrackPointExtension>
</extensions>
</trkpt>
<trkpt lat="58.79076968" lon="16.22018812">
<ele>94.3</ele>
<time>2022-09-03T08:57:23Z</time>
<extensions>
<tp1:TrackPointExtension>
<tp1:hr>170</tp1:hr>
</tp1:TrackPointExtension>
</extensions>
</trkpt>
<trkpt lat="58.79065493" lon="16.22021486">
<ele>94.5</ele>
<time>2022-09-03T08:57:28Z</time>
<extensions>
<tp1:TrackPointExtension>
<tp1:hr>170</tp1:hr>
</tp1:TrackPointExtension>
</extensions>
</trkpt>
<trkpt lat="58.79055971" lon="16.22031796">
<ele>94.9</ele>
<time>2022-09-03T08:57:33Z</time>
<extensions>
<tp1:TrackPointExtension>
<tp1:hr>171</tp1:hr>
</tp1:TrackPointExtension>
</extensions>
</trkpt>
<trkpt lat="58.79039668" lon="16.22038342">
<ele>95.3</ele>
<time>2022-09-03T08:57:40Z</time>
<extensions>
<tp1:TrackPointExtension>
<tp1:hr>171</tp1:hr>
</tp1:TrackPointExtension>
</extensions>
</trkpt>
<trkpt lat="58.79024321" lon="16.22048618">
<ele>95.7</ele>
<time>2022-09-03T08:57:46Z</time>
<extensions>
<tp1:TrackPointExtension>
<tp1:hr>171</tp1:hr>
</tp1:TrackPointExtension>
</extensions>
</trkpt>
<trkpt lat="58.79015721" lon="16.220498">
<ele>95.9</ele>
<time>2022-09-03T08:57:49Z</time>
<extensions>
<tp1:TrackPointExtension>
<tp1:hr>171</tp1:hr>
</tp1:TrackPointExtension>
</extensions>
</trkpt>
<trkpt lat="58.79010407" lon="16.22050898">
<ele>96.1</ele>
<time>2022-09-03T08:57:51Z</time>
<extensions>
<tp1:TrackPointExtension>
<tp1:hr>172</tp1:hr>
</tp1:TrackPointExtension>
</extensions>
</trkpt>
<trkpt lat="58.78993191" lon="16.22049683">
<ele>96.5</ele>
<time>2022-09-03T08:57:56Z</time>
<extensions>
<tp1:TrackPointExtension>
<tp1:hr>171</tp1:hr>
</tp1:TrackPointExtension>
</extensions>
</trkpt>
<trkpt lat="58.78978766" lon="16.2205389">
<ele>96.7</ele>
<time>2022-09-03T08:58:01Z</time>
<extensions>
<tp1:TrackPointExtension>
<tp1:hr>170</tp1:hr>
</tp1:TrackPointExtension>
</extensions>
</trkpt>
<trkpt lat="58.78975421" lon="16.22058081">
<ele>96.7</ele>
<time>2022-09-03T08:58:03Z</time>
<extensions>
<tp1:TrackPointExtension>
<tp1:hr>170</tp1:hr>
</tp1:TrackPointExtension>
</extensions>
</trkpt>
<trkpt lat="58.78972379" lon="16.22057646">
<ele>96.7</ele>
<time>2022-09-03T08:58:04Z</time>
<extensions>
<tp1:TrackPointExtension>
<tp1:hr>170</tp1:hr>
</tp1:TrackPointExtension>
</extensions>
</trkpt>
<trkpt lat="58.78957937" lon="16.22043589">
<ele>96.7</ele>
<time>2022-09-03T08:58:09Z</time>
<extensions>
<tp1:TrackPointExtension>
<tp1:hr>170</tp1:hr>
</tp1:TrackPointExtension>
</extensions>
</trkpt>
<trkpt lat="58.78948507" lon="16.22020396">
<ele>96.7</ele>
<time>2022-09-03T08:58:15Z</time>
<extensions>
<tp1:TrackPointExtension>
<tp1:hr>170</tp1:hr>
</tp1:TrackPointExtension>
</extensions>
</trkpt>
<trkpt lat="58.78943562" lon="16.21990867">
<ele>96.7</ele>
<time>2022-09-03T08:58:21Z</time>
<extensions>
<tp1:TrackPointExtension>
<tp1:hr>168</tp1:hr>
</tp1:TrackPointExtension>
</extensions>
</trkpt>
<trkpt lat="58.7893777" lon="16.21965093">
<ele>96.7</ele>
<time>2022-09-03T08:58:26Z</time>
<extensions>
<tp1:TrackPointExtension>
<tp1:hr>166</tp1:hr>
</tp1:TrackPointExtension>
</extensions>
</trkpt>
<trkpt lat="58.78929455" lon="16.21933736">
<ele>96.7</ele>
<time>2022-09-03T08:58:31Z</time>
<extensions>
<tp1:TrackPointExtension>
<tp1:hr>166</tp1:hr>
</tp1:TrackPointExtension>
</extensions>
</trkpt>
<trkpt lat="58.78927837" lon="16.21929235">
<ele>96.7</ele>
<time>2022-09-03T08:58:32Z</time>
<extensions>
<tp1:TrackPointExtension>
<tp1:hr>166</tp1:hr>
</tp1:TrackPointExtension>
</extensions>
</trkpt>
<trkpt lat="58.78914552" lon="16.2190222">
<ele>96.7</ele>
<time>2022-09-03T08:58:39Z</time>
<extensions>
<tp1:TrackPointExtension>
<tp1:hr>165</tp1:hr>
</tp1:TrackPointExtension>
</extensions>
</trkpt>
<trkpt lat="58.78903404" lon="16.21885347">
<ele>96.7</ele>
<time>2022-09-03T08:58:43Z</time>
<extensions>
<tp1:TrackPointExtension>
<tp1:hr>166</tp1:hr>
</tp1:TrackPointExtension>
</extensions>
</trkpt>
<trkpt lat="58.7889146" lon="16.21862615">
<ele>96.9</ele>
<time>2022-09-03T08:58:48Z</time>
<extensions>
<tp1:TrackPointExtension>
<tp1:hr>166</tp1:hr>
</tp1:TrackPointExtension>
</extensions>
</trkpt>
<trkpt lat="58.78886338" lon="16.21857712">
<ele>96.9</ele>
<time>2022-09-03T08:58:50Z</time>
<extensions>
<tp1:TrackPointExtension>
<tp1:hr>165</tp1:hr>
</tp1:TrackPointExtension>
</extensions>
</trkpt>
<trkpt lat="58.78883162" lon="16.21859112">
<ele>96.9</ele>
<time>2022-09-03T08:58:51Z</time>
<extensions>
<tp1:TrackPointExtension>
<tp1:hr>165</tp1:hr>
</tp1:TrackPointExtension>
</extensions>
</trkpt>
<trkpt lat="58.78879817" lon="16.21860201">
<ele>97.1</ele>
<time>2022-09-03T08:58:52Z</time>
<extensions>
<tp1:TrackPointExtension>
<tp1:hr>165</tp1:hr>
</tp1:TrackPointExtension>
</extensions>
</trkpt>
<trkpt lat="58.7886991" lon="16.2186772">
<ele>97.1</ele>
<time>2022-09-03T08:58:56Z</time>
<extensions>
<tp1:TrackPointExtension>
<tp1:hr>164</tp1:hr>
</tp1:TrackPointExtension>
</extensions>
</trkpt>
<trkpt lat="58.78854722" lon="16.218743">
<ele>97.5</ele>
<time>2022-09-03T08:59:01Z</time>
<extensions>
<tp1:TrackPointExtension>
<tp1:hr>163</tp1:hr>
</tp1:TrackPointExtension>
</extensions>
</trkpt>
<trkpt lat="58.78849274" lon="16.21870645">
<ele>97.5</ele>
<time>2022-09-03T08:59:03Z</time>
<extensions>
<tp1:TrackPointExtension>
<tp1:hr>166</tp1:hr>
</tp1:TrackPointExtension>
</extensions>
</trkpt>
<trkpt lat="58.78843758" lon="16.21862473">
<ele>97.7</ele>
<time>2022-09-03T08:59:05Z</time>
<extensions>
<tp1:TrackPointExtension>
<tp1:hr>165</tp1:hr>
</tp1:TrackPointExtension>
</extensions>
</trkpt>
<trkpt lat="58.78830766" lon="16.21843857">
<ele>97.9</ele>
<time>2022-09-03T08:59:10Z</time>
<extensions>
<tp1:TrackPointExtension>
<tp1:hr>167</tp1:hr>
</tp1:TrackPointExtension>
</extensions>
</trkpt>
<trkpt lat="58.78829224" lon="16.21841074">
<ele>98.1</ele>
<time>2022-09-03T08:59:11Z</time>
<extensions>
<tp1:TrackPointExtension>
<tp1:hr>167</tp1:hr>
</tp1:TrackPointExtension>
</extensions>
</trkpt>
<trkpt lat="58.78819878" lon="16.21836397">
<ele>98.3</ele>
<time>2022-09-03T08:59:15Z</time>
<extensions>
<tp1:TrackPointExtension>
<tp1:hr>167</tp1:hr>
</tp1:TrackPointExtension>
</extensions>
</trkpt>
<trkpt lat="58.78809325" lon="16.21827772">
<ele>98.5</ele>
<time>2022-09-03T08:59:19Z</time>
<extensions>
<tp1:TrackPointExtension>
<tp1:hr>168</tp1:hr>
</tp1:TrackPointExtension>
</extensions>
</trkpt>
<trkpt lat="58.78797851" lon="16.21814713">
<ele>98.9</ele>
<time>2022-09-03T08:59:24Z</time>
<extensions>
<tp1:TrackPointExtension>
<tp1:hr>168</tp1:hr>
</tp1:TrackPointExtension>
</extensions>
</trkpt>
<trkpt lat="58.78792578" lon="16.21808887">
<ele>99.1</ele>
<time>2022-09-03T08:59:26Z</time>
<extensions>
<tp1:TrackPointExtension>
<tp1:hr>169</tp1:hr>
</tp1:TrackPointExtension>
</extensions>
</trkpt>
<trkpt lat="58.7877869" lon="16.21798242">
<ele>99.5</ele>
<time>2022-09-03T08:59:31Z</time>
<extensions>
<tp1:TrackPointExtension>
<tp1:hr>170</tp1:hr>
</tp1:TrackPointExtension>
</extensions>
</trkpt>
<trkpt lat="58.78765195" lon="16.21792668">
<ele>99.9</ele>
<time>2022-09-03T08:59:36Z</time>
<extensions>
<tp1:TrackPointExtension>
<tp1:hr>169</tp1:hr>
</tp1:TrackPointExtension>
</extensions>
</trkpt>
<trkpt lat="58.78757944" lon="16.21784295">
<ele>100.1</ele>
<time>2022-09-03T08:59:40Z</time>
<extensions>
<tp1:TrackPointExtension>
<tp1:hr>169</tp1:hr>
</tp1:TrackPointExtension>
</extensions>
</trkpt>
<trkpt lat="58.78756469" lon="16.2178313">
<ele>100.1</ele>
<time>2022-09-03T08:59:41Z</time>
<extensions>
<tp1:TrackPointExtension>
<tp1:hr>169</tp1:hr>
</tp1:TrackPointExtension>
</extensions>
</trkpt>
<trkpt lat="58.78751557" lon="16.21786457">
<ele>100.3</ele>
<time>2022-09-03T08:59:45Z</time>
<extensions>
<tp1:TrackPointExtension>
<tp1:hr>169</tp1:hr>
</tp1:TrackPointExtension>
</extensions>
</trkpt>
<trkpt lat="58.78742429" lon="16.21793448">
<ele>100.3</ele>
<time>2022-09-03T08:59:49Z</time>
<extensions>
<tp1:TrackPointExtension>
<tp1:hr>168</tp1:hr>
</tp1:TrackPointExtension>
</extensions>
</trkpt>
<trkpt lat="58.78732396" lon="16.21812416">
<ele>100.5</ele>
<time>2022-09-03T08:59:55Z</time>
<extensions>
<tp1:TrackPointExtension>
<tp1:hr>169</tp1:hr>
</tp1:TrackPointExtension>
</extensions>
</trkpt>
<trkpt lat="58.78723461" lon="16.21813263">
<ele>100.7</ele>
<time>2022-09-03T09:00:00Z</time>
<extensions>
<tp1:TrackPointExtension>
<tp1:hr>169</tp1:hr>
</tp1:TrackPointExtension>
</extensions>
</trkpt>
<trkpt lat="58.78711668" lon="16.21809918">
<ele>100.7</ele>
<time>2022-09-03T09:00:04Z</time>
<extensions>
<tp1:TrackPointExtension>
<tp1:hr>171</tp1:hr>
</tp1:TrackPointExtension>
</extensions>
</trkpt>
<trkpt lat="58.78703848" lon="16.21816372">
<ele>100.7</ele>
<time>2022-09-03T09:00:07Z</time>
<extensions>
<tp1:TrackPointExtension>
<tp1:hr>171</tp1:hr>
</tp1:TrackPointExtension>
</extensions>
</trkpt>
<trkpt lat="58.78697486" lon="16.21819625">
<ele>100.7</ele>
<time>2022-09-03T09:00:09Z</time>
<extensions>
<tp1:TrackPointExtension>
<tp1:hr>172</tp1:hr>
</tp1:TrackPointExtension>
</extensions>
</trkpt>
<trkpt lat="58.78679113" lon="16.21822257">
<ele>100.7</ele>
<time>2022-09-03T09:00:14Z</time>
<extensions>
<tp1:TrackPointExtension>
<tp1:hr>172</tp1:hr>
</tp1:TrackPointExtension>
</extensions>
</trkpt>
<trkpt lat="58.78667361" lon="16.21819759">
<ele>100.5</ele>
<time>2022-09-03T09:00:17Z</time>
<extensions>
<tp1:TrackPointExtension>
<tp1:hr>171</tp1:hr>
</tp1:TrackPointExtension>
</extensions>
</trkpt>
<trkpt lat="58.78661846" lon="16.21823858">
<ele>100.5</ele>
<time>2022-09-03T09:00:18Z</time>
<extensions>
<tp1:TrackPointExtension>
<tp1:hr>171</tp1:hr>
</tp1:TrackPointExtension>
</extensions>
</trkpt>
<trkpt lat="58.78652399" lon="16.21833891">
<ele>100.5</ele>
<time>2022-09-03T09:00:21Z</time>
<extensions>
<tp1:TrackPointExtension>
<tp1:hr>171</tp1:hr>
</tp1:TrackPointExtension>
</extensions>
</trkpt>
</trkseg>
</trk>
</gpx>

