<?xml version="1.0" encoding="UTF-8" ?>
<gpx xmlns="http://www.topografix.com/GPX/1/1" version="1.1" creator="Attackpoint - http://www.attackpoint.org" xmlns:xsi="http://www.w3.org/2001/XMLSchema-instance" xmlns:tp1="http://www.garmin.com/xmlschemas/TrackPointExtension/v1" xsi:schemaLocation="http://www.topografix.com/GPX/1/1 http://www.topografix.com/GPX/1/1/gpx.xsd http://www.garmin.com/xmlschemas/TrackPointExtension/v1 http://www.garmin.com/xmlschemas/TrackPointExtensionv1.xsd">
<trk>
<trkseg>
<trkpt lat="59.19105819" lon="17.62568752">
<ele>14.1</ele>
<time>2026-09-18T15:28:58Z</time>
<extensions>
<tp1:TrackPointExtension>
<tp1:hr>84</tp1:hr>
</tp1:TrackPointExtension>
</extensions>
</trkpt>
<trkpt lat="59.19105786" lon="17.62568786">
<ele>13.9</ele>
<time>2026-09-18T15:28:59Z</time>
<extensions>
<tp1:TrackPointExtension>
<tp1:hr>84</tp1:hr>
</tp1:TrackPointExtension>
</extensions>
</trkpt>
<trkpt lat="59.19105786" lon="17.62568786">
<ele>13.9</ele>
<time>2026-09-18T15:29:00Z</time>
<extensions>
<tp1:TrackPointExtension>
<tp1:hr>84</tp1:hr>
</tp1:TrackPointExtension>
</extensions>
</trkpt>
<trkpt lat="59.19105786" lon="17.62568786">
<ele>13.9</ele>
<time>2026-09-18T15:29:01Z</time>
<extensions>
<tp1:TrackPointExtension>
<tp1:hr>85</tp1:hr>
</tp1:TrackPointExtension>
</extensions>
</trkpt>
<trkpt lat="59.19105099" lon="17.62568786">
<ele>13.9</ele>
<time>2026-09-18T15:29:02Z</time>
<extensions>
<tp1:TrackPointExtension>
<tp1:hr>85</tp1:hr>
</tp1:TrackPointExtension>
</extensions>
</trkpt>
<trkpt lat="59.19100841" lon="17.6256923">
<ele>13.9</ele>
<time>2026-09-18T15:29:03Z</time>
<extensions>
<tp1:TrackPointExtension>
<tp1:hr>86</tp1:hr>
</tp1:TrackPointExtension>
</extensions>
</trkpt>
<trkpt lat="59.19097572" lon="17.62566967">
<ele>14.1</ele>
<time>2026-09-18T15:29:04Z</time>
<extensions>
<tp1:TrackPointExtension>
<tp1:hr>86</tp1:hr>
</tp1:TrackPointExtension>
</extensions>
</trkpt>
<trkpt lat="59.19096096" lon="17.6256234">
<ele>14.2</ele>
<time>2026-09-18T15:29:05Z</time>
<extensions>
<tp1:TrackPointExtension>
<tp1:hr>87</tp1:hr>
</tp1:TrackPointExtension>
</extensions>
</trkpt>
<trkpt lat="59.19095476" lon="17.62557856">
<ele>14.2</ele>
<time>2026-09-18T15:29:06Z</time>
<extensions>
<tp1:TrackPointExtension>
<tp1:hr>88</tp1:hr>
</tp1:TrackPointExtension>
</extensions>
</trkpt>
<trkpt lat="59.19095049" lon="17.62551603">
<ele>14.2</ele>
<time>2026-09-18T15:29:07Z</time>
<extensions>
<tp1:TrackPointExtension>
<tp1:hr>89</tp1:hr>
</tp1:TrackPointExtension>
</extensions>
</trkpt>
<trkpt lat="59.19094789" lon="17.62545057">
<ele>14.2</ele>
<time>2026-09-18T15:29:08Z</time>
<extensions>
<tp1:TrackPointExtension>
<tp1:hr>90</tp1:hr>
</tp1:TrackPointExtension>
</extensions>
</trkpt>
<trkpt lat="59.190938" lon="17.62539181">
<ele>14.2</ele>
<time>2026-09-18T15:29:09Z</time>
<extensions>
<tp1:TrackPointExtension>
<tp1:hr>91</tp1:hr>
</tp1:TrackPointExtension>
</extensions>
</trkpt>
<trkpt lat="59.19094319" lon="17.62530849">
<ele>14.0</ele>
<time>2026-09-18T15:29:10Z</time>
<extensions>
<tp1:TrackPointExtension>
<tp1:hr>92</tp1:hr>
</tp1:TrackPointExtension>
</extensions>
</trkpt>
<trkpt lat="59.19094177" lon="17.62523079">
<ele>13.8</ele>
<time>2026-09-18T15:29:11Z</time>
<extensions>
<tp1:TrackPointExtension>
<tp1:hr>93</tp1:hr>
</tp1:TrackPointExtension>
</extensions>
</trkpt>
<trkpt lat="59.19094403" lon="17.62514932">
<ele>13.8</ele>
<time>2026-09-18T15:29:12Z</time>
<extensions>
<tp1:TrackPointExtension>
<tp1:hr>93</tp1:hr>
</tp1:TrackPointExtension>
</extensions>
</trkpt>
<trkpt lat="59.19095132" lon="17.62506642">
<ele>13.8</ele>
<time>2026-09-18T15:29:13Z</time>
<extensions>
<tp1:TrackPointExtension>
<tp1:hr>95</tp1:hr>
</tp1:TrackPointExtension>
</extensions>
</trkpt>
<trkpt lat="59.19094848" lon="17.62498386">
<ele>13.8</ele>
<time>2026-09-18T15:29:14Z</time>
<extensions>
<tp1:TrackPointExtension>
<tp1:hr>96</tp1:hr>
</tp1:TrackPointExtension>
</extensions>
</trkpt>
<trkpt lat="59.1909411" lon="17.62488144">
<ele>14.0</ele>
<time>2026-09-18T15:29:15Z</time>
<extensions>
<tp1:TrackPointExtension>
<tp1:hr>97</tp1:hr>
</tp1:TrackPointExtension>
</extensions>
</trkpt>
<trkpt lat="59.19091973" lon="17.62479569">
<ele>14.4</ele>
<time>2026-09-18T15:29:16Z</time>
<extensions>
<tp1:TrackPointExtension>
<tp1:hr>99</tp1:hr>
</tp1:TrackPointExtension>
</extensions>
</trkpt>
<trkpt lat="59.1909043" lon="17.62472109">
<ele>14.7</ele>
<time>2026-09-18T15:29:17Z</time>
<extensions>
<tp1:TrackPointExtension>
<tp1:hr>100</tp1:hr>
</tp1:TrackPointExtension>
</extensions>
</trkpt>
<trkpt lat="59.19088368" lon="17.62465135">
<ele>14.9</ele>
<time>2026-09-18T15:29:18Z</time>
<extensions>
<tp1:TrackPointExtension>
<tp1:hr>101</tp1:hr>
</tp1:TrackPointExtension>
</extensions>
</trkpt>
<trkpt lat="59.19083063" lon="17.62464272">
<ele>15.5</ele>
<time>2026-09-18T15:29:19Z</time>
<extensions>
<tp1:TrackPointExtension>
<tp1:hr>102</tp1:hr>
</tp1:TrackPointExtension>
</extensions>
</trkpt>
<trkpt lat="59.19079836" lon="17.62463677">
<ele>15.9</ele>
<time>2026-09-18T15:29:20Z</time>
<extensions>
<tp1:TrackPointExtension>
<tp1:hr>103</tp1:hr>
</tp1:TrackPointExtension>
</extensions>
</trkpt>
<trkpt lat="59.19075904" lon="17.62464716">
<ele>16.3</ele>
<time>2026-09-18T15:29:21Z</time>
<extensions>
<tp1:TrackPointExtension>
<tp1:hr>104</tp1:hr>
</tp1:TrackPointExtension>
</extensions>
</trkpt>
<trkpt lat="59.19072761" lon="17.62466468">
<ele>16.5</ele>
<time>2026-09-18T15:29:22Z</time>
<extensions>
<tp1:TrackPointExtension>
<tp1:hr>105</tp1:hr>
</tp1:TrackPointExtension>
</extensions>
</trkpt>
<trkpt lat="59.19069014" lon="17.62469226">
<ele>16.7</ele>
<time>2026-09-18T15:29:23Z</time>
<extensions>
<tp1:TrackPointExtension>
<tp1:hr>105</tp1:hr>
</tp1:TrackPointExtension>
</extensions>
</trkpt>
<trkpt lat="59.19066944" lon="17.62475453">
<ele>16.9</ele>
<time>2026-09-18T15:29:24Z</time>
<extensions>
<tp1:TrackPointExtension>
<tp1:hr>105</tp1:hr>
</tp1:TrackPointExtension>
</extensions>
</trkpt>
<trkpt lat="59.19064002" lon="17.62479594">
<ele>16.7</ele>
<time>2026-09-18T15:29:25Z</time>
<extensions>
<tp1:TrackPointExtension>
<tp1:hr>106</tp1:hr>
</tp1:TrackPointExtension>
</extensions>
</trkpt>
<trkpt lat="59.19060448" lon="17.62482628">
<ele>16.3</ele>
<time>2026-09-18T15:29:26Z</time>
<extensions>
<tp1:TrackPointExtension>
<tp1:hr>106</tp1:hr>
</tp1:TrackPointExtension>
</extensions>
</trkpt>
<trkpt lat="59.19057749" lon="17.6248443">
<ele>16.1</ele>
<time>2026-09-18T15:29:27Z</time>
<extensions>
<tp1:TrackPointExtension>
<tp1:hr>107</tp1:hr>
</tp1:TrackPointExtension>
</extensions>
</trkpt>
<trkpt lat="59.19055302" lon="17.6248552">
<ele>15.9</ele>
<time>2026-09-18T15:29:28Z</time>
<extensions>
<tp1:TrackPointExtension>
<tp1:hr>107</tp1:hr>
</tp1:TrackPointExtension>
</extensions>
</trkpt>
<trkpt lat="59.19052821" lon="17.6248671">
<ele>15.7</ele>
<time>2026-09-18T15:29:29Z</time>
<extensions>
<tp1:TrackPointExtension>
<tp1:hr>108</tp1:hr>
</tp1:TrackPointExtension>
</extensions>
</trkpt>
<trkpt lat="59.19050675" lon="17.62487766">
<ele>15.6</ele>
<time>2026-09-18T15:29:30Z</time>
<extensions>
<tp1:TrackPointExtension>
<tp1:hr>109</tp1:hr>
</tp1:TrackPointExtension>
</extensions>
</trkpt>
<trkpt lat="59.19048202" lon="17.62489619">
<ele>15.6</ele>
<time>2026-09-18T15:29:31Z</time>
<extensions>
<tp1:TrackPointExtension>
<tp1:hr>109</tp1:hr>
</tp1:TrackPointExtension>
</extensions>
</trkpt>
<trkpt lat="59.19045042" lon="17.62490524">
<ele>15.8</ele>
<time>2026-09-18T15:29:32Z</time>
<extensions>
<tp1:TrackPointExtension>
<tp1:hr>110</tp1:hr>
</tp1:TrackPointExtension>
</extensions>
</trkpt>
<trkpt lat="59.19042276" lon="17.62491991">
<ele>16.0</ele>
<time>2026-09-18T15:29:33Z</time>
<extensions>
<tp1:TrackPointExtension>
<tp1:hr>110</tp1:hr>
</tp1:TrackPointExtension>
</extensions>
</trkpt>
<trkpt lat="59.19039175" lon="17.62492913">
<ele>16.4</ele>
<time>2026-09-18T15:29:34Z</time>
<extensions>
<tp1:TrackPointExtension>
<tp1:hr>110</tp1:hr>
</tp1:TrackPointExtension>
</extensions>
</trkpt>
<trkpt lat="59.19036476" lon="17.62493181">
<ele>16.8</ele>
<time>2026-09-18T15:29:35Z</time>
<extensions>
<tp1:TrackPointExtension>
<tp1:hr>111</tp1:hr>
</tp1:TrackPointExtension>
</extensions>
</trkpt>
<trkpt lat="59.19032662" lon="17.62492343">
<ele>17.4</ele>
<time>2026-09-18T15:29:36Z</time>
<extensions>
<tp1:TrackPointExtension>
<tp1:hr>111</tp1:hr>
</tp1:TrackPointExtension>
</extensions>
</trkpt>
<trkpt lat="59.19029167" lon="17.62492326">
<ele>17.6</ele>
<time>2026-09-18T15:29:37Z</time>
<extensions>
<tp1:TrackPointExtension>
<tp1:hr>112</tp1:hr>
</tp1:TrackPointExtension>
</extensions>
</trkpt>
<trkpt lat="59.19024222" lon="17.62490901">
<ele>17.8</ele>
<time>2026-09-18T15:29:38Z</time>
<extensions>
<tp1:TrackPointExtension>
<tp1:hr>113</tp1:hr>
</tp1:TrackPointExtension>
</extensions>
</trkpt>
<trkpt lat="59.19019276" lon="17.62490365">
<ele>18.0</ele>
<time>2026-09-18T15:29:39Z</time>
<extensions>
<tp1:TrackPointExtension>
<tp1:hr>114</tp1:hr>
</tp1:TrackPointExtension>
</extensions>
</trkpt>
<trkpt lat="59.1901304" lon="17.62488454">
<ele>18.0</ele>
<time>2026-09-18T15:29:40Z</time>
<extensions>
<tp1:TrackPointExtension>
<tp1:hr>114</tp1:hr>
</tp1:TrackPointExtension>
</extensions>
</trkpt>
<trkpt lat="59.19008598" lon="17.6248469">
<ele>18.0</ele>
<time>2026-09-18T15:29:41Z</time>
<extensions>
<tp1:TrackPointExtension>
<tp1:hr>114</tp1:hr>
</tp1:TrackPointExtension>
</extensions>
</trkpt>
<trkpt lat="59.19005052" lon="17.62477012">
<ele>18.2</ele>
<time>2026-09-18T15:29:42Z</time>
<extensions>
<tp1:TrackPointExtension>
<tp1:hr>115</tp1:hr>
</tp1:TrackPointExtension>
</extensions>
</trkpt>
<trkpt lat="59.19002035" lon="17.62470257">
<ele>18.7</ele>
<time>2026-09-18T15:29:43Z</time>
<extensions>
<tp1:TrackPointExtension>
<tp1:hr>116</tp1:hr>
</tp1:TrackPointExtension>
</extensions>
</trkpt>
<trkpt lat="59.19000241" lon="17.62462093">
<ele>19.1</ele>
<time>2026-09-18T15:29:44Z</time>
<extensions>
<tp1:TrackPointExtension>
<tp1:hr>117</tp1:hr>
</tp1:TrackPointExtension>
</extensions>
</trkpt>
<trkpt lat="59.18998514" lon="17.62454716">
<ele>19.3</ele>
<time>2026-09-18T15:29:45Z</time>
<extensions>
<tp1:TrackPointExtension>
<tp1:hr>118</tp1:hr>
</tp1:TrackPointExtension>
</extensions>
</trkpt>
<trkpt lat="59.1899719" lon="17.62447449">
<ele>19.9</ele>
<time>2026-09-18T15:29:46Z</time>
<extensions>
<tp1:TrackPointExtension>
<tp1:hr>119</tp1:hr>
</tp1:TrackPointExtension>
</extensions>
</trkpt>
<trkpt lat="59.18996494" lon="17.62440744">
<ele>20.5</ele>
<time>2026-09-18T15:29:47Z</time>
<extensions>
<tp1:TrackPointExtension>
<tp1:hr>121</tp1:hr>
</tp1:TrackPointExtension>
</extensions>
</trkpt>
<trkpt lat="59.18998456" lon="17.62433024">
<ele>20.9</ele>
<time>2026-09-18T15:29:48Z</time>
<extensions>
<tp1:TrackPointExtension>
<tp1:hr>122</tp1:hr>
</tp1:TrackPointExtension>
</extensions>
</trkpt>
<trkpt lat="59.18999973" lon="17.62427559">
<ele>21.5</ele>
<time>2026-09-18T15:29:49Z</time>
<extensions>
<tp1:TrackPointExtension>
<tp1:hr>122</tp1:hr>
</tp1:TrackPointExtension>
</extensions>
</trkpt>
<trkpt lat="59.19002772" lon="17.62420443">
<ele>22.1</ele>
<time>2026-09-18T15:29:50Z</time>
<extensions>
<tp1:TrackPointExtension>
<tp1:hr>124</tp1:hr>
</tp1:TrackPointExtension>
</extensions>
</trkpt>
<trkpt lat="59.19005035" lon="17.62416042">
<ele>22.9</ele>
<time>2026-09-18T15:29:51Z</time>
<extensions>
<tp1:TrackPointExtension>
<tp1:hr>125</tp1:hr>
</tp1:TrackPointExtension>
</extensions>
</trkpt>
<trkpt lat="59.19007986" lon="17.62411038">
<ele>23.5</ele>
<time>2026-09-18T15:29:52Z</time>
<extensions>
<tp1:TrackPointExtension>
<tp1:hr>127</tp1:hr>
</tp1:TrackPointExtension>
</extensions>
</trkpt>
<trkpt lat="59.19010241" lon="17.6240637">
<ele>24.1</ele>
<time>2026-09-18T15:29:53Z</time>
<extensions>
<tp1:TrackPointExtension>
<tp1:hr>129</tp1:hr>
</tp1:TrackPointExtension>
</extensions>
</trkpt>
<trkpt lat="59.19013342" lon="17.62401626">
<ele>24.5</ele>
<time>2026-09-18T15:29:54Z</time>
<extensions>
<tp1:TrackPointExtension>
<tp1:hr>131</tp1:hr>
</tp1:TrackPointExtension>
</extensions>
</trkpt>
<trkpt lat="59.19015437" lon="17.62397912">
<ele>24.8</ele>
<time>2026-09-18T15:29:55Z</time>
<extensions>
<tp1:TrackPointExtension>
<tp1:hr>133</tp1:hr>
</tp1:TrackPointExtension>
</extensions>
</trkpt>
<trkpt lat="59.1901755" lon="17.62390444">
<ele>24.8</ele>
<time>2026-09-18T15:29:56Z</time>
<extensions>
<tp1:TrackPointExtension>
<tp1:hr>134</tp1:hr>
</tp1:TrackPointExtension>
</extensions>
</trkpt>
<trkpt lat="59.1901988" lon="17.62384149">
<ele>25.0</ele>
<time>2026-09-18T15:29:57Z</time>
<extensions>
<tp1:TrackPointExtension>
<tp1:hr>135</tp1:hr>
</tp1:TrackPointExtension>
</extensions>
</trkpt>
<trkpt lat="59.19020207" lon="17.62375315">
<ele>25.4</ele>
<time>2026-09-18T15:29:58Z</time>
<extensions>
<tp1:TrackPointExtension>
<tp1:hr>136</tp1:hr>
</tp1:TrackPointExtension>
</extensions>
</trkpt>
<trkpt lat="59.19019779" lon="17.62368391">
<ele>25.8</ele>
<time>2026-09-18T15:29:59Z</time>
<extensions>
<tp1:TrackPointExtension>
<tp1:hr>137</tp1:hr>
</tp1:TrackPointExtension>
</extensions>
</trkpt>
<trkpt lat="59.19018698" lon="17.62359959">
<ele>26.2</ele>
<time>2026-09-18T15:30:00Z</time>
<extensions>
<tp1:TrackPointExtension>
<tp1:hr>138</tp1:hr>
</tp1:TrackPointExtension>
</extensions>
</trkpt>
<trkpt lat="59.19017692" lon="17.62351468">
<ele>26.4</ele>
<time>2026-09-18T15:30:01Z</time>
<extensions>
<tp1:TrackPointExtension>
<tp1:hr>138</tp1:hr>
</tp1:TrackPointExtension>
</extensions>
</trkpt>
<trkpt lat="59.19017415" lon="17.6234193">
<ele>26.8</ele>
<time>2026-09-18T15:30:02Z</time>
<extensions>
<tp1:TrackPointExtension>
<tp1:hr>138</tp1:hr>
</tp1:TrackPointExtension>
</extensions>
</trkpt>
<trkpt lat="59.19019083" lon="17.6233509">
<ele>27.0</ele>
<time>2026-09-18T15:30:03Z</time>
<extensions>
<tp1:TrackPointExtension>
<tp1:hr>138</tp1:hr>
</tp1:TrackPointExtension>
</extensions>
</trkpt>
<trkpt lat="59.19020508" lon="17.6233079">
<ele>27.0</ele>
<time>2026-09-18T15:30:04Z</time>
<extensions>
<tp1:TrackPointExtension>
<tp1:hr>139</tp1:hr>
</tp1:TrackPointExtension>
</extensions>
</trkpt>
<trkpt lat="59.19024146" lon="17.62324453">
<ele>27.2</ele>
<time>2026-09-18T15:30:05Z</time>
<extensions>
<tp1:TrackPointExtension>
<tp1:hr>138</tp1:hr>
</tp1:TrackPointExtension>
</extensions>
</trkpt>
<trkpt lat="59.19026334" lon="17.62320229">
<ele>27.4</ele>
<time>2026-09-18T15:30:06Z</time>
<extensions>
<tp1:TrackPointExtension>
<tp1:hr>139</tp1:hr>
</tp1:TrackPointExtension>
</extensions>
</trkpt>
<trkpt lat="59.19030248" lon="17.62317932">
<ele>27.6</ele>
<time>2026-09-18T15:30:07Z</time>
<extensions>
<tp1:TrackPointExtension>
<tp1:hr>139</tp1:hr>
</tp1:TrackPointExtension>
</extensions>
</trkpt>
<trkpt lat="59.19033987" lon="17.62314755">
<ele>27.9</ele>
<time>2026-09-18T15:30:08Z</time>
<extensions>
<tp1:TrackPointExtension>
<tp1:hr>140</tp1:hr>
</tp1:TrackPointExtension>
</extensions>
</trkpt>
<trkpt lat="59.19037306" lon="17.62310372">
<ele>27.9</ele>
<time>2026-09-18T15:30:09Z</time>
<extensions>
<tp1:TrackPointExtension>
<tp1:hr>141</tp1:hr>
</tp1:TrackPointExtension>
</extensions>
</trkpt>
<trkpt lat="59.19038999" lon="17.62306843">
<ele>28.1</ele>
<time>2026-09-18T15:30:10Z</time>
<extensions>
<tp1:TrackPointExtension>
<tp1:hr>142</tp1:hr>
</tp1:TrackPointExtension>
</extensions>
</trkpt>
<trkpt lat="59.19040449" lon="17.62304706">
<ele>28.1</ele>
<time>2026-09-18T15:30:11Z</time>
<extensions>
<tp1:TrackPointExtension>
<tp1:hr>143</tp1:hr>
</tp1:TrackPointExtension>
</extensions>
</trkpt>
<trkpt lat="59.19039904" lon="17.62308042">
<ele>28.1</ele>
<time>2026-09-18T15:30:12Z</time>
<extensions>
<tp1:TrackPointExtension>
<tp1:hr>144</tp1:hr>
</tp1:TrackPointExtension>
</extensions>
</trkpt>
<trkpt lat="59.19038303" lon="17.6231349">
<ele>27.9</ele>
<time>2026-09-18T15:30:13Z</time>
<extensions>
<tp1:TrackPointExtension>
<tp1:hr>144</tp1:hr>
</tp1:TrackPointExtension>
</extensions>
</trkpt>
<trkpt lat="59.19036015" lon="17.62316742">
<ele>27.9</ele>
<time>2026-09-18T15:30:14Z</time>
<extensions>
<tp1:TrackPointExtension>
<tp1:hr>144</tp1:hr>
</tp1:TrackPointExtension>
</extensions>
</trkpt>
<trkpt lat="59.19033006" lon="17.62319818">
<ele>27.9</ele>
<time>2026-09-18T15:30:15Z</time>
<extensions>
<tp1:TrackPointExtension>
<tp1:hr>144</tp1:hr>
</tp1:TrackPointExtension>
</extensions>
</trkpt>
<trkpt lat="59.19029343" lon="17.62322685">
<ele>27.9</ele>
<time>2026-09-18T15:30:16Z</time>
<extensions>
<tp1:TrackPointExtension>
<tp1:hr>144</tp1:hr>
</tp1:TrackPointExtension>
</extensions>
</trkpt>
<trkpt lat="59.19025839" lon="17.62326322">
<ele>27.9</ele>
<time>2026-09-18T15:30:17Z</time>
<extensions>
<tp1:TrackPointExtension>
<tp1:hr>144</tp1:hr>
</tp1:TrackPointExtension>
</extensions>
</trkpt>
<trkpt lat="59.1902226" lon="17.62329734">
<ele>27.9</ele>
<time>2026-09-18T15:30:18Z</time>
<extensions>
<tp1:TrackPointExtension>
<tp1:hr>145</tp1:hr>
</tp1:TrackPointExtension>
</extensions>
</trkpt>
<trkpt lat="59.19018857" lon="17.62332492">
<ele>27.7</ele>
<time>2026-09-18T15:30:19Z</time>
<extensions>
<tp1:TrackPointExtension>
<tp1:hr>146</tp1:hr>
</tp1:TrackPointExtension>
</extensions>
</trkpt>
<trkpt lat="59.19015479" lon="17.62334889">
<ele>27.5</ele>
<time>2026-09-18T15:30:20Z</time>
<extensions>
<tp1:TrackPointExtension>
<tp1:hr>147</tp1:hr>
</tp1:TrackPointExtension>
</extensions>
</trkpt>
<trkpt lat="59.19013769" lon="17.62333145">
<ele>27.6</ele>
<time>2026-09-18T15:30:21Z</time>
<extensions>
<tp1:TrackPointExtension>
<tp1:hr>147</tp1:hr>
</tp1:TrackPointExtension>
</extensions>
</trkpt>
<trkpt lat="59.19014297" lon="17.62327697">
<ele>27.4</ele>
<time>2026-09-18T15:30:22Z</time>
<extensions>
<tp1:TrackPointExtension>
<tp1:hr>148</tp1:hr>
</tp1:TrackPointExtension>
</extensions>
</trkpt>
<trkpt lat="59.19014524" lon="17.62321302">
<ele>27.4</ele>
<time>2026-09-18T15:30:23Z</time>
<extensions>
<tp1:TrackPointExtension>
<tp1:hr>148</tp1:hr>
</tp1:TrackPointExtension>
</extensions>
</trkpt>
<trkpt lat="59.19016368" lon="17.62312249">
<ele>27.6</ele>
<time>2026-09-18T15:30:24Z</time>
<extensions>
<tp1:TrackPointExtension>
<tp1:hr>148</tp1:hr>
</tp1:TrackPointExtension>
</extensions>
</trkpt>
<trkpt lat="59.19018312" lon="17.62304915">
<ele>27.8</ele>
<time>2026-09-18T15:30:25Z</time>
<extensions>
<tp1:TrackPointExtension>
<tp1:hr>148</tp1:hr>
</tp1:TrackPointExtension>
</extensions>
</trkpt>
<trkpt lat="59.19020391" lon="17.62297522">
<ele>28.0</ele>
<time>2026-09-18T15:30:26Z</time>
<extensions>
<tp1:TrackPointExtension>
<tp1:hr>148</tp1:hr>
</tp1:TrackPointExtension>
</extensions>
</trkpt>
<trkpt lat="59.19021581" lon="17.62292133">
<ele>28.0</ele>
<time>2026-09-18T15:30:27Z</time>
<extensions>
<tp1:TrackPointExtension>
<tp1:hr>148</tp1:hr>
</tp1:TrackPointExtension>
</extensions>
</trkpt>
<trkpt lat="59.19023341" lon="17.62285595">
<ele>28.4</ele>
<time>2026-09-18T15:30:28Z</time>
<extensions>
<tp1:TrackPointExtension>
<tp1:hr>148</tp1:hr>
</tp1:TrackPointExtension>
</extensions>
</trkpt>
<trkpt lat="59.19024062" lon="17.62280976">
<ele>28.8</ele>
<time>2026-09-18T15:30:29Z</time>
<extensions>
<tp1:TrackPointExtension>
<tp1:hr>147</tp1:hr>
</tp1:TrackPointExtension>
</extensions>
</trkpt>
<trkpt lat="59.19019754" lon="17.62279535">
<ele>29.2</ele>
<time>2026-09-18T15:30:30Z</time>
<extensions>
<tp1:TrackPointExtension>
<tp1:hr>147</tp1:hr>
</tp1:TrackPointExtension>
</extensions>
</trkpt>
<trkpt lat="59.19016703" lon="17.62280784">
<ele>29.6</ele>
<time>2026-09-18T15:30:31Z</time>
<extensions>
<tp1:TrackPointExtension>
<tp1:hr>147</tp1:hr>
</tp1:TrackPointExtension>
</extensions>
</trkpt>
<trkpt lat="59.19012328" lon="17.62281706">
<ele>29.8</ele>
<time>2026-09-18T15:30:32Z</time>
<extensions>
<tp1:TrackPointExtension>
<tp1:hr>146</tp1:hr>
</tp1:TrackPointExtension>
</extensions>
</trkpt>
<trkpt lat="59.1900931" lon="17.62284094">
<ele>29.9</ele>
<time>2026-09-18T15:30:33Z</time>
<extensions>
<tp1:TrackPointExtension>
<tp1:hr>146</tp1:hr>
</tp1:TrackPointExtension>
</extensions>
</trkpt>
<trkpt lat="59.19004742" lon="17.6228557">
<ele>30.3</ele>
<time>2026-09-18T15:30:34Z</time>
<extensions>
<tp1:TrackPointExtension>
<tp1:hr>146</tp1:hr>
</tp1:TrackPointExtension>
</extensions>
</trkpt>
<trkpt lat="59.19000995" lon="17.6228712">
<ele>30.5</ele>
<time>2026-09-18T15:30:35Z</time>
<extensions>
<tp1:TrackPointExtension>
<tp1:hr>146</tp1:hr>
</tp1:TrackPointExtension>
</extensions>
</trkpt>
<trkpt lat="59.18997316" lon="17.6228935">
<ele>31.1</ele>
<time>2026-09-18T15:30:36Z</time>
<extensions>
<tp1:TrackPointExtension>
<tp1:hr>147</tp1:hr>
</tp1:TrackPointExtension>
</extensions>
</trkpt>
<trkpt lat="59.18994156" lon="17.62290657">
<ele>31.5</ele>
<time>2026-09-18T15:30:37Z</time>
<extensions>
<tp1:TrackPointExtension>
<tp1:hr>148</tp1:hr>
</tp1:TrackPointExtension>
</extensions>
</trkpt>
<trkpt lat="59.18990971" lon="17.62292166">
<ele>31.9</ele>
<time>2026-09-18T15:30:38Z</time>
<extensions>
<tp1:TrackPointExtension>
<tp1:hr>149</tp1:hr>
</tp1:TrackPointExtension>
</extensions>
</trkpt>
<trkpt lat="59.18987953" lon="17.62293457">
<ele>32.3</ele>
<time>2026-09-18T15:30:39Z</time>
<extensions>
<tp1:TrackPointExtension>
<tp1:hr>149</tp1:hr>
</tp1:TrackPointExtension>
</extensions>
</trkpt>
<trkpt lat="59.18984936" lon="17.62295519">
<ele>32.7</ele>
<time>2026-09-18T15:30:40Z</time>
<extensions>
<tp1:TrackPointExtension>
<tp1:hr>150</tp1:hr>
</tp1:TrackPointExtension>
</extensions>
</trkpt>
<trkpt lat="59.18982371" lon="17.62297011">
<ele>33.1</ele>
<time>2026-09-18T15:30:41Z</time>
<extensions>
<tp1:TrackPointExtension>
<tp1:hr>151</tp1:hr>
</tp1:TrackPointExtension>
</extensions>
</trkpt>
<trkpt lat="59.18978934" lon="17.62297472">
<ele>33.5</ele>
<time>2026-09-18T15:30:42Z</time>
<extensions>
<tp1:TrackPointExtension>
<tp1:hr>151</tp1:hr>
</tp1:TrackPointExtension>
</extensions>
</trkpt>
<trkpt lat="59.18975933" lon="17.62296793">
<ele>33.9</ele>
<time>2026-09-18T15:30:43Z</time>
<extensions>
<tp1:TrackPointExtension>
<tp1:hr>152</tp1:hr>
</tp1:TrackPointExtension>
</extensions>
</trkpt>
<trkpt lat="59.18972572" lon="17.62293457">
<ele>34.1</ele>
<time>2026-09-18T15:30:44Z</time>
<extensions>
<tp1:TrackPointExtension>
<tp1:hr>154</tp1:hr>
</tp1:TrackPointExtension>
</extensions>
</trkpt>
<trkpt lat="59.18969714" lon="17.62289518">
<ele>34.3</ele>
<time>2026-09-18T15:30:45Z</time>
<extensions>
<tp1:TrackPointExtension>
<tp1:hr>156</tp1:hr>
</tp1:TrackPointExtension>
</extensions>
</trkpt>
<trkpt lat="59.18967015" lon="17.62285788">
<ele>34.6</ele>
<time>2026-09-18T15:30:46Z</time>
<extensions>
<tp1:TrackPointExtension>
<tp1:hr>159</tp1:hr>
</tp1:TrackPointExtension>
</extensions>
</trkpt>
<trkpt lat="59.18964257" lon="17.62281991">
<ele>34.8</ele>
<time>2026-09-18T15:30:47Z</time>
<extensions>
<tp1:TrackPointExtension>
<tp1:hr>161</tp1:hr>
</tp1:TrackPointExtension>
</extensions>
</trkpt>
<trkpt lat="59.18961542" lon="17.62281379">
<ele>35.0</ele>
<time>2026-09-18T15:30:48Z</time>
<extensions>
<tp1:TrackPointExtension>
<tp1:hr>162</tp1:hr>
</tp1:TrackPointExtension>
</extensions>
</trkpt>
<trkpt lat="59.18957761" lon="17.62278764">
<ele>35.4</ele>
<time>2026-09-18T15:30:49Z</time>
<extensions>
<tp1:TrackPointExtension>
<tp1:hr>163</tp1:hr>
</tp1:TrackPointExtension>
</extensions>
</trkpt>
<trkpt lat="59.18954954" lon="17.62277406">
<ele>35.6</ele>
<time>2026-09-18T15:30:50Z</time>
<extensions>
<tp1:TrackPointExtension>
<tp1:hr>163</tp1:hr>
</tp1:TrackPointExtension>
</extensions>
</trkpt>
<trkpt lat="59.18951224" lon="17.62275813">
<ele>35.8</ele>
<time>2026-09-18T15:30:51Z</time>
<extensions>
<tp1:TrackPointExtension>
<tp1:hr>164</tp1:hr>
</tp1:TrackPointExtension>
</extensions>
</trkpt>
<trkpt lat="59.18947837" lon="17.62274254">
<ele>35.8</ele>
<time>2026-09-18T15:30:52Z</time>
<extensions>
<tp1:TrackPointExtension>
<tp1:hr>164</tp1:hr>
</tp1:TrackPointExtension>
</extensions>
</trkpt>
<trkpt lat="59.18944225" lon="17.62272636">
<ele>36.2</ele>
<time>2026-09-18T15:30:53Z</time>
<extensions>
<tp1:TrackPointExtension>
<tp1:hr>165</tp1:hr>
</tp1:TrackPointExtension>
</extensions>
</trkpt>
<trkpt lat="59.18941501" lon="17.62271203">
<ele>36.4</ele>
<time>2026-09-18T15:30:54Z</time>
<extensions>
<tp1:TrackPointExtension>
<tp1:hr>165</tp1:hr>
</tp1:TrackPointExtension>
</extensions>
</trkpt>
<trkpt lat="59.18938852" lon="17.62271035">
<ele>36.8</ele>
<time>2026-09-18T15:30:55Z</time>
<extensions>
<tp1:TrackPointExtension>
<tp1:hr>165</tp1:hr>
</tp1:TrackPointExtension>
</extensions>
</trkpt>
<trkpt lat="59.18935809" lon="17.62270264">
<ele>37.2</ele>
<time>2026-09-18T15:30:56Z</time>
<extensions>
<tp1:TrackPointExtension>
<tp1:hr>166</tp1:hr>
</tp1:TrackPointExtension>
</extensions>
</trkpt>
<trkpt lat="59.18933538" lon="17.62270759">
<ele>37.6</ele>
<time>2026-09-18T15:30:57Z</time>
<extensions>
<tp1:TrackPointExtension>
<tp1:hr>166</tp1:hr>
</tp1:TrackPointExtension>
</extensions>
</trkpt>
<trkpt lat="59.18930294" lon="17.62270533">
<ele>38.1</ele>
<time>2026-09-18T15:30:58Z</time>
<extensions>
<tp1:TrackPointExtension>
<tp1:hr>166</tp1:hr>
</tp1:TrackPointExtension>
</extensions>
</trkpt>
<trkpt lat="59.18928391" lon="17.62272016">
<ele>38.5</ele>
<time>2026-09-18T15:30:59Z</time>
<extensions>
<tp1:TrackPointExtension>
<tp1:hr>167</tp1:hr>
</tp1:TrackPointExtension>
</extensions>
</trkpt>
<trkpt lat="59.18927905" lon="17.62270633">
<ele>38.9</ele>
<time>2026-09-18T15:31:00Z</time>
<extensions>
<tp1:TrackPointExtension>
<tp1:hr>167</tp1:hr>
</tp1:TrackPointExtension>
</extensions>
</trkpt>
<trkpt lat="59.18929406" lon="17.6227091">
<ele>39.1</ele>
<time>2026-09-18T15:31:01Z</time>
<extensions>
<tp1:TrackPointExtension>
<tp1:hr>167</tp1:hr>
</tp1:TrackPointExtension>
</extensions>
</trkpt>
<trkpt lat="59.18931459" lon="17.62272771">
<ele>39.1</ele>
<time>2026-09-18T15:31:02Z</time>
<extensions>
<tp1:TrackPointExtension>
<tp1:hr>168</tp1:hr>
</tp1:TrackPointExtension>
</extensions>
</trkpt>
<trkpt lat="59.189342" lon="17.62275511">
<ele>38.9</ele>
<time>2026-09-18T15:31:03Z</time>
<extensions>
<tp1:TrackPointExtension>
<tp1:hr>168</tp1:hr>
</tp1:TrackPointExtension>
</extensions>
</trkpt>
<trkpt lat="59.18936815" lon="17.6227992">
<ele>38.3</ele>
<time>2026-09-18T15:31:04Z</time>
<extensions>
<tp1:TrackPointExtension>
<tp1:hr>168</tp1:hr>
</tp1:TrackPointExtension>
</extensions>
</trkpt>
<trkpt lat="59.18939849" lon="17.62285536">
<ele>37.5</ele>
<time>2026-09-18T15:31:05Z</time>
<extensions>
<tp1:TrackPointExtension>
<tp1:hr>168</tp1:hr>
</tp1:TrackPointExtension>
</extensions>
</trkpt>
<trkpt lat="59.1894176" lon="17.62292191">
<ele>36.5</ele>
<time>2026-09-18T15:31:06Z</time>
<extensions>
<tp1:TrackPointExtension>
<tp1:hr>168</tp1:hr>
</tp1:TrackPointExtension>
</extensions>
</trkpt>
<trkpt lat="59.18942833" lon="17.62300523">
<ele>35.7</ele>
<time>2026-09-18T15:31:07Z</time>
<extensions>
<tp1:TrackPointExtension>
<tp1:hr>168</tp1:hr>
</tp1:TrackPointExtension>
</extensions>
</trkpt>
<trkpt lat="59.18942397" lon="17.62306835">
<ele>35.1</ele>
<time>2026-09-18T15:31:08Z</time>
<extensions>
<tp1:TrackPointExtension>
<tp1:hr>168</tp1:hr>
</tp1:TrackPointExtension>
</extensions>
</trkpt>
<trkpt lat="59.18941216" lon="17.62313867">
<ele>34.7</ele>
<time>2026-09-18T15:31:09Z</time>
<extensions>
<tp1:TrackPointExtension>
<tp1:hr>168</tp1:hr>
</tp1:TrackPointExtension>
</extensions>
</trkpt>
<trkpt lat="59.18940294" lon="17.62320757">
<ele>34.5</ele>
<time>2026-09-18T15:31:10Z</time>
<extensions>
<tp1:TrackPointExtension>
<tp1:hr>168</tp1:hr>
</tp1:TrackPointExtension>
</extensions>
</trkpt>
<trkpt lat="59.18939388" lon="17.62328896">
<ele>34.0</ele>
<time>2026-09-18T15:31:11Z</time>
<extensions>
<tp1:TrackPointExtension>
<tp1:hr>168</tp1:hr>
</tp1:TrackPointExtension>
</extensions>
</trkpt>
<trkpt lat="59.18938198" lon="17.62337755">
<ele>33.8</ele>
<time>2026-09-18T15:31:12Z</time>
<extensions>
<tp1:TrackPointExtension>
<tp1:hr>168</tp1:hr>
</tp1:TrackPointExtension>
</extensions>
</trkpt>
<trkpt lat="59.1893762" lon="17.62345584">
<ele>32.8</ele>
<time>2026-09-18T15:31:13Z</time>
<extensions>
<tp1:TrackPointExtension>
<tp1:hr>168</tp1:hr>
</tp1:TrackPointExtension>
</extensions>
</trkpt>
<trkpt lat="59.18937209" lon="17.62353589">
<ele>31.8</ele>
<time>2026-09-18T15:31:14Z</time>
<extensions>
<tp1:TrackPointExtension>
<tp1:hr>167</tp1:hr>
</tp1:TrackPointExtension>
</extensions>
</trkpt>
<trkpt lat="59.18936798" lon="17.623613">
<ele>30.8</ele>
<time>2026-09-18T15:31:15Z</time>
<extensions>
<tp1:TrackPointExtension>
<tp1:hr>167</tp1:hr>
</tp1:TrackPointExtension>
</extensions>
</trkpt>
<trkpt lat="59.18937117" lon="17.62368877">
<ele>30.0</ele>
<time>2026-09-18T15:31:16Z</time>
<extensions>
<tp1:TrackPointExtension>
<tp1:hr>167</tp1:hr>
</tp1:TrackPointExtension>
</extensions>
</trkpt>
<trkpt lat="59.18937176" lon="17.62375985">
<ele>29.4</ele>
<time>2026-09-18T15:31:17Z</time>
<extensions>
<tp1:TrackPointExtension>
<tp1:hr>166</tp1:hr>
</tp1:TrackPointExtension>
</extensions>
</trkpt>
<trkpt lat="59.1893674" lon="17.62383655">
<ele>28.8</ele>
<time>2026-09-18T15:31:18Z</time>
<extensions>
<tp1:TrackPointExtension>
<tp1:hr>166</tp1:hr>
</tp1:TrackPointExtension>
</extensions>
</trkpt>
<trkpt lat="59.18936874" lon="17.62389665">
<ele>28.6</ele>
<time>2026-09-18T15:31:19Z</time>
<extensions>
<tp1:TrackPointExtension>
<tp1:hr>166</tp1:hr>
</tp1:TrackPointExtension>
</extensions>
</trkpt>
<trkpt lat="59.18936941" lon="17.62394761">
<ele>28.2</ele>
<time>2026-09-18T15:31:20Z</time>
<extensions>
<tp1:TrackPointExtension>
<tp1:hr>165</tp1:hr>
</tp1:TrackPointExtension>
</extensions>
</trkpt>
<trkpt lat="59.18937553" lon="17.62397929">
<ele>28.0</ele>
<time>2026-09-18T15:31:21Z</time>
<extensions>
<tp1:TrackPointExtension>
<tp1:hr>165</tp1:hr>
</tp1:TrackPointExtension>
</extensions>
</trkpt>
<trkpt lat="59.18937159" lon="17.62401223">
<ele>27.6</ele>
<time>2026-09-18T15:31:22Z</time>
<extensions>
<tp1:TrackPointExtension>
<tp1:hr>164</tp1:hr>
</tp1:TrackPointExtension>
</extensions>
</trkpt>
<trkpt lat="59.1893601" lon="17.62398734">
<ele>27.2</ele>
<time>2026-09-18T15:31:23Z</time>
<extensions>
<tp1:TrackPointExtension>
<tp1:hr>164</tp1:hr>
</tp1:TrackPointExtension>
</extensions>
</trkpt>
<trkpt lat="59.18934837" lon="17.62397351">
<ele>27.1</ele>
<time>2026-09-18T15:31:24Z</time>
<extensions>
<tp1:TrackPointExtension>
<tp1:hr>163</tp1:hr>
</tp1:TrackPointExtension>
</extensions>
</trkpt>
<trkpt lat="59.18933731" lon="17.62393612">
<ele>26.9</ele>
<time>2026-09-18T15:31:25Z</time>
<extensions>
<tp1:TrackPointExtension>
<tp1:hr>163</tp1:hr>
</tp1:TrackPointExtension>
</extensions>
</trkpt>
<trkpt lat="59.18933429" lon="17.62392322">
<ele>26.7</ele>
<time>2026-09-18T15:31:26Z</time>
<extensions>
<tp1:TrackPointExtension>
<tp1:hr>162</tp1:hr>
</tp1:TrackPointExtension>
</extensions>
</trkpt>
<trkpt lat="59.18932574" lon="17.62391257">
<ele>26.9</ele>
<time>2026-09-18T15:31:27Z</time>
<extensions>
<tp1:TrackPointExtension>
<tp1:hr>160</tp1:hr>
</tp1:TrackPointExtension>
</extensions>
</trkpt>
<trkpt lat="59.18932222" lon="17.62390218">
<ele>27.1</ele>
<time>2026-09-18T15:31:28Z</time>
<extensions>
<tp1:TrackPointExtension>
<tp1:hr>159</tp1:hr>
</tp1:TrackPointExtension>
</extensions>
</trkpt>
<trkpt lat="59.18933161" lon="17.62388843">
<ele>27.3</ele>
<time>2026-09-18T15:31:29Z</time>
<extensions>
<tp1:TrackPointExtension>
<tp1:hr>158</tp1:hr>
</tp1:TrackPointExtension>
</extensions>
</trkpt>
<trkpt lat="59.1893586" lon="17.62385901">
<ele>27.5</ele>
<time>2026-09-18T15:31:30Z</time>
<extensions>
<tp1:TrackPointExtension>
<tp1:hr>157</tp1:hr>
</tp1:TrackPointExtension>
</extensions>
</trkpt>
<trkpt lat="59.1894057" lon="17.62381157">
<ele>27.5</ele>
<time>2026-09-18T15:31:31Z</time>
<extensions>
<tp1:TrackPointExtension>
<tp1:hr>157</tp1:hr>
</tp1:TrackPointExtension>
</extensions>
</trkpt>
<trkpt lat="59.18944786" lon="17.62375994">
<ele>27.5</ele>
<time>2026-09-18T15:31:32Z</time>
<extensions>
<tp1:TrackPointExtension>
<tp1:hr>156</tp1:hr>
</tp1:TrackPointExtension>
</extensions>
</trkpt>
<trkpt lat="59.18949095" lon="17.62371677">
<ele>27.5</ele>
<time>2026-09-18T15:31:33Z</time>
<extensions>
<tp1:TrackPointExtension>
<tp1:hr>155</tp1:hr>
</tp1:TrackPointExtension>
</extensions>
</trkpt>
<trkpt lat="59.18953839" lon="17.62366153">
<ele>27.5</ele>
<time>2026-09-18T15:31:34Z</time>
<extensions>
<tp1:TrackPointExtension>
<tp1:hr>155</tp1:hr>
</tp1:TrackPointExtension>
</extensions>
</trkpt>
<trkpt lat="59.18957401" lon="17.6236156">
<ele>27.7</ele>
<time>2026-09-18T15:31:35Z</time>
<extensions>
<tp1:TrackPointExtension>
<tp1:hr>155</tp1:hr>
</tp1:TrackPointExtension>
</extensions>
</trkpt>
<trkpt lat="59.18961097" lon="17.62358584">
<ele>27.6</ele>
<time>2026-09-18T15:31:36Z</time>
<extensions>
<tp1:TrackPointExtension>
<tp1:hr>156</tp1:hr>
</tp1:TrackPointExtension>
</extensions>
</trkpt>
<trkpt lat="59.18964811" lon="17.6235809">
<ele>27.6</ele>
<time>2026-09-18T15:31:37Z</time>
<extensions>
<tp1:TrackPointExtension>
<tp1:hr>156</tp1:hr>
</tp1:TrackPointExtension>
</extensions>
</trkpt>
<trkpt lat="59.18968742" lon="17.62360739">
<ele>27.4</ele>
<time>2026-09-18T15:31:38Z</time>
<extensions>
<tp1:TrackPointExtension>
<tp1:hr>156</tp1:hr>
</tp1:TrackPointExtension>
</extensions>
</trkpt>
<trkpt lat="59.18971432" lon="17.62363823">
<ele>26.8</ele>
<time>2026-09-18T15:31:39Z</time>
<extensions>
<tp1:TrackPointExtension>
<tp1:hr>156</tp1:hr>
</tp1:TrackPointExtension>
</extensions>
</trkpt>
<trkpt lat="59.18972455" lon="17.6236907">
<ele>26.2</ele>
<time>2026-09-18T15:31:40Z</time>
<extensions>
<tp1:TrackPointExtension>
<tp1:hr>156</tp1:hr>
</tp1:TrackPointExtension>
</extensions>
</trkpt>
<trkpt lat="59.18970536" lon="17.62373798">
<ele>25.8</ele>
<time>2026-09-18T15:31:41Z</time>
<extensions>
<tp1:TrackPointExtension>
<tp1:hr>156</tp1:hr>
</tp1:TrackPointExtension>
</extensions>
</trkpt>
<trkpt lat="59.1896751" lon="17.62376865">
<ele>25.2</ele>
<time>2026-09-18T15:31:42Z</time>
<extensions>
<tp1:TrackPointExtension>
<tp1:hr>155</tp1:hr>
</tp1:TrackPointExtension>
</extensions>
</trkpt>
<trkpt lat="59.1896414" lon="17.62381844">
<ele>24.8</ele>
<time>2026-09-18T15:31:43Z</time>
<extensions>
<tp1:TrackPointExtension>
<tp1:hr>155</tp1:hr>
</tp1:TrackPointExtension>
</extensions>
</trkpt>
<trkpt lat="59.18959538" lon="17.62386387">
<ele>24.4</ele>
<time>2026-09-18T15:31:44Z</time>
<extensions>
<tp1:TrackPointExtension>
<tp1:hr>154</tp1:hr>
</tp1:TrackPointExtension>
</extensions>
</trkpt>
<trkpt lat="59.18954677" lon="17.62391835">
<ele>24.4</ele>
<time>2026-09-18T15:31:45Z</time>
<extensions>
<tp1:TrackPointExtension>
<tp1:hr>154</tp1:hr>
</tp1:TrackPointExtension>
</extensions>
</trkpt>
<trkpt lat="59.18949882" lon="17.62397527">
<ele>24.2</ele>
<time>2026-09-18T15:31:46Z</time>
<extensions>
<tp1:TrackPointExtension>
<tp1:hr>154</tp1:hr>
</tp1:TrackPointExtension>
</extensions>
</trkpt>
<trkpt lat="59.18945499" lon="17.62402564">
<ele>24.0</ele>
<time>2026-09-18T15:31:47Z</time>
<extensions>
<tp1:TrackPointExtension>
<tp1:hr>153</tp1:hr>
</tp1:TrackPointExtension>
</extensions>
</trkpt>
<trkpt lat="59.18941266" lon="17.62407702">
<ele>24.0</ele>
<time>2026-09-18T15:31:48Z</time>
<extensions>
<tp1:TrackPointExtension>
<tp1:hr>153</tp1:hr>
</tp1:TrackPointExtension>
</extensions>
</trkpt>
<trkpt lat="59.18936304" lon="17.62412908">
<ele>24.1</ele>
<time>2026-09-18T15:31:49Z</time>
<extensions>
<tp1:TrackPointExtension>
<tp1:hr>152</tp1:hr>
</tp1:TrackPointExtension>
</extensions>
</trkpt>
<trkpt lat="59.18932155" lon="17.62417509">
<ele>23.7</ele>
<time>2026-09-18T15:31:50Z</time>
<extensions>
<tp1:TrackPointExtension>
<tp1:hr>151</tp1:hr>
</tp1:TrackPointExtension>
</extensions>
</trkpt>
<trkpt lat="59.1892809" lon="17.6242217">
<ele>23.5</ele>
<time>2026-09-18T15:31:51Z</time>
<extensions>
<tp1:TrackPointExtension>
<tp1:hr>151</tp1:hr>
</tp1:TrackPointExtension>
</extensions>
</trkpt>
<trkpt lat="59.18924913" lon="17.62426771">
<ele>23.3</ele>
<time>2026-09-18T15:31:52Z</time>
<extensions>
<tp1:TrackPointExtension>
<tp1:hr>151</tp1:hr>
</tp1:TrackPointExtension>
</extensions>
</trkpt>
<trkpt lat="59.18919791" lon="17.62431524">
<ele>23.3</ele>
<time>2026-09-18T15:31:53Z</time>
<extensions>
<tp1:TrackPointExtension>
<tp1:hr>150</tp1:hr>
</tp1:TrackPointExtension>
</extensions>
</trkpt>
<trkpt lat="59.1891643" lon="17.6243693">
<ele>23.1</ele>
<time>2026-09-18T15:31:54Z</time>
<extensions>
<tp1:TrackPointExtension>
<tp1:hr>150</tp1:hr>
</tp1:TrackPointExtension>
</extensions>
</trkpt>
<trkpt lat="59.1891265" lon="17.62440023">
<ele>22.9</ele>
<time>2026-09-18T15:31:55Z</time>
<extensions>
<tp1:TrackPointExtension>
<tp1:hr>149</tp1:hr>
</tp1:TrackPointExtension>
</extensions>
</trkpt>
<trkpt lat="59.18909884" lon="17.6244517">
<ele>22.7</ele>
<time>2026-09-18T15:31:56Z</time>
<extensions>
<tp1:TrackPointExtension>
<tp1:hr>148</tp1:hr>
</tp1:TrackPointExtension>
</extensions>
</trkpt>
<trkpt lat="59.18906724" lon="17.62448765">
<ele>22.5</ele>
<time>2026-09-18T15:31:57Z</time>
<extensions>
<tp1:TrackPointExtension>
<tp1:hr>148</tp1:hr>
</tp1:TrackPointExtension>
</extensions>
</trkpt>
<trkpt lat="59.18904536" lon="17.62448665">
<ele>22.5</ele>
<time>2026-09-18T15:31:58Z</time>
<extensions>
<tp1:TrackPointExtension>
<tp1:hr>147</tp1:hr>
</tp1:TrackPointExtension>
</extensions>
</trkpt>
<trkpt lat="59.18902181" lon="17.62443652">
<ele>22.7</ele>
<time>2026-09-18T15:31:59Z</time>
<extensions>
<tp1:TrackPointExtension>
<tp1:hr>146</tp1:hr>
</tp1:TrackPointExtension>
</extensions>
</trkpt>
<trkpt lat="59.18900387" lon="17.62441884">
<ele>23.1</ele>
<time>2026-09-18T15:32:00Z</time>
<extensions>
<tp1:TrackPointExtension>
<tp1:hr>146</tp1:hr>
</tp1:TrackPointExtension>
</extensions>
</trkpt>
<trkpt lat="59.18897797" lon="17.62441968">
<ele>23.7</ele>
<time>2026-09-18T15:32:01Z</time>
<extensions>
<tp1:TrackPointExtension>
<tp1:hr>145</tp1:hr>
</tp1:TrackPointExtension>
</extensions>
</trkpt>
<trkpt lat="59.18894813" lon="17.62444373">
<ele>24.2</ele>
<time>2026-09-18T15:32:02Z</time>
<extensions>
<tp1:TrackPointExtension>
<tp1:hr>144</tp1:hr>
</tp1:TrackPointExtension>
</extensions>
</trkpt>
<trkpt lat="59.18891444" lon="17.62447793">
<ele>24.2</ele>
<time>2026-09-18T15:32:03Z</time>
<extensions>
<tp1:TrackPointExtension>
<tp1:hr>143</tp1:hr>
</tp1:TrackPointExtension>
</extensions>
</trkpt>
<trkpt lat="59.18887395" lon="17.62447977">
<ele>24.2</ele>
<time>2026-09-18T15:32:04Z</time>
<extensions>
<tp1:TrackPointExtension>
<tp1:hr>143</tp1:hr>
</tp1:TrackPointExtension>
</extensions>
</trkpt>
<trkpt lat="59.18883665" lon="17.62448321">
<ele>24.4</ele>
<time>2026-09-18T15:32:05Z</time>
<extensions>
<tp1:TrackPointExtension>
<tp1:hr>142</tp1:hr>
</tp1:TrackPointExtension>
</extensions>
</trkpt>
<trkpt lat="59.18881604" lon="17.62449528">
<ele>24.6</ele>
<time>2026-09-18T15:32:06Z</time>
<extensions>
<tp1:TrackPointExtension>
<tp1:hr>142</tp1:hr>
</tp1:TrackPointExtension>
</extensions>
</trkpt>
<trkpt lat="59.18879885" lon="17.6245413">
<ele>24.8</ele>
<time>2026-09-18T15:32:07Z</time>
<extensions>
<tp1:TrackPointExtension>
<tp1:hr>141</tp1:hr>
</tp1:TrackPointExtension>
</extensions>
</trkpt>
<trkpt lat="59.18877832" lon="17.62458555">
<ele>25.0</ele>
<time>2026-09-18T15:32:08Z</time>
<extensions>
<tp1:TrackPointExtension>
<tp1:hr>141</tp1:hr>
</tp1:TrackPointExtension>
</extensions>
</trkpt>
<trkpt lat="59.18875166" lon="17.6246029">
<ele>25.2</ele>
<time>2026-09-18T15:32:09Z</time>
<extensions>
<tp1:TrackPointExtension>
<tp1:hr>141</tp1:hr>
</tp1:TrackPointExtension>
</extensions>
</trkpt>
<trkpt lat="59.18871897" lon="17.62459922">
<ele>25.4</ele>
<time>2026-09-18T15:32:10Z</time>
<extensions>
<tp1:TrackPointExtension>
<tp1:hr>142</tp1:hr>
</tp1:TrackPointExtension>
</extensions>
</trkpt>
<trkpt lat="59.18868092" lon="17.62459687">
<ele>25.4</ele>
<time>2026-09-18T15:32:11Z</time>
<extensions>
<tp1:TrackPointExtension>
<tp1:hr>142</tp1:hr>
</tp1:TrackPointExtension>
</extensions>
</trkpt>
<trkpt lat="59.18864002" lon="17.62460022">
<ele>25.4</ele>
<time>2026-09-18T15:32:12Z</time>
<extensions>
<tp1:TrackPointExtension>
<tp1:hr>142</tp1:hr>
</tp1:TrackPointExtension>
</extensions>
</trkpt>
<trkpt lat="59.1885992" lon="17.62459796">
<ele>25.4</ele>
<time>2026-09-18T15:32:13Z</time>
<extensions>
<tp1:TrackPointExtension>
<tp1:hr>141</tp1:hr>
</tp1:TrackPointExtension>
</extensions>
</trkpt>
<trkpt lat="59.18856299" lon="17.62460257">
<ele>25.7</ele>
<time>2026-09-18T15:32:14Z</time>
<extensions>
<tp1:TrackPointExtension>
<tp1:hr>142</tp1:hr>
</tp1:TrackPointExtension>
</extensions>
</trkpt>
<trkpt lat="59.18852074" lon="17.62459653">
<ele>25.9</ele>
<time>2026-09-18T15:32:15Z</time>
<extensions>
<tp1:TrackPointExtension>
<tp1:hr>142</tp1:hr>
</tp1:TrackPointExtension>
</extensions>
</trkpt>
<trkpt lat="59.18848587" lon="17.62460492">
<ele>25.9</ele>
<time>2026-09-18T15:32:16Z</time>
<extensions>
<tp1:TrackPointExtension>
<tp1:hr>143</tp1:hr>
</tp1:TrackPointExtension>
</extensions>
</trkpt>
<trkpt lat="59.18844405" lon="17.62459905">
<ele>26.1</ele>
<time>2026-09-18T15:32:17Z</time>
<extensions>
<tp1:TrackPointExtension>
<tp1:hr>144</tp1:hr>
</tp1:TrackPointExtension>
</extensions>
</trkpt>
<trkpt lat="59.18840976" lon="17.62460936">
<ele>26.1</ele>
<time>2026-09-18T15:32:18Z</time>
<extensions>
<tp1:TrackPointExtension>
<tp1:hr>145</tp1:hr>
</tp1:TrackPointExtension>
</extensions>
</trkpt>
<trkpt lat="59.18837171" lon="17.62460408">
<ele>26.1</ele>
<time>2026-09-18T15:32:19Z</time>
<extensions>
<tp1:TrackPointExtension>
<tp1:hr>145</tp1:hr>
</tp1:TrackPointExtension>
</extensions>
</trkpt>
<trkpt lat="59.18834204" lon="17.62460827">
<ele>26.3</ele>
<time>2026-09-18T15:32:20Z</time>
<extensions>
<tp1:TrackPointExtension>
<tp1:hr>146</tp1:hr>
</tp1:TrackPointExtension>
</extensions>
</trkpt>
<trkpt lat="59.18830231" lon="17.62459628">
<ele>26.5</ele>
<time>2026-09-18T15:32:21Z</time>
<extensions>
<tp1:TrackPointExtension>
<tp1:hr>146</tp1:hr>
</tp1:TrackPointExtension>
</extensions>
</trkpt>
<trkpt lat="59.18827029" lon="17.62459243">
<ele>26.7</ele>
<time>2026-09-18T15:32:22Z</time>
<extensions>
<tp1:TrackPointExtension>
<tp1:hr>147</tp1:hr>
</tp1:TrackPointExtension>
</extensions>
</trkpt>
<trkpt lat="59.18823995" lon="17.62456954">
<ele>26.9</ele>
<time>2026-09-18T15:32:23Z</time>
<extensions>
<tp1:TrackPointExtension>
<tp1:hr>148</tp1:hr>
</tp1:TrackPointExtension>
</extensions>
</trkpt>
<trkpt lat="59.18822369" lon="17.6245423">
<ele>26.9</ele>
<time>2026-09-18T15:32:24Z</time>
<extensions>
<tp1:TrackPointExtension>
<tp1:hr>148</tp1:hr>
</tp1:TrackPointExtension>
</extensions>
</trkpt>
<trkpt lat="59.18821245" lon="17.62450366">
<ele>26.9</ele>
<time>2026-09-18T15:32:25Z</time>
<extensions>
<tp1:TrackPointExtension>
<tp1:hr>149</tp1:hr>
</tp1:TrackPointExtension>
</extensions>
</trkpt>
<trkpt lat="59.1882096" lon="17.62446494">
<ele>27.1</ele>
<time>2026-09-18T15:32:26Z</time>
<extensions>
<tp1:TrackPointExtension>
<tp1:hr>149</tp1:hr>
</tp1:TrackPointExtension>
</extensions>
</trkpt>
<trkpt lat="59.1882091" lon="17.62442621">
<ele>27.6</ele>
<time>2026-09-18T15:32:27Z</time>
<extensions>
<tp1:TrackPointExtension>
<tp1:hr>150</tp1:hr>
</tp1:TrackPointExtension>
</extensions>
</trkpt>
<trkpt lat="59.18821078" lon="17.62440945">
<ele>28.0</ele>
<time>2026-09-18T15:32:28Z</time>
<extensions>
<tp1:TrackPointExtension>
<tp1:hr>150</tp1:hr>
</tp1:TrackPointExtension>
</extensions>
</trkpt>
<trkpt lat="59.18819494" lon="17.62440073">
<ele>28.6</ele>
<time>2026-09-18T15:32:29Z</time>
<extensions>
<tp1:TrackPointExtension>
<tp1:hr>150</tp1:hr>
</tp1:TrackPointExtension>
</extensions>
</trkpt>
<trkpt lat="59.18818203" lon="17.62440627">
<ele>29.4</ele>
<time>2026-09-18T15:32:30Z</time>
<extensions>
<tp1:TrackPointExtension>
<tp1:hr>151</tp1:hr>
</tp1:TrackPointExtension>
</extensions>
</trkpt>
<trkpt lat="59.18817264" lon="17.62439956">
<ele>29.8</ele>
<time>2026-09-18T15:32:31Z</time>
<extensions>
<tp1:TrackPointExtension>
<tp1:hr>151</tp1:hr>
</tp1:TrackPointExtension>
</extensions>
</trkpt>
<trkpt lat="59.18816124" lon="17.62438238">
<ele>30.2</ele>
<time>2026-09-18T15:32:32Z</time>
<extensions>
<tp1:TrackPointExtension>
<tp1:hr>150</tp1:hr>
</tp1:TrackPointExtension>
</extensions>
</trkpt>
<trkpt lat="59.18815361" lon="17.62434768">
<ele>30.6</ele>
<time>2026-09-18T15:32:33Z</time>
<extensions>
<tp1:TrackPointExtension>
<tp1:hr>149</tp1:hr>
</tp1:TrackPointExtension>
</extensions>
</trkpt>
<trkpt lat="59.1881563" lon="17.62433485">
<ele>31.2</ele>
<time>2026-09-18T15:32:34Z</time>
<extensions>
<tp1:TrackPointExtension>
<tp1:hr>149</tp1:hr>
</tp1:TrackPointExtension>
</extensions>
</trkpt>
<trkpt lat="59.1881537" lon="17.62431373">
<ele>31.4</ele>
<time>2026-09-18T15:32:35Z</time>
<extensions>
<tp1:TrackPointExtension>
<tp1:hr>148</tp1:hr>
</tp1:TrackPointExtension>
</extensions>
</trkpt>
<trkpt lat="59.18815764" lon="17.62429747">
<ele>31.8</ele>
<time>2026-09-18T15:32:36Z</time>
<extensions>
<tp1:TrackPointExtension>
<tp1:hr>147</tp1:hr>
</tp1:TrackPointExtension>
</extensions>
</trkpt>
<trkpt lat="59.188162" lon="17.62429579">
<ele>32.2</ele>
<time>2026-09-18T15:32:37Z</time>
<extensions>
<tp1:TrackPointExtension>
<tp1:hr>146</tp1:hr>
</tp1:TrackPointExtension>
</extensions>
</trkpt>
<trkpt lat="59.18815437" lon="17.62430233">
<ele>32.4</ele>
<time>2026-09-18T15:32:38Z</time>
<extensions>
<tp1:TrackPointExtension>
<tp1:hr>146</tp1:hr>
</tp1:TrackPointExtension>
</extensions>
</trkpt>
<trkpt lat="59.18813115" lon="17.62431281">
<ele>32.5</ele>
<time>2026-09-18T15:32:39Z</time>
<extensions>
<tp1:TrackPointExtension>
<tp1:hr>146</tp1:hr>
</tp1:TrackPointExtension>
</extensions>
</trkpt>
<trkpt lat="59.18809754" lon="17.62434139">
<ele>32.3</ele>
<time>2026-09-18T15:32:40Z</time>
<extensions>
<tp1:TrackPointExtension>
<tp1:hr>146</tp1:hr>
</tp1:TrackPointExtension>
</extensions>
</trkpt>
<trkpt lat="59.18805789" lon="17.62436301">
<ele>32.1</ele>
<time>2026-09-18T15:32:41Z</time>
<extensions>
<tp1:TrackPointExtension>
<tp1:hr>145</tp1:hr>
</tp1:TrackPointExtension>
</extensions>
</trkpt>
<trkpt lat="59.18801707" lon="17.62438556">
<ele>31.9</ele>
<time>2026-09-18T15:32:42Z</time>
<extensions>
<tp1:TrackPointExtension>
<tp1:hr>144</tp1:hr>
</tp1:TrackPointExtension>
</extensions>
</trkpt>
<trkpt lat="59.18796879" lon="17.62439478">
<ele>31.9</ele>
<time>2026-09-18T15:32:43Z</time>
<extensions>
<tp1:TrackPointExtension>
<tp1:hr>144</tp1:hr>
</tp1:TrackPointExtension>
</extensions>
</trkpt>
<trkpt lat="59.18792822" lon="17.62438565">
<ele>31.9</ele>
<time>2026-09-18T15:32:44Z</time>
<extensions>
<tp1:TrackPointExtension>
<tp1:hr>144</tp1:hr>
</tp1:TrackPointExtension>
</extensions>
</trkpt>
<trkpt lat="59.18788958" lon="17.62435413">
<ele>32.1</ele>
<time>2026-09-18T15:32:45Z</time>
<extensions>
<tp1:TrackPointExtension>
<tp1:hr>144</tp1:hr>
</tp1:TrackPointExtension>
</extensions>
</trkpt>
<trkpt lat="59.1878522" lon="17.62433837">
<ele>32.1</ele>
<time>2026-09-18T15:32:46Z</time>
<extensions>
<tp1:TrackPointExtension>
<tp1:hr>145</tp1:hr>
</tp1:TrackPointExtension>
</extensions>
</trkpt>
<trkpt lat="59.18781742" lon="17.62430275">
<ele>32.3</ele>
<time>2026-09-18T15:32:47Z</time>
<extensions>
<tp1:TrackPointExtension>
<tp1:hr>146</tp1:hr>
</tp1:TrackPointExtension>
</extensions>
</trkpt>
<trkpt lat="59.18780442" lon="17.62422429">
<ele>32.5</ele>
<time>2026-09-18T15:32:48Z</time>
<extensions>
<tp1:TrackPointExtension>
<tp1:hr>147</tp1:hr>
</tp1:TrackPointExtension>
</extensions>
</trkpt>
<trkpt lat="59.18780375" lon="17.62417057">
<ele>32.7</ele>
<time>2026-09-18T15:32:49Z</time>
<extensions>
<tp1:TrackPointExtension>
<tp1:hr>147</tp1:hr>
</tp1:TrackPointExtension>
</extensions>
</trkpt>
<trkpt lat="59.18780275" lon="17.62413268">
<ele>33.1</ele>
<time>2026-09-18T15:32:50Z</time>
<extensions>
<tp1:TrackPointExtension>
<tp1:hr>148</tp1:hr>
</tp1:TrackPointExtension>
</extensions>
</trkpt>
<trkpt lat="59.18780711" lon="17.62408935">
<ele>33.1</ele>
<time>2026-09-18T15:32:51Z</time>
<extensions>
<tp1:TrackPointExtension>
<tp1:hr>148</tp1:hr>
</tp1:TrackPointExtension>
</extensions>
</trkpt>
<trkpt lat="59.18780853" lon="17.62404509">
<ele>33.6</ele>
<time>2026-09-18T15:32:52Z</time>
<extensions>
<tp1:TrackPointExtension>
<tp1:hr>149</tp1:hr>
</tp1:TrackPointExtension>
</extensions>
</trkpt>
<trkpt lat="59.18781146" lon="17.62400553">
<ele>34.0</ele>
<time>2026-09-18T15:32:53Z</time>
<extensions>
<tp1:TrackPointExtension>
<tp1:hr>150</tp1:hr>
</tp1:TrackPointExtension>
</extensions>
</trkpt>
<trkpt lat="59.18781591" lon="17.62402757">
<ele>34.0</ele>
<time>2026-09-18T15:32:54Z</time>
<extensions>
<tp1:TrackPointExtension>
<tp1:hr>150</tp1:hr>
</tp1:TrackPointExtension>
</extensions>
</trkpt>
<trkpt lat="59.18782278" lon="17.62407225">
<ele>34.2</ele>
<time>2026-09-18T15:32:55Z</time>
<extensions>
<tp1:TrackPointExtension>
<tp1:hr>150</tp1:hr>
</tp1:TrackPointExtension>
</extensions>
</trkpt>
<trkpt lat="59.18781976" lon="17.62411256">
<ele>34.4</ele>
<time>2026-09-18T15:32:56Z</time>
<extensions>
<tp1:TrackPointExtension>
<tp1:hr>150</tp1:hr>
</tp1:TrackPointExtension>
</extensions>
</trkpt>
<trkpt lat="59.18782496" lon="17.62417316">
<ele>34.2</ele>
<time>2026-09-18T15:32:57Z</time>
<extensions>
<tp1:TrackPointExtension>
<tp1:hr>150</tp1:hr>
</tp1:TrackPointExtension>
</extensions>
</trkpt>
<trkpt lat="59.18785237" lon="17.62422874">
<ele>33.8</ele>
<time>2026-09-18T15:32:58Z</time>
<extensions>
<tp1:TrackPointExtension>
<tp1:hr>149</tp1:hr>
</tp1:TrackPointExtension>
</extensions>
</trkpt>
<trkpt lat="59.18787961" lon="17.62428213">
<ele>33.2</ele>
<time>2026-09-18T15:32:59Z</time>
<extensions>
<tp1:TrackPointExtension>
<tp1:hr>149</tp1:hr>
</tp1:TrackPointExtension>
</extensions>
</trkpt>
<trkpt lat="59.18791825" lon="17.62432521">
<ele>32.4</ele>
<time>2026-09-18T15:33:00Z</time>
<extensions>
<tp1:TrackPointExtension>
<tp1:hr>149</tp1:hr>
</tp1:TrackPointExtension>
</extensions>
</trkpt>
<trkpt lat="59.18795622" lon="17.62434072">
<ele>32.2</ele>
<time>2026-09-18T15:33:01Z</time>
<extensions>
<tp1:TrackPointExtension>
<tp1:hr>148</tp1:hr>
</tp1:TrackPointExtension>
</extensions>
</trkpt>
<trkpt lat="59.18800031" lon="17.6243574">
<ele>31.8</ele>
<time>2026-09-18T15:33:02Z</time>
<extensions>
<tp1:TrackPointExtension>
<tp1:hr>147</tp1:hr>
</tp1:TrackPointExtension>
</extensions>
</trkpt>
<trkpt lat="59.18803677" lon="17.62435178">
<ele>32.0</ele>
<time>2026-09-18T15:33:03Z</time>
<extensions>
<tp1:TrackPointExtension>
<tp1:hr>147</tp1:hr>
</tp1:TrackPointExtension>
</extensions>
</trkpt>
<trkpt lat="59.18807466" lon="17.62431675">
<ele>32.0</ele>
<time>2026-09-18T15:33:04Z</time>
<extensions>
<tp1:TrackPointExtension>
<tp1:hr>147</tp1:hr>
</tp1:TrackPointExtension>
</extensions>
</trkpt>
<trkpt lat="59.18810064" lon="17.62429068">
<ele>32.1</ele>
<time>2026-09-18T15:33:05Z</time>
<extensions>
<tp1:TrackPointExtension>
<tp1:hr>147</tp1:hr>
</tp1:TrackPointExtension>
</extensions>
</trkpt>
<trkpt lat="59.1881511" lon="17.62426252">
<ele>32.1</ele>
<time>2026-09-18T15:33:06Z</time>
<extensions>
<tp1:TrackPointExtension>
<tp1:hr>147</tp1:hr>
</tp1:TrackPointExtension>
</extensions>
</trkpt>
<trkpt lat="59.18818027" lon="17.62424525">
<ele>32.3</ele>
<time>2026-09-18T15:33:07Z</time>
<extensions>
<tp1:TrackPointExtension>
<tp1:hr>147</tp1:hr>
</tp1:TrackPointExtension>
</extensions>
</trkpt>
<trkpt lat="59.18821606" lon="17.62425698">
<ele>32.7</ele>
<time>2026-09-18T15:33:08Z</time>
<extensions>
<tp1:TrackPointExtension>
<tp1:hr>147</tp1:hr>
</tp1:TrackPointExtension>
</extensions>
</trkpt>
<trkpt lat="59.18824992" lon="17.62427358">
<ele>32.9</ele>
<time>2026-09-18T15:33:09Z</time>
<extensions>
<tp1:TrackPointExtension>
<tp1:hr>148</tp1:hr>
</tp1:TrackPointExtension>
</extensions>
</trkpt>
<trkpt lat="59.18829854" lon="17.62429034">
<ele>33.3</ele>
<time>2026-09-18T15:33:10Z</time>
<extensions>
<tp1:TrackPointExtension>
<tp1:hr>148</tp1:hr>
</tp1:TrackPointExtension>
</extensions>
</trkpt>
<trkpt lat="59.18834271" lon="17.62429738">
<ele>33.5</ele>
<time>2026-09-18T15:33:11Z</time>
<extensions>
<tp1:TrackPointExtension>
<tp1:hr>148</tp1:hr>
</tp1:TrackPointExtension>
</extensions>
</trkpt>
<trkpt lat="59.18838847" lon="17.62423402">
<ele>33.5</ele>
<time>2026-09-18T15:33:12Z</time>
<extensions>
<tp1:TrackPointExtension>
<tp1:hr>147</tp1:hr>
</tp1:TrackPointExtension>
</extensions>
</trkpt>
<trkpt lat="59.18842343" lon="17.62419119">
<ele>33.5</ele>
<time>2026-09-18T15:33:13Z</time>
<extensions>
<tp1:TrackPointExtension>
<tp1:hr>148</tp1:hr>
</tp1:TrackPointExtension>
</extensions>
</trkpt>
<trkpt lat="59.18846953" lon="17.62412614">
<ele>33.5</ele>
<time>2026-09-18T15:33:14Z</time>
<extensions>
<tp1:TrackPointExtension>
<tp1:hr>148</tp1:hr>
</tp1:TrackPointExtension>
</extensions>
</trkpt>
<trkpt lat="59.18850113" lon="17.62406889">
<ele>33.5</ele>
<time>2026-09-18T15:33:15Z</time>
<extensions>
<tp1:TrackPointExtension>
<tp1:hr>148</tp1:hr>
</tp1:TrackPointExtension>
</extensions>
</trkpt>
<trkpt lat="59.18853013" lon="17.62399589">
<ele>33.7</ele>
<time>2026-09-18T15:33:16Z</time>
<extensions>
<tp1:TrackPointExtension>
<tp1:hr>148</tp1:hr>
</tp1:TrackPointExtension>
</extensions>
</trkpt>
<trkpt lat="59.18854547" lon="17.62392707">
<ele>34.2</ele>
<time>2026-09-18T15:33:17Z</time>
<extensions>
<tp1:TrackPointExtension>
<tp1:hr>149</tp1:hr>
</tp1:TrackPointExtension>
</extensions>
</trkpt>
<trkpt lat="59.18855603" lon="17.62385289">
<ele>34.8</ele>
<time>2026-09-18T15:33:18Z</time>
<extensions>
<tp1:TrackPointExtension>
<tp1:hr>150</tp1:hr>
</tp1:TrackPointExtension>
</extensions>
</trkpt>
<trkpt lat="59.18856064" lon="17.6237933">
<ele>35.2</ele>
<time>2026-09-18T15:33:19Z</time>
<extensions>
<tp1:TrackPointExtension>
<tp1:hr>151</tp1:hr>
</tp1:TrackPointExtension>
</extensions>
</trkpt>
<trkpt lat="59.18856693" lon="17.62372817">
<ele>35.8</ele>
<time>2026-09-18T15:33:20Z</time>
<extensions>
<tp1:TrackPointExtension>
<tp1:hr>151</tp1:hr>
</tp1:TrackPointExtension>
</extensions>
</trkpt>
<trkpt lat="59.18857036" lon="17.62368425">
<ele>36.4</ele>
<time>2026-09-18T15:33:21Z</time>
<extensions>
<tp1:TrackPointExtension>
<tp1:hr>152</tp1:hr>
</tp1:TrackPointExtension>
</extensions>
</trkpt>
<trkpt lat="59.18855955" lon="17.62366002">
<ele>37.0</ele>
<time>2026-09-18T15:33:22Z</time>
<extensions>
<tp1:TrackPointExtension>
<tp1:hr>153</tp1:hr>
</tp1:TrackPointExtension>
</extensions>
</trkpt>
<trkpt lat="59.18853843" lon="17.62363706">
<ele>37.6</ele>
<time>2026-09-18T15:33:23Z</time>
<extensions>
<tp1:TrackPointExtension>
<tp1:hr>153</tp1:hr>
</tp1:TrackPointExtension>
</extensions>
</trkpt>
<trkpt lat="59.18850356" lon="17.62364485">
<ele>38.0</ele>
<time>2026-09-18T15:33:24Z</time>
<extensions>
<tp1:TrackPointExtension>
<tp1:hr>154</tp1:hr>
</tp1:TrackPointExtension>
</extensions>
</trkpt>
<trkpt lat="59.18847053" lon="17.6236674">
<ele>38.4</ele>
<time>2026-09-18T15:33:25Z</time>
<extensions>
<tp1:TrackPointExtension>
<tp1:hr>154</tp1:hr>
</tp1:TrackPointExtension>
</extensions>
</trkpt>
<trkpt lat="59.18842494" lon="17.62370554">
<ele>38.4</ele>
<time>2026-09-18T15:33:26Z</time>
<extensions>
<tp1:TrackPointExtension>
<tp1:hr>154</tp1:hr>
</tp1:TrackPointExtension>
</extensions>
</trkpt>
<trkpt lat="59.18838085" lon="17.62371115">
<ele>38.8</ele>
<time>2026-09-18T15:33:27Z</time>
<extensions>
<tp1:TrackPointExtension>
<tp1:hr>155</tp1:hr>
</tp1:TrackPointExtension>
</extensions>
</trkpt>
<trkpt lat="59.18833667" lon="17.62372004">
<ele>39.0</ele>
<time>2026-09-18T15:33:28Z</time>
<extensions>
<tp1:TrackPointExtension>
<tp1:hr>155</tp1:hr>
</tp1:TrackPointExtension>
</extensions>
</trkpt>
<trkpt lat="59.18829007" lon="17.623713">
<ele>39.2</ele>
<time>2026-09-18T15:33:29Z</time>
<extensions>
<tp1:TrackPointExtension>
<tp1:hr>156</tp1:hr>
</tp1:TrackPointExtension>
</extensions>
</trkpt>
<trkpt lat="59.18825252" lon="17.62371702">
<ele>39.5</ele>
<time>2026-09-18T15:33:30Z</time>
<extensions>
<tp1:TrackPointExtension>
<tp1:hr>156</tp1:hr>
</tp1:TrackPointExtension>
</extensions>
</trkpt>
<trkpt lat="59.18820851" lon="17.62373747">
<ele>39.7</ele>
<time>2026-09-18T15:33:31Z</time>
<extensions>
<tp1:TrackPointExtension>
<tp1:hr>157</tp1:hr>
</tp1:TrackPointExtension>
</extensions>
</trkpt>
<trkpt lat="59.18815982" lon="17.62377108">
<ele>40.1</ele>
<time>2026-09-18T15:33:32Z</time>
<extensions>
<tp1:TrackPointExtension>
<tp1:hr>158</tp1:hr>
</tp1:TrackPointExtension>
</extensions>
</trkpt>
<trkpt lat="59.18813065" lon="17.62380914">
<ele>40.1</ele>
<time>2026-09-18T15:33:33Z</time>
<extensions>
<tp1:TrackPointExtension>
<tp1:hr>159</tp1:hr>
</tp1:TrackPointExtension>
</extensions>
</trkpt>
<trkpt lat="59.18808765" lon="17.62385046">
<ele>40.1</ele>
<time>2026-09-18T15:33:34Z</time>
<extensions>
<tp1:TrackPointExtension>
<tp1:hr>159</tp1:hr>
</tp1:TrackPointExtension>
</extensions>
</trkpt>
<trkpt lat="59.18804624" lon="17.6238549">
<ele>40.1</ele>
<time>2026-09-18T15:33:35Z</time>
<extensions>
<tp1:TrackPointExtension>
<tp1:hr>160</tp1:hr>
</tp1:TrackPointExtension>
</extensions>
</trkpt>
<trkpt lat="59.18800953" lon="17.62381895">
<ele>39.7</ele>
<time>2026-09-18T15:33:36Z</time>
<extensions>
<tp1:TrackPointExtension>
<tp1:hr>161</tp1:hr>
</tp1:TrackPointExtension>
</extensions>
</trkpt>
<trkpt lat="59.18798053" lon="17.62376027">
<ele>39.5</ele>
<time>2026-09-18T15:33:37Z</time>
<extensions>
<tp1:TrackPointExtension>
<tp1:hr>161</tp1:hr>
</tp1:TrackPointExtension>
</extensions>
</trkpt>
<trkpt lat="59.18796284" lon="17.6236695">
<ele>39.3</ele>
<time>2026-09-18T15:33:38Z</time>
<extensions>
<tp1:TrackPointExtension>
<tp1:hr>162</tp1:hr>
</tp1:TrackPointExtension>
</extensions>
</trkpt>
<trkpt lat="59.18795236" lon="17.62362381">
<ele>39.3</ele>
<time>2026-09-18T15:33:39Z</time>
<extensions>
<tp1:TrackPointExtension>
<tp1:hr>162</tp1:hr>
</tp1:TrackPointExtension>
</extensions>
</trkpt>
<trkpt lat="59.1879506" lon="17.62358367">
<ele>39.3</ele>
<time>2026-09-18T15:33:40Z</time>
<extensions>
<tp1:TrackPointExtension>
<tp1:hr>162</tp1:hr>
</tp1:TrackPointExtension>
</extensions>
</trkpt>
<trkpt lat="59.18795488" lon="17.62352692">
<ele>39.7</ele>
<time>2026-09-18T15:33:41Z</time>
<extensions>
<tp1:TrackPointExtension>
<tp1:hr>162</tp1:hr>
</tp1:TrackPointExtension>
</extensions>
</trkpt>
<trkpt lat="59.18796276" lon="17.62347177">
<ele>39.9</ele>
<time>2026-09-18T15:33:42Z</time>
<extensions>
<tp1:TrackPointExtension>
<tp1:hr>162</tp1:hr>
</tp1:TrackPointExtension>
</extensions>
</trkpt>
<trkpt lat="59.18797617" lon="17.62340387">
<ele>40.2</ele>
<time>2026-09-18T15:33:43Z</time>
<extensions>
<tp1:TrackPointExtension>
<tp1:hr>162</tp1:hr>
</tp1:TrackPointExtension>
</extensions>
</trkpt>
<trkpt lat="59.18799117" lon="17.6233747">
<ele>40.2</ele>
<time>2026-09-18T15:33:44Z</time>
<extensions>
<tp1:TrackPointExtension>
<tp1:hr>163</tp1:hr>
</tp1:TrackPointExtension>
</extensions>
</trkpt>
<trkpt lat="59.18800257" lon="17.62335241">
<ele>40.6</ele>
<time>2026-09-18T15:33:45Z</time>
<extensions>
<tp1:TrackPointExtension>
<tp1:hr>163</tp1:hr>
</tp1:TrackPointExtension>
</extensions>
</trkpt>
<trkpt lat="59.18802914" lon="17.62332257">
<ele>41.2</ele>
<time>2026-09-18T15:33:46Z</time>
<extensions>
<tp1:TrackPointExtension>
<tp1:hr>163</tp1:hr>
</tp1:TrackPointExtension>
</extensions>
</trkpt>
<trkpt lat="59.18804775" lon="17.62329524">
<ele>42.0</ele>
<time>2026-09-18T15:33:47Z</time>
<extensions>
<tp1:TrackPointExtension>
<tp1:hr>162</tp1:hr>
</tp1:TrackPointExtension>
</extensions>
</trkpt>
<trkpt lat="59.18807399" lon="17.62326272">
<ele>43.0</ele>
<time>2026-09-18T15:33:48Z</time>
<extensions>
<tp1:TrackPointExtension>
<tp1:hr>162</tp1:hr>
</tp1:TrackPointExtension>
</extensions>
</trkpt>
<trkpt lat="59.18809829" lon="17.62322844">
<ele>43.6</ele>
<time>2026-09-18T15:33:49Z</time>
<extensions>
<tp1:TrackPointExtension>
<tp1:hr>162</tp1:hr>
</tp1:TrackPointExtension>
</extensions>
</trkpt>
<trkpt lat="59.1881174" lon="17.62318661">
<ele>44.2</ele>
<time>2026-09-18T15:33:50Z</time>
<extensions>
<tp1:TrackPointExtension>
<tp1:hr>162</tp1:hr>
</tp1:TrackPointExtension>
</extensions>
</trkpt>
<trkpt lat="59.18814867" lon="17.62315015">
<ele>44.6</ele>
<time>2026-09-18T15:33:51Z</time>
<extensions>
<tp1:TrackPointExtension>
<tp1:hr>162</tp1:hr>
</tp1:TrackPointExtension>
</extensions>
</trkpt>
<trkpt lat="59.18818245" lon="17.62315074">
<ele>45.0</ele>
<time>2026-09-18T15:33:52Z</time>
<extensions>
<tp1:TrackPointExtension>
<tp1:hr>162</tp1:hr>
</tp1:TrackPointExtension>
</extensions>
</trkpt>
<trkpt lat="59.18822352" lon="17.623152">
<ele>45.4</ele>
<time>2026-09-18T15:33:53Z</time>
<extensions>
<tp1:TrackPointExtension>
<tp1:hr>163</tp1:hr>
</tp1:TrackPointExtension>
</extensions>
</trkpt>
<trkpt lat="59.18824866" lon="17.6231504">
<ele>45.8</ele>
<time>2026-09-18T15:33:54Z</time>
<extensions>
<tp1:TrackPointExtension>
<tp1:hr>163</tp1:hr>
</tp1:TrackPointExtension>
</extensions>
</trkpt>
<trkpt lat="59.18828881" lon="17.62316423">
<ele>46.1</ele>
<time>2026-09-18T15:33:55Z</time>
<extensions>
<tp1:TrackPointExtension>
<tp1:hr>163</tp1:hr>
</tp1:TrackPointExtension>
</extensions>
</trkpt>
<trkpt lat="59.18834816" lon="17.62314362">
<ele>46.7</ele>
<time>2026-09-18T15:33:56Z</time>
<extensions>
<tp1:TrackPointExtension>
<tp1:hr>163</tp1:hr>
</tp1:TrackPointExtension>
</extensions>
</trkpt>
<trkpt lat="59.18839401" lon="17.62310791">
<ele>46.9</ele>
<time>2026-09-18T15:33:57Z</time>
<extensions>
<tp1:TrackPointExtension>
<tp1:hr>163</tp1:hr>
</tp1:TrackPointExtension>
</extensions>
</trkpt>
<trkpt lat="59.1884303" lon="17.62305359">
<ele>47.1</ele>
<time>2026-09-18T15:33:58Z</time>
<extensions>
<tp1:TrackPointExtension>
<tp1:hr>164</tp1:hr>
</tp1:TrackPointExtension>
</extensions>
</trkpt>
<trkpt lat="59.18843307" lon="17.62299065">
<ele>47.1</ele>
<time>2026-09-18T15:33:59Z</time>
<extensions>
<tp1:TrackPointExtension>
<tp1:hr>164</tp1:hr>
</tp1:TrackPointExtension>
</extensions>
</trkpt>
<trkpt lat="59.18842913" lon="17.62291554">
<ele>46.9</ele>
<time>2026-09-18T15:34:00Z</time>
<extensions>
<tp1:TrackPointExtension>
<tp1:hr>164</tp1:hr>
</tp1:TrackPointExtension>
</extensions>
</trkpt>
<trkpt lat="59.1884122" lon="17.62285452">
<ele>46.9</ele>
<time>2026-09-18T15:34:01Z</time>
<extensions>
<tp1:TrackPointExtension>
<tp1:hr>164</tp1:hr>
</tp1:TrackPointExtension>
</extensions>
</trkpt>
<trkpt lat="59.18837381" lon="17.62279468">
<ele>46.7</ele>
<time>2026-09-18T15:34:02Z</time>
<extensions>
<tp1:TrackPointExtension>
<tp1:hr>165</tp1:hr>
</tp1:TrackPointExtension>
</extensions>
</trkpt>
<trkpt lat="59.18833626" lon="17.62273919">
<ele>46.7</ele>
<time>2026-09-18T15:34:03Z</time>
<extensions>
<tp1:TrackPointExtension>
<tp1:hr>165</tp1:hr>
</tp1:TrackPointExtension>
</extensions>
</trkpt>
<trkpt lat="59.18829954" lon="17.62271932">
<ele>46.7</ele>
<time>2026-09-18T15:34:04Z</time>
<extensions>
<tp1:TrackPointExtension>
<tp1:hr>165</tp1:hr>
</tp1:TrackPointExtension>
</extensions>
</trkpt>
<trkpt lat="59.18825797" lon="17.62267523">
<ele>46.5</ele>
<time>2026-09-18T15:34:05Z</time>
<extensions>
<tp1:TrackPointExtension>
<tp1:hr>165</tp1:hr>
</tp1:TrackPointExtension>
</extensions>
</trkpt>
<trkpt lat="59.18821539" lon="17.6226241">
<ele>46.3</ele>
<time>2026-09-18T15:34:06Z</time>
<extensions>
<tp1:TrackPointExtension>
<tp1:hr>166</tp1:hr>
</tp1:TrackPointExtension>
</extensions>
</trkpt>
<trkpt lat="59.18817608" lon="17.62258764">
<ele>46.1</ele>
<time>2026-09-18T15:34:07Z</time>
<extensions>
<tp1:TrackPointExtension>
<tp1:hr>166</tp1:hr>
</tp1:TrackPointExtension>
</extensions>
</trkpt>
<trkpt lat="59.18813257" lon="17.62256149">
<ele>45.8</ele>
<time>2026-09-18T15:34:08Z</time>
<extensions>
<tp1:TrackPointExtension>
<tp1:hr>166</tp1:hr>
</tp1:TrackPointExtension>
</extensions>
</trkpt>
<trkpt lat="59.18809016" lon="17.62253467">
<ele>45.4</ele>
<time>2026-09-18T15:34:09Z</time>
<extensions>
<tp1:TrackPointExtension>
<tp1:hr>166</tp1:hr>
</tp1:TrackPointExtension>
</extensions>
</trkpt>
<trkpt lat="59.18805588" lon="17.62252344">
<ele>45.2</ele>
<time>2026-09-18T15:34:10Z</time>
<extensions>
<tp1:TrackPointExtension>
<tp1:hr>166</tp1:hr>
</tp1:TrackPointExtension>
</extensions>
</trkpt>
<trkpt lat="59.18800768" lon="17.62251321">
<ele>44.8</ele>
<time>2026-09-18T15:34:11Z</time>
<extensions>
<tp1:TrackPointExtension>
<tp1:hr>167</tp1:hr>
</tp1:TrackPointExtension>
</extensions>
</trkpt>
<trkpt lat="59.18796661" lon="17.62250575">
<ele>44.6</ele>
<time>2026-09-18T15:34:12Z</time>
<extensions>
<tp1:TrackPointExtension>
<tp1:hr>166</tp1:hr>
</tp1:TrackPointExtension>
</extensions>
</trkpt>
<trkpt lat="59.18791674" lon="17.62251648">
<ele>44.2</ele>
<time>2026-09-18T15:34:13Z</time>
<extensions>
<tp1:TrackPointExtension>
<tp1:hr>166</tp1:hr>
</tp1:TrackPointExtension>
</extensions>
</trkpt>
<trkpt lat="59.18786511" lon="17.62254238">
<ele>43.8</ele>
<time>2026-09-18T15:34:14Z</time>
<extensions>
<tp1:TrackPointExtension>
<tp1:hr>166</tp1:hr>
</tp1:TrackPointExtension>
</extensions>
</trkpt>
<trkpt lat="59.18781104" lon="17.62255395">
<ele>43.2</ele>
<time>2026-09-18T15:34:15Z</time>
<extensions>
<tp1:TrackPointExtension>
<tp1:hr>167</tp1:hr>
</tp1:TrackPointExtension>
</extensions>
</trkpt>
<trkpt lat="59.18776285" lon="17.62257163">
<ele>42.6</ele>
<time>2026-09-18T15:34:16Z</time>
<extensions>
<tp1:TrackPointExtension>
<tp1:hr>166</tp1:hr>
</tp1:TrackPointExtension>
</extensions>
</trkpt>
<trkpt lat="59.18772228" lon="17.62258647">
<ele>42.4</ele>
<time>2026-09-18T15:34:17Z</time>
<extensions>
<tp1:TrackPointExtension>
<tp1:hr>166</tp1:hr>
</tp1:TrackPointExtension>
</extensions>
</trkpt>
<trkpt lat="59.18768926" lon="17.62259183">
<ele>42.2</ele>
<time>2026-09-18T15:34:18Z</time>
<extensions>
<tp1:TrackPointExtension>
<tp1:hr>166</tp1:hr>
</tp1:TrackPointExtension>
</extensions>
</trkpt>
<trkpt lat="59.18766595" lon="17.62259527">
<ele>41.8</ele>
<time>2026-09-18T15:34:19Z</time>
<extensions>
<tp1:TrackPointExtension>
<tp1:hr>165</tp1:hr>
</tp1:TrackPointExtension>
</extensions>
</trkpt>
<trkpt lat="59.18767836" lon="17.6225853">
<ele>41.7</ele>
<time>2026-09-18T15:34:20Z</time>
<extensions>
<tp1:TrackPointExtension>
<tp1:hr>165</tp1:hr>
</tp1:TrackPointExtension>
</extensions>
</trkpt>
<trkpt lat="59.18770711" lon="17.62257205">
<ele>41.7</ele>
<time>2026-09-18T15:34:21Z</time>
<extensions>
<tp1:TrackPointExtension>
<tp1:hr>165</tp1:hr>
</tp1:TrackPointExtension>
</extensions>
</trkpt>
<trkpt lat="59.18774131" lon="17.62256166">
<ele>41.9</ele>
<time>2026-09-18T15:34:22Z</time>
<extensions>
<tp1:TrackPointExtension>
<tp1:hr>165</tp1:hr>
</tp1:TrackPointExtension>
</extensions>
</trkpt>
<trkpt lat="59.18777467" lon="17.62254179">
<ele>42.1</ele>
<time>2026-09-18T15:34:23Z</time>
<extensions>
<tp1:TrackPointExtension>
<tp1:hr>165</tp1:hr>
</tp1:TrackPointExtension>
</extensions>
</trkpt>
<trkpt lat="59.18780283" lon="17.6225174">
<ele>42.3</ele>
<time>2026-09-18T15:34:24Z</time>
<extensions>
<tp1:TrackPointExtension>
<tp1:hr>165</tp1:hr>
</tp1:TrackPointExtension>
</extensions>
</trkpt>
<trkpt lat="59.1878341" lon="17.62248899">
<ele>42.5</ele>
<time>2026-09-18T15:34:25Z</time>
<extensions>
<tp1:TrackPointExtension>
<tp1:hr>164</tp1:hr>
</tp1:TrackPointExtension>
</extensions>
</trkpt>
<trkpt lat="59.18787223" lon="17.62246585">
<ele>42.9</ele>
<time>2026-09-18T15:34:26Z</time>
<extensions>
<tp1:TrackPointExtension>
<tp1:hr>164</tp1:hr>
</tp1:TrackPointExtension>
</extensions>
</trkpt>
<trkpt lat="59.18790442" lon="17.6224361">
<ele>43.1</ele>
<time>2026-09-18T15:34:27Z</time>
<extensions>
<tp1:TrackPointExtension>
<tp1:hr>163</tp1:hr>
</tp1:TrackPointExtension>
</extensions>
</trkpt>
<trkpt lat="59.18794817" lon="17.62242177">
<ele>43.3</ele>
<time>2026-09-18T15:34:28Z</time>
<extensions>
<tp1:TrackPointExtension>
<tp1:hr>163</tp1:hr>
</tp1:TrackPointExtension>
</extensions>
</trkpt>
<trkpt lat="59.18797407" lon="17.62239268">
<ele>43.5</ele>
<time>2026-09-18T15:34:29Z</time>
<extensions>
<tp1:TrackPointExtension>
<tp1:hr>163</tp1:hr>
</tp1:TrackPointExtension>
</extensions>
</trkpt>
<trkpt lat="59.18800995" lon="17.62236142">
<ele>43.9</ele>
<time>2026-09-18T15:34:30Z</time>
<extensions>
<tp1:TrackPointExtension>
<tp1:hr>162</tp1:hr>
</tp1:TrackPointExtension>
</extensions>
</trkpt>
<trkpt lat="59.18803576" lon="17.62233878">
<ele>44.1</ele>
<time>2026-09-18T15:34:31Z</time>
<extensions>
<tp1:TrackPointExtension>
<tp1:hr>162</tp1:hr>
</tp1:TrackPointExtension>
</extensions>
</trkpt>
<trkpt lat="59.1880672" lon="17.62230819">
<ele>44.5</ele>
<time>2026-09-18T15:34:32Z</time>
<extensions>
<tp1:TrackPointExtension>
<tp1:hr>161</tp1:hr>
</tp1:TrackPointExtension>
</extensions>
</trkpt>
<trkpt lat="59.18809159" lon="17.62227491">
<ele>45.0</ele>
<time>2026-09-18T15:34:33Z</time>
<extensions>
<tp1:TrackPointExtension>
<tp1:hr>161</tp1:hr>
</tp1:TrackPointExtension>
</extensions>
</trkpt>
<trkpt lat="59.18811237" lon="17.62222362">
<ele>45.4</ele>
<time>2026-09-18T15:34:34Z</time>
<extensions>
<tp1:TrackPointExtension>
<tp1:hr>160</tp1:hr>
</tp1:TrackPointExtension>
</extensions>
</trkpt>
<trkpt lat="59.18813023" lon="17.62216218">
<ele>45.8</ele>
<time>2026-09-18T15:34:35Z</time>
<extensions>
<tp1:TrackPointExtension>
<tp1:hr>160</tp1:hr>
</tp1:TrackPointExtension>
</extensions>
</trkpt>
<trkpt lat="59.18814087" lon="17.622102">
<ele>46.0</ele>
<time>2026-09-18T15:34:36Z</time>
<extensions>
<tp1:TrackPointExtension>
<tp1:hr>160</tp1:hr>
</tp1:TrackPointExtension>
</extensions>
</trkpt>
<trkpt lat="59.18815806" lon="17.62203905">
<ele>46.2</ele>
<time>2026-09-18T15:34:37Z</time>
<extensions>
<tp1:TrackPointExtension>
<tp1:hr>159</tp1:hr>
</tp1:TrackPointExtension>
</extensions>
</trkpt>
<trkpt lat="59.1881682" lon="17.62198046">
<ele>46.4</ele>
<time>2026-09-18T15:34:38Z</time>
<extensions>
<tp1:TrackPointExtension>
<tp1:hr>159</tp1:hr>
</tp1:TrackPointExtension>
</extensions>
</trkpt>
<trkpt lat="59.18818261" lon="17.62191122">
<ele>46.6</ele>
<time>2026-09-18T15:34:39Z</time>
<extensions>
<tp1:TrackPointExtension>
<tp1:hr>159</tp1:hr>
</tp1:TrackPointExtension>
</extensions>
</trkpt>
<trkpt lat="59.18819527" lon="17.62185448">
<ele>46.8</ele>
<time>2026-09-18T15:34:40Z</time>
<extensions>
<tp1:TrackPointExtension>
<tp1:hr>159</tp1:hr>
</tp1:TrackPointExtension>
</extensions>
</trkpt>
<trkpt lat="59.18820734" lon="17.62179555">
<ele>47.0</ele>
<time>2026-09-18T15:34:41Z</time>
<extensions>
<tp1:TrackPointExtension>
<tp1:hr>158</tp1:hr>
</tp1:TrackPointExtension>
</extensions>
</trkpt>
<trkpt lat="59.1882091" lon="17.62174769">
<ele>47.4</ele>
<time>2026-09-18T15:34:42Z</time>
<extensions>
<tp1:TrackPointExtension>
<tp1:hr>158</tp1:hr>
</tp1:TrackPointExtension>
</extensions>
</trkpt>
<trkpt lat="59.18820399" lon="17.62168835">
<ele>47.6</ele>
<time>2026-09-18T15:34:43Z</time>
<extensions>
<tp1:TrackPointExtension>
<tp1:hr>158</tp1:hr>
</tp1:TrackPointExtension>
</extensions>
</trkpt>
<trkpt lat="59.18820022" lon="17.62161911">
<ele>47.8</ele>
<time>2026-09-18T15:34:44Z</time>
<extensions>
<tp1:TrackPointExtension>
<tp1:hr>158</tp1:hr>
</tp1:TrackPointExtension>
</extensions>
</trkpt>
<trkpt lat="59.18820793" lon="17.62155055">
<ele>48.0</ele>
<time>2026-09-18T15:34:45Z</time>
<extensions>
<tp1:TrackPointExtension>
<tp1:hr>159</tp1:hr>
</tp1:TrackPointExtension>
</extensions>
</trkpt>
<trkpt lat="59.18822369" lon="17.62148987">
<ele>48.3</ele>
<time>2026-09-18T15:34:46Z</time>
<extensions>
<tp1:TrackPointExtension>
<tp1:hr>160</tp1:hr>
</tp1:TrackPointExtension>
</extensions>
</trkpt>
<trkpt lat="59.18824498" lon="17.62144016">
<ele>48.3</ele>
<time>2026-09-18T15:34:47Z</time>
<extensions>
<tp1:TrackPointExtension>
<tp1:hr>160</tp1:hr>
</tp1:TrackPointExtension>
</extensions>
</trkpt>
<trkpt lat="59.18826409" lon="17.62137847">
<ele>48.3</ele>
<time>2026-09-18T15:34:48Z</time>
<extensions>
<tp1:TrackPointExtension>
<tp1:hr>161</tp1:hr>
</tp1:TrackPointExtension>
</extensions>
</trkpt>
<trkpt lat="59.18828135" lon="17.62131988">
<ele>48.3</ele>
<time>2026-09-18T15:34:49Z</time>
<extensions>
<tp1:TrackPointExtension>
<tp1:hr>161</tp1:hr>
</tp1:TrackPointExtension>
</extensions>
</trkpt>
<trkpt lat="59.18830675" lon="17.62129432">
<ele>48.5</ele>
<time>2026-09-18T15:34:50Z</time>
<extensions>
<tp1:TrackPointExtension>
<tp1:hr>161</tp1:hr>
</tp1:TrackPointExtension>
</extensions>
</trkpt>
<trkpt lat="59.1883236" lon="17.62130999">
<ele>48.7</ele>
<time>2026-09-18T15:34:51Z</time>
<extensions>
<tp1:TrackPointExtension>
<tp1:hr>162</tp1:hr>
</tp1:TrackPointExtension>
</extensions>
</trkpt>
<trkpt lat="59.18834346" lon="17.62135542">
<ele>48.9</ele>
<time>2026-09-18T15:34:52Z</time>
<extensions>
<tp1:TrackPointExtension>
<tp1:hr>162</tp1:hr>
</tp1:TrackPointExtension>
</extensions>
</trkpt>
<trkpt lat="59.18835771" lon="17.62141409">
<ele>49.3</ele>
<time>2026-09-18T15:34:53Z</time>
<extensions>
<tp1:TrackPointExtension>
<tp1:hr>162</tp1:hr>
</tp1:TrackPointExtension>
</extensions>
</trkpt>
<trkpt lat="59.18836836" lon="17.6214301">
<ele>49.5</ele>
<time>2026-09-18T15:34:54Z</time>
<extensions>
<tp1:TrackPointExtension>
<tp1:hr>162</tp1:hr>
</tp1:TrackPointExtension>
</extensions>
</trkpt>
<trkpt lat="59.18839476" lon="17.62144863">
<ele>49.9</ele>
<time>2026-09-18T15:34:55Z</time>
<extensions>
<tp1:TrackPointExtension>
<tp1:hr>163</tp1:hr>
</tp1:TrackPointExtension>
</extensions>
</trkpt>
<trkpt lat="59.18842049" lon="17.62145131">
<ele>50.5</ele>
<time>2026-09-18T15:34:56Z</time>
<extensions>
<tp1:TrackPointExtension>
<tp1:hr>163</tp1:hr>
</tp1:TrackPointExtension>
</extensions>
</trkpt>
<trkpt lat="59.18844153" lon="17.62143681">
<ele>51.3</ele>
<time>2026-09-18T15:34:57Z</time>
<extensions>
<tp1:TrackPointExtension>
<tp1:hr>164</tp1:hr>
</tp1:TrackPointExtension>
</extensions>
</trkpt>
<trkpt lat="59.1884733" lon="17.62141116">
<ele>52.0</ele>
<time>2026-09-18T15:34:58Z</time>
<extensions>
<tp1:TrackPointExtension>
<tp1:hr>164</tp1:hr>
</tp1:TrackPointExtension>
</extensions>
</trkpt>
<trkpt lat="59.1884956" lon="17.62138174">
<ele>52.4</ele>
<time>2026-09-18T15:34:59Z</time>
<extensions>
<tp1:TrackPointExtension>
<tp1:hr>164</tp1:hr>
</tp1:TrackPointExtension>
</extensions>
</trkpt>
<trkpt lat="59.18852602" lon="17.62134251">
<ele>52.6</ele>
<time>2026-09-18T15:35:00Z</time>
<extensions>
<tp1:TrackPointExtension>
<tp1:hr>164</tp1:hr>
</tp1:TrackPointExtension>
</extensions>
</trkpt>
<trkpt lat="59.1885562" lon="17.62130161">
<ele>53.0</ele>
<time>2026-09-18T15:35:01Z</time>
<extensions>
<tp1:TrackPointExtension>
<tp1:hr>164</tp1:hr>
</tp1:TrackPointExtension>
</extensions>
</trkpt>
<trkpt lat="59.18857061" lon="17.62127923">
<ele>53.4</ele>
<time>2026-09-18T15:35:02Z</time>
<extensions>
<tp1:TrackPointExtension>
<tp1:hr>165</tp1:hr>
</tp1:TrackPointExtension>
</extensions>
</trkpt>
<trkpt lat="59.18861537" lon="17.62123489">
<ele>53.8</ele>
<time>2026-09-18T15:35:03Z</time>
<extensions>
<tp1:TrackPointExtension>
<tp1:hr>165</tp1:hr>
</tp1:TrackPointExtension>
</extensions>
</trkpt>
<trkpt lat="59.18863708" lon="17.62120605">
<ele>54.0</ele>
<time>2026-09-18T15:35:04Z</time>
<extensions>
<tp1:TrackPointExtension>
<tp1:hr>165</tp1:hr>
</tp1:TrackPointExtension>
</extensions>
</trkpt>
<trkpt lat="59.18865619" lon="17.62118066">
<ele>54.4</ele>
<time>2026-09-18T15:35:05Z</time>
<extensions>
<tp1:TrackPointExtension>
<tp1:hr>165</tp1:hr>
</tp1:TrackPointExtension>
</extensions>
</trkpt>
<trkpt lat="59.1886867" lon="17.62116683">
<ele>54.6</ele>
<time>2026-09-18T15:35:06Z</time>
<extensions>
<tp1:TrackPointExtension>
<tp1:hr>165</tp1:hr>
</tp1:TrackPointExtension>
</extensions>
</trkpt>
<trkpt lat="59.18871076" lon="17.62117806">
<ele>54.8</ele>
<time>2026-09-18T15:35:07Z</time>
<extensions>
<tp1:TrackPointExtension>
<tp1:hr>165</tp1:hr>
</tp1:TrackPointExtension>
</extensions>
</trkpt>
<trkpt lat="59.18873255" lon="17.62121561">
<ele>54.8</ele>
<time>2026-09-18T15:35:08Z</time>
<extensions>
<tp1:TrackPointExtension>
<tp1:hr>165</tp1:hr>
</tp1:TrackPointExtension>
</extensions>
</trkpt>
<trkpt lat="59.18876097" lon="17.62126448">
<ele>55.0</ele>
<time>2026-09-18T15:35:09Z</time>
<extensions>
<tp1:TrackPointExtension>
<tp1:hr>165</tp1:hr>
</tp1:TrackPointExtension>
</extensions>
</trkpt>
<trkpt lat="59.18879106" lon="17.62130572">
<ele>55.0</ele>
<time>2026-09-18T15:35:10Z</time>
<extensions>
<tp1:TrackPointExtension>
<tp1:hr>165</tp1:hr>
</tp1:TrackPointExtension>
</extensions>
</trkpt>
<trkpt lat="59.18881805" lon="17.62135743">
<ele>55.1</ele>
<time>2026-09-18T15:35:11Z</time>
<extensions>
<tp1:TrackPointExtension>
<tp1:hr>166</tp1:hr>
</tp1:TrackPointExtension>
</extensions>
</trkpt>
<trkpt lat="59.18885032" lon="17.62142499">
<ele>55.1</ele>
<time>2026-09-18T15:35:12Z</time>
<extensions>
<tp1:TrackPointExtension>
<tp1:hr>164</tp1:hr>
</tp1:TrackPointExtension>
</extensions>
</trkpt>
<trkpt lat="59.18887169" lon="17.62147352">
<ele>55.1</ele>
<time>2026-09-18T15:35:13Z</time>
<extensions>
<tp1:TrackPointExtension>
<tp1:hr>164</tp1:hr>
</tp1:TrackPointExtension>
</extensions>
</trkpt>
<trkpt lat="59.18889466" lon="17.62152809">
<ele>55.1</ele>
<time>2026-09-18T15:35:14Z</time>
<extensions>
<tp1:TrackPointExtension>
<tp1:hr>163</tp1:hr>
</tp1:TrackPointExtension>
</extensions>
</trkpt>
<trkpt lat="59.18891293" lon="17.62156421">
<ele>54.9</ele>
<time>2026-09-18T15:35:15Z</time>
<extensions>
<tp1:TrackPointExtension>
<tp1:hr>162</tp1:hr>
</tp1:TrackPointExtension>
</extensions>
</trkpt>
<trkpt lat="59.18893531" lon="17.62160461">
<ele>54.9</ele>
<time>2026-09-18T15:35:16Z</time>
<extensions>
<tp1:TrackPointExtension>
<tp1:hr>161</tp1:hr>
</tp1:TrackPointExtension>
</extensions>
</trkpt>
<trkpt lat="59.18895635" lon="17.62162129">
<ele>54.7</ele>
<time>2026-09-18T15:35:17Z</time>
<extensions>
<tp1:TrackPointExtension>
<tp1:hr>161</tp1:hr>
</tp1:TrackPointExtension>
</extensions>
</trkpt>
<trkpt lat="59.18897697" lon="17.62160889">
<ele>54.5</ele>
<time>2026-09-18T15:35:18Z</time>
<extensions>
<tp1:TrackPointExtension>
<tp1:hr>160</tp1:hr>
</tp1:TrackPointExtension>
</extensions>
</trkpt>
<trkpt lat="59.18900396" lon="17.62156916">
<ele>54.5</ele>
<time>2026-09-18T15:35:19Z</time>
<extensions>
<tp1:TrackPointExtension>
<tp1:hr>160</tp1:hr>
</tp1:TrackPointExtension>
</extensions>
</trkpt>
<trkpt lat="59.18902776" lon="17.62153613">
<ele>54.5</ele>
<time>2026-09-18T15:35:20Z</time>
<extensions>
<tp1:TrackPointExtension>
<tp1:hr>160</tp1:hr>
</tp1:TrackPointExtension>
</extensions>
</trkpt>
<trkpt lat="59.18905517" lon="17.62149406">
<ele>54.5</ele>
<time>2026-09-18T15:35:21Z</time>
<extensions>
<tp1:TrackPointExtension>
<tp1:hr>160</tp1:hr>
</tp1:TrackPointExtension>
</extensions>
</trkpt>
<trkpt lat="59.18906699" lon="17.62142994">
<ele>54.5</ele>
<time>2026-09-18T15:35:22Z</time>
<extensions>
<tp1:TrackPointExtension>
<tp1:hr>159</tp1:hr>
</tp1:TrackPointExtension>
</extensions>
</trkpt>
<trkpt lat="59.18906255" lon="17.62136011">
<ele>54.7</ele>
<time>2026-09-18T15:35:23Z</time>
<extensions>
<tp1:TrackPointExtension>
<tp1:hr>159</tp1:hr>
</tp1:TrackPointExtension>
</extensions>
</trkpt>
<trkpt lat="59.1890488" lon="17.62131762">
<ele>55.0</ele>
<time>2026-09-18T15:35:24Z</time>
<extensions>
<tp1:TrackPointExtension>
<tp1:hr>158</tp1:hr>
</tp1:TrackPointExtension>
</extensions>
</trkpt>
<trkpt lat="59.1890338" lon="17.62124914">
<ele>55.4</ele>
<time>2026-09-18T15:35:25Z</time>
<extensions>
<tp1:TrackPointExtension>
<tp1:hr>158</tp1:hr>
</tp1:TrackPointExtension>
</extensions>
</trkpt>
<trkpt lat="59.18902298" lon="17.62122927">
<ele>55.8</ele>
<time>2026-09-18T15:35:26Z</time>
<extensions>
<tp1:TrackPointExtension>
<tp1:hr>157</tp1:hr>
</tp1:TrackPointExtension>
</extensions>
</trkpt>
<trkpt lat="59.18900974" lon="17.62120287">
<ele>56.2</ele>
<time>2026-09-18T15:35:27Z</time>
<extensions>
<tp1:TrackPointExtension>
<tp1:hr>157</tp1:hr>
</tp1:TrackPointExtension>
</extensions>
</trkpt>
<trkpt lat="59.18899038" lon="17.6211758">
<ele>56.6</ele>
<time>2026-09-18T15:35:28Z</time>
<extensions>
<tp1:TrackPointExtension>
<tp1:hr>157</tp1:hr>
</tp1:TrackPointExtension>
</extensions>
</trkpt>
<trkpt lat="59.18897714" lon="17.62114336">
<ele>56.8</ele>
<time>2026-09-18T15:35:29Z</time>
<extensions>
<tp1:TrackPointExtension>
<tp1:hr>157</tp1:hr>
</tp1:TrackPointExtension>
</extensions>
</trkpt>
<trkpt lat="59.18896666" lon="17.62111595">
<ele>56.6</ele>
<time>2026-09-18T15:35:30Z</time>
<extensions>
<tp1:TrackPointExtension>
<tp1:hr>157</tp1:hr>
</tp1:TrackPointExtension>
</extensions>
</trkpt>
<trkpt lat="59.18894671" lon="17.62106851">
<ele>56.6</ele>
<time>2026-09-18T15:35:31Z</time>
<extensions>
<tp1:TrackPointExtension>
<tp1:hr>158</tp1:hr>
</tp1:TrackPointExtension>
</extensions>
</trkpt>
<trkpt lat="59.18893414" lon="17.62102325">
<ele>56.4</ele>
<time>2026-09-18T15:35:32Z</time>
<extensions>
<tp1:TrackPointExtension>
<tp1:hr>158</tp1:hr>
</tp1:TrackPointExtension>
</extensions>
</trkpt>
<trkpt lat="59.18890346" lon="17.62098192">
<ele>56.2</ele>
<time>2026-09-18T15:35:33Z</time>
<extensions>
<tp1:TrackPointExtension>
<tp1:hr>157</tp1:hr>
</tp1:TrackPointExtension>
</extensions>
</trkpt>
<trkpt lat="59.18887563" lon="17.62093641">
<ele>56.0</ele>
<time>2026-09-18T15:35:34Z</time>
<extensions>
<tp1:TrackPointExtension>
<tp1:hr>157</tp1:hr>
</tp1:TrackPointExtension>
</extensions>
</trkpt>
<trkpt lat="59.18885359" lon="17.62089852">
<ele>56.0</ele>
<time>2026-09-18T15:35:35Z</time>
<extensions>
<tp1:TrackPointExtension>
<tp1:hr>156</tp1:hr>
</tp1:TrackPointExtension>
</extensions>
</trkpt>
<trkpt lat="59.18882836" lon="17.62085049">
<ele>56.5</ele>
<time>2026-09-18T15:35:36Z</time>
<extensions>
<tp1:TrackPointExtension>
<tp1:hr>156</tp1:hr>
</tp1:TrackPointExtension>
</extensions>
</trkpt>
<trkpt lat="59.18880866" lon="17.62081822">
<ele>56.5</ele>
<time>2026-09-18T15:35:37Z</time>
<extensions>
<tp1:TrackPointExtension>
<tp1:hr>154</tp1:hr>
</tp1:TrackPointExtension>
</extensions>
</trkpt>
<trkpt lat="59.18878133" lon="17.6207847">
<ele>56.9</ele>
<time>2026-09-18T15:35:38Z</time>
<extensions>
<tp1:TrackPointExtension>
<tp1:hr>152</tp1:hr>
</tp1:TrackPointExtension>
</extensions>
</trkpt>
<trkpt lat="59.18875812" lon="17.62073088">
<ele>56.1</ele>
<time>2026-09-18T15:35:39Z</time>
<extensions>
<tp1:TrackPointExtension>
<tp1:hr>151</tp1:hr>
</tp1:TrackPointExtension>
</extensions>
</trkpt>
<trkpt lat="59.18873926" lon="17.62067213">
<ele>55.3</ele>
<time>2026-09-18T15:35:40Z</time>
<extensions>
<tp1:TrackPointExtension>
<tp1:hr>151</tp1:hr>
</tp1:TrackPointExtension>
</extensions>
</trkpt>
<trkpt lat="59.18872601" lon="17.62059535">
<ele>54.1</ele>
<time>2026-09-18T15:35:41Z</time>
<extensions>
<tp1:TrackPointExtension>
<tp1:hr>150</tp1:hr>
</tp1:TrackPointExtension>
</extensions>
</trkpt>
<trkpt lat="59.18871554" lon="17.62052259">
<ele>53.9</ele>
<time>2026-09-18T15:35:42Z</time>
<extensions>
<tp1:TrackPointExtension>
<tp1:hr>150</tp1:hr>
</tp1:TrackPointExtension>
</extensions>
</trkpt>
<trkpt lat="59.18870238" lon="17.62045847">
<ele>53.7</ele>
<time>2026-09-18T15:35:43Z</time>
<extensions>
<tp1:TrackPointExtension>
<tp1:hr>150</tp1:hr>
</tp1:TrackPointExtension>
</extensions>
</trkpt>
<trkpt lat="59.18868553" lon="17.62038723">
<ele>53.7</ele>
<time>2026-09-18T15:35:44Z</time>
<extensions>
<tp1:TrackPointExtension>
<tp1:hr>150</tp1:hr>
</tp1:TrackPointExtension>
</extensions>
</trkpt>
<trkpt lat="59.18867933" lon="17.62030039">
<ele>53.5</ele>
<time>2026-09-18T15:35:45Z</time>
<extensions>
<tp1:TrackPointExtension>
<tp1:hr>149</tp1:hr>
</tp1:TrackPointExtension>
</extensions>
</trkpt>
<trkpt lat="59.18866675" lon="17.62021297">
<ele>53.5</ele>
<time>2026-09-18T15:35:46Z</time>
<extensions>
<tp1:TrackPointExtension>
<tp1:hr>149</tp1:hr>
</tp1:TrackPointExtension>
</extensions>
</trkpt>
<trkpt lat="59.18865804" lon="17.62012429">
<ele>53.1</ele>
<time>2026-09-18T15:35:47Z</time>
<extensions>
<tp1:TrackPointExtension>
<tp1:hr>149</tp1:hr>
</tp1:TrackPointExtension>
</extensions>
</trkpt>
<trkpt lat="59.18865602" lon="17.62004801">
<ele>52.7</ele>
<time>2026-09-18T15:35:48Z</time>
<extensions>
<tp1:TrackPointExtension>
<tp1:hr>150</tp1:hr>
</tp1:TrackPointExtension>
</extensions>
</trkpt>
<trkpt lat="59.18866944" lon="17.61997509">
<ele>52.6</ele>
<time>2026-09-18T15:35:49Z</time>
<extensions>
<tp1:TrackPointExtension>
<tp1:hr>149</tp1:hr>
</tp1:TrackPointExtension>
</extensions>
</trkpt>
<trkpt lat="59.18868662" lon="17.61991264">
<ele>52.4</ele>
<time>2026-09-18T15:35:50Z</time>
<extensions>
<tp1:TrackPointExtension>
<tp1:hr>149</tp1:hr>
</tp1:TrackPointExtension>
</extensions>
</trkpt>
<trkpt lat="59.1887463" lon="17.6199175">
<ele>52.2</ele>
<time>2026-09-18T15:35:51Z</time>
<extensions>
<tp1:TrackPointExtension>
<tp1:hr>149</tp1:hr>
</tp1:TrackPointExtension>
</extensions>
</trkpt>
<trkpt lat="59.1887836" lon="17.61990242">
<ele>52.2</ele>
<time>2026-09-18T15:35:52Z</time>
<extensions>
<tp1:TrackPointExtension>
<tp1:hr>149</tp1:hr>
</tp1:TrackPointExtension>
</extensions>
</trkpt>
<trkpt lat="59.18882274" lon="17.61988968">
<ele>52.2</ele>
<time>2026-09-18T15:35:53Z</time>
<extensions>
<tp1:TrackPointExtension>
<tp1:hr>148</tp1:hr>
</tp1:TrackPointExtension>
</extensions>
</trkpt>
<trkpt lat="59.18885945" lon="17.61987467">
<ele>52.4</ele>
<time>2026-09-18T15:35:54Z</time>
<extensions>
<tp1:TrackPointExtension>
<tp1:hr>148</tp1:hr>
</tp1:TrackPointExtension>
</extensions>
</trkpt>
<trkpt lat="59.18889851" lon="17.61985498">
<ele>52.6</ele>
<time>2026-09-18T15:35:55Z</time>
<extensions>
<tp1:TrackPointExtension>
<tp1:hr>148</tp1:hr>
</tp1:TrackPointExtension>
</extensions>
</trkpt>
<trkpt lat="59.18891" lon="17.61986705">
<ele>52.8</ele>
<time>2026-09-18T15:35:56Z</time>
<extensions>
<tp1:TrackPointExtension>
<tp1:hr>148</tp1:hr>
</tp1:TrackPointExtension>
</extensions>
</trkpt>
<trkpt lat="59.18890555" lon="17.61988138">
<ele>53.0</ele>
<time>2026-09-18T15:35:57Z</time>
<extensions>
<tp1:TrackPointExtension>
<tp1:hr>148</tp1:hr>
</tp1:TrackPointExtension>
</extensions>
</trkpt>
<trkpt lat="59.18888896" lon="17.61989613">
<ele>53.2</ele>
<time>2026-09-18T15:35:58Z</time>
<extensions>
<tp1:TrackPointExtension>
<tp1:hr>147</tp1:hr>
</tp1:TrackPointExtension>
</extensions>
</trkpt>
<trkpt lat="59.18886909" lon="17.61990879">
<ele>53.2</ele>
<time>2026-09-18T15:35:59Z</time>
<extensions>
<tp1:TrackPointExtension>
<tp1:hr>147</tp1:hr>
</tp1:TrackPointExtension>
</extensions>
</trkpt>
<trkpt lat="59.18884118" lon="17.61993117">
<ele>53.2</ele>
<time>2026-09-18T15:36:00Z</time>
<extensions>
<tp1:TrackPointExtension>
<tp1:hr>148</tp1:hr>
</tp1:TrackPointExtension>
</extensions>
</trkpt>
<trkpt lat="59.1888064" lon="17.61995497">
<ele>53.1</ele>
<time>2026-09-18T15:36:01Z</time>
<extensions>
<tp1:TrackPointExtension>
<tp1:hr>148</tp1:hr>
</tp1:TrackPointExtension>
</extensions>
</trkpt>
<trkpt lat="59.18876759" lon="17.61997584">
<ele>52.9</ele>
<time>2026-09-18T15:36:02Z</time>
<extensions>
<tp1:TrackPointExtension>
<tp1:hr>148</tp1:hr>
</tp1:TrackPointExtension>
</extensions>
</trkpt>
<trkpt lat="59.18872911" lon="17.61999202">
<ele>52.7</ele>
<time>2026-09-18T15:36:03Z</time>
<extensions>
<tp1:TrackPointExtension>
<tp1:hr>149</tp1:hr>
</tp1:TrackPointExtension>
</extensions>
</trkpt>
<trkpt lat="59.18868092" lon="17.61998188">
<ele>52.5</ele>
<time>2026-09-18T15:36:04Z</time>
<extensions>
<tp1:TrackPointExtension>
<tp1:hr>149</tp1:hr>
</tp1:TrackPointExtension>
</extensions>
</trkpt>
<trkpt lat="59.18863624" lon="17.62000183">
<ele>52.3</ele>
<time>2026-09-18T15:36:05Z</time>
<extensions>
<tp1:TrackPointExtension>
<tp1:hr>149</tp1:hr>
</tp1:TrackPointExtension>
</extensions>
</trkpt>
<trkpt lat="59.18858754" lon="17.62000543">
<ele>52.1</ele>
<time>2026-09-18T15:36:06Z</time>
<extensions>
<tp1:TrackPointExtension>
<tp1:hr>149</tp1:hr>
</tp1:TrackPointExtension>
</extensions>
</trkpt>
<trkpt lat="59.18853759" lon="17.61999328">
<ele>51.9</ele>
<time>2026-09-18T15:36:07Z</time>
<extensions>
<tp1:TrackPointExtension>
<tp1:hr>149</tp1:hr>
</tp1:TrackPointExtension>
</extensions>
</trkpt>
<trkpt lat="59.18849476" lon="17.61999286">
<ele>51.7</ele>
<time>2026-09-18T15:36:08Z</time>
<extensions>
<tp1:TrackPointExtension>
<tp1:hr>150</tp1:hr>
</tp1:TrackPointExtension>
</extensions>
</trkpt>
<trkpt lat="59.18844857" lon="17.61998163">
<ele>51.5</ele>
<time>2026-09-18T15:36:09Z</time>
<extensions>
<tp1:TrackPointExtension>
<tp1:hr>150</tp1:hr>
</tp1:TrackPointExtension>
</extensions>
</trkpt>
<trkpt lat="59.18841437" lon="17.61997894">
<ele>51.3</ele>
<time>2026-09-18T15:36:10Z</time>
<extensions>
<tp1:TrackPointExtension>
<tp1:hr>151</tp1:hr>
</tp1:TrackPointExtension>
</extensions>
</trkpt>
<trkpt lat="59.18837456" lon="17.61996126">
<ele>50.9</ele>
<time>2026-09-18T15:36:11Z</time>
<extensions>
<tp1:TrackPointExtension>
<tp1:hr>151</tp1:hr>
</tp1:TrackPointExtension>
</extensions>
</trkpt>
<trkpt lat="59.18833508" lon="17.61993284">
<ele>50.7</ele>
<time>2026-09-18T15:36:12Z</time>
<extensions>
<tp1:TrackPointExtension>
<tp1:hr>151</tp1:hr>
</tp1:TrackPointExtension>
</extensions>
</trkpt>
<trkpt lat="59.18830206" lon="17.61989772">
<ele>50.5</ele>
<time>2026-09-18T15:36:13Z</time>
<extensions>
<tp1:TrackPointExtension>
<tp1:hr>151</tp1:hr>
</tp1:TrackPointExtension>
</extensions>
</trkpt>
<trkpt lat="59.18827104" lon="17.61983628">
<ele>50.4</ele>
<time>2026-09-18T15:36:14Z</time>
<extensions>
<tp1:TrackPointExtension>
<tp1:hr>151</tp1:hr>
</tp1:TrackPointExtension>
</extensions>
</trkpt>
<trkpt lat="59.18824305" lon="17.61978566">
<ele>50.2</ele>
<time>2026-09-18T15:36:15Z</time>
<extensions>
<tp1:TrackPointExtension>
<tp1:hr>151</tp1:hr>
</tp1:TrackPointExtension>
</extensions>
</trkpt>
<trkpt lat="59.18821556" lon="17.61971424">
<ele>50.2</ele>
<time>2026-09-18T15:36:16Z</time>
<extensions>
<tp1:TrackPointExtension>
<tp1:hr>152</tp1:hr>
</tp1:TrackPointExtension>
</extensions>
</trkpt>
<trkpt lat="59.18818924" lon="17.61967686">
<ele>50.2</ele>
<time>2026-09-18T15:36:17Z</time>
<extensions>
<tp1:TrackPointExtension>
<tp1:hr>152</tp1:hr>
</tp1:TrackPointExtension>
</extensions>
</trkpt>
<trkpt lat="59.18816417" lon="17.61962456">
<ele>50.2</ele>
<time>2026-09-18T15:36:18Z</time>
<extensions>
<tp1:TrackPointExtension>
<tp1:hr>152</tp1:hr>
</tp1:TrackPointExtension>
</extensions>
</trkpt>
<trkpt lat="59.18814247" lon="17.61955926">
<ele>50.2</ele>
<time>2026-09-18T15:36:19Z</time>
<extensions>
<tp1:TrackPointExtension>
<tp1:hr>153</tp1:hr>
</tp1:TrackPointExtension>
</extensions>
</trkpt>
<trkpt lat="59.18811983" lon="17.61950796">
<ele>50.2</ele>
<time>2026-09-18T15:36:20Z</time>
<extensions>
<tp1:TrackPointExtension>
<tp1:hr>153</tp1:hr>
</tp1:TrackPointExtension>
</extensions>
</trkpt>
<trkpt lat="59.18809863" lon="17.6194394">
<ele>50.4</ele>
<time>2026-09-18T15:36:21Z</time>
<extensions>
<tp1:TrackPointExtension>
<tp1:hr>153</tp1:hr>
</tp1:TrackPointExtension>
</extensions>
</trkpt>
<trkpt lat="59.18808505" lon="17.61938576">
<ele>50.4</ele>
<time>2026-09-18T15:36:22Z</time>
<extensions>
<tp1:TrackPointExtension>
<tp1:hr>153</tp1:hr>
</tp1:TrackPointExtension>
</extensions>
</trkpt>
<trkpt lat="59.18807751" lon="17.61933178">
<ele>50.4</ele>
<time>2026-09-18T15:36:23Z</time>
<extensions>
<tp1:TrackPointExtension>
<tp1:hr>152</tp1:hr>
</tp1:TrackPointExtension>
</extensions>
</trkpt>
<trkpt lat="59.18809033" lon="17.61929389">
<ele>50.4</ele>
<time>2026-09-18T15:36:24Z</time>
<extensions>
<tp1:TrackPointExtension>
<tp1:hr>152</tp1:hr>
</tp1:TrackPointExtension>
</extensions>
</trkpt>
<trkpt lat="59.18811455" lon="17.6192529">
<ele>50.6</ele>
<time>2026-09-18T15:36:25Z</time>
<extensions>
<tp1:TrackPointExtension>
<tp1:hr>152</tp1:hr>
</tp1:TrackPointExtension>
</extensions>
</trkpt>
<trkpt lat="59.18813744" lon="17.61921309">
<ele>50.6</ele>
<time>2026-09-18T15:36:26Z</time>
<extensions>
<tp1:TrackPointExtension>
<tp1:hr>152</tp1:hr>
</tp1:TrackPointExtension>
</extensions>
</trkpt>
<trkpt lat="59.18816426" lon="17.61917101">
<ele>50.7</ele>
<time>2026-09-18T15:36:27Z</time>
<extensions>
<tp1:TrackPointExtension>
<tp1:hr>154</tp1:hr>
</tp1:TrackPointExtension>
</extensions>
</trkpt>
<trkpt lat="59.18819058" lon="17.61913229">
<ele>50.7</ele>
<time>2026-09-18T15:36:28Z</time>
<extensions>
<tp1:TrackPointExtension>
<tp1:hr>156</tp1:hr>
</tp1:TrackPointExtension>
</extensions>
</trkpt>
<trkpt lat="59.18821815" lon="17.61910454">
<ele>51.1</ele>
<time>2026-09-18T15:36:29Z</time>
<extensions>
<tp1:TrackPointExtension>
<tp1:hr>157</tp1:hr>
</tp1:TrackPointExtension>
</extensions>
</trkpt>
<trkpt lat="59.18823039" lon="17.61908216">
<ele>51.7</ele>
<time>2026-09-18T15:36:30Z</time>
<extensions>
<tp1:TrackPointExtension>
<tp1:hr>157</tp1:hr>
</tp1:TrackPointExtension>
</extensions>
</trkpt>
<trkpt lat="59.18823651" lon="17.61905559">
<ele>52.1</ele>
<time>2026-09-18T15:36:31Z</time>
<extensions>
<tp1:TrackPointExtension>
<tp1:hr>157</tp1:hr>
</tp1:TrackPointExtension>
</extensions>
</trkpt>
<trkpt lat="59.18822352" lon="17.61901804">
<ele>52.7</ele>
<time>2026-09-18T15:36:32Z</time>
<extensions>
<tp1:TrackPointExtension>
<tp1:hr>156</tp1:hr>
</tp1:TrackPointExtension>
</extensions>
</trkpt>
<trkpt lat="59.18820885" lon="17.61896951">
<ele>53.1</ele>
<time>2026-09-18T15:36:33Z</time>
<extensions>
<tp1:TrackPointExtension>
<tp1:hr>156</tp1:hr>
</tp1:TrackPointExtension>
</extensions>
</trkpt>
<trkpt lat="59.18819234" lon="17.61890078">
<ele>53.3</ele>
<time>2026-09-18T15:36:34Z</time>
<extensions>
<tp1:TrackPointExtension>
<tp1:hr>156</tp1:hr>
</tp1:TrackPointExtension>
</extensions>
</trkpt>
<trkpt lat="59.18817532" lon="17.61885367">
<ele>53.5</ele>
<time>2026-09-18T15:36:35Z</time>
<extensions>
<tp1:TrackPointExtension>
<tp1:hr>157</tp1:hr>
</tp1:TrackPointExtension>
</extensions>
</trkpt>
<trkpt lat="59.18815294" lon="17.61878083">
<ele>53.7</ele>
<time>2026-09-18T15:36:36Z</time>
<extensions>
<tp1:TrackPointExtension>
<tp1:hr>156</tp1:hr>
</tp1:TrackPointExtension>
</extensions>
</trkpt>
<trkpt lat="59.18813643" lon="17.61872711">
<ele>53.7</ele>
<time>2026-09-18T15:36:37Z</time>
<extensions>
<tp1:TrackPointExtension>
<tp1:hr>156</tp1:hr>
</tp1:TrackPointExtension>
</extensions>
</trkpt>
<trkpt lat="59.18812386" lon="17.61866818">
<ele>53.9</ele>
<time>2026-09-18T15:36:38Z</time>
<extensions>
<tp1:TrackPointExtension>
<tp1:hr>157</tp1:hr>
</tp1:TrackPointExtension>
</extensions>
</trkpt>
<trkpt lat="59.18813073" lon="17.61860917">
<ele>54.0</ele>
<time>2026-09-18T15:36:39Z</time>
<extensions>
<tp1:TrackPointExtension>
<tp1:hr>157</tp1:hr>
</tp1:TrackPointExtension>
</extensions>
</trkpt>
<trkpt lat="59.18815076" lon="17.61856165">
<ele>54.2</ele>
<time>2026-09-18T15:36:40Z</time>
<extensions>
<tp1:TrackPointExtension>
<tp1:hr>157</tp1:hr>
</tp1:TrackPointExtension>
</extensions>
</trkpt>
<trkpt lat="59.18818915" lon="17.61850683">
<ele>54.2</ele>
<time>2026-09-18T15:36:41Z</time>
<extensions>
<tp1:TrackPointExtension>
<tp1:hr>157</tp1:hr>
</tp1:TrackPointExtension>
</extensions>
</trkpt>
<trkpt lat="59.18821463" lon="17.61846031">
<ele>54.4</ele>
<time>2026-09-18T15:36:42Z</time>
<extensions>
<tp1:TrackPointExtension>
<tp1:hr>158</tp1:hr>
</tp1:TrackPointExtension>
</extensions>
</trkpt>
<trkpt lat="59.188249" lon="17.61838269">
<ele>54.6</ele>
<time>2026-09-18T15:36:43Z</time>
<extensions>
<tp1:TrackPointExtension>
<tp1:hr>158</tp1:hr>
</tp1:TrackPointExtension>
</extensions>
</trkpt>
<trkpt lat="59.18826476" lon="17.61831203">
<ele>55.0</ele>
<time>2026-09-18T15:36:44Z</time>
<extensions>
<tp1:TrackPointExtension>
<tp1:hr>158</tp1:hr>
</tp1:TrackPointExtension>
</extensions>
</trkpt>
<trkpt lat="59.1882697" lon="17.61824196">
<ele>55.4</ele>
<time>2026-09-18T15:36:45Z</time>
<extensions>
<tp1:TrackPointExtension>
<tp1:hr>159</tp1:hr>
</tp1:TrackPointExtension>
</extensions>
</trkpt>
<trkpt lat="59.18826895" lon="17.61819209">
<ele>55.8</ele>
<time>2026-09-18T15:36:46Z</time>
<extensions>
<tp1:TrackPointExtension>
<tp1:hr>159</tp1:hr>
</tp1:TrackPointExtension>
</extensions>
</trkpt>
<trkpt lat="59.18826652" lon="17.61812001">
<ele>56.0</ele>
<time>2026-09-18T15:36:47Z</time>
<extensions>
<tp1:TrackPointExtension>
<tp1:hr>160</tp1:hr>
</tp1:TrackPointExtension>
</extensions>
</trkpt>
<trkpt lat="59.18823458" lon="17.6180672">
<ele>56.4</ele>
<time>2026-09-18T15:36:48Z</time>
<extensions>
<tp1:TrackPointExtension>
<tp1:hr>160</tp1:hr>
</tp1:TrackPointExtension>
</extensions>
</trkpt>
<trkpt lat="59.18820248" lon="17.61804633">
<ele>56.4</ele>
<time>2026-09-18T15:36:49Z</time>
<extensions>
<tp1:TrackPointExtension>
<tp1:hr>161</tp1:hr>
</tp1:TrackPointExtension>
</extensions>
</trkpt>
<trkpt lat="59.18816568" lon="17.61803593">
<ele>56.4</ele>
<time>2026-09-18T15:36:50Z</time>
<extensions>
<tp1:TrackPointExtension>
<tp1:hr>161</tp1:hr>
</tp1:TrackPointExtension>
</extensions>
</trkpt>
<trkpt lat="59.18816803" lon="17.61803644">
<ele>56.6</ele>
<time>2026-09-18T15:36:51Z</time>
<extensions>
<tp1:TrackPointExtension>
<tp1:hr>162</tp1:hr>
</tp1:TrackPointExtension>
</extensions>
</trkpt>
<trkpt lat="59.1881801" lon="17.61802512">
<ele>56.7</ele>
<time>2026-09-18T15:36:52Z</time>
<extensions>
<tp1:TrackPointExtension>
<tp1:hr>162</tp1:hr>
</tp1:TrackPointExtension>
</extensions>
</trkpt>
<trkpt lat="59.1882029" lon="17.61801506">
<ele>56.7</ele>
<time>2026-09-18T15:36:53Z</time>
<extensions>
<tp1:TrackPointExtension>
<tp1:hr>163</tp1:hr>
</tp1:TrackPointExtension>
</extensions>
</trkpt>
<trkpt lat="59.18823383" lon="17.61799855">
<ele>56.7</ele>
<time>2026-09-18T15:36:54Z</time>
<extensions>
<tp1:TrackPointExtension>
<tp1:hr>163</tp1:hr>
</tp1:TrackPointExtension>
</extensions>
</trkpt>
<trkpt lat="59.18826962" lon="17.6179802">
<ele>56.7</ele>
<time>2026-09-18T15:36:55Z</time>
<extensions>
<tp1:TrackPointExtension>
<tp1:hr>164</tp1:hr>
</tp1:TrackPointExtension>
</extensions>
</trkpt>
<trkpt lat="59.18830013" lon="17.61795438">
<ele>56.5</ele>
<time>2026-09-18T15:36:56Z</time>
<extensions>
<tp1:TrackPointExtension>
<tp1:hr>163</tp1:hr>
</tp1:TrackPointExtension>
</extensions>
</trkpt>
<trkpt lat="59.18829954" lon="17.61787618">
<ele>56.3</ele>
<time>2026-09-18T15:36:57Z</time>
<extensions>
<tp1:TrackPointExtension>
<tp1:hr>163</tp1:hr>
</tp1:TrackPointExtension>
</extensions>
</trkpt>
<trkpt lat="59.1883039" lon="17.61780568">
<ele>56.3</ele>
<time>2026-09-18T15:36:58Z</time>
<extensions>
<tp1:TrackPointExtension>
<tp1:hr>163</tp1:hr>
</tp1:TrackPointExtension>
</extensions>
</trkpt>
<trkpt lat="59.1883029" lon="17.61773528">
<ele>56.3</ele>
<time>2026-09-18T15:36:59Z</time>
<extensions>
<tp1:TrackPointExtension>
<tp1:hr>163</tp1:hr>
</tp1:TrackPointExtension>
</extensions>
</trkpt>
<trkpt lat="59.1883003" lon="17.61766026">
<ele>56.3</ele>
<time>2026-09-18T15:37:00Z</time>
<extensions>
<tp1:TrackPointExtension>
<tp1:hr>163</tp1:hr>
</tp1:TrackPointExtension>
</extensions>
</trkpt>
<trkpt lat="59.18829585" lon="17.61759429">
<ele>56.5</ele>
<time>2026-09-18T15:37:01Z</time>
<extensions>
<tp1:TrackPointExtension>
<tp1:hr>164</tp1:hr>
</tp1:TrackPointExtension>
</extensions>
</trkpt>
<trkpt lat="59.18828588" lon="17.61751726">
<ele>56.5</ele>
<time>2026-09-18T15:37:02Z</time>
<extensions>
<tp1:TrackPointExtension>
<tp1:hr>164</tp1:hr>
</tp1:TrackPointExtension>
</extensions>
</trkpt>
<trkpt lat="59.18827037" lon="17.6174487">
<ele>56.5</ele>
<time>2026-09-18T15:37:03Z</time>
<extensions>
<tp1:TrackPointExtension>
<tp1:hr>164</tp1:hr>
</tp1:TrackPointExtension>
</extensions>
</trkpt>
<trkpt lat="59.18825478" lon="17.61737946">
<ele>56.8</ele>
<time>2026-09-18T15:37:04Z</time>
<extensions>
<tp1:TrackPointExtension>
<tp1:hr>164</tp1:hr>
</tp1:TrackPointExtension>
</extensions>
</trkpt>
<trkpt lat="59.18822721" lon="17.61731744">
<ele>57.0</ele>
<time>2026-09-18T15:37:05Z</time>
<extensions>
<tp1:TrackPointExtension>
<tp1:hr>164</tp1:hr>
</tp1:TrackPointExtension>
</extensions>
</trkpt>
<trkpt lat="59.18819586" lon="17.61730713">
<ele>57.2</ele>
<time>2026-09-18T15:37:06Z</time>
<extensions>
<tp1:TrackPointExtension>
<tp1:hr>164</tp1:hr>
</tp1:TrackPointExtension>
</extensions>
</trkpt>
<trkpt lat="59.18815764" lon="17.6173104">
<ele>57.2</ele>
<time>2026-09-18T15:37:07Z</time>
<extensions>
<tp1:TrackPointExtension>
<tp1:hr>164</tp1:hr>
</tp1:TrackPointExtension>
</extensions>
</trkpt>
<trkpt lat="59.18812662" lon="17.61733211">
<ele>57.4</ele>
<time>2026-09-18T15:37:08Z</time>
<extensions>
<tp1:TrackPointExtension>
<tp1:hr>164</tp1:hr>
</tp1:TrackPointExtension>
</extensions>
</trkpt>
<trkpt lat="59.188076" lon="17.61734853">
<ele>57.4</ele>
<time>2026-09-18T15:37:09Z</time>
<extensions>
<tp1:TrackPointExtension>
<tp1:hr>163</tp1:hr>
</tp1:TrackPointExtension>
</extensions>
</trkpt>
<trkpt lat="59.18802931" lon="17.61736446">
<ele>57.6</ele>
<time>2026-09-18T15:37:10Z</time>
<extensions>
<tp1:TrackPointExtension>
<tp1:hr>164</tp1:hr>
</tp1:TrackPointExtension>
</extensions>
</trkpt>
<trkpt lat="59.18799302" lon="17.61736563">
<ele>57.6</ele>
<time>2026-09-18T15:37:11Z</time>
<extensions>
<tp1:TrackPointExtension>
<tp1:hr>164</tp1:hr>
</tp1:TrackPointExtension>
</extensions>
</trkpt>
<trkpt lat="59.18796108" lon="17.61733001">
<ele>58.0</ele>
<time>2026-09-18T15:37:12Z</time>
<extensions>
<tp1:TrackPointExtension>
<tp1:hr>163</tp1:hr>
</tp1:TrackPointExtension>
</extensions>
</trkpt>
<trkpt lat="59.1879506" lon="17.61726379">
<ele>58.2</ele>
<time>2026-09-18T15:37:13Z</time>
<extensions>
<tp1:TrackPointExtension>
<tp1:hr>164</tp1:hr>
</tp1:TrackPointExtension>
</extensions>
</trkpt>
<trkpt lat="59.18793937" lon="17.61718567">
<ele>58.4</ele>
<time>2026-09-18T15:37:14Z</time>
<extensions>
<tp1:TrackPointExtension>
<tp1:hr>164</tp1:hr>
</tp1:TrackPointExtension>
</extensions>
</trkpt>
<trkpt lat="59.18793032" lon="17.61711644">
<ele>58.6</ele>
<time>2026-09-18T15:37:15Z</time>
<extensions>
<tp1:TrackPointExtension>
<tp1:hr>163</tp1:hr>
</tp1:TrackPointExtension>
</extensions>
</trkpt>
<trkpt lat="59.18791976" lon="17.61703706">
<ele>58.6</ele>
<time>2026-09-18T15:37:16Z</time>
<extensions>
<tp1:TrackPointExtension>
<tp1:hr>164</tp1:hr>
</tp1:TrackPointExtension>
</extensions>
</trkpt>
<trkpt lat="59.18791129" lon="17.61694034">
<ele>58.7</ele>
<time>2026-09-18T15:37:17Z</time>
<extensions>
<tp1:TrackPointExtension>
<tp1:hr>164</tp1:hr>
</tp1:TrackPointExtension>
</extensions>
</trkpt>
<trkpt lat="59.1878988" lon="17.61687144">
<ele>58.7</ele>
<time>2026-09-18T15:37:18Z</time>
<extensions>
<tp1:TrackPointExtension>
<tp1:hr>164</tp1:hr>
</tp1:TrackPointExtension>
</extensions>
</trkpt>
<trkpt lat="59.18788405" lon="17.61678619">
<ele>58.5</ele>
<time>2026-09-18T15:37:19Z</time>
<extensions>
<tp1:TrackPointExtension>
<tp1:hr>163</tp1:hr>
</tp1:TrackPointExtension>
</extensions>
</trkpt>
<trkpt lat="59.18786729" lon="17.61672534">
<ele>58.5</ele>
<time>2026-09-18T15:37:20Z</time>
<extensions>
<tp1:TrackPointExtension>
<tp1:hr>164</tp1:hr>
</tp1:TrackPointExtension>
</extensions>
</trkpt>
<trkpt lat="59.18785036" lon="17.61665351">
<ele>58.5</ele>
<time>2026-09-18T15:37:21Z</time>
<extensions>
<tp1:TrackPointExtension>
<tp1:hr>165</tp1:hr>
</tp1:TrackPointExtension>
</extensions>
</trkpt>
<trkpt lat="59.18783879" lon="17.61658561">
<ele>58.5</ele>
<time>2026-09-18T15:37:22Z</time>
<extensions>
<tp1:TrackPointExtension>
<tp1:hr>165</tp1:hr>
</tp1:TrackPointExtension>
</extensions>
</trkpt>
<trkpt lat="59.1878325" lon="17.61651169">
<ele>58.5</ele>
<time>2026-09-18T15:37:23Z</time>
<extensions>
<tp1:TrackPointExtension>
<tp1:hr>165</tp1:hr>
</tp1:TrackPointExtension>
</extensions>
</trkpt>
<trkpt lat="59.18782161" lon="17.61645209">
<ele>58.3</ele>
<time>2026-09-18T15:37:24Z</time>
<extensions>
<tp1:TrackPointExtension>
<tp1:hr>165</tp1:hr>
</tp1:TrackPointExtension>
</extensions>
</trkpt>
<trkpt lat="59.18781515" lon="17.61639593">
<ele>58.1</ele>
<time>2026-09-18T15:37:25Z</time>
<extensions>
<tp1:TrackPointExtension>
<tp1:hr>165</tp1:hr>
</tp1:TrackPointExtension>
</extensions>
</trkpt>
<trkpt lat="59.18782219" lon="17.61634103">
<ele>57.7</ele>
<time>2026-09-18T15:37:26Z</time>
<extensions>
<tp1:TrackPointExtension>
<tp1:hr>165</tp1:hr>
</tp1:TrackPointExtension>
</extensions>
</trkpt>
<trkpt lat="59.1878496" lon="17.61631278">
<ele>57.7</ele>
<time>2026-09-18T15:37:27Z</time>
<extensions>
<tp1:TrackPointExtension>
<tp1:hr>165</tp1:hr>
</tp1:TrackPointExtension>
</extensions>
</trkpt>
<trkpt lat="59.18787391" lon="17.61627113">
<ele>57.7</ele>
<time>2026-09-18T15:37:28Z</time>
<extensions>
<tp1:TrackPointExtension>
<tp1:hr>164</tp1:hr>
</tp1:TrackPointExtension>
</extensions>
</trkpt>
<trkpt lat="59.18789528" lon="17.61622243">
<ele>57.9</ele>
<time>2026-09-18T15:37:29Z</time>
<extensions>
<tp1:TrackPointExtension>
<tp1:hr>164</tp1:hr>
</tp1:TrackPointExtension>
</extensions>
</trkpt>
<trkpt lat="59.18790367" lon="17.61616752">
<ele>58.4</ele>
<time>2026-09-18T15:37:30Z</time>
<extensions>
<tp1:TrackPointExtension>
<tp1:hr>164</tp1:hr>
</tp1:TrackPointExtension>
</extensions>
</trkpt>
<trkpt lat="59.18792009" lon="17.61611841">
<ele>58.8</ele>
<time>2026-09-18T15:37:31Z</time>
<extensions>
<tp1:TrackPointExtension>
<tp1:hr>164</tp1:hr>
</tp1:TrackPointExtension>
</extensions>
</trkpt>
<trkpt lat="59.18794423" lon="17.6160713">
<ele>59.0</ele>
<time>2026-09-18T15:37:32Z</time>
<extensions>
<tp1:TrackPointExtension>
<tp1:hr>164</tp1:hr>
</tp1:TrackPointExtension>
</extensions>
</trkpt>
<trkpt lat="59.18796577" lon="17.61601749">
<ele>59.0</ele>
<time>2026-09-18T15:37:33Z</time>
<extensions>
<tp1:TrackPointExtension>
<tp1:hr>163</tp1:hr>
</tp1:TrackPointExtension>
</extensions>
</trkpt>
<trkpt lat="59.18798505" lon="17.61597097">
<ele>59.0</ele>
<time>2026-09-18T15:37:34Z</time>
<extensions>
<tp1:TrackPointExtension>
<tp1:hr>163</tp1:hr>
</tp1:TrackPointExtension>
</extensions>
</trkpt>
<trkpt lat="59.18799561" lon="17.61591699">
<ele>58.8</ele>
<time>2026-09-18T15:37:35Z</time>
<extensions>
<tp1:TrackPointExtension>
<tp1:hr>163</tp1:hr>
</tp1:TrackPointExtension>
</extensions>
</trkpt>
<trkpt lat="59.18800299" lon="17.61588505">
<ele>58.6</ele>
<time>2026-09-18T15:37:36Z</time>
<extensions>
<tp1:TrackPointExtension>
<tp1:hr>163</tp1:hr>
</tp1:TrackPointExtension>
</extensions>
</trkpt>
<trkpt lat="59.18800483" lon="17.61582035">
<ele>58.4</ele>
<time>2026-09-18T15:37:37Z</time>
<extensions>
<tp1:TrackPointExtension>
<tp1:hr>162</tp1:hr>
</tp1:TrackPointExtension>
</extensions>
</trkpt>
<trkpt lat="59.18800626" lon="17.61577282">
<ele>58.2</ele>
<time>2026-09-18T15:37:38Z</time>
<extensions>
<tp1:TrackPointExtension>
<tp1:hr>162</tp1:hr>
</tp1:TrackPointExtension>
</extensions>
</trkpt>
<trkpt lat="59.18800299" lon="17.61572429">
<ele>58.0</ele>
<time>2026-09-18T15:37:39Z</time>
<extensions>
<tp1:TrackPointExtension>
<tp1:hr>162</tp1:hr>
</tp1:TrackPointExtension>
</extensions>
</trkpt>
<trkpt lat="59.18799268" lon="17.61566956">
<ele>57.6</ele>
<time>2026-09-18T15:37:40Z</time>
<extensions>
<tp1:TrackPointExtension>
<tp1:hr>162</tp1:hr>
</tp1:TrackPointExtension>
</extensions>
</trkpt>
<trkpt lat="59.18796016" lon="17.61562882">
<ele>57.2</ele>
<time>2026-09-18T15:37:41Z</time>
<extensions>
<tp1:TrackPointExtension>
<tp1:hr>162</tp1:hr>
</tp1:TrackPointExtension>
</extensions>
</trkpt>
<trkpt lat="59.18795991" lon="17.615559">
<ele>57.1</ele>
<time>2026-09-18T15:37:42Z</time>
<extensions>
<tp1:TrackPointExtension>
<tp1:hr>161</tp1:hr>
</tp1:TrackPointExtension>
</extensions>
</trkpt>
<trkpt lat="59.187962" lon="17.61547954">
<ele>56.9</ele>
<time>2026-09-18T15:37:43Z</time>
<extensions>
<tp1:TrackPointExtension>
<tp1:hr>161</tp1:hr>
</tp1:TrackPointExtension>
</extensions>
</trkpt>
<trkpt lat="59.18797416" lon="17.61540494">
<ele>56.5</ele>
<time>2026-09-18T15:37:44Z</time>
<extensions>
<tp1:TrackPointExtension>
<tp1:hr>161</tp1:hr>
</tp1:TrackPointExtension>
</extensions>
</trkpt>
<trkpt lat="59.18799243" lon="17.61535306">
<ele>56.3</ele>
<time>2026-09-18T15:37:45Z</time>
<extensions>
<tp1:TrackPointExtension>
<tp1:hr>161</tp1:hr>
</tp1:TrackPointExtension>
</extensions>
</trkpt>
<trkpt lat="59.18801456" lon="17.61532623">
<ele>56.5</ele>
<time>2026-09-18T15:37:46Z</time>
<extensions>
<tp1:TrackPointExtension>
<tp1:hr>161</tp1:hr>
</tp1:TrackPointExtension>
</extensions>
</trkpt>
<trkpt lat="59.18802797" lon="17.61532011">
<ele>56.9</ele>
<time>2026-09-18T15:37:47Z</time>
<extensions>
<tp1:TrackPointExtension>
<tp1:hr>161</tp1:hr>
</tp1:TrackPointExtension>
</extensions>
</trkpt>
<trkpt lat="59.18804809" lon="17.61530519">
<ele>57.3</ele>
<time>2026-09-18T15:37:48Z</time>
<extensions>
<tp1:TrackPointExtension>
<tp1:hr>161</tp1:hr>
</tp1:TrackPointExtension>
</extensions>
</trkpt>
<trkpt lat="59.18806845" lon="17.6153098">
<ele>57.9</ele>
<time>2026-09-18T15:37:49Z</time>
<extensions>
<tp1:TrackPointExtension>
<tp1:hr>160</tp1:hr>
</tp1:TrackPointExtension>
</extensions>
</trkpt>
<trkpt lat="59.1880884" lon="17.61533084">
<ele>58.5</ele>
<time>2026-09-18T15:37:50Z</time>
<extensions>
<tp1:TrackPointExtension>
<tp1:hr>160</tp1:hr>
</tp1:TrackPointExtension>
</extensions>
</trkpt>
<trkpt lat="59.18810559" lon="17.61536588">
<ele>58.9</ele>
<time>2026-09-18T15:37:51Z</time>
<extensions>
<tp1:TrackPointExtension>
<tp1:hr>160</tp1:hr>
</tp1:TrackPointExtension>
</extensions>
</trkpt>
<trkpt lat="59.18812193" lon="17.61542154">
<ele>59.3</ele>
<time>2026-09-18T15:37:52Z</time>
<extensions>
<tp1:TrackPointExtension>
<tp1:hr>160</tp1:hr>
</tp1:TrackPointExtension>
</extensions>
</trkpt>
<trkpt lat="59.1881376" lon="17.6154813">
<ele>59.5</ele>
<time>2026-09-18T15:37:53Z</time>
<extensions>
<tp1:TrackPointExtension>
<tp1:hr>161</tp1:hr>
</tp1:TrackPointExtension>
</extensions>
</trkpt>
<trkpt lat="59.18815328" lon="17.61555967">
<ele>59.5</ele>
<time>2026-09-18T15:37:54Z</time>
<extensions>
<tp1:TrackPointExtension>
<tp1:hr>160</tp1:hr>
</tp1:TrackPointExtension>
</extensions>
</trkpt>
<trkpt lat="59.18816552" lon="17.61562857">
<ele>59.8</ele>
<time>2026-09-18T15:37:55Z</time>
<extensions>
<tp1:TrackPointExtension>
<tp1:hr>161</tp1:hr>
</tp1:TrackPointExtension>
</extensions>
</trkpt>
<trkpt lat="59.18817599" lon="17.61569881">
<ele>60.0</ele>
<time>2026-09-18T15:37:56Z</time>
<extensions>
<tp1:TrackPointExtension>
<tp1:hr>161</tp1:hr>
</tp1:TrackPointExtension>
</extensions>
</trkpt>
<trkpt lat="59.18818588" lon="17.61576234">
<ele>60.4</ele>
<time>2026-09-18T15:37:57Z</time>
<extensions>
<tp1:TrackPointExtension>
<tp1:hr>161</tp1:hr>
</tp1:TrackPointExtension>
</extensions>
</trkpt>
<trkpt lat="59.18819594" lon="17.6158009">
<ele>60.8</ele>
<time>2026-09-18T15:37:58Z</time>
<extensions>
<tp1:TrackPointExtension>
<tp1:hr>161</tp1:hr>
</tp1:TrackPointExtension>
</extensions>
</trkpt>
<trkpt lat="59.18821195" lon="17.61588447">
<ele>61.2</ele>
<time>2026-09-18T15:37:59Z</time>
<extensions>
<tp1:TrackPointExtension>
<tp1:hr>160</tp1:hr>
</tp1:TrackPointExtension>
</extensions>
</trkpt>
<trkpt lat="59.18822285" lon="17.61594222">
<ele>61.6</ele>
<time>2026-09-18T15:38:00Z</time>
<extensions>
<tp1:TrackPointExtension>
<tp1:hr>161</tp1:hr>
</tp1:TrackPointExtension>
</extensions>
</trkpt>
<trkpt lat="59.18823265" lon="17.61600181">
<ele>62.0</ele>
<time>2026-09-18T15:38:01Z</time>
<extensions>
<tp1:TrackPointExtension>
<tp1:hr>161</tp1:hr>
</tp1:TrackPointExtension>
</extensions>
</trkpt>
<trkpt lat="59.18824556" lon="17.616063">
<ele>62.2</ele>
<time>2026-09-18T15:38:02Z</time>
<extensions>
<tp1:TrackPointExtension>
<tp1:hr>162</tp1:hr>
</tp1:TrackPointExtension>
</extensions>
</trkpt>
<trkpt lat="59.18826769" lon="17.61611019">
<ele>62.4</ele>
<time>2026-09-18T15:38:03Z</time>
<extensions>
<tp1:TrackPointExtension>
<tp1:hr>162</tp1:hr>
</tp1:TrackPointExtension>
</extensions>
</trkpt>
<trkpt lat="59.1882951" lon="17.61614749">
<ele>62.4</ele>
<time>2026-09-18T15:38:04Z</time>
<extensions>
<tp1:TrackPointExtension>
<tp1:hr>162</tp1:hr>
</tp1:TrackPointExtension>
</extensions>
</trkpt>
<trkpt lat="59.18831974" lon="17.61617783">
<ele>62.4</ele>
<time>2026-09-18T15:38:05Z</time>
<extensions>
<tp1:TrackPointExtension>
<tp1:hr>163</tp1:hr>
</tp1:TrackPointExtension>
</extensions>
</trkpt>
<trkpt lat="59.18834154" lon="17.61618873">
<ele>62.4</ele>
<time>2026-09-18T15:38:06Z</time>
<extensions>
<tp1:TrackPointExtension>
<tp1:hr>163</tp1:hr>
</tp1:TrackPointExtension>
</extensions>
</trkpt>
<trkpt lat="59.18837121" lon="17.6162127">
<ele>62.4</ele>
<time>2026-09-18T15:38:07Z</time>
<extensions>
<tp1:TrackPointExtension>
<tp1:hr>164</tp1:hr>
</tp1:TrackPointExtension>
</extensions>
</trkpt>
<trkpt lat="59.18839459" lon="17.61625143">
<ele>62.5</ele>
<time>2026-09-18T15:38:08Z</time>
<extensions>
<tp1:TrackPointExtension>
<tp1:hr>164</tp1:hr>
</tp1:TrackPointExtension>
</extensions>
</trkpt>
<trkpt lat="59.188422" lon="17.61629552">
<ele>62.3</ele>
<time>2026-09-18T15:38:09Z</time>
<extensions>
<tp1:TrackPointExtension>
<tp1:hr>164</tp1:hr>
</tp1:TrackPointExtension>
</extensions>
</trkpt>
<trkpt lat="59.18845142" lon="17.61634924">
<ele>62.1</ele>
<time>2026-09-18T15:38:10Z</time>
<extensions>
<tp1:TrackPointExtension>
<tp1:hr>165</tp1:hr>
</tp1:TrackPointExtension>
</extensions>
</trkpt>
<trkpt lat="59.18848621" lon="17.61640498">
<ele>61.9</ele>
<time>2026-09-18T15:38:11Z</time>
<extensions>
<tp1:TrackPointExtension>
<tp1:hr>165</tp1:hr>
</tp1:TrackPointExtension>
</extensions>
</trkpt>
<trkpt lat="59.18852082" lon="17.61644589">
<ele>61.3</ele>
<time>2026-09-18T15:38:12Z</time>
<extensions>
<tp1:TrackPointExtension>
<tp1:hr>165</tp1:hr>
</tp1:TrackPointExtension>
</extensions>
</trkpt>
<trkpt lat="59.18855486" lon="17.61642879">
<ele>60.9</ele>
<time>2026-09-18T15:38:13Z</time>
<extensions>
<tp1:TrackPointExtension>
<tp1:hr>166</tp1:hr>
</tp1:TrackPointExtension>
</extensions>
</trkpt>
<trkpt lat="59.18859324" lon="17.61643223">
<ele>60.5</ele>
<time>2026-09-18T15:38:14Z</time>
<extensions>
<tp1:TrackPointExtension>
<tp1:hr>166</tp1:hr>
</tp1:TrackPointExtension>
</extensions>
</trkpt>
<trkpt lat="59.18863306" lon="17.61643415">
<ele>60.3</ele>
<time>2026-09-18T15:38:15Z</time>
<extensions>
<tp1:TrackPointExtension>
<tp1:hr>166</tp1:hr>
</tp1:TrackPointExtension>
</extensions>
</trkpt>
<trkpt lat="59.18866927" lon="17.61644916">
<ele>59.9</ele>
<time>2026-09-18T15:38:16Z</time>
<extensions>
<tp1:TrackPointExtension>
<tp1:hr>166</tp1:hr>
</tp1:TrackPointExtension>
</extensions>
</trkpt>
<trkpt lat="59.18869844" lon="17.61649526">
<ele>59.5</ele>
<time>2026-09-18T15:38:17Z</time>
<extensions>
<tp1:TrackPointExtension>
<tp1:hr>166</tp1:hr>
</tp1:TrackPointExtension>
</extensions>
</trkpt>
<trkpt lat="59.18872702" lon="17.61653415">
<ele>59.3</ele>
<time>2026-09-18T15:38:18Z</time>
<extensions>
<tp1:TrackPointExtension>
<tp1:hr>165</tp1:hr>
</tp1:TrackPointExtension>
</extensions>
</trkpt>
<trkpt lat="59.18873959" lon="17.61660213">
<ele>58.9</ele>
<time>2026-09-18T15:38:19Z</time>
<extensions>
<tp1:TrackPointExtension>
<tp1:hr>165</tp1:hr>
</tp1:TrackPointExtension>
</extensions>
</trkpt>
<trkpt lat="59.18874294" lon="17.61666759">
<ele>58.6</ele>
<time>2026-09-18T15:38:20Z</time>
<extensions>
<tp1:TrackPointExtension>
<tp1:hr>165</tp1:hr>
</tp1:TrackPointExtension>
</extensions>
</trkpt>
<trkpt lat="59.18873657" lon="17.61672685">
<ele>58.2</ele>
<time>2026-09-18T15:38:21Z</time>
<extensions>
<tp1:TrackPointExtension>
<tp1:hr>165</tp1:hr>
</tp1:TrackPointExtension>
</extensions>
</trkpt>
<trkpt lat="59.18871596" lon="17.61678921">
<ele>57.8</ele>
<time>2026-09-18T15:38:22Z</time>
<extensions>
<tp1:TrackPointExtension>
<tp1:hr>164</tp1:hr>
</tp1:TrackPointExtension>
</extensions>
</trkpt>
<trkpt lat="59.18869022" lon="17.61684386">
<ele>57.8</ele>
<time>2026-09-18T15:38:23Z</time>
<extensions>
<tp1:TrackPointExtension>
<tp1:hr>164</tp1:hr>
</tp1:TrackPointExtension>
</extensions>
</trkpt>
<trkpt lat="59.18867505" lon="17.61689465">
<ele>57.6</ele>
<time>2026-09-18T15:38:24Z</time>
<extensions>
<tp1:TrackPointExtension>
<tp1:hr>164</tp1:hr>
</tp1:TrackPointExtension>
</extensions>
</trkpt>
<trkpt lat="59.18865787" lon="17.61694612">
<ele>57.6</ele>
<time>2026-09-18T15:38:25Z</time>
<extensions>
<tp1:TrackPointExtension>
<tp1:hr>164</tp1:hr>
</tp1:TrackPointExtension>
</extensions>
</trkpt>
<trkpt lat="59.18863968" lon="17.61698862">
<ele>57.8</ele>
<time>2026-09-18T15:38:26Z</time>
<extensions>
<tp1:TrackPointExtension>
<tp1:hr>164</tp1:hr>
</tp1:TrackPointExtension>
</extensions>
</trkpt>
<trkpt lat="59.18861219" lon="17.6170374">
<ele>57.8</ele>
<time>2026-09-18T15:38:27Z</time>
<extensions>
<tp1:TrackPointExtension>
<tp1:hr>163</tp1:hr>
</tp1:TrackPointExtension>
</extensions>
</trkpt>
<trkpt lat="59.18858562" lon="17.61707671">
<ele>57.8</ele>
<time>2026-09-18T15:38:28Z</time>
<extensions>
<tp1:TrackPointExtension>
<tp1:hr>163</tp1:hr>
</tp1:TrackPointExtension>
</extensions>
</trkpt>
<trkpt lat="59.18856584" lon="17.61715399">
<ele>57.6</ele>
<time>2026-09-18T15:38:29Z</time>
<extensions>
<tp1:TrackPointExtension>
<tp1:hr>163</tp1:hr>
</tp1:TrackPointExtension>
</extensions>
</trkpt>
<trkpt lat="59.18855385" lon="17.61721753">
<ele>57.6</ele>
<time>2026-09-18T15:38:30Z</time>
<extensions>
<tp1:TrackPointExtension>
<tp1:hr>162</tp1:hr>
</tp1:TrackPointExtension>
</extensions>
</trkpt>
<trkpt lat="59.18856525" lon="17.61729472">
<ele>57.4</ele>
<time>2026-09-18T15:38:31Z</time>
<extensions>
<tp1:TrackPointExtension>
<tp1:hr>162</tp1:hr>
</tp1:TrackPointExtension>
</extensions>
</trkpt>
<trkpt lat="59.18857891" lon="17.61738005">
<ele>57.2</ele>
<time>2026-09-18T15:38:32Z</time>
<extensions>
<tp1:TrackPointExtension>
<tp1:hr>162</tp1:hr>
</tp1:TrackPointExtension>
</extensions>
</trkpt>
<trkpt lat="59.18859006" lon="17.61746169">
<ele>57.1</ele>
<time>2026-09-18T15:38:33Z</time>
<extensions>
<tp1:TrackPointExtension>
<tp1:hr>161</tp1:hr>
</tp1:TrackPointExtension>
</extensions>
</trkpt>
<trkpt lat="59.1886007" lon="17.61752816">
<ele>57.1</ele>
<time>2026-09-18T15:38:34Z</time>
<extensions>
<tp1:TrackPointExtension>
<tp1:hr>161</tp1:hr>
</tp1:TrackPointExtension>
</extensions>
</trkpt>
<trkpt lat="59.18861059" lon="17.61759421">
<ele>56.7</ele>
<time>2026-09-18T15:38:35Z</time>
<extensions>
<tp1:TrackPointExtension>
<tp1:hr>161</tp1:hr>
</tp1:TrackPointExtension>
</extensions>
</trkpt>
<trkpt lat="59.18860213" lon="17.61760762">
<ele>56.3</ele>
<time>2026-09-18T15:38:36Z</time>
<extensions>
<tp1:TrackPointExtension>
<tp1:hr>160</tp1:hr>
</tp1:TrackPointExtension>
</extensions>
</trkpt>
<trkpt lat="59.18859433" lon="17.61756663">
<ele>56.1</ele>
<time>2026-09-18T15:38:37Z</time>
<extensions>
<tp1:TrackPointExtension>
<tp1:hr>160</tp1:hr>
</tp1:TrackPointExtension>
</extensions>
</trkpt>
<trkpt lat="59.18860045" lon="17.61750771">
<ele>55.9</ele>
<time>2026-09-18T15:38:38Z</time>
<extensions>
<tp1:TrackPointExtension>
<tp1:hr>160</tp1:hr>
</tp1:TrackPointExtension>
</extensions>
</trkpt>
<trkpt lat="59.18861797" lon="17.61748005">
<ele>55.9</ele>
<time>2026-09-18T15:38:39Z</time>
<extensions>
<tp1:TrackPointExtension>
<tp1:hr>159</tp1:hr>
</tp1:TrackPointExtension>
</extensions>
</trkpt>
<trkpt lat="59.18864261" lon="17.6174606">
<ele>56.1</ele>
<time>2026-09-18T15:38:40Z</time>
<extensions>
<tp1:TrackPointExtension>
<tp1:hr>159</tp1:hr>
</tp1:TrackPointExtension>
</extensions>
</trkpt>
<trkpt lat="59.18866793" lon="17.61745892">
<ele>56.1</ele>
<time>2026-09-18T15:38:41Z</time>
<extensions>
<tp1:TrackPointExtension>
<tp1:hr>159</tp1:hr>
</tp1:TrackPointExtension>
</extensions>
</trkpt>
<trkpt lat="59.18872752" lon="17.61742339">
<ele>56.3</ele>
<time>2026-09-18T15:38:42Z</time>
<extensions>
<tp1:TrackPointExtension>
<tp1:hr>158</tp1:hr>
</tp1:TrackPointExtension>
</extensions>
</trkpt>
<trkpt lat="59.1887644" lon="17.61740411">
<ele>56.5</ele>
<time>2026-09-18T15:38:43Z</time>
<extensions>
<tp1:TrackPointExtension>
<tp1:hr>158</tp1:hr>
</tp1:TrackPointExtension>
</extensions>
</trkpt>
<trkpt lat="59.18880195" lon="17.61738592">
<ele>56.5</ele>
<time>2026-09-18T15:38:44Z</time>
<extensions>
<tp1:TrackPointExtension>
<tp1:hr>157</tp1:hr>
</tp1:TrackPointExtension>
</extensions>
</trkpt>
<trkpt lat="59.18883942" lon="17.61736731">
<ele>56.6</ele>
<time>2026-09-18T15:38:45Z</time>
<extensions>
<tp1:TrackPointExtension>
<tp1:hr>157</tp1:hr>
</tp1:TrackPointExtension>
</extensions>
</trkpt>
<trkpt lat="59.18888393" lon="17.61733797">
<ele>56.6</ele>
<time>2026-09-18T15:38:46Z</time>
<extensions>
<tp1:TrackPointExtension>
<tp1:hr>157</tp1:hr>
</tp1:TrackPointExtension>
</extensions>
</trkpt>
<trkpt lat="59.18893682" lon="17.61727218">
<ele>56.6</ele>
<time>2026-09-18T15:38:47Z</time>
<extensions>
<tp1:TrackPointExtension>
<tp1:hr>156</tp1:hr>
</tp1:TrackPointExtension>
</extensions>
</trkpt>
<trkpt lat="59.18896557" lon="17.61722574">
<ele>56.6</ele>
<time>2026-09-18T15:38:48Z</time>
<extensions>
<tp1:TrackPointExtension>
<tp1:hr>157</tp1:hr>
</tp1:TrackPointExtension>
</extensions>
</trkpt>
<trkpt lat="59.18900253" lon="17.61720973">
<ele>56.6</ele>
<time>2026-09-18T15:38:49Z</time>
<extensions>
<tp1:TrackPointExtension>
<tp1:hr>156</tp1:hr>
</tp1:TrackPointExtension>
</extensions>
</trkpt>
<trkpt lat="59.1890343" lon="17.61721811">
<ele>56.8</ele>
<time>2026-09-18T15:38:50Z</time>
<extensions>
<tp1:TrackPointExtension>
<tp1:hr>156</tp1:hr>
</tp1:TrackPointExtension>
</extensions>
</trkpt>
<trkpt lat="59.18905718" lon="17.61726589">
<ele>57.0</ele>
<time>2026-09-18T15:38:51Z</time>
<extensions>
<tp1:TrackPointExtension>
<tp1:hr>157</tp1:hr>
</tp1:TrackPointExtension>
</extensions>
</trkpt>
<trkpt lat="59.18907671" lon="17.61731786">
<ele>57.0</ele>
<time>2026-09-18T15:38:52Z</time>
<extensions>
<tp1:TrackPointExtension>
<tp1:hr>157</tp1:hr>
</tp1:TrackPointExtension>
</extensions>
</trkpt>
<trkpt lat="59.18911158" lon="17.61737058">
<ele>57.0</ele>
<time>2026-09-18T15:38:53Z</time>
<extensions>
<tp1:TrackPointExtension>
<tp1:hr>158</tp1:hr>
</tp1:TrackPointExtension>
</extensions>
</trkpt>
<trkpt lat="59.18914762" lon="17.6173938">
<ele>57.0</ele>
<time>2026-09-18T15:38:54Z</time>
<extensions>
<tp1:TrackPointExtension>
<tp1:hr>158</tp1:hr>
</tp1:TrackPointExtension>
</extensions>
</trkpt>
<trkpt lat="59.18917394" lon="17.61740318">
<ele>57.0</ele>
<time>2026-09-18T15:38:55Z</time>
<extensions>
<tp1:TrackPointExtension>
<tp1:hr>158</tp1:hr>
</tp1:TrackPointExtension>
</extensions>
</trkpt>
<trkpt lat="59.18921082" lon="17.61740528">
<ele>57.4</ele>
<time>2026-09-18T15:38:56Z</time>
<extensions>
<tp1:TrackPointExtension>
<tp1:hr>158</tp1:hr>
</tp1:TrackPointExtension>
</extensions>
</trkpt>
<trkpt lat="59.18923689" lon="17.61739765">
<ele>58.0</ele>
<time>2026-09-18T15:38:57Z</time>
<extensions>
<tp1:TrackPointExtension>
<tp1:hr>159</tp1:hr>
</tp1:TrackPointExtension>
</extensions>
</trkpt>
<trkpt lat="59.18927142" lon="17.61742565">
<ele>58.5</ele>
<time>2026-09-18T15:38:58Z</time>
<extensions>
<tp1:TrackPointExtension>
<tp1:hr>159</tp1:hr>
</tp1:TrackPointExtension>
</extensions>
</trkpt>
<trkpt lat="59.18930495" lon="17.61744518">
<ele>59.1</ele>
<time>2026-09-18T15:38:59Z</time>
<extensions>
<tp1:TrackPointExtension>
<tp1:hr>159</tp1:hr>
</tp1:TrackPointExtension>
</extensions>
</trkpt>
<trkpt lat="59.18933647" lon="17.61746597">
<ele>59.5</ele>
<time>2026-09-18T15:39:00Z</time>
<extensions>
<tp1:TrackPointExtension>
<tp1:hr>159</tp1:hr>
</tp1:TrackPointExtension>
</extensions>
</trkpt>
<trkpt lat="59.18938332" lon="17.61749639">
<ele>59.5</ele>
<time>2026-09-18T15:39:01Z</time>
<extensions>
<tp1:TrackPointExtension>
<tp1:hr>159</tp1:hr>
</tp1:TrackPointExtension>
</extensions>
</trkpt>
<trkpt lat="59.18941232" lon="17.61750134">
<ele>59.7</ele>
<time>2026-09-18T15:39:02Z</time>
<extensions>
<tp1:TrackPointExtension>
<tp1:hr>159</tp1:hr>
</tp1:TrackPointExtension>
</extensions>
</trkpt>
<trkpt lat="59.18945281" lon="17.61749488">
<ele>59.9</ele>
<time>2026-09-18T15:39:03Z</time>
<extensions>
<tp1:TrackPointExtension>
<tp1:hr>159</tp1:hr>
</tp1:TrackPointExtension>
</extensions>
</trkpt>
<trkpt lat="59.1894891" lon="17.61748516">
<ele>60.3</ele>
<time>2026-09-18T15:39:04Z</time>
<extensions>
<tp1:TrackPointExtension>
<tp1:hr>158</tp1:hr>
</tp1:TrackPointExtension>
</extensions>
</trkpt>
<trkpt lat="59.18952372" lon="17.6174855">
<ele>60.9</ele>
<time>2026-09-18T15:39:05Z</time>
<extensions>
<tp1:TrackPointExtension>
<tp1:hr>158</tp1:hr>
</tp1:TrackPointExtension>
</extensions>
</trkpt>
<trkpt lat="59.18955339" lon="17.6175145">
<ele>61.5</ele>
<time>2026-09-18T15:39:06Z</time>
<extensions>
<tp1:TrackPointExtension>
<tp1:hr>159</tp1:hr>
</tp1:TrackPointExtension>
</extensions>
</trkpt>
<trkpt lat="59.18958097" lon="17.61754115">
<ele>61.9</ele>
<time>2026-09-18T15:39:07Z</time>
<extensions>
<tp1:TrackPointExtension>
<tp1:hr>160</tp1:hr>
</tp1:TrackPointExtension>
</extensions>
</trkpt>
<trkpt lat="59.18960335" lon="17.61758289">
<ele>62.3</ele>
<time>2026-09-18T15:39:08Z</time>
<extensions>
<tp1:TrackPointExtension>
<tp1:hr>161</tp1:hr>
</tp1:TrackPointExtension>
</extensions>
</trkpt>
<trkpt lat="59.18963126" lon="17.61761843">
<ele>62.7</ele>
<time>2026-09-18T15:39:09Z</time>
<extensions>
<tp1:TrackPointExtension>
<tp1:hr>161</tp1:hr>
</tp1:TrackPointExtension>
</extensions>
</trkpt>
<trkpt lat="59.18965884" lon="17.61767367">
<ele>62.9</ele>
<time>2026-09-18T15:39:10Z</time>
<extensions>
<tp1:TrackPointExtension>
<tp1:hr>162</tp1:hr>
</tp1:TrackPointExtension>
</extensions>
</trkpt>
<trkpt lat="59.18968113" lon="17.61769848">
<ele>63.4</ele>
<time>2026-09-18T15:39:11Z</time>
<extensions>
<tp1:TrackPointExtension>
<tp1:hr>163</tp1:hr>
</tp1:TrackPointExtension>
</extensions>
</trkpt>
<trkpt lat="59.18970586" lon="17.6177113">
<ele>63.6</ele>
<time>2026-09-18T15:39:12Z</time>
<extensions>
<tp1:TrackPointExtension>
<tp1:hr>164</tp1:hr>
</tp1:TrackPointExtension>
</extensions>
</trkpt>
<trkpt lat="59.18973754" lon="17.61774768">
<ele>63.8</ele>
<time>2026-09-18T15:39:13Z</time>
<extensions>
<tp1:TrackPointExtension>
<tp1:hr>165</tp1:hr>
</tp1:TrackPointExtension>
</extensions>
</trkpt>
<trkpt lat="59.18976604" lon="17.61778171">
<ele>64.2</ele>
<time>2026-09-18T15:39:14Z</time>
<extensions>
<tp1:TrackPointExtension>
<tp1:hr>165</tp1:hr>
</tp1:TrackPointExtension>
</extensions>
</trkpt>
<trkpt lat="59.18979454" lon="17.61783066">
<ele>64.4</ele>
<time>2026-09-18T15:39:15Z</time>
<extensions>
<tp1:TrackPointExtension>
<tp1:hr>166</tp1:hr>
</tp1:TrackPointExtension>
</extensions>
</trkpt>
<trkpt lat="59.18981616" lon="17.61785472">
<ele>64.6</ele>
<time>2026-09-18T15:39:16Z</time>
<extensions>
<tp1:TrackPointExtension>
<tp1:hr>167</tp1:hr>
</tp1:TrackPointExtension>
</extensions>
</trkpt>
<trkpt lat="59.18983963" lon="17.61785078">
<ele>65.0</ele>
<time>2026-09-18T15:39:17Z</time>
<extensions>
<tp1:TrackPointExtension>
<tp1:hr>167</tp1:hr>
</tp1:TrackPointExtension>
</extensions>
</trkpt>
<trkpt lat="59.18986696" lon="17.61783829">
<ele>65.4</ele>
<time>2026-09-18T15:39:18Z</time>
<extensions>
<tp1:TrackPointExtension>
<tp1:hr>168</tp1:hr>
</tp1:TrackPointExtension>
</extensions>
</trkpt>
<trkpt lat="59.18989361" lon="17.61782228">
<ele>65.6</ele>
<time>2026-09-18T15:39:19Z</time>
<extensions>
<tp1:TrackPointExtension>
<tp1:hr>168</tp1:hr>
</tp1:TrackPointExtension>
</extensions>
</trkpt>
<trkpt lat="59.18991926" lon="17.61781901">
<ele>65.8</ele>
<time>2026-09-18T15:39:20Z</time>
<extensions>
<tp1:TrackPointExtension>
<tp1:hr>169</tp1:hr>
</tp1:TrackPointExtension>
</extensions>
</trkpt>
<trkpt lat="59.1899455" lon="17.6178263">
<ele>65.8</ele>
<time>2026-09-18T15:39:21Z</time>
<extensions>
<tp1:TrackPointExtension>
<tp1:hr>169</tp1:hr>
</tp1:TrackPointExtension>
</extensions>
</trkpt>
<trkpt lat="59.18997307" lon="17.6178253">
<ele>66.0</ele>
<time>2026-09-18T15:39:22Z</time>
<extensions>
<tp1:TrackPointExtension>
<tp1:hr>169</tp1:hr>
</tp1:TrackPointExtension>
</extensions>
</trkpt>
<trkpt lat="59.19000551" lon="17.61782287">
<ele>66.3</ele>
<time>2026-09-18T15:39:23Z</time>
<extensions>
<tp1:TrackPointExtension>
<tp1:hr>170</tp1:hr>
</tp1:TrackPointExtension>
</extensions>
</trkpt>
<trkpt lat="59.19003342" lon="17.61783209">
<ele>66.5</ele>
<time>2026-09-18T15:39:24Z</time>
<extensions>
<tp1:TrackPointExtension>
<tp1:hr>170</tp1:hr>
</tp1:TrackPointExtension>
</extensions>
</trkpt>
<trkpt lat="59.19006444" lon="17.61784131">
<ele>66.9</ele>
<time>2026-09-18T15:39:25Z</time>
<extensions>
<tp1:TrackPointExtension>
<tp1:hr>170</tp1:hr>
</tp1:TrackPointExtension>
</extensions>
</trkpt>
<trkpt lat="59.19009914" lon="17.61785941">
<ele>67.1</ele>
<time>2026-09-18T15:39:26Z</time>
<extensions>
<tp1:TrackPointExtension>
<tp1:hr>170</tp1:hr>
</tp1:TrackPointExtension>
</extensions>
</trkpt>
<trkpt lat="59.1901278" lon="17.6178574">
<ele>67.5</ele>
<time>2026-09-18T15:39:27Z</time>
<extensions>
<tp1:TrackPointExtension>
<tp1:hr>171</tp1:hr>
</tp1:TrackPointExtension>
</extensions>
</trkpt>
<trkpt lat="59.19016024" lon="17.61785422">
<ele>67.9</ele>
<time>2026-09-18T15:39:28Z</time>
<extensions>
<tp1:TrackPointExtension>
<tp1:hr>171</tp1:hr>
</tp1:TrackPointExtension>
</extensions>
</trkpt>
<trkpt lat="59.19018304" lon="17.61783544">
<ele>68.1</ele>
<time>2026-09-18T15:39:29Z</time>
<extensions>
<tp1:TrackPointExtension>
<tp1:hr>171</tp1:hr>
</tp1:TrackPointExtension>
</extensions>
</trkpt>
<trkpt lat="59.19020835" lon="17.61780267">
<ele>68.3</ele>
<time>2026-09-18T15:39:30Z</time>
<extensions>
<tp1:TrackPointExtension>
<tp1:hr>171</tp1:hr>
</tp1:TrackPointExtension>
</extensions>
</trkpt>
<trkpt lat="59.19023157" lon="17.61775925">
<ele>68.7</ele>
<time>2026-09-18T15:39:31Z</time>
<extensions>
<tp1:TrackPointExtension>
<tp1:hr>171</tp1:hr>
</tp1:TrackPointExtension>
</extensions>
</trkpt>
<trkpt lat="59.19024758" lon="17.61771457">
<ele>68.7</ele>
<time>2026-09-18T15:39:32Z</time>
<extensions>
<tp1:TrackPointExtension>
<tp1:hr>171</tp1:hr>
</tp1:TrackPointExtension>
</extensions>
</trkpt>
<trkpt lat="59.19026862" lon="17.61764886">
<ele>68.7</ele>
<time>2026-09-18T15:39:33Z</time>
<extensions>
<tp1:TrackPointExtension>
<tp1:hr>171</tp1:hr>
</tp1:TrackPointExtension>
</extensions>
</trkpt>
<trkpt lat="59.19029242" lon="17.61758415">
<ele>68.9</ele>
<time>2026-09-18T15:39:34Z</time>
<extensions>
<tp1:TrackPointExtension>
<tp1:hr>169</tp1:hr>
</tp1:TrackPointExtension>
</extensions>
</trkpt>
<trkpt lat="59.19031824" lon="17.61753822">
<ele>68.9</ele>
<time>2026-09-18T15:39:35Z</time>
<extensions>
<tp1:TrackPointExtension>
<tp1:hr>168</tp1:hr>
</tp1:TrackPointExtension>
</extensions>
</trkpt>
<trkpt lat="59.19034221" lon="17.61753252">
<ele>69.2</ele>
<time>2026-09-18T15:39:36Z</time>
<extensions>
<tp1:TrackPointExtension>
<tp1:hr>168</tp1:hr>
</tp1:TrackPointExtension>
</extensions>
</trkpt>
<trkpt lat="59.19037255" lon="17.61757216">
<ele>69.2</ele>
<time>2026-09-18T15:39:37Z</time>
<extensions>
<tp1:TrackPointExtension>
<tp1:hr>167</tp1:hr>
</tp1:TrackPointExtension>
</extensions>
</trkpt>
<trkpt lat="59.19039443" lon="17.61761709">
<ele>69.2</ele>
<time>2026-09-18T15:39:38Z</time>
<extensions>
<tp1:TrackPointExtension>
<tp1:hr>167</tp1:hr>
</tp1:TrackPointExtension>
</extensions>
</trkpt>
<trkpt lat="59.19041924" lon="17.61769144">
<ele>69.0</ele>
<time>2026-09-18T15:39:39Z</time>
<extensions>
<tp1:TrackPointExtension>
<tp1:hr>167</tp1:hr>
</tp1:TrackPointExtension>
</extensions>
</trkpt>
<trkpt lat="59.19044514" lon="17.61774827">
<ele>69.0</ele>
<time>2026-09-18T15:39:40Z</time>
<extensions>
<tp1:TrackPointExtension>
<tp1:hr>167</tp1:hr>
</tp1:TrackPointExtension>
</extensions>
</trkpt>
<trkpt lat="59.19046719" lon="17.61782547">
<ele>69.0</ele>
<time>2026-09-18T15:39:41Z</time>
<extensions>
<tp1:TrackPointExtension>
<tp1:hr>168</tp1:hr>
</tp1:TrackPointExtension>
</extensions>
</trkpt>
<trkpt lat="59.19049351" lon="17.61791465">
<ele>69.0</ele>
<time>2026-09-18T15:39:42Z</time>
<extensions>
<tp1:TrackPointExtension>
<tp1:hr>168</tp1:hr>
</tp1:TrackPointExtension>
</extensions>
</trkpt>
<trkpt lat="59.19051999" lon="17.61795153">
<ele>68.8</ele>
<time>2026-09-18T15:39:43Z</time>
<extensions>
<tp1:TrackPointExtension>
<tp1:hr>168</tp1:hr>
</tp1:TrackPointExtension>
</extensions>
</trkpt>
<trkpt lat="59.19054849" lon="17.61795555">
<ele>68.6</ele>
<time>2026-09-18T15:39:44Z</time>
<extensions>
<tp1:TrackPointExtension>
<tp1:hr>169</tp1:hr>
</tp1:TrackPointExtension>
</extensions>
</trkpt>
<trkpt lat="59.19057054" lon="17.61792957">
<ele>68.6</ele>
<time>2026-09-18T15:39:45Z</time>
<extensions>
<tp1:TrackPointExtension>
<tp1:hr>169</tp1:hr>
</tp1:TrackPointExtension>
</extensions>
</trkpt>
<trkpt lat="59.19058302" lon="17.61788389">
<ele>68.6</ele>
<time>2026-09-18T15:39:46Z</time>
<extensions>
<tp1:TrackPointExtension>
<tp1:hr>168</tp1:hr>
</tp1:TrackPointExtension>
</extensions>
</trkpt>
<trkpt lat="59.19059006" lon="17.61783569">
<ele>68.6</ele>
<time>2026-09-18T15:39:47Z</time>
<extensions>
<tp1:TrackPointExtension>
<tp1:hr>168</tp1:hr>
</tp1:TrackPointExtension>
</extensions>
</trkpt>
<trkpt lat="59.19058294" lon="17.61780325">
<ele>68.8</ele>
<time>2026-09-18T15:39:48Z</time>
<extensions>
<tp1:TrackPointExtension>
<tp1:hr>167</tp1:hr>
</tp1:TrackPointExtension>
</extensions>
</trkpt>
<trkpt lat="59.19058797" lon="17.61773989">
<ele>69.1</ele>
<time>2026-09-18T15:39:49Z</time>
<extensions>
<tp1:TrackPointExtension>
<tp1:hr>166</tp1:hr>
</tp1:TrackPointExtension>
</extensions>
</trkpt>
<trkpt lat="59.19059736" lon="17.6176818">
<ele>69.5</ele>
<time>2026-09-18T15:39:50Z</time>
<extensions>
<tp1:TrackPointExtension>
<tp1:hr>166</tp1:hr>
</tp1:TrackPointExtension>
</extensions>
</trkpt>
<trkpt lat="59.19061622" lon="17.61762883">
<ele>69.9</ele>
<time>2026-09-18T15:39:51Z</time>
<extensions>
<tp1:TrackPointExtension>
<tp1:hr>166</tp1:hr>
</tp1:TrackPointExtension>
</extensions>
</trkpt>
<trkpt lat="59.19063675" lon="17.61761852">
<ele>70.3</ele>
<time>2026-09-18T15:39:52Z</time>
<extensions>
<tp1:TrackPointExtension>
<tp1:hr>166</tp1:hr>
</tp1:TrackPointExtension>
</extensions>
</trkpt>
<trkpt lat="59.19066433" lon="17.61762212">
<ele>70.5</ele>
<time>2026-09-18T15:39:53Z</time>
<extensions>
<tp1:TrackPointExtension>
<tp1:hr>166</tp1:hr>
</tp1:TrackPointExtension>
</extensions>
</trkpt>
<trkpt lat="59.19069987" lon="17.61765095">
<ele>70.9</ele>
<time>2026-09-18T15:39:54Z</time>
<extensions>
<tp1:TrackPointExtension>
<tp1:hr>165</tp1:hr>
</tp1:TrackPointExtension>
</extensions>
</trkpt>
<trkpt lat="59.19072501" lon="17.61766277">
<ele>71.3</ele>
<time>2026-09-18T15:39:55Z</time>
<extensions>
<tp1:TrackPointExtension>
<tp1:hr>165</tp1:hr>
</tp1:TrackPointExtension>
</extensions>
</trkpt>
<trkpt lat="59.19075008" lon="17.61766579">
<ele>71.7</ele>
<time>2026-09-18T15:39:56Z</time>
<extensions>
<tp1:TrackPointExtension>
<tp1:hr>165</tp1:hr>
</tp1:TrackPointExtension>
</extensions>
</trkpt>
<trkpt lat="59.19077958" lon="17.61765833">
<ele>72.1</ele>
<time>2026-09-18T15:39:57Z</time>
<extensions>
<tp1:TrackPointExtension>
<tp1:hr>165</tp1:hr>
</tp1:TrackPointExtension>
</extensions>
</trkpt>
<trkpt lat="59.19080984" lon="17.6176497">
<ele>72.5</ele>
<time>2026-09-18T15:39:58Z</time>
<extensions>
<tp1:TrackPointExtension>
<tp1:hr>165</tp1:hr>
</tp1:TrackPointExtension>
</extensions>
</trkpt>
<trkpt lat="59.19084144" lon="17.61765079">
<ele>72.7</ele>
<time>2026-09-18T15:39:59Z</time>
<extensions>
<tp1:TrackPointExtension>
<tp1:hr>165</tp1:hr>
</tp1:TrackPointExtension>
</extensions>
</trkpt>
<trkpt lat="59.19087354" lon="17.61765322">
<ele>73.1</ele>
<time>2026-09-18T15:40:00Z</time>
<extensions>
<tp1:TrackPointExtension>
<tp1:hr>165</tp1:hr>
</tp1:TrackPointExtension>
</extensions>
</trkpt>
<trkpt lat="59.19089181" lon="17.61764383">
<ele>73.2</ele>
<time>2026-09-18T15:40:01Z</time>
<extensions>
<tp1:TrackPointExtension>
<tp1:hr>165</tp1:hr>
</tp1:TrackPointExtension>
</extensions>
</trkpt>
<trkpt lat="59.19092006" lon="17.6176207">
<ele>73.4</ele>
<time>2026-09-18T15:40:02Z</time>
<extensions>
<tp1:TrackPointExtension>
<tp1:hr>165</tp1:hr>
</tp1:TrackPointExtension>
</extensions>
</trkpt>
<trkpt lat="59.19095552" lon="17.61761433">
<ele>73.4</ele>
<time>2026-09-18T15:40:03Z</time>
<extensions>
<tp1:TrackPointExtension>
<tp1:hr>164</tp1:hr>
</tp1:TrackPointExtension>
</extensions>
</trkpt>
<trkpt lat="59.19098225" lon="17.617615">
<ele>73.4</ele>
<time>2026-09-18T15:40:04Z</time>
<extensions>
<tp1:TrackPointExtension>
<tp1:hr>165</tp1:hr>
</tp1:TrackPointExtension>
</extensions>
</trkpt>
<trkpt lat="59.190996" lon="17.61760879">
<ele>73.2</ele>
<time>2026-09-18T15:40:05Z</time>
<extensions>
<tp1:TrackPointExtension>
<tp1:hr>165</tp1:hr>
</tp1:TrackPointExtension>
</extensions>
</trkpt>
<trkpt lat="59.19099826" lon="17.61760041">
<ele>73.2</ele>
<time>2026-09-18T15:40:06Z</time>
<extensions>
<tp1:TrackPointExtension>
<tp1:hr>165</tp1:hr>
</tp1:TrackPointExtension>
</extensions>
</trkpt>
<trkpt lat="59.19099474" lon="17.61759622">
<ele>73.0</ele>
<time>2026-09-18T15:40:07Z</time>
<extensions>
<tp1:TrackPointExtension>
<tp1:hr>165</tp1:hr>
</tp1:TrackPointExtension>
</extensions>
</trkpt>
<trkpt lat="59.19099357" lon="17.6175839">
<ele>72.8</ele>
<time>2026-09-18T15:40:08Z</time>
<extensions>
<tp1:TrackPointExtension>
<tp1:hr>164</tp1:hr>
</tp1:TrackPointExtension>
</extensions>
</trkpt>
<trkpt lat="59.19099382" lon="17.61757661">
<ele>72.8</ele>
<time>2026-09-18T15:40:09Z</time>
<extensions>
<tp1:TrackPointExtension>
<tp1:hr>164</tp1:hr>
</tp1:TrackPointExtension>
</extensions>
</trkpt>
<trkpt lat="59.19099441" lon="17.61754643">
<ele>72.8</ele>
<time>2026-09-18T15:40:10Z</time>
<extensions>
<tp1:TrackPointExtension>
<tp1:hr>164</tp1:hr>
</tp1:TrackPointExtension>
</extensions>
</trkpt>
<trkpt lat="59.19101327" lon="17.61750276">
<ele>72.8</ele>
<time>2026-09-18T15:40:11Z</time>
<extensions>
<tp1:TrackPointExtension>
<tp1:hr>164</tp1:hr>
</tp1:TrackPointExtension>
</extensions>
</trkpt>
<trkpt lat="59.19103288" lon="17.61747611">
<ele>72.8</ele>
<time>2026-09-18T15:40:12Z</time>
<extensions>
<tp1:TrackPointExtension>
<tp1:hr>163</tp1:hr>
</tp1:TrackPointExtension>
</extensions>
</trkpt>
<trkpt lat="59.19105057" lon="17.61744618">
<ele>72.8</ele>
<time>2026-09-18T15:40:13Z</time>
<extensions>
<tp1:TrackPointExtension>
<tp1:hr>163</tp1:hr>
</tp1:TrackPointExtension>
</extensions>
</trkpt>
<trkpt lat="59.19106867" lon="17.61741702">
<ele>72.9</ele>
<time>2026-09-18T15:40:14Z</time>
<extensions>
<tp1:TrackPointExtension>
<tp1:hr>163</tp1:hr>
</tp1:TrackPointExtension>
</extensions>
</trkpt>
<trkpt lat="59.19108426" lon="17.61739388">
<ele>72.9</ele>
<time>2026-09-18T15:40:15Z</time>
<extensions>
<tp1:TrackPointExtension>
<tp1:hr>162</tp1:hr>
</tp1:TrackPointExtension>
</extensions>
</trkpt>
<trkpt lat="59.19109541" lon="17.61734862">
<ele>72.9</ele>
<time>2026-09-18T15:40:16Z</time>
<extensions>
<tp1:TrackPointExtension>
<tp1:hr>162</tp1:hr>
</tp1:TrackPointExtension>
</extensions>
</trkpt>
<trkpt lat="59.19111737" lon="17.61730964">
<ele>72.7</ele>
<time>2026-09-18T15:40:17Z</time>
<extensions>
<tp1:TrackPointExtension>
<tp1:hr>162</tp1:hr>
</tp1:TrackPointExtension>
</extensions>
</trkpt>
<trkpt lat="59.19113598" lon="17.61727612">
<ele>72.7</ele>
<time>2026-09-18T15:40:18Z</time>
<extensions>
<tp1:TrackPointExtension>
<tp1:hr>161</tp1:hr>
</tp1:TrackPointExtension>
</extensions>
</trkpt>
<trkpt lat="59.19115266" lon="17.61723622">
<ele>72.5</ele>
<time>2026-09-18T15:40:19Z</time>
<extensions>
<tp1:TrackPointExtension>
<tp1:hr>161</tp1:hr>
</tp1:TrackPointExtension>
</extensions>
</trkpt>
<trkpt lat="59.19116213" lon="17.6172161">
<ele>72.5</ele>
<time>2026-09-18T15:40:20Z</time>
<extensions>
<tp1:TrackPointExtension>
<tp1:hr>160</tp1:hr>
</tp1:TrackPointExtension>
</extensions>
</trkpt>
<trkpt lat="59.19116104" lon="17.61720772">
<ele>72.3</ele>
<time>2026-09-18T15:40:21Z</time>
<extensions>
<tp1:TrackPointExtension>
<tp1:hr>160</tp1:hr>
</tp1:TrackPointExtension>
</extensions>
</trkpt>
<trkpt lat="59.19116121" lon="17.61720755">
<ele>72.3</ele>
<time>2026-09-18T15:40:22Z</time>
<extensions>
<tp1:TrackPointExtension>
<tp1:hr>159</tp1:hr>
</tp1:TrackPointExtension>
</extensions>
</trkpt>
<trkpt lat="59.19116121" lon="17.61720755">
<ele>72.1</ele>
<time>2026-09-18T15:40:23Z</time>
<extensions>
<tp1:TrackPointExtension>
<tp1:hr>159</tp1:hr>
</tp1:TrackPointExtension>
</extensions>
</trkpt>
<trkpt lat="59.19116146" lon="17.61720705">
<ele>72.1</ele>
<time>2026-09-18T15:40:24Z</time>
<extensions>
<tp1:TrackPointExtension>
<tp1:hr>160</tp1:hr>
</tp1:TrackPointExtension>
</extensions>
</trkpt>
<trkpt lat="59.19116657" lon="17.61719942">
<ele>72.1</ele>
<time>2026-09-18T15:40:25Z</time>
<extensions>
<tp1:TrackPointExtension>
<tp1:hr>164</tp1:hr>
</tp1:TrackPointExtension>
</extensions>
</trkpt>
<trkpt lat="59.1911649" lon="17.61720177">
<ele>72.2</ele>
<time>2026-09-18T15:40:26Z</time>
<extensions>
<tp1:TrackPointExtension>
<tp1:hr>164</tp1:hr>
</tp1:TrackPointExtension>
</extensions>
</trkpt>
<trkpt lat="59.19116263" lon="17.61717511">
<ele>72.0</ele>
<time>2026-09-18T15:40:27Z</time>
<extensions>
<tp1:TrackPointExtension>
<tp1:hr>163</tp1:hr>
</tp1:TrackPointExtension>
</extensions>
</trkpt>
<trkpt lat="59.19117454" lon="17.6171239">
<ele>71.8</ele>
<time>2026-09-18T15:40:28Z</time>
<extensions>
<tp1:TrackPointExtension>
<tp1:hr>163</tp1:hr>
</tp1:TrackPointExtension>
</extensions>
</trkpt>
<trkpt lat="59.19118795" lon="17.61706883">
<ele>71.8</ele>
<time>2026-09-18T15:40:29Z</time>
<extensions>
<tp1:TrackPointExtension>
<tp1:hr>163</tp1:hr>
</tp1:TrackPointExtension>
</extensions>
</trkpt>
<trkpt lat="59.19120798" lon="17.61700454">
<ele>72.0</ele>
<time>2026-09-18T15:40:30Z</time>
<extensions>
<tp1:TrackPointExtension>
<tp1:hr>163</tp1:hr>
</tp1:TrackPointExtension>
</extensions>
</trkpt>
<trkpt lat="59.19122575" lon="17.61696355">
<ele>72.0</ele>
<time>2026-09-18T15:40:31Z</time>
<extensions>
<tp1:TrackPointExtension>
<tp1:hr>163</tp1:hr>
</tp1:TrackPointExtension>
</extensions>
</trkpt>
<trkpt lat="59.19123857" lon="17.61691117">
<ele>72.2</ele>
<time>2026-09-18T15:40:32Z</time>
<extensions>
<tp1:TrackPointExtension>
<tp1:hr>164</tp1:hr>
</tp1:TrackPointExtension>
</extensions>
</trkpt>
<trkpt lat="59.19125794" lon="17.61684839">
<ele>72.6</ele>
<time>2026-09-18T15:40:33Z</time>
<extensions>
<tp1:TrackPointExtension>
<tp1:hr>165</tp1:hr>
</tp1:TrackPointExtension>
</extensions>
</trkpt>
<trkpt lat="59.19126439" lon="17.61681662">
<ele>72.8</ele>
<time>2026-09-18T15:40:34Z</time>
<extensions>
<tp1:TrackPointExtension>
<tp1:hr>166</tp1:hr>
</tp1:TrackPointExtension>
</extensions>
</trkpt>
<trkpt lat="59.19126179" lon="17.61678142">
<ele>72.6</ele>
<time>2026-09-18T15:40:35Z</time>
<extensions>
<tp1:TrackPointExtension>
<tp1:hr>166</tp1:hr>
</tp1:TrackPointExtension>
</extensions>
</trkpt>
<trkpt lat="59.19126464" lon="17.61673607">
<ele>72.6</ele>
<time>2026-09-18T15:40:36Z</time>
<extensions>
<tp1:TrackPointExtension>
<tp1:hr>166</tp1:hr>
</tp1:TrackPointExtension>
</extensions>
</trkpt>
<trkpt lat="59.19128501" lon="17.61670212">
<ele>72.2</ele>
<time>2026-09-18T15:40:37Z</time>
<extensions>
<tp1:TrackPointExtension>
<tp1:hr>165</tp1:hr>
</tp1:TrackPointExtension>
</extensions>
</trkpt>
<trkpt lat="59.19131627" lon="17.6166986">
<ele>71.6</ele>
<time>2026-09-18T15:40:38Z</time>
<extensions>
<tp1:TrackPointExtension>
<tp1:hr>165</tp1:hr>
</tp1:TrackPointExtension>
</extensions>
</trkpt>
<trkpt lat="59.19134117" lon="17.6167131">
<ele>71.3</ele>
<time>2026-09-18T15:40:39Z</time>
<extensions>
<tp1:TrackPointExtension>
<tp1:hr>164</tp1:hr>
</tp1:TrackPointExtension>
</extensions>
</trkpt>
<trkpt lat="59.19136615" lon="17.61674269">
<ele>70.7</ele>
<time>2026-09-18T15:40:40Z</time>
<extensions>
<tp1:TrackPointExtension>
<tp1:hr>164</tp1:hr>
</tp1:TrackPointExtension>
</extensions>
</trkpt>
<trkpt lat="59.1913897" lon="17.6167841">
<ele>70.1</ele>
<time>2026-09-18T15:40:41Z</time>
<extensions>
<tp1:TrackPointExtension>
<tp1:hr>163</tp1:hr>
</tp1:TrackPointExtension>
</extensions>
</trkpt>
<trkpt lat="59.1914094" lon="17.61681679">
<ele>69.9</ele>
<time>2026-09-18T15:40:42Z</time>
<extensions>
<tp1:TrackPointExtension>
<tp1:hr>163</tp1:hr>
</tp1:TrackPointExtension>
</extensions>
</trkpt>
<trkpt lat="59.1914275" lon="17.61687102">
<ele>69.7</ele>
<time>2026-09-18T15:40:43Z</time>
<extensions>
<tp1:TrackPointExtension>
<tp1:hr>162</tp1:hr>
</tp1:TrackPointExtension>
</extensions>
</trkpt>
<trkpt lat="59.19142574" lon="17.61693388">
<ele>69.7</ele>
<time>2026-09-18T15:40:44Z</time>
<extensions>
<tp1:TrackPointExtension>
<tp1:hr>162</tp1:hr>
</tp1:TrackPointExtension>
</extensions>
</trkpt>
<trkpt lat="59.19141987" lon="17.61700689">
<ele>69.3</ele>
<time>2026-09-18T15:40:45Z</time>
<extensions>
<tp1:TrackPointExtension>
<tp1:hr>161</tp1:hr>
</tp1:TrackPointExtension>
</extensions>
</trkpt>
<trkpt lat="59.19140839" lon="17.61706942">
<ele>68.9</ele>
<time>2026-09-18T15:40:46Z</time>
<extensions>
<tp1:TrackPointExtension>
<tp1:hr>160</tp1:hr>
</tp1:TrackPointExtension>
</extensions>
</trkpt>
<trkpt lat="59.19139598" lon="17.61714058">
<ele>68.7</ele>
<time>2026-09-18T15:40:47Z</time>
<extensions>
<tp1:TrackPointExtension>
<tp1:hr>160</tp1:hr>
</tp1:TrackPointExtension>
</extensions>
</trkpt>
<trkpt lat="59.19137813" lon="17.61721367">
<ele>68.5</ele>
<time>2026-09-18T15:40:48Z</time>
<extensions>
<tp1:TrackPointExtension>
<tp1:hr>159</tp1:hr>
</tp1:TrackPointExtension>
</extensions>
</trkpt>
<trkpt lat="59.19135751" lon="17.6172912">
<ele>68.3</ele>
<time>2026-09-18T15:40:49Z</time>
<extensions>
<tp1:TrackPointExtension>
<tp1:hr>159</tp1:hr>
</tp1:TrackPointExtension>
</extensions>
</trkpt>
<trkpt lat="59.19134938" lon="17.61733839">
<ele>68.3</ele>
<time>2026-09-18T15:40:50Z</time>
<extensions>
<tp1:TrackPointExtension>
<tp1:hr>158</tp1:hr>
</tp1:TrackPointExtension>
</extensions>
</trkpt>
<trkpt lat="59.191355" lon="17.61736304">
<ele>68.3</ele>
<time>2026-09-18T15:40:51Z</time>
<extensions>
<tp1:TrackPointExtension>
<tp1:hr>158</tp1:hr>
</tp1:TrackPointExtension>
</extensions>
</trkpt>
<trkpt lat="59.19136497" lon="17.61739036">
<ele>68.2</ele>
<time>2026-09-18T15:40:52Z</time>
<extensions>
<tp1:TrackPointExtension>
<tp1:hr>159</tp1:hr>
</tp1:TrackPointExtension>
</extensions>
</trkpt>
<trkpt lat="59.19138484" lon="17.61742213">
<ele>68.2</ele>
<time>2026-09-18T15:40:53Z</time>
<extensions>
<tp1:TrackPointExtension>
<tp1:hr>159</tp1:hr>
</tp1:TrackPointExtension>
</extensions>
</trkpt>
<trkpt lat="59.19138794" lon="17.61746546">
<ele>68.0</ele>
<time>2026-09-18T15:40:54Z</time>
<extensions>
<tp1:TrackPointExtension>
<tp1:hr>158</tp1:hr>
</tp1:TrackPointExtension>
</extensions>
</trkpt>
<trkpt lat="59.19137604" lon="17.61750964">
<ele>67.8</ele>
<time>2026-09-18T15:40:55Z</time>
<extensions>
<tp1:TrackPointExtension>
<tp1:hr>158</tp1:hr>
</tp1:TrackPointExtension>
</extensions>
</trkpt>
<trkpt lat="59.19134997" lon="17.61755909">
<ele>67.6</ele>
<time>2026-09-18T15:40:56Z</time>
<extensions>
<tp1:TrackPointExtension>
<tp1:hr>158</tp1:hr>
</tp1:TrackPointExtension>
</extensions>
</trkpt>
<trkpt lat="59.19133237" lon="17.6175901">
<ele>67.6</ele>
<time>2026-09-18T15:40:57Z</time>
<extensions>
<tp1:TrackPointExtension>
<tp1:hr>158</tp1:hr>
</tp1:TrackPointExtension>
</extensions>
</trkpt>
<trkpt lat="59.19132985" lon="17.61758214">
<ele>67.6</ele>
<time>2026-09-18T15:40:58Z</time>
<extensions>
<tp1:TrackPointExtension>
<tp1:hr>158</tp1:hr>
</tp1:TrackPointExtension>
</extensions>
</trkpt>
<trkpt lat="59.19132281" lon="17.61758675">
<ele>67.6</ele>
<time>2026-09-18T15:40:59Z</time>
<extensions>
<tp1:TrackPointExtension>
<tp1:hr>158</tp1:hr>
</tp1:TrackPointExtension>
</extensions>
</trkpt>
<trkpt lat="59.19132415" lon="17.61758843">
<ele>67.6</ele>
<time>2026-09-18T15:41:00Z</time>
<extensions>
<tp1:TrackPointExtension>
<tp1:hr>158</tp1:hr>
</tp1:TrackPointExtension>
</extensions>
</trkpt>
<trkpt lat="59.19133161" lon="17.61764769">
<ele>67.6</ele>
<time>2026-09-18T15:41:01Z</time>
<extensions>
<tp1:TrackPointExtension>
<tp1:hr>158</tp1:hr>
</tp1:TrackPointExtension>
</extensions>
</trkpt>
<trkpt lat="59.19134351" lon="17.61769035">
<ele>67.4</ele>
<time>2026-09-18T15:41:02Z</time>
<extensions>
<tp1:TrackPointExtension>
<tp1:hr>158</tp1:hr>
</tp1:TrackPointExtension>
</extensions>
</trkpt>
<trkpt lat="59.19135357" lon="17.61773486">
<ele>67.2</ele>
<time>2026-09-18T15:41:03Z</time>
<extensions>
<tp1:TrackPointExtension>
<tp1:hr>157</tp1:hr>
</tp1:TrackPointExtension>
</extensions>
</trkpt>
<trkpt lat="59.19136045" lon="17.61773301">
<ele>66.7</ele>
<time>2026-09-18T15:41:04Z</time>
<extensions>
<tp1:TrackPointExtension>
<tp1:hr>157</tp1:hr>
</tp1:TrackPointExtension>
</extensions>
</trkpt>
<trkpt lat="59.1913949" lon="17.61768658">
<ele>66.5</ele>
<time>2026-09-18T15:41:05Z</time>
<extensions>
<tp1:TrackPointExtension>
<tp1:hr>157</tp1:hr>
</tp1:TrackPointExtension>
</extensions>
</trkpt>
<trkpt lat="59.19142541" lon="17.61765892">
<ele>66.3</ele>
<time>2026-09-18T15:41:06Z</time>
<extensions>
<tp1:TrackPointExtension>
<tp1:hr>156</tp1:hr>
</tp1:TrackPointExtension>
</extensions>
</trkpt>
<trkpt lat="59.19145055" lon="17.61763511">
<ele>66.3</ele>
<time>2026-09-18T15:41:07Z</time>
<extensions>
<tp1:TrackPointExtension>
<tp1:hr>155</tp1:hr>
</tp1:TrackPointExtension>
</extensions>
</trkpt>
<trkpt lat="59.19145575" lon="17.61760854">
<ele>66.3</ele>
<time>2026-09-18T15:41:08Z</time>
<extensions>
<tp1:TrackPointExtension>
<tp1:hr>155</tp1:hr>
</tp1:TrackPointExtension>
</extensions>
</trkpt>
<trkpt lat="59.19146245" lon="17.61760259">
<ele>66.5</ele>
<time>2026-09-18T15:41:09Z</time>
<extensions>
<tp1:TrackPointExtension>
<tp1:hr>155</tp1:hr>
</tp1:TrackPointExtension>
</extensions>
</trkpt>
<trkpt lat="59.19147352" lon="17.61759991">
<ele>66.7</ele>
<time>2026-09-18T15:41:10Z</time>
<extensions>
<tp1:TrackPointExtension>
<tp1:hr>155</tp1:hr>
</tp1:TrackPointExtension>
</extensions>
</trkpt>
<trkpt lat="59.19148768" lon="17.61762799">
<ele>66.9</ele>
<time>2026-09-18T15:41:11Z</time>
<extensions>
<tp1:TrackPointExtension>
<tp1:hr>155</tp1:hr>
</tp1:TrackPointExtension>
</extensions>
</trkpt>
<trkpt lat="59.19150319" lon="17.6176466">
<ele>66.9</ele>
<time>2026-09-18T15:41:12Z</time>
<extensions>
<tp1:TrackPointExtension>
<tp1:hr>156</tp1:hr>
</tp1:TrackPointExtension>
</extensions>
</trkpt>
<trkpt lat="59.19152842" lon="17.61766126">
<ele>67.1</ele>
<time>2026-09-18T15:41:13Z</time>
<extensions>
<tp1:TrackPointExtension>
<tp1:hr>156</tp1:hr>
</tp1:TrackPointExtension>
</extensions>
</trkpt>
<trkpt lat="59.19157117" lon="17.6176419">
<ele>67.1</ele>
<time>2026-09-18T15:41:14Z</time>
<extensions>
<tp1:TrackPointExtension>
<tp1:hr>156</tp1:hr>
</tp1:TrackPointExtension>
</extensions>
</trkpt>
<trkpt lat="59.1916078" lon="17.61759438">
<ele>67.1</ele>
<time>2026-09-18T15:41:15Z</time>
<extensions>
<tp1:TrackPointExtension>
<tp1:hr>156</tp1:hr>
</tp1:TrackPointExtension>
</extensions>
</trkpt>
<trkpt lat="59.19163914" lon="17.61753989">
<ele>67.3</ele>
<time>2026-09-18T15:41:16Z</time>
<extensions>
<tp1:TrackPointExtension>
<tp1:hr>156</tp1:hr>
</tp1:TrackPointExtension>
</extensions>
</trkpt>
<trkpt lat="59.19166194" lon="17.61748776">
<ele>67.6</ele>
<time>2026-09-18T15:41:17Z</time>
<extensions>
<tp1:TrackPointExtension>
<tp1:hr>156</tp1:hr>
</tp1:TrackPointExtension>
</extensions>
</trkpt>
<trkpt lat="59.19168508" lon="17.61743185">
<ele>67.8</ele>
<time>2026-09-18T15:41:18Z</time>
<extensions>
<tp1:TrackPointExtension>
<tp1:hr>157</tp1:hr>
</tp1:TrackPointExtension>
</extensions>
</trkpt>
<trkpt lat="59.19169773" lon="17.61737511">
<ele>68.0</ele>
<time>2026-09-18T15:41:19Z</time>
<extensions>
<tp1:TrackPointExtension>
<tp1:hr>157</tp1:hr>
</tp1:TrackPointExtension>
</extensions>
</trkpt>
<trkpt lat="59.19172355" lon="17.61728684">
<ele>68.2</ele>
<time>2026-09-18T15:41:20Z</time>
<extensions>
<tp1:TrackPointExtension>
<tp1:hr>157</tp1:hr>
</tp1:TrackPointExtension>
</extensions>
</trkpt>
<trkpt lat="59.19173629" lon="17.6172104">
<ele>68.4</ele>
<time>2026-09-18T15:41:21Z</time>
<extensions>
<tp1:TrackPointExtension>
<tp1:hr>158</tp1:hr>
</tp1:TrackPointExtension>
</extensions>
</trkpt>
<trkpt lat="59.1917471" lon="17.61715466">
<ele>68.6</ele>
<time>2026-09-18T15:41:22Z</time>
<extensions>
<tp1:TrackPointExtension>
<tp1:hr>158</tp1:hr>
</tp1:TrackPointExtension>
</extensions>
</trkpt>
<trkpt lat="59.19173545" lon="17.61717319">
<ele>68.6</ele>
<time>2026-09-18T15:41:23Z</time>
<extensions>
<tp1:TrackPointExtension>
<tp1:hr>158</tp1:hr>
</tp1:TrackPointExtension>
</extensions>
</trkpt>
<trkpt lat="59.19172749" lon="17.61722792">
<ele>68.8</ele>
<time>2026-09-18T15:41:24Z</time>
<extensions>
<tp1:TrackPointExtension>
<tp1:hr>158</tp1:hr>
</tp1:TrackPointExtension>
</extensions>
</trkpt>
<trkpt lat="59.19173285" lon="17.61729757">
<ele>68.8</ele>
<time>2026-09-18T15:41:25Z</time>
<extensions>
<tp1:TrackPointExtension>
<tp1:hr>158</tp1:hr>
</tp1:TrackPointExtension>
</extensions>
</trkpt>
<trkpt lat="59.19175465" lon="17.61734401">
<ele>69.0</ele>
<time>2026-09-18T15:41:26Z</time>
<extensions>
<tp1:TrackPointExtension>
<tp1:hr>158</tp1:hr>
</tp1:TrackPointExtension>
</extensions>
</trkpt>
<trkpt lat="59.19177845" lon="17.61740268">
<ele>69.0</ele>
<time>2026-09-18T15:41:27Z</time>
<extensions>
<tp1:TrackPointExtension>
<tp1:hr>158</tp1:hr>
</tp1:TrackPointExtension>
</extensions>
</trkpt>
<trkpt lat="59.19180217" lon="17.61745373">
<ele>68.8</ele>
<time>2026-09-18T15:41:28Z</time>
<extensions>
<tp1:TrackPointExtension>
<tp1:hr>158</tp1:hr>
</tp1:TrackPointExtension>
</extensions>
</trkpt>
<trkpt lat="59.19182128" lon="17.61752732">
<ele>68.8</ele>
<time>2026-09-18T15:41:29Z</time>
<extensions>
<tp1:TrackPointExtension>
<tp1:hr>159</tp1:hr>
</tp1:TrackPointExtension>
</extensions>
</trkpt>
<trkpt lat="59.19184182" lon="17.61758692">
<ele>68.9</ele>
<time>2026-09-18T15:41:30Z</time>
<extensions>
<tp1:TrackPointExtension>
<tp1:hr>159</tp1:hr>
</tp1:TrackPointExtension>
</extensions>
</trkpt>
<trkpt lat="59.19185548" lon="17.61766646">
<ele>68.7</ele>
<time>2026-09-18T15:41:31Z</time>
<extensions>
<tp1:TrackPointExtension>
<tp1:hr>160</tp1:hr>
</tp1:TrackPointExtension>
</extensions>
</trkpt>
<trkpt lat="59.1918704" lon="17.61772798">
<ele>68.7</ele>
<time>2026-09-18T15:41:32Z</time>
<extensions>
<tp1:TrackPointExtension>
<tp1:hr>161</tp1:hr>
</tp1:TrackPointExtension>
</extensions>
</trkpt>
<trkpt lat="59.19187602" lon="17.61776453">
<ele>68.7</ele>
<time>2026-09-18T15:41:33Z</time>
<extensions>
<tp1:TrackPointExtension>
<tp1:hr>161</tp1:hr>
</tp1:TrackPointExtension>
</extensions>
</trkpt>
<trkpt lat="59.19187794" lon="17.61774315">
<ele>68.5</ele>
<time>2026-09-18T15:41:34Z</time>
<extensions>
<tp1:TrackPointExtension>
<tp1:hr>161</tp1:hr>
</tp1:TrackPointExtension>
</extensions>
</trkpt>
<trkpt lat="59.19187543" lon="17.61770451">
<ele>68.5</ele>
<time>2026-09-18T15:41:35Z</time>
<extensions>
<tp1:TrackPointExtension>
<tp1:hr>161</tp1:hr>
</tp1:TrackPointExtension>
</extensions>
</trkpt>
<trkpt lat="59.19186923" lon="17.61765263">
<ele>68.5</ele>
<time>2026-09-18T15:41:36Z</time>
<extensions>
<tp1:TrackPointExtension>
<tp1:hr>162</tp1:hr>
</tp1:TrackPointExtension>
</extensions>
</trkpt>
<trkpt lat="59.19186101" lon="17.61758985">
<ele>68.5</ele>
<time>2026-09-18T15:41:37Z</time>
<extensions>
<tp1:TrackPointExtension>
<tp1:hr>162</tp1:hr>
</tp1:TrackPointExtension>
</extensions>
</trkpt>
<trkpt lat="59.19185095" lon="17.61752833">
<ele>68.5</ele>
<time>2026-09-18T15:41:38Z</time>
<extensions>
<tp1:TrackPointExtension>
<tp1:hr>162</tp1:hr>
</tp1:TrackPointExtension>
</extensions>
</trkpt>
<trkpt lat="59.19182522" lon="17.61747418">
<ele>68.5</ele>
<time>2026-09-18T15:41:39Z</time>
<extensions>
<tp1:TrackPointExtension>
<tp1:hr>162</tp1:hr>
</tp1:TrackPointExtension>
</extensions>
</trkpt>
<trkpt lat="59.19179983" lon="17.61740947">
<ele>68.5</ele>
<time>2026-09-18T15:41:40Z</time>
<extensions>
<tp1:TrackPointExtension>
<tp1:hr>162</tp1:hr>
</tp1:TrackPointExtension>
</extensions>
</trkpt>
<trkpt lat="59.19176906" lon="17.61735985">
<ele>68.7</ele>
<time>2026-09-18T15:41:41Z</time>
<extensions>
<tp1:TrackPointExtension>
<tp1:hr>161</tp1:hr>
</tp1:TrackPointExtension>
</extensions>
</trkpt>
<trkpt lat="59.19173285" lon="17.617342">
<ele>68.8</ele>
<time>2026-09-18T15:41:42Z</time>
<extensions>
<tp1:TrackPointExtension>
<tp1:hr>161</tp1:hr>
</tp1:TrackPointExtension>
</extensions>
</trkpt>
<trkpt lat="59.19170871" lon="17.6173663">
<ele>68.6</ele>
<time>2026-09-18T15:41:43Z</time>
<extensions>
<tp1:TrackPointExtension>
<tp1:hr>162</tp1:hr>
</tp1:TrackPointExtension>
</extensions>
</trkpt>
<trkpt lat="59.19168483" lon="17.61741593">
<ele>68.6</ele>
<time>2026-09-18T15:41:44Z</time>
<extensions>
<tp1:TrackPointExtension>
<tp1:hr>162</tp1:hr>
</tp1:TrackPointExtension>
</extensions>
</trkpt>
<trkpt lat="59.1916658" lon="17.61747108">
<ele>68.4</ele>
<time>2026-09-18T15:41:45Z</time>
<extensions>
<tp1:TrackPointExtension>
<tp1:hr>163</tp1:hr>
</tp1:TrackPointExtension>
</extensions>
</trkpt>
<trkpt lat="59.19164476" lon="17.61753704">
<ele>68.0</ele>
<time>2026-09-18T15:41:46Z</time>
<extensions>
<tp1:TrackPointExtension>
<tp1:hr>162</tp1:hr>
</tp1:TrackPointExtension>
</extensions>
</trkpt>
<trkpt lat="59.1916207" lon="17.61760418">
<ele>67.6</ele>
<time>2026-09-18T15:41:47Z</time>
<extensions>
<tp1:TrackPointExtension>
<tp1:hr>162</tp1:hr>
</tp1:TrackPointExtension>
</extensions>
</trkpt>
<trkpt lat="59.19159682" lon="17.61766705">
<ele>67.2</ele>
<time>2026-09-18T15:41:48Z</time>
<extensions>
<tp1:TrackPointExtension>
<tp1:hr>162</tp1:hr>
</tp1:TrackPointExtension>
</extensions>
</trkpt>
<trkpt lat="59.19157142" lon="17.61773821">
<ele>67.0</ele>
<time>2026-09-18T15:41:49Z</time>
<extensions>
<tp1:TrackPointExtension>
<tp1:hr>161</tp1:hr>
</tp1:TrackPointExtension>
</extensions>
</trkpt>
<trkpt lat="59.19154904" lon="17.6177875">
<ele>66.6</ele>
<time>2026-09-18T15:41:50Z</time>
<extensions>
<tp1:TrackPointExtension>
<tp1:hr>162</tp1:hr>
</tp1:TrackPointExtension>
</extensions>
</trkpt>
<trkpt lat="59.19152917" lon="17.61783955">
<ele>66.4</ele>
<time>2026-09-18T15:41:51Z</time>
<extensions>
<tp1:TrackPointExtension>
<tp1:hr>162</tp1:hr>
</tp1:TrackPointExtension>
</extensions>
</trkpt>
<trkpt lat="59.19149866" lon="17.61792202">
<ele>66.0</ele>
<time>2026-09-18T15:41:52Z</time>
<extensions>
<tp1:TrackPointExtension>
<tp1:hr>162</tp1:hr>
</tp1:TrackPointExtension>
</extensions>
</trkpt>
<trkpt lat="59.19148215" lon="17.61798615">
<ele>66.0</ele>
<time>2026-09-18T15:41:53Z</time>
<extensions>
<tp1:TrackPointExtension>
<tp1:hr>162</tp1:hr>
</tp1:TrackPointExtension>
</extensions>
</trkpt>
<trkpt lat="59.19146941" lon="17.61805035">
<ele>65.8</ele>
<time>2026-09-18T15:41:54Z</time>
<extensions>
<tp1:TrackPointExtension>
<tp1:hr>162</tp1:hr>
</tp1:TrackPointExtension>
</extensions>
</trkpt>
<trkpt lat="59.19146103" lon="17.61808472">
<ele>65.7</ele>
<time>2026-09-18T15:41:55Z</time>
<extensions>
<tp1:TrackPointExtension>
<tp1:hr>163</tp1:hr>
</tp1:TrackPointExtension>
</extensions>
</trkpt>
<trkpt lat="59.19144829" lon="17.61812554">
<ele>65.7</ele>
<time>2026-09-18T15:41:56Z</time>
<extensions>
<tp1:TrackPointExtension>
<tp1:hr>163</tp1:hr>
</tp1:TrackPointExtension>
</extensions>
</trkpt>
<trkpt lat="59.19144661" lon="17.61817323">
<ele>65.5</ele>
<time>2026-09-18T15:41:57Z</time>
<extensions>
<tp1:TrackPointExtension>
<tp1:hr>163</tp1:hr>
</tp1:TrackPointExtension>
</extensions>
</trkpt>
<trkpt lat="59.19149037" lon="17.61820198">
<ele>65.3</ele>
<time>2026-09-18T15:41:58Z</time>
<extensions>
<tp1:TrackPointExtension>
<tp1:hr>163</tp1:hr>
</tp1:TrackPointExtension>
</extensions>
</trkpt>
<trkpt lat="59.19152666" lon="17.61824758">
<ele>65.1</ele>
<time>2026-09-18T15:41:59Z</time>
<extensions>
<tp1:TrackPointExtension>
<tp1:hr>163</tp1:hr>
</tp1:TrackPointExtension>
</extensions>
</trkpt>
<trkpt lat="59.1915601" lon="17.61828228">
<ele>65.1</ele>
<time>2026-09-18T15:42:00Z</time>
<extensions>
<tp1:TrackPointExtension>
<tp1:hr>162</tp1:hr>
</tp1:TrackPointExtension>
</extensions>
</trkpt>
<trkpt lat="59.19157502" lon="17.6182915">
<ele>65.1</ele>
<time>2026-09-18T15:42:01Z</time>
<extensions>
<tp1:TrackPointExtension>
<tp1:hr>162</tp1:hr>
</tp1:TrackPointExtension>
</extensions>
</trkpt>
<trkpt lat="59.1915746" lon="17.61829401">
<ele>65.3</ele>
<time>2026-09-18T15:42:02Z</time>
<extensions>
<tp1:TrackPointExtension>
<tp1:hr>163</tp1:hr>
</tp1:TrackPointExtension>
</extensions>
</trkpt>
<trkpt lat="59.1915648" lon="17.61827834">
<ele>65.5</ele>
<time>2026-09-18T15:42:03Z</time>
<extensions>
<tp1:TrackPointExtension>
<tp1:hr>163</tp1:hr>
</tp1:TrackPointExtension>
</extensions>
</trkpt>
<trkpt lat="59.19155155" lon="17.61826367">
<ele>65.5</ele>
<time>2026-09-18T15:42:04Z</time>
<extensions>
<tp1:TrackPointExtension>
<tp1:hr>163</tp1:hr>
</tp1:TrackPointExtension>
</extensions>
</trkpt>
<trkpt lat="59.19152976" lon="17.6182314">
<ele>65.3</ele>
<time>2026-09-18T15:42:05Z</time>
<extensions>
<tp1:TrackPointExtension>
<tp1:hr>162</tp1:hr>
</tp1:TrackPointExtension>
</extensions>
</trkpt>
<trkpt lat="59.19150847" lon="17.61819745">
<ele>65.1</ele>
<time>2026-09-18T15:42:06Z</time>
<extensions>
<tp1:TrackPointExtension>
<tp1:hr>159</tp1:hr>
</tp1:TrackPointExtension>
</extensions>
</trkpt>
<trkpt lat="59.19148928" lon="17.61816351">
<ele>65.2</ele>
<time>2026-09-18T15:42:07Z</time>
<extensions>
<tp1:TrackPointExtension>
<tp1:hr>158</tp1:hr>
</tp1:TrackPointExtension>
</extensions>
</trkpt>
<trkpt lat="59.19145298" lon="17.61814767">
<ele>65.2</ele>
<time>2026-09-18T15:42:08Z</time>
<extensions>
<tp1:TrackPointExtension>
<tp1:hr>158</tp1:hr>
</tp1:TrackPointExtension>
</extensions>
</trkpt>
<trkpt lat="59.19142792" lon="17.61816862">
<ele>65.0</ele>
<time>2026-09-18T15:42:09Z</time>
<extensions>
<tp1:TrackPointExtension>
<tp1:hr>157</tp1:hr>
</tp1:TrackPointExtension>
</extensions>
</trkpt>
<trkpt lat="59.19140152" lon="17.61819888">
<ele>65.2</ele>
<time>2026-09-18T15:42:10Z</time>
<extensions>
<tp1:TrackPointExtension>
<tp1:hr>158</tp1:hr>
</tp1:TrackPointExtension>
</extensions>
</trkpt>
<trkpt lat="59.19137545" lon="17.61822587">
<ele>65.4</ele>
<time>2026-09-18T15:42:11Z</time>
<extensions>
<tp1:TrackPointExtension>
<tp1:hr>158</tp1:hr>
</tp1:TrackPointExtension>
</extensions>
</trkpt>
<trkpt lat="59.19132994" lon="17.61825722">
<ele>65.6</ele>
<time>2026-09-18T15:42:12Z</time>
<extensions>
<tp1:TrackPointExtension>
<tp1:hr>158</tp1:hr>
</tp1:TrackPointExtension>
</extensions>
</trkpt>
<trkpt lat="59.19129473" lon="17.61829435">
<ele>66.0</ele>
<time>2026-09-18T15:42:13Z</time>
<extensions>
<tp1:TrackPointExtension>
<tp1:hr>159</tp1:hr>
</tp1:TrackPointExtension>
</extensions>
</trkpt>
<trkpt lat="59.19124184" lon="17.61834674">
<ele>66.2</ele>
<time>2026-09-18T15:42:14Z</time>
<extensions>
<tp1:TrackPointExtension>
<tp1:hr>159</tp1:hr>
</tp1:TrackPointExtension>
</extensions>
</trkpt>
<trkpt lat="59.19120228" lon="17.61839066">
<ele>66.6</ele>
<time>2026-09-18T15:42:15Z</time>
<extensions>
<tp1:TrackPointExtension>
<tp1:hr>159</tp1:hr>
</tp1:TrackPointExtension>
</extensions>
</trkpt>
<trkpt lat="59.19114889" lon="17.61843952">
<ele>66.6</ele>
<time>2026-09-18T15:42:16Z</time>
<extensions>
<tp1:TrackPointExtension>
<tp1:hr>160</tp1:hr>
</tp1:TrackPointExtension>
</extensions>
</trkpt>
<trkpt lat="59.1911146" lon="17.61848479">
<ele>66.6</ele>
<time>2026-09-18T15:42:17Z</time>
<extensions>
<tp1:TrackPointExtension>
<tp1:hr>161</tp1:hr>
</tp1:TrackPointExtension>
</extensions>
</trkpt>
<trkpt lat="59.19107001" lon="17.61850608">
<ele>66.4</ele>
<time>2026-09-18T15:42:18Z</time>
<extensions>
<tp1:TrackPointExtension>
<tp1:hr>162</tp1:hr>
</tp1:TrackPointExtension>
</extensions>
</trkpt>
<trkpt lat="59.1910328" lon="17.61849769">
<ele>66.4</ele>
<time>2026-09-18T15:42:19Z</time>
<extensions>
<tp1:TrackPointExtension>
<tp1:hr>163</tp1:hr>
</tp1:TrackPointExtension>
</extensions>
</trkpt>
<trkpt lat="59.19098879" lon="17.61847699">
<ele>66.5</ele>
<time>2026-09-18T15:42:20Z</time>
<extensions>
<tp1:TrackPointExtension>
<tp1:hr>164</tp1:hr>
</tp1:TrackPointExtension>
</extensions>
</trkpt>
<trkpt lat="59.19094152" lon="17.61844338">
<ele>66.1</ele>
<time>2026-09-18T15:42:21Z</time>
<extensions>
<tp1:TrackPointExtension>
<tp1:hr>164</tp1:hr>
</tp1:TrackPointExtension>
</extensions>
</trkpt>
<trkpt lat="59.19090179" lon="17.61842016">
<ele>66.1</ele>
<time>2026-09-18T15:42:22Z</time>
<extensions>
<tp1:TrackPointExtension>
<tp1:hr>164</tp1:hr>
</tp1:TrackPointExtension>
</extensions>
</trkpt>
<trkpt lat="59.19084714" lon="17.61838764">
<ele>66.3</ele>
<time>2026-09-18T15:42:23Z</time>
<extensions>
<tp1:TrackPointExtension>
<tp1:hr>163</tp1:hr>
</tp1:TrackPointExtension>
</extensions>
</trkpt>
<trkpt lat="59.19081034" lon="17.61836333">
<ele>66.3</ele>
<time>2026-09-18T15:42:24Z</time>
<extensions>
<tp1:TrackPointExtension>
<tp1:hr>163</tp1:hr>
</tp1:TrackPointExtension>
</extensions>
</trkpt>
<trkpt lat="59.19075846" lon="17.61833391">
<ele>66.5</ele>
<time>2026-09-18T15:42:25Z</time>
<extensions>
<tp1:TrackPointExtension>
<tp1:hr>163</tp1:hr>
</tp1:TrackPointExtension>
</extensions>
</trkpt>
<trkpt lat="59.19071579" lon="17.61831061">
<ele>67.1</ele>
<time>2026-09-18T15:42:26Z</time>
<extensions>
<tp1:TrackPointExtension>
<tp1:hr>164</tp1:hr>
</tp1:TrackPointExtension>
</extensions>
</trkpt>
<trkpt lat="59.1906878" lon="17.61830675">
<ele>67.5</ele>
<time>2026-09-18T15:42:27Z</time>
<extensions>
<tp1:TrackPointExtension>
<tp1:hr>164</tp1:hr>
</tp1:TrackPointExtension>
</extensions>
</trkpt>
<trkpt lat="59.19066282" lon="17.61831924">
<ele>67.5</ele>
<time>2026-09-18T15:42:28Z</time>
<extensions>
<tp1:TrackPointExtension>
<tp1:hr>163</tp1:hr>
</tp1:TrackPointExtension>
</extensions>
</trkpt>
<trkpt lat="59.19064497" lon="17.61835151">
<ele>67.5</ele>
<time>2026-09-18T15:42:29Z</time>
<extensions>
<tp1:TrackPointExtension>
<tp1:hr>163</tp1:hr>
</tp1:TrackPointExtension>
</extensions>
</trkpt>
<trkpt lat="59.19062829" lon="17.61837607">
<ele>67.3</ele>
<time>2026-09-18T15:42:30Z</time>
<extensions>
<tp1:TrackPointExtension>
<tp1:hr>163</tp1:hr>
</tp1:TrackPointExtension>
</extensions>
</trkpt>
<trkpt lat="59.19060884" lon="17.61838689">
<ele>67.1</ele>
<time>2026-09-18T15:42:31Z</time>
<extensions>
<tp1:TrackPointExtension>
<tp1:hr>163</tp1:hr>
</tp1:TrackPointExtension>
</extensions>
</trkpt>
<trkpt lat="59.19058336" lon="17.61838932">
<ele>66.9</ele>
<time>2026-09-18T15:42:32Z</time>
<extensions>
<tp1:TrackPointExtension>
<tp1:hr>163</tp1:hr>
</tp1:TrackPointExtension>
</extensions>
</trkpt>
<trkpt lat="59.19056919" lon="17.61839686">
<ele>67.0</ele>
<time>2026-09-18T15:42:33Z</time>
<extensions>
<tp1:TrackPointExtension>
<tp1:hr>163</tp1:hr>
</tp1:TrackPointExtension>
</extensions>
</trkpt>
<trkpt lat="59.19057758" lon="17.61839426">
<ele>67.2</ele>
<time>2026-09-18T15:42:34Z</time>
<extensions>
<tp1:TrackPointExtension>
<tp1:hr>162</tp1:hr>
</tp1:TrackPointExtension>
</extensions>
</trkpt>
<trkpt lat="59.19056366" lon="17.6183801">
<ele>67.4</ele>
<time>2026-09-18T15:42:35Z</time>
<extensions>
<tp1:TrackPointExtension>
<tp1:hr>162</tp1:hr>
</tp1:TrackPointExtension>
</extensions>
</trkpt>
<trkpt lat="59.19056358" lon="17.61837029">
<ele>67.6</ele>
<time>2026-09-18T15:42:36Z</time>
<extensions>
<tp1:TrackPointExtension>
<tp1:hr>161</tp1:hr>
</tp1:TrackPointExtension>
</extensions>
</trkpt>
<trkpt lat="59.19056936" lon="17.61838127">
<ele>67.6</ele>
<time>2026-09-18T15:42:37Z</time>
<extensions>
<tp1:TrackPointExtension>
<tp1:hr>162</tp1:hr>
</tp1:TrackPointExtension>
</extensions>
</trkpt>
<trkpt lat="59.19058369" lon="17.61839124">
<ele>67.6</ele>
<time>2026-09-18T15:42:38Z</time>
<extensions>
<tp1:TrackPointExtension>
<tp1:hr>163</tp1:hr>
</tp1:TrackPointExtension>
</extensions>
</trkpt>
<trkpt lat="59.19060297" lon="17.61840004">
<ele>67.6</ele>
<time>2026-09-18T15:42:39Z</time>
<extensions>
<tp1:TrackPointExtension>
<tp1:hr>163</tp1:hr>
</tp1:TrackPointExtension>
</extensions>
</trkpt>
<trkpt lat="59.19062971" lon="17.61840658">
<ele>67.4</ele>
<time>2026-09-18T15:42:40Z</time>
<extensions>
<tp1:TrackPointExtension>
<tp1:hr>163</tp1:hr>
</tp1:TrackPointExtension>
</extensions>
</trkpt>
<trkpt lat="59.19065519" lon="17.61837708">
<ele>67.2</ele>
<time>2026-09-18T15:42:41Z</time>
<extensions>
<tp1:TrackPointExtension>
<tp1:hr>164</tp1:hr>
</tp1:TrackPointExtension>
</extensions>
</trkpt>
<trkpt lat="59.19068252" lon="17.61831514">
<ele>67.2</ele>
<time>2026-09-18T15:42:42Z</time>
<extensions>
<tp1:TrackPointExtension>
<tp1:hr>163</tp1:hr>
</tp1:TrackPointExtension>
</extensions>
</trkpt>
<trkpt lat="59.19072107" lon="17.61828555">
<ele>67.2</ele>
<time>2026-09-18T15:42:43Z</time>
<extensions>
<tp1:TrackPointExtension>
<tp1:hr>163</tp1:hr>
</tp1:TrackPointExtension>
</extensions>
</trkpt>
<trkpt lat="59.19076147" lon="17.61828823">
<ele>67.2</ele>
<time>2026-09-18T15:42:44Z</time>
<extensions>
<tp1:TrackPointExtension>
<tp1:hr>163</tp1:hr>
</tp1:TrackPointExtension>
</extensions>
</trkpt>
<trkpt lat="59.19079416" lon="17.61828831">
<ele>67.1</ele>
<time>2026-09-18T15:42:45Z</time>
<extensions>
<tp1:TrackPointExtension>
<tp1:hr>164</tp1:hr>
</tp1:TrackPointExtension>
</extensions>
</trkpt>
<trkpt lat="59.19084236" lon="17.6183112">
<ele>67.1</ele>
<time>2026-09-18T15:42:46Z</time>
<extensions>
<tp1:TrackPointExtension>
<tp1:hr>164</tp1:hr>
</tp1:TrackPointExtension>
</extensions>
</trkpt>
<trkpt lat="59.19088997" lon="17.61834607">
<ele>67.1</ele>
<time>2026-09-18T15:42:47Z</time>
<extensions>
<tp1:TrackPointExtension>
<tp1:hr>164</tp1:hr>
</tp1:TrackPointExtension>
</extensions>
</trkpt>
<trkpt lat="59.19093439" lon="17.61837473">
<ele>66.9</ele>
<time>2026-09-18T15:42:48Z</time>
<extensions>
<tp1:TrackPointExtension>
<tp1:hr>164</tp1:hr>
</tp1:TrackPointExtension>
</extensions>
</trkpt>
<trkpt lat="59.19098577" lon="17.61841949">
<ele>66.9</ele>
<time>2026-09-18T15:42:49Z</time>
<extensions>
<tp1:TrackPointExtension>
<tp1:hr>165</tp1:hr>
</tp1:TrackPointExtension>
</extensions>
</trkpt>
<trkpt lat="59.1910333" lon="17.61844229">
<ele>66.7</ele>
<time>2026-09-18T15:42:50Z</time>
<extensions>
<tp1:TrackPointExtension>
<tp1:hr>165</tp1:hr>
</tp1:TrackPointExtension>
</extensions>
</trkpt>
<trkpt lat="59.19107848" lon="17.61844983">
<ele>66.7</ele>
<time>2026-09-18T15:42:51Z</time>
<extensions>
<tp1:TrackPointExtension>
<tp1:hr>165</tp1:hr>
</tp1:TrackPointExtension>
</extensions>
</trkpt>
<trkpt lat="59.19110832" lon="17.61841698">
<ele>66.7</ele>
<time>2026-09-18T15:42:52Z</time>
<extensions>
<tp1:TrackPointExtension>
<tp1:hr>165</tp1:hr>
</tp1:TrackPointExtension>
</extensions>
</trkpt>
<trkpt lat="59.19114847" lon="17.61837238">
<ele>66.7</ele>
<time>2026-09-18T15:42:53Z</time>
<extensions>
<tp1:TrackPointExtension>
<tp1:hr>165</tp1:hr>
</tp1:TrackPointExtension>
</extensions>
</trkpt>
<trkpt lat="59.19117646" lon="17.61832796">
<ele>66.7</ele>
<time>2026-09-18T15:42:54Z</time>
<extensions>
<tp1:TrackPointExtension>
<tp1:hr>165</tp1:hr>
</tp1:TrackPointExtension>
</extensions>
</trkpt>
<trkpt lat="59.1912079" lon="17.61826392">
<ele>66.5</ele>
<time>2026-09-18T15:42:55Z</time>
<extensions>
<tp1:TrackPointExtension>
<tp1:hr>164</tp1:hr>
</tp1:TrackPointExtension>
</extensions>
</trkpt>
<trkpt lat="59.19123262" lon="17.61820282">
<ele>66.5</ele>
<time>2026-09-18T15:42:56Z</time>
<extensions>
<tp1:TrackPointExtension>
<tp1:hr>164</tp1:hr>
</tp1:TrackPointExtension>
</extensions>
</trkpt>
<trkpt lat="59.1912633" lon="17.61812453">
<ele>66.5</ele>
<time>2026-09-18T15:42:57Z</time>
<extensions>
<tp1:TrackPointExtension>
<tp1:hr>164</tp1:hr>
</tp1:TrackPointExtension>
</extensions>
</trkpt>
<trkpt lat="59.19129314" lon="17.61805471">
<ele>66.6</ele>
<time>2026-09-18T15:42:58Z</time>
<extensions>
<tp1:TrackPointExtension>
<tp1:hr>164</tp1:hr>
</tp1:TrackPointExtension>
</extensions>
</trkpt>
<trkpt lat="59.19131041" lon="17.61797994">
<ele>66.4</ele>
<time>2026-09-18T15:42:59Z</time>
<extensions>
<tp1:TrackPointExtension>
<tp1:hr>164</tp1:hr>
</tp1:TrackPointExtension>
</extensions>
</trkpt>
<trkpt lat="59.19130504" lon="17.61791071">
<ele>66.4</ele>
<time>2026-09-18T15:43:00Z</time>
<extensions>
<tp1:TrackPointExtension>
<tp1:hr>164</tp1:hr>
</tp1:TrackPointExtension>
</extensions>
</trkpt>
<trkpt lat="59.19128668" lon="17.61783829">
<ele>66.6</ele>
<time>2026-09-18T15:43:01Z</time>
<extensions>
<tp1:TrackPointExtension>
<tp1:hr>164</tp1:hr>
</tp1:TrackPointExtension>
</extensions>
</trkpt>
<trkpt lat="59.19125643" lon="17.61778515">
<ele>66.6</ele>
<time>2026-09-18T15:43:02Z</time>
<extensions>
<tp1:TrackPointExtension>
<tp1:hr>164</tp1:hr>
</tp1:TrackPointExtension>
</extensions>
</trkpt>
<trkpt lat="59.19123664" lon="17.61770083">
<ele>66.8</ele>
<time>2026-09-18T15:43:03Z</time>
<extensions>
<tp1:TrackPointExtension>
<tp1:hr>164</tp1:hr>
</tp1:TrackPointExtension>
</extensions>
</trkpt>
<trkpt lat="59.19123606" lon="17.61762564">
<ele>67.2</ele>
<time>2026-09-18T15:43:04Z</time>
<extensions>
<tp1:TrackPointExtension>
<tp1:hr>164</tp1:hr>
</tp1:TrackPointExtension>
</extensions>
</trkpt>
<trkpt lat="59.19124478" lon="17.61755188">
<ele>67.6</ele>
<time>2026-09-18T15:43:05Z</time>
<extensions>
<tp1:TrackPointExtension>
<tp1:hr>163</tp1:hr>
</tp1:TrackPointExtension>
</extensions>
</trkpt>
<trkpt lat="59.19125827" lon="17.61747812">
<ele>68.0</ele>
<time>2026-09-18T15:43:06Z</time>
<extensions>
<tp1:TrackPointExtension>
<tp1:hr>164</tp1:hr>
</tp1:TrackPointExtension>
</extensions>
</trkpt>
<trkpt lat="59.19127269" lon="17.61740813">
<ele>68.4</ele>
<time>2026-09-18T15:43:07Z</time>
<extensions>
<tp1:TrackPointExtension>
<tp1:hr>164</tp1:hr>
</tp1:TrackPointExtension>
</extensions>
</trkpt>
<trkpt lat="59.1912985" lon="17.61735088">
<ele>68.4</ele>
<time>2026-09-18T15:43:08Z</time>
<extensions>
<tp1:TrackPointExtension>
<tp1:hr>164</tp1:hr>
</tp1:TrackPointExtension>
</extensions>
</trkpt>
<trkpt lat="59.19131275" lon="17.6172959">
<ele>68.6</ele>
<time>2026-09-18T15:43:09Z</time>
<extensions>
<tp1:TrackPointExtension>
<tp1:hr>165</tp1:hr>
</tp1:TrackPointExtension>
</extensions>
</trkpt>
<trkpt lat="59.19134771" lon="17.61720864">
<ele>68.8</ele>
<time>2026-09-18T15:43:10Z</time>
<extensions>
<tp1:TrackPointExtension>
<tp1:hr>165</tp1:hr>
</tp1:TrackPointExtension>
</extensions>
</trkpt>
<trkpt lat="59.19137671" lon="17.61713672">
<ele>68.9</ele>
<time>2026-09-18T15:43:11Z</time>
<extensions>
<tp1:TrackPointExtension>
<tp1:hr>165</tp1:hr>
</tp1:TrackPointExtension>
</extensions>
</trkpt>
<trkpt lat="59.19140613" lon="17.61707277">
<ele>68.9</ele>
<time>2026-09-18T15:43:12Z</time>
<extensions>
<tp1:TrackPointExtension>
<tp1:hr>164</tp1:hr>
</tp1:TrackPointExtension>
</extensions>
</trkpt>
<trkpt lat="59.19142809" lon="17.6170208">
<ele>69.1</ele>
<time>2026-09-18T15:43:13Z</time>
<extensions>
<tp1:TrackPointExtension>
<tp1:hr>165</tp1:hr>
</tp1:TrackPointExtension>
</extensions>
</trkpt>
<trkpt lat="59.19145742" lon="17.61696749">
<ele>69.3</ele>
<time>2026-09-18T15:43:14Z</time>
<extensions>
<tp1:TrackPointExtension>
<tp1:hr>165</tp1:hr>
</tp1:TrackPointExtension>
</extensions>
</trkpt>
<trkpt lat="59.1914855" lon="17.61690983">
<ele>69.5</ele>
<time>2026-09-18T15:43:15Z</time>
<extensions>
<tp1:TrackPointExtension>
<tp1:hr>166</tp1:hr>
</tp1:TrackPointExtension>
</extensions>
</trkpt>
<trkpt lat="59.19150202" lon="17.61686088">
<ele>69.9</ele>
<time>2026-09-18T15:43:16Z</time>
<extensions>
<tp1:TrackPointExtension>
<tp1:hr>166</tp1:hr>
</tp1:TrackPointExtension>
</extensions>
</trkpt>
<trkpt lat="59.19152607" lon="17.61678653">
<ele>70.3</ele>
<time>2026-09-18T15:43:17Z</time>
<extensions>
<tp1:TrackPointExtension>
<tp1:hr>167</tp1:hr>
</tp1:TrackPointExtension>
</extensions>
</trkpt>
<trkpt lat="59.19152641" lon="17.61673305">
<ele>70.5</ele>
<time>2026-09-18T15:43:18Z</time>
<extensions>
<tp1:TrackPointExtension>
<tp1:hr>167</tp1:hr>
</tp1:TrackPointExtension>
</extensions>
</trkpt>
<trkpt lat="59.19152213" lon="17.61667488">
<ele>70.7</ele>
<time>2026-09-18T15:43:19Z</time>
<extensions>
<tp1:TrackPointExtension>
<tp1:hr>167</tp1:hr>
</tp1:TrackPointExtension>
</extensions>
</trkpt>
<trkpt lat="59.19150939" lon="17.61662442">
<ele>70.7</ele>
<time>2026-09-18T15:43:20Z</time>
<extensions>
<tp1:TrackPointExtension>
<tp1:hr>168</tp1:hr>
</tp1:TrackPointExtension>
</extensions>
</trkpt>
<trkpt lat="59.19149422" lon="17.61657321">
<ele>70.7</ele>
<time>2026-09-18T15:43:21Z</time>
<extensions>
<tp1:TrackPointExtension>
<tp1:hr>168</tp1:hr>
</tp1:TrackPointExtension>
</extensions>
</trkpt>
<trkpt lat="59.19148039" lon="17.61652443">
<ele>70.7</ele>
<time>2026-09-18T15:43:22Z</time>
<extensions>
<tp1:TrackPointExtension>
<tp1:hr>168</tp1:hr>
</tp1:TrackPointExtension>
</extensions>
</trkpt>
<trkpt lat="59.19148064" lon="17.61654479">
<ele>71.0</ele>
<time>2026-09-18T15:43:23Z</time>
<extensions>
<tp1:TrackPointExtension>
<tp1:hr>168</tp1:hr>
</tp1:TrackPointExtension>
</extensions>
</trkpt>
<trkpt lat="59.19148458" lon="17.61658561">
<ele>71.0</ele>
<time>2026-09-18T15:43:24Z</time>
<extensions>
<tp1:TrackPointExtension>
<tp1:hr>168</tp1:hr>
</tp1:TrackPointExtension>
</extensions>
</trkpt>
<trkpt lat="59.19148617" lon="17.61664152">
<ele>71.0</ele>
<time>2026-09-18T15:43:25Z</time>
<extensions>
<tp1:TrackPointExtension>
<tp1:hr>168</tp1:hr>
</tp1:TrackPointExtension>
</extensions>
</trkpt>
<trkpt lat="59.19150076" lon="17.61668486">
<ele>71.0</ele>
<time>2026-09-18T15:43:26Z</time>
<extensions>
<tp1:TrackPointExtension>
<tp1:hr>167</tp1:hr>
</tp1:TrackPointExtension>
</extensions>
</trkpt>
<trkpt lat="59.1915249" lon="17.61672006">
<ele>71.0</ele>
<time>2026-09-18T15:43:27Z</time>
<extensions>
<tp1:TrackPointExtension>
<tp1:hr>167</tp1:hr>
</tp1:TrackPointExtension>
</extensions>
</trkpt>
<trkpt lat="59.19155139" lon="17.61673481">
<ele>71.0</ele>
<time>2026-09-18T15:43:28Z</time>
<extensions>
<tp1:TrackPointExtension>
<tp1:hr>166</tp1:hr>
</tp1:TrackPointExtension>
</extensions>
</trkpt>
<trkpt lat="59.19158382" lon="17.61675694">
<ele>70.8</ele>
<time>2026-09-18T15:43:29Z</time>
<extensions>
<tp1:TrackPointExtension>
<tp1:hr>166</tp1:hr>
</tp1:TrackPointExtension>
</extensions>
</trkpt>
<trkpt lat="59.191614" lon="17.61681679">
<ele>70.8</ele>
<time>2026-09-18T15:43:30Z</time>
<extensions>
<tp1:TrackPointExtension>
<tp1:hr>166</tp1:hr>
</tp1:TrackPointExtension>
</extensions>
</trkpt>
<trkpt lat="59.19163571" lon="17.61688284">
<ele>70.8</ele>
<time>2026-09-18T15:43:31Z</time>
<extensions>
<tp1:TrackPointExtension>
<tp1:hr>167</tp1:hr>
</tp1:TrackPointExtension>
</extensions>
</trkpt>
<trkpt lat="59.19166982" lon="17.61697018">
<ele>70.8</ele>
<time>2026-09-18T15:43:32Z</time>
<extensions>
<tp1:TrackPointExtension>
<tp1:hr>166</tp1:hr>
</tp1:TrackPointExtension>
</extensions>
</trkpt>
<trkpt lat="59.19169337" lon="17.61706028">
<ele>70.4</ele>
<time>2026-09-18T15:43:33Z</time>
<extensions>
<tp1:TrackPointExtension>
<tp1:hr>166</tp1:hr>
</tp1:TrackPointExtension>
</extensions>
</trkpt>
<trkpt lat="59.19171852" lon="17.61712063">
<ele>70.2</ele>
<time>2026-09-18T15:43:34Z</time>
<extensions>
<tp1:TrackPointExtension>
<tp1:hr>166</tp1:hr>
</tp1:TrackPointExtension>
</extensions>
</trkpt>
<trkpt lat="59.19175557" lon="17.61715651">
<ele>70.0</ele>
<time>2026-09-18T15:43:35Z</time>
<extensions>
<tp1:TrackPointExtension>
<tp1:hr>167</tp1:hr>
</tp1:TrackPointExtension>
</extensions>
</trkpt>
<trkpt lat="59.19178046" lon="17.61712784">
<ele>69.9</ele>
<time>2026-09-18T15:43:36Z</time>
<extensions>
<tp1:TrackPointExtension>
<tp1:hr>167</tp1:hr>
</tp1:TrackPointExtension>
</extensions>
</trkpt>
<trkpt lat="59.19180913" lon="17.61708451">
<ele>69.9</ele>
<time>2026-09-18T15:43:37Z</time>
<extensions>
<tp1:TrackPointExtension>
<tp1:hr>167</tp1:hr>
</tp1:TrackPointExtension>
</extensions>
</trkpt>
<trkpt lat="59.19183193" lon="17.61702617">
<ele>70.1</ele>
<time>2026-09-18T15:43:38Z</time>
<extensions>
<tp1:TrackPointExtension>
<tp1:hr>167</tp1:hr>
</tp1:TrackPointExtension>
</extensions>
</trkpt>
<trkpt lat="59.19186219" lon="17.61695836">
<ele>70.1</ele>
<time>2026-09-18T15:43:39Z</time>
<extensions>
<tp1:TrackPointExtension>
<tp1:hr>167</tp1:hr>
</tp1:TrackPointExtension>
</extensions>
</trkpt>
<trkpt lat="59.19188431" lon="17.6168939">
<ele>70.3</ele>
<time>2026-09-18T15:43:40Z</time>
<extensions>
<tp1:TrackPointExtension>
<tp1:hr>166</tp1:hr>
</tp1:TrackPointExtension>
</extensions>
</trkpt>
<trkpt lat="59.19191499" lon="17.61682341">
<ele>70.5</ele>
<time>2026-09-18T15:43:41Z</time>
<extensions>
<tp1:TrackPointExtension>
<tp1:hr>166</tp1:hr>
</tp1:TrackPointExtension>
</extensions>
</trkpt>
<trkpt lat="59.19194047" lon="17.61677127">
<ele>70.5</ele>
<time>2026-09-18T15:43:42Z</time>
<extensions>
<tp1:TrackPointExtension>
<tp1:hr>166</tp1:hr>
</tp1:TrackPointExtension>
</extensions>
</trkpt>
<trkpt lat="59.19196897" lon="17.61670623">
<ele>70.7</ele>
<time>2026-09-18T15:43:43Z</time>
<extensions>
<tp1:TrackPointExtension>
<tp1:hr>166</tp1:hr>
</tp1:TrackPointExtension>
</extensions>
</trkpt>
<trkpt lat="59.19199982" lon="17.61664026">
<ele>70.7</ele>
<time>2026-09-18T15:43:44Z</time>
<extensions>
<tp1:TrackPointExtension>
<tp1:hr>166</tp1:hr>
</tp1:TrackPointExtension>
</extensions>
</trkpt>
<trkpt lat="59.19202387" lon="17.61658159">
<ele>70.7</ele>
<time>2026-09-18T15:43:45Z</time>
<extensions>
<tp1:TrackPointExtension>
<tp1:hr>166</tp1:hr>
</tp1:TrackPointExtension>
</extensions>
</trkpt>
<trkpt lat="59.19206277" lon="17.61652518">
<ele>70.9</ele>
<time>2026-09-18T15:43:46Z</time>
<extensions>
<tp1:TrackPointExtension>
<tp1:hr>166</tp1:hr>
</tp1:TrackPointExtension>
</extensions>
</trkpt>
<trkpt lat="59.19208934" lon="17.61649065">
<ele>70.9</ele>
<time>2026-09-18T15:43:47Z</time>
<extensions>
<tp1:TrackPointExtension>
<tp1:hr>166</tp1:hr>
</tp1:TrackPointExtension>
</extensions>
</trkpt>
<trkpt lat="59.19213234" lon="17.61647849">
<ele>71.0</ele>
<time>2026-09-18T15:43:48Z</time>
<extensions>
<tp1:TrackPointExtension>
<tp1:hr>166</tp1:hr>
</tp1:TrackPointExtension>
</extensions>
</trkpt>
<trkpt lat="59.1921719" lon="17.61647615">
<ele>71.0</ele>
<time>2026-09-18T15:43:49Z</time>
<extensions>
<tp1:TrackPointExtension>
<tp1:hr>166</tp1:hr>
</tp1:TrackPointExtension>
</extensions>
</trkpt>
<trkpt lat="59.19220677" lon="17.61651873">
<ele>71.0</ele>
<time>2026-09-18T15:43:50Z</time>
<extensions>
<tp1:TrackPointExtension>
<tp1:hr>166</tp1:hr>
</tp1:TrackPointExtension>
</extensions>
</trkpt>
<trkpt lat="59.19223594" lon="17.61658352">
<ele>71.0</ele>
<time>2026-09-18T15:43:51Z</time>
<extensions>
<tp1:TrackPointExtension>
<tp1:hr>166</tp1:hr>
</tp1:TrackPointExtension>
</extensions>
</trkpt>
<trkpt lat="59.19226485" lon="17.61664848">
<ele>71.0</ele>
<time>2026-09-18T15:43:52Z</time>
<extensions>
<tp1:TrackPointExtension>
<tp1:hr>166</tp1:hr>
</tp1:TrackPointExtension>
</extensions>
</trkpt>
<trkpt lat="59.19229168" lon="17.61673062">
<ele>71.0</ele>
<time>2026-09-18T15:43:53Z</time>
<extensions>
<tp1:TrackPointExtension>
<tp1:hr>166</tp1:hr>
</tp1:TrackPointExtension>
</extensions>
</trkpt>
<trkpt lat="59.19231934" lon="17.61678594">
<ele>71.0</ele>
<time>2026-09-18T15:43:54Z</time>
<extensions>
<tp1:TrackPointExtension>
<tp1:hr>167</tp1:hr>
</tp1:TrackPointExtension>
</extensions>
</trkpt>
<trkpt lat="59.19235647" lon="17.61685501">
<ele>70.8</ele>
<time>2026-09-18T15:43:55Z</time>
<extensions>
<tp1:TrackPointExtension>
<tp1:hr>167</tp1:hr>
</tp1:TrackPointExtension>
</extensions>
</trkpt>
<trkpt lat="59.1923786" lon="17.61689826">
<ele>70.8</ele>
<time>2026-09-18T15:43:56Z</time>
<extensions>
<tp1:TrackPointExtension>
<tp1:hr>167</tp1:hr>
</tp1:TrackPointExtension>
</extensions>
</trkpt>
<trkpt lat="59.19239335" lon="17.61689038">
<ele>70.8</ele>
<time>2026-09-18T15:43:57Z</time>
<extensions>
<tp1:TrackPointExtension>
<tp1:hr>167</tp1:hr>
</tp1:TrackPointExtension>
</extensions>
</trkpt>
<trkpt lat="59.19239947" lon="17.61685434">
<ele>70.8</ele>
<time>2026-09-18T15:43:58Z</time>
<extensions>
<tp1:TrackPointExtension>
<tp1:hr>168</tp1:hr>
</tp1:TrackPointExtension>
</extensions>
</trkpt>
<trkpt lat="59.19239569" lon="17.61679759">
<ele>70.6</ele>
<time>2026-09-18T15:43:59Z</time>
<extensions>
<tp1:TrackPointExtension>
<tp1:hr>168</tp1:hr>
</tp1:TrackPointExtension>
</extensions>
</trkpt>
<trkpt lat="59.1923993" lon="17.61672308">
<ele>70.6</ele>
<time>2026-09-18T15:44:00Z</time>
<extensions>
<tp1:TrackPointExtension>
<tp1:hr>168</tp1:hr>
</tp1:TrackPointExtension>
</extensions>
</trkpt>
<trkpt lat="59.19239352" lon="17.6166458">
<ele>70.7</ele>
<time>2026-09-18T15:44:01Z</time>
<extensions>
<tp1:TrackPointExtension>
<tp1:hr>167</tp1:hr>
</tp1:TrackPointExtension>
</extensions>
</trkpt>
<trkpt lat="59.19238974" lon="17.61653591">
<ele>70.7</ele>
<time>2026-09-18T15:44:02Z</time>
<extensions>
<tp1:TrackPointExtension>
<tp1:hr>167</tp1:hr>
</tp1:TrackPointExtension>
</extensions>
</trkpt>
<trkpt lat="59.19238865" lon="17.61645326">
<ele>70.7</ele>
<time>2026-09-18T15:44:03Z</time>
<extensions>
<tp1:TrackPointExtension>
<tp1:hr>167</tp1:hr>
</tp1:TrackPointExtension>
</extensions>
</trkpt>
<trkpt lat="59.19239125" lon="17.61636366">
<ele>70.9</ele>
<time>2026-09-18T15:44:04Z</time>
<extensions>
<tp1:TrackPointExtension>
<tp1:hr>167</tp1:hr>
</tp1:TrackPointExtension>
</extensions>
</trkpt>
<trkpt lat="59.19240081" lon="17.61629485">
<ele>71.1</ele>
<time>2026-09-18T15:44:05Z</time>
<extensions>
<tp1:TrackPointExtension>
<tp1:hr>166</tp1:hr>
</tp1:TrackPointExtension>
</extensions>
</trkpt>
<trkpt lat="59.1924231" lon="17.61621865">
<ele>71.5</ele>
<time>2026-09-18T15:44:06Z</time>
<extensions>
<tp1:TrackPointExtension>
<tp1:hr>166</tp1:hr>
</tp1:TrackPointExtension>
</extensions>
</trkpt>
<trkpt lat="59.19244138" lon="17.61614942">
<ele>71.9</ele>
<time>2026-09-18T15:44:07Z</time>
<extensions>
<tp1:TrackPointExtension>
<tp1:hr>166</tp1:hr>
</tp1:TrackPointExtension>
</extensions>
</trkpt>
<trkpt lat="59.19246518" lon="17.61607834">
<ele>72.1</ele>
<time>2026-09-18T15:44:08Z</time>
<extensions>
<tp1:TrackPointExtension>
<tp1:hr>166</tp1:hr>
</tp1:TrackPointExtension>
</extensions>
</trkpt>
<trkpt lat="59.19249083" lon="17.61601053">
<ele>72.7</ele>
<time>2026-09-18T15:44:09Z</time>
<extensions>
<tp1:TrackPointExtension>
<tp1:hr>166</tp1:hr>
</tp1:TrackPointExtension>
</extensions>
</trkpt>
<trkpt lat="59.19250072" lon="17.61595253">
<ele>73.1</ele>
<time>2026-09-18T15:44:10Z</time>
<extensions>
<tp1:TrackPointExtension>
<tp1:hr>167</tp1:hr>
</tp1:TrackPointExtension>
</extensions>
</trkpt>
<trkpt lat="59.19249812" lon="17.61589">
<ele>73.5</ele>
<time>2026-09-18T15:44:11Z</time>
<extensions>
<tp1:TrackPointExtension>
<tp1:hr>167</tp1:hr>
</tp1:TrackPointExtension>
</extensions>
</trkpt>
<trkpt lat="59.19248454" lon="17.61586293">
<ele>73.9</ele>
<time>2026-09-18T15:44:12Z</time>
<extensions>
<tp1:TrackPointExtension>
<tp1:hr>167</tp1:hr>
</tp1:TrackPointExtension>
</extensions>
</trkpt>
<trkpt lat="59.19245462" lon="17.61579956">
<ele>74.3</ele>
<time>2026-09-18T15:44:13Z</time>
<extensions>
<tp1:TrackPointExtension>
<tp1:hr>168</tp1:hr>
</tp1:TrackPointExtension>
</extensions>
</trkpt>
<trkpt lat="59.19242394" lon="17.61578053">
<ele>75.0</ele>
<time>2026-09-18T15:44:14Z</time>
<extensions>
<tp1:TrackPointExtension>
<tp1:hr>168</tp1:hr>
</tp1:TrackPointExtension>
</extensions>
</trkpt>
<trkpt lat="59.19238287" lon="17.6157667">
<ele>75.4</ele>
<time>2026-09-18T15:44:15Z</time>
<extensions>
<tp1:TrackPointExtension>
<tp1:hr>168</tp1:hr>
</tp1:TrackPointExtension>
</extensions>
</trkpt>
<trkpt lat="59.19234264" lon="17.61576419">
<ele>75.6</ele>
<time>2026-09-18T15:44:16Z</time>
<extensions>
<tp1:TrackPointExtension>
<tp1:hr>168</tp1:hr>
</tp1:TrackPointExtension>
</extensions>
</trkpt>
<trkpt lat="59.1923112" lon="17.61578581">
<ele>75.4</ele>
<time>2026-09-18T15:44:17Z</time>
<extensions>
<tp1:TrackPointExtension>
<tp1:hr>169</tp1:hr>
</tp1:TrackPointExtension>
</extensions>
</trkpt>
<trkpt lat="59.19226703" lon="17.61579403">
<ele>75.4</ele>
<time>2026-09-18T15:44:18Z</time>
<extensions>
<tp1:TrackPointExtension>
<tp1:hr>169</tp1:hr>
</tp1:TrackPointExtension>
</extensions>
</trkpt>
<trkpt lat="59.19223342" lon="17.61580233">
<ele>75.2</ele>
<time>2026-09-18T15:44:19Z</time>
<extensions>
<tp1:TrackPointExtension>
<tp1:hr>170</tp1:hr>
</tp1:TrackPointExtension>
</extensions>
</trkpt>
<trkpt lat="59.19218481" lon="17.6157973">
<ele>75.0</ele>
<time>2026-09-18T15:44:20Z</time>
<extensions>
<tp1:TrackPointExtension>
<tp1:hr>170</tp1:hr>
</tp1:TrackPointExtension>
</extensions>
</trkpt>
<trkpt lat="59.19214256" lon="17.61577249">
<ele>74.8</ele>
<time>2026-09-18T15:44:21Z</time>
<extensions>
<tp1:TrackPointExtension>
<tp1:hr>170</tp1:hr>
</tp1:TrackPointExtension>
</extensions>
</trkpt>
<trkpt lat="59.19210878" lon="17.61574617">
<ele>74.8</ele>
<time>2026-09-18T15:44:22Z</time>
<extensions>
<tp1:TrackPointExtension>
<tp1:hr>171</tp1:hr>
</tp1:TrackPointExtension>
</extensions>
</trkpt>
<trkpt lat="59.19208121" lon="17.61570082">
<ele>74.4</ele>
<time>2026-09-18T15:44:23Z</time>
<extensions>
<tp1:TrackPointExtension>
<tp1:hr>171</tp1:hr>
</tp1:TrackPointExtension>
</extensions>
</trkpt>
<trkpt lat="59.19206528" lon="17.61564651">
<ele>74.2</ele>
<time>2026-09-18T15:44:24Z</time>
<extensions>
<tp1:TrackPointExtension>
<tp1:hr>172</tp1:hr>
</tp1:TrackPointExtension>
</extensions>
</trkpt>
<trkpt lat="59.19207727" lon="17.61558926">
<ele>74.0</ele>
<time>2026-09-18T15:44:25Z</time>
<extensions>
<tp1:TrackPointExtension>
<tp1:hr>172</tp1:hr>
</tp1:TrackPointExtension>
</extensions>
</trkpt>
<trkpt lat="59.19209805" lon="17.61551474">
<ele>73.5</ele>
<time>2026-09-18T15:44:26Z</time>
<extensions>
<tp1:TrackPointExtension>
<tp1:hr>172</tp1:hr>
</tp1:TrackPointExtension>
</extensions>
</trkpt>
<trkpt lat="59.19211909" lon="17.61544576">
<ele>73.3</ele>
<time>2026-09-18T15:44:27Z</time>
<extensions>
<tp1:TrackPointExtension>
<tp1:hr>172</tp1:hr>
</tp1:TrackPointExtension>
</extensions>
</trkpt>
<trkpt lat="59.19215597" lon="17.61534845">
<ele>73.1</ele>
<time>2026-09-18T15:44:28Z</time>
<extensions>
<tp1:TrackPointExtension>
<tp1:hr>172</tp1:hr>
</tp1:TrackPointExtension>
</extensions>
</trkpt>
<trkpt lat="59.19219285" lon="17.61526446">
<ele>72.9</ele>
<time>2026-09-18T15:44:29Z</time>
<extensions>
<tp1:TrackPointExtension>
<tp1:hr>172</tp1:hr>
</tp1:TrackPointExtension>
</extensions>
</trkpt>
<trkpt lat="59.19223518" lon="17.61516899">
<ele>72.9</ele>
<time>2026-09-18T15:44:30Z</time>
<extensions>
<tp1:TrackPointExtension>
<tp1:hr>173</tp1:hr>
</tp1:TrackPointExtension>
</extensions>
</trkpt>
<trkpt lat="59.19226728" lon="17.61507151">
<ele>72.9</ele>
<time>2026-09-18T15:44:31Z</time>
<extensions>
<tp1:TrackPointExtension>
<tp1:hr>173</tp1:hr>
</tp1:TrackPointExtension>
</extensions>
</trkpt>
<trkpt lat="59.19230483" lon="17.61497512">
<ele>72.9</ele>
<time>2026-09-18T15:44:32Z</time>
<extensions>
<tp1:TrackPointExtension>
<tp1:hr>173</tp1:hr>
</tp1:TrackPointExtension>
</extensions>
</trkpt>
<trkpt lat="59.19234113" lon="17.61487772">
<ele>72.7</ele>
<time>2026-09-18T15:44:33Z</time>
<extensions>
<tp1:TrackPointExtension>
<tp1:hr>173</tp1:hr>
</tp1:TrackPointExtension>
</extensions>
</trkpt>
<trkpt lat="59.19237885" lon="17.61477353">
<ele>72.9</ele>
<time>2026-09-18T15:44:34Z</time>
<extensions>
<tp1:TrackPointExtension>
<tp1:hr>174</tp1:hr>
</tp1:TrackPointExtension>
</extensions>
</trkpt>
<trkpt lat="59.19240064" lon="17.61472684">
<ele>72.7</ele>
<time>2026-09-18T15:44:35Z</time>
<extensions>
<tp1:TrackPointExtension>
<tp1:hr>174</tp1:hr>
</tp1:TrackPointExtension>
</extensions>
</trkpt>
<trkpt lat="59.1924252" lon="17.61468435">
<ele>72.7</ele>
<time>2026-09-18T15:44:36Z</time>
<extensions>
<tp1:TrackPointExtension>
<tp1:hr>174</tp1:hr>
</tp1:TrackPointExtension>
</extensions>
</trkpt>
</trkseg>
</trk>
</gpx>

