<?xml version="1.0" encoding="UTF-8" ?>
<gpx xmlns="http://www.topografix.com/GPX/1/1" version="1.1" creator="Attackpoint - http://www.attackpoint.org" xmlns:xsi="http://www.w3.org/2001/XMLSchema-instance" xmlns:tp1="http://www.garmin.com/xmlschemas/TrackPointExtension/v1" xsi:schemaLocation="http://www.topografix.com/GPX/1/1 http://www.topografix.com/GPX/1/1/gpx.xsd http://www.garmin.com/xmlschemas/TrackPointExtension/v1 http://www.garmin.com/xmlschemas/TrackPointExtensionv1.xsd">
<trk>
<trkseg>
<trkpt lat="58.24738649" lon="15.27522518">
<ele>128.1</ele>
<time>2026-09-06T09:48:03Z</time>
<extensions>
<tp1:TrackPointExtension>
<tp1:hr>83</tp1:hr>
</tp1:TrackPointExtension>
</extensions>
</trkpt>
<trkpt lat="58.24738129" lon="15.27521286">
<ele>128.1</ele>
<time>2026-09-06T09:48:04Z</time>
<extensions>
<tp1:TrackPointExtension>
<tp1:hr>84</tp1:hr>
</tp1:TrackPointExtension>
</extensions>
</trkpt>
<trkpt lat="58.24736679" lon="15.27526651">
<ele>128.1</ele>
<time>2026-09-06T09:48:05Z</time>
<extensions>
<tp1:TrackPointExtension>
<tp1:hr>84</tp1:hr>
</tp1:TrackPointExtension>
</extensions>
</trkpt>
<trkpt lat="58.24734684" lon="15.27533113">
<ele>127.9</ele>
<time>2026-09-06T09:48:06Z</time>
<extensions>
<tp1:TrackPointExtension>
<tp1:hr>85</tp1:hr>
</tp1:TrackPointExtension>
</extensions>
</trkpt>
<trkpt lat="58.24733167" lon="15.27541093">
<ele>127.9</ele>
<time>2026-09-06T09:48:07Z</time>
<extensions>
<tp1:TrackPointExtension>
<tp1:hr>86</tp1:hr>
</tp1:TrackPointExtension>
</extensions>
</trkpt>
<trkpt lat="58.24731918" lon="15.27550966">
<ele>127.5</ele>
<time>2026-09-06T09:48:08Z</time>
<extensions>
<tp1:TrackPointExtension>
<tp1:hr>88</tp1:hr>
</tp1:TrackPointExtension>
</extensions>
</trkpt>
<trkpt lat="58.24731449" lon="15.27559801">
<ele>127.3</ele>
<time>2026-09-06T09:48:09Z</time>
<extensions>
<tp1:TrackPointExtension>
<tp1:hr>89</tp1:hr>
</tp1:TrackPointExtension>
</extensions>
</trkpt>
<trkpt lat="58.24730686" lon="15.2756944">
<ele>127.3</ele>
<time>2026-09-06T09:48:10Z</time>
<extensions>
<tp1:TrackPointExtension>
<tp1:hr>90</tp1:hr>
</tp1:TrackPointExtension>
</extensions>
</trkpt>
<trkpt lat="58.2473113" lon="15.27578082">
<ele>127.3</ele>
<time>2026-09-06T09:48:11Z</time>
<extensions>
<tp1:TrackPointExtension>
<tp1:hr>90</tp1:hr>
</tp1:TrackPointExtension>
</extensions>
</trkpt>
<trkpt lat="58.24730963" lon="15.27587495">
<ele>127.3</ele>
<time>2026-09-06T09:48:12Z</time>
<extensions>
<tp1:TrackPointExtension>
<tp1:hr>91</tp1:hr>
</tp1:TrackPointExtension>
</extensions>
</trkpt>
<trkpt lat="58.24730971" lon="15.27596111">
<ele>127.3</ele>
<time>2026-09-06T09:48:13Z</time>
<extensions>
<tp1:TrackPointExtension>
<tp1:hr>91</tp1:hr>
</tp1:TrackPointExtension>
</extensions>
</trkpt>
<trkpt lat="58.24730988" lon="15.27605725">
<ele>127.5</ele>
<time>2026-09-06T09:48:14Z</time>
<extensions>
<tp1:TrackPointExtension>
<tp1:hr>92</tp1:hr>
</tp1:TrackPointExtension>
</extensions>
</trkpt>
<trkpt lat="58.24731046" lon="15.27614065">
<ele>127.5</ele>
<time>2026-09-06T09:48:15Z</time>
<extensions>
<tp1:TrackPointExtension>
<tp1:hr>93</tp1:hr>
</tp1:TrackPointExtension>
</extensions>
</trkpt>
<trkpt lat="58.24731776" lon="15.27621165">
<ele>127.7</ele>
<time>2026-09-06T09:48:16Z</time>
<extensions>
<tp1:TrackPointExtension>
<tp1:hr>94</tp1:hr>
</tp1:TrackPointExtension>
</extensions>
</trkpt>
<trkpt lat="58.24731977" lon="15.2763036">
<ele>127.7</ele>
<time>2026-09-06T09:48:17Z</time>
<extensions>
<tp1:TrackPointExtension>
<tp1:hr>95</tp1:hr>
</tp1:TrackPointExtension>
</extensions>
</trkpt>
<trkpt lat="58.24732815" lon="15.27636881">
<ele>127.7</ele>
<time>2026-09-06T09:48:18Z</time>
<extensions>
<tp1:TrackPointExtension>
<tp1:hr>96</tp1:hr>
</tp1:TrackPointExtension>
</extensions>
</trkpt>
<trkpt lat="58.24734282" lon="15.27644039">
<ele>127.9</ele>
<time>2026-09-06T09:48:19Z</time>
<extensions>
<tp1:TrackPointExtension>
<tp1:hr>96</tp1:hr>
</tp1:TrackPointExtension>
</extensions>
</trkpt>
<trkpt lat="58.24735765" lon="15.27649756">
<ele>128.1</ele>
<time>2026-09-06T09:48:20Z</time>
<extensions>
<tp1:TrackPointExtension>
<tp1:hr>97</tp1:hr>
</tp1:TrackPointExtension>
</extensions>
</trkpt>
<trkpt lat="58.24737769" lon="15.27656671">
<ele>128.5</ele>
<time>2026-09-06T09:48:21Z</time>
<extensions>
<tp1:TrackPointExtension>
<tp1:hr>98</tp1:hr>
</tp1:TrackPointExtension>
</extensions>
</trkpt>
<trkpt lat="58.24739646" lon="15.27662924">
<ele>128.5</ele>
<time>2026-09-06T09:48:22Z</time>
<extensions>
<tp1:TrackPointExtension>
<tp1:hr>98</tp1:hr>
</tp1:TrackPointExtension>
</extensions>
</trkpt>
<trkpt lat="58.24741817" lon="15.27670098">
<ele>128.9</ele>
<time>2026-09-06T09:48:23Z</time>
<extensions>
<tp1:TrackPointExtension>
<tp1:hr>99</tp1:hr>
</tp1:TrackPointExtension>
</extensions>
</trkpt>
<trkpt lat="58.24743812" lon="15.27675765">
<ele>128.9</ele>
<time>2026-09-06T09:48:24Z</time>
<extensions>
<tp1:TrackPointExtension>
<tp1:hr>100</tp1:hr>
</tp1:TrackPointExtension>
</extensions>
</trkpt>
<trkpt lat="58.24746092" lon="15.27683585">
<ele>129.1</ele>
<time>2026-09-06T09:48:25Z</time>
<extensions>
<tp1:TrackPointExtension>
<tp1:hr>101</tp1:hr>
</tp1:TrackPointExtension>
</extensions>
</trkpt>
<trkpt lat="58.2474828" lon="15.27688798">
<ele>129.3</ele>
<time>2026-09-06T09:48:26Z</time>
<extensions>
<tp1:TrackPointExtension>
<tp1:hr>102</tp1:hr>
</tp1:TrackPointExtension>
</extensions>
</trkpt>
<trkpt lat="58.24750928" lon="15.27695512">
<ele>129.5</ele>
<time>2026-09-06T09:48:27Z</time>
<extensions>
<tp1:TrackPointExtension>
<tp1:hr>102</tp1:hr>
</tp1:TrackPointExtension>
</extensions>
</trkpt>
<trkpt lat="58.24753284" lon="15.27701497">
<ele>129.9</ele>
<time>2026-09-06T09:48:28Z</time>
<extensions>
<tp1:TrackPointExtension>
<tp1:hr>103</tp1:hr>
</tp1:TrackPointExtension>
</extensions>
</trkpt>
<trkpt lat="58.24756058" lon="15.2770894">
<ele>130.1</ele>
<time>2026-09-06T09:48:29Z</time>
<extensions>
<tp1:TrackPointExtension>
<tp1:hr>104</tp1:hr>
</tp1:TrackPointExtension>
</extensions>
</trkpt>
<trkpt lat="58.24758447" lon="15.27713592">
<ele>130.5</ele>
<time>2026-09-06T09:48:30Z</time>
<extensions>
<tp1:TrackPointExtension>
<tp1:hr>104</tp1:hr>
</tp1:TrackPointExtension>
</extensions>
</trkpt>
<trkpt lat="58.2476123" lon="15.2771873">
<ele>130.9</ele>
<time>2026-09-06T09:48:31Z</time>
<extensions>
<tp1:TrackPointExtension>
<tp1:hr>105</tp1:hr>
</tp1:TrackPointExtension>
</extensions>
</trkpt>
<trkpt lat="58.24764524" lon="15.2772298">
<ele>131.3</ele>
<time>2026-09-06T09:48:32Z</time>
<extensions>
<tp1:TrackPointExtension>
<tp1:hr>106</tp1:hr>
</tp1:TrackPointExtension>
</extensions>
</trkpt>
<trkpt lat="58.24767675" lon="15.27726953">
<ele>131.7</ele>
<time>2026-09-06T09:48:33Z</time>
<extensions>
<tp1:TrackPointExtension>
<tp1:hr>107</tp1:hr>
</tp1:TrackPointExtension>
</extensions>
</trkpt>
<trkpt lat="58.24771171" lon="15.27732477">
<ele>132.1</ele>
<time>2026-09-06T09:48:34Z</time>
<extensions>
<tp1:TrackPointExtension>
<tp1:hr>108</tp1:hr>
</tp1:TrackPointExtension>
</extensions>
</trkpt>
<trkpt lat="58.24774163" lon="15.27735553">
<ele>132.3</ele>
<time>2026-09-06T09:48:35Z</time>
<extensions>
<tp1:TrackPointExtension>
<tp1:hr>109</tp1:hr>
</tp1:TrackPointExtension>
</extensions>
</trkpt>
<trkpt lat="58.24777474" lon="15.27738989">
<ele>132.7</ele>
<time>2026-09-06T09:48:36Z</time>
<extensions>
<tp1:TrackPointExtension>
<tp1:hr>109</tp1:hr>
</tp1:TrackPointExtension>
</extensions>
</trkpt>
<trkpt lat="58.2478065" lon="15.27739643">
<ele>132.9</ele>
<time>2026-09-06T09:48:37Z</time>
<extensions>
<tp1:TrackPointExtension>
<tp1:hr>110</tp1:hr>
</tp1:TrackPointExtension>
</extensions>
</trkpt>
<trkpt lat="58.24784104" lon="15.27741454">
<ele>132.9</ele>
<time>2026-09-06T09:48:38Z</time>
<extensions>
<tp1:TrackPointExtension>
<tp1:hr>110</tp1:hr>
</tp1:TrackPointExtension>
</extensions>
</trkpt>
<trkpt lat="58.24787281" lon="15.27743029">
<ele>133.3</ele>
<time>2026-09-06T09:48:39Z</time>
<extensions>
<tp1:TrackPointExtension>
<tp1:hr>111</tp1:hr>
</tp1:TrackPointExtension>
</extensions>
</trkpt>
<trkpt lat="58.24790759" lon="15.27744689">
<ele>133.5</ele>
<time>2026-09-06T09:48:40Z</time>
<extensions>
<tp1:TrackPointExtension>
<tp1:hr>111</tp1:hr>
</tp1:TrackPointExtension>
</extensions>
</trkpt>
<trkpt lat="58.24793542" lon="15.27748595">
<ele>133.7</ele>
<time>2026-09-06T09:48:41Z</time>
<extensions>
<tp1:TrackPointExtension>
<tp1:hr>111</tp1:hr>
</tp1:TrackPointExtension>
</extensions>
</trkpt>
<trkpt lat="58.24795369" lon="15.27753775">
<ele>133.9</ele>
<time>2026-09-06T09:48:42Z</time>
<extensions>
<tp1:TrackPointExtension>
<tp1:hr>111</tp1:hr>
</tp1:TrackPointExtension>
</extensions>
</trkpt>
<trkpt lat="58.24796517" lon="15.27760497">
<ele>134.3</ele>
<time>2026-09-06T09:48:43Z</time>
<extensions>
<tp1:TrackPointExtension>
<tp1:hr>112</tp1:hr>
</tp1:TrackPointExtension>
</extensions>
</trkpt>
<trkpt lat="58.24797221" lon="15.27768016">
<ele>134.3</ele>
<time>2026-09-06T09:48:44Z</time>
<extensions>
<tp1:TrackPointExtension>
<tp1:hr>111</tp1:hr>
</tp1:TrackPointExtension>
</extensions>
</trkpt>
<trkpt lat="58.24797423" lon="15.27774855">
<ele>134.1</ele>
<time>2026-09-06T09:48:45Z</time>
<extensions>
<tp1:TrackPointExtension>
<tp1:hr>111</tp1:hr>
</tp1:TrackPointExtension>
</extensions>
</trkpt>
<trkpt lat="58.24796107" lon="15.27781561">
<ele>133.8</ele>
<time>2026-09-06T09:48:46Z</time>
<extensions>
<tp1:TrackPointExtension>
<tp1:hr>112</tp1:hr>
</tp1:TrackPointExtension>
</extensions>
</trkpt>
<trkpt lat="58.24795662" lon="15.27789247">
<ele>133.4</ele>
<time>2026-09-06T09:48:47Z</time>
<extensions>
<tp1:TrackPointExtension>
<tp1:hr>113</tp1:hr>
</tp1:TrackPointExtension>
</extensions>
</trkpt>
<trkpt lat="58.24794615" lon="15.27798417">
<ele>133.0</ele>
<time>2026-09-06T09:48:48Z</time>
<extensions>
<tp1:TrackPointExtension>
<tp1:hr>114</tp1:hr>
</tp1:TrackPointExtension>
</extensions>
</trkpt>
<trkpt lat="58.24792209" lon="15.2780793">
<ele>132.8</ele>
<time>2026-09-06T09:48:49Z</time>
<extensions>
<tp1:TrackPointExtension>
<tp1:hr>115</tp1:hr>
</tp1:TrackPointExtension>
</extensions>
</trkpt>
<trkpt lat="58.24789845" lon="15.27814401">
<ele>132.6</ele>
<time>2026-09-06T09:48:50Z</time>
<extensions>
<tp1:TrackPointExtension>
<tp1:hr>116</tp1:hr>
</tp1:TrackPointExtension>
</extensions>
</trkpt>
<trkpt lat="58.24787331" lon="15.27821274">
<ele>132.2</ele>
<time>2026-09-06T09:48:51Z</time>
<extensions>
<tp1:TrackPointExtension>
<tp1:hr>117</tp1:hr>
</tp1:TrackPointExtension>
</extensions>
</trkpt>
<trkpt lat="58.24785663" lon="15.2782829">
<ele>132.0</ele>
<time>2026-09-06T09:48:52Z</time>
<extensions>
<tp1:TrackPointExtension>
<tp1:hr>118</tp1:hr>
</tp1:TrackPointExtension>
</extensions>
</trkpt>
<trkpt lat="58.24784112" lon="15.27837091">
<ele>131.6</ele>
<time>2026-09-06T09:48:53Z</time>
<extensions>
<tp1:TrackPointExtension>
<tp1:hr>119</tp1:hr>
</tp1:TrackPointExtension>
</extensions>
</trkpt>
<trkpt lat="58.24783844" lon="15.27844149">
<ele>131.2</ele>
<time>2026-09-06T09:48:54Z</time>
<extensions>
<tp1:TrackPointExtension>
<tp1:hr>120</tp1:hr>
</tp1:TrackPointExtension>
</extensions>
</trkpt>
<trkpt lat="58.24783844" lon="15.27852128">
<ele>131.0</ele>
<time>2026-09-06T09:48:55Z</time>
<extensions>
<tp1:TrackPointExtension>
<tp1:hr>122</tp1:hr>
</tp1:TrackPointExtension>
</extensions>
</trkpt>
<trkpt lat="58.24783995" lon="15.2785927">
<ele>130.8</ele>
<time>2026-09-06T09:48:56Z</time>
<extensions>
<tp1:TrackPointExtension>
<tp1:hr>123</tp1:hr>
</tp1:TrackPointExtension>
</extensions>
</trkpt>
<trkpt lat="58.24784582" lon="15.2786626">
<ele>130.8</ele>
<time>2026-09-06T09:48:57Z</time>
<extensions>
<tp1:TrackPointExtension>
<tp1:hr>125</tp1:hr>
</tp1:TrackPointExtension>
</extensions>
</trkpt>
<trkpt lat="58.2478433" lon="15.27874131">
<ele>130.6</ele>
<time>2026-09-06T09:48:58Z</time>
<extensions>
<tp1:TrackPointExtension>
<tp1:hr>126</tp1:hr>
</tp1:TrackPointExtension>
</extensions>
</trkpt>
<trkpt lat="58.2478407" lon="15.27880811">
<ele>130.4</ele>
<time>2026-09-06T09:48:59Z</time>
<extensions>
<tp1:TrackPointExtension>
<tp1:hr>127</tp1:hr>
</tp1:TrackPointExtension>
</extensions>
</trkpt>
<trkpt lat="58.24783299" lon="15.27886729">
<ele>130.4</ele>
<time>2026-09-06T09:49:00Z</time>
<extensions>
<tp1:TrackPointExtension>
<tp1:hr>129</tp1:hr>
</tp1:TrackPointExtension>
</extensions>
</trkpt>
<trkpt lat="58.2478169" lon="15.27894448">
<ele>130.4</ele>
<time>2026-09-06T09:49:01Z</time>
<extensions>
<tp1:TrackPointExtension>
<tp1:hr>130</tp1:hr>
</tp1:TrackPointExtension>
</extensions>
</trkpt>
<trkpt lat="58.24779703" lon="15.278991">
<ele>130.2</ele>
<time>2026-09-06T09:49:02Z</time>
<extensions>
<tp1:TrackPointExtension>
<tp1:hr>131</tp1:hr>
</tp1:TrackPointExtension>
</extensions>
</trkpt>
<trkpt lat="58.24777356" lon="15.27907533">
<ele>130.2</ele>
<time>2026-09-06T09:49:03Z</time>
<extensions>
<tp1:TrackPointExtension>
<tp1:hr>132</tp1:hr>
</tp1:TrackPointExtension>
</extensions>
</trkpt>
<trkpt lat="58.24776518" lon="15.27914766">
<ele>130.0</ele>
<time>2026-09-06T09:49:04Z</time>
<extensions>
<tp1:TrackPointExtension>
<tp1:hr>133</tp1:hr>
</tp1:TrackPointExtension>
</extensions>
</trkpt>
<trkpt lat="58.24776099" lon="15.27923056">
<ele>129.6</ele>
<time>2026-09-06T09:49:05Z</time>
<extensions>
<tp1:TrackPointExtension>
<tp1:hr>134</tp1:hr>
</tp1:TrackPointExtension>
</extensions>
</trkpt>
<trkpt lat="58.24775118" lon="15.27929787">
<ele>129.2</ele>
<time>2026-09-06T09:49:06Z</time>
<extensions>
<tp1:TrackPointExtension>
<tp1:hr>135</tp1:hr>
</tp1:TrackPointExtension>
</extensions>
</trkpt>
<trkpt lat="58.2477459" lon="15.27937355">
<ele>128.8</ele>
<time>2026-09-06T09:49:07Z</time>
<extensions>
<tp1:TrackPointExtension>
<tp1:hr>136</tp1:hr>
</tp1:TrackPointExtension>
</extensions>
</trkpt>
<trkpt lat="58.24773719" lon="15.27945503">
<ele>128.6</ele>
<time>2026-09-06T09:49:08Z</time>
<extensions>
<tp1:TrackPointExtension>
<tp1:hr>137</tp1:hr>
</tp1:TrackPointExtension>
</extensions>
</trkpt>
<trkpt lat="58.24773098" lon="15.27952988">
<ele>128.4</ele>
<time>2026-09-06T09:49:09Z</time>
<extensions>
<tp1:TrackPointExtension>
<tp1:hr>138</tp1:hr>
</tp1:TrackPointExtension>
</extensions>
</trkpt>
<trkpt lat="58.24772344" lon="15.27960766">
<ele>128.4</ele>
<time>2026-09-06T09:49:10Z</time>
<extensions>
<tp1:TrackPointExtension>
<tp1:hr>138</tp1:hr>
</tp1:TrackPointExtension>
</extensions>
</trkpt>
<trkpt lat="58.24772042" lon="15.27967304">
<ele>128.2</ele>
<time>2026-09-06T09:49:11Z</time>
<extensions>
<tp1:TrackPointExtension>
<tp1:hr>139</tp1:hr>
</tp1:TrackPointExtension>
</extensions>
</trkpt>
<trkpt lat="58.24771992" lon="15.2797577">
<ele>128.4</ele>
<time>2026-09-06T09:49:12Z</time>
<extensions>
<tp1:TrackPointExtension>
<tp1:hr>139</tp1:hr>
</tp1:TrackPointExtension>
</extensions>
</trkpt>
<trkpt lat="58.24773375" lon="15.27980782">
<ele>128.4</ele>
<time>2026-09-06T09:49:13Z</time>
<extensions>
<tp1:TrackPointExtension>
<tp1:hr>140</tp1:hr>
</tp1:TrackPointExtension>
</extensions>
</trkpt>
<trkpt lat="58.24773023" lon="15.27989524">
<ele>128.6</ele>
<time>2026-09-06T09:49:14Z</time>
<extensions>
<tp1:TrackPointExtension>
<tp1:hr>141</tp1:hr>
</tp1:TrackPointExtension>
</extensions>
</trkpt>
<trkpt lat="58.24772361" lon="15.27996096">
<ele>128.8</ele>
<time>2026-09-06T09:49:15Z</time>
<extensions>
<tp1:TrackPointExtension>
<tp1:hr>141</tp1:hr>
</tp1:TrackPointExtension>
</extensions>
</trkpt>
<trkpt lat="58.24771774" lon="15.28002818">
<ele>129.4</ele>
<time>2026-09-06T09:49:16Z</time>
<extensions>
<tp1:TrackPointExtension>
<tp1:hr>142</tp1:hr>
</tp1:TrackPointExtension>
</extensions>
</trkpt>
<trkpt lat="58.24771363" lon="15.28008945">
<ele>129.6</ele>
<time>2026-09-06T09:49:17Z</time>
<extensions>
<tp1:TrackPointExtension>
<tp1:hr>142</tp1:hr>
</tp1:TrackPointExtension>
</extensions>
</trkpt>
<trkpt lat="58.24771338" lon="15.28014394">
<ele>130.0</ele>
<time>2026-09-06T09:49:18Z</time>
<extensions>
<tp1:TrackPointExtension>
<tp1:hr>143</tp1:hr>
</tp1:TrackPointExtension>
</extensions>
</trkpt>
<trkpt lat="58.24770156" lon="15.28019532">
<ele>130.2</ele>
<time>2026-09-06T09:49:19Z</time>
<extensions>
<tp1:TrackPointExtension>
<tp1:hr>143</tp1:hr>
</tp1:TrackPointExtension>
</extensions>
</trkpt>
<trkpt lat="58.24770098" lon="15.28025835">
<ele>130.4</ele>
<time>2026-09-06T09:49:20Z</time>
<extensions>
<tp1:TrackPointExtension>
<tp1:hr>144</tp1:hr>
</tp1:TrackPointExtension>
</extensions>
</trkpt>
<trkpt lat="58.24768337" lon="15.28032524">
<ele>130.6</ele>
<time>2026-09-06T09:49:21Z</time>
<extensions>
<tp1:TrackPointExtension>
<tp1:hr>144</tp1:hr>
</tp1:TrackPointExtension>
</extensions>
</trkpt>
<trkpt lat="58.24765538" lon="15.28040067">
<ele>130.8</ele>
<time>2026-09-06T09:49:22Z</time>
<extensions>
<tp1:TrackPointExtension>
<tp1:hr>145</tp1:hr>
</tp1:TrackPointExtension>
</extensions>
</trkpt>
<trkpt lat="58.24763551" lon="15.28044434">
<ele>131.0</ele>
<time>2026-09-06T09:49:23Z</time>
<extensions>
<tp1:TrackPointExtension>
<tp1:hr>145</tp1:hr>
</tp1:TrackPointExtension>
</extensions>
</trkpt>
<trkpt lat="58.24759855" lon="15.28049497">
<ele>131.0</ele>
<time>2026-09-06T09:49:24Z</time>
<extensions>
<tp1:TrackPointExtension>
<tp1:hr>146</tp1:hr>
</tp1:TrackPointExtension>
</extensions>
</trkpt>
<trkpt lat="58.24756234" lon="15.28052783">
<ele>131.2</ele>
<time>2026-09-06T09:49:25Z</time>
<extensions>
<tp1:TrackPointExtension>
<tp1:hr>148</tp1:hr>
</tp1:TrackPointExtension>
</extensions>
</trkpt>
<trkpt lat="58.24753418" lon="15.28055188">
<ele>131.0</ele>
<time>2026-09-06T09:49:26Z</time>
<extensions>
<tp1:TrackPointExtension>
<tp1:hr>149</tp1:hr>
</tp1:TrackPointExtension>
</extensions>
</trkpt>
<trkpt lat="58.24750115" lon="15.28060377">
<ele>131.0</ele>
<time>2026-09-06T09:49:27Z</time>
<extensions>
<tp1:TrackPointExtension>
<tp1:hr>150</tp1:hr>
</tp1:TrackPointExtension>
</extensions>
</trkpt>
<trkpt lat="58.24747643" lon="15.2806528">
<ele>130.8</ele>
<time>2026-09-06T09:49:28Z</time>
<extensions>
<tp1:TrackPointExtension>
<tp1:hr>151</tp1:hr>
</tp1:TrackPointExtension>
</extensions>
</trkpt>
<trkpt lat="58.24744935" lon="15.28071684">
<ele>130.6</ele>
<time>2026-09-06T09:49:29Z</time>
<extensions>
<tp1:TrackPointExtension>
<tp1:hr>151</tp1:hr>
</tp1:TrackPointExtension>
</extensions>
</trkpt>
<trkpt lat="58.24742605" lon="15.28077291">
<ele>130.4</ele>
<time>2026-09-06T09:49:30Z</time>
<extensions>
<tp1:TrackPointExtension>
<tp1:hr>152</tp1:hr>
</tp1:TrackPointExtension>
</extensions>
</trkpt>
<trkpt lat="58.24740644" lon="15.28082304">
<ele>130.4</ele>
<time>2026-09-06T09:49:31Z</time>
<extensions>
<tp1:TrackPointExtension>
<tp1:hr>152</tp1:hr>
</tp1:TrackPointExtension>
</extensions>
</trkpt>
<trkpt lat="58.24738833" lon="15.28087936">
<ele>130.2</ele>
<time>2026-09-06T09:49:32Z</time>
<extensions>
<tp1:TrackPointExtension>
<tp1:hr>153</tp1:hr>
</tp1:TrackPointExtension>
</extensions>
</trkpt>
<trkpt lat="58.24736671" lon="15.28095497">
<ele>130.0</ele>
<time>2026-09-06T09:49:33Z</time>
<extensions>
<tp1:TrackPointExtension>
<tp1:hr>154</tp1:hr>
</tp1:TrackPointExtension>
</extensions>
</trkpt>
<trkpt lat="58.24735975" lon="15.28102739">
<ele>129.8</ele>
<time>2026-09-06T09:49:34Z</time>
<extensions>
<tp1:TrackPointExtension>
<tp1:hr>154</tp1:hr>
</tp1:TrackPointExtension>
</extensions>
</trkpt>
<trkpt lat="58.24735531" lon="15.28108866">
<ele>129.6</ele>
<time>2026-09-06T09:49:35Z</time>
<extensions>
<tp1:TrackPointExtension>
<tp1:hr>154</tp1:hr>
</tp1:TrackPointExtension>
</extensions>
</trkpt>
<trkpt lat="58.24734114" lon="15.28115655">
<ele>129.4</ele>
<time>2026-09-06T09:49:36Z</time>
<extensions>
<tp1:TrackPointExtension>
<tp1:hr>155</tp1:hr>
</tp1:TrackPointExtension>
</extensions>
</trkpt>
<trkpt lat="58.24733469" lon="15.28121992">
<ele>129.2</ele>
<time>2026-09-06T09:49:37Z</time>
<extensions>
<tp1:TrackPointExtension>
<tp1:hr>155</tp1:hr>
</tp1:TrackPointExtension>
</extensions>
</trkpt>
<trkpt lat="58.24733377" lon="15.28127164">
<ele>129.4</ele>
<time>2026-09-06T09:49:38Z</time>
<extensions>
<tp1:TrackPointExtension>
<tp1:hr>155</tp1:hr>
</tp1:TrackPointExtension>
</extensions>
</trkpt>
<trkpt lat="58.24732798" lon="15.28134213">
<ele>129.6</ele>
<time>2026-09-06T09:49:39Z</time>
<extensions>
<tp1:TrackPointExtension>
<tp1:hr>155</tp1:hr>
</tp1:TrackPointExtension>
</extensions>
</trkpt>
<trkpt lat="58.24732144" lon="15.28140105">
<ele>129.8</ele>
<time>2026-09-06T09:49:40Z</time>
<extensions>
<tp1:TrackPointExtension>
<tp1:hr>156</tp1:hr>
</tp1:TrackPointExtension>
</extensions>
</trkpt>
<trkpt lat="58.24730502" lon="15.28146199">
<ele>129.8</ele>
<time>2026-09-06T09:49:41Z</time>
<extensions>
<tp1:TrackPointExtension>
<tp1:hr>156</tp1:hr>
</tp1:TrackPointExtension>
</extensions>
</trkpt>
<trkpt lat="58.24727652" lon="15.28153181">
<ele>130.0</ele>
<time>2026-09-06T09:49:42Z</time>
<extensions>
<tp1:TrackPointExtension>
<tp1:hr>156</tp1:hr>
</tp1:TrackPointExtension>
</extensions>
</trkpt>
<trkpt lat="58.24726361" lon="15.28158889">
<ele>129.8</ele>
<time>2026-09-06T09:49:43Z</time>
<extensions>
<tp1:TrackPointExtension>
<tp1:hr>156</tp1:hr>
</tp1:TrackPointExtension>
</extensions>
</trkpt>
<trkpt lat="58.24725464" lon="15.28163902">
<ele>129.8</ele>
<time>2026-09-06T09:49:44Z</time>
<extensions>
<tp1:TrackPointExtension>
<tp1:hr>156</tp1:hr>
</tp1:TrackPointExtension>
</extensions>
</trkpt>
<trkpt lat="58.2472512" lon="15.28171345">
<ele>129.6</ele>
<time>2026-09-06T09:49:45Z</time>
<extensions>
<tp1:TrackPointExtension>
<tp1:hr>156</tp1:hr>
</tp1:TrackPointExtension>
</extensions>
</trkpt>
<trkpt lat="58.24726503" lon="15.28176617">
<ele>129.6</ele>
<time>2026-09-06T09:49:46Z</time>
<extensions>
<tp1:TrackPointExtension>
<tp1:hr>156</tp1:hr>
</tp1:TrackPointExtension>
</extensions>
</trkpt>
<trkpt lat="58.24727677" lon="15.28181411">
<ele>129.2</ele>
<time>2026-09-06T09:49:47Z</time>
<extensions>
<tp1:TrackPointExtension>
<tp1:hr>156</tp1:hr>
</tp1:TrackPointExtension>
</extensions>
</trkpt>
<trkpt lat="58.24729613" lon="15.28186239">
<ele>129.2</ele>
<time>2026-09-06T09:49:48Z</time>
<extensions>
<tp1:TrackPointExtension>
<tp1:hr>156</tp1:hr>
</tp1:TrackPointExtension>
</extensions>
</trkpt>
<trkpt lat="58.24731398" lon="15.28189559">
<ele>129.2</ele>
<time>2026-09-06T09:49:49Z</time>
<extensions>
<tp1:TrackPointExtension>
<tp1:hr>156</tp1:hr>
</tp1:TrackPointExtension>
</extensions>
</trkpt>
<trkpt lat="58.24734634" lon="15.28193339">
<ele>129.2</ele>
<time>2026-09-06T09:49:50Z</time>
<extensions>
<tp1:TrackPointExtension>
<tp1:hr>156</tp1:hr>
</tp1:TrackPointExtension>
</extensions>
</trkpt>
<trkpt lat="58.24736746" lon="15.28198175">
<ele>129.4</ele>
<time>2026-09-06T09:49:51Z</time>
<extensions>
<tp1:TrackPointExtension>
<tp1:hr>156</tp1:hr>
</tp1:TrackPointExtension>
</extensions>
</trkpt>
<trkpt lat="58.24738406" lon="15.28200178">
<ele>129.6</ele>
<time>2026-09-06T09:49:52Z</time>
<extensions>
<tp1:TrackPointExtension>
<tp1:hr>156</tp1:hr>
</tp1:TrackPointExtension>
</extensions>
</trkpt>
<trkpt lat="58.24740023" lon="15.2820592">
<ele>129.8</ele>
<time>2026-09-06T09:49:53Z</time>
<extensions>
<tp1:TrackPointExtension>
<tp1:hr>157</tp1:hr>
</tp1:TrackPointExtension>
</extensions>
</trkpt>
<trkpt lat="58.24740912" lon="15.28212458">
<ele>130.0</ele>
<time>2026-09-06T09:49:54Z</time>
<extensions>
<tp1:TrackPointExtension>
<tp1:hr>156</tp1:hr>
</tp1:TrackPointExtension>
</extensions>
</trkpt>
<trkpt lat="58.24741943" lon="15.28218392">
<ele>130.2</ele>
<time>2026-09-06T09:49:55Z</time>
<extensions>
<tp1:TrackPointExtension>
<tp1:hr>156</tp1:hr>
</tp1:TrackPointExtension>
</extensions>
</trkpt>
<trkpt lat="58.24742722" lon="15.28222566">
<ele>130.4</ele>
<time>2026-09-06T09:49:56Z</time>
<extensions>
<tp1:TrackPointExtension>
<tp1:hr>156</tp1:hr>
</tp1:TrackPointExtension>
</extensions>
</trkpt>
<trkpt lat="58.24742379" lon="15.28231066">
<ele>130.6</ele>
<time>2026-09-06T09:49:57Z</time>
<extensions>
<tp1:TrackPointExtension>
<tp1:hr>156</tp1:hr>
</tp1:TrackPointExtension>
</extensions>
</trkpt>
<trkpt lat="58.2474268" lon="15.28237386">
<ele>130.8</ele>
<time>2026-09-06T09:49:58Z</time>
<extensions>
<tp1:TrackPointExtension>
<tp1:hr>156</tp1:hr>
</tp1:TrackPointExtension>
</extensions>
</trkpt>
<trkpt lat="58.24744172" lon="15.28242792">
<ele>131.0</ele>
<time>2026-09-06T09:49:59Z</time>
<extensions>
<tp1:TrackPointExtension>
<tp1:hr>155</tp1:hr>
</tp1:TrackPointExtension>
</extensions>
</trkpt>
<trkpt lat="58.24745379" lon="15.28247016">
<ele>131.2</ele>
<time>2026-09-06T09:50:00Z</time>
<extensions>
<tp1:TrackPointExtension>
<tp1:hr>155</tp1:hr>
</tp1:TrackPointExtension>
</extensions>
</trkpt>
<trkpt lat="58.24747492" lon="15.28252171">
<ele>131.4</ele>
<time>2026-09-06T09:50:01Z</time>
<extensions>
<tp1:TrackPointExtension>
<tp1:hr>155</tp1:hr>
</tp1:TrackPointExtension>
</extensions>
</trkpt>
<trkpt lat="58.24749009" lon="15.28258801">
<ele>131.4</ele>
<time>2026-09-06T09:50:02Z</time>
<extensions>
<tp1:TrackPointExtension>
<tp1:hr>155</tp1:hr>
</tp1:TrackPointExtension>
</extensions>
</trkpt>
<trkpt lat="58.24750836" lon="15.28262984">
<ele>131.6</ele>
<time>2026-09-06T09:50:03Z</time>
<extensions>
<tp1:TrackPointExtension>
<tp1:hr>154</tp1:hr>
</tp1:TrackPointExtension>
</extensions>
</trkpt>
<trkpt lat="58.24752127" lon="15.28266328">
<ele>131.8</ele>
<time>2026-09-06T09:50:04Z</time>
<extensions>
<tp1:TrackPointExtension>
<tp1:hr>154</tp1:hr>
</tp1:TrackPointExtension>
</extensions>
</trkpt>
<trkpt lat="58.24755136" lon="15.28270234">
<ele>131.8</ele>
<time>2026-09-06T09:50:05Z</time>
<extensions>
<tp1:TrackPointExtension>
<tp1:hr>154</tp1:hr>
</tp1:TrackPointExtension>
</extensions>
</trkpt>
<trkpt lat="58.24757131" lon="15.28275708">
<ele>131.6</ele>
<time>2026-09-06T09:50:06Z</time>
<extensions>
<tp1:TrackPointExtension>
<tp1:hr>154</tp1:hr>
</tp1:TrackPointExtension>
</extensions>
</trkpt>
<trkpt lat="58.24759427" lon="15.28276948">
<ele>131.6</ele>
<time>2026-09-06T09:50:07Z</time>
<extensions>
<tp1:TrackPointExtension>
<tp1:hr>154</tp1:hr>
</tp1:TrackPointExtension>
</extensions>
</trkpt>
<trkpt lat="58.24761917" lon="15.28279153">
<ele>131.6</ele>
<time>2026-09-06T09:50:08Z</time>
<extensions>
<tp1:TrackPointExtension>
<tp1:hr>154</tp1:hr>
</tp1:TrackPointExtension>
</extensions>
</trkpt>
<trkpt lat="58.24765119" lon="15.28280586">
<ele>131.2</ele>
<time>2026-09-06T09:50:09Z</time>
<extensions>
<tp1:TrackPointExtension>
<tp1:hr>154</tp1:hr>
</tp1:TrackPointExtension>
</extensions>
</trkpt>
<trkpt lat="58.24767038" lon="15.28280008">
<ele>131.4</ele>
<time>2026-09-06T09:50:10Z</time>
<extensions>
<tp1:TrackPointExtension>
<tp1:hr>155</tp1:hr>
</tp1:TrackPointExtension>
</extensions>
</trkpt>
<trkpt lat="58.24769754" lon="15.28279706">
<ele>131.6</ele>
<time>2026-09-06T09:50:11Z</time>
<extensions>
<tp1:TrackPointExtension>
<tp1:hr>154</tp1:hr>
</tp1:TrackPointExtension>
</extensions>
</trkpt>
<trkpt lat="58.24772864" lon="15.28282338">
<ele>132.0</ele>
<time>2026-09-06T09:50:12Z</time>
<extensions>
<tp1:TrackPointExtension>
<tp1:hr>154</tp1:hr>
</tp1:TrackPointExtension>
</extensions>
</trkpt>
<trkpt lat="58.24774833" lon="15.28284593">
<ele>132.0</ele>
<time>2026-09-06T09:50:13Z</time>
<extensions>
<tp1:TrackPointExtension>
<tp1:hr>154</tp1:hr>
</tp1:TrackPointExtension>
</extensions>
</trkpt>
<trkpt lat="58.24776661" lon="15.28285607">
<ele>132.0</ele>
<time>2026-09-06T09:50:14Z</time>
<extensions>
<tp1:TrackPointExtension>
<tp1:hr>155</tp1:hr>
</tp1:TrackPointExtension>
</extensions>
</trkpt>
<trkpt lat="58.24778521" lon="15.28286168">
<ele>131.8</ele>
<time>2026-09-06T09:50:15Z</time>
<extensions>
<tp1:TrackPointExtension>
<tp1:hr>154</tp1:hr>
</tp1:TrackPointExtension>
</extensions>
</trkpt>
<trkpt lat="58.24779812" lon="15.28286093">
<ele>131.6</ele>
<time>2026-09-06T09:50:16Z</time>
<extensions>
<tp1:TrackPointExtension>
<tp1:hr>154</tp1:hr>
</tp1:TrackPointExtension>
</extensions>
</trkpt>
<trkpt lat="58.24781371" lon="15.28287241">
<ele>131.4</ele>
<time>2026-09-06T09:50:17Z</time>
<extensions>
<tp1:TrackPointExtension>
<tp1:hr>154</tp1:hr>
</tp1:TrackPointExtension>
</extensions>
</trkpt>
<trkpt lat="58.24782888" lon="15.28289337">
<ele>131.2</ele>
<time>2026-09-06T09:50:18Z</time>
<extensions>
<tp1:TrackPointExtension>
<tp1:hr>154</tp1:hr>
</tp1:TrackPointExtension>
</extensions>
</trkpt>
<trkpt lat="58.24783877" lon="15.28292673">
<ele>131.0</ele>
<time>2026-09-06T09:50:19Z</time>
<extensions>
<tp1:TrackPointExtension>
<tp1:hr>154</tp1:hr>
</tp1:TrackPointExtension>
</extensions>
</trkpt>
<trkpt lat="58.24783945" lon="15.28295481">
<ele>130.8</ele>
<time>2026-09-06T09:50:20Z</time>
<extensions>
<tp1:TrackPointExtension>
<tp1:hr>154</tp1:hr>
</tp1:TrackPointExtension>
</extensions>
</trkpt>
<trkpt lat="58.24784414" lon="15.28298532">
<ele>130.6</ele>
<time>2026-09-06T09:50:21Z</time>
<extensions>
<tp1:TrackPointExtension>
<tp1:hr>155</tp1:hr>
</tp1:TrackPointExtension>
</extensions>
</trkpt>
<trkpt lat="58.24784607" lon="15.28300887">
<ele>130.4</ele>
<time>2026-09-06T09:50:22Z</time>
<extensions>
<tp1:TrackPointExtension>
<tp1:hr>154</tp1:hr>
</tp1:TrackPointExtension>
</extensions>
</trkpt>
<trkpt lat="58.24785478" lon="15.28302404">
<ele>130.2</ele>
<time>2026-09-06T09:50:23Z</time>
<extensions>
<tp1:TrackPointExtension>
<tp1:hr>154</tp1:hr>
</tp1:TrackPointExtension>
</extensions>
</trkpt>
<trkpt lat="58.24786333" lon="15.2830305">
<ele>130.2</ele>
<time>2026-09-06T09:50:24Z</time>
<extensions>
<tp1:TrackPointExtension>
<tp1:hr>154</tp1:hr>
</tp1:TrackPointExtension>
</extensions>
</trkpt>
<trkpt lat="58.24787876" lon="15.2830196">
<ele>130.2</ele>
<time>2026-09-06T09:50:25Z</time>
<extensions>
<tp1:TrackPointExtension>
<tp1:hr>153</tp1:hr>
</tp1:TrackPointExtension>
</extensions>
</trkpt>
<trkpt lat="58.24790055" lon="15.28301734">
<ele>130.0</ele>
<time>2026-09-06T09:50:26Z</time>
<extensions>
<tp1:TrackPointExtension>
<tp1:hr>153</tp1:hr>
</tp1:TrackPointExtension>
</extensions>
</trkpt>
<trkpt lat="58.24792192" lon="15.28303142">
<ele>130.0</ele>
<time>2026-09-06T09:50:27Z</time>
<extensions>
<tp1:TrackPointExtension>
<tp1:hr>153</tp1:hr>
</tp1:TrackPointExtension>
</extensions>
</trkpt>
<trkpt lat="58.24794925" lon="15.283046">
<ele>129.6</ele>
<time>2026-09-06T09:50:28Z</time>
<extensions>
<tp1:TrackPointExtension>
<tp1:hr>153</tp1:hr>
</tp1:TrackPointExtension>
</extensions>
</trkpt>
<trkpt lat="58.24797582" lon="15.28306805">
<ele>129.4</ele>
<time>2026-09-06T09:50:29Z</time>
<extensions>
<tp1:TrackPointExtension>
<tp1:hr>153</tp1:hr>
</tp1:TrackPointExtension>
</extensions>
</trkpt>
<trkpt lat="58.24800708" lon="15.28310426">
<ele>129.4</ele>
<time>2026-09-06T09:50:30Z</time>
<extensions>
<tp1:TrackPointExtension>
<tp1:hr>153</tp1:hr>
</tp1:TrackPointExtension>
</extensions>
</trkpt>
<trkpt lat="58.2480241" lon="15.28314441">
<ele>129.0</ele>
<time>2026-09-06T09:50:31Z</time>
<extensions>
<tp1:TrackPointExtension>
<tp1:hr>152</tp1:hr>
</tp1:TrackPointExtension>
</extensions>
</trkpt>
<trkpt lat="58.24804044" lon="15.28318422">
<ele>128.6</ele>
<time>2026-09-06T09:50:32Z</time>
<extensions>
<tp1:TrackPointExtension>
<tp1:hr>153</tp1:hr>
</tp1:TrackPointExtension>
</extensions>
</trkpt>
<trkpt lat="58.24806215" lon="15.28320869">
<ele>128.4</ele>
<time>2026-09-06T09:50:33Z</time>
<extensions>
<tp1:TrackPointExtension>
<tp1:hr>153</tp1:hr>
</tp1:TrackPointExtension>
</extensions>
</trkpt>
<trkpt lat="58.24808269" lon="15.28321959">
<ele>128.0</ele>
<time>2026-09-06T09:50:34Z</time>
<extensions>
<tp1:TrackPointExtension>
<tp1:hr>152</tp1:hr>
</tp1:TrackPointExtension>
</extensions>
</trkpt>
<trkpt lat="58.24810381" lon="15.28322345">
<ele>127.4</ele>
<time>2026-09-06T09:50:35Z</time>
<extensions>
<tp1:TrackPointExtension>
<tp1:hr>153</tp1:hr>
</tp1:TrackPointExtension>
</extensions>
</trkpt>
<trkpt lat="58.24812284" lon="15.28323929">
<ele>127.0</ele>
<time>2026-09-06T09:50:36Z</time>
<extensions>
<tp1:TrackPointExtension>
<tp1:hr>152</tp1:hr>
</tp1:TrackPointExtension>
</extensions>
</trkpt>
<trkpt lat="58.24814849" lon="15.28325454">
<ele>127.0</ele>
<time>2026-09-06T09:50:37Z</time>
<extensions>
<tp1:TrackPointExtension>
<tp1:hr>152</tp1:hr>
</tp1:TrackPointExtension>
</extensions>
</trkpt>
<trkpt lat="58.2481717" lon="15.28325915">
<ele>126.6</ele>
<time>2026-09-06T09:50:38Z</time>
<extensions>
<tp1:TrackPointExtension>
<tp1:hr>152</tp1:hr>
</tp1:TrackPointExtension>
</extensions>
</trkpt>
<trkpt lat="58.24819618" lon="15.28323736">
<ele>126.4</ele>
<time>2026-09-06T09:50:39Z</time>
<extensions>
<tp1:TrackPointExtension>
<tp1:hr>151</tp1:hr>
</tp1:TrackPointExtension>
</extensions>
</trkpt>
<trkpt lat="58.248222" lon="15.28321532">
<ele>126.4</ele>
<time>2026-09-06T09:50:40Z</time>
<extensions>
<tp1:TrackPointExtension>
<tp1:hr>151</tp1:hr>
</tp1:TrackPointExtension>
</extensions>
</trkpt>
<trkpt lat="58.24823784" lon="15.28325194">
<ele>126.4</ele>
<time>2026-09-06T09:50:41Z</time>
<extensions>
<tp1:TrackPointExtension>
<tp1:hr>150</tp1:hr>
</tp1:TrackPointExtension>
</extensions>
</trkpt>
<trkpt lat="58.24827069" lon="15.28326871">
<ele>126.2</ele>
<time>2026-09-06T09:50:42Z</time>
<extensions>
<tp1:TrackPointExtension>
<tp1:hr>150</tp1:hr>
</tp1:TrackPointExtension>
</extensions>
</trkpt>
<trkpt lat="58.24830741" lon="15.28328271">
<ele>126.0</ele>
<time>2026-09-06T09:50:43Z</time>
<extensions>
<tp1:TrackPointExtension>
<tp1:hr>150</tp1:hr>
</tp1:TrackPointExtension>
</extensions>
</trkpt>
<trkpt lat="58.24833423" lon="15.28328044">
<ele>125.6</ele>
<time>2026-09-06T09:50:44Z</time>
<extensions>
<tp1:TrackPointExtension>
<tp1:hr>149</tp1:hr>
</tp1:TrackPointExtension>
</extensions>
</trkpt>
<trkpt lat="58.24837815" lon="15.28325974">
<ele>125.2</ele>
<time>2026-09-06T09:50:45Z</time>
<extensions>
<tp1:TrackPointExtension>
<tp1:hr>149</tp1:hr>
</tp1:TrackPointExtension>
</extensions>
</trkpt>
<trkpt lat="58.24841377" lon="15.28323367">
<ele>125.0</ele>
<time>2026-09-06T09:50:46Z</time>
<extensions>
<tp1:TrackPointExtension>
<tp1:hr>148</tp1:hr>
</tp1:TrackPointExtension>
</extensions>
</trkpt>
<trkpt lat="58.24845091" lon="15.28320174">
<ele>124.6</ele>
<time>2026-09-06T09:50:47Z</time>
<extensions>
<tp1:TrackPointExtension>
<tp1:hr>148</tp1:hr>
</tp1:TrackPointExtension>
</extensions>
</trkpt>
<trkpt lat="58.24849005" lon="15.2831978">
<ele>124.6</ele>
<time>2026-09-06T09:50:48Z</time>
<extensions>
<tp1:TrackPointExtension>
<tp1:hr>147</tp1:hr>
</tp1:TrackPointExtension>
</extensions>
</trkpt>
<trkpt lat="58.24852986" lon="15.28321079">
<ele>124.6</ele>
<time>2026-09-06T09:50:49Z</time>
<extensions>
<tp1:TrackPointExtension>
<tp1:hr>148</tp1:hr>
</tp1:TrackPointExtension>
</extensions>
</trkpt>
<trkpt lat="58.24856808" lon="15.28322252">
<ele>124.6</ele>
<time>2026-09-06T09:50:50Z</time>
<extensions>
<tp1:TrackPointExtension>
<tp1:hr>149</tp1:hr>
</tp1:TrackPointExtension>
</extensions>
</trkpt>
<trkpt lat="58.24860689" lon="15.28324088">
<ele>124.4</ele>
<time>2026-09-06T09:50:51Z</time>
<extensions>
<tp1:TrackPointExtension>
<tp1:hr>149</tp1:hr>
</tp1:TrackPointExtension>
</extensions>
</trkpt>
<trkpt lat="58.24863992" lon="15.28325429">
<ele>124.4</ele>
<time>2026-09-06T09:50:52Z</time>
<extensions>
<tp1:TrackPointExtension>
<tp1:hr>149</tp1:hr>
</tp1:TrackPointExtension>
</extensions>
</trkpt>
<trkpt lat="58.24868971" lon="15.28328497">
<ele>124.2</ele>
<time>2026-09-06T09:50:53Z</time>
<extensions>
<tp1:TrackPointExtension>
<tp1:hr>149</tp1:hr>
</tp1:TrackPointExtension>
</extensions>
</trkpt>
<trkpt lat="58.24872172" lon="15.28329402">
<ele>124.2</ele>
<time>2026-09-06T09:50:54Z</time>
<extensions>
<tp1:TrackPointExtension>
<tp1:hr>148</tp1:hr>
</tp1:TrackPointExtension>
</extensions>
</trkpt>
<trkpt lat="58.24876137" lon="15.28331934">
<ele>124.4</ele>
<time>2026-09-06T09:50:55Z</time>
<extensions>
<tp1:TrackPointExtension>
<tp1:hr>148</tp1:hr>
</tp1:TrackPointExtension>
</extensions>
</trkpt>
<trkpt lat="58.24880035" lon="15.28336418">
<ele>124.8</ele>
<time>2026-09-06T09:50:56Z</time>
<extensions>
<tp1:TrackPointExtension>
<tp1:hr>148</tp1:hr>
</tp1:TrackPointExtension>
</extensions>
</trkpt>
<trkpt lat="58.2488322" lon="15.28339553">
<ele>125.2</ele>
<time>2026-09-06T09:50:57Z</time>
<extensions>
<tp1:TrackPointExtension>
<tp1:hr>148</tp1:hr>
</tp1:TrackPointExtension>
</extensions>
</trkpt>
<trkpt lat="58.24885952" lon="15.28342595">
<ele>125.4</ele>
<time>2026-09-06T09:50:58Z</time>
<extensions>
<tp1:TrackPointExtension>
<tp1:hr>148</tp1:hr>
</tp1:TrackPointExtension>
</extensions>
</trkpt>
<trkpt lat="58.24889003" lon="15.28347147">
<ele>125.2</ele>
<time>2026-09-06T09:50:59Z</time>
<extensions>
<tp1:TrackPointExtension>
<tp1:hr>148</tp1:hr>
</tp1:TrackPointExtension>
</extensions>
</trkpt>
<trkpt lat="58.24891283" lon="15.28350047">
<ele>125.2</ele>
<time>2026-09-06T09:51:00Z</time>
<extensions>
<tp1:TrackPointExtension>
<tp1:hr>148</tp1:hr>
</tp1:TrackPointExtension>
</extensions>
</trkpt>
<trkpt lat="58.24894862" lon="15.28355227">
<ele>125.2</ele>
<time>2026-09-06T09:51:01Z</time>
<extensions>
<tp1:TrackPointExtension>
<tp1:hr>148</tp1:hr>
</tp1:TrackPointExtension>
</extensions>
</trkpt>
<trkpt lat="58.24896631" lon="15.28361027">
<ele>125.0</ele>
<time>2026-09-06T09:51:02Z</time>
<extensions>
<tp1:TrackPointExtension>
<tp1:hr>148</tp1:hr>
</tp1:TrackPointExtension>
</extensions>
</trkpt>
<trkpt lat="58.24898123" lon="15.28367364">
<ele>125.0</ele>
<time>2026-09-06T09:51:03Z</time>
<extensions>
<tp1:TrackPointExtension>
<tp1:hr>148</tp1:hr>
</tp1:TrackPointExtension>
</extensions>
</trkpt>
<trkpt lat="58.24899824" lon="15.28374069">
<ele>125.0</ele>
<time>2026-09-06T09:51:04Z</time>
<extensions>
<tp1:TrackPointExtension>
<tp1:hr>148</tp1:hr>
</tp1:TrackPointExtension>
</extensions>
</trkpt>
<trkpt lat="58.24900998" lon="15.28378939">
<ele>125.0</ele>
<time>2026-09-06T09:51:05Z</time>
<extensions>
<tp1:TrackPointExtension>
<tp1:hr>148</tp1:hr>
</tp1:TrackPointExtension>
</extensions>
</trkpt>
<trkpt lat="58.24902347" lon="15.2838479">
<ele>125.2</ele>
<time>2026-09-06T09:51:06Z</time>
<extensions>
<tp1:TrackPointExtension>
<tp1:hr>147</tp1:hr>
</tp1:TrackPointExtension>
</extensions>
</trkpt>
<trkpt lat="58.24903294" lon="15.28390347">
<ele>125.2</ele>
<time>2026-09-06T09:51:07Z</time>
<extensions>
<tp1:TrackPointExtension>
<tp1:hr>148</tp1:hr>
</tp1:TrackPointExtension>
</extensions>
</trkpt>
<trkpt lat="58.24904208" lon="15.28394873">
<ele>125.4</ele>
<time>2026-09-06T09:51:08Z</time>
<extensions>
<tp1:TrackPointExtension>
<tp1:hr>148</tp1:hr>
</tp1:TrackPointExtension>
</extensions>
</trkpt>
<trkpt lat="58.24905239" lon="15.28399944">
<ele>125.6</ele>
<time>2026-09-06T09:51:09Z</time>
<extensions>
<tp1:TrackPointExtension>
<tp1:hr>148</tp1:hr>
</tp1:TrackPointExtension>
</extensions>
</trkpt>
<trkpt lat="58.24907259" lon="15.2840468">
<ele>125.8</ele>
<time>2026-09-06T09:51:10Z</time>
<extensions>
<tp1:TrackPointExtension>
<tp1:hr>149</tp1:hr>
</tp1:TrackPointExtension>
</extensions>
</trkpt>
<trkpt lat="58.24909162" lon="15.28408351">
<ele>126.0</ele>
<time>2026-09-06T09:51:11Z</time>
<extensions>
<tp1:TrackPointExtension>
<tp1:hr>149</tp1:hr>
</tp1:TrackPointExtension>
</extensions>
</trkpt>
<trkpt lat="58.2491119" lon="15.28412635">
<ele>126.2</ele>
<time>2026-09-06T09:51:12Z</time>
<extensions>
<tp1:TrackPointExtension>
<tp1:hr>149</tp1:hr>
</tp1:TrackPointExtension>
</extensions>
</trkpt>
<trkpt lat="58.2491311" lon="15.28416566">
<ele>126.6</ele>
<time>2026-09-06T09:51:13Z</time>
<extensions>
<tp1:TrackPointExtension>
<tp1:hr>149</tp1:hr>
</tp1:TrackPointExtension>
</extensions>
</trkpt>
<trkpt lat="58.24915985" lon="15.28420614">
<ele>126.8</ele>
<time>2026-09-06T09:51:14Z</time>
<extensions>
<tp1:TrackPointExtension>
<tp1:hr>150</tp1:hr>
</tp1:TrackPointExtension>
</extensions>
</trkpt>
<trkpt lat="58.24917384" lon="15.28426792">
<ele>127.2</ele>
<time>2026-09-06T09:51:15Z</time>
<extensions>
<tp1:TrackPointExtension>
<tp1:hr>150</tp1:hr>
</tp1:TrackPointExtension>
</extensions>
</trkpt>
<trkpt lat="58.24919782" lon="15.28430798">
<ele>127.4</ele>
<time>2026-09-06T09:51:16Z</time>
<extensions>
<tp1:TrackPointExtension>
<tp1:hr>150</tp1:hr>
</tp1:TrackPointExtension>
</extensions>
</trkpt>
<trkpt lat="58.24922305" lon="15.28434419">
<ele>127.6</ele>
<time>2026-09-06T09:51:17Z</time>
<extensions>
<tp1:TrackPointExtension>
<tp1:hr>150</tp1:hr>
</tp1:TrackPointExtension>
</extensions>
</trkpt>
<trkpt lat="58.24924048" lon="15.28438769">
<ele>127.6</ele>
<time>2026-09-06T09:51:18Z</time>
<extensions>
<tp1:TrackPointExtension>
<tp1:hr>151</tp1:hr>
</tp1:TrackPointExtension>
</extensions>
</trkpt>
<trkpt lat="58.24925506" lon="15.28442373">
<ele>127.6</ele>
<time>2026-09-06T09:51:19Z</time>
<extensions>
<tp1:TrackPointExtension>
<tp1:hr>152</tp1:hr>
</tp1:TrackPointExtension>
</extensions>
</trkpt>
<trkpt lat="58.24927753" lon="15.2844757">
<ele>127.7</ele>
<time>2026-09-06T09:51:20Z</time>
<extensions>
<tp1:TrackPointExtension>
<tp1:hr>152</tp1:hr>
</tp1:TrackPointExtension>
</extensions>
</trkpt>
<trkpt lat="58.24929622" lon="15.28450512">
<ele>127.9</ele>
<time>2026-09-06T09:51:21Z</time>
<extensions>
<tp1:TrackPointExtension>
<tp1:hr>153</tp1:hr>
</tp1:TrackPointExtension>
</extensions>
</trkpt>
<trkpt lat="58.24932296" lon="15.28453974">
<ele>128.3</ele>
<time>2026-09-06T09:51:22Z</time>
<extensions>
<tp1:TrackPointExtension>
<tp1:hr>154</tp1:hr>
</tp1:TrackPointExtension>
</extensions>
</trkpt>
<trkpt lat="58.24934509" lon="15.28457997">
<ele>128.7</ele>
<time>2026-09-06T09:51:23Z</time>
<extensions>
<tp1:TrackPointExtension>
<tp1:hr>154</tp1:hr>
</tp1:TrackPointExtension>
</extensions>
</trkpt>
<trkpt lat="58.24936453" lon="15.2846213">
<ele>129.1</ele>
<time>2026-09-06T09:51:24Z</time>
<extensions>
<tp1:TrackPointExtension>
<tp1:hr>155</tp1:hr>
</tp1:TrackPointExtension>
</extensions>
</trkpt>
<trkpt lat="58.24938205" lon="15.28464653">
<ele>129.7</ele>
<time>2026-09-06T09:51:25Z</time>
<extensions>
<tp1:TrackPointExtension>
<tp1:hr>156</tp1:hr>
</tp1:TrackPointExtension>
</extensions>
</trkpt>
<trkpt lat="58.24940602" lon="15.28468634">
<ele>129.9</ele>
<time>2026-09-06T09:51:26Z</time>
<extensions>
<tp1:TrackPointExtension>
<tp1:hr>157</tp1:hr>
</tp1:TrackPointExtension>
</extensions>
</trkpt>
<trkpt lat="58.2494248" lon="15.28471752">
<ele>130.5</ele>
<time>2026-09-06T09:51:27Z</time>
<extensions>
<tp1:TrackPointExtension>
<tp1:hr>158</tp1:hr>
</tp1:TrackPointExtension>
</extensions>
</trkpt>
<trkpt lat="58.24945204" lon="15.28474082">
<ele>130.9</ele>
<time>2026-09-06T09:51:28Z</time>
<extensions>
<tp1:TrackPointExtension>
<tp1:hr>158</tp1:hr>
</tp1:TrackPointExtension>
</extensions>
</trkpt>
<trkpt lat="58.24947568" lon="15.28475935">
<ele>131.5</ele>
<time>2026-09-06T09:51:29Z</time>
<extensions>
<tp1:TrackPointExtension>
<tp1:hr>158</tp1:hr>
</tp1:TrackPointExtension>
</extensions>
</trkpt>
<trkpt lat="58.24949613" lon="15.28476932">
<ele>132.1</ele>
<time>2026-09-06T09:51:30Z</time>
<extensions>
<tp1:TrackPointExtension>
<tp1:hr>158</tp1:hr>
</tp1:TrackPointExtension>
</extensions>
</trkpt>
<trkpt lat="58.24951775" lon="15.28479422">
<ele>132.7</ele>
<time>2026-09-06T09:51:31Z</time>
<extensions>
<tp1:TrackPointExtension>
<tp1:hr>158</tp1:hr>
</tp1:TrackPointExtension>
</extensions>
</trkpt>
<trkpt lat="58.24953544" lon="15.28481391">
<ele>133.3</ele>
<time>2026-09-06T09:51:32Z</time>
<extensions>
<tp1:TrackPointExtension>
<tp1:hr>159</tp1:hr>
</tp1:TrackPointExtension>
</extensions>
</trkpt>
<trkpt lat="58.24955639" lon="15.28482255">
<ele>133.9</ele>
<time>2026-09-06T09:51:33Z</time>
<extensions>
<tp1:TrackPointExtension>
<tp1:hr>159</tp1:hr>
</tp1:TrackPointExtension>
</extensions>
</trkpt>
<trkpt lat="58.24958749" lon="15.28483847">
<ele>134.3</ele>
<time>2026-09-06T09:51:34Z</time>
<extensions>
<tp1:TrackPointExtension>
<tp1:hr>160</tp1:hr>
</tp1:TrackPointExtension>
</extensions>
</trkpt>
<trkpt lat="58.24961406" lon="15.28484166">
<ele>134.7</ele>
<time>2026-09-06T09:51:35Z</time>
<extensions>
<tp1:TrackPointExtension>
<tp1:hr>160</tp1:hr>
</tp1:TrackPointExtension>
</extensions>
</trkpt>
<trkpt lat="58.24963904" lon="15.28485934">
<ele>135.1</ele>
<time>2026-09-06T09:51:36Z</time>
<extensions>
<tp1:TrackPointExtension>
<tp1:hr>161</tp1:hr>
</tp1:TrackPointExtension>
</extensions>
</trkpt>
<trkpt lat="58.24966368" lon="15.2848901">
<ele>135.3</ele>
<time>2026-09-06T09:51:37Z</time>
<extensions>
<tp1:TrackPointExtension>
<tp1:hr>161</tp1:hr>
</tp1:TrackPointExtension>
</extensions>
</trkpt>
<trkpt lat="58.24968372" lon="15.28490477">
<ele>135.7</ele>
<time>2026-09-06T09:51:38Z</time>
<extensions>
<tp1:TrackPointExtension>
<tp1:hr>162</tp1:hr>
</tp1:TrackPointExtension>
</extensions>
</trkpt>
<trkpt lat="58.24971708" lon="15.28492112">
<ele>136.1</ele>
<time>2026-09-06T09:51:39Z</time>
<extensions>
<tp1:TrackPointExtension>
<tp1:hr>162</tp1:hr>
</tp1:TrackPointExtension>
</extensions>
</trkpt>
<trkpt lat="58.24973962" lon="15.28494735">
<ele>136.5</ele>
<time>2026-09-06T09:51:40Z</time>
<extensions>
<tp1:TrackPointExtension>
<tp1:hr>162</tp1:hr>
</tp1:TrackPointExtension>
</extensions>
</trkpt>
<trkpt lat="58.24976041" lon="15.2849678">
<ele>137.1</ele>
<time>2026-09-06T09:51:41Z</time>
<extensions>
<tp1:TrackPointExtension>
<tp1:hr>162</tp1:hr>
</tp1:TrackPointExtension>
</extensions>
</trkpt>
<trkpt lat="58.24977617" lon="15.2849813">
<ele>137.5</ele>
<time>2026-09-06T09:51:42Z</time>
<extensions>
<tp1:TrackPointExtension>
<tp1:hr>161</tp1:hr>
</tp1:TrackPointExtension>
</extensions>
</trkpt>
<trkpt lat="58.24980073" lon="15.28501977">
<ele>137.9</ele>
<time>2026-09-06T09:51:43Z</time>
<extensions>
<tp1:TrackPointExtension>
<tp1:hr>161</tp1:hr>
</tp1:TrackPointExtension>
</extensions>
</trkpt>
<trkpt lat="58.24982428" lon="15.28505296">
<ele>138.3</ele>
<time>2026-09-06T09:51:44Z</time>
<extensions>
<tp1:TrackPointExtension>
<tp1:hr>162</tp1:hr>
</tp1:TrackPointExtension>
</extensions>
</trkpt>
<trkpt lat="58.24984415" lon="15.2850533">
<ele>138.3</ele>
<time>2026-09-06T09:51:45Z</time>
<extensions>
<tp1:TrackPointExtension>
<tp1:hr>162</tp1:hr>
</tp1:TrackPointExtension>
</extensions>
</trkpt>
<trkpt lat="58.24986971" lon="15.28502388">
<ele>138.5</ele>
<time>2026-09-06T09:51:46Z</time>
<extensions>
<tp1:TrackPointExtension>
<tp1:hr>162</tp1:hr>
</tp1:TrackPointExtension>
</extensions>
</trkpt>
<trkpt lat="58.2498946" lon="15.28501768">
<ele>138.5</ele>
<time>2026-09-06T09:51:47Z</time>
<extensions>
<tp1:TrackPointExtension>
<tp1:hr>162</tp1:hr>
</tp1:TrackPointExtension>
</extensions>
</trkpt>
<trkpt lat="58.2499257" lon="15.28502597">
<ele>138.1</ele>
<time>2026-09-06T09:51:48Z</time>
<extensions>
<tp1:TrackPointExtension>
<tp1:hr>162</tp1:hr>
</tp1:TrackPointExtension>
</extensions>
</trkpt>
<trkpt lat="58.24994909" lon="15.2850357">
<ele>137.7</ele>
<time>2026-09-06T09:51:49Z</time>
<extensions>
<tp1:TrackPointExtension>
<tp1:hr>163</tp1:hr>
</tp1:TrackPointExtension>
</extensions>
</trkpt>
<trkpt lat="58.24997926" lon="15.28504743">
<ele>137.5</ele>
<time>2026-09-06T09:51:50Z</time>
<extensions>
<tp1:TrackPointExtension>
<tp1:hr>163</tp1:hr>
</tp1:TrackPointExtension>
</extensions>
</trkpt>
<trkpt lat="58.25001338" lon="15.2850512">
<ele>137.1</ele>
<time>2026-09-06T09:51:51Z</time>
<extensions>
<tp1:TrackPointExtension>
<tp1:hr>163</tp1:hr>
</tp1:TrackPointExtension>
</extensions>
</trkpt>
<trkpt lat="58.25004322" lon="15.28506294">
<ele>136.7</ele>
<time>2026-09-06T09:51:52Z</time>
<extensions>
<tp1:TrackPointExtension>
<tp1:hr>163</tp1:hr>
</tp1:TrackPointExtension>
</extensions>
</trkpt>
<trkpt lat="58.25007104" lon="15.28509881">
<ele>136.7</ele>
<time>2026-09-06T09:51:53Z</time>
<extensions>
<tp1:TrackPointExtension>
<tp1:hr>164</tp1:hr>
</tp1:TrackPointExtension>
</extensions>
</trkpt>
<trkpt lat="58.25009258" lon="15.28514324">
<ele>136.5</ele>
<time>2026-09-06T09:51:54Z</time>
<extensions>
<tp1:TrackPointExtension>
<tp1:hr>164</tp1:hr>
</tp1:TrackPointExtension>
</extensions>
</trkpt>
<trkpt lat="58.25010776" lon="15.28519261">
<ele>136.3</ele>
<time>2026-09-06T09:51:55Z</time>
<extensions>
<tp1:TrackPointExtension>
<tp1:hr>164</tp1:hr>
</tp1:TrackPointExtension>
</extensions>
</trkpt>
<trkpt lat="58.25012729" lon="15.28527006">
<ele>136.1</ele>
<time>2026-09-06T09:51:56Z</time>
<extensions>
<tp1:TrackPointExtension>
<tp1:hr>164</tp1:hr>
</tp1:TrackPointExtension>
</extensions>
</trkpt>
<trkpt lat="58.25013977" lon="15.28533443">
<ele>136.1</ele>
<time>2026-09-06T09:51:57Z</time>
<extensions>
<tp1:TrackPointExtension>
<tp1:hr>163</tp1:hr>
</tp1:TrackPointExtension>
</extensions>
</trkpt>
<trkpt lat="58.25013869" lon="15.28539872">
<ele>136.3</ele>
<time>2026-09-06T09:51:58Z</time>
<extensions>
<tp1:TrackPointExtension>
<tp1:hr>163</tp1:hr>
</tp1:TrackPointExtension>
</extensions>
</trkpt>
<trkpt lat="58.25013969" lon="15.28546259">
<ele>136.5</ele>
<time>2026-09-06T09:51:59Z</time>
<extensions>
<tp1:TrackPointExtension>
<tp1:hr>163</tp1:hr>
</tp1:TrackPointExtension>
</extensions>
</trkpt>
<trkpt lat="58.25014749" lon="15.28550173">
<ele>136.9</ele>
<time>2026-09-06T09:52:00Z</time>
<extensions>
<tp1:TrackPointExtension>
<tp1:hr>163</tp1:hr>
</tp1:TrackPointExtension>
</extensions>
</trkpt>
<trkpt lat="58.25016693" lon="15.28557063">
<ele>137.3</ele>
<time>2026-09-06T09:52:01Z</time>
<extensions>
<tp1:TrackPointExtension>
<tp1:hr>163</tp1:hr>
</tp1:TrackPointExtension>
</extensions>
</trkpt>
<trkpt lat="58.25017808" lon="15.28562712">
<ele>137.7</ele>
<time>2026-09-06T09:52:02Z</time>
<extensions>
<tp1:TrackPointExtension>
<tp1:hr>162</tp1:hr>
</tp1:TrackPointExtension>
</extensions>
</trkpt>
<trkpt lat="58.25019887" lon="15.28568328">
<ele>137.9</ele>
<time>2026-09-06T09:52:03Z</time>
<extensions>
<tp1:TrackPointExtension>
<tp1:hr>162</tp1:hr>
</tp1:TrackPointExtension>
</extensions>
</trkpt>
<trkpt lat="58.25021379" lon="15.28573986">
<ele>138.1</ele>
<time>2026-09-06T09:52:04Z</time>
<extensions>
<tp1:TrackPointExtension>
<tp1:hr>163</tp1:hr>
</tp1:TrackPointExtension>
</extensions>
</trkpt>
<trkpt lat="58.25022954" lon="15.28579284">
<ele>138.1</ele>
<time>2026-09-06T09:52:05Z</time>
<extensions>
<tp1:TrackPointExtension>
<tp1:hr>163</tp1:hr>
</tp1:TrackPointExtension>
</extensions>
</trkpt>
<trkpt lat="58.25024312" lon="15.28583324">
<ele>138.1</ele>
<time>2026-09-06T09:52:06Z</time>
<extensions>
<tp1:TrackPointExtension>
<tp1:hr>163</tp1:hr>
</tp1:TrackPointExtension>
</extensions>
</trkpt>
<trkpt lat="58.25025662" lon="15.28588386">
<ele>138.3</ele>
<time>2026-09-06T09:52:07Z</time>
<extensions>
<tp1:TrackPointExtension>
<tp1:hr>163</tp1:hr>
</tp1:TrackPointExtension>
</extensions>
</trkpt>
<trkpt lat="58.25026701" lon="15.28594262">
<ele>138.3</ele>
<time>2026-09-06T09:52:08Z</time>
<extensions>
<tp1:TrackPointExtension>
<tp1:hr>164</tp1:hr>
</tp1:TrackPointExtension>
</extensions>
</trkpt>
<trkpt lat="58.25027674" lon="15.2859961">
<ele>138.5</ele>
<time>2026-09-06T09:52:09Z</time>
<extensions>
<tp1:TrackPointExtension>
<tp1:hr>164</tp1:hr>
</tp1:TrackPointExtension>
</extensions>
</trkpt>
<trkpt lat="58.25028428" lon="15.28604957">
<ele>138.7</ele>
<time>2026-09-06T09:52:10Z</time>
<extensions>
<tp1:TrackPointExtension>
<tp1:hr>165</tp1:hr>
</tp1:TrackPointExtension>
</extensions>
</trkpt>
<trkpt lat="58.25028637" lon="15.28611084">
<ele>139.1</ele>
<time>2026-09-06T09:52:11Z</time>
<extensions>
<tp1:TrackPointExtension>
<tp1:hr>165</tp1:hr>
</tp1:TrackPointExtension>
</extensions>
</trkpt>
<trkpt lat="58.25028973" lon="15.28616105">
<ele>139.3</ele>
<time>2026-09-06T09:52:12Z</time>
<extensions>
<tp1:TrackPointExtension>
<tp1:hr>165</tp1:hr>
</tp1:TrackPointExtension>
</extensions>
</trkpt>
<trkpt lat="58.25029987" lon="15.28619592">
<ele>139.5</ele>
<time>2026-09-06T09:52:13Z</time>
<extensions>
<tp1:TrackPointExtension>
<tp1:hr>165</tp1:hr>
</tp1:TrackPointExtension>
</extensions>
</trkpt>
<trkpt lat="58.25032191" lon="15.2862463">
<ele>139.7</ele>
<time>2026-09-06T09:52:14Z</time>
<extensions>
<tp1:TrackPointExtension>
<tp1:hr>164</tp1:hr>
</tp1:TrackPointExtension>
</extensions>
</trkpt>
<trkpt lat="58.25035125" lon="15.2863043">
<ele>139.7</ele>
<time>2026-09-06T09:52:15Z</time>
<extensions>
<tp1:TrackPointExtension>
<tp1:hr>164</tp1:hr>
</tp1:TrackPointExtension>
</extensions>
</trkpt>
<trkpt lat="58.25037866" lon="15.28633925">
<ele>139.5</ele>
<time>2026-09-06T09:52:16Z</time>
<extensions>
<tp1:TrackPointExtension>
<tp1:hr>164</tp1:hr>
</tp1:TrackPointExtension>
</extensions>
</trkpt>
<trkpt lat="58.25040255" lon="15.28636004">
<ele>139.5</ele>
<time>2026-09-06T09:52:17Z</time>
<extensions>
<tp1:TrackPointExtension>
<tp1:hr>165</tp1:hr>
</tp1:TrackPointExtension>
</extensions>
</trkpt>
<trkpt lat="58.25044555" lon="15.28639432">
<ele>139.1</ele>
<time>2026-09-06T09:52:18Z</time>
<extensions>
<tp1:TrackPointExtension>
<tp1:hr>165</tp1:hr>
</tp1:TrackPointExtension>
</extensions>
</trkpt>
<trkpt lat="58.25047505" lon="15.28640446">
<ele>138.9</ele>
<time>2026-09-06T09:52:19Z</time>
<extensions>
<tp1:TrackPointExtension>
<tp1:hr>165</tp1:hr>
</tp1:TrackPointExtension>
</extensions>
</trkpt>
<trkpt lat="58.25050347" lon="15.28641938">
<ele>138.9</ele>
<time>2026-09-06T09:52:20Z</time>
<extensions>
<tp1:TrackPointExtension>
<tp1:hr>165</tp1:hr>
</tp1:TrackPointExtension>
</extensions>
</trkpt>
<trkpt lat="58.25053004" lon="15.28647319">
<ele>139.1</ele>
<time>2026-09-06T09:52:21Z</time>
<extensions>
<tp1:TrackPointExtension>
<tp1:hr>164</tp1:hr>
</tp1:TrackPointExtension>
</extensions>
</trkpt>
<trkpt lat="58.25053976" lon="15.28651779">
<ele>139.1</ele>
<time>2026-09-06T09:52:22Z</time>
<extensions>
<tp1:TrackPointExtension>
<tp1:hr>165</tp1:hr>
</tp1:TrackPointExtension>
</extensions>
</trkpt>
<trkpt lat="58.25054848" lon="15.28657411">
<ele>139.3</ele>
<time>2026-09-06T09:52:23Z</time>
<extensions>
<tp1:TrackPointExtension>
<tp1:hr>165</tp1:hr>
</tp1:TrackPointExtension>
</extensions>
</trkpt>
<trkpt lat="58.25054822" lon="15.28661493">
<ele>139.5</ele>
<time>2026-09-06T09:52:24Z</time>
<extensions>
<tp1:TrackPointExtension>
<tp1:hr>164</tp1:hr>
</tp1:TrackPointExtension>
</extensions>
</trkpt>
<trkpt lat="58.25054563" lon="15.28664921">
<ele>139.5</ele>
<time>2026-09-06T09:52:25Z</time>
<extensions>
<tp1:TrackPointExtension>
<tp1:hr>164</tp1:hr>
</tp1:TrackPointExtension>
</extensions>
</trkpt>
<trkpt lat="58.2505349" lon="15.28668484">
<ele>139.5</ele>
<time>2026-09-06T09:52:26Z</time>
<extensions>
<tp1:TrackPointExtension>
<tp1:hr>164</tp1:hr>
</tp1:TrackPointExtension>
</extensions>
</trkpt>
<trkpt lat="58.25052492" lon="15.2867156">
<ele>139.5</ele>
<time>2026-09-06T09:52:27Z</time>
<extensions>
<tp1:TrackPointExtension>
<tp1:hr>164</tp1:hr>
</tp1:TrackPointExtension>
</extensions>
</trkpt>
<trkpt lat="58.25051654" lon="15.28674209">
<ele>139.5</ele>
<time>2026-09-06T09:52:28Z</time>
<extensions>
<tp1:TrackPointExtension>
<tp1:hr>164</tp1:hr>
</tp1:TrackPointExtension>
</extensions>
</trkpt>
<trkpt lat="58.25050162" lon="15.28679296">
<ele>139.3</ele>
<time>2026-09-06T09:52:29Z</time>
<extensions>
<tp1:TrackPointExtension>
<tp1:hr>164</tp1:hr>
</tp1:TrackPointExtension>
</extensions>
</trkpt>
<trkpt lat="58.25050204" lon="15.28683269">
<ele>139.1</ele>
<time>2026-09-06T09:52:30Z</time>
<extensions>
<tp1:TrackPointExtension>
<tp1:hr>164</tp1:hr>
</tp1:TrackPointExtension>
</extensions>
</trkpt>
<trkpt lat="58.25049475" lon="15.28687226">
<ele>138.9</ele>
<time>2026-09-06T09:52:31Z</time>
<extensions>
<tp1:TrackPointExtension>
<tp1:hr>163</tp1:hr>
</tp1:TrackPointExtension>
</extensions>
</trkpt>
<trkpt lat="58.25049114" lon="15.28689858">
<ele>138.7</ele>
<time>2026-09-06T09:52:32Z</time>
<extensions>
<tp1:TrackPointExtension>
<tp1:hr>163</tp1:hr>
</tp1:TrackPointExtension>
</extensions>
</trkpt>
<trkpt lat="58.25048318" lon="15.28693336">
<ele>138.7</ele>
<time>2026-09-06T09:52:33Z</time>
<extensions>
<tp1:TrackPointExtension>
<tp1:hr>163</tp1:hr>
</tp1:TrackPointExtension>
</extensions>
</trkpt>
<trkpt lat="58.25046893" lon="15.28696873">
<ele>138.5</ele>
<time>2026-09-06T09:52:34Z</time>
<extensions>
<tp1:TrackPointExtension>
<tp1:hr>162</tp1:hr>
</tp1:TrackPointExtension>
</extensions>
</trkpt>
<trkpt lat="58.25046089" lon="15.28699899">
<ele>138.5</ele>
<time>2026-09-06T09:52:35Z</time>
<extensions>
<tp1:TrackPointExtension>
<tp1:hr>162</tp1:hr>
</tp1:TrackPointExtension>
</extensions>
</trkpt>
<trkpt lat="58.25045535" lon="15.28702338">
<ele>138.9</ele>
<time>2026-09-06T09:52:36Z</time>
<extensions>
<tp1:TrackPointExtension>
<tp1:hr>161</tp1:hr>
</tp1:TrackPointExtension>
</extensions>
</trkpt>
<trkpt lat="58.25044613" lon="15.28705917">
<ele>139.1</ele>
<time>2026-09-06T09:52:37Z</time>
<extensions>
<tp1:TrackPointExtension>
<tp1:hr>160</tp1:hr>
</tp1:TrackPointExtension>
</extensions>
</trkpt>
<trkpt lat="58.25044052" lon="15.28708247">
<ele>139.5</ele>
<time>2026-09-06T09:52:38Z</time>
<extensions>
<tp1:TrackPointExtension>
<tp1:hr>159</tp1:hr>
</tp1:TrackPointExtension>
</extensions>
</trkpt>
<trkpt lat="58.25043658" lon="15.28711592">
<ele>139.9</ele>
<time>2026-09-06T09:52:39Z</time>
<extensions>
<tp1:TrackPointExtension>
<tp1:hr>159</tp1:hr>
</tp1:TrackPointExtension>
</extensions>
</trkpt>
<trkpt lat="58.25043532" lon="15.28715934">
<ele>140.3</ele>
<time>2026-09-06T09:52:40Z</time>
<extensions>
<tp1:TrackPointExtension>
<tp1:hr>158</tp1:hr>
</tp1:TrackPointExtension>
</extensions>
</trkpt>
<trkpt lat="58.25043599" lon="15.2872077">
<ele>140.5</ele>
<time>2026-09-06T09:52:41Z</time>
<extensions>
<tp1:TrackPointExtension>
<tp1:hr>158</tp1:hr>
</tp1:TrackPointExtension>
</extensions>
</trkpt>
<trkpt lat="58.25044923" lon="15.2872569">
<ele>140.7</ele>
<time>2026-09-06T09:52:42Z</time>
<extensions>
<tp1:TrackPointExtension>
<tp1:hr>158</tp1:hr>
</tp1:TrackPointExtension>
</extensions>
</trkpt>
<trkpt lat="58.25045351" lon="15.28729923">
<ele>140.7</ele>
<time>2026-09-06T09:52:43Z</time>
<extensions>
<tp1:TrackPointExtension>
<tp1:hr>158</tp1:hr>
</tp1:TrackPointExtension>
</extensions>
</trkpt>
<trkpt lat="58.2504608" lon="15.28735472">
<ele>140.9</ele>
<time>2026-09-06T09:52:44Z</time>
<extensions>
<tp1:TrackPointExtension>
<tp1:hr>158</tp1:hr>
</tp1:TrackPointExtension>
</extensions>
</trkpt>
<trkpt lat="58.25046533" lon="15.28740384">
<ele>140.9</ele>
<time>2026-09-06T09:52:45Z</time>
<extensions>
<tp1:TrackPointExtension>
<tp1:hr>158</tp1:hr>
</tp1:TrackPointExtension>
</extensions>
</trkpt>
<trkpt lat="58.25046801" lon="15.28744994">
<ele>141.1</ele>
<time>2026-09-06T09:52:46Z</time>
<extensions>
<tp1:TrackPointExtension>
<tp1:hr>157</tp1:hr>
</tp1:TrackPointExtension>
</extensions>
</trkpt>
<trkpt lat="58.25046818" lon="15.28749076">
<ele>141.3</ele>
<time>2026-09-06T09:52:47Z</time>
<extensions>
<tp1:TrackPointExtension>
<tp1:hr>157</tp1:hr>
</tp1:TrackPointExtension>
</extensions>
</trkpt>
<trkpt lat="58.25046675" lon="15.28752931">
<ele>141.3</ele>
<time>2026-09-06T09:52:48Z</time>
<extensions>
<tp1:TrackPointExtension>
<tp1:hr>157</tp1:hr>
</tp1:TrackPointExtension>
</extensions>
</trkpt>
<trkpt lat="58.25046105" lon="15.28758924">
<ele>141.5</ele>
<time>2026-09-06T09:52:49Z</time>
<extensions>
<tp1:TrackPointExtension>
<tp1:hr>157</tp1:hr>
</tp1:TrackPointExtension>
</extensions>
</trkpt>
<trkpt lat="58.25046424" lon="15.28764725">
<ele>141.3</ele>
<time>2026-09-06T09:52:50Z</time>
<extensions>
<tp1:TrackPointExtension>
<tp1:hr>157</tp1:hr>
</tp1:TrackPointExtension>
</extensions>
</trkpt>
<trkpt lat="58.25047086" lon="15.28769653">
<ele>140.9</ele>
<time>2026-09-06T09:52:51Z</time>
<extensions>
<tp1:TrackPointExtension>
<tp1:hr>157</tp1:hr>
</tp1:TrackPointExtension>
</extensions>
</trkpt>
<trkpt lat="58.2504774" lon="15.28776904">
<ele>140.7</ele>
<time>2026-09-06T09:52:52Z</time>
<extensions>
<tp1:TrackPointExtension>
<tp1:hr>157</tp1:hr>
</tp1:TrackPointExtension>
</extensions>
</trkpt>
<trkpt lat="58.25047312" lon="15.28782897">
<ele>140.1</ele>
<time>2026-09-06T09:52:53Z</time>
<extensions>
<tp1:TrackPointExtension>
<tp1:hr>157</tp1:hr>
</tp1:TrackPointExtension>
</extensions>
</trkpt>
<trkpt lat="58.25046575" lon="15.28788982">
<ele>139.9</ele>
<time>2026-09-06T09:52:54Z</time>
<extensions>
<tp1:TrackPointExtension>
<tp1:hr>157</tp1:hr>
</tp1:TrackPointExtension>
</extensions>
</trkpt>
<trkpt lat="58.25045787" lon="15.28792561">
<ele>139.5</ele>
<time>2026-09-06T09:52:55Z</time>
<extensions>
<tp1:TrackPointExtension>
<tp1:hr>156</tp1:hr>
</tp1:TrackPointExtension>
</extensions>
</trkpt>
<trkpt lat="58.25044697" lon="15.2879764">
<ele>139.5</ele>
<time>2026-09-06T09:52:56Z</time>
<extensions>
<tp1:TrackPointExtension>
<tp1:hr>157</tp1:hr>
</tp1:TrackPointExtension>
</extensions>
</trkpt>
<trkpt lat="58.250438" lon="15.28803533">
<ele>139.1</ele>
<time>2026-09-06T09:52:57Z</time>
<extensions>
<tp1:TrackPointExtension>
<tp1:hr>157</tp1:hr>
</tp1:TrackPointExtension>
</extensions>
</trkpt>
<trkpt lat="58.25043842" lon="15.28808596">
<ele>138.9</ele>
<time>2026-09-06T09:52:58Z</time>
<extensions>
<tp1:TrackPointExtension>
<tp1:hr>156</tp1:hr>
</tp1:TrackPointExtension>
</extensions>
</trkpt>
<trkpt lat="58.25044144" lon="15.28815033">
<ele>138.7</ele>
<time>2026-09-06T09:52:59Z</time>
<extensions>
<tp1:TrackPointExtension>
<tp1:hr>156</tp1:hr>
</tp1:TrackPointExtension>
</extensions>
</trkpt>
<trkpt lat="58.25044169" lon="15.28821236">
<ele>138.7</ele>
<time>2026-09-06T09:53:00Z</time>
<extensions>
<tp1:TrackPointExtension>
<tp1:hr>156</tp1:hr>
</tp1:TrackPointExtension>
</extensions>
</trkpt>
<trkpt lat="58.25043784" lon="15.2882629">
<ele>138.7</ele>
<time>2026-09-06T09:53:01Z</time>
<extensions>
<tp1:TrackPointExtension>
<tp1:hr>156</tp1:hr>
</tp1:TrackPointExtension>
</extensions>
</trkpt>
<trkpt lat="58.25042903" lon="15.28833088">
<ele>138.9</ele>
<time>2026-09-06T09:53:02Z</time>
<extensions>
<tp1:TrackPointExtension>
<tp1:hr>156</tp1:hr>
</tp1:TrackPointExtension>
</extensions>
</trkpt>
<trkpt lat="58.25041738" lon="15.28838829">
<ele>139.3</ele>
<time>2026-09-06T09:53:03Z</time>
<extensions>
<tp1:TrackPointExtension>
<tp1:hr>156</tp1:hr>
</tp1:TrackPointExtension>
</extensions>
</trkpt>
<trkpt lat="58.25039869" lon="15.28845049">
<ele>139.3</ele>
<time>2026-09-06T09:53:04Z</time>
<extensions>
<tp1:TrackPointExtension>
<tp1:hr>156</tp1:hr>
</tp1:TrackPointExtension>
</extensions>
</trkpt>
<trkpt lat="58.25038067" lon="15.28851368">
<ele>139.3</ele>
<time>2026-09-06T09:53:05Z</time>
<extensions>
<tp1:TrackPointExtension>
<tp1:hr>156</tp1:hr>
</tp1:TrackPointExtension>
</extensions>
</trkpt>
<trkpt lat="58.25036106" lon="15.28858812">
<ele>139.5</ele>
<time>2026-09-06T09:53:06Z</time>
<extensions>
<tp1:TrackPointExtension>
<tp1:hr>156</tp1:hr>
</tp1:TrackPointExtension>
</extensions>
</trkpt>
<trkpt lat="58.25034614" lon="15.28864679">
<ele>139.5</ele>
<time>2026-09-06T09:53:07Z</time>
<extensions>
<tp1:TrackPointExtension>
<tp1:hr>156</tp1:hr>
</tp1:TrackPointExtension>
</extensions>
</trkpt>
<trkpt lat="58.25032225" lon="15.28870756">
<ele>139.7</ele>
<time>2026-09-06T09:53:08Z</time>
<extensions>
<tp1:TrackPointExtension>
<tp1:hr>156</tp1:hr>
</tp1:TrackPointExtension>
</extensions>
</trkpt>
<trkpt lat="58.25031001" lon="15.2887726">
<ele>139.7</ele>
<time>2026-09-06T09:53:09Z</time>
<extensions>
<tp1:TrackPointExtension>
<tp1:hr>156</tp1:hr>
</tp1:TrackPointExtension>
</extensions>
</trkpt>
<trkpt lat="58.25029115" lon="15.28883295">
<ele>139.9</ele>
<time>2026-09-06T09:53:10Z</time>
<extensions>
<tp1:TrackPointExtension>
<tp1:hr>156</tp1:hr>
</tp1:TrackPointExtension>
</extensions>
</trkpt>
<trkpt lat="58.2502733" lon="15.28888618">
<ele>139.9</ele>
<time>2026-09-06T09:53:11Z</time>
<extensions>
<tp1:TrackPointExtension>
<tp1:hr>156</tp1:hr>
</tp1:TrackPointExtension>
</extensions>
</trkpt>
<trkpt lat="58.25025578" lon="15.28892725">
<ele>139.9</ele>
<time>2026-09-06T09:53:12Z</time>
<extensions>
<tp1:TrackPointExtension>
<tp1:hr>156</tp1:hr>
</tp1:TrackPointExtension>
</extensions>
</trkpt>
<trkpt lat="58.2502365" lon="15.28897427">
<ele>139.9</ele>
<time>2026-09-06T09:53:13Z</time>
<extensions>
<tp1:TrackPointExtension>
<tp1:hr>156</tp1:hr>
</tp1:TrackPointExtension>
</extensions>
</trkpt>
<trkpt lat="58.25021898" lon="15.2890394">
<ele>139.9</ele>
<time>2026-09-06T09:53:14Z</time>
<extensions>
<tp1:TrackPointExtension>
<tp1:hr>156</tp1:hr>
</tp1:TrackPointExtension>
</extensions>
</trkpt>
<trkpt lat="58.2502013" lon="15.28909866">
<ele>139.9</ele>
<time>2026-09-06T09:53:15Z</time>
<extensions>
<tp1:TrackPointExtension>
<tp1:hr>156</tp1:hr>
</tp1:TrackPointExtension>
</extensions>
</trkpt>
<trkpt lat="58.25018646" lon="15.28915431">
<ele>139.9</ele>
<time>2026-09-06T09:53:16Z</time>
<extensions>
<tp1:TrackPointExtension>
<tp1:hr>156</tp1:hr>
</tp1:TrackPointExtension>
</extensions>
</trkpt>
<trkpt lat="58.25016417" lon="15.28923277">
<ele>139.9</ele>
<time>2026-09-06T09:53:17Z</time>
<extensions>
<tp1:TrackPointExtension>
<tp1:hr>156</tp1:hr>
</tp1:TrackPointExtension>
</extensions>
</trkpt>
<trkpt lat="58.25014388" lon="15.28928616">
<ele>140.1</ele>
<time>2026-09-06T09:53:18Z</time>
<extensions>
<tp1:TrackPointExtension>
<tp1:hr>157</tp1:hr>
</tp1:TrackPointExtension>
</extensions>
</trkpt>
<trkpt lat="58.25012628" lon="15.28934726">
<ele>140.1</ele>
<time>2026-09-06T09:53:19Z</time>
<extensions>
<tp1:TrackPointExtension>
<tp1:hr>157</tp1:hr>
</tp1:TrackPointExtension>
</extensions>
</trkpt>
<trkpt lat="58.25011228" lon="15.28940267">
<ele>140.1</ele>
<time>2026-09-06T09:53:20Z</time>
<extensions>
<tp1:TrackPointExtension>
<tp1:hr>157</tp1:hr>
</tp1:TrackPointExtension>
</extensions>
</trkpt>
<trkpt lat="58.25010214" lon="15.2894543">
<ele>140.1</ele>
<time>2026-09-06T09:53:21Z</time>
<extensions>
<tp1:TrackPointExtension>
<tp1:hr>157</tp1:hr>
</tp1:TrackPointExtension>
</extensions>
</trkpt>
<trkpt lat="58.25009845" lon="15.28952421">
<ele>140.1</ele>
<time>2026-09-06T09:53:22Z</time>
<extensions>
<tp1:TrackPointExtension>
<tp1:hr>157</tp1:hr>
</tp1:TrackPointExtension>
</extensions>
</trkpt>
<trkpt lat="58.25008865" lon="15.28960836">
<ele>139.9</ele>
<time>2026-09-06T09:53:23Z</time>
<extensions>
<tp1:TrackPointExtension>
<tp1:hr>157</tp1:hr>
</tp1:TrackPointExtension>
</extensions>
</trkpt>
<trkpt lat="58.25007733" lon="15.28966251">
<ele>139.9</ele>
<time>2026-09-06T09:53:24Z</time>
<extensions>
<tp1:TrackPointExtension>
<tp1:hr>157</tp1:hr>
</tp1:TrackPointExtension>
</extensions>
</trkpt>
<trkpt lat="58.25007071" lon="15.2897216">
<ele>140.1</ele>
<time>2026-09-06T09:53:25Z</time>
<extensions>
<tp1:TrackPointExtension>
<tp1:hr>158</tp1:hr>
</tp1:TrackPointExtension>
</extensions>
</trkpt>
<trkpt lat="58.2500723" lon="15.28977835">
<ele>140.1</ele>
<time>2026-09-06T09:53:26Z</time>
<extensions>
<tp1:TrackPointExtension>
<tp1:hr>158</tp1:hr>
</tp1:TrackPointExtension>
</extensions>
</trkpt>
<trkpt lat="58.25006861" lon="15.28983811">
<ele>140.1</ele>
<time>2026-09-06T09:53:27Z</time>
<extensions>
<tp1:TrackPointExtension>
<tp1:hr>158</tp1:hr>
</tp1:TrackPointExtension>
</extensions>
</trkpt>
<trkpt lat="58.25006585" lon="15.28990416">
<ele>140.1</ele>
<time>2026-09-06T09:53:28Z</time>
<extensions>
<tp1:TrackPointExtension>
<tp1:hr>158</tp1:hr>
</tp1:TrackPointExtension>
</extensions>
</trkpt>
<trkpt lat="58.25006811" lon="15.28998622">
<ele>139.9</ele>
<time>2026-09-06T09:53:29Z</time>
<extensions>
<tp1:TrackPointExtension>
<tp1:hr>158</tp1:hr>
</tp1:TrackPointExtension>
</extensions>
</trkpt>
<trkpt lat="58.25006459" lon="15.29004799">
<ele>139.9</ele>
<time>2026-09-06T09:53:30Z</time>
<extensions>
<tp1:TrackPointExtension>
<tp1:hr>158</tp1:hr>
</tp1:TrackPointExtension>
</extensions>
</trkpt>
<trkpt lat="58.25004925" lon="15.29012008">
<ele>139.7</ele>
<time>2026-09-06T09:53:31Z</time>
<extensions>
<tp1:TrackPointExtension>
<tp1:hr>159</tp1:hr>
</tp1:TrackPointExtension>
</extensions>
</trkpt>
<trkpt lat="58.25003198" lon="15.29019828">
<ele>139.5</ele>
<time>2026-09-06T09:53:32Z</time>
<extensions>
<tp1:TrackPointExtension>
<tp1:hr>159</tp1:hr>
</tp1:TrackPointExtension>
</extensions>
</trkpt>
<trkpt lat="58.25001447" lon="15.29024622">
<ele>139.3</ele>
<time>2026-09-06T09:53:33Z</time>
<extensions>
<tp1:TrackPointExtension>
<tp1:hr>159</tp1:hr>
</tp1:TrackPointExtension>
</extensions>
</trkpt>
<trkpt lat="58.25000307" lon="15.29030766">
<ele>139.3</ele>
<time>2026-09-06T09:53:34Z</time>
<extensions>
<tp1:TrackPointExtension>
<tp1:hr>159</tp1:hr>
</tp1:TrackPointExtension>
</extensions>
</trkpt>
<trkpt lat="58.24999234" lon="15.29038268">
<ele>139.1</ele>
<time>2026-09-06T09:53:35Z</time>
<extensions>
<tp1:TrackPointExtension>
<tp1:hr>159</tp1:hr>
</tp1:TrackPointExtension>
</extensions>
</trkpt>
<trkpt lat="58.24998094" lon="15.29045351">
<ele>139.1</ele>
<time>2026-09-06T09:53:36Z</time>
<extensions>
<tp1:TrackPointExtension>
<tp1:hr>159</tp1:hr>
</tp1:TrackPointExtension>
</extensions>
</trkpt>
<trkpt lat="58.24997088" lon="15.29052693">
<ele>139.1</ele>
<time>2026-09-06T09:53:37Z</time>
<extensions>
<tp1:TrackPointExtension>
<tp1:hr>160</tp1:hr>
</tp1:TrackPointExtension>
</extensions>
</trkpt>
<trkpt lat="58.24996476" lon="15.29058938">
<ele>139.1</ele>
<time>2026-09-06T09:53:38Z</time>
<extensions>
<tp1:TrackPointExtension>
<tp1:hr>160</tp1:hr>
</tp1:TrackPointExtension>
</extensions>
</trkpt>
<trkpt lat="58.24996107" lon="15.29064193">
<ele>139.1</ele>
<time>2026-09-06T09:53:39Z</time>
<extensions>
<tp1:TrackPointExtension>
<tp1:hr>160</tp1:hr>
</tp1:TrackPointExtension>
</extensions>
</trkpt>
<trkpt lat="58.24994741" lon="15.29070538">
<ele>139.1</ele>
<time>2026-09-06T09:53:40Z</time>
<extensions>
<tp1:TrackPointExtension>
<tp1:hr>160</tp1:hr>
</tp1:TrackPointExtension>
</extensions>
</trkpt>
<trkpt lat="58.24993475" lon="15.29076917">
<ele>139.5</ele>
<time>2026-09-06T09:53:41Z</time>
<extensions>
<tp1:TrackPointExtension>
<tp1:hr>160</tp1:hr>
</tp1:TrackPointExtension>
</extensions>
</trkpt>
<trkpt lat="58.24992151" lon="15.29082047">
<ele>139.7</ele>
<time>2026-09-06T09:53:42Z</time>
<extensions>
<tp1:TrackPointExtension>
<tp1:hr>161</tp1:hr>
</tp1:TrackPointExtension>
</extensions>
</trkpt>
<trkpt lat="58.24989812" lon="15.29086565">
<ele>139.7</ele>
<time>2026-09-06T09:53:43Z</time>
<extensions>
<tp1:TrackPointExtension>
<tp1:hr>161</tp1:hr>
</tp1:TrackPointExtension>
</extensions>
</trkpt>
<trkpt lat="58.24988295" lon="15.29091418">
<ele>139.7</ele>
<time>2026-09-06T09:53:44Z</time>
<extensions>
<tp1:TrackPointExtension>
<tp1:hr>161</tp1:hr>
</tp1:TrackPointExtension>
</extensions>
</trkpt>
<trkpt lat="58.24986409" lon="15.29097076">
<ele>139.3</ele>
<time>2026-09-06T09:53:45Z</time>
<extensions>
<tp1:TrackPointExtension>
<tp1:hr>161</tp1:hr>
</tp1:TrackPointExtension>
</extensions>
</trkpt>
<trkpt lat="58.2498454" lon="15.29101451">
<ele>138.9</ele>
<time>2026-09-06T09:53:46Z</time>
<extensions>
<tp1:TrackPointExtension>
<tp1:hr>161</tp1:hr>
</tp1:TrackPointExtension>
</extensions>
</trkpt>
<trkpt lat="58.24982663" lon="15.29106354">
<ele>138.5</ele>
<time>2026-09-06T09:53:47Z</time>
<extensions>
<tp1:TrackPointExtension>
<tp1:hr>161</tp1:hr>
</tp1:TrackPointExtension>
</extensions>
</trkpt>
<trkpt lat="58.24980718" lon="15.29111149">
<ele>138.3</ele>
<time>2026-09-06T09:53:48Z</time>
<extensions>
<tp1:TrackPointExtension>
<tp1:hr>160</tp1:hr>
</tp1:TrackPointExtension>
</extensions>
</trkpt>
<trkpt lat="58.24978975" lon="15.29118315">
<ele>138.1</ele>
<time>2026-09-06T09:53:49Z</time>
<extensions>
<tp1:TrackPointExtension>
<tp1:hr>160</tp1:hr>
</tp1:TrackPointExtension>
</extensions>
</trkpt>
<trkpt lat="58.24977047" lon="15.29122406">
<ele>138.1</ele>
<time>2026-09-06T09:53:50Z</time>
<extensions>
<tp1:TrackPointExtension>
<tp1:hr>160</tp1:hr>
</tp1:TrackPointExtension>
</extensions>
</trkpt>
<trkpt lat="58.24974381" lon="15.29129405">
<ele>138.1</ele>
<time>2026-09-06T09:53:51Z</time>
<extensions>
<tp1:TrackPointExtension>
<tp1:hr>159</tp1:hr>
</tp1:TrackPointExtension>
</extensions>
</trkpt>
<trkpt lat="58.24972169" lon="15.29135012">
<ele>138.1</ele>
<time>2026-09-06T09:53:52Z</time>
<extensions>
<tp1:TrackPointExtension>
<tp1:hr>159</tp1:hr>
</tp1:TrackPointExtension>
</extensions>
</trkpt>
<trkpt lat="58.24970023" lon="15.29138189">
<ele>138.0</ele>
<time>2026-09-06T09:53:53Z</time>
<extensions>
<tp1:TrackPointExtension>
<tp1:hr>157</tp1:hr>
</tp1:TrackPointExtension>
</extensions>
</trkpt>
<trkpt lat="58.24967626" lon="15.29140737">
<ele>138.2</ele>
<time>2026-09-06T09:53:54Z</time>
<extensions>
<tp1:TrackPointExtension>
<tp1:hr>155</tp1:hr>
</tp1:TrackPointExtension>
</extensions>
</trkpt>
<trkpt lat="58.24965924" lon="15.29143838">
<ele>138.0</ele>
<time>2026-09-06T09:53:55Z</time>
<extensions>
<tp1:TrackPointExtension>
<tp1:hr>155</tp1:hr>
</tp1:TrackPointExtension>
</extensions>
</trkpt>
<trkpt lat="58.24963175" lon="15.29145062">
<ele>138.2</ele>
<time>2026-09-06T09:53:56Z</time>
<extensions>
<tp1:TrackPointExtension>
<tp1:hr>155</tp1:hr>
</tp1:TrackPointExtension>
</extensions>
</trkpt>
<trkpt lat="58.24960736" lon="15.29146864">
<ele>138.4</ele>
<time>2026-09-06T09:53:57Z</time>
<extensions>
<tp1:TrackPointExtension>
<tp1:hr>154</tp1:hr>
</tp1:TrackPointExtension>
</extensions>
</trkpt>
<trkpt lat="58.24958565" lon="15.29149161">
<ele>138.4</ele>
<time>2026-09-06T09:53:58Z</time>
<extensions>
<tp1:TrackPointExtension>
<tp1:hr>155</tp1:hr>
</tp1:TrackPointExtension>
</extensions>
</trkpt>
<trkpt lat="58.24955598" lon="15.29151005">
<ele>138.6</ele>
<time>2026-09-06T09:53:59Z</time>
<extensions>
<tp1:TrackPointExtension>
<tp1:hr>155</tp1:hr>
</tp1:TrackPointExtension>
</extensions>
</trkpt>
<trkpt lat="58.24951775" lon="15.29152094">
<ele>138.6</ele>
<time>2026-09-06T09:54:00Z</time>
<extensions>
<tp1:TrackPointExtension>
<tp1:hr>155</tp1:hr>
</tp1:TrackPointExtension>
</extensions>
</trkpt>
<trkpt lat="58.2494859" lon="15.29152731">
<ele>138.8</ele>
<time>2026-09-06T09:54:01Z</time>
<extensions>
<tp1:TrackPointExtension>
<tp1:hr>154</tp1:hr>
</tp1:TrackPointExtension>
</extensions>
</trkpt>
<trkpt lat="58.24945891" lon="15.29153662">
<ele>138.8</ele>
<time>2026-09-06T09:54:02Z</time>
<extensions>
<tp1:TrackPointExtension>
<tp1:hr>155</tp1:hr>
</tp1:TrackPointExtension>
</extensions>
</trkpt>
<trkpt lat="58.249431" lon="15.29153427">
<ele>139.2</ele>
<time>2026-09-06T09:54:03Z</time>
<extensions>
<tp1:TrackPointExtension>
<tp1:hr>155</tp1:hr>
</tp1:TrackPointExtension>
</extensions>
</trkpt>
<trkpt lat="58.24940125" lon="15.29153377">
<ele>139.4</ele>
<time>2026-09-06T09:54:04Z</time>
<extensions>
<tp1:TrackPointExtension>
<tp1:hr>154</tp1:hr>
</tp1:TrackPointExtension>
</extensions>
</trkpt>
<trkpt lat="58.24937451" lon="15.29154031">
<ele>139.6</ele>
<time>2026-09-06T09:54:05Z</time>
<extensions>
<tp1:TrackPointExtension>
<tp1:hr>155</tp1:hr>
</tp1:TrackPointExtension>
</extensions>
</trkpt>
<trkpt lat="58.24935162" lon="15.29156168">
<ele>139.8</ele>
<time>2026-09-06T09:54:06Z</time>
<extensions>
<tp1:TrackPointExtension>
<tp1:hr>154</tp1:hr>
</tp1:TrackPointExtension>
</extensions>
</trkpt>
<trkpt lat="58.24933117" lon="15.29159328">
<ele>140.0</ele>
<time>2026-09-06T09:54:07Z</time>
<extensions>
<tp1:TrackPointExtension>
<tp1:hr>154</tp1:hr>
</tp1:TrackPointExtension>
</extensions>
</trkpt>
<trkpt lat="58.24931835" lon="15.29162832">
<ele>140.2</ele>
<time>2026-09-06T09:54:08Z</time>
<extensions>
<tp1:TrackPointExtension>
<tp1:hr>154</tp1:hr>
</tp1:TrackPointExtension>
</extensions>
</trkpt>
<trkpt lat="58.24931005" lon="15.29165782">
<ele>140.4</ele>
<time>2026-09-06T09:54:09Z</time>
<extensions>
<tp1:TrackPointExtension>
<tp1:hr>154</tp1:hr>
</tp1:TrackPointExtension>
</extensions>
</trkpt>
<trkpt lat="58.24929605" lon="15.29169981">
<ele>140.6</ele>
<time>2026-09-06T09:54:10Z</time>
<extensions>
<tp1:TrackPointExtension>
<tp1:hr>154</tp1:hr>
</tp1:TrackPointExtension>
</extensions>
</trkpt>
<trkpt lat="58.24928834" lon="15.29172035">
<ele>141.0</ele>
<time>2026-09-06T09:54:11Z</time>
<extensions>
<tp1:TrackPointExtension>
<tp1:hr>154</tp1:hr>
</tp1:TrackPointExtension>
</extensions>
</trkpt>
<trkpt lat="58.24929111" lon="15.29177886">
<ele>141.4</ele>
<time>2026-09-06T09:54:12Z</time>
<extensions>
<tp1:TrackPointExtension>
<tp1:hr>154</tp1:hr>
</tp1:TrackPointExtension>
</extensions>
</trkpt>
<trkpt lat="58.24929907" lon="15.29181833">
<ele>141.8</ele>
<time>2026-09-06T09:54:13Z</time>
<extensions>
<tp1:TrackPointExtension>
<tp1:hr>153</tp1:hr>
</tp1:TrackPointExtension>
</extensions>
</trkpt>
<trkpt lat="58.24930619" lon="15.29185329">
<ele>142.4</ele>
<time>2026-09-06T09:54:14Z</time>
<extensions>
<tp1:TrackPointExtension>
<tp1:hr>153</tp1:hr>
</tp1:TrackPointExtension>
</extensions>
</trkpt>
<trkpt lat="58.24930988" lon="15.29189897">
<ele>142.8</ele>
<time>2026-09-06T09:54:15Z</time>
<extensions>
<tp1:TrackPointExtension>
<tp1:hr>152</tp1:hr>
</tp1:TrackPointExtension>
</extensions>
</trkpt>
<trkpt lat="58.24930318" lon="15.29193157">
<ele>143.4</ele>
<time>2026-09-06T09:54:16Z</time>
<extensions>
<tp1:TrackPointExtension>
<tp1:hr>151</tp1:hr>
</tp1:TrackPointExtension>
</extensions>
</trkpt>
<trkpt lat="58.24928985" lon="15.29196166">
<ele>144.0</ele>
<time>2026-09-06T09:54:17Z</time>
<extensions>
<tp1:TrackPointExtension>
<tp1:hr>151</tp1:hr>
</tp1:TrackPointExtension>
</extensions>
</trkpt>
<trkpt lat="58.24927342" lon="15.29198119">
<ele>144.2</ele>
<time>2026-09-06T09:54:18Z</time>
<extensions>
<tp1:TrackPointExtension>
<tp1:hr>151</tp1:hr>
</tp1:TrackPointExtension>
</extensions>
</trkpt>
<trkpt lat="58.24926035" lon="15.292005">
<ele>144.4</ele>
<time>2026-09-06T09:54:19Z</time>
<extensions>
<tp1:TrackPointExtension>
<tp1:hr>151</tp1:hr>
</tp1:TrackPointExtension>
</extensions>
</trkpt>
<trkpt lat="58.24925615" lon="15.29207608">
<ele>144.6</ele>
<time>2026-09-06T09:54:20Z</time>
<extensions>
<tp1:TrackPointExtension>
<tp1:hr>151</tp1:hr>
</tp1:TrackPointExtension>
</extensions>
</trkpt>
<trkpt lat="58.24924802" lon="15.29212385">
<ele>144.4</ele>
<time>2026-09-06T09:54:21Z</time>
<extensions>
<tp1:TrackPointExtension>
<tp1:hr>152</tp1:hr>
</tp1:TrackPointExtension>
</extensions>
</trkpt>
<trkpt lat="58.24924241" lon="15.29215579">
<ele>144.4</ele>
<time>2026-09-06T09:54:22Z</time>
<extensions>
<tp1:TrackPointExtension>
<tp1:hr>152</tp1:hr>
</tp1:TrackPointExtension>
</extensions>
</trkpt>
<trkpt lat="58.2492373" lon="15.29214565">
<ele>144.2</ele>
<time>2026-09-06T09:54:23Z</time>
<extensions>
<tp1:TrackPointExtension>
<tp1:hr>153</tp1:hr>
</tp1:TrackPointExtension>
</extensions>
</trkpt>
<trkpt lat="58.2492259" lon="15.29216057">
<ele>144.2</ele>
<time>2026-09-06T09:54:24Z</time>
<extensions>
<tp1:TrackPointExtension>
<tp1:hr>154</tp1:hr>
</tp1:TrackPointExtension>
</extensions>
</trkpt>
<trkpt lat="58.24921106" lon="15.29218932">
<ele>144.0</ele>
<time>2026-09-06T09:54:25Z</time>
<extensions>
<tp1:TrackPointExtension>
<tp1:hr>155</tp1:hr>
</tp1:TrackPointExtension>
</extensions>
</trkpt>
<trkpt lat="58.24919689" lon="15.29222419">
<ele>143.6</ele>
<time>2026-09-06T09:54:26Z</time>
<extensions>
<tp1:TrackPointExtension>
<tp1:hr>155</tp1:hr>
</tp1:TrackPointExtension>
</extensions>
</trkpt>
<trkpt lat="58.2491798" lon="15.29224648">
<ele>143.4</ele>
<time>2026-09-06T09:54:27Z</time>
<extensions>
<tp1:TrackPointExtension>
<tp1:hr>156</tp1:hr>
</tp1:TrackPointExtension>
</extensions>
</trkpt>
<trkpt lat="58.24918139" lon="15.2922816">
<ele>143.0</ele>
<time>2026-09-06T09:54:28Z</time>
<extensions>
<tp1:TrackPointExtension>
<tp1:hr>156</tp1:hr>
</tp1:TrackPointExtension>
</extensions>
</trkpt>
<trkpt lat="58.2491886" lon="15.29233349">
<ele>142.8</ele>
<time>2026-09-06T09:54:29Z</time>
<extensions>
<tp1:TrackPointExtension>
<tp1:hr>156</tp1:hr>
</tp1:TrackPointExtension>
</extensions>
</trkpt>
<trkpt lat="58.24920938" lon="15.29237607">
<ele>142.6</ele>
<time>2026-09-06T09:54:30Z</time>
<extensions>
<tp1:TrackPointExtension>
<tp1:hr>156</tp1:hr>
</tp1:TrackPointExtension>
</extensions>
</trkpt>
<trkpt lat="58.24922296" lon="15.29242141">
<ele>142.6</ele>
<time>2026-09-06T09:54:31Z</time>
<extensions>
<tp1:TrackPointExtension>
<tp1:hr>155</tp1:hr>
</tp1:TrackPointExtension>
</extensions>
</trkpt>
<trkpt lat="58.24923168" lon="15.29247313">
<ele>142.4</ele>
<time>2026-09-06T09:54:32Z</time>
<extensions>
<tp1:TrackPointExtension>
<tp1:hr>155</tp1:hr>
</tp1:TrackPointExtension>
</extensions>
</trkpt>
<trkpt lat="58.24923621" lon="15.29253189">
<ele>142.4</ele>
<time>2026-09-06T09:54:33Z</time>
<extensions>
<tp1:TrackPointExtension>
<tp1:hr>155</tp1:hr>
</tp1:TrackPointExtension>
</extensions>
</trkpt>
<trkpt lat="58.24923771" lon="15.29259282">
<ele>142.2</ele>
<time>2026-09-06T09:54:34Z</time>
<extensions>
<tp1:TrackPointExtension>
<tp1:hr>155</tp1:hr>
</tp1:TrackPointExtension>
</extensions>
</trkpt>
<trkpt lat="58.24923947" lon="15.29264261">
<ele>142.0</ele>
<time>2026-09-06T09:54:35Z</time>
<extensions>
<tp1:TrackPointExtension>
<tp1:hr>154</tp1:hr>
</tp1:TrackPointExtension>
</extensions>
</trkpt>
<trkpt lat="58.24923277" lon="15.29268477">
<ele>141.8</ele>
<time>2026-09-06T09:54:36Z</time>
<extensions>
<tp1:TrackPointExtension>
<tp1:hr>154</tp1:hr>
</tp1:TrackPointExtension>
</extensions>
</trkpt>
<trkpt lat="58.24923118" lon="15.2927437">
<ele>141.8</ele>
<time>2026-09-06T09:54:37Z</time>
<extensions>
<tp1:TrackPointExtension>
<tp1:hr>153</tp1:hr>
</tp1:TrackPointExtension>
</extensions>
</trkpt>
<trkpt lat="58.24922707" lon="15.2928229">
<ele>141.6</ele>
<time>2026-09-06T09:54:38Z</time>
<extensions>
<tp1:TrackPointExtension>
<tp1:hr>153</tp1:hr>
</tp1:TrackPointExtension>
</extensions>
</trkpt>
<trkpt lat="58.24922774" lon="15.29287915">
<ele>141.6</ele>
<time>2026-09-06T09:54:39Z</time>
<extensions>
<tp1:TrackPointExtension>
<tp1:hr>153</tp1:hr>
</tp1:TrackPointExtension>
</extensions>
</trkpt>
<trkpt lat="58.24922782" lon="15.29293413">
<ele>141.4</ele>
<time>2026-09-06T09:54:40Z</time>
<extensions>
<tp1:TrackPointExtension>
<tp1:hr>153</tp1:hr>
</tp1:TrackPointExtension>
</extensions>
</trkpt>
<trkpt lat="58.24922875" lon="15.29299398">
<ele>141.6</ele>
<time>2026-09-06T09:54:41Z</time>
<extensions>
<tp1:TrackPointExtension>
<tp1:hr>153</tp1:hr>
</tp1:TrackPointExtension>
</extensions>
</trkpt>
<trkpt lat="58.2492207" lon="15.29304368">
<ele>141.6</ele>
<time>2026-09-06T09:54:42Z</time>
<extensions>
<tp1:TrackPointExtension>
<tp1:hr>153</tp1:hr>
</tp1:TrackPointExtension>
</extensions>
</trkpt>
<trkpt lat="58.24921181" lon="15.29309582">
<ele>141.8</ele>
<time>2026-09-06T09:54:43Z</time>
<extensions>
<tp1:TrackPointExtension>
<tp1:hr>153</tp1:hr>
</tp1:TrackPointExtension>
</extensions>
</trkpt>
<trkpt lat="58.24919555" lon="15.29315483">
<ele>142.0</ele>
<time>2026-09-06T09:54:44Z</time>
<extensions>
<tp1:TrackPointExtension>
<tp1:hr>153</tp1:hr>
</tp1:TrackPointExtension>
</extensions>
</trkpt>
<trkpt lat="58.24918449" lon="15.29319967">
<ele>142.0</ele>
<time>2026-09-06T09:54:45Z</time>
<extensions>
<tp1:TrackPointExtension>
<tp1:hr>153</tp1:hr>
</tp1:TrackPointExtension>
</extensions>
</trkpt>
<trkpt lat="58.24917921" lon="15.29325642">
<ele>142.2</ele>
<time>2026-09-06T09:54:46Z</time>
<extensions>
<tp1:TrackPointExtension>
<tp1:hr>153</tp1:hr>
</tp1:TrackPointExtension>
</extensions>
</trkpt>
<trkpt lat="58.24917804" lon="15.29331584">
<ele>142.2</ele>
<time>2026-09-06T09:54:47Z</time>
<extensions>
<tp1:TrackPointExtension>
<tp1:hr>153</tp1:hr>
</tp1:TrackPointExtension>
</extensions>
</trkpt>
<trkpt lat="58.24918499" lon="15.29338089">
<ele>142.2</ele>
<time>2026-09-06T09:54:48Z</time>
<extensions>
<tp1:TrackPointExtension>
<tp1:hr>153</tp1:hr>
</tp1:TrackPointExtension>
</extensions>
</trkpt>
<trkpt lat="58.24919379" lon="15.29343478">
<ele>142.0</ele>
<time>2026-09-06T09:54:49Z</time>
<extensions>
<tp1:TrackPointExtension>
<tp1:hr>153</tp1:hr>
</tp1:TrackPointExtension>
</extensions>
</trkpt>
<trkpt lat="58.24921207" lon="15.29348684">
<ele>142.0</ele>
<time>2026-09-06T09:54:50Z</time>
<extensions>
<tp1:TrackPointExtension>
<tp1:hr>158</tp1:hr>
</tp1:TrackPointExtension>
</extensions>
</trkpt>
<trkpt lat="58.24923503" lon="15.29352405">
<ele>142.0</ele>
<time>2026-09-06T09:54:51Z</time>
<extensions>
<tp1:TrackPointExtension>
<tp1:hr>160</tp1:hr>
</tp1:TrackPointExtension>
</extensions>
</trkpt>
<trkpt lat="58.24925775" lon="15.29355272">
<ele>142.0</ele>
<time>2026-09-06T09:54:52Z</time>
<extensions>
<tp1:TrackPointExtension>
<tp1:hr>160</tp1:hr>
</tp1:TrackPointExtension>
</extensions>
</trkpt>
<trkpt lat="58.24929689" lon="15.29360628">
<ele>141.8</ele>
<time>2026-09-06T09:54:53Z</time>
<extensions>
<tp1:TrackPointExtension>
<tp1:hr>160</tp1:hr>
</tp1:TrackPointExtension>
</extensions>
</trkpt>
<trkpt lat="58.24932505" lon="15.29364031">
<ele>141.8</ele>
<time>2026-09-06T09:54:54Z</time>
<extensions>
<tp1:TrackPointExtension>
<tp1:hr>161</tp1:hr>
</tp1:TrackPointExtension>
</extensions>
</trkpt>
<trkpt lat="58.24935338" lon="15.29367308">
<ele>141.8</ele>
<time>2026-09-06T09:54:55Z</time>
<extensions>
<tp1:TrackPointExtension>
<tp1:hr>160</tp1:hr>
</tp1:TrackPointExtension>
</extensions>
</trkpt>
<trkpt lat="58.24938289" lon="15.29371935">
<ele>141.6</ele>
<time>2026-09-06T09:54:56Z</time>
<extensions>
<tp1:TrackPointExtension>
<tp1:hr>160</tp1:hr>
</tp1:TrackPointExtension>
</extensions>
</trkpt>
<trkpt lat="58.24941164" lon="15.29375816">
<ele>141.4</ele>
<time>2026-09-06T09:54:57Z</time>
<extensions>
<tp1:TrackPointExtension>
<tp1:hr>160</tp1:hr>
</tp1:TrackPointExtension>
</extensions>
</trkpt>
<trkpt lat="58.24944776" lon="15.29377836">
<ele>141.2</ele>
<time>2026-09-06T09:54:58Z</time>
<extensions>
<tp1:TrackPointExtension>
<tp1:hr>160</tp1:hr>
</tp1:TrackPointExtension>
</extensions>
</trkpt>
<trkpt lat="58.24949294" lon="15.29382999">
<ele>141.0</ele>
<time>2026-09-06T09:54:59Z</time>
<extensions>
<tp1:TrackPointExtension>
<tp1:hr>161</tp1:hr>
</tp1:TrackPointExtension>
</extensions>
</trkpt>
<trkpt lat="58.24952521" lon="15.29386871">
<ele>141.0</ele>
<time>2026-09-06T09:55:00Z</time>
<extensions>
<tp1:TrackPointExtension>
<tp1:hr>160</tp1:hr>
</tp1:TrackPointExtension>
</extensions>
</trkpt>
<trkpt lat="58.24955539" lon="15.2939325">
<ele>140.8</ele>
<time>2026-09-06T09:55:01Z</time>
<extensions>
<tp1:TrackPointExtension>
<tp1:hr>160</tp1:hr>
</tp1:TrackPointExtension>
</extensions>
</trkpt>
<trkpt lat="58.24958984" lon="15.29400492">
<ele>140.6</ele>
<time>2026-09-06T09:55:02Z</time>
<extensions>
<tp1:TrackPointExtension>
<tp1:hr>161</tp1:hr>
</tp1:TrackPointExtension>
</extensions>
</trkpt>
<trkpt lat="58.24961674" lon="15.29405898">
<ele>140.6</ele>
<time>2026-09-06T09:55:03Z</time>
<extensions>
<tp1:TrackPointExtension>
<tp1:hr>162</tp1:hr>
</tp1:TrackPointExtension>
</extensions>
</trkpt>
<trkpt lat="58.24964994" lon="15.29413249">
<ele>140.4</ele>
<time>2026-09-06T09:55:04Z</time>
<extensions>
<tp1:TrackPointExtension>
<tp1:hr>163</tp1:hr>
</tp1:TrackPointExtension>
</extensions>
</trkpt>
<trkpt lat="58.24967718" lon="15.29420508">
<ele>140.2</ele>
<time>2026-09-06T09:55:05Z</time>
<extensions>
<tp1:TrackPointExtension>
<tp1:hr>164</tp1:hr>
</tp1:TrackPointExtension>
</extensions>
</trkpt>
<trkpt lat="58.24970123" lon="15.29426895">
<ele>140.2</ele>
<time>2026-09-06T09:55:06Z</time>
<extensions>
<tp1:TrackPointExtension>
<tp1:hr>164</tp1:hr>
</tp1:TrackPointExtension>
</extensions>
</trkpt>
<trkpt lat="58.24973049" lon="15.29434833">
<ele>140.0</ele>
<time>2026-09-06T09:55:07Z</time>
<extensions>
<tp1:TrackPointExtension>
<tp1:hr>164</tp1:hr>
</tp1:TrackPointExtension>
</extensions>
</trkpt>
<trkpt lat="58.2497537" lon="15.29441362">
<ele>140.0</ele>
<time>2026-09-06T09:55:08Z</time>
<extensions>
<tp1:TrackPointExtension>
<tp1:hr>164</tp1:hr>
</tp1:TrackPointExtension>
</extensions>
</trkpt>
<trkpt lat="58.24977818" lon="15.29448537">
<ele>139.8</ele>
<time>2026-09-06T09:55:09Z</time>
<extensions>
<tp1:TrackPointExtension>
<tp1:hr>164</tp1:hr>
</tp1:TrackPointExtension>
</extensions>
</trkpt>
<trkpt lat="58.24980341" lon="15.2945774">
<ele>139.6</ele>
<time>2026-09-06T09:55:10Z</time>
<extensions>
<tp1:TrackPointExtension>
<tp1:hr>163</tp1:hr>
</tp1:TrackPointExtension>
</extensions>
</trkpt>
<trkpt lat="58.24982177" lon="15.29464153">
<ele>139.4</ele>
<time>2026-09-06T09:55:11Z</time>
<extensions>
<tp1:TrackPointExtension>
<tp1:hr>163</tp1:hr>
</tp1:TrackPointExtension>
</extensions>
</trkpt>
<trkpt lat="58.24984834" lon="15.29474446">
<ele>139.2</ele>
<time>2026-09-06T09:55:12Z</time>
<extensions>
<tp1:TrackPointExtension>
<tp1:hr>163</tp1:hr>
</tp1:TrackPointExtension>
</extensions>
</trkpt>
<trkpt lat="58.24986795" lon="15.29483104">
<ele>139.2</ele>
<time>2026-09-06T09:55:13Z</time>
<extensions>
<tp1:TrackPointExtension>
<tp1:hr>162</tp1:hr>
</tp1:TrackPointExtension>
</extensions>
</trkpt>
<trkpt lat="58.24988513" lon="15.29491017">
<ele>139.2</ele>
<time>2026-09-06T09:55:14Z</time>
<extensions>
<tp1:TrackPointExtension>
<tp1:hr>163</tp1:hr>
</tp1:TrackPointExtension>
</extensions>
</trkpt>
<trkpt lat="58.24989905" lon="15.29499834">
<ele>139.4</ele>
<time>2026-09-06T09:55:15Z</time>
<extensions>
<tp1:TrackPointExtension>
<tp1:hr>162</tp1:hr>
</tp1:TrackPointExtension>
</extensions>
</trkpt>
<trkpt lat="58.24990969" lon="15.29506464">
<ele>139.4</ele>
<time>2026-09-06T09:55:16Z</time>
<extensions>
<tp1:TrackPointExtension>
<tp1:hr>162</tp1:hr>
</tp1:TrackPointExtension>
</extensions>
</trkpt>
<trkpt lat="58.24992436" lon="15.29514628">
<ele>139.4</ele>
<time>2026-09-06T09:55:17Z</time>
<extensions>
<tp1:TrackPointExtension>
<tp1:hr>161</tp1:hr>
</tp1:TrackPointExtension>
</extensions>
</trkpt>
<trkpt lat="58.24993324" lon="15.295212">
<ele>139.4</ele>
<time>2026-09-06T09:55:18Z</time>
<extensions>
<tp1:TrackPointExtension>
<tp1:hr>161</tp1:hr>
</tp1:TrackPointExtension>
</extensions>
</trkpt>
<trkpt lat="58.24994196" lon="15.29527964">
<ele>139.4</ele>
<time>2026-09-06T09:55:19Z</time>
<extensions>
<tp1:TrackPointExtension>
<tp1:hr>161</tp1:hr>
</tp1:TrackPointExtension>
</extensions>
</trkpt>
<trkpt lat="58.24995068" lon="15.29534921">
<ele>139.6</ele>
<time>2026-09-06T09:55:20Z</time>
<extensions>
<tp1:TrackPointExtension>
<tp1:hr>161</tp1:hr>
</tp1:TrackPointExtension>
</extensions>
</trkpt>
<trkpt lat="58.24996225" lon="15.29541073">
<ele>139.6</ele>
<time>2026-09-06T09:55:21Z</time>
<extensions>
<tp1:TrackPointExtension>
<tp1:hr>161</tp1:hr>
</tp1:TrackPointExtension>
</extensions>
</trkpt>
<trkpt lat="58.24998471" lon="15.29548961">
<ele>139.6</ele>
<time>2026-09-06T09:55:22Z</time>
<extensions>
<tp1:TrackPointExtension>
<tp1:hr>161</tp1:hr>
</tp1:TrackPointExtension>
</extensions>
</trkpt>
<trkpt lat="58.24999846" lon="15.29555758">
<ele>139.6</ele>
<time>2026-09-06T09:55:23Z</time>
<extensions>
<tp1:TrackPointExtension>
<tp1:hr>161</tp1:hr>
</tp1:TrackPointExtension>
</extensions>
</trkpt>
<trkpt lat="58.25002008" lon="15.29562104">
<ele>139.6</ele>
<time>2026-09-06T09:55:24Z</time>
<extensions>
<tp1:TrackPointExtension>
<tp1:hr>161</tp1:hr>
</tp1:TrackPointExtension>
</extensions>
</trkpt>
<trkpt lat="58.2500314" lon="15.29569505">
<ele>139.6</ele>
<time>2026-09-06T09:55:25Z</time>
<extensions>
<tp1:TrackPointExtension>
<tp1:hr>161</tp1:hr>
</tp1:TrackPointExtension>
</extensions>
</trkpt>
<trkpt lat="58.25004129" lon="15.29574928">
<ele>139.8</ele>
<time>2026-09-06T09:55:26Z</time>
<extensions>
<tp1:TrackPointExtension>
<tp1:hr>161</tp1:hr>
</tp1:TrackPointExtension>
</extensions>
</trkpt>
<trkpt lat="58.25005017" lon="15.29581114">
<ele>140.0</ele>
<time>2026-09-06T09:55:27Z</time>
<extensions>
<tp1:TrackPointExtension>
<tp1:hr>161</tp1:hr>
</tp1:TrackPointExtension>
</extensions>
</trkpt>
<trkpt lat="58.25006635" lon="15.29585598">
<ele>140.2</ele>
<time>2026-09-06T09:55:28Z</time>
<extensions>
<tp1:TrackPointExtension>
<tp1:hr>161</tp1:hr>
</tp1:TrackPointExtension>
</extensions>
</trkpt>
<trkpt lat="58.25008898" lon="15.29590627">
<ele>140.6</ele>
<time>2026-09-06T09:55:29Z</time>
<extensions>
<tp1:TrackPointExtension>
<tp1:hr>161</tp1:hr>
</tp1:TrackPointExtension>
</extensions>
</trkpt>
<trkpt lat="58.25011153" lon="15.29595874">
<ele>141.0</ele>
<time>2026-09-06T09:55:30Z</time>
<extensions>
<tp1:TrackPointExtension>
<tp1:hr>160</tp1:hr>
</tp1:TrackPointExtension>
</extensions>
</trkpt>
<trkpt lat="58.25013827" lon="15.29598699">
<ele>141.2</ele>
<time>2026-09-06T09:55:31Z</time>
<extensions>
<tp1:TrackPointExtension>
<tp1:hr>161</tp1:hr>
</tp1:TrackPointExtension>
</extensions>
</trkpt>
<trkpt lat="58.25016039" lon="15.29601867">
<ele>141.2</ele>
<time>2026-09-06T09:55:32Z</time>
<extensions>
<tp1:TrackPointExtension>
<tp1:hr>160</tp1:hr>
</tp1:TrackPointExtension>
</extensions>
</trkpt>
<trkpt lat="58.25019099" lon="15.29608414">
<ele>141.4</ele>
<time>2026-09-06T09:55:33Z</time>
<extensions>
<tp1:TrackPointExtension>
<tp1:hr>160</tp1:hr>
</tp1:TrackPointExtension>
</extensions>
</trkpt>
<trkpt lat="58.25021613" lon="15.29612311">
<ele>141.6</ele>
<time>2026-09-06T09:55:34Z</time>
<extensions>
<tp1:TrackPointExtension>
<tp1:hr>160</tp1:hr>
</tp1:TrackPointExtension>
</extensions>
</trkpt>
<trkpt lat="58.25024019" lon="15.29616142">
<ele>141.6</ele>
<time>2026-09-06T09:55:35Z</time>
<extensions>
<tp1:TrackPointExtension>
<tp1:hr>160</tp1:hr>
</tp1:TrackPointExtension>
</extensions>
</trkpt>
<trkpt lat="58.25025737" lon="15.29621942">
<ele>141.8</ele>
<time>2026-09-06T09:55:36Z</time>
<extensions>
<tp1:TrackPointExtension>
<tp1:hr>160</tp1:hr>
</tp1:TrackPointExtension>
</extensions>
</trkpt>
<trkpt lat="58.25027389" lon="15.29625228">
<ele>141.8</ele>
<time>2026-09-06T09:55:37Z</time>
<extensions>
<tp1:TrackPointExtension>
<tp1:hr>161</tp1:hr>
</tp1:TrackPointExtension>
</extensions>
</trkpt>
<trkpt lat="58.25028839" lon="15.29628279">
<ele>141.6</ele>
<time>2026-09-06T09:55:38Z</time>
<extensions>
<tp1:TrackPointExtension>
<tp1:hr>161</tp1:hr>
</tp1:TrackPointExtension>
</extensions>
</trkpt>
<trkpt lat="58.25029685" lon="15.29631221">
<ele>141.4</ele>
<time>2026-09-06T09:55:39Z</time>
<extensions>
<tp1:TrackPointExtension>
<tp1:hr>161</tp1:hr>
</tp1:TrackPointExtension>
</extensions>
</trkpt>
<trkpt lat="58.25029979" lon="15.29636208">
<ele>141.2</ele>
<time>2026-09-06T09:55:40Z</time>
<extensions>
<tp1:TrackPointExtension>
<tp1:hr>161</tp1:hr>
</tp1:TrackPointExtension>
</extensions>
</trkpt>
<trkpt lat="58.2503101" lon="15.29640181">
<ele>140.8</ele>
<time>2026-09-06T09:55:41Z</time>
<extensions>
<tp1:TrackPointExtension>
<tp1:hr>161</tp1:hr>
</tp1:TrackPointExtension>
</extensions>
</trkpt>
<trkpt lat="58.25032158" lon="15.29643659">
<ele>140.4</ele>
<time>2026-09-06T09:55:42Z</time>
<extensions>
<tp1:TrackPointExtension>
<tp1:hr>161</tp1:hr>
</tp1:TrackPointExtension>
</extensions>
</trkpt>
<trkpt lat="58.25032979" lon="15.29647247">
<ele>140.0</ele>
<time>2026-09-06T09:55:43Z</time>
<extensions>
<tp1:TrackPointExtension>
<tp1:hr>161</tp1:hr>
</tp1:TrackPointExtension>
</extensions>
</trkpt>
<trkpt lat="58.25034278" lon="15.29653894">
<ele>139.6</ele>
<time>2026-09-06T09:55:44Z</time>
<extensions>
<tp1:TrackPointExtension>
<tp1:hr>161</tp1:hr>
</tp1:TrackPointExtension>
</extensions>
</trkpt>
<trkpt lat="58.25034605" lon="15.29660641">
<ele>139.2</ele>
<time>2026-09-06T09:55:45Z</time>
<extensions>
<tp1:TrackPointExtension>
<tp1:hr>160</tp1:hr>
</tp1:TrackPointExtension>
</extensions>
</trkpt>
<trkpt lat="58.25035058" lon="15.29666584">
<ele>138.8</ele>
<time>2026-09-06T09:55:46Z</time>
<extensions>
<tp1:TrackPointExtension>
<tp1:hr>160</tp1:hr>
</tp1:TrackPointExtension>
</extensions>
</trkpt>
<trkpt lat="58.25034974" lon="15.29671554">
<ele>138.6</ele>
<time>2026-09-06T09:55:47Z</time>
<extensions>
<tp1:TrackPointExtension>
<tp1:hr>159</tp1:hr>
</tp1:TrackPointExtension>
</extensions>
</trkpt>
<trkpt lat="58.25035284" lon="15.29676768">
<ele>138.6</ele>
<time>2026-09-06T09:55:48Z</time>
<extensions>
<tp1:TrackPointExtension>
<tp1:hr>159</tp1:hr>
</tp1:TrackPointExtension>
</extensions>
</trkpt>
<trkpt lat="58.25036013" lon="15.29682367">
<ele>138.4</ele>
<time>2026-09-06T09:55:49Z</time>
<extensions>
<tp1:TrackPointExtension>
<tp1:hr>159</tp1:hr>
</tp1:TrackPointExtension>
</extensions>
</trkpt>
<trkpt lat="58.25037464" lon="15.29687488">
<ele>138.4</ele>
<time>2026-09-06T09:55:50Z</time>
<extensions>
<tp1:TrackPointExtension>
<tp1:hr>159</tp1:hr>
</tp1:TrackPointExtension>
</extensions>
</trkpt>
<trkpt lat="58.25038637" lon="15.29690514">
<ele>138.4</ele>
<time>2026-09-06T09:55:51Z</time>
<extensions>
<tp1:TrackPointExtension>
<tp1:hr>158</tp1:hr>
</tp1:TrackPointExtension>
</extensions>
</trkpt>
<trkpt lat="58.25039241" lon="15.29694286">
<ele>138.4</ele>
<time>2026-09-06T09:55:52Z</time>
<extensions>
<tp1:TrackPointExtension>
<tp1:hr>158</tp1:hr>
</tp1:TrackPointExtension>
</extensions>
</trkpt>
<trkpt lat="58.25038821" lon="15.29697731">
<ele>138.4</ele>
<time>2026-09-06T09:55:53Z</time>
<extensions>
<tp1:TrackPointExtension>
<tp1:hr>158</tp1:hr>
</tp1:TrackPointExtension>
</extensions>
</trkpt>
<trkpt lat="58.25038788" lon="15.29702324">
<ele>138.4</ele>
<time>2026-09-06T09:55:54Z</time>
<extensions>
<tp1:TrackPointExtension>
<tp1:hr>158</tp1:hr>
</tp1:TrackPointExtension>
</extensions>
</trkpt>
<trkpt lat="58.25038712" lon="15.29707161">
<ele>138.2</ele>
<time>2026-09-06T09:55:55Z</time>
<extensions>
<tp1:TrackPointExtension>
<tp1:hr>157</tp1:hr>
</tp1:TrackPointExtension>
</extensions>
</trkpt>
<trkpt lat="58.25039132" lon="15.29712006">
<ele>138.0</ele>
<time>2026-09-06T09:55:56Z</time>
<extensions>
<tp1:TrackPointExtension>
<tp1:hr>157</tp1:hr>
</tp1:TrackPointExtension>
</extensions>
</trkpt>
<trkpt lat="58.25039274" lon="15.29716716">
<ele>137.8</ele>
<time>2026-09-06T09:55:57Z</time>
<extensions>
<tp1:TrackPointExtension>
<tp1:hr>157</tp1:hr>
</tp1:TrackPointExtension>
</extensions>
</trkpt>
<trkpt lat="58.25040037" lon="15.29721594">
<ele>137.8</ele>
<time>2026-09-06T09:55:58Z</time>
<extensions>
<tp1:TrackPointExtension>
<tp1:hr>158</tp1:hr>
</tp1:TrackPointExtension>
</extensions>
</trkpt>
<trkpt lat="58.25041755" lon="15.2972623">
<ele>137.8</ele>
<time>2026-09-06T09:55:59Z</time>
<extensions>
<tp1:TrackPointExtension>
<tp1:hr>157</tp1:hr>
</tp1:TrackPointExtension>
</extensions>
</trkpt>
<trkpt lat="58.25043507" lon="15.2973006">
<ele>137.8</ele>
<time>2026-09-06T09:56:00Z</time>
<extensions>
<tp1:TrackPointExtension>
<tp1:hr>157</tp1:hr>
</tp1:TrackPointExtension>
</extensions>
</trkpt>
<trkpt lat="58.25045535" lon="15.29733187">
<ele>138.0</ele>
<time>2026-09-06T09:56:01Z</time>
<extensions>
<tp1:TrackPointExtension>
<tp1:hr>157</tp1:hr>
</tp1:TrackPointExtension>
</extensions>
</trkpt>
<trkpt lat="58.25047891" lon="15.29737621">
<ele>138.0</ele>
<time>2026-09-06T09:56:02Z</time>
<extensions>
<tp1:TrackPointExtension>
<tp1:hr>156</tp1:hr>
</tp1:TrackPointExtension>
</extensions>
</trkpt>
<trkpt lat="58.25049927" lon="15.29741351">
<ele>138.0</ele>
<time>2026-09-06T09:56:03Z</time>
<extensions>
<tp1:TrackPointExtension>
<tp1:hr>156</tp1:hr>
</tp1:TrackPointExtension>
</extensions>
</trkpt>
<trkpt lat="58.25051847" lon="15.29745081">
<ele>138.0</ele>
<time>2026-09-06T09:56:04Z</time>
<extensions>
<tp1:TrackPointExtension>
<tp1:hr>155</tp1:hr>
</tp1:TrackPointExtension>
</extensions>
</trkpt>
<trkpt lat="58.25053959" lon="15.29749691">
<ele>138.2</ele>
<time>2026-09-06T09:56:05Z</time>
<extensions>
<tp1:TrackPointExtension>
<tp1:hr>155</tp1:hr>
</tp1:TrackPointExtension>
</extensions>
</trkpt>
<trkpt lat="58.25056222" lon="15.29753496">
<ele>138.2</ele>
<time>2026-09-06T09:56:06Z</time>
<extensions>
<tp1:TrackPointExtension>
<tp1:hr>155</tp1:hr>
</tp1:TrackPointExtension>
</extensions>
</trkpt>
<trkpt lat="58.25058603" lon="15.29756731">
<ele>138.2</ele>
<time>2026-09-06T09:56:07Z</time>
<extensions>
<tp1:TrackPointExtension>
<tp1:hr>155</tp1:hr>
</tp1:TrackPointExtension>
</extensions>
</trkpt>
<trkpt lat="58.25061092" lon="15.29761509">
<ele>138.4</ele>
<time>2026-09-06T09:56:08Z</time>
<extensions>
<tp1:TrackPointExtension>
<tp1:hr>155</tp1:hr>
</tp1:TrackPointExtension>
</extensions>
</trkpt>
<trkpt lat="58.2506307" lon="15.29766438">
<ele>138.4</ele>
<time>2026-09-06T09:56:09Z</time>
<extensions>
<tp1:TrackPointExtension>
<tp1:hr>154</tp1:hr>
</tp1:TrackPointExtension>
</extensions>
</trkpt>
<trkpt lat="58.25064856" lon="15.29771785">
<ele>138.4</ele>
<time>2026-09-06T09:56:10Z</time>
<extensions>
<tp1:TrackPointExtension>
<tp1:hr>154</tp1:hr>
</tp1:TrackPointExtension>
</extensions>
</trkpt>
<trkpt lat="58.25065962" lon="15.29775205">
<ele>138.4</ele>
<time>2026-09-06T09:56:11Z</time>
<extensions>
<tp1:TrackPointExtension>
<tp1:hr>154</tp1:hr>
</tp1:TrackPointExtension>
</extensions>
</trkpt>
<trkpt lat="58.25067471" lon="15.29779656">
<ele>138.6</ele>
<time>2026-09-06T09:56:12Z</time>
<extensions>
<tp1:TrackPointExtension>
<tp1:hr>154</tp1:hr>
</tp1:TrackPointExtension>
</extensions>
</trkpt>
<trkpt lat="58.25069441" lon="15.29783268">
<ele>138.6</ele>
<time>2026-09-06T09:56:13Z</time>
<extensions>
<tp1:TrackPointExtension>
<tp1:hr>154</tp1:hr>
</tp1:TrackPointExtension>
</extensions>
</trkpt>
<trkpt lat="58.25070656" lon="15.29789052">
<ele>138.6</ele>
<time>2026-09-06T09:56:14Z</time>
<extensions>
<tp1:TrackPointExtension>
<tp1:hr>154</tp1:hr>
</tp1:TrackPointExtension>
</extensions>
</trkpt>
<trkpt lat="58.25072634" lon="15.2979481">
<ele>138.4</ele>
<time>2026-09-06T09:56:15Z</time>
<extensions>
<tp1:TrackPointExtension>
<tp1:hr>153</tp1:hr>
</tp1:TrackPointExtension>
</extensions>
</trkpt>
<trkpt lat="58.25073749" lon="15.29801424">
<ele>138.4</ele>
<time>2026-09-06T09:56:16Z</time>
<extensions>
<tp1:TrackPointExtension>
<tp1:hr>153</tp1:hr>
</tp1:TrackPointExtension>
</extensions>
</trkpt>
<trkpt lat="58.2507431" lon="15.29806595">
<ele>138.2</ele>
<time>2026-09-06T09:56:17Z</time>
<extensions>
<tp1:TrackPointExtension>
<tp1:hr>153</tp1:hr>
</tp1:TrackPointExtension>
</extensions>
</trkpt>
<trkpt lat="58.25075316" lon="15.29810761">
<ele>138.4</ele>
<time>2026-09-06T09:56:18Z</time>
<extensions>
<tp1:TrackPointExtension>
<tp1:hr>153</tp1:hr>
</tp1:TrackPointExtension>
</extensions>
</trkpt>
<trkpt lat="58.25078066" lon="15.29815488">
<ele>138.4</ele>
<time>2026-09-06T09:56:19Z</time>
<extensions>
<tp1:TrackPointExtension>
<tp1:hr>153</tp1:hr>
</tp1:TrackPointExtension>
</extensions>
</trkpt>
<trkpt lat="58.25081267" lon="15.29819001">
<ele>138.4</ele>
<time>2026-09-06T09:56:20Z</time>
<extensions>
<tp1:TrackPointExtension>
<tp1:hr>153</tp1:hr>
</tp1:TrackPointExtension>
</extensions>
</trkpt>
<trkpt lat="58.25083489" lon="15.29821632">
<ele>138.4</ele>
<time>2026-09-06T09:56:21Z</time>
<extensions>
<tp1:TrackPointExtension>
<tp1:hr>153</tp1:hr>
</tp1:TrackPointExtension>
</extensions>
</trkpt>
<trkpt lat="58.25086196" lon="15.29823116">
<ele>138.4</ele>
<time>2026-09-06T09:56:22Z</time>
<extensions>
<tp1:TrackPointExtension>
<tp1:hr>154</tp1:hr>
</tp1:TrackPointExtension>
</extensions>
</trkpt>
<trkpt lat="58.25088803" lon="15.29828581">
<ele>138.4</ele>
<time>2026-09-06T09:56:23Z</time>
<extensions>
<tp1:TrackPointExtension>
<tp1:hr>154</tp1:hr>
</tp1:TrackPointExtension>
</extensions>
</trkpt>
<trkpt lat="58.25090471" lon="15.29835915">
<ele>138.4</ele>
<time>2026-09-06T09:56:24Z</time>
<extensions>
<tp1:TrackPointExtension>
<tp1:hr>154</tp1:hr>
</tp1:TrackPointExtension>
</extensions>
</trkpt>
<trkpt lat="58.25091435" lon="15.29843543">
<ele>138.6</ele>
<time>2026-09-06T09:56:25Z</time>
<extensions>
<tp1:TrackPointExtension>
<tp1:hr>154</tp1:hr>
</tp1:TrackPointExtension>
</extensions>
</trkpt>
<trkpt lat="58.25092231" lon="15.29847725">
<ele>138.4</ele>
<time>2026-09-06T09:56:26Z</time>
<extensions>
<tp1:TrackPointExtension>
<tp1:hr>154</tp1:hr>
</tp1:TrackPointExtension>
</extensions>
</trkpt>
<trkpt lat="58.25093564" lon="15.29854582">
<ele>138.3</ele>
<time>2026-09-06T09:56:27Z</time>
<extensions>
<tp1:TrackPointExtension>
<tp1:hr>155</tp1:hr>
</tp1:TrackPointExtension>
</extensions>
</trkpt>
<trkpt lat="58.25093421" lon="15.29861296">
<ele>138.1</ele>
<time>2026-09-06T09:56:28Z</time>
<extensions>
<tp1:TrackPointExtension>
<tp1:hr>155</tp1:hr>
</tp1:TrackPointExtension>
</extensions>
</trkpt>
<trkpt lat="58.25093664" lon="15.29867213">
<ele>138.1</ele>
<time>2026-09-06T09:56:29Z</time>
<extensions>
<tp1:TrackPointExtension>
<tp1:hr>156</tp1:hr>
</tp1:TrackPointExtension>
</extensions>
</trkpt>
<trkpt lat="58.25094787" lon="15.29870977">
<ele>138.1</ele>
<time>2026-09-06T09:56:30Z</time>
<extensions>
<tp1:TrackPointExtension>
<tp1:hr>157</tp1:hr>
</tp1:TrackPointExtension>
</extensions>
</trkpt>
<trkpt lat="58.25095148" lon="15.2987609">
<ele>137.9</ele>
<time>2026-09-06T09:56:31Z</time>
<extensions>
<tp1:TrackPointExtension>
<tp1:hr>157</tp1:hr>
</tp1:TrackPointExtension>
</extensions>
</trkpt>
<trkpt lat="58.25096196" lon="15.29880146">
<ele>137.9</ele>
<time>2026-09-06T09:56:32Z</time>
<extensions>
<tp1:TrackPointExtension>
<tp1:hr>157</tp1:hr>
</tp1:TrackPointExtension>
</extensions>
</trkpt>
<trkpt lat="58.25096824" lon="15.29884346">
<ele>137.9</ele>
<time>2026-09-06T09:56:33Z</time>
<extensions>
<tp1:TrackPointExtension>
<tp1:hr>158</tp1:hr>
</tp1:TrackPointExtension>
</extensions>
</trkpt>
<trkpt lat="58.25097143" lon="15.29890154">
<ele>137.9</ele>
<time>2026-09-06T09:56:34Z</time>
<extensions>
<tp1:TrackPointExtension>
<tp1:hr>157</tp1:hr>
</tp1:TrackPointExtension>
</extensions>
</trkpt>
<trkpt lat="58.25097386" lon="15.29896064">
<ele>137.7</ele>
<time>2026-09-06T09:56:35Z</time>
<extensions>
<tp1:TrackPointExtension>
<tp1:hr>157</tp1:hr>
</tp1:TrackPointExtension>
</extensions>
</trkpt>
<trkpt lat="58.25097436" lon="15.2990142">
<ele>137.9</ele>
<time>2026-09-06T09:56:36Z</time>
<extensions>
<tp1:TrackPointExtension>
<tp1:hr>157</tp1:hr>
</tp1:TrackPointExtension>
</extensions>
</trkpt>
<trkpt lat="58.25096874" lon="15.29906809">
<ele>137.9</ele>
<time>2026-09-06T09:56:37Z</time>
<extensions>
<tp1:TrackPointExtension>
<tp1:hr>157</tp1:hr>
</tp1:TrackPointExtension>
</extensions>
</trkpt>
<trkpt lat="58.25096514" lon="15.29913263">
<ele>138.1</ele>
<time>2026-09-06T09:56:38Z</time>
<extensions>
<tp1:TrackPointExtension>
<tp1:hr>157</tp1:hr>
</tp1:TrackPointExtension>
</extensions>
</trkpt>
<trkpt lat="58.25096724" lon="15.29919852">
<ele>138.1</ele>
<time>2026-09-06T09:56:39Z</time>
<extensions>
<tp1:TrackPointExtension>
<tp1:hr>157</tp1:hr>
</tp1:TrackPointExtension>
</extensions>
</trkpt>
<trkpt lat="58.25097386" lon="15.29924562">
<ele>138.1</ele>
<time>2026-09-06T09:56:40Z</time>
<extensions>
<tp1:TrackPointExtension>
<tp1:hr>157</tp1:hr>
</tp1:TrackPointExtension>
</extensions>
</trkpt>
<trkpt lat="58.2509897" lon="15.29929969">
<ele>137.7</ele>
<time>2026-09-06T09:56:41Z</time>
<extensions>
<tp1:TrackPointExtension>
<tp1:hr>157</tp1:hr>
</tp1:TrackPointExtension>
</extensions>
</trkpt>
<trkpt lat="58.25100529" lon="15.29935584">
<ele>137.5</ele>
<time>2026-09-06T09:56:42Z</time>
<extensions>
<tp1:TrackPointExtension>
<tp1:hr>156</tp1:hr>
</tp1:TrackPointExtension>
</extensions>
</trkpt>
<trkpt lat="58.25102247" lon="15.29940387">
<ele>137.1</ele>
<time>2026-09-06T09:56:43Z</time>
<extensions>
<tp1:TrackPointExtension>
<tp1:hr>157</tp1:hr>
</tp1:TrackPointExtension>
</extensions>
</trkpt>
<trkpt lat="58.25103555" lon="15.29945333">
<ele>137.1</ele>
<time>2026-09-06T09:56:44Z</time>
<extensions>
<tp1:TrackPointExtension>
<tp1:hr>157</tp1:hr>
</tp1:TrackPointExtension>
</extensions>
</trkpt>
<trkpt lat="58.25105659" lon="15.2995229">
<ele>136.9</ele>
<time>2026-09-06T09:56:45Z</time>
<extensions>
<tp1:TrackPointExtension>
<tp1:hr>158</tp1:hr>
</tp1:TrackPointExtension>
</extensions>
</trkpt>
<trkpt lat="58.2510762" lon="15.29957344">
<ele>136.7</ele>
<time>2026-09-06T09:56:46Z</time>
<extensions>
<tp1:TrackPointExtension>
<tp1:hr>158</tp1:hr>
</tp1:TrackPointExtension>
</extensions>
</trkpt>
<trkpt lat="58.25108727" lon="15.2996213">
<ele>136.9</ele>
<time>2026-09-06T09:56:47Z</time>
<extensions>
<tp1:TrackPointExtension>
<tp1:hr>158</tp1:hr>
</tp1:TrackPointExtension>
</extensions>
</trkpt>
<trkpt lat="58.25109799" lon="15.29965768">
<ele>137.1</ele>
<time>2026-09-06T09:56:48Z</time>
<extensions>
<tp1:TrackPointExtension>
<tp1:hr>159</tp1:hr>
</tp1:TrackPointExtension>
</extensions>
</trkpt>
<trkpt lat="58.25111467" lon="15.29967813">
<ele>137.5</ele>
<time>2026-09-06T09:56:49Z</time>
<extensions>
<tp1:TrackPointExtension>
<tp1:hr>159</tp1:hr>
</tp1:TrackPointExtension>
</extensions>
</trkpt>
<trkpt lat="58.25112616" lon="15.29971861">
<ele>137.7</ele>
<time>2026-09-06T09:56:50Z</time>
<extensions>
<tp1:TrackPointExtension>
<tp1:hr>159</tp1:hr>
</tp1:TrackPointExtension>
</extensions>
</trkpt>
<trkpt lat="58.2511301" lon="15.29975231">
<ele>137.7</ele>
<time>2026-09-06T09:56:51Z</time>
<extensions>
<tp1:TrackPointExtension>
<tp1:hr>159</tp1:hr>
</tp1:TrackPointExtension>
</extensions>
</trkpt>
<trkpt lat="58.2511337" lon="15.29977997">
<ele>137.7</ele>
<time>2026-09-06T09:56:52Z</time>
<extensions>
<tp1:TrackPointExtension>
<tp1:hr>159</tp1:hr>
</tp1:TrackPointExtension>
</extensions>
</trkpt>
<trkpt lat="58.25113965" lon="15.29983009">
<ele>137.5</ele>
<time>2026-09-06T09:56:53Z</time>
<extensions>
<tp1:TrackPointExtension>
<tp1:hr>159</tp1:hr>
</tp1:TrackPointExtension>
</extensions>
</trkpt>
<trkpt lat="58.25114854" lon="15.2998746">
<ele>137.5</ele>
<time>2026-09-06T09:56:54Z</time>
<extensions>
<tp1:TrackPointExtension>
<tp1:hr>159</tp1:hr>
</tp1:TrackPointExtension>
</extensions>
</trkpt>
<trkpt lat="58.25116279" lon="15.2999041">
<ele>137.7</ele>
<time>2026-09-06T09:56:55Z</time>
<extensions>
<tp1:TrackPointExtension>
<tp1:hr>159</tp1:hr>
</tp1:TrackPointExtension>
</extensions>
</trkpt>
<trkpt lat="58.2511772" lon="15.29992581">
<ele>137.7</ele>
<time>2026-09-06T09:56:56Z</time>
<extensions>
<tp1:TrackPointExtension>
<tp1:hr>159</tp1:hr>
</tp1:TrackPointExtension>
</extensions>
</trkpt>
<trkpt lat="58.25119137" lon="15.29996462">
<ele>137.9</ele>
<time>2026-09-06T09:56:57Z</time>
<extensions>
<tp1:TrackPointExtension>
<tp1:hr>159</tp1:hr>
</tp1:TrackPointExtension>
</extensions>
</trkpt>
<trkpt lat="58.25120788" lon="15.30000083">
<ele>137.9</ele>
<time>2026-09-06T09:56:58Z</time>
<extensions>
<tp1:TrackPointExtension>
<tp1:hr>158</tp1:hr>
</tp1:TrackPointExtension>
</extensions>
</trkpt>
<trkpt lat="58.25121702" lon="15.30004844">
<ele>137.7</ele>
<time>2026-09-06T09:56:59Z</time>
<extensions>
<tp1:TrackPointExtension>
<tp1:hr>158</tp1:hr>
</tp1:TrackPointExtension>
</extensions>
</trkpt>
<trkpt lat="58.25122515" lon="15.30009203">
<ele>137.3</ele>
<time>2026-09-06T09:57:00Z</time>
<extensions>
<tp1:TrackPointExtension>
<tp1:hr>158</tp1:hr>
</tp1:TrackPointExtension>
</extensions>
</trkpt>
<trkpt lat="58.25123303" lon="15.30013184">
<ele>137.3</ele>
<time>2026-09-06T09:57:01Z</time>
<extensions>
<tp1:TrackPointExtension>
<tp1:hr>157</tp1:hr>
</tp1:TrackPointExtension>
</extensions>
</trkpt>
<trkpt lat="58.25124795" lon="15.30016009">
<ele>137.3</ele>
<time>2026-09-06T09:57:02Z</time>
<extensions>
<tp1:TrackPointExtension>
<tp1:hr>156</tp1:hr>
</tp1:TrackPointExtension>
</extensions>
</trkpt>
<trkpt lat="58.25126664" lon="15.3001802">
<ele>137.3</ele>
<time>2026-09-06T09:57:03Z</time>
<extensions>
<tp1:TrackPointExtension>
<tp1:hr>156</tp1:hr>
</tp1:TrackPointExtension>
</extensions>
</trkpt>
<trkpt lat="58.25129388" lon="15.30020133">
<ele>137.5</ele>
<time>2026-09-06T09:57:04Z</time>
<extensions>
<tp1:TrackPointExtension>
<tp1:hr>155</tp1:hr>
</tp1:TrackPointExtension>
</extensions>
</trkpt>
<trkpt lat="58.25132037" lon="15.30024206">
<ele>137.5</ele>
<time>2026-09-06T09:57:05Z</time>
<extensions>
<tp1:TrackPointExtension>
<tp1:hr>155</tp1:hr>
</tp1:TrackPointExtension>
</extensions>
</trkpt>
<trkpt lat="58.25133788" lon="15.30029017">
<ele>137.5</ele>
<time>2026-09-06T09:57:06Z</time>
<extensions>
<tp1:TrackPointExtension>
<tp1:hr>154</tp1:hr>
</tp1:TrackPointExtension>
</extensions>
</trkpt>
<trkpt lat="58.25133604" lon="15.30032739">
<ele>137.7</ele>
<time>2026-09-06T09:57:07Z</time>
<extensions>
<tp1:TrackPointExtension>
<tp1:hr>154</tp1:hr>
</tp1:TrackPointExtension>
</extensions>
</trkpt>
<trkpt lat="58.25132875" lon="15.30037827">
<ele>137.7</ele>
<time>2026-09-06T09:57:08Z</time>
<extensions>
<tp1:TrackPointExtension>
<tp1:hr>154</tp1:hr>
</tp1:TrackPointExtension>
</extensions>
</trkpt>
<trkpt lat="58.25132975" lon="15.30043049">
<ele>137.9</ele>
<time>2026-09-06T09:57:09Z</time>
<extensions>
<tp1:TrackPointExtension>
<tp1:hr>154</tp1:hr>
</tp1:TrackPointExtension>
</extensions>
</trkpt>
<trkpt lat="58.25133269" lon="15.30048095">
<ele>138.1</ele>
<time>2026-09-06T09:57:10Z</time>
<extensions>
<tp1:TrackPointExtension>
<tp1:hr>154</tp1:hr>
</tp1:TrackPointExtension>
</extensions>
</trkpt>
<trkpt lat="58.25133294" lon="15.30055387">
<ele>138.3</ele>
<time>2026-09-06T09:57:11Z</time>
<extensions>
<tp1:TrackPointExtension>
<tp1:hr>154</tp1:hr>
</tp1:TrackPointExtension>
</extensions>
</trkpt>
<trkpt lat="58.2513316" lon="15.30061841">
<ele>138.7</ele>
<time>2026-09-06T09:57:12Z</time>
<extensions>
<tp1:TrackPointExtension>
<tp1:hr>154</tp1:hr>
</tp1:TrackPointExtension>
</extensions>
</trkpt>
<trkpt lat="58.25133788" lon="15.30067985">
<ele>138.9</ele>
<time>2026-09-06T09:57:13Z</time>
<extensions>
<tp1:TrackPointExtension>
<tp1:hr>154</tp1:hr>
</tp1:TrackPointExtension>
</extensions>
</trkpt>
<trkpt lat="58.25134878" lon="15.30073559">
<ele>139.1</ele>
<time>2026-09-06T09:57:14Z</time>
<extensions>
<tp1:TrackPointExtension>
<tp1:hr>154</tp1:hr>
</tp1:TrackPointExtension>
</extensions>
</trkpt>
<trkpt lat="58.25135272" lon="15.30080306">
<ele>139.3</ele>
<time>2026-09-06T09:57:15Z</time>
<extensions>
<tp1:TrackPointExtension>
<tp1:hr>153</tp1:hr>
</tp1:TrackPointExtension>
</extensions>
</trkpt>
<trkpt lat="58.25136462" lon="15.30086417">
<ele>139.5</ele>
<time>2026-09-06T09:57:16Z</time>
<extensions>
<tp1:TrackPointExtension>
<tp1:hr>154</tp1:hr>
</tp1:TrackPointExtension>
</extensions>
</trkpt>
<trkpt lat="58.25137401" lon="15.30092603">
<ele>139.5</ele>
<time>2026-09-06T09:57:17Z</time>
<extensions>
<tp1:TrackPointExtension>
<tp1:hr>154</tp1:hr>
</tp1:TrackPointExtension>
</extensions>
</trkpt>
<trkpt lat="58.25136906" lon="15.30099954">
<ele>139.5</ele>
<time>2026-09-06T09:57:18Z</time>
<extensions>
<tp1:TrackPointExtension>
<tp1:hr>154</tp1:hr>
</tp1:TrackPointExtension>
</extensions>
</trkpt>
<trkpt lat="58.25136613" lon="15.30105066">
<ele>139.5</ele>
<time>2026-09-06T09:57:19Z</time>
<extensions>
<tp1:TrackPointExtension>
<tp1:hr>154</tp1:hr>
</tp1:TrackPointExtension>
</extensions>
</trkpt>
<trkpt lat="58.25136621" lon="15.30109936">
<ele>139.7</ele>
<time>2026-09-06T09:57:20Z</time>
<extensions>
<tp1:TrackPointExtension>
<tp1:hr>154</tp1:hr>
</tp1:TrackPointExtension>
</extensions>
</trkpt>
<trkpt lat="58.25136228" lon="15.30115703">
<ele>139.9</ele>
<time>2026-09-06T09:57:21Z</time>
<extensions>
<tp1:TrackPointExtension>
<tp1:hr>155</tp1:hr>
</tp1:TrackPointExtension>
</extensions>
</trkpt>
<trkpt lat="58.25137024" lon="15.30119936">
<ele>140.1</ele>
<time>2026-09-06T09:57:22Z</time>
<extensions>
<tp1:TrackPointExtension>
<tp1:hr>155</tp1:hr>
</tp1:TrackPointExtension>
</extensions>
</trkpt>
<trkpt lat="58.25137711" lon="15.30125032">
<ele>140.1</ele>
<time>2026-09-06T09:57:23Z</time>
<extensions>
<tp1:TrackPointExtension>
<tp1:hr>156</tp1:hr>
</tp1:TrackPointExtension>
</extensions>
</trkpt>
<trkpt lat="58.25138507" lon="15.30130229">
<ele>140.1</ele>
<time>2026-09-06T09:57:24Z</time>
<extensions>
<tp1:TrackPointExtension>
<tp1:hr>156</tp1:hr>
</tp1:TrackPointExtension>
</extensions>
</trkpt>
<trkpt lat="58.25138985" lon="15.30132484">
<ele>140.3</ele>
<time>2026-09-06T09:57:25Z</time>
<extensions>
<tp1:TrackPointExtension>
<tp1:hr>157</tp1:hr>
</tp1:TrackPointExtension>
</extensions>
</trkpt>
<trkpt lat="58.25139161" lon="15.30139181">
<ele>140.3</ele>
<time>2026-09-06T09:57:26Z</time>
<extensions>
<tp1:TrackPointExtension>
<tp1:hr>157</tp1:hr>
</tp1:TrackPointExtension>
</extensions>
</trkpt>
<trkpt lat="58.25138248" lon="15.3014478">
<ele>140.3</ele>
<time>2026-09-06T09:57:27Z</time>
<extensions>
<tp1:TrackPointExtension>
<tp1:hr>157</tp1:hr>
</tp1:TrackPointExtension>
</extensions>
</trkpt>
<trkpt lat="58.25137275" lon="15.30148602">
<ele>140.3</ele>
<time>2026-09-06T09:57:28Z</time>
<extensions>
<tp1:TrackPointExtension>
<tp1:hr>158</tp1:hr>
</tp1:TrackPointExtension>
</extensions>
</trkpt>
<trkpt lat="58.25136437" lon="15.30152567">
<ele>140.5</ele>
<time>2026-09-06T09:57:29Z</time>
<extensions>
<tp1:TrackPointExtension>
<tp1:hr>158</tp1:hr>
</tp1:TrackPointExtension>
</extensions>
</trkpt>
<trkpt lat="58.25136378" lon="15.30157227">
<ele>140.5</ele>
<time>2026-09-06T09:57:30Z</time>
<extensions>
<tp1:TrackPointExtension>
<tp1:hr>159</tp1:hr>
</tp1:TrackPointExtension>
</extensions>
</trkpt>
<trkpt lat="58.25137418" lon="15.3016229">
<ele>140.7</ele>
<time>2026-09-06T09:57:31Z</time>
<extensions>
<tp1:TrackPointExtension>
<tp1:hr>159</tp1:hr>
</tp1:TrackPointExtension>
</extensions>
</trkpt>
<trkpt lat="58.25138507" lon="15.30167344">
<ele>140.7</ele>
<time>2026-09-06T09:57:32Z</time>
<extensions>
<tp1:TrackPointExtension>
<tp1:hr>159</tp1:hr>
</tp1:TrackPointExtension>
</extensions>
</trkpt>
<trkpt lat="58.25138868" lon="15.30171468">
<ele>140.7</ele>
<time>2026-09-06T09:57:33Z</time>
<extensions>
<tp1:TrackPointExtension>
<tp1:hr>160</tp1:hr>
</tp1:TrackPointExtension>
</extensions>
</trkpt>
<trkpt lat="58.25138281" lon="15.30175567">
<ele>140.7</ele>
<time>2026-09-06T09:57:34Z</time>
<extensions>
<tp1:TrackPointExtension>
<tp1:hr>160</tp1:hr>
</tp1:TrackPointExtension>
</extensions>
</trkpt>
<trkpt lat="58.25136982" lon="15.30179942">
<ele>140.5</ele>
<time>2026-09-06T09:57:35Z</time>
<extensions>
<tp1:TrackPointExtension>
<tp1:hr>160</tp1:hr>
</tp1:TrackPointExtension>
</extensions>
</trkpt>
<trkpt lat="58.25135113" lon="15.30185181">
<ele>140.1</ele>
<time>2026-09-06T09:57:36Z</time>
<extensions>
<tp1:TrackPointExtension>
<tp1:hr>161</tp1:hr>
</tp1:TrackPointExtension>
</extensions>
</trkpt>
<trkpt lat="58.25134015" lon="15.30190419">
<ele>139.7</ele>
<time>2026-09-06T09:57:37Z</time>
<extensions>
<tp1:TrackPointExtension>
<tp1:hr>161</tp1:hr>
</tp1:TrackPointExtension>
</extensions>
</trkpt>
<trkpt lat="58.25133914" lon="15.30195524">
<ele>139.5</ele>
<time>2026-09-06T09:57:38Z</time>
<extensions>
<tp1:TrackPointExtension>
<tp1:hr>161</tp1:hr>
</tp1:TrackPointExtension>
</extensions>
</trkpt>
<trkpt lat="58.25134157" lon="15.30200226">
<ele>139.1</ele>
<time>2026-09-06T09:57:39Z</time>
<extensions>
<tp1:TrackPointExtension>
<tp1:hr>161</tp1:hr>
</tp1:TrackPointExtension>
</extensions>
</trkpt>
<trkpt lat="58.25134358" lon="15.30206353">
<ele>138.9</ele>
<time>2026-09-06T09:57:40Z</time>
<extensions>
<tp1:TrackPointExtension>
<tp1:hr>160</tp1:hr>
</tp1:TrackPointExtension>
</extensions>
</trkpt>
<trkpt lat="58.25133805" lon="15.30209388">
<ele>138.9</ele>
<time>2026-09-06T09:57:41Z</time>
<extensions>
<tp1:TrackPointExtension>
<tp1:hr>161</tp1:hr>
</tp1:TrackPointExtension>
</extensions>
</trkpt>
<trkpt lat="58.25133554" lon="15.30213193">
<ele>138.9</ele>
<time>2026-09-06T09:57:42Z</time>
<extensions>
<tp1:TrackPointExtension>
<tp1:hr>161</tp1:hr>
</tp1:TrackPointExtension>
</extensions>
</trkpt>
<trkpt lat="58.25133654" lon="15.30216529">
<ele>139.1</ele>
<time>2026-09-06T09:57:43Z</time>
<extensions>
<tp1:TrackPointExtension>
<tp1:hr>161</tp1:hr>
</tp1:TrackPointExtension>
</extensions>
</trkpt>
<trkpt lat="58.25134325" lon="15.30222388">
<ele>139.1</ele>
<time>2026-09-06T09:57:44Z</time>
<extensions>
<tp1:TrackPointExtension>
<tp1:hr>161</tp1:hr>
</tp1:TrackPointExtension>
</extensions>
</trkpt>
<trkpt lat="58.25134434" lon="15.30229622">
<ele>139.1</ele>
<time>2026-09-06T09:57:45Z</time>
<extensions>
<tp1:TrackPointExtension>
<tp1:hr>160</tp1:hr>
</tp1:TrackPointExtension>
</extensions>
</trkpt>
<trkpt lat="58.25135104" lon="15.30235053">
<ele>138.7</ele>
<time>2026-09-06T09:57:46Z</time>
<extensions>
<tp1:TrackPointExtension>
<tp1:hr>160</tp1:hr>
</tp1:TrackPointExtension>
</extensions>
</trkpt>
<trkpt lat="58.25135775" lon="15.30239655">
<ele>138.1</ele>
<time>2026-09-06T09:57:47Z</time>
<extensions>
<tp1:TrackPointExtension>
<tp1:hr>160</tp1:hr>
</tp1:TrackPointExtension>
</extensions>
</trkpt>
<trkpt lat="58.25136856" lon="15.30244064">
<ele>137.7</ele>
<time>2026-09-06T09:57:48Z</time>
<extensions>
<tp1:TrackPointExtension>
<tp1:hr>160</tp1:hr>
</tp1:TrackPointExtension>
</extensions>
</trkpt>
<trkpt lat="58.2513813" lon="15.30248372">
<ele>137.3</ele>
<time>2026-09-06T09:57:49Z</time>
<extensions>
<tp1:TrackPointExtension>
<tp1:hr>160</tp1:hr>
</tp1:TrackPointExtension>
</extensions>
</trkpt>
<trkpt lat="58.25139522" lon="15.30254809">
<ele>136.7</ele>
<time>2026-09-06T09:57:50Z</time>
<extensions>
<tp1:TrackPointExtension>
<tp1:hr>159</tp1:hr>
</tp1:TrackPointExtension>
</extensions>
</trkpt>
<trkpt lat="58.25139027" lon="15.30260677">
<ele>136.1</ele>
<time>2026-09-06T09:57:51Z</time>
<extensions>
<tp1:TrackPointExtension>
<tp1:hr>159</tp1:hr>
</tp1:TrackPointExtension>
</extensions>
</trkpt>
<trkpt lat="58.25139312" lon="15.3026594">
<ele>135.5</ele>
<time>2026-09-06T09:57:52Z</time>
<extensions>
<tp1:TrackPointExtension>
<tp1:hr>159</tp1:hr>
</tp1:TrackPointExtension>
</extensions>
</trkpt>
<trkpt lat="58.25139429" lon="15.3027273">
<ele>134.7</ele>
<time>2026-09-06T09:57:53Z</time>
<extensions>
<tp1:TrackPointExtension>
<tp1:hr>159</tp1:hr>
</tp1:TrackPointExtension>
</extensions>
</trkpt>
<trkpt lat="58.25139647" lon="15.30278706">
<ele>134.3</ele>
<time>2026-09-06T09:57:54Z</time>
<extensions>
<tp1:TrackPointExtension>
<tp1:hr>159</tp1:hr>
</tp1:TrackPointExtension>
</extensions>
</trkpt>
<trkpt lat="58.25139924" lon="15.30284867">
<ele>134.1</ele>
<time>2026-09-06T09:57:55Z</time>
<extensions>
<tp1:TrackPointExtension>
<tp1:hr>158</tp1:hr>
</tp1:TrackPointExtension>
</extensions>
</trkpt>
<trkpt lat="58.2514041" lon="15.30291069">
<ele>133.7</ele>
<time>2026-09-06T09:57:56Z</time>
<extensions>
<tp1:TrackPointExtension>
<tp1:hr>158</tp1:hr>
</tp1:TrackPointExtension>
</extensions>
</trkpt>
<trkpt lat="58.25141299" lon="15.30297389">
<ele>133.7</ele>
<time>2026-09-06T09:57:57Z</time>
<extensions>
<tp1:TrackPointExtension>
<tp1:hr>158</tp1:hr>
</tp1:TrackPointExtension>
</extensions>
</trkpt>
<trkpt lat="58.25142221" lon="15.30302418">
<ele>133.7</ele>
<time>2026-09-06T09:57:58Z</time>
<extensions>
<tp1:TrackPointExtension>
<tp1:hr>158</tp1:hr>
</tp1:TrackPointExtension>
</extensions>
</trkpt>
<trkpt lat="58.25142439" lon="15.3030531">
<ele>133.7</ele>
<time>2026-09-06T09:57:59Z</time>
<extensions>
<tp1:TrackPointExtension>
<tp1:hr>158</tp1:hr>
</tp1:TrackPointExtension>
</extensions>
</trkpt>
<trkpt lat="58.25142045" lon="15.30308361">
<ele>133.9</ele>
<time>2026-09-06T09:58:00Z</time>
<extensions>
<tp1:TrackPointExtension>
<tp1:hr>158</tp1:hr>
</tp1:TrackPointExtension>
</extensions>
</trkpt>
<trkpt lat="58.25141441" lon="15.30311999">
<ele>134.1</ele>
<time>2026-09-06T09:58:01Z</time>
<extensions>
<tp1:TrackPointExtension>
<tp1:hr>158</tp1:hr>
</tp1:TrackPointExtension>
</extensions>
</trkpt>
<trkpt lat="58.25140477" lon="15.30317497">
<ele>134.3</ele>
<time>2026-09-06T09:58:02Z</time>
<extensions>
<tp1:TrackPointExtension>
<tp1:hr>158</tp1:hr>
</tp1:TrackPointExtension>
</extensions>
</trkpt>
<trkpt lat="58.25139304" lon="15.30322795">
<ele>134.3</ele>
<time>2026-09-06T09:58:03Z</time>
<extensions>
<tp1:TrackPointExtension>
<tp1:hr>158</tp1:hr>
</tp1:TrackPointExtension>
</extensions>
</trkpt>
<trkpt lat="58.25138222" lon="15.30327162">
<ele>134.7</ele>
<time>2026-09-06T09:58:04Z</time>
<extensions>
<tp1:TrackPointExtension>
<tp1:hr>158</tp1:hr>
</tp1:TrackPointExtension>
</extensions>
</trkpt>
<trkpt lat="58.25136798" lon="15.30332979">
<ele>134.9</ele>
<time>2026-09-06T09:58:05Z</time>
<extensions>
<tp1:TrackPointExtension>
<tp1:hr>158</tp1:hr>
</tp1:TrackPointExtension>
</extensions>
</trkpt>
<trkpt lat="58.25135381" lon="15.30338234">
<ele>135.3</ele>
<time>2026-09-06T09:58:06Z</time>
<extensions>
<tp1:TrackPointExtension>
<tp1:hr>158</tp1:hr>
</tp1:TrackPointExtension>
</extensions>
</trkpt>
<trkpt lat="58.25134099" lon="15.30342861">
<ele>135.7</ele>
<time>2026-09-06T09:58:07Z</time>
<extensions>
<tp1:TrackPointExtension>
<tp1:hr>158</tp1:hr>
</tp1:TrackPointExtension>
</extensions>
</trkpt>
<trkpt lat="58.25132363" lon="15.30347077">
<ele>136.1</ele>
<time>2026-09-06T09:58:08Z</time>
<extensions>
<tp1:TrackPointExtension>
<tp1:hr>158</tp1:hr>
</tp1:TrackPointExtension>
</extensions>
</trkpt>
<trkpt lat="58.25130729" lon="15.30350329">
<ele>136.7</ele>
<time>2026-09-06T09:58:09Z</time>
<extensions>
<tp1:TrackPointExtension>
<tp1:hr>157</tp1:hr>
</tp1:TrackPointExtension>
</extensions>
</trkpt>
<trkpt lat="58.25128843" lon="15.30353749">
<ele>137.1</ele>
<time>2026-09-06T09:58:10Z</time>
<extensions>
<tp1:TrackPointExtension>
<tp1:hr>158</tp1:hr>
</tp1:TrackPointExtension>
</extensions>
</trkpt>
<trkpt lat="58.25127427" lon="15.30358502">
<ele>137.5</ele>
<time>2026-09-06T09:58:11Z</time>
<extensions>
<tp1:TrackPointExtension>
<tp1:hr>157</tp1:hr>
</tp1:TrackPointExtension>
</extensions>
</trkpt>
<trkpt lat="58.25125666" lon="15.3036452">
<ele>137.9</ele>
<time>2026-09-06T09:58:12Z</time>
<extensions>
<tp1:TrackPointExtension>
<tp1:hr>158</tp1:hr>
</tp1:TrackPointExtension>
</extensions>
</trkpt>
<trkpt lat="58.25124468" lon="15.30369884">
<ele>137.9</ele>
<time>2026-09-06T09:58:13Z</time>
<extensions>
<tp1:TrackPointExtension>
<tp1:hr>158</tp1:hr>
</tp1:TrackPointExtension>
</extensions>
</trkpt>
<trkpt lat="58.25122976" lon="15.30375098">
<ele>138.1</ele>
<time>2026-09-06T09:58:14Z</time>
<extensions>
<tp1:TrackPointExtension>
<tp1:hr>158</tp1:hr>
</tp1:TrackPointExtension>
</extensions>
</trkpt>
<trkpt lat="58.25121123" lon="15.30380831">
<ele>138.1</ele>
<time>2026-09-06T09:58:15Z</time>
<extensions>
<tp1:TrackPointExtension>
<tp1:hr>159</tp1:hr>
</tp1:TrackPointExtension>
</extensions>
</trkpt>
<trkpt lat="58.25117963" lon="15.30385961">
<ele>138.1</ele>
<time>2026-09-06T09:58:16Z</time>
<extensions>
<tp1:TrackPointExtension>
<tp1:hr>160</tp1:hr>
</tp1:TrackPointExtension>
</extensions>
</trkpt>
<trkpt lat="58.25115139" lon="15.30389993">
<ele>137.9</ele>
<time>2026-09-06T09:58:17Z</time>
<extensions>
<tp1:TrackPointExtension>
<tp1:hr>161</tp1:hr>
</tp1:TrackPointExtension>
</extensions>
</trkpt>
<trkpt lat="58.25112188" lon="15.30395952">
<ele>137.7</ele>
<time>2026-09-06T09:58:18Z</time>
<extensions>
<tp1:TrackPointExtension>
<tp1:hr>162</tp1:hr>
</tp1:TrackPointExtension>
</extensions>
</trkpt>
<trkpt lat="58.25110286" lon="15.30402465">
<ele>137.3</ele>
<time>2026-09-06T09:58:19Z</time>
<extensions>
<tp1:TrackPointExtension>
<tp1:hr>163</tp1:hr>
</tp1:TrackPointExtension>
</extensions>
</trkpt>
<trkpt lat="58.25108509" lon="15.30407905">
<ele>136.9</ele>
<time>2026-09-06T09:58:20Z</time>
<extensions>
<tp1:TrackPointExtension>
<tp1:hr>163</tp1:hr>
</tp1:TrackPointExtension>
</extensions>
</trkpt>
<trkpt lat="58.25105583" lon="15.30413948">
<ele>136.7</ele>
<time>2026-09-06T09:58:21Z</time>
<extensions>
<tp1:TrackPointExtension>
<tp1:hr>164</tp1:hr>
</tp1:TrackPointExtension>
</extensions>
</trkpt>
<trkpt lat="58.25104234" lon="15.30420603">
<ele>136.5</ele>
<time>2026-09-06T09:58:22Z</time>
<extensions>
<tp1:TrackPointExtension>
<tp1:hr>165</tp1:hr>
</tp1:TrackPointExtension>
</extensions>
</trkpt>
<trkpt lat="58.25103748" lon="15.30425649">
<ele>136.3</ele>
<time>2026-09-06T09:58:23Z</time>
<extensions>
<tp1:TrackPointExtension>
<tp1:hr>165</tp1:hr>
</tp1:TrackPointExtension>
</extensions>
</trkpt>
<trkpt lat="58.25103421" lon="15.304315">
<ele>136.3</ele>
<time>2026-09-06T09:58:24Z</time>
<extensions>
<tp1:TrackPointExtension>
<tp1:hr>166</tp1:hr>
</tp1:TrackPointExtension>
</extensions>
</trkpt>
<trkpt lat="58.25103295" lon="15.30438733">
<ele>136.3</ele>
<time>2026-09-06T09:58:25Z</time>
<extensions>
<tp1:TrackPointExtension>
<tp1:hr>166</tp1:hr>
</tp1:TrackPointExtension>
</extensions>
</trkpt>
<trkpt lat="58.25101694" lon="15.30443553">
<ele>136.1</ele>
<time>2026-09-06T09:58:26Z</time>
<extensions>
<tp1:TrackPointExtension>
<tp1:hr>166</tp1:hr>
</tp1:TrackPointExtension>
</extensions>
</trkpt>
<trkpt lat="58.250999" lon="15.3044678">
<ele>135.9</ele>
<time>2026-09-06T09:58:27Z</time>
<extensions>
<tp1:TrackPointExtension>
<tp1:hr>166</tp1:hr>
</tp1:TrackPointExtension>
</extensions>
</trkpt>
<trkpt lat="58.25098827" lon="15.30450652">
<ele>135.7</ele>
<time>2026-09-06T09:58:28Z</time>
<extensions>
<tp1:TrackPointExtension>
<tp1:hr>166</tp1:hr>
</tp1:TrackPointExtension>
</extensions>
</trkpt>
<trkpt lat="58.25098584" lon="15.3045522">
<ele>135.5</ele>
<time>2026-09-06T09:58:29Z</time>
<extensions>
<tp1:TrackPointExtension>
<tp1:hr>166</tp1:hr>
</tp1:TrackPointExtension>
</extensions>
</trkpt>
<trkpt lat="58.25099263" lon="15.30459579">
<ele>135.3</ele>
<time>2026-09-06T09:58:30Z</time>
<extensions>
<tp1:TrackPointExtension>
<tp1:hr>166</tp1:hr>
</tp1:TrackPointExtension>
</extensions>
</trkpt>
<trkpt lat="58.25100563" lon="15.30465161">
<ele>134.9</ele>
<time>2026-09-06T09:58:31Z</time>
<extensions>
<tp1:TrackPointExtension>
<tp1:hr>166</tp1:hr>
</tp1:TrackPointExtension>
</extensions>
</trkpt>
<trkpt lat="58.25101518" lon="15.30468774">
<ele>134.7</ele>
<time>2026-09-06T09:58:32Z</time>
<extensions>
<tp1:TrackPointExtension>
<tp1:hr>165</tp1:hr>
</tp1:TrackPointExtension>
</extensions>
</trkpt>
<trkpt lat="58.25102323" lon="15.30472621">
<ele>134.3</ele>
<time>2026-09-06T09:58:33Z</time>
<extensions>
<tp1:TrackPointExtension>
<tp1:hr>165</tp1:hr>
</tp1:TrackPointExtension>
</extensions>
</trkpt>
<trkpt lat="58.25103815" lon="15.30476829">
<ele>133.9</ele>
<time>2026-09-06T09:58:34Z</time>
<extensions>
<tp1:TrackPointExtension>
<tp1:hr>165</tp1:hr>
</tp1:TrackPointExtension>
</extensions>
</trkpt>
<trkpt lat="58.25105441" lon="15.304805">
<ele>133.5</ele>
<time>2026-09-06T09:58:35Z</time>
<extensions>
<tp1:TrackPointExtension>
<tp1:hr>165</tp1:hr>
</tp1:TrackPointExtension>
</extensions>
</trkpt>
<trkpt lat="58.25108014" lon="15.30481255">
<ele>132.9</ele>
<time>2026-09-06T09:58:36Z</time>
<extensions>
<tp1:TrackPointExtension>
<tp1:hr>164</tp1:hr>
</tp1:TrackPointExtension>
</extensions>
</trkpt>
<trkpt lat="58.25110629" lon="15.30482311">
<ele>132.3</ele>
<time>2026-09-06T09:58:37Z</time>
<extensions>
<tp1:TrackPointExtension>
<tp1:hr>163</tp1:hr>
</tp1:TrackPointExtension>
</extensions>
</trkpt>
<trkpt lat="58.2511275" lon="15.30484867">
<ele>132.1</ele>
<time>2026-09-06T09:58:38Z</time>
<extensions>
<tp1:TrackPointExtension>
<tp1:hr>162</tp1:hr>
</tp1:TrackPointExtension>
</extensions>
</trkpt>
<trkpt lat="58.25114192" lon="15.30488371">
<ele>131.9</ele>
<time>2026-09-06T09:58:39Z</time>
<extensions>
<tp1:TrackPointExtension>
<tp1:hr>162</tp1:hr>
</tp1:TrackPointExtension>
</extensions>
</trkpt>
<trkpt lat="58.25115717" lon="15.3049086">
<ele>131.9</ele>
<time>2026-09-06T09:58:40Z</time>
<extensions>
<tp1:TrackPointExtension>
<tp1:hr>161</tp1:hr>
</tp1:TrackPointExtension>
</extensions>
</trkpt>
<trkpt lat="58.25117645" lon="15.30493903">
<ele>132.1</ele>
<time>2026-09-06T09:58:41Z</time>
<extensions>
<tp1:TrackPointExtension>
<tp1:hr>161</tp1:hr>
</tp1:TrackPointExtension>
</extensions>
</trkpt>
<trkpt lat="58.25119338" lon="15.30497482">
<ele>132.1</ele>
<time>2026-09-06T09:58:42Z</time>
<extensions>
<tp1:TrackPointExtension>
<tp1:hr>161</tp1:hr>
</tp1:TrackPointExtension>
</extensions>
</trkpt>
<trkpt lat="58.25120905" lon="15.30499385">
<ele>132.3</ele>
<time>2026-09-06T09:58:43Z</time>
<extensions>
<tp1:TrackPointExtension>
<tp1:hr>160</tp1:hr>
</tp1:TrackPointExtension>
</extensions>
</trkpt>
<trkpt lat="58.25122523" lon="15.30499988">
<ele>132.5</ele>
<time>2026-09-06T09:58:44Z</time>
<extensions>
<tp1:TrackPointExtension>
<tp1:hr>160</tp1:hr>
</tp1:TrackPointExtension>
</extensions>
</trkpt>
<trkpt lat="58.25124208" lon="15.30501137">
<ele>132.9</ele>
<time>2026-09-06T09:58:45Z</time>
<extensions>
<tp1:TrackPointExtension>
<tp1:hr>160</tp1:hr>
</tp1:TrackPointExtension>
</extensions>
</trkpt>
<trkpt lat="58.25125398" lon="15.30503282">
<ele>133.1</ele>
<time>2026-09-06T09:58:46Z</time>
<extensions>
<tp1:TrackPointExtension>
<tp1:hr>160</tp1:hr>
</tp1:TrackPointExtension>
</extensions>
</trkpt>
<trkpt lat="58.2512637" lon="15.30506442">
<ele>133.3</ele>
<time>2026-09-06T09:58:47Z</time>
<extensions>
<tp1:TrackPointExtension>
<tp1:hr>159</tp1:hr>
</tp1:TrackPointExtension>
</extensions>
</trkpt>
<trkpt lat="58.25127871" lon="15.30509644">
<ele>133.3</ele>
<time>2026-09-06T09:58:48Z</time>
<extensions>
<tp1:TrackPointExtension>
<tp1:hr>159</tp1:hr>
</tp1:TrackPointExtension>
</extensions>
</trkpt>
<trkpt lat="58.25129723" lon="15.3051293">
<ele>133.5</ele>
<time>2026-09-06T09:58:49Z</time>
<extensions>
<tp1:TrackPointExtension>
<tp1:hr>160</tp1:hr>
</tp1:TrackPointExtension>
</extensions>
</trkpt>
<trkpt lat="58.25131106" lon="15.30515847">
<ele>133.5</ele>
<time>2026-09-06T09:58:50Z</time>
<extensions>
<tp1:TrackPointExtension>
<tp1:hr>160</tp1:hr>
</tp1:TrackPointExtension>
</extensions>
</trkpt>
<trkpt lat="58.25132657" lon="15.30517984">
<ele>133.5</ele>
<time>2026-09-06T09:58:51Z</time>
<extensions>
<tp1:TrackPointExtension>
<tp1:hr>160</tp1:hr>
</tp1:TrackPointExtension>
</extensions>
</trkpt>
<trkpt lat="58.25134182" lon="15.30520398">
<ele>133.5</ele>
<time>2026-09-06T09:58:52Z</time>
<extensions>
<tp1:TrackPointExtension>
<tp1:hr>160</tp1:hr>
</tp1:TrackPointExtension>
</extensions>
</trkpt>
<trkpt lat="58.25135238" lon="15.30523248">
<ele>133.1</ele>
<time>2026-09-06T09:58:53Z</time>
<extensions>
<tp1:TrackPointExtension>
<tp1:hr>160</tp1:hr>
</tp1:TrackPointExtension>
</extensions>
</trkpt>
<trkpt lat="58.25136814" lon="15.30526567">
<ele>132.7</ele>
<time>2026-09-06T09:58:54Z</time>
<extensions>
<tp1:TrackPointExtension>
<tp1:hr>159</tp1:hr>
</tp1:TrackPointExtension>
</extensions>
</trkpt>
<trkpt lat="58.25138181" lon="15.30529325">
<ele>131.9</ele>
<time>2026-09-06T09:58:55Z</time>
<extensions>
<tp1:TrackPointExtension>
<tp1:hr>159</tp1:hr>
</tp1:TrackPointExtension>
</extensions>
</trkpt>
<trkpt lat="58.25139547" lon="15.3053194">
<ele>131.1</ele>
<time>2026-09-06T09:58:56Z</time>
<extensions>
<tp1:TrackPointExtension>
<tp1:hr>159</tp1:hr>
</tp1:TrackPointExtension>
</extensions>
</trkpt>
<trkpt lat="58.25140821" lon="15.30535368">
<ele>130.7</ele>
<time>2026-09-06T09:58:57Z</time>
<extensions>
<tp1:TrackPointExtension>
<tp1:hr>159</tp1:hr>
</tp1:TrackPointExtension>
</extensions>
</trkpt>
<trkpt lat="58.25142933" lon="15.30538252">
<ele>130.1</ele>
<time>2026-09-06T09:58:58Z</time>
<extensions>
<tp1:TrackPointExtension>
<tp1:hr>159</tp1:hr>
</tp1:TrackPointExtension>
</extensions>
</trkpt>
<trkpt lat="58.25144182" lon="15.3054194">
<ele>129.9</ele>
<time>2026-09-06T09:58:59Z</time>
<extensions>
<tp1:TrackPointExtension>
<tp1:hr>158</tp1:hr>
</tp1:TrackPointExtension>
</extensions>
</trkpt>
<trkpt lat="58.2514549" lon="15.30546064">
<ele>129.5</ele>
<time>2026-09-06T09:59:00Z</time>
<extensions>
<tp1:TrackPointExtension>
<tp1:hr>158</tp1:hr>
</tp1:TrackPointExtension>
</extensions>
</trkpt>
<trkpt lat="58.25146437" lon="15.30550171">
<ele>129.2</ele>
<time>2026-09-06T09:59:01Z</time>
<extensions>
<tp1:TrackPointExtension>
<tp1:hr>158</tp1:hr>
</tp1:TrackPointExtension>
</extensions>
</trkpt>
<trkpt lat="58.25146831" lon="15.30555376">
<ele>129.0</ele>
<time>2026-09-06T09:59:02Z</time>
<extensions>
<tp1:TrackPointExtension>
<tp1:hr>158</tp1:hr>
</tp1:TrackPointExtension>
</extensions>
</trkpt>
<trkpt lat="58.25147417" lon="15.30561637">
<ele>128.8</ele>
<time>2026-09-06T09:59:03Z</time>
<extensions>
<tp1:TrackPointExtension>
<tp1:hr>158</tp1:hr>
</tp1:TrackPointExtension>
</extensions>
</trkpt>
<trkpt lat="58.25148339" lon="15.3056665">
<ele>128.6</ele>
<time>2026-09-06T09:59:04Z</time>
<extensions>
<tp1:TrackPointExtension>
<tp1:hr>157</tp1:hr>
</tp1:TrackPointExtension>
</extensions>
</trkpt>
<trkpt lat="58.25148867" lon="15.30569617">
<ele>128.4</ele>
<time>2026-09-06T09:59:05Z</time>
<extensions>
<tp1:TrackPointExtension>
<tp1:hr>157</tp1:hr>
</tp1:TrackPointExtension>
</extensions>
</trkpt>
<trkpt lat="58.25150896" lon="15.30574545">
<ele>128.2</ele>
<time>2026-09-06T09:59:06Z</time>
<extensions>
<tp1:TrackPointExtension>
<tp1:hr>157</tp1:hr>
</tp1:TrackPointExtension>
</extensions>
</trkpt>
<trkpt lat="58.25151541" lon="15.30577605">
<ele>128.2</ele>
<time>2026-09-06T09:59:07Z</time>
<extensions>
<tp1:TrackPointExtension>
<tp1:hr>157</tp1:hr>
</tp1:TrackPointExtension>
</extensions>
</trkpt>
<trkpt lat="58.25152346" lon="15.30580136">
<ele>128.2</ele>
<time>2026-09-06T09:59:08Z</time>
<extensions>
<tp1:TrackPointExtension>
<tp1:hr>157</tp1:hr>
</tp1:TrackPointExtension>
</extensions>
</trkpt>
<trkpt lat="58.25153855" lon="15.30582516">
<ele>128.4</ele>
<time>2026-09-06T09:59:09Z</time>
<extensions>
<tp1:TrackPointExtension>
<tp1:hr>157</tp1:hr>
</tp1:TrackPointExtension>
</extensions>
</trkpt>
<trkpt lat="58.25154324" lon="15.30584805">
<ele>128.6</ele>
<time>2026-09-06T09:59:10Z</time>
<extensions>
<tp1:TrackPointExtension>
<tp1:hr>157</tp1:hr>
</tp1:TrackPointExtension>
</extensions>
</trkpt>
<trkpt lat="58.25154626" lon="15.30586959">
<ele>128.8</ele>
<time>2026-09-06T09:59:11Z</time>
<extensions>
<tp1:TrackPointExtension>
<tp1:hr>157</tp1:hr>
</tp1:TrackPointExtension>
</extensions>
</trkpt>
<trkpt lat="58.25155062" lon="15.30589432">
<ele>129.0</ele>
<time>2026-09-06T09:59:12Z</time>
<extensions>
<tp1:TrackPointExtension>
<tp1:hr>158</tp1:hr>
</tp1:TrackPointExtension>
</extensions>
</trkpt>
<trkpt lat="58.25155439" lon="15.30590504">
<ele>129.0</ele>
<time>2026-09-06T09:59:13Z</time>
<extensions>
<tp1:TrackPointExtension>
<tp1:hr>157</tp1:hr>
</tp1:TrackPointExtension>
</extensions>
</trkpt>
<trkpt lat="58.25155766" lon="15.30590714">
<ele>128.8</ele>
<time>2026-09-06T09:59:14Z</time>
<extensions>
<tp1:TrackPointExtension>
<tp1:hr>157</tp1:hr>
</tp1:TrackPointExtension>
</extensions>
</trkpt>
<trkpt lat="58.25156" lon="15.3058944">
<ele>128.8</ele>
<time>2026-09-06T09:59:15Z</time>
<extensions>
<tp1:TrackPointExtension>
<tp1:hr>157</tp1:hr>
</tp1:TrackPointExtension>
</extensions>
</trkpt>
<trkpt lat="58.25156596" lon="15.30587713">
<ele>128.8</ele>
<time>2026-09-06T09:59:16Z</time>
<extensions>
<tp1:TrackPointExtension>
<tp1:hr>157</tp1:hr>
</tp1:TrackPointExtension>
</extensions>
</trkpt>
<trkpt lat="58.25157442" lon="15.30586297">
<ele>128.6</ele>
<time>2026-09-06T09:59:17Z</time>
<extensions>
<tp1:TrackPointExtension>
<tp1:hr>158</tp1:hr>
</tp1:TrackPointExtension>
</extensions>
</trkpt>
<trkpt lat="58.25158197" lon="15.30584645">
<ele>128.6</ele>
<time>2026-09-06T09:59:18Z</time>
<extensions>
<tp1:TrackPointExtension>
<tp1:hr>159</tp1:hr>
</tp1:TrackPointExtension>
</extensions>
</trkpt>
<trkpt lat="58.25159035" lon="15.30582567">
<ele>128.4</ele>
<time>2026-09-06T09:59:19Z</time>
<extensions>
<tp1:TrackPointExtension>
<tp1:hr>159</tp1:hr>
</tp1:TrackPointExtension>
</extensions>
</trkpt>
<trkpt lat="58.25159663" lon="15.30578854">
<ele>128.2</ele>
<time>2026-09-06T09:59:20Z</time>
<extensions>
<tp1:TrackPointExtension>
<tp1:hr>159</tp1:hr>
</tp1:TrackPointExtension>
</extensions>
</trkpt>
<trkpt lat="58.25160854" lon="15.30573498">
<ele>128.0</ele>
<time>2026-09-06T09:59:21Z</time>
<extensions>
<tp1:TrackPointExtension>
<tp1:hr>158</tp1:hr>
</tp1:TrackPointExtension>
</extensions>
</trkpt>
<trkpt lat="58.25162957" lon="15.30569516">
<ele>127.8</ele>
<time>2026-09-06T09:59:22Z</time>
<extensions>
<tp1:TrackPointExtension>
<tp1:hr>158</tp1:hr>
</tp1:TrackPointExtension>
</extensions>
</trkpt>
<trkpt lat="58.25162983" lon="15.30564956">
<ele>127.8</ele>
<time>2026-09-06T09:59:23Z</time>
<extensions>
<tp1:TrackPointExtension>
<tp1:hr>157</tp1:hr>
</tp1:TrackPointExtension>
</extensions>
</trkpt>
<trkpt lat="58.25163368" lon="15.30562039">
<ele>127.8</ele>
<time>2026-09-06T09:59:24Z</time>
<extensions>
<tp1:TrackPointExtension>
<tp1:hr>156</tp1:hr>
</tp1:TrackPointExtension>
</extensions>
</trkpt>
<trkpt lat="58.25164349" lon="15.30562157">
<ele>127.8</ele>
<time>2026-09-06T09:59:25Z</time>
<extensions>
<tp1:TrackPointExtension>
<tp1:hr>157</tp1:hr>
</tp1:TrackPointExtension>
</extensions>
</trkpt>
<trkpt lat="58.2516481" lon="15.30563397">
<ele>127.8</ele>
<time>2026-09-06T09:59:26Z</time>
<extensions>
<tp1:TrackPointExtension>
<tp1:hr>157</tp1:hr>
</tp1:TrackPointExtension>
</extensions>
</trkpt>
<trkpt lat="58.2516543" lon="15.30566214">
<ele>127.8</ele>
<time>2026-09-06T09:59:27Z</time>
<extensions>
<tp1:TrackPointExtension>
<tp1:hr>157</tp1:hr>
</tp1:TrackPointExtension>
</extensions>
</trkpt>
<trkpt lat="58.25166159" lon="15.3057027">
<ele>127.8</ele>
<time>2026-09-06T09:59:28Z</time>
<extensions>
<tp1:TrackPointExtension>
<tp1:hr>156</tp1:hr>
</tp1:TrackPointExtension>
</extensions>
</trkpt>
<trkpt lat="58.25166344" lon="15.30574495">
<ele>127.6</ele>
<time>2026-09-06T09:59:29Z</time>
<extensions>
<tp1:TrackPointExtension>
<tp1:hr>156</tp1:hr>
</tp1:TrackPointExtension>
</extensions>
</trkpt>
<trkpt lat="58.25166285" lon="15.30578778">
<ele>127.6</ele>
<time>2026-09-06T09:59:30Z</time>
<extensions>
<tp1:TrackPointExtension>
<tp1:hr>156</tp1:hr>
</tp1:TrackPointExtension>
</extensions>
</trkpt>
<trkpt lat="58.25165891" lon="15.30583791">
<ele>127.4</ele>
<time>2026-09-06T09:59:31Z</time>
<extensions>
<tp1:TrackPointExtension>
<tp1:hr>156</tp1:hr>
</tp1:TrackPointExtension>
</extensions>
</trkpt>
<trkpt lat="58.25165598" lon="15.3058949">
<ele>127.2</ele>
<time>2026-09-06T09:59:32Z</time>
<extensions>
<tp1:TrackPointExtension>
<tp1:hr>155</tp1:hr>
</tp1:TrackPointExtension>
</extensions>
</trkpt>
<trkpt lat="58.25165246" lon="15.30595022">
<ele>127.2</ele>
<time>2026-09-06T09:59:33Z</time>
<extensions>
<tp1:TrackPointExtension>
<tp1:hr>156</tp1:hr>
</tp1:TrackPointExtension>
</extensions>
</trkpt>
<trkpt lat="58.25164726" lon="15.30601569">
<ele>127.4</ele>
<time>2026-09-06T09:59:34Z</time>
<extensions>
<tp1:TrackPointExtension>
<tp1:hr>156</tp1:hr>
</tp1:TrackPointExtension>
</extensions>
</trkpt>
<trkpt lat="58.25163502" lon="15.30606849">
<ele>127.6</ele>
<time>2026-09-06T09:59:35Z</time>
<extensions>
<tp1:TrackPointExtension>
<tp1:hr>156</tp1:hr>
</tp1:TrackPointExtension>
</extensions>
</trkpt>
<trkpt lat="58.25164307" lon="15.306128">
<ele>128.0</ele>
<time>2026-09-06T09:59:36Z</time>
<extensions>
<tp1:TrackPointExtension>
<tp1:hr>157</tp1:hr>
</tp1:TrackPointExtension>
</extensions>
</trkpt>
<trkpt lat="58.25165028" lon="15.30617">
<ele>128.0</ele>
<time>2026-09-06T09:59:37Z</time>
<extensions>
<tp1:TrackPointExtension>
<tp1:hr>157</tp1:hr>
</tp1:TrackPointExtension>
</extensions>
</trkpt>
<trkpt lat="58.25166838" lon="15.30622674">
<ele>128.0</ele>
<time>2026-09-06T09:59:38Z</time>
<extensions>
<tp1:TrackPointExtension>
<tp1:hr>158</tp1:hr>
</tp1:TrackPointExtension>
</extensions>
</trkpt>
<trkpt lat="58.25168146" lon="15.30627754">
<ele>128.0</ele>
<time>2026-09-06T09:59:39Z</time>
<extensions>
<tp1:TrackPointExtension>
<tp1:hr>158</tp1:hr>
</tp1:TrackPointExtension>
</extensions>
</trkpt>
<trkpt lat="58.25169227" lon="15.30632355">
<ele>127.8</ele>
<time>2026-09-06T09:59:40Z</time>
<extensions>
<tp1:TrackPointExtension>
<tp1:hr>159</tp1:hr>
</tp1:TrackPointExtension>
</extensions>
</trkpt>
<trkpt lat="58.25168691" lon="15.30635951">
<ele>127.6</ele>
<time>2026-09-06T09:59:41Z</time>
<extensions>
<tp1:TrackPointExtension>
<tp1:hr>159</tp1:hr>
</tp1:TrackPointExtension>
</extensions>
</trkpt>
<trkpt lat="58.25168137" lon="15.30639941">
<ele>127.4</ele>
<time>2026-09-06T09:59:42Z</time>
<extensions>
<tp1:TrackPointExtension>
<tp1:hr>159</tp1:hr>
</tp1:TrackPointExtension>
</extensions>
</trkpt>
<trkpt lat="58.25167911" lon="15.30645884">
<ele>127.2</ele>
<time>2026-09-06T09:59:43Z</time>
<extensions>
<tp1:TrackPointExtension>
<tp1:hr>159</tp1:hr>
</tp1:TrackPointExtension>
</extensions>
</trkpt>
<trkpt lat="58.25167861" lon="15.3064989">
<ele>127.0</ele>
<time>2026-09-06T09:59:44Z</time>
<extensions>
<tp1:TrackPointExtension>
<tp1:hr>159</tp1:hr>
</tp1:TrackPointExtension>
</extensions>
</trkpt>
<trkpt lat="58.25168456" lon="15.30654324">
<ele>126.6</ele>
<time>2026-09-06T09:59:45Z</time>
<extensions>
<tp1:TrackPointExtension>
<tp1:hr>158</tp1:hr>
</tp1:TrackPointExtension>
</extensions>
</trkpt>
<trkpt lat="58.25169135" lon="15.30656562">
<ele>126.4</ele>
<time>2026-09-06T09:59:46Z</time>
<extensions>
<tp1:TrackPointExtension>
<tp1:hr>159</tp1:hr>
</tp1:TrackPointExtension>
</extensions>
</trkpt>
<trkpt lat="58.25170409" lon="15.30659974">
<ele>126.4</ele>
<time>2026-09-06T09:59:47Z</time>
<extensions>
<tp1:TrackPointExtension>
<tp1:hr>158</tp1:hr>
</tp1:TrackPointExtension>
</extensions>
</trkpt>
<trkpt lat="58.25171222" lon="15.3066315">
<ele>126.4</ele>
<time>2026-09-06T09:59:48Z</time>
<extensions>
<tp1:TrackPointExtension>
<tp1:hr>158</tp1:hr>
</tp1:TrackPointExtension>
</extensions>
</trkpt>
<trkpt lat="58.2517144" lon="15.30666897">
<ele>126.2</ele>
<time>2026-09-06T09:59:49Z</time>
<extensions>
<tp1:TrackPointExtension>
<tp1:hr>158</tp1:hr>
</tp1:TrackPointExtension>
</extensions>
</trkpt>
<trkpt lat="58.25169713" lon="15.30670946">
<ele>126.0</ele>
<time>2026-09-06T09:59:50Z</time>
<extensions>
<tp1:TrackPointExtension>
<tp1:hr>157</tp1:hr>
</tp1:TrackPointExtension>
</extensions>
</trkpt>
<trkpt lat="58.25167936" lon="15.30674072">
<ele>125.8</ele>
<time>2026-09-06T09:59:51Z</time>
<extensions>
<tp1:TrackPointExtension>
<tp1:hr>156</tp1:hr>
</tp1:TrackPointExtension>
</extensions>
</trkpt>
<trkpt lat="58.25166075" lon="15.30677718">
<ele>125.8</ele>
<time>2026-09-06T09:59:52Z</time>
<extensions>
<tp1:TrackPointExtension>
<tp1:hr>156</tp1:hr>
</tp1:TrackPointExtension>
</extensions>
</trkpt>
<trkpt lat="58.25164391" lon="15.30682068">
<ele>125.8</ele>
<time>2026-09-06T09:59:53Z</time>
<extensions>
<tp1:TrackPointExtension>
<tp1:hr>155</tp1:hr>
</tp1:TrackPointExtension>
</extensions>
</trkpt>
<trkpt lat="58.25163234" lon="15.30686385">
<ele>125.8</ele>
<time>2026-09-06T09:59:54Z</time>
<extensions>
<tp1:TrackPointExtension>
<tp1:hr>154</tp1:hr>
</tp1:TrackPointExtension>
</extensions>
</trkpt>
<trkpt lat="58.25162195" lon="15.30690836">
<ele>126.0</ele>
<time>2026-09-06T09:59:55Z</time>
<extensions>
<tp1:TrackPointExtension>
<tp1:hr>154</tp1:hr>
</tp1:TrackPointExtension>
</extensions>
</trkpt>
<trkpt lat="58.25160543" lon="15.30697768">
<ele>126.2</ele>
<time>2026-09-06T09:59:56Z</time>
<extensions>
<tp1:TrackPointExtension>
<tp1:hr>154</tp1:hr>
</tp1:TrackPointExtension>
</extensions>
</trkpt>
<trkpt lat="58.2515916" lon="15.30704406">
<ele>126.2</ele>
<time>2026-09-06T09:59:57Z</time>
<extensions>
<tp1:TrackPointExtension>
<tp1:hr>155</tp1:hr>
</tp1:TrackPointExtension>
</extensions>
</trkpt>
<trkpt lat="58.25157878" lon="15.30708991">
<ele>126.2</ele>
<time>2026-09-06T09:59:58Z</time>
<extensions>
<tp1:TrackPointExtension>
<tp1:hr>155</tp1:hr>
</tp1:TrackPointExtension>
</extensions>
</trkpt>
<trkpt lat="58.25156093" lon="15.30713484">
<ele>126.2</ele>
<time>2026-09-06T09:59:59Z</time>
<extensions>
<tp1:TrackPointExtension>
<tp1:hr>155</tp1:hr>
</tp1:TrackPointExtension>
</extensions>
</trkpt>
<trkpt lat="58.25154098" lon="15.30718169">
<ele>126.4</ele>
<time>2026-09-06T10:00:00Z</time>
<extensions>
<tp1:TrackPointExtension>
<tp1:hr>156</tp1:hr>
</tp1:TrackPointExtension>
</extensions>
</trkpt>
<trkpt lat="58.25152891" lon="15.30722184">
<ele>126.6</ele>
<time>2026-09-06T10:00:01Z</time>
<extensions>
<tp1:TrackPointExtension>
<tp1:hr>156</tp1:hr>
</tp1:TrackPointExtension>
</extensions>
</trkpt>
<trkpt lat="58.25151835" lon="15.30726115">
<ele>126.8</ele>
<time>2026-09-06T10:00:02Z</time>
<extensions>
<tp1:TrackPointExtension>
<tp1:hr>157</tp1:hr>
</tp1:TrackPointExtension>
</extensions>
</trkpt>
<trkpt lat="58.25151055" lon="15.3073008">
<ele>126.8</ele>
<time>2026-09-06T10:00:03Z</time>
<extensions>
<tp1:TrackPointExtension>
<tp1:hr>157</tp1:hr>
</tp1:TrackPointExtension>
</extensions>
</trkpt>
<trkpt lat="58.2515082" lon="15.30736651">
<ele>127.0</ele>
<time>2026-09-06T10:00:04Z</time>
<extensions>
<tp1:TrackPointExtension>
<tp1:hr>158</tp1:hr>
</tp1:TrackPointExtension>
</extensions>
</trkpt>
<trkpt lat="58.25149789" lon="15.30741253">
<ele>127.2</ele>
<time>2026-09-06T10:00:05Z</time>
<extensions>
<tp1:TrackPointExtension>
<tp1:hr>158</tp1:hr>
</tp1:TrackPointExtension>
</extensions>
</trkpt>
<trkpt lat="58.25148859" lon="15.30745855">
<ele>127.0</ele>
<time>2026-09-06T10:00:06Z</time>
<extensions>
<tp1:TrackPointExtension>
<tp1:hr>158</tp1:hr>
</tp1:TrackPointExtension>
</extensions>
</trkpt>
<trkpt lat="58.25147761" lon="15.30750406">
<ele>127.0</ele>
<time>2026-09-06T10:00:07Z</time>
<extensions>
<tp1:TrackPointExtension>
<tp1:hr>158</tp1:hr>
</tp1:TrackPointExtension>
</extensions>
</trkpt>
<trkpt lat="58.25146621" lon="15.30755946">
<ele>126.8</ele>
<time>2026-09-06T10:00:08Z</time>
<extensions>
<tp1:TrackPointExtension>
<tp1:hr>158</tp1:hr>
</tp1:TrackPointExtension>
</extensions>
</trkpt>
<trkpt lat="58.25146026" lon="15.30762115">
<ele>126.8</ele>
<time>2026-09-06T10:00:09Z</time>
<extensions>
<tp1:TrackPointExtension>
<tp1:hr>159</tp1:hr>
</tp1:TrackPointExtension>
</extensions>
</trkpt>
<trkpt lat="58.25144844" lon="15.30767019">
<ele>126.6</ele>
<time>2026-09-06T10:00:10Z</time>
<extensions>
<tp1:TrackPointExtension>
<tp1:hr>159</tp1:hr>
</tp1:TrackPointExtension>
</extensions>
</trkpt>
<trkpt lat="58.25144643" lon="15.30773431">
<ele>126.6</ele>
<time>2026-09-06T10:00:11Z</time>
<extensions>
<tp1:TrackPointExtension>
<tp1:hr>159</tp1:hr>
</tp1:TrackPointExtension>
</extensions>
</trkpt>
<trkpt lat="58.25144794" lon="15.3078074">
<ele>126.4</ele>
<time>2026-09-06T10:00:12Z</time>
<extensions>
<tp1:TrackPointExtension>
<tp1:hr>159</tp1:hr>
</tp1:TrackPointExtension>
</extensions>
</trkpt>
<trkpt lat="58.25145112" lon="15.30785359">
<ele>126.4</ele>
<time>2026-09-06T10:00:13Z</time>
<extensions>
<tp1:TrackPointExtension>
<tp1:hr>159</tp1:hr>
</tp1:TrackPointExtension>
</extensions>
</trkpt>
<trkpt lat="58.25145883" lon="15.3078913">
<ele>126.4</ele>
<time>2026-09-06T10:00:14Z</time>
<extensions>
<tp1:TrackPointExtension>
<tp1:hr>159</tp1:hr>
</tp1:TrackPointExtension>
</extensions>
</trkpt>
<trkpt lat="58.25148314" lon="15.30793112">
<ele>126.4</ele>
<time>2026-09-06T10:00:15Z</time>
<extensions>
<tp1:TrackPointExtension>
<tp1:hr>160</tp1:hr>
</tp1:TrackPointExtension>
</extensions>
</trkpt>
<trkpt lat="58.25149597" lon="15.30796406">
<ele>126.2</ele>
<time>2026-09-06T10:00:16Z</time>
<extensions>
<tp1:TrackPointExtension>
<tp1:hr>160</tp1:hr>
</tp1:TrackPointExtension>
</extensions>
</trkpt>
<trkpt lat="58.25151265" lon="15.30800563">
<ele>125.8</ele>
<time>2026-09-06T10:00:17Z</time>
<extensions>
<tp1:TrackPointExtension>
<tp1:hr>160</tp1:hr>
</tp1:TrackPointExtension>
</extensions>
</trkpt>
<trkpt lat="58.25152631" lon="15.308055">
<ele>125.2</ele>
<time>2026-09-06T10:00:18Z</time>
<extensions>
<tp1:TrackPointExtension>
<tp1:hr>159</tp1:hr>
</tp1:TrackPointExtension>
</extensions>
</trkpt>
<trkpt lat="58.25154617" lon="15.30809021">
<ele>124.6</ele>
<time>2026-09-06T10:00:19Z</time>
<extensions>
<tp1:TrackPointExtension>
<tp1:hr>160</tp1:hr>
</tp1:TrackPointExtension>
</extensions>
</trkpt>
<trkpt lat="58.25155942" lon="15.30811694">
<ele>123.8</ele>
<time>2026-09-06T10:00:20Z</time>
<extensions>
<tp1:TrackPointExtension>
<tp1:hr>160</tp1:hr>
</tp1:TrackPointExtension>
</extensions>
</trkpt>
<trkpt lat="58.25157476" lon="15.30813279">
<ele>123.0</ele>
<time>2026-09-06T10:00:21Z</time>
<extensions>
<tp1:TrackPointExtension>
<tp1:hr>159</tp1:hr>
</tp1:TrackPointExtension>
</extensions>
</trkpt>
<trkpt lat="58.25158976" lon="15.30814653">
<ele>122.8</ele>
<time>2026-09-06T10:00:22Z</time>
<extensions>
<tp1:TrackPointExtension>
<tp1:hr>159</tp1:hr>
</tp1:TrackPointExtension>
</extensions>
</trkpt>
<trkpt lat="58.2515973" lon="15.30816531">
<ele>122.8</ele>
<time>2026-09-06T10:00:23Z</time>
<extensions>
<tp1:TrackPointExtension>
<tp1:hr>159</tp1:hr>
</tp1:TrackPointExtension>
</extensions>
</trkpt>
<trkpt lat="58.25160183" lon="15.30817403">
<ele>123.0</ele>
<time>2026-09-06T10:00:24Z</time>
<extensions>
<tp1:TrackPointExtension>
<tp1:hr>159</tp1:hr>
</tp1:TrackPointExtension>
</extensions>
</trkpt>
<trkpt lat="58.2515958" lon="15.30817159">
<ele>123.0</ele>
<time>2026-09-06T10:00:25Z</time>
<extensions>
<tp1:TrackPointExtension>
<tp1:hr>158</tp1:hr>
</tp1:TrackPointExtension>
</extensions>
</trkpt>
<trkpt lat="58.25157316" lon="15.30817704">
<ele>123.0</ele>
<time>2026-09-06T10:00:26Z</time>
<extensions>
<tp1:TrackPointExtension>
<tp1:hr>156</tp1:hr>
</tp1:TrackPointExtension>
</extensions>
</trkpt>
<trkpt lat="58.25154777" lon="15.30819448">
<ele>123.2</ele>
<time>2026-09-06T10:00:27Z</time>
<extensions>
<tp1:TrackPointExtension>
<tp1:hr>155</tp1:hr>
</tp1:TrackPointExtension>
</extensions>
</trkpt>
<trkpt lat="58.2515196" lon="15.30821434">
<ele>123.0</ele>
<time>2026-09-06T10:00:28Z</time>
<extensions>
<tp1:TrackPointExtension>
<tp1:hr>155</tp1:hr>
</tp1:TrackPointExtension>
</extensions>
</trkpt>
<trkpt lat="58.25149605" lon="15.30823044">
<ele>123.0</ele>
<time>2026-09-06T10:00:29Z</time>
<extensions>
<tp1:TrackPointExtension>
<tp1:hr>155</tp1:hr>
</tp1:TrackPointExtension>
</extensions>
</trkpt>
<trkpt lat="58.2514756" lon="15.30824309">
<ele>123.0</ele>
<time>2026-09-06T10:00:30Z</time>
<extensions>
<tp1:TrackPointExtension>
<tp1:hr>155</tp1:hr>
</tp1:TrackPointExtension>
</extensions>
</trkpt>
<trkpt lat="58.25145666" lon="15.30824468">
<ele>122.8</ele>
<time>2026-09-06T10:00:31Z</time>
<extensions>
<tp1:TrackPointExtension>
<tp1:hr>154</tp1:hr>
</tp1:TrackPointExtension>
</extensions>
</trkpt>
<trkpt lat="58.25143511" lon="15.30825097">
<ele>122.8</ele>
<time>2026-09-06T10:00:32Z</time>
<extensions>
<tp1:TrackPointExtension>
<tp1:hr>155</tp1:hr>
</tp1:TrackPointExtension>
</extensions>
</trkpt>
<trkpt lat="58.25141064" lon="15.30825734">
<ele>122.8</ele>
<time>2026-09-06T10:00:33Z</time>
<extensions>
<tp1:TrackPointExtension>
<tp1:hr>155</tp1:hr>
</tp1:TrackPointExtension>
</extensions>
</trkpt>
<trkpt lat="58.25138683" lon="15.30825592">
<ele>123.0</ele>
<time>2026-09-06T10:00:34Z</time>
<extensions>
<tp1:TrackPointExtension>
<tp1:hr>155</tp1:hr>
</tp1:TrackPointExtension>
</extensions>
</trkpt>
<trkpt lat="58.25136362" lon="15.30826086">
<ele>123.0</ele>
<time>2026-09-06T10:00:35Z</time>
<extensions>
<tp1:TrackPointExtension>
<tp1:hr>156</tp1:hr>
</tp1:TrackPointExtension>
</extensions>
</trkpt>
<trkpt lat="58.2513352" lon="15.3082653">
<ele>123.2</ele>
<time>2026-09-06T10:00:36Z</time>
<extensions>
<tp1:TrackPointExtension>
<tp1:hr>156</tp1:hr>
</tp1:TrackPointExtension>
</extensions>
</trkpt>
<trkpt lat="58.25130763" lon="15.30827243">
<ele>123.4</ele>
<time>2026-09-06T10:00:37Z</time>
<extensions>
<tp1:TrackPointExtension>
<tp1:hr>156</tp1:hr>
</tp1:TrackPointExtension>
</extensions>
</trkpt>
<trkpt lat="58.25127997" lon="15.30827167">
<ele>123.6</ele>
<time>2026-09-06T10:00:38Z</time>
<extensions>
<tp1:TrackPointExtension>
<tp1:hr>157</tp1:hr>
</tp1:TrackPointExtension>
</extensions>
</trkpt>
<trkpt lat="58.25125063" lon="15.30827134">
<ele>123.8</ele>
<time>2026-09-06T10:00:39Z</time>
<extensions>
<tp1:TrackPointExtension>
<tp1:hr>157</tp1:hr>
</tp1:TrackPointExtension>
</extensions>
</trkpt>
<trkpt lat="58.25122615" lon="15.30827872">
<ele>124.0</ele>
<time>2026-09-06T10:00:40Z</time>
<extensions>
<tp1:TrackPointExtension>
<tp1:hr>157</tp1:hr>
</tp1:TrackPointExtension>
</extensions>
</trkpt>
<trkpt lat="58.25119941" lon="15.30829623">
<ele>124.2</ele>
<time>2026-09-06T10:00:41Z</time>
<extensions>
<tp1:TrackPointExtension>
<tp1:hr>157</tp1:hr>
</tp1:TrackPointExtension>
</extensions>
</trkpt>
<trkpt lat="58.25117377" lon="15.30830051">
<ele>124.2</ele>
<time>2026-09-06T10:00:42Z</time>
<extensions>
<tp1:TrackPointExtension>
<tp1:hr>157</tp1:hr>
</tp1:TrackPointExtension>
</extensions>
</trkpt>
<trkpt lat="58.25113798" lon="15.30830336">
<ele>124.4</ele>
<time>2026-09-06T10:00:43Z</time>
<extensions>
<tp1:TrackPointExtension>
<tp1:hr>158</tp1:hr>
</tp1:TrackPointExtension>
</extensions>
</trkpt>
<trkpt lat="58.25111124" lon="15.30827947">
<ele>124.6</ele>
<time>2026-09-06T10:00:44Z</time>
<extensions>
<tp1:TrackPointExtension>
<tp1:hr>158</tp1:hr>
</tp1:TrackPointExtension>
</extensions>
</trkpt>
<trkpt lat="58.25109657" lon="15.30827159">
<ele>124.6</ele>
<time>2026-09-06T10:00:45Z</time>
<extensions>
<tp1:TrackPointExtension>
<tp1:hr>158</tp1:hr>
</tp1:TrackPointExtension>
</extensions>
</trkpt>
<trkpt lat="58.25107704" lon="15.30825449">
<ele>124.8</ele>
<time>2026-09-06T10:00:46Z</time>
<extensions>
<tp1:TrackPointExtension>
<tp1:hr>158</tp1:hr>
</tp1:TrackPointExtension>
</extensions>
</trkpt>
<trkpt lat="58.25106153" lon="15.30820512">
<ele>125.0</ele>
<time>2026-09-06T10:00:47Z</time>
<extensions>
<tp1:TrackPointExtension>
<tp1:hr>158</tp1:hr>
</tp1:TrackPointExtension>
</extensions>
</trkpt>
<trkpt lat="58.25105315" lon="15.30817243">
<ele>125.4</ele>
<time>2026-09-06T10:00:48Z</time>
<extensions>
<tp1:TrackPointExtension>
<tp1:hr>158</tp1:hr>
</tp1:TrackPointExtension>
</extensions>
</trkpt>
<trkpt lat="58.25103966" lon="15.30812549">
<ele>125.6</ele>
<time>2026-09-06T10:00:49Z</time>
<extensions>
<tp1:TrackPointExtension>
<tp1:hr>159</tp1:hr>
</tp1:TrackPointExtension>
</extensions>
</trkpt>
<trkpt lat="58.25102314" lon="15.30810337">
<ele>125.6</ele>
<time>2026-09-06T10:00:50Z</time>
<extensions>
<tp1:TrackPointExtension>
<tp1:hr>159</tp1:hr>
</tp1:TrackPointExtension>
</extensions>
</trkpt>
<trkpt lat="58.25101124" lon="15.30810378">
<ele>125.8</ele>
<time>2026-09-06T10:00:51Z</time>
<extensions>
<tp1:TrackPointExtension>
<tp1:hr>160</tp1:hr>
</tp1:TrackPointExtension>
</extensions>
</trkpt>
<trkpt lat="58.25098853" lon="15.308112">
<ele>125.8</ele>
<time>2026-09-06T10:00:52Z</time>
<extensions>
<tp1:TrackPointExtension>
<tp1:hr>160</tp1:hr>
</tp1:TrackPointExtension>
</extensions>
</trkpt>
<trkpt lat="58.2509602" lon="15.30813689">
<ele>125.8</ele>
<time>2026-09-06T10:00:53Z</time>
<extensions>
<tp1:TrackPointExtension>
<tp1:hr>160</tp1:hr>
</tp1:TrackPointExtension>
</extensions>
</trkpt>
<trkpt lat="58.25093463" lon="15.30814377">
<ele>125.8</ele>
<time>2026-09-06T10:00:54Z</time>
<extensions>
<tp1:TrackPointExtension>
<tp1:hr>160</tp1:hr>
</tp1:TrackPointExtension>
</extensions>
</trkpt>
<trkpt lat="58.25091083" lon="15.30814813">
<ele>126.2</ele>
<time>2026-09-06T10:00:55Z</time>
<extensions>
<tp1:TrackPointExtension>
<tp1:hr>161</tp1:hr>
</tp1:TrackPointExtension>
</extensions>
</trkpt>
<trkpt lat="58.2508928" lon="15.30815349">
<ele>126.4</ele>
<time>2026-09-06T10:00:56Z</time>
<extensions>
<tp1:TrackPointExtension>
<tp1:hr>161</tp1:hr>
</tp1:TrackPointExtension>
</extensions>
</trkpt>
<trkpt lat="58.25086213" lon="15.30815852">
<ele>126.8</ele>
<time>2026-09-06T10:00:57Z</time>
<extensions>
<tp1:TrackPointExtension>
<tp1:hr>161</tp1:hr>
</tp1:TrackPointExtension>
</extensions>
</trkpt>
<trkpt lat="58.25082416" lon="15.30815927">
<ele>127.0</ele>
<time>2026-09-06T10:00:58Z</time>
<extensions>
<tp1:TrackPointExtension>
<tp1:hr>162</tp1:hr>
</tp1:TrackPointExtension>
</extensions>
</trkpt>
<trkpt lat="58.25080102" lon="15.30815785">
<ele>127.0</ele>
<time>2026-09-06T10:00:59Z</time>
<extensions>
<tp1:TrackPointExtension>
<tp1:hr>162</tp1:hr>
</tp1:TrackPointExtension>
</extensions>
</trkpt>
<trkpt lat="58.25078409" lon="15.30819431">
<ele>127.0</ele>
<time>2026-09-06T10:01:00Z</time>
<extensions>
<tp1:TrackPointExtension>
<tp1:hr>162</tp1:hr>
</tp1:TrackPointExtension>
</extensions>
</trkpt>
<trkpt lat="58.25076842" lon="15.30824552">
<ele>127.0</ele>
<time>2026-09-06T10:01:01Z</time>
<extensions>
<tp1:TrackPointExtension>
<tp1:hr>163</tp1:hr>
</tp1:TrackPointExtension>
</extensions>
</trkpt>
<trkpt lat="58.25076238" lon="15.30830587">
<ele>127.0</ele>
<time>2026-09-06T10:01:02Z</time>
<extensions>
<tp1:TrackPointExtension>
<tp1:hr>163</tp1:hr>
</tp1:TrackPointExtension>
</extensions>
</trkpt>
<trkpt lat="58.25075098" lon="15.30835675">
<ele>127.0</ele>
<time>2026-09-06T10:01:03Z</time>
<extensions>
<tp1:TrackPointExtension>
<tp1:hr>163</tp1:hr>
</tp1:TrackPointExtension>
</extensions>
</trkpt>
<trkpt lat="58.2507245" lon="15.30837578">
<ele>127.0</ele>
<time>2026-09-06T10:01:04Z</time>
<extensions>
<tp1:TrackPointExtension>
<tp1:hr>164</tp1:hr>
</tp1:TrackPointExtension>
</extensions>
</trkpt>
<trkpt lat="58.25071025" lon="15.30835038">
<ele>127.0</ele>
<time>2026-09-06T10:01:05Z</time>
<extensions>
<tp1:TrackPointExtension>
<tp1:hr>164</tp1:hr>
</tp1:TrackPointExtension>
</extensions>
</trkpt>
<trkpt lat="58.25068728" lon="15.30830118">
<ele>127.0</ele>
<time>2026-09-06T10:01:06Z</time>
<extensions>
<tp1:TrackPointExtension>
<tp1:hr>164</tp1:hr>
</tp1:TrackPointExtension>
</extensions>
</trkpt>
<trkpt lat="58.25066281" lon="15.30827494">
<ele>127.0</ele>
<time>2026-09-06T10:01:07Z</time>
<extensions>
<tp1:TrackPointExtension>
<tp1:hr>164</tp1:hr>
</tp1:TrackPointExtension>
</extensions>
</trkpt>
<trkpt lat="58.25064286" lon="15.30826882">
<ele>127.0</ele>
<time>2026-09-06T10:01:08Z</time>
<extensions>
<tp1:TrackPointExtension>
<tp1:hr>164</tp1:hr>
</tp1:TrackPointExtension>
</extensions>
</trkpt>
<trkpt lat="58.25062408" lon="15.30828089">
<ele>127.4</ele>
<time>2026-09-06T10:01:09Z</time>
<extensions>
<tp1:TrackPointExtension>
<tp1:hr>165</tp1:hr>
</tp1:TrackPointExtension>
</extensions>
</trkpt>
<trkpt lat="58.25060195" lon="15.30828592">
<ele>127.4</ele>
<time>2026-09-06T10:01:10Z</time>
<extensions>
<tp1:TrackPointExtension>
<tp1:hr>165</tp1:hr>
</tp1:TrackPointExtension>
</extensions>
</trkpt>
<trkpt lat="58.25057915" lon="15.30829296">
<ele>127.6</ele>
<time>2026-09-06T10:01:11Z</time>
<extensions>
<tp1:TrackPointExtension>
<tp1:hr>164</tp1:hr>
</tp1:TrackPointExtension>
</extensions>
</trkpt>
<trkpt lat="58.25055066" lon="15.30829757">
<ele>127.8</ele>
<time>2026-09-06T10:01:12Z</time>
<extensions>
<tp1:TrackPointExtension>
<tp1:hr>164</tp1:hr>
</tp1:TrackPointExtension>
</extensions>
</trkpt>
<trkpt lat="58.25052249" lon="15.30831048">
<ele>128.0</ele>
<time>2026-09-06T10:01:13Z</time>
<extensions>
<tp1:TrackPointExtension>
<tp1:hr>165</tp1:hr>
</tp1:TrackPointExtension>
</extensions>
</trkpt>
<trkpt lat="58.25049852" lon="15.3083228">
<ele>128.2</ele>
<time>2026-09-06T10:01:14Z</time>
<extensions>
<tp1:TrackPointExtension>
<tp1:hr>165</tp1:hr>
</tp1:TrackPointExtension>
</extensions>
</trkpt>
<trkpt lat="58.25047446" lon="15.30832783">
<ele>128.4</ele>
<time>2026-09-06T10:01:15Z</time>
<extensions>
<tp1:TrackPointExtension>
<tp1:hr>164</tp1:hr>
</tp1:TrackPointExtension>
</extensions>
</trkpt>
<trkpt lat="58.25045619" lon="15.30832046">
<ele>128.4</ele>
<time>2026-09-06T10:01:16Z</time>
<extensions>
<tp1:TrackPointExtension>
<tp1:hr>164</tp1:hr>
</tp1:TrackPointExtension>
</extensions>
</trkpt>
<trkpt lat="58.25043515" lon="15.30830763">
<ele>128.4</ele>
<time>2026-09-06T10:01:17Z</time>
<extensions>
<tp1:TrackPointExtension>
<tp1:hr>164</tp1:hr>
</tp1:TrackPointExtension>
</extensions>
</trkpt>
<trkpt lat="58.25041613" lon="15.30829716">
<ele>128.6</ele>
<time>2026-09-06T10:01:18Z</time>
<extensions>
<tp1:TrackPointExtension>
<tp1:hr>164</tp1:hr>
</tp1:TrackPointExtension>
</extensions>
</trkpt>
<trkpt lat="58.2503966" lon="15.30829179">
<ele>128.8</ele>
<time>2026-09-06T10:01:19Z</time>
<extensions>
<tp1:TrackPointExtension>
<tp1:hr>163</tp1:hr>
</tp1:TrackPointExtension>
</extensions>
</trkpt>
<trkpt lat="58.25037975" lon="15.30829053">
<ele>129.2</ele>
<time>2026-09-06T10:01:20Z</time>
<extensions>
<tp1:TrackPointExtension>
<tp1:hr>162</tp1:hr>
</tp1:TrackPointExtension>
</extensions>
</trkpt>
<trkpt lat="58.25035536" lon="15.30829565">
<ele>129.2</ele>
<time>2026-09-06T10:01:21Z</time>
<extensions>
<tp1:TrackPointExtension>
<tp1:hr>162</tp1:hr>
</tp1:TrackPointExtension>
</extensions>
</trkpt>
<trkpt lat="58.25033625" lon="15.30828576">
<ele>129.0</ele>
<time>2026-09-06T10:01:22Z</time>
<extensions>
<tp1:TrackPointExtension>
<tp1:hr>162</tp1:hr>
</tp1:TrackPointExtension>
</extensions>
</trkpt>
<trkpt lat="58.25030372" lon="15.30826723">
<ele>128.8</ele>
<time>2026-09-06T10:01:23Z</time>
<extensions>
<tp1:TrackPointExtension>
<tp1:hr>163</tp1:hr>
</tp1:TrackPointExtension>
</extensions>
</trkpt>
<trkpt lat="58.25027791" lon="15.30825055">
<ele>128.2</ele>
<time>2026-09-06T10:01:24Z</time>
<extensions>
<tp1:TrackPointExtension>
<tp1:hr>163</tp1:hr>
</tp1:TrackPointExtension>
</extensions>
</trkpt>
<trkpt lat="58.2502443" lon="15.30822708">
<ele>127.8</ele>
<time>2026-09-06T10:01:25Z</time>
<extensions>
<tp1:TrackPointExtension>
<tp1:hr>163</tp1:hr>
</tp1:TrackPointExtension>
</extensions>
</trkpt>
<trkpt lat="58.25022024" lon="15.30821216">
<ele>127.6</ele>
<time>2026-09-06T10:01:26Z</time>
<extensions>
<tp1:TrackPointExtension>
<tp1:hr>162</tp1:hr>
</tp1:TrackPointExtension>
</extensions>
</trkpt>
<trkpt lat="58.25019778" lon="15.30820998">
<ele>127.4</ele>
<time>2026-09-06T10:01:27Z</time>
<extensions>
<tp1:TrackPointExtension>
<tp1:hr>162</tp1:hr>
</tp1:TrackPointExtension>
</extensions>
</trkpt>
<trkpt lat="58.25017741" lon="15.30820219">
<ele>127.4</ele>
<time>2026-09-06T10:01:28Z</time>
<extensions>
<tp1:TrackPointExtension>
<tp1:hr>161</tp1:hr>
</tp1:TrackPointExtension>
</extensions>
</trkpt>
<trkpt lat="58.25015503" lon="15.30819884">
<ele>127.6</ele>
<time>2026-09-06T10:01:29Z</time>
<extensions>
<tp1:TrackPointExtension>
<tp1:hr>161</tp1:hr>
</tp1:TrackPointExtension>
</extensions>
</trkpt>
<trkpt lat="58.25013651" lon="15.30819263">
<ele>127.6</ele>
<time>2026-09-06T10:01:30Z</time>
<extensions>
<tp1:TrackPointExtension>
<tp1:hr>161</tp1:hr>
</tp1:TrackPointExtension>
</extensions>
</trkpt>
<trkpt lat="58.25011714" lon="15.30816631">
<ele>127.6</ele>
<time>2026-09-06T10:01:31Z</time>
<extensions>
<tp1:TrackPointExtension>
<tp1:hr>162</tp1:hr>
</tp1:TrackPointExtension>
</extensions>
</trkpt>
<trkpt lat="58.25010189" lon="15.30811711">
<ele>127.6</ele>
<time>2026-09-06T10:01:32Z</time>
<extensions>
<tp1:TrackPointExtension>
<tp1:hr>162</tp1:hr>
</tp1:TrackPointExtension>
</extensions>
</trkpt>
<trkpt lat="58.25008521" lon="15.30807185">
<ele>127.4</ele>
<time>2026-09-06T10:01:33Z</time>
<extensions>
<tp1:TrackPointExtension>
<tp1:hr>162</tp1:hr>
</tp1:TrackPointExtension>
</extensions>
</trkpt>
<trkpt lat="58.25006618" lon="15.30802575">
<ele>127.4</ele>
<time>2026-09-06T10:01:34Z</time>
<extensions>
<tp1:TrackPointExtension>
<tp1:hr>163</tp1:hr>
</tp1:TrackPointExtension>
</extensions>
</trkpt>
<trkpt lat="58.2500443" lon="15.30798585">
<ele>127.1</ele>
<time>2026-09-06T10:01:35Z</time>
<extensions>
<tp1:TrackPointExtension>
<tp1:hr>163</tp1:hr>
</tp1:TrackPointExtension>
</extensions>
</trkpt>
<trkpt lat="58.2500226" lon="15.30794369">
<ele>126.9</ele>
<time>2026-09-06T10:01:36Z</time>
<extensions>
<tp1:TrackPointExtension>
<tp1:hr>164</tp1:hr>
</tp1:TrackPointExtension>
</extensions>
</trkpt>
<trkpt lat="58.24999812" lon="15.30791695">
<ele>126.9</ele>
<time>2026-09-06T10:01:37Z</time>
<extensions>
<tp1:TrackPointExtension>
<tp1:hr>164</tp1:hr>
</tp1:TrackPointExtension>
</extensions>
</trkpt>
<trkpt lat="58.24997482" lon="15.30791033">
<ele>126.7</ele>
<time>2026-09-06T10:01:38Z</time>
<extensions>
<tp1:TrackPointExtension>
<tp1:hr>164</tp1:hr>
</tp1:TrackPointExtension>
</extensions>
</trkpt>
<trkpt lat="58.24992754" lon="15.30793221">
<ele>126.5</ele>
<time>2026-09-06T10:01:39Z</time>
<extensions>
<tp1:TrackPointExtension>
<tp1:hr>165</tp1:hr>
</tp1:TrackPointExtension>
</extensions>
</trkpt>
<trkpt lat="58.24989569" lon="15.30792776">
<ele>126.3</ele>
<time>2026-09-06T10:01:40Z</time>
<extensions>
<tp1:TrackPointExtension>
<tp1:hr>165</tp1:hr>
</tp1:TrackPointExtension>
</extensions>
</trkpt>
<trkpt lat="58.24986979" lon="15.3079359">
<ele>126.1</ele>
<time>2026-09-06T10:01:41Z</time>
<extensions>
<tp1:TrackPointExtension>
<tp1:hr>165</tp1:hr>
</tp1:TrackPointExtension>
</extensions>
</trkpt>
<trkpt lat="58.24984683" lon="15.30794059">
<ele>126.1</ele>
<time>2026-09-06T10:01:42Z</time>
<extensions>
<tp1:TrackPointExtension>
<tp1:hr>166</tp1:hr>
</tp1:TrackPointExtension>
</extensions>
</trkpt>
<trkpt lat="58.24982747" lon="15.30795769">
<ele>125.9</ele>
<time>2026-09-06T10:01:43Z</time>
<extensions>
<tp1:TrackPointExtension>
<tp1:hr>166</tp1:hr>
</tp1:TrackPointExtension>
</extensions>
</trkpt>
<trkpt lat="58.2498133" lon="15.30795132">
<ele>125.9</ele>
<time>2026-09-06T10:01:44Z</time>
<extensions>
<tp1:TrackPointExtension>
<tp1:hr>167</tp1:hr>
</tp1:TrackPointExtension>
</extensions>
</trkpt>
<trkpt lat="58.2497905" lon="15.30794302">
<ele>125.9</ele>
<time>2026-09-06T10:01:45Z</time>
<extensions>
<tp1:TrackPointExtension>
<tp1:hr>166</tp1:hr>
</tp1:TrackPointExtension>
</extensions>
</trkpt>
<trkpt lat="58.24977692" lon="15.30793573">
<ele>125.7</ele>
<time>2026-09-06T10:01:46Z</time>
<extensions>
<tp1:TrackPointExtension>
<tp1:hr>166</tp1:hr>
</tp1:TrackPointExtension>
</extensions>
</trkpt>
<trkpt lat="58.2497615" lon="15.30792391">
<ele>125.7</ele>
<time>2026-09-06T10:01:47Z</time>
<extensions>
<tp1:TrackPointExtension>
<tp1:hr>166</tp1:hr>
</tp1:TrackPointExtension>
</extensions>
</trkpt>
<trkpt lat="58.24975194" lon="15.30792349">
<ele>125.5</ele>
<time>2026-09-06T10:01:48Z</time>
<extensions>
<tp1:TrackPointExtension>
<tp1:hr>165</tp1:hr>
</tp1:TrackPointExtension>
</extensions>
</trkpt>
<trkpt lat="58.24974448" lon="15.3079219">
<ele>125.3</ele>
<time>2026-09-06T10:01:49Z</time>
<extensions>
<tp1:TrackPointExtension>
<tp1:hr>164</tp1:hr>
</tp1:TrackPointExtension>
</extensions>
</trkpt>
<trkpt lat="58.24973367" lon="15.30789357">
<ele>125.1</ele>
<time>2026-09-06T10:01:50Z</time>
<extensions>
<tp1:TrackPointExtension>
<tp1:hr>164</tp1:hr>
</tp1:TrackPointExtension>
</extensions>
</trkpt>
<trkpt lat="58.24971607" lon="15.30785853">
<ele>124.9</ele>
<time>2026-09-06T10:01:51Z</time>
<extensions>
<tp1:TrackPointExtension>
<tp1:hr>164</tp1:hr>
</tp1:TrackPointExtension>
</extensions>
</trkpt>
<trkpt lat="58.24969428" lon="15.30785317">
<ele>124.9</ele>
<time>2026-09-06T10:01:52Z</time>
<extensions>
<tp1:TrackPointExtension>
<tp1:hr>164</tp1:hr>
</tp1:TrackPointExtension>
</extensions>
</trkpt>
<trkpt lat="58.24967349" lon="15.30785266">
<ele>124.9</ele>
<time>2026-09-06T10:01:53Z</time>
<extensions>
<tp1:TrackPointExtension>
<tp1:hr>163</tp1:hr>
</tp1:TrackPointExtension>
</extensions>
</trkpt>
<trkpt lat="58.24964809" lon="15.30785191">
<ele>125.1</ele>
<time>2026-09-06T10:01:54Z</time>
<extensions>
<tp1:TrackPointExtension>
<tp1:hr>164</tp1:hr>
</tp1:TrackPointExtension>
</extensions>
</trkpt>
<trkpt lat="58.24961926" lon="15.30785643">
<ele>125.1</ele>
<time>2026-09-06T10:01:55Z</time>
<extensions>
<tp1:TrackPointExtension>
<tp1:hr>164</tp1:hr>
</tp1:TrackPointExtension>
</extensions>
</trkpt>
<trkpt lat="58.24959621" lon="15.30785618">
<ele>125.1</ele>
<time>2026-09-06T10:01:56Z</time>
<extensions>
<tp1:TrackPointExtension>
<tp1:hr>164</tp1:hr>
</tp1:TrackPointExtension>
</extensions>
</trkpt>
<trkpt lat="58.24957626" lon="15.30784738">
<ele>124.9</ele>
<time>2026-09-06T10:01:57Z</time>
<extensions>
<tp1:TrackPointExtension>
<tp1:hr>165</tp1:hr>
</tp1:TrackPointExtension>
</extensions>
</trkpt>
<trkpt lat="58.24955002" lon="15.30782366">
<ele>124.7</ele>
<time>2026-09-06T10:01:58Z</time>
<extensions>
<tp1:TrackPointExtension>
<tp1:hr>164</tp1:hr>
</tp1:TrackPointExtension>
</extensions>
</trkpt>
<trkpt lat="58.24952471" lon="15.30780816">
<ele>124.5</ele>
<time>2026-09-06T10:01:59Z</time>
<extensions>
<tp1:TrackPointExtension>
<tp1:hr>164</tp1:hr>
</tp1:TrackPointExtension>
</extensions>
</trkpt>
<trkpt lat="58.24950183" lon="15.30779743">
<ele>124.3</ele>
<time>2026-09-06T10:02:00Z</time>
<extensions>
<tp1:TrackPointExtension>
<tp1:hr>165</tp1:hr>
</tp1:TrackPointExtension>
</extensions>
</trkpt>
<trkpt lat="58.2494797" lon="15.307781">
<ele>124.3</ele>
<time>2026-09-06T10:02:01Z</time>
<extensions>
<tp1:TrackPointExtension>
<tp1:hr>164</tp1:hr>
</tp1:TrackPointExtension>
</extensions>
</trkpt>
<trkpt lat="58.2494595" lon="15.30775644">
<ele>124.3</ele>
<time>2026-09-06T10:02:02Z</time>
<extensions>
<tp1:TrackPointExtension>
<tp1:hr>164</tp1:hr>
</tp1:TrackPointExtension>
</extensions>
</trkpt>
<trkpt lat="58.24943226" lon="15.30773724">
<ele>124.5</ele>
<time>2026-09-06T10:02:03Z</time>
<extensions>
<tp1:TrackPointExtension>
<tp1:hr>164</tp1:hr>
</tp1:TrackPointExtension>
</extensions>
</trkpt>
<trkpt lat="58.24940066" lon="15.30772878">
<ele>124.7</ele>
<time>2026-09-06T10:02:04Z</time>
<extensions>
<tp1:TrackPointExtension>
<tp1:hr>164</tp1:hr>
</tp1:TrackPointExtension>
</extensions>
</trkpt>
<trkpt lat="58.24937769" lon="15.30772878">
<ele>124.7</ele>
<time>2026-09-06T10:02:05Z</time>
<extensions>
<tp1:TrackPointExtension>
<tp1:hr>163</tp1:hr>
</tp1:TrackPointExtension>
</extensions>
</trkpt>
<trkpt lat="58.24935464" lon="15.30773431">
<ele>124.9</ele>
<time>2026-09-06T10:02:06Z</time>
<extensions>
<tp1:TrackPointExtension>
<tp1:hr>163</tp1:hr>
</tp1:TrackPointExtension>
</extensions>
</trkpt>
<trkpt lat="58.24933126" lon="15.30773775">
<ele>124.9</ele>
<time>2026-09-06T10:02:07Z</time>
<extensions>
<tp1:TrackPointExtension>
<tp1:hr>163</tp1:hr>
</tp1:TrackPointExtension>
</extensions>
</trkpt>
<trkpt lat="58.24930402" lon="15.30773766">
<ele>124.9</ele>
<time>2026-09-06T10:02:08Z</time>
<extensions>
<tp1:TrackPointExtension>
<tp1:hr>163</tp1:hr>
</tp1:TrackPointExtension>
</extensions>
</trkpt>
<trkpt lat="58.24928247" lon="15.30773741">
<ele>124.7</ele>
<time>2026-09-06T10:02:09Z</time>
<extensions>
<tp1:TrackPointExtension>
<tp1:hr>163</tp1:hr>
</tp1:TrackPointExtension>
</extensions>
</trkpt>
<trkpt lat="58.24926303" lon="15.30773791">
<ele>124.7</ele>
<time>2026-09-06T10:02:10Z</time>
<extensions>
<tp1:TrackPointExtension>
<tp1:hr>163</tp1:hr>
</tp1:TrackPointExtension>
</extensions>
</trkpt>
<trkpt lat="58.24923805" lon="15.30771939">
<ele>124.7</ele>
<time>2026-09-06T10:02:11Z</time>
<extensions>
<tp1:TrackPointExtension>
<tp1:hr>163</tp1:hr>
</tp1:TrackPointExtension>
</extensions>
</trkpt>
<trkpt lat="58.249215" lon="15.30768611">
<ele>124.5</ele>
<time>2026-09-06T10:02:12Z</time>
<extensions>
<tp1:TrackPointExtension>
<tp1:hr>163</tp1:hr>
</tp1:TrackPointExtension>
</extensions>
</trkpt>
<trkpt lat="58.24919949" lon="15.30765653">
<ele>124.5</ele>
<time>2026-09-06T10:02:13Z</time>
<extensions>
<tp1:TrackPointExtension>
<tp1:hr>162</tp1:hr>
</tp1:TrackPointExtension>
</extensions>
</trkpt>
<trkpt lat="58.24916923" lon="15.30762015">
<ele>124.5</ele>
<time>2026-09-06T10:02:14Z</time>
<extensions>
<tp1:TrackPointExtension>
<tp1:hr>163</tp1:hr>
</tp1:TrackPointExtension>
</extensions>
</trkpt>
<trkpt lat="58.24913663" lon="15.30758101">
<ele>124.5</ele>
<time>2026-09-06T10:02:15Z</time>
<extensions>
<tp1:TrackPointExtension>
<tp1:hr>163</tp1:hr>
</tp1:TrackPointExtension>
</extensions>
</trkpt>
<trkpt lat="58.24910847" lon="15.30756039">
<ele>124.7</ele>
<time>2026-09-06T10:02:16Z</time>
<extensions>
<tp1:TrackPointExtension>
<tp1:hr>163</tp1:hr>
</tp1:TrackPointExtension>
</extensions>
</trkpt>
<trkpt lat="58.24907938" lon="15.30755988">
<ele>124.9</ele>
<time>2026-09-06T10:02:17Z</time>
<extensions>
<tp1:TrackPointExtension>
<tp1:hr>163</tp1:hr>
</tp1:TrackPointExtension>
</extensions>
</trkpt>
<trkpt lat="58.24904979" lon="15.30756852">
<ele>125.1</ele>
<time>2026-09-06T10:02:18Z</time>
<extensions>
<tp1:TrackPointExtension>
<tp1:hr>162</tp1:hr>
</tp1:TrackPointExtension>
</extensions>
</trkpt>
<trkpt lat="58.24901928" lon="15.30757774">
<ele>125.1</ele>
<time>2026-09-06T10:02:19Z</time>
<extensions>
<tp1:TrackPointExtension>
<tp1:hr>163</tp1:hr>
</tp1:TrackPointExtension>
</extensions>
</trkpt>
<trkpt lat="58.24899388" lon="15.3075919">
<ele>125.3</ele>
<time>2026-09-06T10:02:20Z</time>
<extensions>
<tp1:TrackPointExtension>
<tp1:hr>163</tp1:hr>
</tp1:TrackPointExtension>
</extensions>
</trkpt>
<trkpt lat="58.24895524" lon="15.30761177">
<ele>125.3</ele>
<time>2026-09-06T10:02:21Z</time>
<extensions>
<tp1:TrackPointExtension>
<tp1:hr>163</tp1:hr>
</tp1:TrackPointExtension>
</extensions>
</trkpt>
<trkpt lat="58.24891878" lon="15.3076137">
<ele>125.1</ele>
<time>2026-09-06T10:02:22Z</time>
<extensions>
<tp1:TrackPointExtension>
<tp1:hr>163</tp1:hr>
</tp1:TrackPointExtension>
</extensions>
</trkpt>
<trkpt lat="58.24889531" lon="15.30761311">
<ele>124.9</ele>
<time>2026-09-06T10:02:23Z</time>
<extensions>
<tp1:TrackPointExtension>
<tp1:hr>163</tp1:hr>
</tp1:TrackPointExtension>
</extensions>
</trkpt>
<trkpt lat="58.24887025" lon="15.30761043">
<ele>124.7</ele>
<time>2026-09-06T10:02:24Z</time>
<extensions>
<tp1:TrackPointExtension>
<tp1:hr>163</tp1:hr>
</tp1:TrackPointExtension>
</extensions>
</trkpt>
<trkpt lat="58.24885131" lon="15.30761671">
<ele>124.7</ele>
<time>2026-09-06T10:02:25Z</time>
<extensions>
<tp1:TrackPointExtension>
<tp1:hr>163</tp1:hr>
</tp1:TrackPointExtension>
</extensions>
</trkpt>
<trkpt lat="58.24882759" lon="15.30763339">
<ele>124.7</ele>
<time>2026-09-06T10:02:26Z</time>
<extensions>
<tp1:TrackPointExtension>
<tp1:hr>163</tp1:hr>
</tp1:TrackPointExtension>
</extensions>
</trkpt>
<trkpt lat="58.24880714" lon="15.30764471">
<ele>124.9</ele>
<time>2026-09-06T10:02:27Z</time>
<extensions>
<tp1:TrackPointExtension>
<tp1:hr>163</tp1:hr>
</tp1:TrackPointExtension>
</extensions>
</trkpt>
<trkpt lat="58.24878383" lon="15.30765762">
<ele>125.1</ele>
<time>2026-09-06T10:02:28Z</time>
<extensions>
<tp1:TrackPointExtension>
<tp1:hr>163</tp1:hr>
</tp1:TrackPointExtension>
</extensions>
</trkpt>
<trkpt lat="58.24875701" lon="15.30766214">
<ele>125.1</ele>
<time>2026-09-06T10:02:29Z</time>
<extensions>
<tp1:TrackPointExtension>
<tp1:hr>163</tp1:hr>
</tp1:TrackPointExtension>
</extensions>
</trkpt>
<trkpt lat="58.24873111" lon="15.30765661">
<ele>125.1</ele>
<time>2026-09-06T10:02:30Z</time>
<extensions>
<tp1:TrackPointExtension>
<tp1:hr>162</tp1:hr>
</tp1:TrackPointExtension>
</extensions>
</trkpt>
<trkpt lat="58.24870488" lon="15.30766047">
<ele>125.1</ele>
<time>2026-09-06T10:02:31Z</time>
<extensions>
<tp1:TrackPointExtension>
<tp1:hr>162</tp1:hr>
</tp1:TrackPointExtension>
</extensions>
</trkpt>
<trkpt lat="58.24867864" lon="15.3076753">
<ele>124.9</ele>
<time>2026-09-06T10:02:32Z</time>
<extensions>
<tp1:TrackPointExtension>
<tp1:hr>161</tp1:hr>
</tp1:TrackPointExtension>
</extensions>
</trkpt>
<trkpt lat="58.24864822" lon="15.30769181">
<ele>124.9</ele>
<time>2026-09-06T10:02:33Z</time>
<extensions>
<tp1:TrackPointExtension>
<tp1:hr>161</tp1:hr>
</tp1:TrackPointExtension>
</extensions>
</trkpt>
<trkpt lat="58.24862726" lon="15.30772107">
<ele>124.7</ele>
<time>2026-09-06T10:02:34Z</time>
<extensions>
<tp1:TrackPointExtension>
<tp1:hr>161</tp1:hr>
</tp1:TrackPointExtension>
</extensions>
</trkpt>
<trkpt lat="58.24860496" lon="15.30775434">
<ele>124.9</ele>
<time>2026-09-06T10:02:35Z</time>
<extensions>
<tp1:TrackPointExtension>
<tp1:hr>160</tp1:hr>
</tp1:TrackPointExtension>
</extensions>
</trkpt>
<trkpt lat="58.24858694" lon="15.30777957">
<ele>124.7</ele>
<time>2026-09-06T10:02:36Z</time>
<extensions>
<tp1:TrackPointExtension>
<tp1:hr>161</tp1:hr>
</tp1:TrackPointExtension>
</extensions>
</trkpt>
<trkpt lat="58.24855442" lon="15.30779826">
<ele>124.7</ele>
<time>2026-09-06T10:02:37Z</time>
<extensions>
<tp1:TrackPointExtension>
<tp1:hr>161</tp1:hr>
</tp1:TrackPointExtension>
</extensions>
</trkpt>
<trkpt lat="58.2485302" lon="15.30780229">
<ele>124.7</ele>
<time>2026-09-06T10:02:38Z</time>
<extensions>
<tp1:TrackPointExtension>
<tp1:hr>161</tp1:hr>
</tp1:TrackPointExtension>
</extensions>
</trkpt>
<trkpt lat="58.2485079" lon="15.3078105">
<ele>124.7</ele>
<time>2026-09-06T10:02:39Z</time>
<extensions>
<tp1:TrackPointExtension>
<tp1:hr>161</tp1:hr>
</tp1:TrackPointExtension>
</extensions>
</trkpt>
<trkpt lat="58.24849441" lon="15.30782467">
<ele>124.7</ele>
<time>2026-09-06T10:02:40Z</time>
<extensions>
<tp1:TrackPointExtension>
<tp1:hr>161</tp1:hr>
</tp1:TrackPointExtension>
</extensions>
</trkpt>
<trkpt lat="58.24847907" lon="15.30783464">
<ele>124.7</ele>
<time>2026-09-06T10:02:41Z</time>
<extensions>
<tp1:TrackPointExtension>
<tp1:hr>161</tp1:hr>
</tp1:TrackPointExtension>
</extensions>
</trkpt>
<trkpt lat="58.24846624" lon="15.30784696">
<ele>124.7</ele>
<time>2026-09-06T10:02:42Z</time>
<extensions>
<tp1:TrackPointExtension>
<tp1:hr>160</tp1:hr>
</tp1:TrackPointExtension>
</extensions>
</trkpt>
<trkpt lat="58.24845736" lon="15.30786901">
<ele>124.7</ele>
<time>2026-09-06T10:02:43Z</time>
<extensions>
<tp1:TrackPointExtension>
<tp1:hr>161</tp1:hr>
</tp1:TrackPointExtension>
</extensions>
</trkpt>
<trkpt lat="58.24844831" lon="15.30788963">
<ele>124.7</ele>
<time>2026-09-06T10:02:44Z</time>
<extensions>
<tp1:TrackPointExtension>
<tp1:hr>161</tp1:hr>
</tp1:TrackPointExtension>
</extensions>
</trkpt>
<trkpt lat="58.24843448" lon="15.30791645">
<ele>124.5</ele>
<time>2026-09-06T10:02:45Z</time>
<extensions>
<tp1:TrackPointExtension>
<tp1:hr>161</tp1:hr>
</tp1:TrackPointExtension>
</extensions>
</trkpt>
<trkpt lat="58.2484323" lon="15.30793481">
<ele>124.7</ele>
<time>2026-09-06T10:02:46Z</time>
<extensions>
<tp1:TrackPointExtension>
<tp1:hr>161</tp1:hr>
</tp1:TrackPointExtension>
</extensions>
</trkpt>
<trkpt lat="58.24842601" lon="15.30795685">
<ele>124.5</ele>
<time>2026-09-06T10:02:47Z</time>
<extensions>
<tp1:TrackPointExtension>
<tp1:hr>161</tp1:hr>
</tp1:TrackPointExtension>
</extensions>
</trkpt>
<trkpt lat="58.24842174" lon="15.30797613">
<ele>124.7</ele>
<time>2026-09-06T10:02:48Z</time>
<extensions>
<tp1:TrackPointExtension>
<tp1:hr>161</tp1:hr>
</tp1:TrackPointExtension>
</extensions>
</trkpt>
<trkpt lat="58.24841076" lon="15.30800605">
<ele>124.7</ele>
<time>2026-09-06T10:02:49Z</time>
<extensions>
<tp1:TrackPointExtension>
<tp1:hr>160</tp1:hr>
</tp1:TrackPointExtension>
</extensions>
</trkpt>
<trkpt lat="58.24839424" lon="15.30804059">
<ele>124.7</ele>
<time>2026-09-06T10:02:50Z</time>
<extensions>
<tp1:TrackPointExtension>
<tp1:hr>160</tp1:hr>
</tp1:TrackPointExtension>
</extensions>
</trkpt>
<trkpt lat="58.24837471" lon="15.30807286">
<ele>124.7</ele>
<time>2026-09-06T10:02:51Z</time>
<extensions>
<tp1:TrackPointExtension>
<tp1:hr>159</tp1:hr>
</tp1:TrackPointExtension>
</extensions>
</trkpt>
<trkpt lat="58.24835024" lon="15.30806682">
<ele>124.9</ele>
<time>2026-09-06T10:02:52Z</time>
<extensions>
<tp1:TrackPointExtension>
<tp1:hr>159</tp1:hr>
</tp1:TrackPointExtension>
</extensions>
</trkpt>
<trkpt lat="58.24831939" lon="15.30806732">
<ele>125.1</ele>
<time>2026-09-06T10:02:53Z</time>
<extensions>
<tp1:TrackPointExtension>
<tp1:hr>159</tp1:hr>
</tp1:TrackPointExtension>
</extensions>
</trkpt>
<trkpt lat="58.24828813" lon="15.30805718">
<ele>125.1</ele>
<time>2026-09-06T10:02:54Z</time>
<extensions>
<tp1:TrackPointExtension>
<tp1:hr>160</tp1:hr>
</tp1:TrackPointExtension>
</extensions>
</trkpt>
<trkpt lat="58.24825326" lon="15.3080571">
<ele>125.1</ele>
<time>2026-09-06T10:02:55Z</time>
<extensions>
<tp1:TrackPointExtension>
<tp1:hr>160</tp1:hr>
</tp1:TrackPointExtension>
</extensions>
</trkpt>
<trkpt lat="58.24822811" lon="15.30805701">
<ele>124.9</ele>
<time>2026-09-06T10:02:56Z</time>
<extensions>
<tp1:TrackPointExtension>
<tp1:hr>160</tp1:hr>
</tp1:TrackPointExtension>
</extensions>
</trkpt>
<trkpt lat="58.24819383" lon="15.3080379">
<ele>124.7</ele>
<time>2026-09-06T10:02:57Z</time>
<extensions>
<tp1:TrackPointExtension>
<tp1:hr>160</tp1:hr>
</tp1:TrackPointExtension>
</extensions>
</trkpt>
<trkpt lat="58.24816382" lon="15.30802047">
<ele>124.7</ele>
<time>2026-09-06T10:02:58Z</time>
<extensions>
<tp1:TrackPointExtension>
<tp1:hr>161</tp1:hr>
</tp1:TrackPointExtension>
</extensions>
</trkpt>
<trkpt lat="58.24813893" lon="15.30800664">
<ele>124.7</ele>
<time>2026-09-06T10:02:59Z</time>
<extensions>
<tp1:TrackPointExtension>
<tp1:hr>161</tp1:hr>
</tp1:TrackPointExtension>
</extensions>
</trkpt>
<trkpt lat="58.24811588" lon="15.30799029">
<ele>124.9</ele>
<time>2026-09-06T10:03:00Z</time>
<extensions>
<tp1:TrackPointExtension>
<tp1:hr>161</tp1:hr>
</tp1:TrackPointExtension>
</extensions>
</trkpt>
<trkpt lat="58.24808688" lon="15.30796875">
<ele>125.1</ele>
<time>2026-09-06T10:03:01Z</time>
<extensions>
<tp1:TrackPointExtension>
<tp1:hr>161</tp1:hr>
</tp1:TrackPointExtension>
</extensions>
</trkpt>
<trkpt lat="58.24804983" lon="15.30792232">
<ele>125.3</ele>
<time>2026-09-06T10:03:02Z</time>
<extensions>
<tp1:TrackPointExtension>
<tp1:hr>160</tp1:hr>
</tp1:TrackPointExtension>
</extensions>
</trkpt>
<trkpt lat="58.24801932" lon="15.30789809">
<ele>125.3</ele>
<time>2026-09-06T10:03:03Z</time>
<extensions>
<tp1:TrackPointExtension>
<tp1:hr>161</tp1:hr>
</tp1:TrackPointExtension>
</extensions>
</trkpt>
<trkpt lat="58.24799057" lon="15.30787177">
<ele>125.3</ele>
<time>2026-09-06T10:03:04Z</time>
<extensions>
<tp1:TrackPointExtension>
<tp1:hr>160</tp1:hr>
</tp1:TrackPointExtension>
</extensions>
</trkpt>
<trkpt lat="58.24795327" lon="15.30784361">
<ele>125.1</ele>
<time>2026-09-06T10:03:05Z</time>
<extensions>
<tp1:TrackPointExtension>
<tp1:hr>161</tp1:hr>
</tp1:TrackPointExtension>
</extensions>
</trkpt>
<trkpt lat="58.24792083" lon="15.30781888">
<ele>124.7</ele>
<time>2026-09-06T10:03:06Z</time>
<extensions>
<tp1:TrackPointExtension>
<tp1:hr>161</tp1:hr>
</tp1:TrackPointExtension>
</extensions>
</trkpt>
<trkpt lat="58.24789342" lon="15.30779508">
<ele>124.7</ele>
<time>2026-09-06T10:03:07Z</time>
<extensions>
<tp1:TrackPointExtension>
<tp1:hr>161</tp1:hr>
</tp1:TrackPointExtension>
</extensions>
</trkpt>
<trkpt lat="58.24787054" lon="15.30779567">
<ele>124.7</ele>
<time>2026-09-06T10:03:08Z</time>
<extensions>
<tp1:TrackPointExtension>
<tp1:hr>161</tp1:hr>
</tp1:TrackPointExtension>
</extensions>
</trkpt>
<trkpt lat="58.2478423" lon="15.30779759">
<ele>124.7</ele>
<time>2026-09-06T10:03:09Z</time>
<extensions>
<tp1:TrackPointExtension>
<tp1:hr>162</tp1:hr>
</tp1:TrackPointExtension>
</extensions>
</trkpt>
<trkpt lat="58.24780609" lon="15.30780329">
<ele>124.9</ele>
<time>2026-09-06T10:03:10Z</time>
<extensions>
<tp1:TrackPointExtension>
<tp1:hr>162</tp1:hr>
</tp1:TrackPointExtension>
</extensions>
</trkpt>
<trkpt lat="58.24778362" lon="15.30783498">
<ele>124.9</ele>
<time>2026-09-06T10:03:11Z</time>
<extensions>
<tp1:TrackPointExtension>
<tp1:hr>162</tp1:hr>
</tp1:TrackPointExtension>
</extensions>
</trkpt>
<trkpt lat="58.24776661" lon="15.30787638">
<ele>124.9</ele>
<time>2026-09-06T10:03:12Z</time>
<extensions>
<tp1:TrackPointExtension>
<tp1:hr>161</tp1:hr>
</tp1:TrackPointExtension>
</extensions>
</trkpt>
<trkpt lat="58.24774607" lon="15.30792542">
<ele>125.1</ele>
<time>2026-09-06T10:03:13Z</time>
<extensions>
<tp1:TrackPointExtension>
<tp1:hr>161</tp1:hr>
</tp1:TrackPointExtension>
</extensions>
</trkpt>
<trkpt lat="58.24773023" lon="15.307969">
<ele>125.1</ele>
<time>2026-09-06T10:03:14Z</time>
<extensions>
<tp1:TrackPointExtension>
<tp1:hr>161</tp1:hr>
</tp1:TrackPointExtension>
</extensions>
</trkpt>
<trkpt lat="58.24771573" lon="15.30800412">
<ele>125.1</ele>
<time>2026-09-06T10:03:15Z</time>
<extensions>
<tp1:TrackPointExtension>
<tp1:hr>161</tp1:hr>
</tp1:TrackPointExtension>
</extensions>
</trkpt>
<trkpt lat="58.24770986" lon="15.30803262">
<ele>125.1</ele>
<time>2026-09-06T10:03:16Z</time>
<extensions>
<tp1:TrackPointExtension>
<tp1:hr>160</tp1:hr>
</tp1:TrackPointExtension>
</extensions>
</trkpt>
<trkpt lat="58.24770215" lon="15.30807277">
<ele>125.3</ele>
<time>2026-09-06T10:03:17Z</time>
<extensions>
<tp1:TrackPointExtension>
<tp1:hr>160</tp1:hr>
</tp1:TrackPointExtension>
</extensions>
</trkpt>
<trkpt lat="58.24768765" lon="15.30812633">
<ele>125.5</ele>
<time>2026-09-06T10:03:18Z</time>
<extensions>
<tp1:TrackPointExtension>
<tp1:hr>161</tp1:hr>
</tp1:TrackPointExtension>
</extensions>
</trkpt>
<trkpt lat="58.24767751" lon="15.30816732">
<ele>125.5</ele>
<time>2026-09-06T10:03:19Z</time>
<extensions>
<tp1:TrackPointExtension>
<tp1:hr>161</tp1:hr>
</tp1:TrackPointExtension>
</extensions>
</trkpt>
<trkpt lat="58.24767055" lon="15.30819993">
<ele>125.7</ele>
<time>2026-09-06T10:03:20Z</time>
<extensions>
<tp1:TrackPointExtension>
<tp1:hr>162</tp1:hr>
</tp1:TrackPointExtension>
</extensions>
</trkpt>
<trkpt lat="58.24766301" lon="15.30823471">
<ele>125.7</ele>
<time>2026-09-06T10:03:21Z</time>
<extensions>
<tp1:TrackPointExtension>
<tp1:hr>162</tp1:hr>
</tp1:TrackPointExtension>
</extensions>
</trkpt>
<trkpt lat="58.2476558" lon="15.30826966">
<ele>125.7</ele>
<time>2026-09-06T10:03:22Z</time>
<extensions>
<tp1:TrackPointExtension>
<tp1:hr>161</tp1:hr>
</tp1:TrackPointExtension>
</extensions>
</trkpt>
<trkpt lat="58.24765127" lon="15.3083135">
<ele>125.9</ele>
<time>2026-09-06T10:03:23Z</time>
<extensions>
<tp1:TrackPointExtension>
<tp1:hr>161</tp1:hr>
</tp1:TrackPointExtension>
</extensions>
</trkpt>
<trkpt lat="58.24764624" lon="15.30837092">
<ele>126.1</ele>
<time>2026-09-06T10:03:24Z</time>
<extensions>
<tp1:TrackPointExtension>
<tp1:hr>161</tp1:hr>
</tp1:TrackPointExtension>
</extensions>
</trkpt>
<trkpt lat="58.24764197" lon="15.30842775">
<ele>126.1</ele>
<time>2026-09-06T10:03:25Z</time>
<extensions>
<tp1:TrackPointExtension>
<tp1:hr>161</tp1:hr>
</tp1:TrackPointExtension>
</extensions>
</trkpt>
<trkpt lat="58.24763794" lon="15.30847703">
<ele>126.3</ele>
<time>2026-09-06T10:03:26Z</time>
<extensions>
<tp1:TrackPointExtension>
<tp1:hr>161</tp1:hr>
</tp1:TrackPointExtension>
</extensions>
</trkpt>
<trkpt lat="58.24762981" lon="15.30853503">
<ele>126.5</ele>
<time>2026-09-06T10:03:27Z</time>
<extensions>
<tp1:TrackPointExtension>
<tp1:hr>161</tp1:hr>
</tp1:TrackPointExtension>
</extensions>
</trkpt>
<trkpt lat="58.24762051" lon="15.30860167">
<ele>126.5</ele>
<time>2026-09-06T10:03:28Z</time>
<extensions>
<tp1:TrackPointExtension>
<tp1:hr>161</tp1:hr>
</tp1:TrackPointExtension>
</extensions>
</trkpt>
<trkpt lat="58.24761163" lon="15.30865448">
<ele>126.5</ele>
<time>2026-09-06T10:03:29Z</time>
<extensions>
<tp1:TrackPointExtension>
<tp1:hr>161</tp1:hr>
</tp1:TrackPointExtension>
</extensions>
</trkpt>
<trkpt lat="58.24760048" lon="15.30870711">
<ele>126.7</ele>
<time>2026-09-06T10:03:30Z</time>
<extensions>
<tp1:TrackPointExtension>
<tp1:hr>161</tp1:hr>
</tp1:TrackPointExtension>
</extensions>
</trkpt>
<trkpt lat="58.2475848" lon="15.30875732">
<ele>126.7</ele>
<time>2026-09-06T10:03:31Z</time>
<extensions>
<tp1:TrackPointExtension>
<tp1:hr>162</tp1:hr>
</tp1:TrackPointExtension>
</extensions>
</trkpt>
<trkpt lat="58.24756251" lon="15.30880158">
<ele>126.9</ele>
<time>2026-09-06T10:03:32Z</time>
<extensions>
<tp1:TrackPointExtension>
<tp1:hr>162</tp1:hr>
</tp1:TrackPointExtension>
</extensions>
</trkpt>
<trkpt lat="58.24754851" lon="15.30882999">
<ele>127.1</ele>
<time>2026-09-06T10:03:33Z</time>
<extensions>
<tp1:TrackPointExtension>
<tp1:hr>162</tp1:hr>
</tp1:TrackPointExtension>
</extensions>
</trkpt>
<trkpt lat="58.24754558" lon="15.30885723">
<ele>127.5</ele>
<time>2026-09-06T10:03:34Z</time>
<extensions>
<tp1:TrackPointExtension>
<tp1:hr>162</tp1:hr>
</tp1:TrackPointExtension>
</extensions>
</trkpt>
<trkpt lat="58.24754281" lon="15.30889814">
<ele>127.9</ele>
<time>2026-09-06T10:03:35Z</time>
<extensions>
<tp1:TrackPointExtension>
<tp1:hr>162</tp1:hr>
</tp1:TrackPointExtension>
</extensions>
</trkpt>
<trkpt lat="58.24753418" lon="15.30894499">
<ele>128.3</ele>
<time>2026-09-06T10:03:36Z</time>
<extensions>
<tp1:TrackPointExtension>
<tp1:hr>163</tp1:hr>
</tp1:TrackPointExtension>
</extensions>
</trkpt>
<trkpt lat="58.24753024" lon="15.30898238">
<ele>128.7</ele>
<time>2026-09-06T10:03:37Z</time>
<extensions>
<tp1:TrackPointExtension>
<tp1:hr>163</tp1:hr>
</tp1:TrackPointExtension>
</extensions>
</trkpt>
<trkpt lat="58.24752579" lon="15.30900015">
<ele>129.3</ele>
<time>2026-09-06T10:03:38Z</time>
<extensions>
<tp1:TrackPointExtension>
<tp1:hr>163</tp1:hr>
</tp1:TrackPointExtension>
</extensions>
</trkpt>
<trkpt lat="58.24752244" lon="15.30902211">
<ele>129.7</ele>
<time>2026-09-06T10:03:39Z</time>
<extensions>
<tp1:TrackPointExtension>
<tp1:hr>162</tp1:hr>
</tp1:TrackPointExtension>
</extensions>
</trkpt>
<trkpt lat="58.24751331" lon="15.30904692">
<ele>129.9</ele>
<time>2026-09-06T10:03:40Z</time>
<extensions>
<tp1:TrackPointExtension>
<tp1:hr>163</tp1:hr>
</tp1:TrackPointExtension>
</extensions>
</trkpt>
<trkpt lat="58.24749956" lon="15.30907558">
<ele>130.5</ele>
<time>2026-09-06T10:03:41Z</time>
<extensions>
<tp1:TrackPointExtension>
<tp1:hr>163</tp1:hr>
</tp1:TrackPointExtension>
</extensions>
</trkpt>
<trkpt lat="58.2474843" lon="15.30910953">
<ele>130.7</ele>
<time>2026-09-06T10:03:42Z</time>
<extensions>
<tp1:TrackPointExtension>
<tp1:hr>163</tp1:hr>
</tp1:TrackPointExtension>
</extensions>
</trkpt>
<trkpt lat="58.247461" lon="15.30913702">
<ele>131.1</ele>
<time>2026-09-06T10:03:43Z</time>
<extensions>
<tp1:TrackPointExtension>
<tp1:hr>163</tp1:hr>
</tp1:TrackPointExtension>
</extensions>
</trkpt>
<trkpt lat="58.24745145" lon="15.30915747">
<ele>131.5</ele>
<time>2026-09-06T10:03:44Z</time>
<extensions>
<tp1:TrackPointExtension>
<tp1:hr>163</tp1:hr>
</tp1:TrackPointExtension>
</extensions>
</trkpt>
<trkpt lat="58.2474325" lon="15.30918991">
<ele>131.9</ele>
<time>2026-09-06T10:03:45Z</time>
<extensions>
<tp1:TrackPointExtension>
<tp1:hr>164</tp1:hr>
</tp1:TrackPointExtension>
</extensions>
</trkpt>
<trkpt lat="58.24741624" lon="15.30920818">
<ele>132.1</ele>
<time>2026-09-06T10:03:46Z</time>
<extensions>
<tp1:TrackPointExtension>
<tp1:hr>164</tp1:hr>
</tp1:TrackPointExtension>
</extensions>
</trkpt>
<trkpt lat="58.24739034" lon="15.30923266">
<ele>132.1</ele>
<time>2026-09-06T10:03:47Z</time>
<extensions>
<tp1:TrackPointExtension>
<tp1:hr>164</tp1:hr>
</tp1:TrackPointExtension>
</extensions>
</trkpt>
<trkpt lat="58.2473766" lon="15.30925554">
<ele>132.5</ele>
<time>2026-09-06T10:03:48Z</time>
<extensions>
<tp1:TrackPointExtension>
<tp1:hr>164</tp1:hr>
</tp1:TrackPointExtension>
</extensions>
</trkpt>
<trkpt lat="58.24736109" lon="15.30928806">
<ele>132.7</ele>
<time>2026-09-06T10:03:49Z</time>
<extensions>
<tp1:TrackPointExtension>
<tp1:hr>164</tp1:hr>
</tp1:TrackPointExtension>
</extensions>
</trkpt>
<trkpt lat="58.24735145" lon="15.30932846">
<ele>133.1</ele>
<time>2026-09-06T10:03:50Z</time>
<extensions>
<tp1:TrackPointExtension>
<tp1:hr>164</tp1:hr>
</tp1:TrackPointExtension>
</extensions>
</trkpt>
<trkpt lat="58.24733167" lon="15.30937649">
<ele>133.3</ele>
<time>2026-09-06T10:03:51Z</time>
<extensions>
<tp1:TrackPointExtension>
<tp1:hr>164</tp1:hr>
</tp1:TrackPointExtension>
</extensions>
</trkpt>
<trkpt lat="58.24732195" lon="15.30940155">
<ele>133.5</ele>
<time>2026-09-06T10:03:52Z</time>
<extensions>
<tp1:TrackPointExtension>
<tp1:hr>164</tp1:hr>
</tp1:TrackPointExtension>
</extensions>
</trkpt>
<trkpt lat="58.24730384" lon="15.3094174">
<ele>133.7</ele>
<time>2026-09-06T10:03:53Z</time>
<extensions>
<tp1:TrackPointExtension>
<tp1:hr>164</tp1:hr>
</tp1:TrackPointExtension>
</extensions>
</trkpt>
<trkpt lat="58.24727836" lon="15.30943701">
<ele>133.7</ele>
<time>2026-09-06T10:03:54Z</time>
<extensions>
<tp1:TrackPointExtension>
<tp1:hr>163</tp1:hr>
</tp1:TrackPointExtension>
</extensions>
</trkpt>
<trkpt lat="58.24725606" lon="15.30945092">
<ele>133.7</ele>
<time>2026-09-06T10:03:55Z</time>
<extensions>
<tp1:TrackPointExtension>
<tp1:hr>163</tp1:hr>
</tp1:TrackPointExtension>
</extensions>
</trkpt>
<trkpt lat="58.24722991" lon="15.30946744">
<ele>133.9</ele>
<time>2026-09-06T10:03:56Z</time>
<extensions>
<tp1:TrackPointExtension>
<tp1:hr>162</tp1:hr>
</tp1:TrackPointExtension>
</extensions>
</trkpt>
<trkpt lat="58.24720477" lon="15.30948244">
<ele>134.1</ele>
<time>2026-09-06T10:03:57Z</time>
<extensions>
<tp1:TrackPointExtension>
<tp1:hr>162</tp1:hr>
</tp1:TrackPointExtension>
</extensions>
</trkpt>
<trkpt lat="58.24718423" lon="15.30949032">
<ele>134.3</ele>
<time>2026-09-06T10:03:58Z</time>
<extensions>
<tp1:TrackPointExtension>
<tp1:hr>163</tp1:hr>
</tp1:TrackPointExtension>
</extensions>
</trkpt>
<trkpt lat="58.24716236" lon="15.30949786">
<ele>134.5</ele>
<time>2026-09-06T10:03:59Z</time>
<extensions>
<tp1:TrackPointExtension>
<tp1:hr>163</tp1:hr>
</tp1:TrackPointExtension>
</extensions>
</trkpt>
<trkpt lat="58.24714618" lon="15.30950231">
<ele>134.9</ele>
<time>2026-09-06T10:04:00Z</time>
<extensions>
<tp1:TrackPointExtension>
<tp1:hr>163</tp1:hr>
</tp1:TrackPointExtension>
</extensions>
</trkpt>
<trkpt lat="58.2471274" lon="15.30949376">
<ele>135.1</ele>
<time>2026-09-06T10:04:01Z</time>
<extensions>
<tp1:TrackPointExtension>
<tp1:hr>164</tp1:hr>
</tp1:TrackPointExtension>
</extensions>
</trkpt>
<trkpt lat="58.24710201" lon="15.30948898">
<ele>135.3</ele>
<time>2026-09-06T10:04:02Z</time>
<extensions>
<tp1:TrackPointExtension>
<tp1:hr>164</tp1:hr>
</tp1:TrackPointExtension>
</extensions>
</trkpt>
<trkpt lat="58.24707988" lon="15.30949082">
<ele>135.3</ele>
<time>2026-09-06T10:04:03Z</time>
<extensions>
<tp1:TrackPointExtension>
<tp1:hr>164</tp1:hr>
</tp1:TrackPointExtension>
</extensions>
</trkpt>
<trkpt lat="58.24705959" lon="15.30949225">
<ele>135.5</ele>
<time>2026-09-06T10:04:04Z</time>
<extensions>
<tp1:TrackPointExtension>
<tp1:hr>165</tp1:hr>
</tp1:TrackPointExtension>
</extensions>
</trkpt>
<trkpt lat="58.24704585" lon="15.30949987">
<ele>135.5</ele>
<time>2026-09-06T10:04:05Z</time>
<extensions>
<tp1:TrackPointExtension>
<tp1:hr>165</tp1:hr>
</tp1:TrackPointExtension>
</extensions>
</trkpt>
<trkpt lat="58.2470181" lon="15.30951387">
<ele>135.5</ele>
<time>2026-09-06T10:04:06Z</time>
<extensions>
<tp1:TrackPointExtension>
<tp1:hr>165</tp1:hr>
</tp1:TrackPointExtension>
</extensions>
</trkpt>
<trkpt lat="58.24699346" lon="15.30951303">
<ele>135.3</ele>
<time>2026-09-06T10:04:07Z</time>
<extensions>
<tp1:TrackPointExtension>
<tp1:hr>164</tp1:hr>
</tp1:TrackPointExtension>
</extensions>
</trkpt>
<trkpt lat="58.24697921" lon="15.30947867">
<ele>135.5</ele>
<time>2026-09-06T10:04:08Z</time>
<extensions>
<tp1:TrackPointExtension>
<tp1:hr>165</tp1:hr>
</tp1:TrackPointExtension>
</extensions>
</trkpt>
<trkpt lat="58.24696379" lon="15.30943207">
<ele>135.6</ele>
<time>2026-09-06T10:04:09Z</time>
<extensions>
<tp1:TrackPointExtension>
<tp1:hr>164</tp1:hr>
</tp1:TrackPointExtension>
</extensions>
</trkpt>
<trkpt lat="58.2469456" lon="15.30941119">
<ele>135.8</ele>
<time>2026-09-06T10:04:10Z</time>
<extensions>
<tp1:TrackPointExtension>
<tp1:hr>164</tp1:hr>
</tp1:TrackPointExtension>
</extensions>
</trkpt>
<trkpt lat="58.24693889" lon="15.30940348">
<ele>136.4</ele>
<time>2026-09-06T10:04:11Z</time>
<extensions>
<tp1:TrackPointExtension>
<tp1:hr>164</tp1:hr>
</tp1:TrackPointExtension>
</extensions>
</trkpt>
<trkpt lat="58.24693068" lon="15.30940088">
<ele>136.8</ele>
<time>2026-09-06T10:04:12Z</time>
<extensions>
<tp1:TrackPointExtension>
<tp1:hr>164</tp1:hr>
</tp1:TrackPointExtension>
</extensions>
</trkpt>
<trkpt lat="58.24691383" lon="15.30939518">
<ele>137.2</ele>
<time>2026-09-06T10:04:13Z</time>
<extensions>
<tp1:TrackPointExtension>
<tp1:hr>164</tp1:hr>
</tp1:TrackPointExtension>
</extensions>
</trkpt>
<trkpt lat="58.24689447" lon="15.30939175">
<ele>137.6</ele>
<time>2026-09-06T10:04:14Z</time>
<extensions>
<tp1:TrackPointExtension>
<tp1:hr>164</tp1:hr>
</tp1:TrackPointExtension>
</extensions>
</trkpt>
<trkpt lat="58.24687469" lon="15.30939401">
<ele>138.0</ele>
<time>2026-09-06T10:04:15Z</time>
<extensions>
<tp1:TrackPointExtension>
<tp1:hr>164</tp1:hr>
</tp1:TrackPointExtension>
</extensions>
</trkpt>
<trkpt lat="58.24685315" lon="15.30939384">
<ele>138.2</ele>
<time>2026-09-06T10:04:16Z</time>
<extensions>
<tp1:TrackPointExtension>
<tp1:hr>164</tp1:hr>
</tp1:TrackPointExtension>
</extensions>
</trkpt>
<trkpt lat="58.24684233" lon="15.30938756">
<ele>138.2</ele>
<time>2026-09-06T10:04:17Z</time>
<extensions>
<tp1:TrackPointExtension>
<tp1:hr>164</tp1:hr>
</tp1:TrackPointExtension>
</extensions>
</trkpt>
<trkpt lat="58.24682884" lon="15.30939342">
<ele>138.2</ele>
<time>2026-09-06T10:04:18Z</time>
<extensions>
<tp1:TrackPointExtension>
<tp1:hr>164</tp1:hr>
</tp1:TrackPointExtension>
</extensions>
</trkpt>
<trkpt lat="58.2468166" lon="15.30939862">
<ele>138.0</ele>
<time>2026-09-06T10:04:19Z</time>
<extensions>
<tp1:TrackPointExtension>
<tp1:hr>164</tp1:hr>
</tp1:TrackPointExtension>
</extensions>
</trkpt>
<trkpt lat="58.24679917" lon="15.30939812">
<ele>138.0</ele>
<time>2026-09-06T10:04:20Z</time>
<extensions>
<tp1:TrackPointExtension>
<tp1:hr>164</tp1:hr>
</tp1:TrackPointExtension>
</extensions>
</trkpt>
<trkpt lat="58.24678006" lon="15.30937834">
<ele>137.8</ele>
<time>2026-09-06T10:04:21Z</time>
<extensions>
<tp1:TrackPointExtension>
<tp1:hr>163</tp1:hr>
</tp1:TrackPointExtension>
</extensions>
</trkpt>
<trkpt lat="58.24676882" lon="15.30934464">
<ele>137.6</ele>
<time>2026-09-06T10:04:22Z</time>
<extensions>
<tp1:TrackPointExtension>
<tp1:hr>163</tp1:hr>
</tp1:TrackPointExtension>
</extensions>
</trkpt>
<trkpt lat="58.24676187" lon="15.30931254">
<ele>137.6</ele>
<time>2026-09-06T10:04:23Z</time>
<extensions>
<tp1:TrackPointExtension>
<tp1:hr>163</tp1:hr>
</tp1:TrackPointExtension>
</extensions>
</trkpt>
<trkpt lat="58.24674779" lon="15.30927415">
<ele>137.6</ele>
<time>2026-09-06T10:04:24Z</time>
<extensions>
<tp1:TrackPointExtension>
<tp1:hr>163</tp1:hr>
</tp1:TrackPointExtension>
</extensions>
</trkpt>
<trkpt lat="58.24673396" lon="15.30925395">
<ele>137.6</ele>
<time>2026-09-06T10:04:25Z</time>
<extensions>
<tp1:TrackPointExtension>
<tp1:hr>164</tp1:hr>
</tp1:TrackPointExtension>
</extensions>
</trkpt>
<trkpt lat="58.24671878" lon="15.30925085">
<ele>137.8</ele>
<time>2026-09-06T10:04:26Z</time>
<extensions>
<tp1:TrackPointExtension>
<tp1:hr>163</tp1:hr>
</tp1:TrackPointExtension>
</extensions>
</trkpt>
<trkpt lat="58.24671116" lon="15.30928127">
<ele>138.0</ele>
<time>2026-09-06T10:04:27Z</time>
<extensions>
<tp1:TrackPointExtension>
<tp1:hr>163</tp1:hr>
</tp1:TrackPointExtension>
</extensions>
</trkpt>
<trkpt lat="58.24670395" lon="15.30932344">
<ele>138.0</ele>
<time>2026-09-06T10:04:28Z</time>
<extensions>
<tp1:TrackPointExtension>
<tp1:hr>163</tp1:hr>
</tp1:TrackPointExtension>
</extensions>
</trkpt>
<trkpt lat="58.24669632" lon="15.30935914">
<ele>138.0</ele>
<time>2026-09-06T10:04:29Z</time>
<extensions>
<tp1:TrackPointExtension>
<tp1:hr>163</tp1:hr>
</tp1:TrackPointExtension>
</extensions>
</trkpt>
<trkpt lat="58.24668542" lon="15.30940566">
<ele>137.8</ele>
<time>2026-09-06T10:04:30Z</time>
<extensions>
<tp1:TrackPointExtension>
<tp1:hr>164</tp1:hr>
</tp1:TrackPointExtension>
</extensions>
</trkpt>
<trkpt lat="58.24667185" lon="15.30945411">
<ele>137.6</ele>
<time>2026-09-06T10:04:31Z</time>
<extensions>
<tp1:TrackPointExtension>
<tp1:hr>164</tp1:hr>
</tp1:TrackPointExtension>
</extensions>
</trkpt>
<trkpt lat="58.24664921" lon="15.30950348">
<ele>137.4</ele>
<time>2026-09-06T10:04:32Z</time>
<extensions>
<tp1:TrackPointExtension>
<tp1:hr>164</tp1:hr>
</tp1:TrackPointExtension>
</extensions>
</trkpt>
<trkpt lat="58.24662633" lon="15.30955067">
<ele>137.2</ele>
<time>2026-09-06T10:04:33Z</time>
<extensions>
<tp1:TrackPointExtension>
<tp1:hr>164</tp1:hr>
</tp1:TrackPointExtension>
</extensions>
</trkpt>
<trkpt lat="58.24660328" lon="15.30958805">
<ele>137.2</ele>
<time>2026-09-06T10:04:34Z</time>
<extensions>
<tp1:TrackPointExtension>
<tp1:hr>163</tp1:hr>
</tp1:TrackPointExtension>
</extensions>
</trkpt>
<trkpt lat="58.24658769" lon="15.30962192">
<ele>137.2</ele>
<time>2026-09-06T10:04:35Z</time>
<extensions>
<tp1:TrackPointExtension>
<tp1:hr>163</tp1:hr>
</tp1:TrackPointExtension>
</extensions>
</trkpt>
<trkpt lat="58.2465747" lon="15.30965771">
<ele>137.0</ele>
<time>2026-09-06T10:04:36Z</time>
<extensions>
<tp1:TrackPointExtension>
<tp1:hr>163</tp1:hr>
</tp1:TrackPointExtension>
</extensions>
</trkpt>
<trkpt lat="58.24656188" lon="15.30970314">
<ele>136.8</ele>
<time>2026-09-06T10:04:37Z</time>
<extensions>
<tp1:TrackPointExtension>
<tp1:hr>164</tp1:hr>
</tp1:TrackPointExtension>
</extensions>
</trkpt>
<trkpt lat="58.24655877" lon="15.30976055">
<ele>136.6</ele>
<time>2026-09-06T10:04:38Z</time>
<extensions>
<tp1:TrackPointExtension>
<tp1:hr>163</tp1:hr>
</tp1:TrackPointExtension>
</extensions>
</trkpt>
<trkpt lat="58.24656573" lon="15.30980045">
<ele>136.4</ele>
<time>2026-09-06T10:04:39Z</time>
<extensions>
<tp1:TrackPointExtension>
<tp1:hr>163</tp1:hr>
</tp1:TrackPointExtension>
</extensions>
</trkpt>
<trkpt lat="58.2465638" lon="15.30984689">
<ele>136.2</ele>
<time>2026-09-06T10:04:40Z</time>
<extensions>
<tp1:TrackPointExtension>
<tp1:hr>163</tp1:hr>
</tp1:TrackPointExtension>
</extensions>
</trkpt>
<trkpt lat="58.24655718" lon="15.30987329">
<ele>136.0</ele>
<time>2026-09-06T10:04:41Z</time>
<extensions>
<tp1:TrackPointExtension>
<tp1:hr>163</tp1:hr>
</tp1:TrackPointExtension>
</extensions>
</trkpt>
<trkpt lat="58.24655056" lon="15.30989827">
<ele>135.8</ele>
<time>2026-09-06T10:04:42Z</time>
<extensions>
<tp1:TrackPointExtension>
<tp1:hr>163</tp1:hr>
</tp1:TrackPointExtension>
</extensions>
</trkpt>
<trkpt lat="58.24653413" lon="15.30992324">
<ele>135.8</ele>
<time>2026-09-06T10:04:43Z</time>
<extensions>
<tp1:TrackPointExtension>
<tp1:hr>163</tp1:hr>
</tp1:TrackPointExtension>
</extensions>
</trkpt>
<trkpt lat="58.24651267" lon="15.30992911">
<ele>135.6</ele>
<time>2026-09-06T10:04:44Z</time>
<extensions>
<tp1:TrackPointExtension>
<tp1:hr>163</tp1:hr>
</tp1:TrackPointExtension>
</extensions>
</trkpt>
<trkpt lat="58.24649348" lon="15.30993976">
<ele>135.6</ele>
<time>2026-09-06T10:04:45Z</time>
<extensions>
<tp1:TrackPointExtension>
<tp1:hr>163</tp1:hr>
</tp1:TrackPointExtension>
</extensions>
</trkpt>
<trkpt lat="58.24647806" lon="15.30995778">
<ele>135.6</ele>
<time>2026-09-06T10:04:46Z</time>
<extensions>
<tp1:TrackPointExtension>
<tp1:hr>163</tp1:hr>
</tp1:TrackPointExtension>
</extensions>
</trkpt>
<trkpt lat="58.24646506" lon="15.30999684">
<ele>135.6</ele>
<time>2026-09-06T10:04:47Z</time>
<extensions>
<tp1:TrackPointExtension>
<tp1:hr>163</tp1:hr>
</tp1:TrackPointExtension>
</extensions>
</trkpt>
<trkpt lat="58.24645358" lon="15.31003891">
<ele>135.8</ele>
<time>2026-09-06T10:04:48Z</time>
<extensions>
<tp1:TrackPointExtension>
<tp1:hr>163</tp1:hr>
</tp1:TrackPointExtension>
</extensions>
</trkpt>
<trkpt lat="58.24644051" lon="15.31007588">
<ele>135.8</ele>
<time>2026-09-06T10:04:49Z</time>
<extensions>
<tp1:TrackPointExtension>
<tp1:hr>162</tp1:hr>
</tp1:TrackPointExtension>
</extensions>
</trkpt>
<trkpt lat="58.24642156" lon="15.31010035">
<ele>135.8</ele>
<time>2026-09-06T10:04:50Z</time>
<extensions>
<tp1:TrackPointExtension>
<tp1:hr>162</tp1:hr>
</tp1:TrackPointExtension>
</extensions>
</trkpt>
<trkpt lat="58.24639826" lon="15.31012097">
<ele>135.4</ele>
<time>2026-09-06T10:04:51Z</time>
<extensions>
<tp1:TrackPointExtension>
<tp1:hr>162</tp1:hr>
</tp1:TrackPointExtension>
</extensions>
</trkpt>
<trkpt lat="58.24637596" lon="15.31014235">
<ele>134.8</ele>
<time>2026-09-06T10:04:52Z</time>
<extensions>
<tp1:TrackPointExtension>
<tp1:hr>162</tp1:hr>
</tp1:TrackPointExtension>
</extensions>
</trkpt>
<trkpt lat="58.24635291" lon="15.31016096">
<ele>134.4</ele>
<time>2026-09-06T10:04:53Z</time>
<extensions>
<tp1:TrackPointExtension>
<tp1:hr>162</tp1:hr>
</tp1:TrackPointExtension>
</extensions>
</trkpt>
<trkpt lat="58.24633012" lon="15.31018937">
<ele>134.2</ele>
<time>2026-09-06T10:04:54Z</time>
<extensions>
<tp1:TrackPointExtension>
<tp1:hr>161</tp1:hr>
</tp1:TrackPointExtension>
</extensions>
</trkpt>
<trkpt lat="58.24630405" lon="15.3102182">
<ele>133.8</ele>
<time>2026-09-06T10:04:55Z</time>
<extensions>
<tp1:TrackPointExtension>
<tp1:hr>161</tp1:hr>
</tp1:TrackPointExtension>
</extensions>
</trkpt>
<trkpt lat="58.24628075" lon="15.31023648">
<ele>134.0</ele>
<time>2026-09-06T10:04:56Z</time>
<extensions>
<tp1:TrackPointExtension>
<tp1:hr>161</tp1:hr>
</tp1:TrackPointExtension>
</extensions>
</trkpt>
<trkpt lat="58.24626055" lon="15.31027101">
<ele>134.2</ele>
<time>2026-09-06T10:04:57Z</time>
<extensions>
<tp1:TrackPointExtension>
<tp1:hr>161</tp1:hr>
</tp1:TrackPointExtension>
</extensions>
</trkpt>
<trkpt lat="58.2462473" lon="15.3103104">
<ele>134.2</ele>
<time>2026-09-06T10:04:58Z</time>
<extensions>
<tp1:TrackPointExtension>
<tp1:hr>161</tp1:hr>
</tp1:TrackPointExtension>
</extensions>
</trkpt>
<trkpt lat="58.24622836" lon="15.31037453">
<ele>134.4</ele>
<time>2026-09-06T10:04:59Z</time>
<extensions>
<tp1:TrackPointExtension>
<tp1:hr>161</tp1:hr>
</tp1:TrackPointExtension>
</extensions>
</trkpt>
<trkpt lat="58.24622048" lon="15.31041057">
<ele>134.4</ele>
<time>2026-09-06T10:05:00Z</time>
<extensions>
<tp1:TrackPointExtension>
<tp1:hr>161</tp1:hr>
</tp1:TrackPointExtension>
</extensions>
</trkpt>
<trkpt lat="58.24620162" lon="15.31044871">
<ele>134.6</ele>
<time>2026-09-06T10:05:01Z</time>
<extensions>
<tp1:TrackPointExtension>
<tp1:hr>161</tp1:hr>
</tp1:TrackPointExtension>
</extensions>
</trkpt>
<trkpt lat="58.24618042" lon="15.3104845">
<ele>134.8</ele>
<time>2026-09-06T10:05:02Z</time>
<extensions>
<tp1:TrackPointExtension>
<tp1:hr>161</tp1:hr>
</tp1:TrackPointExtension>
</extensions>
</trkpt>
<trkpt lat="58.24614823" lon="15.31052054">
<ele>135.0</ele>
<time>2026-09-06T10:05:03Z</time>
<extensions>
<tp1:TrackPointExtension>
<tp1:hr>161</tp1:hr>
</tp1:TrackPointExtension>
</extensions>
</trkpt>
<trkpt lat="58.24612451" lon="15.31054057">
<ele>135.4</ele>
<time>2026-09-06T10:05:04Z</time>
<extensions>
<tp1:TrackPointExtension>
<tp1:hr>160</tp1:hr>
</tp1:TrackPointExtension>
</extensions>
</trkpt>
<trkpt lat="58.24610691" lon="15.31056589">
<ele>135.8</ele>
<time>2026-09-06T10:05:05Z</time>
<extensions>
<tp1:TrackPointExtension>
<tp1:hr>160</tp1:hr>
</tp1:TrackPointExtension>
</extensions>
</trkpt>
<trkpt lat="58.24607707" lon="15.31058709">
<ele>135.8</ele>
<time>2026-09-06T10:05:06Z</time>
<extensions>
<tp1:TrackPointExtension>
<tp1:hr>160</tp1:hr>
</tp1:TrackPointExtension>
</extensions>
</trkpt>
<trkpt lat="58.2460536" lon="15.31060235">
<ele>136.0</ele>
<time>2026-09-06T10:05:07Z</time>
<extensions>
<tp1:TrackPointExtension>
<tp1:hr>160</tp1:hr>
</tp1:TrackPointExtension>
</extensions>
</trkpt>
<trkpt lat="58.24603926" lon="15.31061366">
<ele>136.2</ele>
<time>2026-09-06T10:05:08Z</time>
<extensions>
<tp1:TrackPointExtension>
<tp1:hr>160</tp1:hr>
</tp1:TrackPointExtension>
</extensions>
</trkpt>
<trkpt lat="58.24602393" lon="15.310629">
<ele>136.4</ele>
<time>2026-09-06T10:05:09Z</time>
<extensions>
<tp1:TrackPointExtension>
<tp1:hr>161</tp1:hr>
</tp1:TrackPointExtension>
</extensions>
</trkpt>
<trkpt lat="58.24600331" lon="15.31064786">
<ele>136.6</ele>
<time>2026-09-06T10:05:10Z</time>
<extensions>
<tp1:TrackPointExtension>
<tp1:hr>160</tp1:hr>
</tp1:TrackPointExtension>
</extensions>
</trkpt>
<trkpt lat="58.24598311" lon="15.31066521">
<ele>137.0</ele>
<time>2026-09-06T10:05:11Z</time>
<extensions>
<tp1:TrackPointExtension>
<tp1:hr>160</tp1:hr>
</tp1:TrackPointExtension>
</extensions>
</trkpt>
<trkpt lat="58.24596215" lon="15.31068323">
<ele>137.2</ele>
<time>2026-09-06T10:05:12Z</time>
<extensions>
<tp1:TrackPointExtension>
<tp1:hr>160</tp1:hr>
</tp1:TrackPointExtension>
</extensions>
</trkpt>
<trkpt lat="58.24594262" lon="15.31069782">
<ele>137.2</ele>
<time>2026-09-06T10:05:13Z</time>
<extensions>
<tp1:TrackPointExtension>
<tp1:hr>161</tp1:hr>
</tp1:TrackPointExtension>
</extensions>
</trkpt>
<trkpt lat="58.24592049" lon="15.31071508">
<ele>137.2</ele>
<time>2026-09-06T10:05:14Z</time>
<extensions>
<tp1:TrackPointExtension>
<tp1:hr>160</tp1:hr>
</tp1:TrackPointExtension>
</extensions>
</trkpt>
<trkpt lat="58.2458956" lon="15.31076219">
<ele>137.2</ele>
<time>2026-09-06T10:05:15Z</time>
<extensions>
<tp1:TrackPointExtension>
<tp1:hr>160</tp1:hr>
</tp1:TrackPointExtension>
</extensions>
</trkpt>
<trkpt lat="58.2458733" lon="15.31078851">
<ele>137.2</ele>
<time>2026-09-06T10:05:16Z</time>
<extensions>
<tp1:TrackPointExtension>
<tp1:hr>161</tp1:hr>
</tp1:TrackPointExtension>
</extensions>
</trkpt>
<trkpt lat="58.24585855" lon="15.31080117">
<ele>137.2</ele>
<time>2026-09-06T10:05:17Z</time>
<extensions>
<tp1:TrackPointExtension>
<tp1:hr>161</tp1:hr>
</tp1:TrackPointExtension>
</extensions>
</trkpt>
<trkpt lat="58.24584489" lon="15.31082463">
<ele>137.0</ele>
<time>2026-09-06T10:05:18Z</time>
<extensions>
<tp1:TrackPointExtension>
<tp1:hr>161</tp1:hr>
</tp1:TrackPointExtension>
</extensions>
</trkpt>
<trkpt lat="58.24582578" lon="15.31084978">
<ele>137.0</ele>
<time>2026-09-06T10:05:19Z</time>
<extensions>
<tp1:TrackPointExtension>
<tp1:hr>161</tp1:hr>
</tp1:TrackPointExtension>
</extensions>
</trkpt>
<trkpt lat="58.24580365" lon="15.31085883">
<ele>136.6</ele>
<time>2026-09-06T10:05:20Z</time>
<extensions>
<tp1:TrackPointExtension>
<tp1:hr>161</tp1:hr>
</tp1:TrackPointExtension>
</extensions>
</trkpt>
<trkpt lat="58.2457785" lon="15.31087643">
<ele>136.2</ele>
<time>2026-09-06T10:05:21Z</time>
<extensions>
<tp1:TrackPointExtension>
<tp1:hr>161</tp1:hr>
</tp1:TrackPointExtension>
</extensions>
</trkpt>
<trkpt lat="58.24576274" lon="15.31090368">
<ele>136.0</ele>
<time>2026-09-06T10:05:22Z</time>
<extensions>
<tp1:TrackPointExtension>
<tp1:hr>161</tp1:hr>
</tp1:TrackPointExtension>
</extensions>
</trkpt>
<trkpt lat="58.2457526" lon="15.31093108">
<ele>135.6</ele>
<time>2026-09-06T10:05:23Z</time>
<extensions>
<tp1:TrackPointExtension>
<tp1:hr>161</tp1:hr>
</tp1:TrackPointExtension>
</extensions>
</trkpt>
<trkpt lat="58.24574774" lon="15.31094475">
<ele>135.0</ele>
<time>2026-09-06T10:05:24Z</time>
<extensions>
<tp1:TrackPointExtension>
<tp1:hr>161</tp1:hr>
</tp1:TrackPointExtension>
</extensions>
</trkpt>
<trkpt lat="58.24574548" lon="15.31095271">
<ele>134.6</ele>
<time>2026-09-06T10:05:25Z</time>
<extensions>
<tp1:TrackPointExtension>
<tp1:hr>160</tp1:hr>
</tp1:TrackPointExtension>
</extensions>
</trkpt>
<trkpt lat="58.24574271" lon="15.31096403">
<ele>134.0</ele>
<time>2026-09-06T10:05:26Z</time>
<extensions>
<tp1:TrackPointExtension>
<tp1:hr>160</tp1:hr>
</tp1:TrackPointExtension>
</extensions>
</trkpt>
<trkpt lat="58.24573953" lon="15.31097358">
<ele>133.6</ele>
<time>2026-09-06T10:05:27Z</time>
<extensions>
<tp1:TrackPointExtension>
<tp1:hr>160</tp1:hr>
</tp1:TrackPointExtension>
</extensions>
</trkpt>
<trkpt lat="58.24574196" lon="15.31098716">
<ele>133.0</ele>
<time>2026-09-06T10:05:28Z</time>
<extensions>
<tp1:TrackPointExtension>
<tp1:hr>160</tp1:hr>
</tp1:TrackPointExtension>
</extensions>
</trkpt>
<trkpt lat="58.24575168" lon="15.31100694">
<ele>132.6</ele>
<time>2026-09-06T10:05:29Z</time>
<extensions>
<tp1:TrackPointExtension>
<tp1:hr>160</tp1:hr>
</tp1:TrackPointExtension>
</extensions>
</trkpt>
<trkpt lat="58.24575696" lon="15.31102085">
<ele>132.2</ele>
<time>2026-09-06T10:05:30Z</time>
<extensions>
<tp1:TrackPointExtension>
<tp1:hr>160</tp1:hr>
</tp1:TrackPointExtension>
</extensions>
</trkpt>
<trkpt lat="58.24575839" lon="15.31103024">
<ele>131.6</ele>
<time>2026-09-06T10:05:31Z</time>
<extensions>
<tp1:TrackPointExtension>
<tp1:hr>160</tp1:hr>
</tp1:TrackPointExtension>
</extensions>
</trkpt>
<trkpt lat="58.24575369" lon="15.31103536">
<ele>131.2</ele>
<time>2026-09-06T10:05:32Z</time>
<extensions>
<tp1:TrackPointExtension>
<tp1:hr>159</tp1:hr>
</tp1:TrackPointExtension>
</extensions>
</trkpt>
<trkpt lat="58.24574447" lon="15.31103066">
<ele>131.0</ele>
<time>2026-09-06T10:05:33Z</time>
<extensions>
<tp1:TrackPointExtension>
<tp1:hr>159</tp1:hr>
</tp1:TrackPointExtension>
</extensions>
</trkpt>
<trkpt lat="58.24573089" lon="15.31102706">
<ele>130.8</ele>
<time>2026-09-06T10:05:34Z</time>
<extensions>
<tp1:TrackPointExtension>
<tp1:hr>159</tp1:hr>
</tp1:TrackPointExtension>
</extensions>
</trkpt>
<trkpt lat="58.24570918" lon="15.3109942">
<ele>130.8</ele>
<time>2026-09-06T10:05:35Z</time>
<extensions>
<tp1:TrackPointExtension>
<tp1:hr>158</tp1:hr>
</tp1:TrackPointExtension>
</extensions>
</trkpt>
<trkpt lat="58.24567918" lon="15.31097836">
<ele>130.6</ele>
<time>2026-09-06T10:05:36Z</time>
<extensions>
<tp1:TrackPointExtension>
<tp1:hr>158</tp1:hr>
</tp1:TrackPointExtension>
</extensions>
</trkpt>
<trkpt lat="58.24565847" lon="15.31098926">
<ele>130.8</ele>
<time>2026-09-06T10:05:37Z</time>
<extensions>
<tp1:TrackPointExtension>
<tp1:hr>158</tp1:hr>
</tp1:TrackPointExtension>
</extensions>
</trkpt>
<trkpt lat="58.24563568" lon="15.31097115">
<ele>130.8</ele>
<time>2026-09-06T10:05:38Z</time>
<extensions>
<tp1:TrackPointExtension>
<tp1:hr>157</tp1:hr>
</tp1:TrackPointExtension>
</extensions>
</trkpt>
<trkpt lat="58.24562495" lon="15.31093511">
<ele>130.6</ele>
<time>2026-09-06T10:05:39Z</time>
<extensions>
<tp1:TrackPointExtension>
<tp1:hr>157</tp1:hr>
</tp1:TrackPointExtension>
</extensions>
</trkpt>
<trkpt lat="58.24561422" lon="15.31088213">
<ele>130.6</ele>
<time>2026-09-06T10:05:40Z</time>
<extensions>
<tp1:TrackPointExtension>
<tp1:hr>157</tp1:hr>
</tp1:TrackPointExtension>
</extensions>
</trkpt>
<trkpt lat="58.24560324" lon="15.3108367">
<ele>130.6</ele>
<time>2026-09-06T10:05:41Z</time>
<extensions>
<tp1:TrackPointExtension>
<tp1:hr>157</tp1:hr>
</tp1:TrackPointExtension>
</extensions>
</trkpt>
<trkpt lat="58.24559217" lon="15.31080779">
<ele>130.4</ele>
<time>2026-09-06T10:05:42Z</time>
<extensions>
<tp1:TrackPointExtension>
<tp1:hr>156</tp1:hr>
</tp1:TrackPointExtension>
</extensions>
</trkpt>
<trkpt lat="58.24557214" lon="15.31077082">
<ele>130.0</ele>
<time>2026-09-06T10:05:43Z</time>
<extensions>
<tp1:TrackPointExtension>
<tp1:hr>156</tp1:hr>
</tp1:TrackPointExtension>
</extensions>
</trkpt>
<trkpt lat="58.24555806" lon="15.31072975">
<ele>130.0</ele>
<time>2026-09-06T10:05:44Z</time>
<extensions>
<tp1:TrackPointExtension>
<tp1:hr>155</tp1:hr>
</tp1:TrackPointExtension>
</extensions>
</trkpt>
<trkpt lat="58.24554892" lon="15.31068843">
<ele>129.8</ele>
<time>2026-09-06T10:05:45Z</time>
<extensions>
<tp1:TrackPointExtension>
<tp1:hr>154</tp1:hr>
</tp1:TrackPointExtension>
</extensions>
</trkpt>
<trkpt lat="58.24553501" lon="15.31064417">
<ele>129.8</ele>
<time>2026-09-06T10:05:46Z</time>
<extensions>
<tp1:TrackPointExtension>
<tp1:hr>154</tp1:hr>
</tp1:TrackPointExtension>
</extensions>
</trkpt>
<trkpt lat="58.24552093" lon="15.31059522">
<ele>129.8</ele>
<time>2026-09-06T10:05:47Z</time>
<extensions>
<tp1:TrackPointExtension>
<tp1:hr>155</tp1:hr>
</tp1:TrackPointExtension>
</extensions>
</trkpt>
<trkpt lat="58.245504" lon="15.3105518">
<ele>129.8</ele>
<time>2026-09-06T10:05:48Z</time>
<extensions>
<tp1:TrackPointExtension>
<tp1:hr>155</tp1:hr>
</tp1:TrackPointExtension>
</extensions>
</trkpt>
<trkpt lat="58.24548262" lon="15.31051693">
<ele>130.0</ele>
<time>2026-09-06T10:05:49Z</time>
<extensions>
<tp1:TrackPointExtension>
<tp1:hr>155</tp1:hr>
</tp1:TrackPointExtension>
</extensions>
</trkpt>
<trkpt lat="58.2454501" lon="15.31049271">
<ele>130.2</ele>
<time>2026-09-06T10:05:50Z</time>
<extensions>
<tp1:TrackPointExtension>
<tp1:hr>155</tp1:hr>
</tp1:TrackPointExtension>
</extensions>
</trkpt>
<trkpt lat="58.24542236" lon="15.31046622">
<ele>130.2</ele>
<time>2026-09-06T10:05:51Z</time>
<extensions>
<tp1:TrackPointExtension>
<tp1:hr>156</tp1:hr>
</tp1:TrackPointExtension>
</extensions>
</trkpt>
<trkpt lat="58.24539864" lon="15.31045214">
<ele>130.4</ele>
<time>2026-09-06T10:05:52Z</time>
<extensions>
<tp1:TrackPointExtension>
<tp1:hr>156</tp1:hr>
</tp1:TrackPointExtension>
</extensions>
</trkpt>
<trkpt lat="58.24536938" lon="15.3104353">
<ele>130.4</ele>
<time>2026-09-06T10:05:53Z</time>
<extensions>
<tp1:TrackPointExtension>
<tp1:hr>156</tp1:hr>
</tp1:TrackPointExtension>
</extensions>
</trkpt>
<trkpt lat="58.24533837" lon="15.31039883">
<ele>130.4</ele>
<time>2026-09-06T10:05:54Z</time>
<extensions>
<tp1:TrackPointExtension>
<tp1:hr>156</tp1:hr>
</tp1:TrackPointExtension>
</extensions>
</trkpt>
<trkpt lat="58.24531239" lon="15.31038878">
<ele>130.2</ele>
<time>2026-09-06T10:05:55Z</time>
<extensions>
<tp1:TrackPointExtension>
<tp1:hr>156</tp1:hr>
</tp1:TrackPointExtension>
</extensions>
</trkpt>
<trkpt lat="58.24528431" lon="15.3103493">
<ele>130.0</ele>
<time>2026-09-06T10:05:56Z</time>
<extensions>
<tp1:TrackPointExtension>
<tp1:hr>156</tp1:hr>
</tp1:TrackPointExtension>
</extensions>
</trkpt>
<trkpt lat="58.24526503" lon="15.31031082">
<ele>130.0</ele>
<time>2026-09-06T10:05:57Z</time>
<extensions>
<tp1:TrackPointExtension>
<tp1:hr>156</tp1:hr>
</tp1:TrackPointExtension>
</extensions>
</trkpt>
<trkpt lat="58.24524441" lon="15.3102716">
<ele>130.0</ele>
<time>2026-09-06T10:05:58Z</time>
<extensions>
<tp1:TrackPointExtension>
<tp1:hr>156</tp1:hr>
</tp1:TrackPointExtension>
</extensions>
</trkpt>
<trkpt lat="58.24523594" lon="15.31022541">
<ele>130.0</ele>
<time>2026-09-06T10:05:59Z</time>
<extensions>
<tp1:TrackPointExtension>
<tp1:hr>156</tp1:hr>
</tp1:TrackPointExtension>
</extensions>
</trkpt>
<trkpt lat="58.24522773" lon="15.31017646">
<ele>130.2</ele>
<time>2026-09-06T10:06:00Z</time>
<extensions>
<tp1:TrackPointExtension>
<tp1:hr>156</tp1:hr>
</tp1:TrackPointExtension>
</extensions>
</trkpt>
<trkpt lat="58.24521323" lon="15.31012005">
<ele>130.2</ele>
<time>2026-09-06T10:06:01Z</time>
<extensions>
<tp1:TrackPointExtension>
<tp1:hr>155</tp1:hr>
</tp1:TrackPointExtension>
</extensions>
</trkpt>
<trkpt lat="58.24519655" lon="15.31008837">
<ele>130.4</ele>
<time>2026-09-06T10:06:02Z</time>
<extensions>
<tp1:TrackPointExtension>
<tp1:hr>155</tp1:hr>
</tp1:TrackPointExtension>
</extensions>
</trkpt>
<trkpt lat="58.24518423" lon="15.31004093">
<ele>130.4</ele>
<time>2026-09-06T10:06:03Z</time>
<extensions>
<tp1:TrackPointExtension>
<tp1:hr>155</tp1:hr>
</tp1:TrackPointExtension>
</extensions>
</trkpt>
<trkpt lat="58.24518825" lon="15.31000136">
<ele>130.2</ele>
<time>2026-09-06T10:06:04Z</time>
<extensions>
<tp1:TrackPointExtension>
<tp1:hr>156</tp1:hr>
</tp1:TrackPointExtension>
</extensions>
</trkpt>
<trkpt lat="58.24520267" lon="15.3099618">
<ele>130.2</ele>
<time>2026-09-06T10:06:05Z</time>
<extensions>
<tp1:TrackPointExtension>
<tp1:hr>156</tp1:hr>
</tp1:TrackPointExtension>
</extensions>
</trkpt>
<trkpt lat="58.24521884" lon="15.30992232">
<ele>130.0</ele>
<time>2026-09-06T10:06:06Z</time>
<extensions>
<tp1:TrackPointExtension>
<tp1:hr>156</tp1:hr>
</tp1:TrackPointExtension>
</extensions>
</trkpt>
<trkpt lat="58.24523309" lon="15.30988527">
<ele>130.2</ele>
<time>2026-09-06T10:06:07Z</time>
<extensions>
<tp1:TrackPointExtension>
<tp1:hr>156</tp1:hr>
</tp1:TrackPointExtension>
</extensions>
</trkpt>
<trkpt lat="58.24524055" lon="15.30982425">
<ele>130.2</ele>
<time>2026-09-06T10:06:08Z</time>
<extensions>
<tp1:TrackPointExtension>
<tp1:hr>156</tp1:hr>
</tp1:TrackPointExtension>
</extensions>
</trkpt>
<trkpt lat="58.24525732" lon="15.30976734">
<ele>130.4</ele>
<time>2026-09-06T10:06:09Z</time>
<extensions>
<tp1:TrackPointExtension>
<tp1:hr>155</tp1:hr>
</tp1:TrackPointExtension>
</extensions>
</trkpt>
<trkpt lat="58.24526955" lon="15.3097344">
<ele>130.4</ele>
<time>2026-09-06T10:06:10Z</time>
<extensions>
<tp1:TrackPointExtension>
<tp1:hr>155</tp1:hr>
</tp1:TrackPointExtension>
</extensions>
</trkpt>
<trkpt lat="58.24526955" lon="15.30966852">
<ele>130.6</ele>
<time>2026-09-06T10:06:11Z</time>
<extensions>
<tp1:TrackPointExtension>
<tp1:hr>155</tp1:hr>
</tp1:TrackPointExtension>
</extensions>
</trkpt>
<trkpt lat="58.24527307" lon="15.30959761">
<ele>130.6</ele>
<time>2026-09-06T10:06:12Z</time>
<extensions>
<tp1:TrackPointExtension>
<tp1:hr>156</tp1:hr>
</tp1:TrackPointExtension>
</extensions>
</trkpt>
<trkpt lat="58.24527592" lon="15.30954883">
<ele>130.8</ele>
<time>2026-09-06T10:06:13Z</time>
<extensions>
<tp1:TrackPointExtension>
<tp1:hr>156</tp1:hr>
</tp1:TrackPointExtension>
</extensions>
</trkpt>
<trkpt lat="58.24527676" lon="15.30949786">
<ele>131.0</ele>
<time>2026-09-06T10:06:14Z</time>
<extensions>
<tp1:TrackPointExtension>
<tp1:hr>157</tp1:hr>
</tp1:TrackPointExtension>
</extensions>
</trkpt>
<trkpt lat="58.24526637" lon="15.30945889">
<ele>131.2</ele>
<time>2026-09-06T10:06:15Z</time>
<extensions>
<tp1:TrackPointExtension>
<tp1:hr>157</tp1:hr>
</tp1:TrackPointExtension>
</extensions>
</trkpt>
<trkpt lat="58.2452553" lon="15.30941463">
<ele>131.4</ele>
<time>2026-09-06T10:06:16Z</time>
<extensions>
<tp1:TrackPointExtension>
<tp1:hr>157</tp1:hr>
</tp1:TrackPointExtension>
</extensions>
</trkpt>
<trkpt lat="58.24523485" lon="15.30939326">
<ele>131.6</ele>
<time>2026-09-06T10:06:17Z</time>
<extensions>
<tp1:TrackPointExtension>
<tp1:hr>157</tp1:hr>
</tp1:TrackPointExtension>
</extensions>
</trkpt>
<trkpt lat="58.24522136" lon="15.30935395">
<ele>131.6</ele>
<time>2026-09-06T10:06:18Z</time>
<extensions>
<tp1:TrackPointExtension>
<tp1:hr>157</tp1:hr>
</tp1:TrackPointExtension>
</extensions>
</trkpt>
<trkpt lat="58.24519755" lon="15.30930525">
<ele>131.6</ele>
<time>2026-09-06T10:06:19Z</time>
<extensions>
<tp1:TrackPointExtension>
<tp1:hr>158</tp1:hr>
</tp1:TrackPointExtension>
</extensions>
</trkpt>
<trkpt lat="58.24518892" lon="15.30923794">
<ele>131.6</ele>
<time>2026-09-06T10:06:20Z</time>
<extensions>
<tp1:TrackPointExtension>
<tp1:hr>157</tp1:hr>
</tp1:TrackPointExtension>
</extensions>
</trkpt>
<trkpt lat="58.24518272" lon="15.30920098">
<ele>131.4</ele>
<time>2026-09-06T10:06:21Z</time>
<extensions>
<tp1:TrackPointExtension>
<tp1:hr>157</tp1:hr>
</tp1:TrackPointExtension>
</extensions>
</trkpt>
<trkpt lat="58.24516704" lon="15.30914968">
<ele>131.4</ele>
<time>2026-09-06T10:06:22Z</time>
<extensions>
<tp1:TrackPointExtension>
<tp1:hr>157</tp1:hr>
</tp1:TrackPointExtension>
</extensions>
</trkpt>
<trkpt lat="58.24515707" lon="15.30909654">
<ele>131.2</ele>
<time>2026-09-06T10:06:23Z</time>
<extensions>
<tp1:TrackPointExtension>
<tp1:hr>157</tp1:hr>
</tp1:TrackPointExtension>
</extensions>
</trkpt>
<trkpt lat="58.24515858" lon="15.30904633">
<ele>131.4</ele>
<time>2026-09-06T10:06:24Z</time>
<extensions>
<tp1:TrackPointExtension>
<tp1:hr>157</tp1:hr>
</tp1:TrackPointExtension>
</extensions>
</trkpt>
<trkpt lat="58.24515036" lon="15.30900392">
<ele>131.4</ele>
<time>2026-09-06T10:06:25Z</time>
<extensions>
<tp1:TrackPointExtension>
<tp1:hr>158</tp1:hr>
</tp1:TrackPointExtension>
</extensions>
</trkpt>
<trkpt lat="58.24514181" lon="15.30895782">
<ele>131.6</ele>
<time>2026-09-06T10:06:26Z</time>
<extensions>
<tp1:TrackPointExtension>
<tp1:hr>157</tp1:hr>
</tp1:TrackPointExtension>
</extensions>
</trkpt>
<trkpt lat="58.24514357" lon="15.30892848">
<ele>131.8</ele>
<time>2026-09-06T10:06:27Z</time>
<extensions>
<tp1:TrackPointExtension>
<tp1:hr>157</tp1:hr>
</tp1:TrackPointExtension>
</extensions>
</trkpt>
<trkpt lat="58.2451445" lon="15.30887626">
<ele>132.0</ele>
<time>2026-09-06T10:06:28Z</time>
<extensions>
<tp1:TrackPointExtension>
<tp1:hr>158</tp1:hr>
</tp1:TrackPointExtension>
</extensions>
</trkpt>
<trkpt lat="58.2451424" lon="15.30883033">
<ele>131.8</ele>
<time>2026-09-06T10:06:29Z</time>
<extensions>
<tp1:TrackPointExtension>
<tp1:hr>158</tp1:hr>
</tp1:TrackPointExtension>
</extensions>
</trkpt>
<trkpt lat="58.24513544" lon="15.30880317">
<ele>131.8</ele>
<time>2026-09-06T10:06:30Z</time>
<extensions>
<tp1:TrackPointExtension>
<tp1:hr>158</tp1:hr>
</tp1:TrackPointExtension>
</extensions>
</trkpt>
<trkpt lat="58.24513645" lon="15.30875648">
<ele>131.8</ele>
<time>2026-09-06T10:06:31Z</time>
<extensions>
<tp1:TrackPointExtension>
<tp1:hr>158</tp1:hr>
</tp1:TrackPointExtension>
</extensions>
</trkpt>
<trkpt lat="58.24513494" lon="15.30871105">
<ele>131.8</ele>
<time>2026-09-06T10:06:32Z</time>
<extensions>
<tp1:TrackPointExtension>
<tp1:hr>158</tp1:hr>
</tp1:TrackPointExtension>
</extensions>
</trkpt>
<trkpt lat="58.24514575" lon="15.30866755">
<ele>131.8</ele>
<time>2026-09-06T10:06:33Z</time>
<extensions>
<tp1:TrackPointExtension>
<tp1:hr>159</tp1:hr>
</tp1:TrackPointExtension>
</extensions>
</trkpt>
<trkpt lat="58.24515179" lon="15.3086321">
<ele>132.0</ele>
<time>2026-09-06T10:06:34Z</time>
<extensions>
<tp1:TrackPointExtension>
<tp1:hr>158</tp1:hr>
</tp1:TrackPointExtension>
</extensions>
</trkpt>
<trkpt lat="58.24515011" lon="15.30857719">
<ele>132.2</ele>
<time>2026-09-06T10:06:35Z</time>
<extensions>
<tp1:TrackPointExtension>
<tp1:hr>158</tp1:hr>
</tp1:TrackPointExtension>
</extensions>
</trkpt>
<trkpt lat="58.2451481" lon="15.30854023">
<ele>132.4</ele>
<time>2026-09-06T10:06:36Z</time>
<extensions>
<tp1:TrackPointExtension>
<tp1:hr>158</tp1:hr>
</tp1:TrackPointExtension>
</extensions>
</trkpt>
<trkpt lat="58.24514056" lon="15.30849396">
<ele>132.8</ele>
<time>2026-09-06T10:06:37Z</time>
<extensions>
<tp1:TrackPointExtension>
<tp1:hr>158</tp1:hr>
</tp1:TrackPointExtension>
</extensions>
</trkpt>
<trkpt lat="58.24513955" lon="15.30846588">
<ele>133.0</ele>
<time>2026-09-06T10:06:38Z</time>
<extensions>
<tp1:TrackPointExtension>
<tp1:hr>159</tp1:hr>
</tp1:TrackPointExtension>
</extensions>
</trkpt>
<trkpt lat="58.24513972" lon="15.3084192">
<ele>133.0</ele>
<time>2026-09-06T10:06:39Z</time>
<extensions>
<tp1:TrackPointExtension>
<tp1:hr>159</tp1:hr>
</tp1:TrackPointExtension>
</extensions>
</trkpt>
<trkpt lat="58.24514039" lon="15.30839296">
<ele>133.2</ele>
<time>2026-09-06T10:06:40Z</time>
<extensions>
<tp1:TrackPointExtension>
<tp1:hr>159</tp1:hr>
</tp1:TrackPointExtension>
</extensions>
</trkpt>
<trkpt lat="58.2451429" lon="15.30834753">
<ele>133.4</ele>
<time>2026-09-06T10:06:41Z</time>
<extensions>
<tp1:TrackPointExtension>
<tp1:hr>159</tp1:hr>
</tp1:TrackPointExtension>
</extensions>
</trkpt>
<trkpt lat="58.2451419" lon="15.3083052">
<ele>133.4</ele>
<time>2026-09-06T10:06:42Z</time>
<extensions>
<tp1:TrackPointExtension>
<tp1:hr>160</tp1:hr>
</tp1:TrackPointExtension>
</extensions>
</trkpt>
<trkpt lat="58.24514399" lon="15.30826178">
<ele>133.3</ele>
<time>2026-09-06T10:06:43Z</time>
<extensions>
<tp1:TrackPointExtension>
<tp1:hr>159</tp1:hr>
</tp1:TrackPointExtension>
</extensions>
</trkpt>
<trkpt lat="58.2451595" lon="15.30821803">
<ele>133.3</ele>
<time>2026-09-06T10:06:44Z</time>
<extensions>
<tp1:TrackPointExtension>
<tp1:hr>159</tp1:hr>
</tp1:TrackPointExtension>
</extensions>
</trkpt>
<trkpt lat="58.24515858" lon="15.3081602">
<ele>133.3</ele>
<time>2026-09-06T10:06:45Z</time>
<extensions>
<tp1:TrackPointExtension>
<tp1:hr>160</tp1:hr>
</tp1:TrackPointExtension>
</extensions>
</trkpt>
<trkpt lat="58.24514718" lon="15.30811971">
<ele>133.1</ele>
<time>2026-09-06T10:06:46Z</time>
<extensions>
<tp1:TrackPointExtension>
<tp1:hr>159</tp1:hr>
</tp1:TrackPointExtension>
</extensions>
</trkpt>
<trkpt lat="58.24513637" lon="15.3080716">
<ele>133.1</ele>
<time>2026-09-06T10:06:47Z</time>
<extensions>
<tp1:TrackPointExtension>
<tp1:hr>159</tp1:hr>
</tp1:TrackPointExtension>
</extensions>
</trkpt>
<trkpt lat="58.24512966" lon="15.30802491">
<ele>133.3</ele>
<time>2026-09-06T10:06:48Z</time>
<extensions>
<tp1:TrackPointExtension>
<tp1:hr>160</tp1:hr>
</tp1:TrackPointExtension>
</extensions>
</trkpt>
<trkpt lat="58.24513243" lon="15.3079633">
<ele>133.3</ele>
<time>2026-09-06T10:06:49Z</time>
<extensions>
<tp1:TrackPointExtension>
<tp1:hr>160</tp1:hr>
</tp1:TrackPointExtension>
</extensions>
</trkpt>
<trkpt lat="58.24514349" lon="15.30792768">
<ele>133.1</ele>
<time>2026-09-06T10:06:50Z</time>
<extensions>
<tp1:TrackPointExtension>
<tp1:hr>160</tp1:hr>
</tp1:TrackPointExtension>
</extensions>
</trkpt>
<trkpt lat="58.24514885" lon="15.30787454">
<ele>133.1</ele>
<time>2026-09-06T10:06:51Z</time>
<extensions>
<tp1:TrackPointExtension>
<tp1:hr>160</tp1:hr>
</tp1:TrackPointExtension>
</extensions>
</trkpt>
<trkpt lat="58.24515573" lon="15.30780505">
<ele>133.3</ele>
<time>2026-09-06T10:06:52Z</time>
<extensions>
<tp1:TrackPointExtension>
<tp1:hr>161</tp1:hr>
</tp1:TrackPointExtension>
</extensions>
</trkpt>
<trkpt lat="58.24515916" lon="15.30774412">
<ele>133.7</ele>
<time>2026-09-06T10:06:53Z</time>
<extensions>
<tp1:TrackPointExtension>
<tp1:hr>160</tp1:hr>
</tp1:TrackPointExtension>
</extensions>
</trkpt>
<trkpt lat="58.24515958" lon="15.30770078">
<ele>133.9</ele>
<time>2026-09-06T10:06:54Z</time>
<extensions>
<tp1:TrackPointExtension>
<tp1:hr>160</tp1:hr>
</tp1:TrackPointExtension>
</extensions>
</trkpt>
<trkpt lat="58.24515363" lon="15.30766625">
<ele>134.3</ele>
<time>2026-09-06T10:06:55Z</time>
<extensions>
<tp1:TrackPointExtension>
<tp1:hr>161</tp1:hr>
</tp1:TrackPointExtension>
</extensions>
</trkpt>
<trkpt lat="58.24515246" lon="15.30761923">
<ele>134.7</ele>
<time>2026-09-06T10:06:56Z</time>
<extensions>
<tp1:TrackPointExtension>
<tp1:hr>161</tp1:hr>
</tp1:TrackPointExtension>
</extensions>
</trkpt>
<trkpt lat="58.24516059" lon="15.30759274">
<ele>135.1</ele>
<time>2026-09-06T10:06:57Z</time>
<extensions>
<tp1:TrackPointExtension>
<tp1:hr>161</tp1:hr>
</tp1:TrackPointExtension>
</extensions>
</trkpt>
<trkpt lat="58.24516646" lon="15.30757237">
<ele>135.3</ele>
<time>2026-09-06T10:06:58Z</time>
<extensions>
<tp1:TrackPointExtension>
<tp1:hr>161</tp1:hr>
</tp1:TrackPointExtension>
</extensions>
</trkpt>
<trkpt lat="58.2451657" lon="15.30755754">
<ele>135.5</ele>
<time>2026-09-06T10:06:59Z</time>
<extensions>
<tp1:TrackPointExtension>
<tp1:hr>161</tp1:hr>
</tp1:TrackPointExtension>
</extensions>
</trkpt>
<trkpt lat="58.24517895" lon="15.30755946">
<ele>135.5</ele>
<time>2026-09-06T10:07:00Z</time>
<extensions>
<tp1:TrackPointExtension>
<tp1:hr>162</tp1:hr>
</tp1:TrackPointExtension>
</extensions>
</trkpt>
<trkpt lat="58.24519789" lon="15.30757573">
<ele>135.5</ele>
<time>2026-09-06T10:07:01Z</time>
<extensions>
<tp1:TrackPointExtension>
<tp1:hr>162</tp1:hr>
</tp1:TrackPointExtension>
</extensions>
</trkpt>
<trkpt lat="58.24522287" lon="15.30758729">
<ele>135.3</ele>
<time>2026-09-06T10:07:02Z</time>
<extensions>
<tp1:TrackPointExtension>
<tp1:hr>162</tp1:hr>
</tp1:TrackPointExtension>
</extensions>
</trkpt>
<trkpt lat="58.24524399" lon="15.30759098">
<ele>135.1</ele>
<time>2026-09-06T10:07:03Z</time>
<extensions>
<tp1:TrackPointExtension>
<tp1:hr>162</tp1:hr>
</tp1:TrackPointExtension>
</extensions>
</trkpt>
<trkpt lat="58.24526251" lon="15.30757774">
<ele>134.7</ele>
<time>2026-09-06T10:07:04Z</time>
<extensions>
<tp1:TrackPointExtension>
<tp1:hr>161</tp1:hr>
</tp1:TrackPointExtension>
</extensions>
</trkpt>
<trkpt lat="58.24527425" lon="15.30755687">
<ele>134.3</ele>
<time>2026-09-06T10:07:05Z</time>
<extensions>
<tp1:TrackPointExtension>
<tp1:hr>161</tp1:hr>
</tp1:TrackPointExtension>
</extensions>
</trkpt>
<trkpt lat="58.24528431" lon="15.30752661">
<ele>133.9</ele>
<time>2026-09-06T10:07:06Z</time>
<extensions>
<tp1:TrackPointExtension>
<tp1:hr>161</tp1:hr>
</tp1:TrackPointExtension>
</extensions>
</trkpt>
<trkpt lat="58.24529436" lon="15.30748973">
<ele>133.5</ele>
<time>2026-09-06T10:07:07Z</time>
<extensions>
<tp1:TrackPointExtension>
<tp1:hr>161</tp1:hr>
</tp1:TrackPointExtension>
</extensions>
</trkpt>
<trkpt lat="58.24528892" lon="15.30746777">
<ele>133.1</ele>
<time>2026-09-06T10:07:08Z</time>
<extensions>
<tp1:TrackPointExtension>
<tp1:hr>160</tp1:hr>
</tp1:TrackPointExtension>
</extensions>
</trkpt>
<trkpt lat="58.24528724" lon="15.30744589">
<ele>133.1</ele>
<time>2026-09-06T10:07:09Z</time>
<extensions>
<tp1:TrackPointExtension>
<tp1:hr>160</tp1:hr>
</tp1:TrackPointExtension>
</extensions>
</trkpt>
<trkpt lat="58.24528548" lon="15.30743449">
<ele>132.9</ele>
<time>2026-09-06T10:07:10Z</time>
<extensions>
<tp1:TrackPointExtension>
<tp1:hr>160</tp1:hr>
</tp1:TrackPointExtension>
</extensions>
</trkpt>
<trkpt lat="58.24528808" lon="15.30743566">
<ele>132.7</ele>
<time>2026-09-06T10:07:11Z</time>
<extensions>
<tp1:TrackPointExtension>
<tp1:hr>160</tp1:hr>
</tp1:TrackPointExtension>
</extensions>
</trkpt>
<trkpt lat="58.24529336" lon="15.30742929">
<ele>132.5</ele>
<time>2026-09-06T10:07:12Z</time>
<extensions>
<tp1:TrackPointExtension>
<tp1:hr>160</tp1:hr>
</tp1:TrackPointExtension>
</extensions>
</trkpt>
<trkpt lat="58.24529897" lon="15.30742041">
<ele>132.1</ele>
<time>2026-09-06T10:07:13Z</time>
<extensions>
<tp1:TrackPointExtension>
<tp1:hr>160</tp1:hr>
</tp1:TrackPointExtension>
</extensions>
</trkpt>
<trkpt lat="58.24530819" lon="15.30740842">
<ele>131.5</ele>
<time>2026-09-06T10:07:14Z</time>
<extensions>
<tp1:TrackPointExtension>
<tp1:hr>160</tp1:hr>
</tp1:TrackPointExtension>
</extensions>
</trkpt>
<trkpt lat="58.24531465" lon="15.30739744">
<ele>130.9</ele>
<time>2026-09-06T10:07:15Z</time>
<extensions>
<tp1:TrackPointExtension>
<tp1:hr>160</tp1:hr>
</tp1:TrackPointExtension>
</extensions>
</trkpt>
<trkpt lat="58.24532345" lon="15.30737263">
<ele>130.1</ele>
<time>2026-09-06T10:07:16Z</time>
<extensions>
<tp1:TrackPointExtension>
<tp1:hr>160</tp1:hr>
</tp1:TrackPointExtension>
</extensions>
</trkpt>
<trkpt lat="58.24533267" lon="15.30735461">
<ele>129.5</ele>
<time>2026-09-06T10:07:17Z</time>
<extensions>
<tp1:TrackPointExtension>
<tp1:hr>161</tp1:hr>
</tp1:TrackPointExtension>
</extensions>
</trkpt>
<trkpt lat="58.24534256" lon="15.30732527">
<ele>129.1</ele>
<time>2026-09-06T10:07:18Z</time>
<extensions>
<tp1:TrackPointExtension>
<tp1:hr>162</tp1:hr>
</tp1:TrackPointExtension>
</extensions>
</trkpt>
<trkpt lat="58.24535052" lon="15.30729401">
<ele>128.3</ele>
<time>2026-09-06T10:07:19Z</time>
<extensions>
<tp1:TrackPointExtension>
<tp1:hr>162</tp1:hr>
</tp1:TrackPointExtension>
</extensions>
</trkpt>
<trkpt lat="58.24535253" lon="15.30725311">
<ele>127.9</ele>
<time>2026-09-06T10:07:20Z</time>
<extensions>
<tp1:TrackPointExtension>
<tp1:hr>161</tp1:hr>
</tp1:TrackPointExtension>
</extensions>
</trkpt>
<trkpt lat="58.2453491" lon="15.30719141">
<ele>127.1</ele>
<time>2026-09-06T10:07:21Z</time>
<extensions>
<tp1:TrackPointExtension>
<tp1:hr>161</tp1:hr>
</tp1:TrackPointExtension>
</extensions>
</trkpt>
<trkpt lat="58.24534449" lon="15.30714624">
<ele>126.3</ele>
<time>2026-09-06T10:07:22Z</time>
<extensions>
<tp1:TrackPointExtension>
<tp1:hr>161</tp1:hr>
</tp1:TrackPointExtension>
</extensions>
</trkpt>
<trkpt lat="58.24531532" lon="15.30710089">
<ele>125.9</ele>
<time>2026-09-06T10:07:23Z</time>
<extensions>
<tp1:TrackPointExtension>
<tp1:hr>162</tp1:hr>
</tp1:TrackPointExtension>
</extensions>
</trkpt>
<trkpt lat="58.24528037" lon="15.30703635">
<ele>125.3</ele>
<time>2026-09-06T10:07:24Z</time>
<extensions>
<tp1:TrackPointExtension>
<tp1:hr>162</tp1:hr>
</tp1:TrackPointExtension>
</extensions>
</trkpt>
<trkpt lat="58.24525044" lon="15.30698162">
<ele>124.9</ele>
<time>2026-09-06T10:07:25Z</time>
<extensions>
<tp1:TrackPointExtension>
<tp1:hr>162</tp1:hr>
</tp1:TrackPointExtension>
</extensions>
</trkpt>
<trkpt lat="58.24522672" lon="15.30693778">
<ele>124.9</ele>
<time>2026-09-06T10:07:26Z</time>
<extensions>
<tp1:TrackPointExtension>
<tp1:hr>162</tp1:hr>
</tp1:TrackPointExtension>
</extensions>
</trkpt>
<trkpt lat="58.24520686" lon="15.30690174">
<ele>124.9</ele>
<time>2026-09-06T10:07:27Z</time>
<extensions>
<tp1:TrackPointExtension>
<tp1:hr>163</tp1:hr>
</tp1:TrackPointExtension>
</extensions>
</trkpt>
<trkpt lat="58.24518699" lon="15.3068688">
<ele>124.9</ele>
<time>2026-09-06T10:07:28Z</time>
<extensions>
<tp1:TrackPointExtension>
<tp1:hr>163</tp1:hr>
</tp1:TrackPointExtension>
</extensions>
</trkpt>
<trkpt lat="58.24516394" lon="15.30682848">
<ele>125.1</ele>
<time>2026-09-06T10:07:29Z</time>
<extensions>
<tp1:TrackPointExtension>
<tp1:hr>163</tp1:hr>
</tp1:TrackPointExtension>
</extensions>
</trkpt>
<trkpt lat="58.24514894" lon="15.30679277">
<ele>125.3</ele>
<time>2026-09-06T10:07:30Z</time>
<extensions>
<tp1:TrackPointExtension>
<tp1:hr>162</tp1:hr>
</tp1:TrackPointExtension>
</extensions>
</trkpt>
<trkpt lat="58.24513653" lon="15.30676184">
<ele>125.3</ele>
<time>2026-09-06T10:07:31Z</time>
<extensions>
<tp1:TrackPointExtension>
<tp1:hr>161</tp1:hr>
</tp1:TrackPointExtension>
</extensions>
</trkpt>
<trkpt lat="58.24511868" lon="15.30673804">
<ele>125.3</ele>
<time>2026-09-06T10:07:32Z</time>
<extensions>
<tp1:TrackPointExtension>
<tp1:hr>161</tp1:hr>
</tp1:TrackPointExtension>
</extensions>
</trkpt>
<trkpt lat="58.24509353" lon="15.30671482">
<ele>125.3</ele>
<time>2026-09-06T10:07:33Z</time>
<extensions>
<tp1:TrackPointExtension>
<tp1:hr>160</tp1:hr>
</tp1:TrackPointExtension>
</extensions>
</trkpt>
<trkpt lat="58.24508004" lon="15.30666654">
<ele>125.7</ele>
<time>2026-09-06T10:07:34Z</time>
<extensions>
<tp1:TrackPointExtension>
<tp1:hr>160</tp1:hr>
</tp1:TrackPointExtension>
</extensions>
</trkpt>
<trkpt lat="58.24507233" lon="15.30662404">
<ele>125.9</ele>
<time>2026-09-06T10:07:35Z</time>
<extensions>
<tp1:TrackPointExtension>
<tp1:hr>160</tp1:hr>
</tp1:TrackPointExtension>
</extensions>
</trkpt>
<trkpt lat="58.24506227" lon="15.30659228">
<ele>126.1</ele>
<time>2026-09-06T10:07:36Z</time>
<extensions>
<tp1:TrackPointExtension>
<tp1:hr>160</tp1:hr>
</tp1:TrackPointExtension>
</extensions>
</trkpt>
<trkpt lat="58.24505003" lon="15.30656302">
<ele>126.5</ele>
<time>2026-09-06T10:07:37Z</time>
<extensions>
<tp1:TrackPointExtension>
<tp1:hr>159</tp1:hr>
</tp1:TrackPointExtension>
</extensions>
</trkpt>
<trkpt lat="58.24502656" lon="15.3065212">
<ele>126.5</ele>
<time>2026-09-06T10:07:38Z</time>
<extensions>
<tp1:TrackPointExtension>
<tp1:hr>159</tp1:hr>
</tp1:TrackPointExtension>
</extensions>
</trkpt>
<trkpt lat="58.24500494" lon="15.30647719">
<ele>126.5</ele>
<time>2026-09-06T10:07:39Z</time>
<extensions>
<tp1:TrackPointExtension>
<tp1:hr>159</tp1:hr>
</tp1:TrackPointExtension>
</extensions>
</trkpt>
<trkpt lat="58.24499178" lon="15.30643998">
<ele>126.5</ele>
<time>2026-09-06T10:07:40Z</time>
<extensions>
<tp1:TrackPointExtension>
<tp1:hr>159</tp1:hr>
</tp1:TrackPointExtension>
</extensions>
</trkpt>
<trkpt lat="58.2449787" lon="15.30640678">
<ele>126.3</ele>
<time>2026-09-06T10:07:41Z</time>
<extensions>
<tp1:TrackPointExtension>
<tp1:hr>159</tp1:hr>
</tp1:TrackPointExtension>
</extensions>
</trkpt>
<trkpt lat="58.24495926" lon="15.30636286">
<ele>126.3</ele>
<time>2026-09-06T10:07:42Z</time>
<extensions>
<tp1:TrackPointExtension>
<tp1:hr>158</tp1:hr>
</tp1:TrackPointExtension>
</extensions>
</trkpt>
<trkpt lat="58.24493805" lon="15.30631048">
<ele>126.3</ele>
<time>2026-09-06T10:07:43Z</time>
<extensions>
<tp1:TrackPointExtension>
<tp1:hr>158</tp1:hr>
</tp1:TrackPointExtension>
</extensions>
</trkpt>
<trkpt lat="58.24491517" lon="15.30627829">
<ele>126.3</ele>
<time>2026-09-06T10:07:44Z</time>
<extensions>
<tp1:TrackPointExtension>
<tp1:hr>159</tp1:hr>
</tp1:TrackPointExtension>
</extensions>
</trkpt>
<trkpt lat="58.2448922" lon="15.30622808">
<ele>126.3</ele>
<time>2026-09-06T10:07:45Z</time>
<extensions>
<tp1:TrackPointExtension>
<tp1:hr>159</tp1:hr>
</tp1:TrackPointExtension>
</extensions>
</trkpt>
<trkpt lat="58.24487636" lon="15.30618567">
<ele>126.3</ele>
<time>2026-09-06T10:07:46Z</time>
<extensions>
<tp1:TrackPointExtension>
<tp1:hr>159</tp1:hr>
</tp1:TrackPointExtension>
</extensions>
</trkpt>
<trkpt lat="58.2448642" lon="15.30614527">
<ele>126.3</ele>
<time>2026-09-06T10:07:47Z</time>
<extensions>
<tp1:TrackPointExtension>
<tp1:hr>159</tp1:hr>
</tp1:TrackPointExtension>
</extensions>
</trkpt>
<trkpt lat="58.24486278" lon="15.30610252">
<ele>126.3</ele>
<time>2026-09-06T10:07:48Z</time>
<extensions>
<tp1:TrackPointExtension>
<tp1:hr>159</tp1:hr>
</tp1:TrackPointExtension>
</extensions>
</trkpt>
<trkpt lat="58.24485566" lon="15.30605542">
<ele>126.3</ele>
<time>2026-09-06T10:07:49Z</time>
<extensions>
<tp1:TrackPointExtension>
<tp1:hr>159</tp1:hr>
</tp1:TrackPointExtension>
</extensions>
</trkpt>
<trkpt lat="58.24484979" lon="15.30602172">
<ele>126.3</ele>
<time>2026-09-06T10:07:50Z</time>
<extensions>
<tp1:TrackPointExtension>
<tp1:hr>158</tp1:hr>
</tp1:TrackPointExtension>
</extensions>
</trkpt>
<trkpt lat="58.24483814" lon="15.30598601">
<ele>126.3</ele>
<time>2026-09-06T10:07:51Z</time>
<extensions>
<tp1:TrackPointExtension>
<tp1:hr>159</tp1:hr>
</tp1:TrackPointExtension>
</extensions>
</trkpt>
<trkpt lat="58.24483093" lon="15.30595173">
<ele>126.1</ele>
<time>2026-09-06T10:07:52Z</time>
<extensions>
<tp1:TrackPointExtension>
<tp1:hr>159</tp1:hr>
</tp1:TrackPointExtension>
</extensions>
</trkpt>
<trkpt lat="58.24482037" lon="15.30593413">
<ele>125.9</ele>
<time>2026-09-06T10:07:53Z</time>
<extensions>
<tp1:TrackPointExtension>
<tp1:hr>159</tp1:hr>
</tp1:TrackPointExtension>
</extensions>
</trkpt>
<trkpt lat="58.24480897" lon="15.30591225">
<ele>125.9</ele>
<time>2026-09-06T10:07:54Z</time>
<extensions>
<tp1:TrackPointExtension>
<tp1:hr>159</tp1:hr>
</tp1:TrackPointExtension>
</extensions>
</trkpt>
<trkpt lat="58.24479623" lon="15.30589079">
<ele>125.9</ele>
<time>2026-09-06T10:07:55Z</time>
<extensions>
<tp1:TrackPointExtension>
<tp1:hr>160</tp1:hr>
</tp1:TrackPointExtension>
</extensions>
</trkpt>
<trkpt lat="58.2447829" lon="15.30587688">
<ele>125.9</ele>
<time>2026-09-06T10:07:56Z</time>
<extensions>
<tp1:TrackPointExtension>
<tp1:hr>159</tp1:hr>
</tp1:TrackPointExtension>
</extensions>
</trkpt>
<trkpt lat="58.24477309" lon="15.30584838">
<ele>125.9</ele>
<time>2026-09-06T10:07:57Z</time>
<extensions>
<tp1:TrackPointExtension>
<tp1:hr>159</tp1:hr>
</tp1:TrackPointExtension>
</extensions>
</trkpt>
<trkpt lat="58.24476966" lon="15.30582282">
<ele>126.1</ele>
<time>2026-09-06T10:07:58Z</time>
<extensions>
<tp1:TrackPointExtension>
<tp1:hr>159</tp1:hr>
</tp1:TrackPointExtension>
</extensions>
</trkpt>
<trkpt lat="58.24476329" lon="15.30579817">
<ele>126.1</ele>
<time>2026-09-06T10:07:59Z</time>
<extensions>
<tp1:TrackPointExtension>
<tp1:hr>159</tp1:hr>
</tp1:TrackPointExtension>
</extensions>
</trkpt>
<trkpt lat="58.24475465" lon="15.3057701">
<ele>126.3</ele>
<time>2026-09-06T10:08:00Z</time>
<extensions>
<tp1:TrackPointExtension>
<tp1:hr>160</tp1:hr>
</tp1:TrackPointExtension>
</extensions>
</trkpt>
<trkpt lat="58.24474418" lon="15.30572718">
<ele>126.3</ele>
<time>2026-09-06T10:08:01Z</time>
<extensions>
<tp1:TrackPointExtension>
<tp1:hr>160</tp1:hr>
</tp1:TrackPointExtension>
</extensions>
</trkpt>
<trkpt lat="58.24473714" lon="15.30568385">
<ele>126.3</ele>
<time>2026-09-06T10:08:02Z</time>
<extensions>
<tp1:TrackPointExtension>
<tp1:hr>160</tp1:hr>
</tp1:TrackPointExtension>
</extensions>
</trkpt>
<trkpt lat="58.24473085" lon="15.30567127">
<ele>126.5</ele>
<time>2026-09-06T10:08:03Z</time>
<extensions>
<tp1:TrackPointExtension>
<tp1:hr>160</tp1:hr>
</tp1:TrackPointExtension>
</extensions>
</trkpt>
<trkpt lat="58.24472364" lon="15.3056566">
<ele>126.5</ele>
<time>2026-09-06T10:08:04Z</time>
<extensions>
<tp1:TrackPointExtension>
<tp1:hr>160</tp1:hr>
</tp1:TrackPointExtension>
</extensions>
</trkpt>
<trkpt lat="58.24471761" lon="15.30566356">
<ele>126.7</ele>
<time>2026-09-06T10:08:05Z</time>
<extensions>
<tp1:TrackPointExtension>
<tp1:hr>161</tp1:hr>
</tp1:TrackPointExtension>
</extensions>
</trkpt>
<trkpt lat="58.24471115" lon="15.30566817">
<ele>126.9</ele>
<time>2026-09-06T10:08:06Z</time>
<extensions>
<tp1:TrackPointExtension>
<tp1:hr>160</tp1:hr>
</tp1:TrackPointExtension>
</extensions>
</trkpt>
<trkpt lat="58.24470076" lon="15.30567169">
<ele>126.9</ele>
<time>2026-09-06T10:08:07Z</time>
<extensions>
<tp1:TrackPointExtension>
<tp1:hr>160</tp1:hr>
</tp1:TrackPointExtension>
</extensions>
</trkpt>
<trkpt lat="58.24468961" lon="15.30567496">
<ele>127.1</ele>
<time>2026-09-06T10:08:08Z</time>
<extensions>
<tp1:TrackPointExtension>
<tp1:hr>161</tp1:hr>
</tp1:TrackPointExtension>
</extensions>
</trkpt>
<trkpt lat="58.24467452" lon="15.30566691">
<ele>127.1</ele>
<time>2026-09-06T10:08:09Z</time>
<extensions>
<tp1:TrackPointExtension>
<tp1:hr>160</tp1:hr>
</tp1:TrackPointExtension>
</extensions>
</trkpt>
<trkpt lat="58.24465583" lon="15.30564881">
<ele>127.3</ele>
<time>2026-09-06T10:08:10Z</time>
<extensions>
<tp1:TrackPointExtension>
<tp1:hr>160</tp1:hr>
</tp1:TrackPointExtension>
</extensions>
</trkpt>
<trkpt lat="58.24463823" lon="15.30562953">
<ele>127.5</ele>
<time>2026-09-06T10:08:11Z</time>
<extensions>
<tp1:TrackPointExtension>
<tp1:hr>160</tp1:hr>
</tp1:TrackPointExtension>
</extensions>
</trkpt>
<trkpt lat="58.24461065" lon="15.30559734">
<ele>127.5</ele>
<time>2026-09-06T10:08:12Z</time>
<extensions>
<tp1:TrackPointExtension>
<tp1:hr>160</tp1:hr>
</tp1:TrackPointExtension>
</extensions>
</trkpt>
<trkpt lat="58.24458014" lon="15.30556289">
<ele>127.3</ele>
<time>2026-09-06T10:08:13Z</time>
<extensions>
<tp1:TrackPointExtension>
<tp1:hr>160</tp1:hr>
</tp1:TrackPointExtension>
</extensions>
</trkpt>
<trkpt lat="58.24455382" lon="15.30552995">
<ele>126.9</ele>
<time>2026-09-06T10:08:14Z</time>
<extensions>
<tp1:TrackPointExtension>
<tp1:hr>161</tp1:hr>
</tp1:TrackPointExtension>
</extensions>
</trkpt>
<trkpt lat="58.2445265" lon="15.30549366">
<ele>126.7</ele>
<time>2026-09-06T10:08:15Z</time>
<extensions>
<tp1:TrackPointExtension>
<tp1:hr>161</tp1:hr>
</tp1:TrackPointExtension>
</extensions>
</trkpt>
<trkpt lat="58.24450605" lon="15.30546307">
<ele>126.3</ele>
<time>2026-09-06T10:08:16Z</time>
<extensions>
<tp1:TrackPointExtension>
<tp1:hr>161</tp1:hr>
</tp1:TrackPointExtension>
</extensions>
</trkpt>
<trkpt lat="58.24449037" lon="15.30543373">
<ele>125.9</ele>
<time>2026-09-06T10:08:17Z</time>
<extensions>
<tp1:TrackPointExtension>
<tp1:hr>162</tp1:hr>
</tp1:TrackPointExtension>
</extensions>
</trkpt>
<trkpt lat="58.24447009" lon="15.30540079">
<ele>125.9</ele>
<time>2026-09-06T10:08:18Z</time>
<extensions>
<tp1:TrackPointExtension>
<tp1:hr>162</tp1:hr>
</tp1:TrackPointExtension>
</extensions>
</trkpt>
<trkpt lat="58.2444524" lon="15.30537581">
<ele>125.9</ele>
<time>2026-09-06T10:08:19Z</time>
<extensions>
<tp1:TrackPointExtension>
<tp1:hr>162</tp1:hr>
</tp1:TrackPointExtension>
</extensions>
</trkpt>
<trkpt lat="58.2444322" lon="15.30535058">
<ele>125.9</ele>
<time>2026-09-06T10:08:20Z</time>
<extensions>
<tp1:TrackPointExtension>
<tp1:hr>161</tp1:hr>
</tp1:TrackPointExtension>
</extensions>
</trkpt>
<trkpt lat="58.24440697" lon="15.30533021">
<ele>125.9</ele>
<time>2026-09-06T10:08:21Z</time>
<extensions>
<tp1:TrackPointExtension>
<tp1:hr>161</tp1:hr>
</tp1:TrackPointExtension>
</extensions>
</trkpt>
<trkpt lat="58.24437831" lon="15.30531261">
<ele>125.9</ele>
<time>2026-09-06T10:08:22Z</time>
<extensions>
<tp1:TrackPointExtension>
<tp1:hr>160</tp1:hr>
</tp1:TrackPointExtension>
</extensions>
</trkpt>
<trkpt lat="58.2443535" lon="15.30530037">
<ele>126.1</ele>
<time>2026-09-06T10:08:23Z</time>
<extensions>
<tp1:TrackPointExtension>
<tp1:hr>160</tp1:hr>
</tp1:TrackPointExtension>
</extensions>
</trkpt>
<trkpt lat="58.24433128" lon="15.30528629">
<ele>126.1</ele>
<time>2026-09-06T10:08:24Z</time>
<extensions>
<tp1:TrackPointExtension>
<tp1:hr>160</tp1:hr>
</tp1:TrackPointExtension>
</extensions>
</trkpt>
<trkpt lat="58.24430991" lon="15.30526869">
<ele>126.1</ele>
<time>2026-09-06T10:08:25Z</time>
<extensions>
<tp1:TrackPointExtension>
<tp1:hr>160</tp1:hr>
</tp1:TrackPointExtension>
</extensions>
</trkpt>
<trkpt lat="58.24428611" lon="15.30524028">
<ele>126.3</ele>
<time>2026-09-06T10:08:26Z</time>
<extensions>
<tp1:TrackPointExtension>
<tp1:hr>161</tp1:hr>
</tp1:TrackPointExtension>
</extensions>
</trkpt>
<trkpt lat="58.24426071" lon="15.30520876">
<ele>126.5</ele>
<time>2026-09-06T10:08:27Z</time>
<extensions>
<tp1:TrackPointExtension>
<tp1:hr>161</tp1:hr>
</tp1:TrackPointExtension>
</extensions>
</trkpt>
<trkpt lat="58.24424026" lon="15.30519124">
<ele>126.5</ele>
<time>2026-09-06T10:08:28Z</time>
<extensions>
<tp1:TrackPointExtension>
<tp1:hr>161</tp1:hr>
</tp1:TrackPointExtension>
</extensions>
</trkpt>
<trkpt lat="58.24421637" lon="15.30522418">
<ele>126.5</ele>
<time>2026-09-06T10:08:29Z</time>
<extensions>
<tp1:TrackPointExtension>
<tp1:hr>161</tp1:hr>
</tp1:TrackPointExtension>
</extensions>
</trkpt>
<trkpt lat="58.24419474" lon="15.30523483">
<ele>126.5</ele>
<time>2026-09-06T10:08:30Z</time>
<extensions>
<tp1:TrackPointExtension>
<tp1:hr>161</tp1:hr>
</tp1:TrackPointExtension>
</extensions>
</trkpt>
<trkpt lat="58.24417412" lon="15.3052505">
<ele>126.5</ele>
<time>2026-09-06T10:08:31Z</time>
<extensions>
<tp1:TrackPointExtension>
<tp1:hr>161</tp1:hr>
</tp1:TrackPointExtension>
</extensions>
</trkpt>
<trkpt lat="58.24415074" lon="15.30527037">
<ele>126.5</ele>
<time>2026-09-06T10:08:32Z</time>
<extensions>
<tp1:TrackPointExtension>
<tp1:hr>161</tp1:hr>
</tp1:TrackPointExtension>
</extensions>
</trkpt>
<trkpt lat="58.24412945" lon="15.30529149">
<ele>126.5</ele>
<time>2026-09-06T10:08:33Z</time>
<extensions>
<tp1:TrackPointExtension>
<tp1:hr>160</tp1:hr>
</tp1:TrackPointExtension>
</extensions>
</trkpt>
<trkpt lat="58.24410891" lon="15.30531068">
<ele>126.5</ele>
<time>2026-09-06T10:08:34Z</time>
<extensions>
<tp1:TrackPointExtension>
<tp1:hr>160</tp1:hr>
</tp1:TrackPointExtension>
</extensions>
</trkpt>
<trkpt lat="58.24408997" lon="15.30533256">
<ele>126.3</ele>
<time>2026-09-06T10:08:35Z</time>
<extensions>
<tp1:TrackPointExtension>
<tp1:hr>160</tp1:hr>
</tp1:TrackPointExtension>
</extensions>
</trkpt>
<trkpt lat="58.24406625" lon="15.30535578">
<ele>126.3</ele>
<time>2026-09-06T10:08:36Z</time>
<extensions>
<tp1:TrackPointExtension>
<tp1:hr>160</tp1:hr>
</tp1:TrackPointExtension>
</extensions>
</trkpt>
<trkpt lat="58.24404764" lon="15.30536978">
<ele>126.1</ele>
<time>2026-09-06T10:08:37Z</time>
<extensions>
<tp1:TrackPointExtension>
<tp1:hr>161</tp1:hr>
</tp1:TrackPointExtension>
</extensions>
</trkpt>
<trkpt lat="58.24403415" lon="15.30539048">
<ele>126.1</ele>
<time>2026-09-06T10:08:38Z</time>
<extensions>
<tp1:TrackPointExtension>
<tp1:hr>160</tp1:hr>
</tp1:TrackPointExtension>
</extensions>
</trkpt>
<trkpt lat="58.24401914" lon="15.30541328">
<ele>125.9</ele>
<time>2026-09-06T10:08:39Z</time>
<extensions>
<tp1:TrackPointExtension>
<tp1:hr>161</tp1:hr>
</tp1:TrackPointExtension>
</extensions>
</trkpt>
<trkpt lat="58.24400363" lon="15.30545393">
<ele>125.9</ele>
<time>2026-09-06T10:08:40Z</time>
<extensions>
<tp1:TrackPointExtension>
<tp1:hr>161</tp1:hr>
</tp1:TrackPointExtension>
</extensions>
</trkpt>
<trkpt lat="58.2439924" lon="15.30551478">
<ele>125.9</ele>
<time>2026-09-06T10:08:41Z</time>
<extensions>
<tp1:TrackPointExtension>
<tp1:hr>161</tp1:hr>
</tp1:TrackPointExtension>
</extensions>
</trkpt>
<trkpt lat="58.24397128" lon="15.30556139">
<ele>125.9</ele>
<time>2026-09-06T10:08:42Z</time>
<extensions>
<tp1:TrackPointExtension>
<tp1:hr>161</tp1:hr>
</tp1:TrackPointExtension>
</extensions>
</trkpt>
<trkpt lat="58.24395712" lon="15.30560908">
<ele>125.9</ele>
<time>2026-09-06T10:08:43Z</time>
<extensions>
<tp1:TrackPointExtension>
<tp1:hr>161</tp1:hr>
</tp1:TrackPointExtension>
</extensions>
</trkpt>
<trkpt lat="58.2439432" lon="15.30564604">
<ele>125.9</ele>
<time>2026-09-06T10:08:44Z</time>
<extensions>
<tp1:TrackPointExtension>
<tp1:hr>161</tp1:hr>
</tp1:TrackPointExtension>
</extensions>
</trkpt>
<trkpt lat="58.24391998" lon="15.30567639">
<ele>125.9</ele>
<time>2026-09-06T10:08:45Z</time>
<extensions>
<tp1:TrackPointExtension>
<tp1:hr>160</tp1:hr>
</tp1:TrackPointExtension>
</extensions>
</trkpt>
<trkpt lat="58.24391998" lon="15.30567639">
<ele>126.1</ele>
<time>2026-09-06T10:08:46Z</time>
<extensions>
<tp1:TrackPointExtension>
<tp1:hr>160</tp1:hr>
</tp1:TrackPointExtension>
</extensions>
</trkpt>
<trkpt lat="58.24387849" lon="15.30573472">
<ele>126.1</ele>
<time>2026-09-06T10:08:47Z</time>
<extensions>
<tp1:TrackPointExtension>
<tp1:hr>160</tp1:hr>
</tp1:TrackPointExtension>
</extensions>
</trkpt>
<trkpt lat="58.24385511" lon="15.30576247">
<ele>125.9</ele>
<time>2026-09-06T10:08:48Z</time>
<extensions>
<tp1:TrackPointExtension>
<tp1:hr>161</tp1:hr>
</tp1:TrackPointExtension>
</extensions>
</trkpt>
<trkpt lat="58.24382728" lon="15.3057877">
<ele>125.9</ele>
<time>2026-09-06T10:08:49Z</time>
<extensions>
<tp1:TrackPointExtension>
<tp1:hr>160</tp1:hr>
</tp1:TrackPointExtension>
</extensions>
</trkpt>
<trkpt lat="58.24381093" lon="15.30580413">
<ele>125.9</ele>
<time>2026-09-06T10:08:50Z</time>
<extensions>
<tp1:TrackPointExtension>
<tp1:hr>160</tp1:hr>
</tp1:TrackPointExtension>
</extensions>
</trkpt>
<trkpt lat="58.24379333" lon="15.30582475">
<ele>125.9</ele>
<time>2026-09-06T10:08:51Z</time>
<extensions>
<tp1:TrackPointExtension>
<tp1:hr>160</tp1:hr>
</tp1:TrackPointExtension>
</extensions>
</trkpt>
<trkpt lat="58.24377062" lon="15.30584486">
<ele>125.7</ele>
<time>2026-09-06T10:08:52Z</time>
<extensions>
<tp1:TrackPointExtension>
<tp1:hr>161</tp1:hr>
</tp1:TrackPointExtension>
</extensions>
</trkpt>
<trkpt lat="58.24375142" lon="15.3058607">
<ele>125.9</ele>
<time>2026-09-06T10:08:53Z</time>
<extensions>
<tp1:TrackPointExtension>
<tp1:hr>160</tp1:hr>
</tp1:TrackPointExtension>
</extensions>
</trkpt>
<trkpt lat="58.2437396" lon="15.30587847">
<ele>125.9</ele>
<time>2026-09-06T10:08:54Z</time>
<extensions>
<tp1:TrackPointExtension>
<tp1:hr>160</tp1:hr>
</tp1:TrackPointExtension>
</extensions>
</trkpt>
<trkpt lat="58.24373038" lon="15.30588778">
<ele>126.1</ele>
<time>2026-09-06T10:08:55Z</time>
<extensions>
<tp1:TrackPointExtension>
<tp1:hr>160</tp1:hr>
</tp1:TrackPointExtension>
</extensions>
</trkpt>
<trkpt lat="58.24371689" lon="15.30589708">
<ele>126.5</ele>
<time>2026-09-06T10:08:56Z</time>
<extensions>
<tp1:TrackPointExtension>
<tp1:hr>160</tp1:hr>
</tp1:TrackPointExtension>
</extensions>
</trkpt>
<trkpt lat="58.24370641" lon="15.30590949">
<ele>126.7</ele>
<time>2026-09-06T10:08:57Z</time>
<extensions>
<tp1:TrackPointExtension>
<tp1:hr>160</tp1:hr>
</tp1:TrackPointExtension>
</extensions>
</trkpt>
<trkpt lat="58.24369283" lon="15.30592508">
<ele>126.7</ele>
<time>2026-09-06T10:08:58Z</time>
<extensions>
<tp1:TrackPointExtension>
<tp1:hr>160</tp1:hr>
</tp1:TrackPointExtension>
</extensions>
</trkpt>
<trkpt lat="58.24367322" lon="15.30593815">
<ele>126.9</ele>
<time>2026-09-06T10:08:59Z</time>
<extensions>
<tp1:TrackPointExtension>
<tp1:hr>161</tp1:hr>
</tp1:TrackPointExtension>
</extensions>
</trkpt>
<trkpt lat="58.24366073" lon="15.30594167">
<ele>126.9</ele>
<time>2026-09-06T10:09:00Z</time>
<extensions>
<tp1:TrackPointExtension>
<tp1:hr>160</tp1:hr>
</tp1:TrackPointExtension>
</extensions>
</trkpt>
<trkpt lat="58.2436438" lon="15.30594176">
<ele>127.1</ele>
<time>2026-09-06T10:09:01Z</time>
<extensions>
<tp1:TrackPointExtension>
<tp1:hr>160</tp1:hr>
</tp1:TrackPointExtension>
</extensions>
</trkpt>
<trkpt lat="58.24362888" lon="15.30594318">
<ele>127.1</ele>
<time>2026-09-06T10:09:02Z</time>
<extensions>
<tp1:TrackPointExtension>
<tp1:hr>160</tp1:hr>
</tp1:TrackPointExtension>
</extensions>
</trkpt>
<trkpt lat="58.24360625" lon="15.30593329">
<ele>127.3</ele>
<time>2026-09-06T10:09:03Z</time>
<extensions>
<tp1:TrackPointExtension>
<tp1:hr>159</tp1:hr>
</tp1:TrackPointExtension>
</extensions>
</trkpt>
<trkpt lat="58.24359217" lon="15.30595022">
<ele>127.7</ele>
<time>2026-09-06T10:09:04Z</time>
<extensions>
<tp1:TrackPointExtension>
<tp1:hr>160</tp1:hr>
</tp1:TrackPointExtension>
</extensions>
</trkpt>
<trkpt lat="58.24357155" lon="15.30595584">
<ele>127.9</ele>
<time>2026-09-06T10:09:05Z</time>
<extensions>
<tp1:TrackPointExtension>
<tp1:hr>160</tp1:hr>
</tp1:TrackPointExtension>
</extensions>
</trkpt>
<trkpt lat="58.24356191" lon="15.30596087">
<ele>128.3</ele>
<time>2026-09-06T10:09:06Z</time>
<extensions>
<tp1:TrackPointExtension>
<tp1:hr>160</tp1:hr>
</tp1:TrackPointExtension>
</extensions>
</trkpt>
<trkpt lat="58.24354749" lon="15.30596053">
<ele>128.5</ele>
<time>2026-09-06T10:09:07Z</time>
<extensions>
<tp1:TrackPointExtension>
<tp1:hr>160</tp1:hr>
</tp1:TrackPointExtension>
</extensions>
</trkpt>
<trkpt lat="58.24351857" lon="15.30595534">
<ele>128.7</ele>
<time>2026-09-06T10:09:08Z</time>
<extensions>
<tp1:TrackPointExtension>
<tp1:hr>160</tp1:hr>
</tp1:TrackPointExtension>
</extensions>
</trkpt>
<trkpt lat="58.24350676" lon="15.30595475">
<ele>129.1</ele>
<time>2026-09-06T10:09:09Z</time>
<extensions>
<tp1:TrackPointExtension>
<tp1:hr>160</tp1:hr>
</tp1:TrackPointExtension>
</extensions>
</trkpt>
<trkpt lat="58.24349536" lon="15.305955">
<ele>129.5</ele>
<time>2026-09-06T10:09:10Z</time>
<extensions>
<tp1:TrackPointExtension>
<tp1:hr>160</tp1:hr>
</tp1:TrackPointExtension>
</extensions>
</trkpt>
<trkpt lat="58.2434879" lon="15.30595374">
<ele>129.9</ele>
<time>2026-09-06T10:09:11Z</time>
<extensions>
<tp1:TrackPointExtension>
<tp1:hr>160</tp1:hr>
</tp1:TrackPointExtension>
</extensions>
</trkpt>
<trkpt lat="58.24348588" lon="15.30595827">
<ele>130.5</ele>
<time>2026-09-06T10:09:12Z</time>
<extensions>
<tp1:TrackPointExtension>
<tp1:hr>160</tp1:hr>
</tp1:TrackPointExtension>
</extensions>
</trkpt>
<trkpt lat="58.24347775" lon="15.30596741">
<ele>131.1</ele>
<time>2026-09-06T10:09:13Z</time>
<extensions>
<tp1:TrackPointExtension>
<tp1:hr>160</tp1:hr>
</tp1:TrackPointExtension>
</extensions>
</trkpt>
<trkpt lat="58.24345378" lon="15.30597872">
<ele>131.5</ele>
<time>2026-09-06T10:09:14Z</time>
<extensions>
<tp1:TrackPointExtension>
<tp1:hr>160</tp1:hr>
</tp1:TrackPointExtension>
</extensions>
</trkpt>
<trkpt lat="58.24344004" lon="15.30597554">
<ele>131.9</ele>
<time>2026-09-06T10:09:15Z</time>
<extensions>
<tp1:TrackPointExtension>
<tp1:hr>161</tp1:hr>
</tp1:TrackPointExtension>
</extensions>
</trkpt>
<trkpt lat="58.24342185" lon="15.30596858">
<ele>132.5</ele>
<time>2026-09-06T10:09:16Z</time>
<extensions>
<tp1:TrackPointExtension>
<tp1:hr>161</tp1:hr>
</tp1:TrackPointExtension>
</extensions>
</trkpt>
<trkpt lat="58.2434055" lon="15.30596531">
<ele>132.8</ele>
<time>2026-09-06T10:09:17Z</time>
<extensions>
<tp1:TrackPointExtension>
<tp1:hr>161</tp1:hr>
</tp1:TrackPointExtension>
</extensions>
</trkpt>
<trkpt lat="58.24338371" lon="15.30596078">
<ele>133.0</ele>
<time>2026-09-06T10:09:18Z</time>
<extensions>
<tp1:TrackPointExtension>
<tp1:hr>162</tp1:hr>
</tp1:TrackPointExtension>
</extensions>
</trkpt>
<trkpt lat="58.24336275" lon="15.30595953">
<ele>133.4</ele>
<time>2026-09-06T10:09:19Z</time>
<extensions>
<tp1:TrackPointExtension>
<tp1:hr>162</tp1:hr>
</tp1:TrackPointExtension>
</extensions>
</trkpt>
<trkpt lat="58.24334289" lon="15.30596204">
<ele>133.6</ele>
<time>2026-09-06T10:09:20Z</time>
<extensions>
<tp1:TrackPointExtension>
<tp1:hr>163</tp1:hr>
</tp1:TrackPointExtension>
</extensions>
</trkpt>
<trkpt lat="58.24332219" lon="15.30596531">
<ele>133.6</ele>
<time>2026-09-06T10:09:21Z</time>
<extensions>
<tp1:TrackPointExtension>
<tp1:hr>163</tp1:hr>
</tp1:TrackPointExtension>
</extensions>
</trkpt>
<trkpt lat="58.24330207" lon="15.30596749">
<ele>133.6</ele>
<time>2026-09-06T10:09:22Z</time>
<extensions>
<tp1:TrackPointExtension>
<tp1:hr>163</tp1:hr>
</tp1:TrackPointExtension>
</extensions>
</trkpt>
<trkpt lat="58.24327583" lon="15.30597101">
<ele>133.6</ele>
<time>2026-09-06T10:09:23Z</time>
<extensions>
<tp1:TrackPointExtension>
<tp1:hr>163</tp1:hr>
</tp1:TrackPointExtension>
</extensions>
</trkpt>
<trkpt lat="58.24325128" lon="15.30597017">
<ele>133.6</ele>
<time>2026-09-06T10:09:24Z</time>
<extensions>
<tp1:TrackPointExtension>
<tp1:hr>164</tp1:hr>
</tp1:TrackPointExtension>
</extensions>
</trkpt>
<trkpt lat="58.24322361" lon="15.30598811">
<ele>133.4</ele>
<time>2026-09-06T10:09:25Z</time>
<extensions>
<tp1:TrackPointExtension>
<tp1:hr>164</tp1:hr>
</tp1:TrackPointExtension>
</extensions>
</trkpt>
<trkpt lat="58.24320023" lon="15.3060006">
<ele>133.0</ele>
<time>2026-09-06T10:09:26Z</time>
<extensions>
<tp1:TrackPointExtension>
<tp1:hr>164</tp1:hr>
</tp1:TrackPointExtension>
</extensions>
</trkpt>
<trkpt lat="58.2431869" lon="15.3060234">
<ele>132.8</ele>
<time>2026-09-06T10:09:27Z</time>
<extensions>
<tp1:TrackPointExtension>
<tp1:hr>164</tp1:hr>
</tp1:TrackPointExtension>
</extensions>
</trkpt>
<trkpt lat="58.24317307" lon="15.30603614">
<ele>132.4</ele>
<time>2026-09-06T10:09:28Z</time>
<extensions>
<tp1:TrackPointExtension>
<tp1:hr>164</tp1:hr>
</tp1:TrackPointExtension>
</extensions>
</trkpt>
<trkpt lat="58.24315715" lon="15.30604259">
<ele>132.2</ele>
<time>2026-09-06T10:09:29Z</time>
<extensions>
<tp1:TrackPointExtension>
<tp1:hr>163</tp1:hr>
</tp1:TrackPointExtension>
</extensions>
</trkpt>
<trkpt lat="58.24314524" lon="15.30604938">
<ele>132.0</ele>
<time>2026-09-06T10:09:30Z</time>
<extensions>
<tp1:TrackPointExtension>
<tp1:hr>163</tp1:hr>
</tp1:TrackPointExtension>
</extensions>
</trkpt>
<trkpt lat="58.24314055" lon="15.30605164">
<ele>131.6</ele>
<time>2026-09-06T10:09:31Z</time>
<extensions>
<tp1:TrackPointExtension>
<tp1:hr>163</tp1:hr>
</tp1:TrackPointExtension>
</extensions>
</trkpt>
<trkpt lat="58.24314164" lon="15.30604603">
<ele>131.4</ele>
<time>2026-09-06T10:09:32Z</time>
<extensions>
<tp1:TrackPointExtension>
<tp1:hr>163</tp1:hr>
</tp1:TrackPointExtension>
</extensions>
</trkpt>
<trkpt lat="58.24314399" lon="15.30603756">
<ele>131.2</ele>
<time>2026-09-06T10:09:33Z</time>
<extensions>
<tp1:TrackPointExtension>
<tp1:hr>164</tp1:hr>
</tp1:TrackPointExtension>
</extensions>
</trkpt>
<trkpt lat="58.24315212" lon="15.30602566">
<ele>131.0</ele>
<time>2026-09-06T10:09:34Z</time>
<extensions>
<tp1:TrackPointExtension>
<tp1:hr>163</tp1:hr>
</tp1:TrackPointExtension>
</extensions>
</trkpt>
<trkpt lat="58.24315455" lon="15.30600403">
<ele>131.0</ele>
<time>2026-09-06T10:09:35Z</time>
<extensions>
<tp1:TrackPointExtension>
<tp1:hr>163</tp1:hr>
</tp1:TrackPointExtension>
</extensions>
</trkpt>
<trkpt lat="58.24315279" lon="15.3059866">
<ele>130.8</ele>
<time>2026-09-06T10:09:36Z</time>
<extensions>
<tp1:TrackPointExtension>
<tp1:hr>163</tp1:hr>
</tp1:TrackPointExtension>
</extensions>
</trkpt>
<trkpt lat="58.24315513" lon="15.30595483">
<ele>130.8</ele>
<time>2026-09-06T10:09:37Z</time>
<extensions>
<tp1:TrackPointExtension>
<tp1:hr>163</tp1:hr>
</tp1:TrackPointExtension>
</extensions>
</trkpt>
<trkpt lat="58.24315136" lon="15.30592399">
<ele>131.0</ele>
<time>2026-09-06T10:09:38Z</time>
<extensions>
<tp1:TrackPointExtension>
<tp1:hr>162</tp1:hr>
</tp1:TrackPointExtension>
</extensions>
</trkpt>
<trkpt lat="58.24314332" lon="15.30589825">
<ele>131.0</ele>
<time>2026-09-06T10:09:39Z</time>
<extensions>
<tp1:TrackPointExtension>
<tp1:hr>163</tp1:hr>
</tp1:TrackPointExtension>
</extensions>
</trkpt>
<trkpt lat="58.2431325" lon="15.3058856">
<ele>130.8</ele>
<time>2026-09-06T10:09:40Z</time>
<extensions>
<tp1:TrackPointExtension>
<tp1:hr>163</tp1:hr>
</tp1:TrackPointExtension>
</extensions>
</trkpt>
<trkpt lat="58.24312236" lon="15.3058778">
<ele>130.8</ele>
<time>2026-09-06T10:09:41Z</time>
<extensions>
<tp1:TrackPointExtension>
<tp1:hr>163</tp1:hr>
</tp1:TrackPointExtension>
</extensions>
</trkpt>
<trkpt lat="58.24311524" lon="15.30586171">
<ele>130.4</ele>
<time>2026-09-06T10:09:42Z</time>
<extensions>
<tp1:TrackPointExtension>
<tp1:hr>164</tp1:hr>
</tp1:TrackPointExtension>
</extensions>
</trkpt>
<trkpt lat="58.24310535" lon="15.30584805">
<ele>130.2</ele>
<time>2026-09-06T10:09:43Z</time>
<extensions>
<tp1:TrackPointExtension>
<tp1:hr>163</tp1:hr>
</tp1:TrackPointExtension>
</extensions>
</trkpt>
<trkpt lat="58.24309512" lon="15.30583497">
<ele>130.0</ele>
<time>2026-09-06T10:09:44Z</time>
<extensions>
<tp1:TrackPointExtension>
<tp1:hr>163</tp1:hr>
</tp1:TrackPointExtension>
</extensions>
</trkpt>
<trkpt lat="58.24308657" lon="15.30582181">
<ele>129.8</ele>
<time>2026-09-06T10:09:45Z</time>
<extensions>
<tp1:TrackPointExtension>
<tp1:hr>163</tp1:hr>
</tp1:TrackPointExtension>
</extensions>
</trkpt>
<trkpt lat="58.24308137" lon="15.30581284">
<ele>129.8</ele>
<time>2026-09-06T10:09:46Z</time>
<extensions>
<tp1:TrackPointExtension>
<tp1:hr>162</tp1:hr>
</tp1:TrackPointExtension>
</extensions>
</trkpt>
<trkpt lat="58.24308397" lon="15.3057908">
<ele>129.8</ele>
<time>2026-09-06T10:09:47Z</time>
<extensions>
<tp1:TrackPointExtension>
<tp1:hr>162</tp1:hr>
</tp1:TrackPointExtension>
</extensions>
</trkpt>
<trkpt lat="58.24308758" lon="15.30576607">
<ele>130.0</ele>
<time>2026-09-06T10:09:48Z</time>
<extensions>
<tp1:TrackPointExtension>
<tp1:hr>162</tp1:hr>
</tp1:TrackPointExtension>
</extensions>
</trkpt>
<trkpt lat="58.2430911" lon="15.30574319">
<ele>130.2</ele>
<time>2026-09-06T10:09:49Z</time>
<extensions>
<tp1:TrackPointExtension>
<tp1:hr>162</tp1:hr>
</tp1:TrackPointExtension>
</extensions>
</trkpt>
<trkpt lat="58.24309093" lon="15.30571285">
<ele>130.4</ele>
<time>2026-09-06T10:09:50Z</time>
<extensions>
<tp1:TrackPointExtension>
<tp1:hr>161</tp1:hr>
</tp1:TrackPointExtension>
</extensions>
</trkpt>
<trkpt lat="58.24308741" lon="15.3056903">
<ele>130.6</ele>
<time>2026-09-06T10:09:51Z</time>
<extensions>
<tp1:TrackPointExtension>
<tp1:hr>160</tp1:hr>
</tp1:TrackPointExtension>
</extensions>
</trkpt>
<trkpt lat="58.24308355" lon="15.30565945">
<ele>130.8</ele>
<time>2026-09-06T10:09:52Z</time>
<extensions>
<tp1:TrackPointExtension>
<tp1:hr>160</tp1:hr>
</tp1:TrackPointExtension>
</extensions>
</trkpt>
<trkpt lat="58.2430735" lon="15.30561704">
<ele>131.0</ele>
<time>2026-09-06T10:09:53Z</time>
<extensions>
<tp1:TrackPointExtension>
<tp1:hr>160</tp1:hr>
</tp1:TrackPointExtension>
</extensions>
</trkpt>
<trkpt lat="58.24303837" lon="15.30559508">
<ele>131.2</ele>
<time>2026-09-06T10:09:54Z</time>
<extensions>
<tp1:TrackPointExtension>
<tp1:hr>159</tp1:hr>
</tp1:TrackPointExtension>
</extensions>
</trkpt>
<trkpt lat="58.24301776" lon="15.30557228">
<ele>131.6</ele>
<time>2026-09-06T10:09:55Z</time>
<extensions>
<tp1:TrackPointExtension>
<tp1:hr>159</tp1:hr>
</tp1:TrackPointExtension>
</extensions>
</trkpt>
<trkpt lat="58.24300158" lon="15.30553917">
<ele>132.0</ele>
<time>2026-09-06T10:09:56Z</time>
<extensions>
<tp1:TrackPointExtension>
<tp1:hr>158</tp1:hr>
</tp1:TrackPointExtension>
</extensions>
</trkpt>
<trkpt lat="58.24299177" lon="15.30550087">
<ele>132.4</ele>
<time>2026-09-06T10:09:57Z</time>
<extensions>
<tp1:TrackPointExtension>
<tp1:hr>157</tp1:hr>
</tp1:TrackPointExtension>
</extensions>
</trkpt>
<trkpt lat="58.24298046" lon="15.30546801">
<ele>132.8</ele>
<time>2026-09-06T10:09:58Z</time>
<extensions>
<tp1:TrackPointExtension>
<tp1:hr>157</tp1:hr>
</tp1:TrackPointExtension>
</extensions>
</trkpt>
<trkpt lat="58.24296956" lon="15.30543834">
<ele>133.2</ele>
<time>2026-09-06T10:09:59Z</time>
<extensions>
<tp1:TrackPointExtension>
<tp1:hr>157</tp1:hr>
</tp1:TrackPointExtension>
</extensions>
</trkpt>
<trkpt lat="58.24295372" lon="15.30540674">
<ele>133.8</ele>
<time>2026-09-06T10:10:00Z</time>
<extensions>
<tp1:TrackPointExtension>
<tp1:hr>157</tp1:hr>
</tp1:TrackPointExtension>
</extensions>
</trkpt>
<trkpt lat="58.24293712" lon="15.30538126">
<ele>134.2</ele>
<time>2026-09-06T10:10:01Z</time>
<extensions>
<tp1:TrackPointExtension>
<tp1:hr>157</tp1:hr>
</tp1:TrackPointExtension>
</extensions>
</trkpt>
<trkpt lat="58.24291625" lon="15.30536114">
<ele>134.6</ele>
<time>2026-09-06T10:10:02Z</time>
<extensions>
<tp1:TrackPointExtension>
<tp1:hr>158</tp1:hr>
</tp1:TrackPointExtension>
</extensions>
</trkpt>
<trkpt lat="58.2429015" lon="15.30534555">
<ele>135.0</ele>
<time>2026-09-06T10:10:03Z</time>
<extensions>
<tp1:TrackPointExtension>
<tp1:hr>157</tp1:hr>
</tp1:TrackPointExtension>
</extensions>
</trkpt>
<trkpt lat="58.24288675" lon="15.30532359">
<ele>135.2</ele>
<time>2026-09-06T10:10:04Z</time>
<extensions>
<tp1:TrackPointExtension>
<tp1:hr>157</tp1:hr>
</tp1:TrackPointExtension>
</extensions>
</trkpt>
<trkpt lat="58.24287183" lon="15.30528671">
<ele>135.4</ele>
<time>2026-09-06T10:10:05Z</time>
<extensions>
<tp1:TrackPointExtension>
<tp1:hr>157</tp1:hr>
</tp1:TrackPointExtension>
</extensions>
</trkpt>
<trkpt lat="58.24285481" lon="15.30524421">
<ele>135.2</ele>
<time>2026-09-06T10:10:06Z</time>
<extensions>
<tp1:TrackPointExtension>
<tp1:hr>158</tp1:hr>
</tp1:TrackPointExtension>
</extensions>
</trkpt>
<trkpt lat="58.24284065" lon="15.30520834">
<ele>134.8</ele>
<time>2026-09-06T10:10:07Z</time>
<extensions>
<tp1:TrackPointExtension>
<tp1:hr>158</tp1:hr>
</tp1:TrackPointExtension>
</extensions>
</trkpt>
<trkpt lat="58.24281232" lon="15.30516224">
<ele>134.2</ele>
<time>2026-09-06T10:10:08Z</time>
<extensions>
<tp1:TrackPointExtension>
<tp1:hr>159</tp1:hr>
</tp1:TrackPointExtension>
</extensions>
</trkpt>
<trkpt lat="58.24278901" lon="15.30512402">
<ele>133.6</ele>
<time>2026-09-06T10:10:09Z</time>
<extensions>
<tp1:TrackPointExtension>
<tp1:hr>159</tp1:hr>
</tp1:TrackPointExtension>
</extensions>
</trkpt>
<trkpt lat="58.24277015" lon="15.30509711">
<ele>132.8</ele>
<time>2026-09-06T10:10:10Z</time>
<extensions>
<tp1:TrackPointExtension>
<tp1:hr>159</tp1:hr>
</tp1:TrackPointExtension>
</extensions>
</trkpt>
<trkpt lat="58.2427497" lon="15.30508035">
<ele>132.4</ele>
<time>2026-09-06T10:10:11Z</time>
<extensions>
<tp1:TrackPointExtension>
<tp1:hr>158</tp1:hr>
</tp1:TrackPointExtension>
</extensions>
</trkpt>
<trkpt lat="58.24272087" lon="15.30509041">
<ele>132.0</ele>
<time>2026-09-06T10:10:12Z</time>
<extensions>
<tp1:TrackPointExtension>
<tp1:hr>158</tp1:hr>
</tp1:TrackPointExtension>
</extensions>
</trkpt>
<trkpt lat="58.2426917" lon="15.30510382">
<ele>131.6</ele>
<time>2026-09-06T10:10:13Z</time>
<extensions>
<tp1:TrackPointExtension>
<tp1:hr>158</tp1:hr>
</tp1:TrackPointExtension>
</extensions>
</trkpt>
<trkpt lat="58.242657" lon="15.30510013">
<ele>131.4</ele>
<time>2026-09-06T10:10:14Z</time>
<extensions>
<tp1:TrackPointExtension>
<tp1:hr>157</tp1:hr>
</tp1:TrackPointExtension>
</extensions>
</trkpt>
<trkpt lat="58.24261911" lon="15.30508353">
<ele>130.8</ele>
<time>2026-09-06T10:10:15Z</time>
<extensions>
<tp1:TrackPointExtension>
<tp1:hr>157</tp1:hr>
</tp1:TrackPointExtension>
</extensions>
</trkpt>
<trkpt lat="58.2425855" lon="15.30506275">
<ele>129.8</ele>
<time>2026-09-06T10:10:16Z</time>
<extensions>
<tp1:TrackPointExtension>
<tp1:hr>157</tp1:hr>
</tp1:TrackPointExtension>
</extensions>
</trkpt>
<trkpt lat="58.24254644" lon="15.30502327">
<ele>128.6</ele>
<time>2026-09-06T10:10:17Z</time>
<extensions>
<tp1:TrackPointExtension>
<tp1:hr>157</tp1:hr>
</tp1:TrackPointExtension>
</extensions>
</trkpt>
<trkpt lat="58.24250705" lon="15.30498438">
<ele>127.8</ele>
<time>2026-09-06T10:10:18Z</time>
<extensions>
<tp1:TrackPointExtension>
<tp1:hr>156</tp1:hr>
</tp1:TrackPointExtension>
</extensions>
</trkpt>
<trkpt lat="58.24247737" lon="15.30496493">
<ele>127.0</ele>
<time>2026-09-06T10:10:19Z</time>
<extensions>
<tp1:TrackPointExtension>
<tp1:hr>157</tp1:hr>
</tp1:TrackPointExtension>
</extensions>
</trkpt>
<trkpt lat="58.24245374" lon="15.30491732">
<ele>126.2</ele>
<time>2026-09-06T10:10:20Z</time>
<extensions>
<tp1:TrackPointExtension>
<tp1:hr>158</tp1:hr>
</tp1:TrackPointExtension>
</extensions>
</trkpt>
<trkpt lat="58.24243957" lon="15.30484431">
<ele>125.4</ele>
<time>2026-09-06T10:10:21Z</time>
<extensions>
<tp1:TrackPointExtension>
<tp1:hr>158</tp1:hr>
</tp1:TrackPointExtension>
</extensions>
</trkpt>
<trkpt lat="58.24242976" lon="15.30477508">
<ele>124.6</ele>
<time>2026-09-06T10:10:22Z</time>
<extensions>
<tp1:TrackPointExtension>
<tp1:hr>159</tp1:hr>
</tp1:TrackPointExtension>
</extensions>
</trkpt>
<trkpt lat="58.24241468" lon="15.30470828">
<ele>124.4</ele>
<time>2026-09-06T10:10:23Z</time>
<extensions>
<tp1:TrackPointExtension>
<tp1:hr>159</tp1:hr>
</tp1:TrackPointExtension>
</extensions>
</trkpt>
<trkpt lat="58.24240546" lon="15.30467835">
<ele>124.2</ele>
<time>2026-09-06T10:10:24Z</time>
<extensions>
<tp1:TrackPointExtension>
<tp1:hr>159</tp1:hr>
</tp1:TrackPointExtension>
</extensions>
</trkpt>
<trkpt lat="58.24238777" lon="15.30464332">
<ele>124.0</ele>
<time>2026-09-06T10:10:25Z</time>
<extensions>
<tp1:TrackPointExtension>
<tp1:hr>159</tp1:hr>
</tp1:TrackPointExtension>
</extensions>
</trkpt>
<trkpt lat="58.24236187" lon="15.30462236">
<ele>124.0</ele>
<time>2026-09-06T10:10:26Z</time>
<extensions>
<tp1:TrackPointExtension>
<tp1:hr>160</tp1:hr>
</tp1:TrackPointExtension>
</extensions>
</trkpt>
<trkpt lat="58.24233077" lon="15.30459596">
<ele>123.8</ele>
<time>2026-09-06T10:10:27Z</time>
<extensions>
<tp1:TrackPointExtension>
<tp1:hr>160</tp1:hr>
</tp1:TrackPointExtension>
</extensions>
</trkpt>
<trkpt lat="58.24230504" lon="15.3045579">
<ele>123.8</ele>
<time>2026-09-06T10:10:28Z</time>
<extensions>
<tp1:TrackPointExtension>
<tp1:hr>159</tp1:hr>
</tp1:TrackPointExtension>
</extensions>
</trkpt>
<trkpt lat="58.24228082" lon="15.30452513">
<ele>123.6</ele>
<time>2026-09-06T10:10:29Z</time>
<extensions>
<tp1:TrackPointExtension>
<tp1:hr>159</tp1:hr>
</tp1:TrackPointExtension>
</extensions>
</trkpt>
<trkpt lat="58.24225693" lon="15.30448666">
<ele>123.4</ele>
<time>2026-09-06T10:10:30Z</time>
<extensions>
<tp1:TrackPointExtension>
<tp1:hr>158</tp1:hr>
</tp1:TrackPointExtension>
</extensions>
</trkpt>
<trkpt lat="58.24223321" lon="15.30443997">
<ele>123.2</ele>
<time>2026-09-06T10:10:31Z</time>
<extensions>
<tp1:TrackPointExtension>
<tp1:hr>158</tp1:hr>
</tp1:TrackPointExtension>
</extensions>
</trkpt>
<trkpt lat="58.2422136" lon="15.3044025">
<ele>123.0</ele>
<time>2026-09-06T10:10:32Z</time>
<extensions>
<tp1:TrackPointExtension>
<tp1:hr>158</tp1:hr>
</tp1:TrackPointExtension>
</extensions>
</trkpt>
<trkpt lat="58.24219214" lon="15.30435615">
<ele>123.0</ele>
<time>2026-09-06T10:10:33Z</time>
<extensions>
<tp1:TrackPointExtension>
<tp1:hr>158</tp1:hr>
</tp1:TrackPointExtension>
</extensions>
</trkpt>
<trkpt lat="58.24217051" lon="15.30429555">
<ele>123.0</ele>
<time>2026-09-06T10:10:34Z</time>
<extensions>
<tp1:TrackPointExtension>
<tp1:hr>158</tp1:hr>
</tp1:TrackPointExtension>
</extensions>
</trkpt>
<trkpt lat="58.24215149" lon="15.30423906">
<ele>123.0</ele>
<time>2026-09-06T10:10:35Z</time>
<extensions>
<tp1:TrackPointExtension>
<tp1:hr>158</tp1:hr>
</tp1:TrackPointExtension>
</extensions>
</trkpt>
<trkpt lat="58.24213095" lon="15.30417041">
<ele>123.2</ele>
<time>2026-09-06T10:10:36Z</time>
<extensions>
<tp1:TrackPointExtension>
<tp1:hr>158</tp1:hr>
</tp1:TrackPointExtension>
</extensions>
</trkpt>
<trkpt lat="58.24209541" lon="15.30413562">
<ele>123.4</ele>
<time>2026-09-06T10:10:37Z</time>
<extensions>
<tp1:TrackPointExtension>
<tp1:hr>158</tp1:hr>
</tp1:TrackPointExtension>
</extensions>
</trkpt>
<trkpt lat="58.24206473" lon="15.30409749">
<ele>123.4</ele>
<time>2026-09-06T10:10:38Z</time>
<extensions>
<tp1:TrackPointExtension>
<tp1:hr>158</tp1:hr>
</tp1:TrackPointExtension>
</extensions>
</trkpt>
<trkpt lat="58.24203297" lon="15.30404652">
<ele>123.6</ele>
<time>2026-09-06T10:10:39Z</time>
<extensions>
<tp1:TrackPointExtension>
<tp1:hr>158</tp1:hr>
</tp1:TrackPointExtension>
</extensions>
</trkpt>
<trkpt lat="58.2420038" lon="15.30399104">
<ele>123.6</ele>
<time>2026-09-06T10:10:40Z</time>
<extensions>
<tp1:TrackPointExtension>
<tp1:hr>158</tp1:hr>
</tp1:TrackPointExtension>
</extensions>
</trkpt>
<trkpt lat="58.24197731" lon="15.30394854">
<ele>123.4</ele>
<time>2026-09-06T10:10:41Z</time>
<extensions>
<tp1:TrackPointExtension>
<tp1:hr>159</tp1:hr>
</tp1:TrackPointExtension>
</extensions>
</trkpt>
<trkpt lat="58.24195082" lon="15.30391367">
<ele>123.4</ele>
<time>2026-09-06T10:10:42Z</time>
<extensions>
<tp1:TrackPointExtension>
<tp1:hr>159</tp1:hr>
</tp1:TrackPointExtension>
</extensions>
</trkpt>
<trkpt lat="58.24192015" lon="15.3038933">
<ele>123.4</ele>
<time>2026-09-06T10:10:43Z</time>
<extensions>
<tp1:TrackPointExtension>
<tp1:hr>159</tp1:hr>
</tp1:TrackPointExtension>
</extensions>
</trkpt>
<trkpt lat="58.24189106" lon="15.30386623">
<ele>123.4</ele>
<time>2026-09-06T10:10:44Z</time>
<extensions>
<tp1:TrackPointExtension>
<tp1:hr>159</tp1:hr>
</tp1:TrackPointExtension>
</extensions>
</trkpt>
<trkpt lat="58.24187463" lon="15.30383656">
<ele>123.6</ele>
<time>2026-09-06T10:10:45Z</time>
<extensions>
<tp1:TrackPointExtension>
<tp1:hr>159</tp1:hr>
</tp1:TrackPointExtension>
</extensions>
</trkpt>
<trkpt lat="58.24185116" lon="15.30378534">
<ele>123.8</ele>
<time>2026-09-06T10:10:46Z</time>
<extensions>
<tp1:TrackPointExtension>
<tp1:hr>160</tp1:hr>
</tp1:TrackPointExtension>
</extensions>
</trkpt>
<trkpt lat="58.24182493" lon="15.30375198">
<ele>123.8</ele>
<time>2026-09-06T10:10:47Z</time>
<extensions>
<tp1:TrackPointExtension>
<tp1:hr>160</tp1:hr>
</tp1:TrackPointExtension>
</extensions>
</trkpt>
<trkpt lat="58.24180137" lon="15.30373053">
<ele>124.0</ele>
<time>2026-09-06T10:10:48Z</time>
<extensions>
<tp1:TrackPointExtension>
<tp1:hr>160</tp1:hr>
</tp1:TrackPointExtension>
</extensions>
</trkpt>
<trkpt lat="58.24177916" lon="15.30372215">
<ele>123.8</ele>
<time>2026-09-06T10:10:49Z</time>
<extensions>
<tp1:TrackPointExtension>
<tp1:hr>160</tp1:hr>
</tp1:TrackPointExtension>
</extensions>
</trkpt>
<trkpt lat="58.24175133" lon="15.30371712">
<ele>123.6</ele>
<time>2026-09-06T10:10:50Z</time>
<extensions>
<tp1:TrackPointExtension>
<tp1:hr>160</tp1:hr>
</tp1:TrackPointExtension>
</extensions>
</trkpt>
<trkpt lat="58.24173306" lon="15.30373111">
<ele>123.6</ele>
<time>2026-09-06T10:10:51Z</time>
<extensions>
<tp1:TrackPointExtension>
<tp1:hr>160</tp1:hr>
</tp1:TrackPointExtension>
</extensions>
</trkpt>
<trkpt lat="58.24172024" lon="15.30374394">
<ele>123.6</ele>
<time>2026-09-06T10:10:52Z</time>
<extensions>
<tp1:TrackPointExtension>
<tp1:hr>161</tp1:hr>
</tp1:TrackPointExtension>
</extensions>
</trkpt>
<trkpt lat="58.24169828" lon="15.30376112">
<ele>123.6</ele>
<time>2026-09-06T10:10:53Z</time>
<extensions>
<tp1:TrackPointExtension>
<tp1:hr>160</tp1:hr>
</tp1:TrackPointExtension>
</extensions>
</trkpt>
<trkpt lat="58.24168344" lon="15.30378928">
<ele>123.6</ele>
<time>2026-09-06T10:10:54Z</time>
<extensions>
<tp1:TrackPointExtension>
<tp1:hr>160</tp1:hr>
</tp1:TrackPointExtension>
</extensions>
</trkpt>
<trkpt lat="58.24166047" lon="15.30382474">
<ele>123.6</ele>
<time>2026-09-06T10:10:55Z</time>
<extensions>
<tp1:TrackPointExtension>
<tp1:hr>160</tp1:hr>
</tp1:TrackPointExtension>
</extensions>
</trkpt>
<trkpt lat="58.24162108" lon="15.30384779">
<ele>123.6</ele>
<time>2026-09-06T10:10:56Z</time>
<extensions>
<tp1:TrackPointExtension>
<tp1:hr>159</tp1:hr>
</tp1:TrackPointExtension>
</extensions>
</trkpt>
<trkpt lat="58.24158663" lon="15.30385542">
<ele>123.4</ele>
<time>2026-09-06T10:10:57Z</time>
<extensions>
<tp1:TrackPointExtension>
<tp1:hr>159</tp1:hr>
</tp1:TrackPointExtension>
</extensions>
</trkpt>
<trkpt lat="58.24155218" lon="15.30385123">
<ele>123.4</ele>
<time>2026-09-06T10:10:58Z</time>
<extensions>
<tp1:TrackPointExtension>
<tp1:hr>158</tp1:hr>
</tp1:TrackPointExtension>
</extensions>
</trkpt>
<trkpt lat="58.24151572" lon="15.30384813">
<ele>123.4</ele>
<time>2026-09-06T10:10:59Z</time>
<extensions>
<tp1:TrackPointExtension>
<tp1:hr>158</tp1:hr>
</tp1:TrackPointExtension>
</extensions>
</trkpt>
<trkpt lat="58.24148278" lon="15.30384067">
<ele>123.4</ele>
<time>2026-09-06T10:11:00Z</time>
<extensions>
<tp1:TrackPointExtension>
<tp1:hr>158</tp1:hr>
</tp1:TrackPointExtension>
</extensions>
</trkpt>
<trkpt lat="58.24145" lon="15.30383354">
<ele>123.6</ele>
<time>2026-09-06T10:11:01Z</time>
<extensions>
<tp1:TrackPointExtension>
<tp1:hr>158</tp1:hr>
</tp1:TrackPointExtension>
</extensions>
</trkpt>
<trkpt lat="58.24141782" lon="15.30383203">
<ele>123.8</ele>
<time>2026-09-06T10:11:02Z</time>
<extensions>
<tp1:TrackPointExtension>
<tp1:hr>157</tp1:hr>
</tp1:TrackPointExtension>
</extensions>
</trkpt>
<trkpt lat="58.24138203" lon="15.30383924">
<ele>123.8</ele>
<time>2026-09-06T10:11:03Z</time>
<extensions>
<tp1:TrackPointExtension>
<tp1:hr>157</tp1:hr>
</tp1:TrackPointExtension>
</extensions>
</trkpt>
<trkpt lat="58.24134783" lon="15.3038348">
<ele>124.0</ele>
<time>2026-09-06T10:11:04Z</time>
<extensions>
<tp1:TrackPointExtension>
<tp1:hr>158</tp1:hr>
</tp1:TrackPointExtension>
</extensions>
</trkpt>
<trkpt lat="58.24131053" lon="15.30383463">
<ele>124.2</ele>
<time>2026-09-06T10:11:05Z</time>
<extensions>
<tp1:TrackPointExtension>
<tp1:hr>158</tp1:hr>
</tp1:TrackPointExtension>
</extensions>
</trkpt>
<trkpt lat="58.24128513" lon="15.30384553">
<ele>124.2</ele>
<time>2026-09-06T10:11:06Z</time>
<extensions>
<tp1:TrackPointExtension>
<tp1:hr>158</tp1:hr>
</tp1:TrackPointExtension>
</extensions>
</trkpt>
<trkpt lat="58.24124984" lon="15.30385751">
<ele>124.4</ele>
<time>2026-09-06T10:11:07Z</time>
<extensions>
<tp1:TrackPointExtension>
<tp1:hr>159</tp1:hr>
</tp1:TrackPointExtension>
</extensions>
</trkpt>
<trkpt lat="58.24121674" lon="15.30385508">
<ele>124.4</ele>
<time>2026-09-06T10:11:08Z</time>
<extensions>
<tp1:TrackPointExtension>
<tp1:hr>159</tp1:hr>
</tp1:TrackPointExtension>
</extensions>
</trkpt>
<trkpt lat="58.24118824" lon="15.30385726">
<ele>124.6</ele>
<time>2026-09-06T10:11:09Z</time>
<extensions>
<tp1:TrackPointExtension>
<tp1:hr>159</tp1:hr>
</tp1:TrackPointExtension>
</extensions>
</trkpt>
<trkpt lat="58.24115731" lon="15.30386112">
<ele>124.6</ele>
<time>2026-09-06T10:11:10Z</time>
<extensions>
<tp1:TrackPointExtension>
<tp1:hr>159</tp1:hr>
</tp1:TrackPointExtension>
</extensions>
</trkpt>
<trkpt lat="58.24112655" lon="15.30387956">
<ele>124.6</ele>
<time>2026-09-06T10:11:11Z</time>
<extensions>
<tp1:TrackPointExtension>
<tp1:hr>159</tp1:hr>
</tp1:TrackPointExtension>
</extensions>
</trkpt>
<trkpt lat="58.2410978" lon="15.30389397">
<ele>124.8</ele>
<time>2026-09-06T10:11:12Z</time>
<extensions>
<tp1:TrackPointExtension>
<tp1:hr>160</tp1:hr>
</tp1:TrackPointExtension>
</extensions>
</trkpt>
<trkpt lat="58.24106863" lon="15.30390512">
<ele>124.8</ele>
<time>2026-09-06T10:11:13Z</time>
<extensions>
<tp1:TrackPointExtension>
<tp1:hr>160</tp1:hr>
</tp1:TrackPointExtension>
</extensions>
</trkpt>
<trkpt lat="58.24102622" lon="15.3039125">
<ele>125.0</ele>
<time>2026-09-06T10:11:14Z</time>
<extensions>
<tp1:TrackPointExtension>
<tp1:hr>160</tp1:hr>
</tp1:TrackPointExtension>
</extensions>
</trkpt>
<trkpt lat="58.24099663" lon="15.30392432">
<ele>125.0</ele>
<time>2026-09-06T10:11:15Z</time>
<extensions>
<tp1:TrackPointExtension>
<tp1:hr>161</tp1:hr>
</tp1:TrackPointExtension>
</extensions>
</trkpt>
<trkpt lat="58.24096503" lon="15.30391937">
<ele>125.2</ele>
<time>2026-09-06T10:11:16Z</time>
<extensions>
<tp1:TrackPointExtension>
<tp1:hr>161</tp1:hr>
</tp1:TrackPointExtension>
</extensions>
</trkpt>
<trkpt lat="58.24092312" lon="15.30390143">
<ele>125.4</ele>
<time>2026-09-06T10:11:17Z</time>
<extensions>
<tp1:TrackPointExtension>
<tp1:hr>161</tp1:hr>
</tp1:TrackPointExtension>
</extensions>
</trkpt>
<trkpt lat="58.24088389" lon="15.3038933">
<ele>125.6</ele>
<time>2026-09-06T10:11:18Z</time>
<extensions>
<tp1:TrackPointExtension>
<tp1:hr>162</tp1:hr>
</tp1:TrackPointExtension>
</extensions>
</trkpt>
<trkpt lat="58.24085288" lon="15.30389079">
<ele>125.8</ele>
<time>2026-09-06T10:11:19Z</time>
<extensions>
<tp1:TrackPointExtension>
<tp1:hr>162</tp1:hr>
</tp1:TrackPointExtension>
</extensions>
</trkpt>
<trkpt lat="58.24081725" lon="15.30389288">
<ele>125.8</ele>
<time>2026-09-06T10:11:20Z</time>
<extensions>
<tp1:TrackPointExtension>
<tp1:hr>163</tp1:hr>
</tp1:TrackPointExtension>
</extensions>
</trkpt>
<trkpt lat="58.24078104" lon="15.30389389">
<ele>125.6</ele>
<time>2026-09-06T10:11:21Z</time>
<extensions>
<tp1:TrackPointExtension>
<tp1:hr>163</tp1:hr>
</tp1:TrackPointExtension>
</extensions>
</trkpt>
<trkpt lat="58.24075162" lon="15.30390965">
<ele>125.4</ele>
<time>2026-09-06T10:11:22Z</time>
<extensions>
<tp1:TrackPointExtension>
<tp1:hr>164</tp1:hr>
</tp1:TrackPointExtension>
</extensions>
</trkpt>
<trkpt lat="58.24071877" lon="15.30391585">
<ele>125.2</ele>
<time>2026-09-06T10:11:23Z</time>
<extensions>
<tp1:TrackPointExtension>
<tp1:hr>164</tp1:hr>
</tp1:TrackPointExtension>
</extensions>
</trkpt>
<trkpt lat="58.24068457" lon="15.303913">
<ele>125.0</ele>
<time>2026-09-06T10:11:24Z</time>
<extensions>
<tp1:TrackPointExtension>
<tp1:hr>165</tp1:hr>
</tp1:TrackPointExtension>
</extensions>
</trkpt>
<trkpt lat="58.2406554" lon="15.30390646">
<ele>124.8</ele>
<time>2026-09-06T10:11:25Z</time>
<extensions>
<tp1:TrackPointExtension>
<tp1:hr>165</tp1:hr>
</tp1:TrackPointExtension>
</extensions>
</trkpt>
<trkpt lat="58.24062162" lon="15.30389112">
<ele>124.6</ele>
<time>2026-09-06T10:11:26Z</time>
<extensions>
<tp1:TrackPointExtension>
<tp1:hr>165</tp1:hr>
</tp1:TrackPointExtension>
</extensions>
</trkpt>
<trkpt lat="58.24059363" lon="15.30386531">
<ele>124.6</ele>
<time>2026-09-06T10:11:27Z</time>
<extensions>
<tp1:TrackPointExtension>
<tp1:hr>165</tp1:hr>
</tp1:TrackPointExtension>
</extensions>
</trkpt>
<trkpt lat="58.24056219" lon="15.3038431">
<ele>124.6</ele>
<time>2026-09-06T10:11:28Z</time>
<extensions>
<tp1:TrackPointExtension>
<tp1:hr>165</tp1:hr>
</tp1:TrackPointExtension>
</extensions>
</trkpt>
<trkpt lat="58.24053738" lon="15.30384167">
<ele>124.6</ele>
<time>2026-09-06T10:11:29Z</time>
<extensions>
<tp1:TrackPointExtension>
<tp1:hr>165</tp1:hr>
</tp1:TrackPointExtension>
</extensions>
</trkpt>
<trkpt lat="58.2405031" lon="15.30384787">
<ele>124.4</ele>
<time>2026-09-06T10:11:30Z</time>
<extensions>
<tp1:TrackPointExtension>
<tp1:hr>165</tp1:hr>
</tp1:TrackPointExtension>
</extensions>
</trkpt>
<trkpt lat="58.24046798" lon="15.30384871">
<ele>124.4</ele>
<time>2026-09-06T10:11:31Z</time>
<extensions>
<tp1:TrackPointExtension>
<tp1:hr>164</tp1:hr>
</tp1:TrackPointExtension>
</extensions>
</trkpt>
<trkpt lat="58.24043755" lon="15.30385148">
<ele>124.4</ele>
<time>2026-09-06T10:11:32Z</time>
<extensions>
<tp1:TrackPointExtension>
<tp1:hr>163</tp1:hr>
</tp1:TrackPointExtension>
</extensions>
</trkpt>
<trkpt lat="58.24040939" lon="15.3038555">
<ele>124.2</ele>
<time>2026-09-06T10:11:33Z</time>
<extensions>
<tp1:TrackPointExtension>
<tp1:hr>163</tp1:hr>
</tp1:TrackPointExtension>
</extensions>
</trkpt>
<trkpt lat="58.24037653" lon="15.30386011">
<ele>124.0</ele>
<time>2026-09-06T10:11:34Z</time>
<extensions>
<tp1:TrackPointExtension>
<tp1:hr>162</tp1:hr>
</tp1:TrackPointExtension>
</extensions>
</trkpt>
<trkpt lat="58.24034141" lon="15.30386137">
<ele>124.0</ele>
<time>2026-09-06T10:11:35Z</time>
<extensions>
<tp1:TrackPointExtension>
<tp1:hr>162</tp1:hr>
</tp1:TrackPointExtension>
</extensions>
</trkpt>
<trkpt lat="58.24030252" lon="15.30387713">
<ele>123.8</ele>
<time>2026-09-06T10:11:36Z</time>
<extensions>
<tp1:TrackPointExtension>
<tp1:hr>162</tp1:hr>
</tp1:TrackPointExtension>
</extensions>
</trkpt>
<trkpt lat="58.24027168" lon="15.30388517">
<ele>123.8</ele>
<time>2026-09-06T10:11:37Z</time>
<extensions>
<tp1:TrackPointExtension>
<tp1:hr>162</tp1:hr>
</tp1:TrackPointExtension>
</extensions>
</trkpt>
<trkpt lat="58.24024653" lon="15.30389548">
<ele>123.8</ele>
<time>2026-09-06T10:11:38Z</time>
<extensions>
<tp1:TrackPointExtension>
<tp1:hr>159</tp1:hr>
</tp1:TrackPointExtension>
</extensions>
</trkpt>
<trkpt lat="58.24021962" lon="15.30389682">
<ele>123.8</ele>
<time>2026-09-06T10:11:39Z</time>
<extensions>
<tp1:TrackPointExtension>
<tp1:hr>158</tp1:hr>
</tp1:TrackPointExtension>
</extensions>
</trkpt>
<trkpt lat="58.2401944" lon="15.30387419">
<ele>123.6</ele>
<time>2026-09-06T10:11:40Z</time>
<extensions>
<tp1:TrackPointExtension>
<tp1:hr>158</tp1:hr>
</tp1:TrackPointExtension>
</extensions>
</trkpt>
<trkpt lat="58.24015441" lon="15.3038674">
<ele>123.6</ele>
<time>2026-09-06T10:11:41Z</time>
<extensions>
<tp1:TrackPointExtension>
<tp1:hr>158</tp1:hr>
</tp1:TrackPointExtension>
</extensions>
</trkpt>
<trkpt lat="58.24012357" lon="15.30388484">
<ele>123.4</ele>
<time>2026-09-06T10:11:42Z</time>
<extensions>
<tp1:TrackPointExtension>
<tp1:hr>157</tp1:hr>
</tp1:TrackPointExtension>
</extensions>
</trkpt>
<trkpt lat="58.24009465" lon="15.30389439">
<ele>123.4</ele>
<time>2026-09-06T10:11:43Z</time>
<extensions>
<tp1:TrackPointExtension>
<tp1:hr>157</tp1:hr>
</tp1:TrackPointExtension>
</extensions>
</trkpt>
<trkpt lat="58.24005643" lon="15.30388232">
<ele>123.2</ele>
<time>2026-09-06T10:11:44Z</time>
<extensions>
<tp1:TrackPointExtension>
<tp1:hr>157</tp1:hr>
</tp1:TrackPointExtension>
</extensions>
</trkpt>
<trkpt lat="58.24001645" lon="15.30385299">
<ele>123.2</ele>
<time>2026-09-06T10:11:45Z</time>
<extensions>
<tp1:TrackPointExtension>
<tp1:hr>157</tp1:hr>
</tp1:TrackPointExtension>
</extensions>
</trkpt>
<trkpt lat="58.23999071" lon="15.3038405">
<ele>123.2</ele>
<time>2026-09-06T10:11:46Z</time>
<extensions>
<tp1:TrackPointExtension>
<tp1:hr>158</tp1:hr>
</tp1:TrackPointExtension>
</extensions>
</trkpt>
<trkpt lat="58.23995853" lon="15.30382818">
<ele>123.2</ele>
<time>2026-09-06T10:11:47Z</time>
<extensions>
<tp1:TrackPointExtension>
<tp1:hr>156</tp1:hr>
</tp1:TrackPointExtension>
</extensions>
</trkpt>
<trkpt lat="58.23991838" lon="15.30383564">
<ele>123.2</ele>
<time>2026-09-06T10:11:48Z</time>
<extensions>
<tp1:TrackPointExtension>
<tp1:hr>156</tp1:hr>
</tp1:TrackPointExtension>
</extensions>
</trkpt>
<trkpt lat="58.23989407" lon="15.30385693">
<ele>123.2</ele>
<time>2026-09-06T10:11:49Z</time>
<extensions>
<tp1:TrackPointExtension>
<tp1:hr>156</tp1:hr>
</tp1:TrackPointExtension>
</extensions>
</trkpt>
<trkpt lat="58.23986985" lon="15.30387972">
<ele>123.2</ele>
<time>2026-09-06T10:11:50Z</time>
<extensions>
<tp1:TrackPointExtension>
<tp1:hr>156</tp1:hr>
</tp1:TrackPointExtension>
</extensions>
</trkpt>
<trkpt lat="58.23984085" lon="15.30388651">
<ele>123.3</ele>
<time>2026-09-06T10:11:51Z</time>
<extensions>
<tp1:TrackPointExtension>
<tp1:hr>156</tp1:hr>
</tp1:TrackPointExtension>
</extensions>
</trkpt>
<trkpt lat="58.23981796" lon="15.30390412">
<ele>123.5</ele>
<time>2026-09-06T10:11:52Z</time>
<extensions>
<tp1:TrackPointExtension>
<tp1:hr>156</tp1:hr>
</tp1:TrackPointExtension>
</extensions>
</trkpt>
<trkpt lat="58.23979818" lon="15.30390739">
<ele>123.5</ele>
<time>2026-09-06T10:11:53Z</time>
<extensions>
<tp1:TrackPointExtension>
<tp1:hr>156</tp1:hr>
</tp1:TrackPointExtension>
</extensions>
</trkpt>
<trkpt lat="58.23975812" lon="15.30391082">
<ele>123.7</ele>
<time>2026-09-06T10:11:54Z</time>
<extensions>
<tp1:TrackPointExtension>
<tp1:hr>157</tp1:hr>
</tp1:TrackPointExtension>
</extensions>
</trkpt>
<trkpt lat="58.23972434" lon="15.30391116">
<ele>123.9</ele>
<time>2026-09-06T10:11:55Z</time>
<extensions>
<tp1:TrackPointExtension>
<tp1:hr>156</tp1:hr>
</tp1:TrackPointExtension>
</extensions>
</trkpt>
<trkpt lat="58.2396971" lon="15.30391359">
<ele>123.9</ele>
<time>2026-09-06T10:11:56Z</time>
<extensions>
<tp1:TrackPointExtension>
<tp1:hr>156</tp1:hr>
</tp1:TrackPointExtension>
</extensions>
</trkpt>
<trkpt lat="58.23966583" lon="15.30389733">
<ele>124.1</ele>
<time>2026-09-06T10:11:57Z</time>
<extensions>
<tp1:TrackPointExtension>
<tp1:hr>156</tp1:hr>
</tp1:TrackPointExtension>
</extensions>
</trkpt>
<trkpt lat="58.23963817" lon="15.30387528">
<ele>124.1</ele>
<time>2026-09-06T10:11:58Z</time>
<extensions>
<tp1:TrackPointExtension>
<tp1:hr>157</tp1:hr>
</tp1:TrackPointExtension>
</extensions>
</trkpt>
<trkpt lat="58.23960247" lon="15.30386397">
<ele>123.9</ele>
<time>2026-09-06T10:11:59Z</time>
<extensions>
<tp1:TrackPointExtension>
<tp1:hr>157</tp1:hr>
</tp1:TrackPointExtension>
</extensions>
</trkpt>
<trkpt lat="58.23956827" lon="15.30385072">
<ele>123.9</ele>
<time>2026-09-06T10:12:00Z</time>
<extensions>
<tp1:TrackPointExtension>
<tp1:hr>157</tp1:hr>
</tp1:TrackPointExtension>
</extensions>
</trkpt>
<trkpt lat="58.23954329" lon="15.30383589">
<ele>123.9</ele>
<time>2026-09-06T10:12:01Z</time>
<extensions>
<tp1:TrackPointExtension>
<tp1:hr>157</tp1:hr>
</tp1:TrackPointExtension>
</extensions>
</trkpt>
<trkpt lat="58.23952049" lon="15.3038234">
<ele>123.9</ele>
<time>2026-09-06T10:12:02Z</time>
<extensions>
<tp1:TrackPointExtension>
<tp1:hr>157</tp1:hr>
</tp1:TrackPointExtension>
</extensions>
</trkpt>
<trkpt lat="58.23948227" lon="15.30380722">
<ele>123.9</ele>
<time>2026-09-06T10:12:03Z</time>
<extensions>
<tp1:TrackPointExtension>
<tp1:hr>158</tp1:hr>
</tp1:TrackPointExtension>
</extensions>
</trkpt>
<trkpt lat="58.23945779" lon="15.3037954">
<ele>124.1</ele>
<time>2026-09-06T10:12:04Z</time>
<extensions>
<tp1:TrackPointExtension>
<tp1:hr>157</tp1:hr>
</tp1:TrackPointExtension>
</extensions>
</trkpt>
<trkpt lat="58.23943055" lon="15.30378744">
<ele>124.3</ele>
<time>2026-09-06T10:12:05Z</time>
<extensions>
<tp1:TrackPointExtension>
<tp1:hr>157</tp1:hr>
</tp1:TrackPointExtension>
</extensions>
</trkpt>
<trkpt lat="58.2394075" lon="15.30377436">
<ele>124.5</ele>
<time>2026-09-06T10:12:06Z</time>
<extensions>
<tp1:TrackPointExtension>
<tp1:hr>157</tp1:hr>
</tp1:TrackPointExtension>
</extensions>
</trkpt>
<trkpt lat="58.2393723" lon="15.30376808">
<ele>124.9</ele>
<time>2026-09-06T10:12:07Z</time>
<extensions>
<tp1:TrackPointExtension>
<tp1:hr>157</tp1:hr>
</tp1:TrackPointExtension>
</extensions>
</trkpt>
<trkpt lat="58.23935352" lon="15.30376221">
<ele>125.1</ele>
<time>2026-09-06T10:12:08Z</time>
<extensions>
<tp1:TrackPointExtension>
<tp1:hr>158</tp1:hr>
</tp1:TrackPointExtension>
</extensions>
</trkpt>
<trkpt lat="58.23933215" lon="15.30376305">
<ele>125.3</ele>
<time>2026-09-06T10:12:09Z</time>
<extensions>
<tp1:TrackPointExtension>
<tp1:hr>158</tp1:hr>
</tp1:TrackPointExtension>
</extensions>
</trkpt>
<trkpt lat="58.23930734" lon="15.30376456">
<ele>125.3</ele>
<time>2026-09-06T10:12:10Z</time>
<extensions>
<tp1:TrackPointExtension>
<tp1:hr>158</tp1:hr>
</tp1:TrackPointExtension>
</extensions>
</trkpt>
<trkpt lat="58.23927205" lon="15.30374855">
<ele>125.5</ele>
<time>2026-09-06T10:12:11Z</time>
<extensions>
<tp1:TrackPointExtension>
<tp1:hr>158</tp1:hr>
</tp1:TrackPointExtension>
</extensions>
</trkpt>
<trkpt lat="58.23925009" lon="15.30375383">
<ele>125.7</ele>
<time>2026-09-06T10:12:12Z</time>
<extensions>
<tp1:TrackPointExtension>
<tp1:hr>158</tp1:hr>
</tp1:TrackPointExtension>
</extensions>
</trkpt>
<trkpt lat="58.23921874" lon="15.30377378">
<ele>125.7</ele>
<time>2026-09-06T10:12:13Z</time>
<extensions>
<tp1:TrackPointExtension>
<tp1:hr>158</tp1:hr>
</tp1:TrackPointExtension>
</extensions>
</trkpt>
<trkpt lat="58.23918412" lon="15.30378409">
<ele>125.7</ele>
<time>2026-09-06T10:12:14Z</time>
<extensions>
<tp1:TrackPointExtension>
<tp1:hr>157</tp1:hr>
</tp1:TrackPointExtension>
</extensions>
</trkpt>
<trkpt lat="58.2391485" lon="15.30378291">
<ele>125.7</ele>
<time>2026-09-06T10:12:15Z</time>
<extensions>
<tp1:TrackPointExtension>
<tp1:hr>156</tp1:hr>
</tp1:TrackPointExtension>
</extensions>
</trkpt>
<trkpt lat="58.23912855" lon="15.30377311">
<ele>125.9</ele>
<time>2026-09-06T10:12:16Z</time>
<extensions>
<tp1:TrackPointExtension>
<tp1:hr>156</tp1:hr>
</tp1:TrackPointExtension>
</extensions>
</trkpt>
<trkpt lat="58.23911372" lon="15.30375433">
<ele>126.1</ele>
<time>2026-09-06T10:12:17Z</time>
<extensions>
<tp1:TrackPointExtension>
<tp1:hr>155</tp1:hr>
</tp1:TrackPointExtension>
</extensions>
</trkpt>
<trkpt lat="58.23908949" lon="15.30373111">
<ele>126.7</ele>
<time>2026-09-06T10:12:18Z</time>
<extensions>
<tp1:TrackPointExtension>
<tp1:hr>155</tp1:hr>
</tp1:TrackPointExtension>
</extensions>
</trkpt>
<trkpt lat="58.23906317" lon="15.30369943">
<ele>127.1</ele>
<time>2026-09-06T10:12:19Z</time>
<extensions>
<tp1:TrackPointExtension>
<tp1:hr>156</tp1:hr>
</tp1:TrackPointExtension>
</extensions>
</trkpt>
<trkpt lat="58.23904113" lon="15.3036825">
<ele>127.7</ele>
<time>2026-09-06T10:12:20Z</time>
<extensions>
<tp1:TrackPointExtension>
<tp1:hr>157</tp1:hr>
</tp1:TrackPointExtension>
</extensions>
</trkpt>
<trkpt lat="58.23902478" lon="15.30369088">
<ele>128.1</ele>
<time>2026-09-06T10:12:21Z</time>
<extensions>
<tp1:TrackPointExtension>
<tp1:hr>157</tp1:hr>
</tp1:TrackPointExtension>
</extensions>
</trkpt>
<trkpt lat="58.23899679" lon="15.30370471">
<ele>128.5</ele>
<time>2026-09-06T10:12:22Z</time>
<extensions>
<tp1:TrackPointExtension>
<tp1:hr>158</tp1:hr>
</tp1:TrackPointExtension>
</extensions>
</trkpt>
<trkpt lat="58.23896821" lon="15.30370069">
<ele>128.7</ele>
<time>2026-09-06T10:12:23Z</time>
<extensions>
<tp1:TrackPointExtension>
<tp1:hr>159</tp1:hr>
</tp1:TrackPointExtension>
</extensions>
</trkpt>
<trkpt lat="58.23894273" lon="15.30368753">
<ele>128.7</ele>
<time>2026-09-06T10:12:24Z</time>
<extensions>
<tp1:TrackPointExtension>
<tp1:hr>159</tp1:hr>
</tp1:TrackPointExtension>
</extensions>
</trkpt>
<trkpt lat="58.23892118" lon="15.30367956">
<ele>128.9</ele>
<time>2026-09-06T10:12:25Z</time>
<extensions>
<tp1:TrackPointExtension>
<tp1:hr>160</tp1:hr>
</tp1:TrackPointExtension>
</extensions>
</trkpt>
<trkpt lat="58.23889646" lon="15.30366917">
<ele>128.9</ele>
<time>2026-09-06T10:12:26Z</time>
<extensions>
<tp1:TrackPointExtension>
<tp1:hr>160</tp1:hr>
</tp1:TrackPointExtension>
</extensions>
</trkpt>
<trkpt lat="58.23886628" lon="15.30367663">
<ele>129.1</ele>
<time>2026-09-06T10:12:27Z</time>
<extensions>
<tp1:TrackPointExtension>
<tp1:hr>161</tp1:hr>
</tp1:TrackPointExtension>
</extensions>
</trkpt>
<trkpt lat="58.23883921" lon="15.30365475">
<ele>129.1</ele>
<time>2026-09-06T10:12:28Z</time>
<extensions>
<tp1:TrackPointExtension>
<tp1:hr>161</tp1:hr>
</tp1:TrackPointExtension>
</extensions>
</trkpt>
<trkpt lat="58.23881909" lon="15.30364688">
<ele>129.3</ele>
<time>2026-09-06T10:12:29Z</time>
<extensions>
<tp1:TrackPointExtension>
<tp1:hr>162</tp1:hr>
</tp1:TrackPointExtension>
</extensions>
</trkpt>
<trkpt lat="58.23879898" lon="15.30365358">
<ele>129.3</ele>
<time>2026-09-06T10:12:30Z</time>
<extensions>
<tp1:TrackPointExtension>
<tp1:hr>162</tp1:hr>
</tp1:TrackPointExtension>
</extensions>
</trkpt>
<trkpt lat="58.23876947" lon="15.30363187">
<ele>129.5</ele>
<time>2026-09-06T10:12:31Z</time>
<extensions>
<tp1:TrackPointExtension>
<tp1:hr>162</tp1:hr>
</tp1:TrackPointExtension>
</extensions>
</trkpt>
<trkpt lat="58.23874676" lon="15.30361393">
<ele>129.7</ele>
<time>2026-09-06T10:12:32Z</time>
<extensions>
<tp1:TrackPointExtension>
<tp1:hr>162</tp1:hr>
</tp1:TrackPointExtension>
</extensions>
</trkpt>
<trkpt lat="58.2387232" lon="15.30359684">
<ele>129.9</ele>
<time>2026-09-06T10:12:33Z</time>
<extensions>
<tp1:TrackPointExtension>
<tp1:hr>163</tp1:hr>
</tp1:TrackPointExtension>
</extensions>
</trkpt>
<trkpt lat="58.23869362" lon="15.30360304">
<ele>130.1</ele>
<time>2026-09-06T10:12:34Z</time>
<extensions>
<tp1:TrackPointExtension>
<tp1:hr>163</tp1:hr>
</tp1:TrackPointExtension>
</extensions>
</trkpt>
<trkpt lat="58.23866612" lon="15.30360547">
<ele>130.3</ele>
<time>2026-09-06T10:12:35Z</time>
<extensions>
<tp1:TrackPointExtension>
<tp1:hr>163</tp1:hr>
</tp1:TrackPointExtension>
</extensions>
</trkpt>
<trkpt lat="58.23864047" lon="15.30359969">
<ele>130.3</ele>
<time>2026-09-06T10:12:36Z</time>
<extensions>
<tp1:TrackPointExtension>
<tp1:hr>163</tp1:hr>
</tp1:TrackPointExtension>
</extensions>
</trkpt>
<trkpt lat="58.23862371" lon="15.3035913">
<ele>130.5</ele>
<time>2026-09-06T10:12:37Z</time>
<extensions>
<tp1:TrackPointExtension>
<tp1:hr>163</tp1:hr>
</tp1:TrackPointExtension>
</extensions>
</trkpt>
<trkpt lat="58.23859982" lon="15.30358317">
<ele>130.7</ele>
<time>2026-09-06T10:12:38Z</time>
<extensions>
<tp1:TrackPointExtension>
<tp1:hr>163</tp1:hr>
</tp1:TrackPointExtension>
</extensions>
</trkpt>
<trkpt lat="58.23857384" lon="15.30357052">
<ele>130.9</ele>
<time>2026-09-06T10:12:39Z</time>
<extensions>
<tp1:TrackPointExtension>
<tp1:hr>163</tp1:hr>
</tp1:TrackPointExtension>
</extensions>
</trkpt>
<trkpt lat="58.23854484" lon="15.30353992">
<ele>130.9</ele>
<time>2026-09-06T10:12:40Z</time>
<extensions>
<tp1:TrackPointExtension>
<tp1:hr>163</tp1:hr>
</tp1:TrackPointExtension>
</extensions>
</trkpt>
<trkpt lat="58.23852338" lon="15.30352727">
<ele>131.1</ele>
<time>2026-09-06T10:12:41Z</time>
<extensions>
<tp1:TrackPointExtension>
<tp1:hr>163</tp1:hr>
</tp1:TrackPointExtension>
</extensions>
</trkpt>
<trkpt lat="58.23850544" lon="15.30351486">
<ele>131.1</ele>
<time>2026-09-06T10:12:42Z</time>
<extensions>
<tp1:TrackPointExtension>
<tp1:hr>164</tp1:hr>
</tp1:TrackPointExtension>
</extensions>
</trkpt>
<trkpt lat="58.23848231" lon="15.30350053">
<ele>131.3</ele>
<time>2026-09-06T10:12:43Z</time>
<extensions>
<tp1:TrackPointExtension>
<tp1:hr>163</tp1:hr>
</tp1:TrackPointExtension>
</extensions>
</trkpt>
<trkpt lat="58.23845766" lon="15.30349374">
<ele>131.7</ele>
<time>2026-09-06T10:12:44Z</time>
<extensions>
<tp1:TrackPointExtension>
<tp1:hr>163</tp1:hr>
</tp1:TrackPointExtension>
</extensions>
</trkpt>
<trkpt lat="58.23843554" lon="15.303495">
<ele>131.9</ele>
<time>2026-09-06T10:12:45Z</time>
<extensions>
<tp1:TrackPointExtension>
<tp1:hr>163</tp1:hr>
</tp1:TrackPointExtension>
</extensions>
</trkpt>
<trkpt lat="58.23840796" lon="15.30349248">
<ele>132.1</ele>
<time>2026-09-06T10:12:46Z</time>
<extensions>
<tp1:TrackPointExtension>
<tp1:hr>163</tp1:hr>
</tp1:TrackPointExtension>
</extensions>
</trkpt>
<trkpt lat="58.23838592" lon="15.30347236">
<ele>132.1</ele>
<time>2026-09-06T10:12:47Z</time>
<extensions>
<tp1:TrackPointExtension>
<tp1:hr>163</tp1:hr>
</tp1:TrackPointExtension>
</extensions>
</trkpt>
<trkpt lat="58.23836387" lon="15.30346675">
<ele>132.3</ele>
<time>2026-09-06T10:12:48Z</time>
<extensions>
<tp1:TrackPointExtension>
<tp1:hr>163</tp1:hr>
</tp1:TrackPointExtension>
</extensions>
</trkpt>
<trkpt lat="58.23834627" lon="15.30347161">
<ele>132.3</ele>
<time>2026-09-06T10:12:49Z</time>
<extensions>
<tp1:TrackPointExtension>
<tp1:hr>163</tp1:hr>
</tp1:TrackPointExtension>
</extensions>
</trkpt>
<trkpt lat="58.23832179" lon="15.30345904">
<ele>132.5</ele>
<time>2026-09-06T10:12:50Z</time>
<extensions>
<tp1:TrackPointExtension>
<tp1:hr>164</tp1:hr>
</tp1:TrackPointExtension>
</extensions>
</trkpt>
<trkpt lat="58.23831014" lon="15.30341847">
<ele>132.5</ele>
<time>2026-09-06T10:12:51Z</time>
<extensions>
<tp1:TrackPointExtension>
<tp1:hr>164</tp1:hr>
</tp1:TrackPointExtension>
</extensions>
</trkpt>
<trkpt lat="58.23830503" lon="15.3033572">
<ele>132.5</ele>
<time>2026-09-06T10:12:52Z</time>
<extensions>
<tp1:TrackPointExtension>
<tp1:hr>163</tp1:hr>
</tp1:TrackPointExtension>
</extensions>
</trkpt>
<trkpt lat="58.23830905" lon="15.30330976">
<ele>132.7</ele>
<time>2026-09-06T10:12:53Z</time>
<extensions>
<tp1:TrackPointExtension>
<tp1:hr>163</tp1:hr>
</tp1:TrackPointExtension>
</extensions>
</trkpt>
<trkpt lat="58.23831358" lon="15.30329157">
<ele>132.9</ele>
<time>2026-09-06T10:12:54Z</time>
<extensions>
<tp1:TrackPointExtension>
<tp1:hr>163</tp1:hr>
</tp1:TrackPointExtension>
</extensions>
</trkpt>
<trkpt lat="58.23830981" lon="15.3032546">
<ele>133.1</ele>
<time>2026-09-06T10:12:55Z</time>
<extensions>
<tp1:TrackPointExtension>
<tp1:hr>163</tp1:hr>
</tp1:TrackPointExtension>
</extensions>
</trkpt>
<trkpt lat="58.23830646" lon="15.30320582">
<ele>133.3</ele>
<time>2026-09-06T10:12:56Z</time>
<extensions>
<tp1:TrackPointExtension>
<tp1:hr>163</tp1:hr>
</tp1:TrackPointExtension>
</extensions>
</trkpt>
<trkpt lat="58.23831517" lon="15.30313734">
<ele>133.5</ele>
<time>2026-09-06T10:12:57Z</time>
<extensions>
<tp1:TrackPointExtension>
<tp1:hr>164</tp1:hr>
</tp1:TrackPointExtension>
</extensions>
</trkpt>
<trkpt lat="58.23831584" lon="15.30308185">
<ele>133.7</ele>
<time>2026-09-06T10:12:58Z</time>
<extensions>
<tp1:TrackPointExtension>
<tp1:hr>163</tp1:hr>
</tp1:TrackPointExtension>
</extensions>
</trkpt>
<trkpt lat="58.23830629" lon="15.30305193">
<ele>133.7</ele>
<time>2026-09-06T10:12:59Z</time>
<extensions>
<tp1:TrackPointExtension>
<tp1:hr>163</tp1:hr>
</tp1:TrackPointExtension>
</extensions>
</trkpt>
<trkpt lat="58.23829036" lon="15.30303315">
<ele>133.9</ele>
<time>2026-09-06T10:13:00Z</time>
<extensions>
<tp1:TrackPointExtension>
<tp1:hr>163</tp1:hr>
</tp1:TrackPointExtension>
</extensions>
</trkpt>
<trkpt lat="58.23828533" lon="15.30299493">
<ele>134.3</ele>
<time>2026-09-06T10:13:01Z</time>
<extensions>
<tp1:TrackPointExtension>
<tp1:hr>164</tp1:hr>
</tp1:TrackPointExtension>
</extensions>
</trkpt>
<trkpt lat="58.23827695" lon="15.30295394">
<ele>134.9</ele>
<time>2026-09-06T10:13:02Z</time>
<extensions>
<tp1:TrackPointExtension>
<tp1:hr>164</tp1:hr>
</tp1:TrackPointExtension>
</extensions>
</trkpt>
<trkpt lat="58.23826572" lon="15.3029169">
<ele>135.1</ele>
<time>2026-09-06T10:13:03Z</time>
<extensions>
<tp1:TrackPointExtension>
<tp1:hr>164</tp1:hr>
</tp1:TrackPointExtension>
</extensions>
</trkpt>
<trkpt lat="58.23825449" lon="15.30289167">
<ele>135.5</ele>
<time>2026-09-06T10:13:04Z</time>
<extensions>
<tp1:TrackPointExtension>
<tp1:hr>164</tp1:hr>
</tp1:TrackPointExtension>
</extensions>
</trkpt>
<trkpt lat="58.23824342" lon="15.30286795">
<ele>135.5</ele>
<time>2026-09-06T10:13:05Z</time>
<extensions>
<tp1:TrackPointExtension>
<tp1:hr>164</tp1:hr>
</tp1:TrackPointExtension>
</extensions>
</trkpt>
<trkpt lat="58.23823127" lon="15.30284875">
<ele>135.7</ele>
<time>2026-09-06T10:13:06Z</time>
<extensions>
<tp1:TrackPointExtension>
<tp1:hr>164</tp1:hr>
</tp1:TrackPointExtension>
</extensions>
</trkpt>
<trkpt lat="58.2382135" lon="15.30283727">
<ele>135.7</ele>
<time>2026-09-06T10:13:07Z</time>
<extensions>
<tp1:TrackPointExtension>
<tp1:hr>164</tp1:hr>
</tp1:TrackPointExtension>
</extensions>
</trkpt>
<trkpt lat="58.23819481" lon="15.30281732">
<ele>135.7</ele>
<time>2026-09-06T10:13:08Z</time>
<extensions>
<tp1:TrackPointExtension>
<tp1:hr>163</tp1:hr>
</tp1:TrackPointExtension>
</extensions>
</trkpt>
<trkpt lat="58.23816673" lon="15.3027915">
<ele>135.7</ele>
<time>2026-09-06T10:13:09Z</time>
<extensions>
<tp1:TrackPointExtension>
<tp1:hr>163</tp1:hr>
</tp1:TrackPointExtension>
</extensions>
</trkpt>
<trkpt lat="58.23814854" lon="15.30277641">
<ele>135.9</ele>
<time>2026-09-06T10:13:10Z</time>
<extensions>
<tp1:TrackPointExtension>
<tp1:hr>163</tp1:hr>
</tp1:TrackPointExtension>
</extensions>
</trkpt>
<trkpt lat="58.23813345" lon="15.30276049">
<ele>136.1</ele>
<time>2026-09-06T10:13:11Z</time>
<extensions>
<tp1:TrackPointExtension>
<tp1:hr>163</tp1:hr>
</tp1:TrackPointExtension>
</extensions>
</trkpt>
<trkpt lat="58.23811895" lon="15.30274331">
<ele>136.5</ele>
<time>2026-09-06T10:13:12Z</time>
<extensions>
<tp1:TrackPointExtension>
<tp1:hr>163</tp1:hr>
</tp1:TrackPointExtension>
</extensions>
</trkpt>
<trkpt lat="58.23810998" lon="15.30271858">
<ele>136.7</ele>
<time>2026-09-06T10:13:13Z</time>
<extensions>
<tp1:TrackPointExtension>
<tp1:hr>163</tp1:hr>
</tp1:TrackPointExtension>
</extensions>
</trkpt>
<trkpt lat="58.23809682" lon="15.30268757">
<ele>136.9</ele>
<time>2026-09-06T10:13:14Z</time>
<extensions>
<tp1:TrackPointExtension>
<tp1:hr>163</tp1:hr>
</tp1:TrackPointExtension>
</extensions>
</trkpt>
<trkpt lat="58.23809138" lon="15.30267013">
<ele>137.1</ele>
<time>2026-09-06T10:13:15Z</time>
<extensions>
<tp1:TrackPointExtension>
<tp1:hr>164</tp1:hr>
</tp1:TrackPointExtension>
</extensions>
</trkpt>
<trkpt lat="58.23809012" lon="15.30262244">
<ele>137.1</ele>
<time>2026-09-06T10:13:16Z</time>
<extensions>
<tp1:TrackPointExtension>
<tp1:hr>163</tp1:hr>
</tp1:TrackPointExtension>
</extensions>
</trkpt>
<trkpt lat="58.2380897" lon="15.3026221">
<ele>136.9</ele>
<time>2026-09-06T10:13:17Z</time>
<extensions>
<tp1:TrackPointExtension>
<tp1:hr>163</tp1:hr>
</tp1:TrackPointExtension>
</extensions>
</trkpt>
<trkpt lat="58.23808559" lon="15.30263342">
<ele>136.5</ele>
<time>2026-09-06T10:13:18Z</time>
<extensions>
<tp1:TrackPointExtension>
<tp1:hr>164</tp1:hr>
</tp1:TrackPointExtension>
</extensions>
</trkpt>
<trkpt lat="58.23808274" lon="15.30265102">
<ele>136.3</ele>
<time>2026-09-06T10:13:19Z</time>
<extensions>
<tp1:TrackPointExtension>
<tp1:hr>163</tp1:hr>
</tp1:TrackPointExtension>
</extensions>
</trkpt>
<trkpt lat="58.23807872" lon="15.30268556">
<ele>136.1</ele>
<time>2026-09-06T10:13:20Z</time>
<extensions>
<tp1:TrackPointExtension>
<tp1:hr>163</tp1:hr>
</tp1:TrackPointExtension>
</extensions>
</trkpt>
<trkpt lat="58.23807461" lon="15.30272545">
<ele>135.9</ele>
<time>2026-09-06T10:13:21Z</time>
<extensions>
<tp1:TrackPointExtension>
<tp1:hr>163</tp1:hr>
</tp1:TrackPointExtension>
</extensions>
</trkpt>
<trkpt lat="58.23806304" lon="15.30277566">
<ele>135.9</ele>
<time>2026-09-06T10:13:22Z</time>
<extensions>
<tp1:TrackPointExtension>
<tp1:hr>163</tp1:hr>
</tp1:TrackPointExtension>
</extensions>
</trkpt>
<trkpt lat="58.23804519" lon="15.30282863">
<ele>135.7</ele>
<time>2026-09-06T10:13:23Z</time>
<extensions>
<tp1:TrackPointExtension>
<tp1:hr>162</tp1:hr>
</tp1:TrackPointExtension>
</extensions>
</trkpt>
<trkpt lat="58.23802876" lon="15.30288261">
<ele>135.7</ele>
<time>2026-09-06T10:13:24Z</time>
<extensions>
<tp1:TrackPointExtension>
<tp1:hr>162</tp1:hr>
</tp1:TrackPointExtension>
</extensions>
</trkpt>
<trkpt lat="58.23801711" lon="15.30292721">
<ele>135.5</ele>
<time>2026-09-06T10:13:25Z</time>
<extensions>
<tp1:TrackPointExtension>
<tp1:hr>162</tp1:hr>
</tp1:TrackPointExtension>
</extensions>
</trkpt>
<trkpt lat="58.23800035" lon="15.3029687">
<ele>135.5</ele>
<time>2026-09-06T10:13:26Z</time>
<extensions>
<tp1:TrackPointExtension>
<tp1:hr>163</tp1:hr>
</tp1:TrackPointExtension>
</extensions>
</trkpt>
<trkpt lat="58.23797738" lon="15.30299267">
<ele>135.3</ele>
<time>2026-09-06T10:13:27Z</time>
<extensions>
<tp1:TrackPointExtension>
<tp1:hr>163</tp1:hr>
</tp1:TrackPointExtension>
</extensions>
</trkpt>
<trkpt lat="58.23796045" lon="15.30301262">
<ele>135.3</ele>
<time>2026-09-06T10:13:28Z</time>
<extensions>
<tp1:TrackPointExtension>
<tp1:hr>163</tp1:hr>
</tp1:TrackPointExtension>
</extensions>
</trkpt>
<trkpt lat="58.23794578" lon="15.30303005">
<ele>135.1</ele>
<time>2026-09-06T10:13:29Z</time>
<extensions>
<tp1:TrackPointExtension>
<tp1:hr>163</tp1:hr>
</tp1:TrackPointExtension>
</extensions>
</trkpt>
<trkpt lat="58.23793438" lon="15.30304086">
<ele>134.9</ele>
<time>2026-09-06T10:13:30Z</time>
<extensions>
<tp1:TrackPointExtension>
<tp1:hr>163</tp1:hr>
</tp1:TrackPointExtension>
</extensions>
</trkpt>
<trkpt lat="58.23792307" lon="15.30306132">
<ele>134.7</ele>
<time>2026-09-06T10:13:31Z</time>
<extensions>
<tp1:TrackPointExtension>
<tp1:hr>163</tp1:hr>
</tp1:TrackPointExtension>
</extensions>
</trkpt>
<trkpt lat="58.23791351" lon="15.3030842">
<ele>134.9</ele>
<time>2026-09-06T10:13:32Z</time>
<extensions>
<tp1:TrackPointExtension>
<tp1:hr>163</tp1:hr>
</tp1:TrackPointExtension>
</extensions>
</trkpt>
<trkpt lat="58.23790538" lon="15.30310909">
<ele>134.9</ele>
<time>2026-09-06T10:13:33Z</time>
<extensions>
<tp1:TrackPointExtension>
<tp1:hr>163</tp1:hr>
</tp1:TrackPointExtension>
</extensions>
</trkpt>
<trkpt lat="58.23789742" lon="15.30312393">
<ele>135.1</ele>
<time>2026-09-06T10:13:34Z</time>
<extensions>
<tp1:TrackPointExtension>
<tp1:hr>163</tp1:hr>
</tp1:TrackPointExtension>
</extensions>
</trkpt>
<trkpt lat="58.23788032" lon="15.30313985">
<ele>135.1</ele>
<time>2026-09-06T10:13:35Z</time>
<extensions>
<tp1:TrackPointExtension>
<tp1:hr>163</tp1:hr>
</tp1:TrackPointExtension>
</extensions>
</trkpt>
<trkpt lat="58.23786213" lon="15.30315477">
<ele>134.9</ele>
<time>2026-09-06T10:13:36Z</time>
<extensions>
<tp1:TrackPointExtension>
<tp1:hr>162</tp1:hr>
</tp1:TrackPointExtension>
</extensions>
</trkpt>
<trkpt lat="58.23784721" lon="15.30317129">
<ele>134.3</ele>
<time>2026-09-06T10:13:37Z</time>
<extensions>
<tp1:TrackPointExtension>
<tp1:hr>163</tp1:hr>
</tp1:TrackPointExtension>
</extensions>
</trkpt>
<trkpt lat="58.2378312" lon="15.30318629">
<ele>133.7</ele>
<time>2026-09-06T10:13:38Z</time>
<extensions>
<tp1:TrackPointExtension>
<tp1:hr>163</tp1:hr>
</tp1:TrackPointExtension>
</extensions>
</trkpt>
<trkpt lat="58.23781762" lon="15.30320708">
<ele>132.7</ele>
<time>2026-09-06T10:13:39Z</time>
<extensions>
<tp1:TrackPointExtension>
<tp1:hr>163</tp1:hr>
</tp1:TrackPointExtension>
</extensions>
</trkpt>
<trkpt lat="58.23780036" lon="15.30321982">
<ele>132.5</ele>
<time>2026-09-06T10:13:40Z</time>
<extensions>
<tp1:TrackPointExtension>
<tp1:hr>163</tp1:hr>
</tp1:TrackPointExtension>
</extensions>
</trkpt>
<trkpt lat="58.23778057" lon="15.30322677">
<ele>132.1</ele>
<time>2026-09-06T10:13:41Z</time>
<extensions>
<tp1:TrackPointExtension>
<tp1:hr>163</tp1:hr>
</tp1:TrackPointExtension>
</extensions>
</trkpt>
<trkpt lat="58.2377582" lon="15.30324966">
<ele>131.7</ele>
<time>2026-09-06T10:13:42Z</time>
<extensions>
<tp1:TrackPointExtension>
<tp1:hr>162</tp1:hr>
</tp1:TrackPointExtension>
</extensions>
</trkpt>
<trkpt lat="58.23773322" lon="15.30328042">
<ele>131.7</ele>
<time>2026-09-06T10:13:43Z</time>
<extensions>
<tp1:TrackPointExtension>
<tp1:hr>163</tp1:hr>
</tp1:TrackPointExtension>
</extensions>
</trkpt>
<trkpt lat="58.23771997" lon="15.30332359">
<ele>131.9</ele>
<time>2026-09-06T10:13:44Z</time>
<extensions>
<tp1:TrackPointExtension>
<tp1:hr>163</tp1:hr>
</tp1:TrackPointExtension>
</extensions>
</trkpt>
<trkpt lat="58.23770757" lon="15.30336482">
<ele>132.1</ele>
<time>2026-09-06T10:13:45Z</time>
<extensions>
<tp1:TrackPointExtension>
<tp1:hr>162</tp1:hr>
</tp1:TrackPointExtension>
</extensions>
</trkpt>
<trkpt lat="58.237695" lon="15.30340263">
<ele>132.3</ele>
<time>2026-09-06T10:13:46Z</time>
<extensions>
<tp1:TrackPointExtension>
<tp1:hr>163</tp1:hr>
</tp1:TrackPointExtension>
</extensions>
</trkpt>
<trkpt lat="58.23766935" lon="15.30340715">
<ele>132.7</ele>
<time>2026-09-06T10:13:47Z</time>
<extensions>
<tp1:TrackPointExtension>
<tp1:hr>163</tp1:hr>
</tp1:TrackPointExtension>
</extensions>
</trkpt>
<trkpt lat="58.23764579" lon="15.30342308">
<ele>132.9</ele>
<time>2026-09-06T10:13:48Z</time>
<extensions>
<tp1:TrackPointExtension>
<tp1:hr>163</tp1:hr>
</tp1:TrackPointExtension>
</extensions>
</trkpt>
<trkpt lat="58.23762962" lon="15.30344127">
<ele>133.1</ele>
<time>2026-09-06T10:13:49Z</time>
<extensions>
<tp1:TrackPointExtension>
<tp1:hr>162</tp1:hr>
</tp1:TrackPointExtension>
</extensions>
</trkpt>
<trkpt lat="58.23762182" lon="15.30346775">
<ele>133.5</ele>
<time>2026-09-06T10:13:50Z</time>
<extensions>
<tp1:TrackPointExtension>
<tp1:hr>162</tp1:hr>
</tp1:TrackPointExtension>
</extensions>
</trkpt>
<trkpt lat="58.23761269" lon="15.30349609">
<ele>133.9</ele>
<time>2026-09-06T10:13:51Z</time>
<extensions>
<tp1:TrackPointExtension>
<tp1:hr>162</tp1:hr>
</tp1:TrackPointExtension>
</extensions>
</trkpt>
<trkpt lat="58.2376002" lon="15.30353213">
<ele>134.3</ele>
<time>2026-09-06T10:13:52Z</time>
<extensions>
<tp1:TrackPointExtension>
<tp1:hr>162</tp1:hr>
</tp1:TrackPointExtension>
</extensions>
</trkpt>
<trkpt lat="58.23758645" lon="15.30356482">
<ele>134.5</ele>
<time>2026-09-06T10:13:53Z</time>
<extensions>
<tp1:TrackPointExtension>
<tp1:hr>161</tp1:hr>
</tp1:TrackPointExtension>
</extensions>
</trkpt>
<trkpt lat="58.23757513" lon="15.30359725">
<ele>134.7</ele>
<time>2026-09-06T10:13:54Z</time>
<extensions>
<tp1:TrackPointExtension>
<tp1:hr>161</tp1:hr>
</tp1:TrackPointExtension>
</extensions>
</trkpt>
<trkpt lat="58.23756466" lon="15.30362517">
<ele>135.1</ele>
<time>2026-09-06T10:13:55Z</time>
<extensions>
<tp1:TrackPointExtension>
<tp1:hr>161</tp1:hr>
</tp1:TrackPointExtension>
</extensions>
</trkpt>
<trkpt lat="58.23755242" lon="15.30364939">
<ele>135.3</ele>
<time>2026-09-06T10:13:56Z</time>
<extensions>
<tp1:TrackPointExtension>
<tp1:hr>161</tp1:hr>
</tp1:TrackPointExtension>
</extensions>
</trkpt>
<trkpt lat="58.23753926" lon="15.30367487">
<ele>135.5</ele>
<time>2026-09-06T10:13:57Z</time>
<extensions>
<tp1:TrackPointExtension>
<tp1:hr>162</tp1:hr>
</tp1:TrackPointExtension>
</extensions>
</trkpt>
<trkpt lat="58.23751906" lon="15.30366506">
<ele>135.3</ele>
<time>2026-09-06T10:13:58Z</time>
<extensions>
<tp1:TrackPointExtension>
<tp1:hr>162</tp1:hr>
</tp1:TrackPointExtension>
</extensions>
</trkpt>
<trkpt lat="58.23749266" lon="15.30366121">
<ele>135.3</ele>
<time>2026-09-06T10:13:59Z</time>
<extensions>
<tp1:TrackPointExtension>
<tp1:hr>162</tp1:hr>
</tp1:TrackPointExtension>
</extensions>
</trkpt>
<trkpt lat="58.23746424" lon="15.30367428">
<ele>134.9</ele>
<time>2026-09-06T10:14:00Z</time>
<extensions>
<tp1:TrackPointExtension>
<tp1:hr>162</tp1:hr>
</tp1:TrackPointExtension>
</extensions>
</trkpt>
<trkpt lat="58.23743088" lon="15.30365853">
<ele>134.3</ele>
<time>2026-09-06T10:14:01Z</time>
<extensions>
<tp1:TrackPointExtension>
<tp1:hr>163</tp1:hr>
</tp1:TrackPointExtension>
</extensions>
</trkpt>
<trkpt lat="58.23739643" lon="15.30364151">
<ele>133.7</ele>
<time>2026-09-06T10:14:02Z</time>
<extensions>
<tp1:TrackPointExtension>
<tp1:hr>163</tp1:hr>
</tp1:TrackPointExtension>
</extensions>
</trkpt>
<trkpt lat="58.2373712" lon="15.30361863">
<ele>133.1</ele>
<time>2026-09-06T10:14:03Z</time>
<extensions>
<tp1:TrackPointExtension>
<tp1:hr>163</tp1:hr>
</tp1:TrackPointExtension>
</extensions>
</trkpt>
<trkpt lat="58.23733927" lon="15.30360203">
<ele>132.5</ele>
<time>2026-09-06T10:14:04Z</time>
<extensions>
<tp1:TrackPointExtension>
<tp1:hr>162</tp1:hr>
</tp1:TrackPointExtension>
</extensions>
</trkpt>
<trkpt lat="58.23730515" lon="15.30359558">
<ele>131.7</ele>
<time>2026-09-06T10:14:05Z</time>
<extensions>
<tp1:TrackPointExtension>
<tp1:hr>162</tp1:hr>
</tp1:TrackPointExtension>
</extensions>
</trkpt>
<trkpt lat="58.23727791" lon="15.3035815">
<ele>131.1</ele>
<time>2026-09-06T10:14:06Z</time>
<extensions>
<tp1:TrackPointExtension>
<tp1:hr>163</tp1:hr>
</tp1:TrackPointExtension>
</extensions>
</trkpt>
<trkpt lat="58.23728101" lon="15.30359147">
<ele>130.7</ele>
<time>2026-09-06T10:14:07Z</time>
<extensions>
<tp1:TrackPointExtension>
<tp1:hr>163</tp1:hr>
</tp1:TrackPointExtension>
</extensions>
</trkpt>
<trkpt lat="58.23728831" lon="15.30358753">
<ele>130.5</ele>
<time>2026-09-06T10:14:08Z</time>
<extensions>
<tp1:TrackPointExtension>
<tp1:hr>163</tp1:hr>
</tp1:TrackPointExtension>
</extensions>
</trkpt>
<trkpt lat="58.23730624" lon="15.30358451">
<ele>130.3</ele>
<time>2026-09-06T10:14:09Z</time>
<extensions>
<tp1:TrackPointExtension>
<tp1:hr>163</tp1:hr>
</tp1:TrackPointExtension>
</extensions>
</trkpt>
<trkpt lat="58.23732032" lon="15.30358619">
<ele>130.3</ele>
<time>2026-09-06T10:14:10Z</time>
<extensions>
<tp1:TrackPointExtension>
<tp1:hr>163</tp1:hr>
</tp1:TrackPointExtension>
</extensions>
</trkpt>
<trkpt lat="58.23733407" lon="15.30359717">
<ele>130.5</ele>
<time>2026-09-06T10:14:11Z</time>
<extensions>
<tp1:TrackPointExtension>
<tp1:hr>163</tp1:hr>
</tp1:TrackPointExtension>
</extensions>
</trkpt>
<trkpt lat="58.23734748" lon="15.30361385">
<ele>130.7</ele>
<time>2026-09-06T10:14:12Z</time>
<extensions>
<tp1:TrackPointExtension>
<tp1:hr>163</tp1:hr>
</tp1:TrackPointExtension>
</extensions>
</trkpt>
<trkpt lat="58.23736575" lon="15.30364101">
<ele>131.1</ele>
<time>2026-09-06T10:14:13Z</time>
<extensions>
<tp1:TrackPointExtension>
<tp1:hr>163</tp1:hr>
</tp1:TrackPointExtension>
</extensions>
</trkpt>
<trkpt lat="58.23738243" lon="15.30365903">
<ele>131.5</ele>
<time>2026-09-06T10:14:14Z</time>
<extensions>
<tp1:TrackPointExtension>
<tp1:hr>163</tp1:hr>
</tp1:TrackPointExtension>
</extensions>
</trkpt>
<trkpt lat="58.23738537" lon="15.30368334">
<ele>131.7</ele>
<time>2026-09-06T10:14:15Z</time>
<extensions>
<tp1:TrackPointExtension>
<tp1:hr>163</tp1:hr>
</tp1:TrackPointExtension>
</extensions>
</trkpt>
<trkpt lat="58.23737615" lon="15.30370194">
<ele>132.1</ele>
<time>2026-09-06T10:14:16Z</time>
<extensions>
<tp1:TrackPointExtension>
<tp1:hr>162</tp1:hr>
</tp1:TrackPointExtension>
</extensions>
</trkpt>
<trkpt lat="58.23736475" lon="15.30373941">
<ele>132.3</ele>
<time>2026-09-06T10:14:17Z</time>
<extensions>
<tp1:TrackPointExtension>
<tp1:hr>163</tp1:hr>
</tp1:TrackPointExtension>
</extensions>
</trkpt>
<trkpt lat="58.23735201" lon="15.30379498">
<ele>132.5</ele>
<time>2026-09-06T10:14:18Z</time>
<extensions>
<tp1:TrackPointExtension>
<tp1:hr>163</tp1:hr>
</tp1:TrackPointExtension>
</extensions>
</trkpt>
<trkpt lat="58.23734052" lon="15.30385517">
<ele>132.7</ele>
<time>2026-09-06T10:14:19Z</time>
<extensions>
<tp1:TrackPointExtension>
<tp1:hr>162</tp1:hr>
</tp1:TrackPointExtension>
</extensions>
</trkpt>
<trkpt lat="58.23733239" lon="15.30389791">
<ele>132.5</ele>
<time>2026-09-06T10:14:20Z</time>
<extensions>
<tp1:TrackPointExtension>
<tp1:hr>163</tp1:hr>
</tp1:TrackPointExtension>
</extensions>
</trkpt>
<trkpt lat="58.23732636" lon="15.30395189">
<ele>132.5</ele>
<time>2026-09-06T10:14:21Z</time>
<extensions>
<tp1:TrackPointExtension>
<tp1:hr>163</tp1:hr>
</tp1:TrackPointExtension>
</extensions>
</trkpt>
<trkpt lat="58.23733298" lon="15.30401166">
<ele>132.5</ele>
<time>2026-09-06T10:14:22Z</time>
<extensions>
<tp1:TrackPointExtension>
<tp1:hr>163</tp1:hr>
</tp1:TrackPointExtension>
</extensions>
</trkpt>
<trkpt lat="58.23735" lon="15.30404678">
<ele>132.5</ele>
<time>2026-09-06T10:14:23Z</time>
<extensions>
<tp1:TrackPointExtension>
<tp1:hr>162</tp1:hr>
</tp1:TrackPointExtension>
</extensions>
</trkpt>
<trkpt lat="58.23737187" lon="15.30407469">
<ele>132.7</ele>
<time>2026-09-06T10:14:24Z</time>
<extensions>
<tp1:TrackPointExtension>
<tp1:hr>162</tp1:hr>
</tp1:TrackPointExtension>
</extensions>
</trkpt>
<trkpt lat="58.23739769" lon="15.30409891">
<ele>133.0</ele>
<time>2026-09-06T10:14:25Z</time>
<extensions>
<tp1:TrackPointExtension>
<tp1:hr>162</tp1:hr>
</tp1:TrackPointExtension>
</extensions>
</trkpt>
<trkpt lat="58.23741714" lon="15.30411718">
<ele>133.2</ele>
<time>2026-09-06T10:14:26Z</time>
<extensions>
<tp1:TrackPointExtension>
<tp1:hr>162</tp1:hr>
</tp1:TrackPointExtension>
</extensions>
</trkpt>
<trkpt lat="58.23744974" lon="15.30415247">
<ele>133.4</ele>
<time>2026-09-06T10:14:27Z</time>
<extensions>
<tp1:TrackPointExtension>
<tp1:hr>162</tp1:hr>
</tp1:TrackPointExtension>
</extensions>
</trkpt>
<trkpt lat="58.23748687" lon="15.30420452">
<ele>133.4</ele>
<time>2026-09-06T10:14:28Z</time>
<extensions>
<tp1:TrackPointExtension>
<tp1:hr>163</tp1:hr>
</tp1:TrackPointExtension>
</extensions>
</trkpt>
<trkpt lat="58.23752384" lon="15.30423629">
<ele>133.2</ele>
<time>2026-09-06T10:14:29Z</time>
<extensions>
<tp1:TrackPointExtension>
<tp1:hr>163</tp1:hr>
</tp1:TrackPointExtension>
</extensions>
</trkpt>
<trkpt lat="58.2375727" lon="15.30427258">
<ele>133.0</ele>
<time>2026-09-06T10:14:30Z</time>
<extensions>
<tp1:TrackPointExtension>
<tp1:hr>163</tp1:hr>
</tp1:TrackPointExtension>
</extensions>
</trkpt>
<trkpt lat="58.23760782" lon="15.30428449">
<ele>133.0</ele>
<time>2026-09-06T10:14:31Z</time>
<extensions>
<tp1:TrackPointExtension>
<tp1:hr>163</tp1:hr>
</tp1:TrackPointExtension>
</extensions>
</trkpt>
<trkpt lat="58.2376432" lon="15.30429061">
<ele>133.0</ele>
<time>2026-09-06T10:14:32Z</time>
<extensions>
<tp1:TrackPointExtension>
<tp1:hr>164</tp1:hr>
</tp1:TrackPointExtension>
</extensions>
</trkpt>
<trkpt lat="58.23768921" lon="15.30430888">
<ele>133.0</ele>
<time>2026-09-06T10:14:33Z</time>
<extensions>
<tp1:TrackPointExtension>
<tp1:hr>166</tp1:hr>
</tp1:TrackPointExtension>
</extensions>
</trkpt>
<trkpt lat="58.2377219" lon="15.30430201">
<ele>133.0</ele>
<time>2026-09-06T10:14:34Z</time>
<extensions>
<tp1:TrackPointExtension>
<tp1:hr>167</tp1:hr>
</tp1:TrackPointExtension>
</extensions>
</trkpt>
<trkpt lat="58.2377587" lon="15.30430477">
<ele>133.0</ele>
<time>2026-09-06T10:14:35Z</time>
<extensions>
<tp1:TrackPointExtension>
<tp1:hr>168</tp1:hr>
</tp1:TrackPointExtension>
</extensions>
</trkpt>
<trkpt lat="58.23779348" lon="15.30432003">
<ele>132.8</ele>
<time>2026-09-06T10:14:36Z</time>
<extensions>
<tp1:TrackPointExtension>
<tp1:hr>170</tp1:hr>
</tp1:TrackPointExtension>
</extensions>
</trkpt>
<trkpt lat="58.23782668" lon="15.30432137">
<ele>132.6</ele>
<time>2026-09-06T10:14:37Z</time>
<extensions>
<tp1:TrackPointExtension>
<tp1:hr>171</tp1:hr>
</tp1:TrackPointExtension>
</extensions>
</trkpt>
<trkpt lat="58.23785895" lon="15.30431994">
<ele>132.8</ele>
<time>2026-09-06T10:14:38Z</time>
<extensions>
<tp1:TrackPointExtension>
<tp1:hr>172</tp1:hr>
</tp1:TrackPointExtension>
</extensions>
</trkpt>
<trkpt lat="58.23789423" lon="15.30432279">
<ele>132.8</ele>
<time>2026-09-06T10:14:39Z</time>
<extensions>
<tp1:TrackPointExtension>
<tp1:hr>172</tp1:hr>
</tp1:TrackPointExtension>
</extensions>
</trkpt>
<trkpt lat="58.23792131" lon="15.30431391">
<ele>133.0</ele>
<time>2026-09-06T10:14:40Z</time>
<extensions>
<tp1:TrackPointExtension>
<tp1:hr>173</tp1:hr>
</tp1:TrackPointExtension>
</extensions>
</trkpt>
<trkpt lat="58.23795215" lon="15.30431014">
<ele>132.8</ele>
<time>2026-09-06T10:14:41Z</time>
<extensions>
<tp1:TrackPointExtension>
<tp1:hr>173</tp1:hr>
</tp1:TrackPointExtension>
</extensions>
</trkpt>
<trkpt lat="58.23800513" lon="15.30430142">
<ele>132.8</ele>
<time>2026-09-06T10:14:42Z</time>
<extensions>
<tp1:TrackPointExtension>
<tp1:hr>174</tp1:hr>
</tp1:TrackPointExtension>
</extensions>
</trkpt>
<trkpt lat="58.23803765" lon="15.30429002">
<ele>132.8</ele>
<time>2026-09-06T10:14:43Z</time>
<extensions>
<tp1:TrackPointExtension>
<tp1:hr>174</tp1:hr>
</tp1:TrackPointExtension>
</extensions>
</trkpt>
<trkpt lat="58.23805693" lon="15.30428826">
<ele>132.6</ele>
<time>2026-09-06T10:14:44Z</time>
<extensions>
<tp1:TrackPointExtension>
<tp1:hr>173</tp1:hr>
</tp1:TrackPointExtension>
</extensions>
</trkpt>
<trkpt lat="58.23809976" lon="15.30428541">
<ele>132.6</ele>
<time>2026-09-06T10:14:45Z</time>
<extensions>
<tp1:TrackPointExtension>
<tp1:hr>173</tp1:hr>
</tp1:TrackPointExtension>
</extensions>
</trkpt>
<trkpt lat="58.23813312" lon="15.30427108">
<ele>132.6</ele>
<time>2026-09-06T10:14:46Z</time>
<extensions>
<tp1:TrackPointExtension>
<tp1:hr>172</tp1:hr>
</tp1:TrackPointExtension>
</extensions>
</trkpt>
<trkpt lat="58.23816095" lon="15.3042699">
<ele>132.4</ele>
<time>2026-09-06T10:14:47Z</time>
<extensions>
<tp1:TrackPointExtension>
<tp1:hr>171</tp1:hr>
</tp1:TrackPointExtension>
</extensions>
</trkpt>
<trkpt lat="58.23819598" lon="15.30429136">
<ele>132.2</ele>
<time>2026-09-06T10:14:48Z</time>
<extensions>
<tp1:TrackPointExtension>
<tp1:hr>170</tp1:hr>
</tp1:TrackPointExtension>
</extensions>
</trkpt>
<trkpt lat="58.23822171" lon="15.30433889">
<ele>132.0</ele>
<time>2026-09-06T10:14:49Z</time>
<extensions>
<tp1:TrackPointExtension>
<tp1:hr>170</tp1:hr>
</tp1:TrackPointExtension>
</extensions>
</trkpt>
<trkpt lat="58.2382451" lon="15.3043787">
<ele>132.0</ele>
<time>2026-09-06T10:14:50Z</time>
<extensions>
<tp1:TrackPointExtension>
<tp1:hr>169</tp1:hr>
</tp1:TrackPointExtension>
</extensions>
</trkpt>
<trkpt lat="58.23826094" lon="15.30441415">
<ele>132.0</ele>
<time>2026-09-06T10:14:51Z</time>
<extensions>
<tp1:TrackPointExtension>
<tp1:hr>168</tp1:hr>
</tp1:TrackPointExtension>
</extensions>
</trkpt>
<trkpt lat="58.23828097" lon="15.30446704">
<ele>132.2</ele>
<time>2026-09-06T10:14:52Z</time>
<extensions>
<tp1:TrackPointExtension>
<tp1:hr>167</tp1:hr>
</tp1:TrackPointExtension>
</extensions>
</trkpt>
<trkpt lat="58.23830687" lon="15.30450258">
<ele>132.4</ele>
<time>2026-09-06T10:14:53Z</time>
<extensions>
<tp1:TrackPointExtension>
<tp1:hr>167</tp1:hr>
</tp1:TrackPointExtension>
</extensions>
</trkpt>
<trkpt lat="58.23832632" lon="15.3045263">
<ele>132.6</ele>
<time>2026-09-06T10:14:54Z</time>
<extensions>
<tp1:TrackPointExtension>
<tp1:hr>167</tp1:hr>
</tp1:TrackPointExtension>
</extensions>
</trkpt>
<trkpt lat="58.23834451" lon="15.30454701">
<ele>133.0</ele>
<time>2026-09-06T10:14:55Z</time>
<extensions>
<tp1:TrackPointExtension>
<tp1:hr>168</tp1:hr>
</tp1:TrackPointExtension>
</extensions>
</trkpt>
<trkpt lat="58.23836111" lon="15.30459403">
<ele>133.2</ele>
<time>2026-09-06T10:14:56Z</time>
<extensions>
<tp1:TrackPointExtension>
<tp1:hr>166</tp1:hr>
</tp1:TrackPointExtension>
</extensions>
</trkpt>
<trkpt lat="58.23837636" lon="15.30462848">
<ele>133.6</ele>
<time>2026-09-06T10:14:57Z</time>
<extensions>
<tp1:TrackPointExtension>
<tp1:hr>165</tp1:hr>
</tp1:TrackPointExtension>
</extensions>
</trkpt>
<trkpt lat="58.23839757" lon="15.30465212">
<ele>134.0</ele>
<time>2026-09-06T10:14:58Z</time>
<extensions>
<tp1:TrackPointExtension>
<tp1:hr>165</tp1:hr>
</tp1:TrackPointExtension>
</extensions>
</trkpt>
<trkpt lat="58.238415" lon="15.30466989">
<ele>134.2</ele>
<time>2026-09-06T10:14:59Z</time>
<extensions>
<tp1:TrackPointExtension>
<tp1:hr>164</tp1:hr>
</tp1:TrackPointExtension>
</extensions>
</trkpt>
<trkpt lat="58.23843637" lon="15.30469243">
<ele>134.6</ele>
<time>2026-09-06T10:15:00Z</time>
<extensions>
<tp1:TrackPointExtension>
<tp1:hr>164</tp1:hr>
</tp1:TrackPointExtension>
</extensions>
</trkpt>
<trkpt lat="58.23845389" lon="15.30470861">
<ele>135.0</ele>
<time>2026-09-06T10:15:01Z</time>
<extensions>
<tp1:TrackPointExtension>
<tp1:hr>163</tp1:hr>
</tp1:TrackPointExtension>
</extensions>
</trkpt>
<trkpt lat="58.23847133" lon="15.30472512">
<ele>135.4</ele>
<time>2026-09-06T10:15:02Z</time>
<extensions>
<tp1:TrackPointExtension>
<tp1:hr>163</tp1:hr>
</tp1:TrackPointExtension>
</extensions>
</trkpt>
<trkpt lat="58.23849731" lon="15.304762">
<ele>135.8</ele>
<time>2026-09-06T10:15:03Z</time>
<extensions>
<tp1:TrackPointExtension>
<tp1:hr>163</tp1:hr>
</tp1:TrackPointExtension>
</extensions>
</trkpt>
<trkpt lat="58.23852086" lon="15.3047983">
<ele>136.4</ele>
<time>2026-09-06T10:15:04Z</time>
<extensions>
<tp1:TrackPointExtension>
<tp1:hr>163</tp1:hr>
</tp1:TrackPointExtension>
</extensions>
</trkpt>
<trkpt lat="58.23854794" lon="15.30483291">
<ele>136.6</ele>
<time>2026-09-06T10:15:05Z</time>
<extensions>
<tp1:TrackPointExtension>
<tp1:hr>163</tp1:hr>
</tp1:TrackPointExtension>
</extensions>
</trkpt>
<trkpt lat="58.23856663" lon="15.30485211">
<ele>136.8</ele>
<time>2026-09-06T10:15:06Z</time>
<extensions>
<tp1:TrackPointExtension>
<tp1:hr>163</tp1:hr>
</tp1:TrackPointExtension>
</extensions>
</trkpt>
<trkpt lat="58.23859043" lon="15.30488631">
<ele>136.8</ele>
<time>2026-09-06T10:15:07Z</time>
<extensions>
<tp1:TrackPointExtension>
<tp1:hr>164</tp1:hr>
</tp1:TrackPointExtension>
</extensions>
</trkpt>
<trkpt lat="58.23861273" lon="15.30489821">
<ele>137.0</ele>
<time>2026-09-06T10:15:08Z</time>
<extensions>
<tp1:TrackPointExtension>
<tp1:hr>164</tp1:hr>
</tp1:TrackPointExtension>
</extensions>
</trkpt>
<trkpt lat="58.23863645" lon="15.30491388">
<ele>137.2</ele>
<time>2026-09-06T10:15:09Z</time>
<extensions>
<tp1:TrackPointExtension>
<tp1:hr>164</tp1:hr>
</tp1:TrackPointExtension>
</extensions>
</trkpt>
<trkpt lat="58.23865347" lon="15.30491891">
<ele>137.2</ele>
<time>2026-09-06T10:15:10Z</time>
<extensions>
<tp1:TrackPointExtension>
<tp1:hr>164</tp1:hr>
</tp1:TrackPointExtension>
</extensions>
</trkpt>
<trkpt lat="58.23866587" lon="15.30492553">
<ele>137.4</ele>
<time>2026-09-06T10:15:11Z</time>
<extensions>
<tp1:TrackPointExtension>
<tp1:hr>164</tp1:hr>
</tp1:TrackPointExtension>
</extensions>
</trkpt>
<trkpt lat="58.23868783" lon="15.30492486">
<ele>137.4</ele>
<time>2026-09-06T10:15:12Z</time>
<extensions>
<tp1:TrackPointExtension>
<tp1:hr>164</tp1:hr>
</tp1:TrackPointExtension>
</extensions>
</trkpt>
<trkpt lat="58.23870024" lon="15.30495789">
<ele>137.2</ele>
<time>2026-09-06T10:15:13Z</time>
<extensions>
<tp1:TrackPointExtension>
<tp1:hr>164</tp1:hr>
</tp1:TrackPointExtension>
</extensions>
</trkpt>
<trkpt lat="58.23871608" lon="15.30497415">
<ele>136.8</ele>
<time>2026-09-06T10:15:14Z</time>
<extensions>
<tp1:TrackPointExtension>
<tp1:hr>163</tp1:hr>
</tp1:TrackPointExtension>
</extensions>
</trkpt>
<trkpt lat="58.23873687" lon="15.30499443">
<ele>136.2</ele>
<time>2026-09-06T10:15:15Z</time>
<extensions>
<tp1:TrackPointExtension>
<tp1:hr>163</tp1:hr>
</tp1:TrackPointExtension>
</extensions>
</trkpt>
<trkpt lat="58.23876562" lon="15.30501765">
<ele>135.8</ele>
<time>2026-09-06T10:15:16Z</time>
<extensions>
<tp1:TrackPointExtension>
<tp1:hr>163</tp1:hr>
</tp1:TrackPointExtension>
</extensions>
</trkpt>
<trkpt lat="58.23878875" lon="15.30504506">
<ele>135.4</ele>
<time>2026-09-06T10:15:17Z</time>
<extensions>
<tp1:TrackPointExtension>
<tp1:hr>163</tp1:hr>
</tp1:TrackPointExtension>
</extensions>
</trkpt>
<trkpt lat="58.23881666" lon="15.30508689">
<ele>134.6</ele>
<time>2026-09-06T10:15:18Z</time>
<extensions>
<tp1:TrackPointExtension>
<tp1:hr>163</tp1:hr>
</tp1:TrackPointExtension>
</extensions>
</trkpt>
<trkpt lat="58.23885706" lon="15.30512997">
<ele>134.2</ele>
<time>2026-09-06T10:15:19Z</time>
<extensions>
<tp1:TrackPointExtension>
<tp1:hr>163</tp1:hr>
</tp1:TrackPointExtension>
</extensions>
</trkpt>
<trkpt lat="58.23888372" lon="15.30515453">
<ele>134.0</ele>
<time>2026-09-06T10:15:20Z</time>
<extensions>
<tp1:TrackPointExtension>
<tp1:hr>163</tp1:hr>
</tp1:TrackPointExtension>
</extensions>
</trkpt>
<trkpt lat="58.23890333" lon="15.30516065">
<ele>134.0</ele>
<time>2026-09-06T10:15:21Z</time>
<extensions>
<tp1:TrackPointExtension>
<tp1:hr>163</tp1:hr>
</tp1:TrackPointExtension>
</extensions>
</trkpt>
<trkpt lat="58.23892303" lon="15.30514942">
<ele>134.4</ele>
<time>2026-09-06T10:15:22Z</time>
<extensions>
<tp1:TrackPointExtension>
<tp1:hr>163</tp1:hr>
</tp1:TrackPointExtension>
</extensions>
</trkpt>
<trkpt lat="58.23894951" lon="15.30514053">
<ele>134.8</ele>
<time>2026-09-06T10:15:23Z</time>
<extensions>
<tp1:TrackPointExtension>
<tp1:hr>163</tp1:hr>
</tp1:TrackPointExtension>
</extensions>
</trkpt>
<trkpt lat="58.23896301" lon="15.30514698">
<ele>135.4</ele>
<time>2026-09-06T10:15:24Z</time>
<extensions>
<tp1:TrackPointExtension>
<tp1:hr>163</tp1:hr>
</tp1:TrackPointExtension>
</extensions>
</trkpt>
<trkpt lat="58.23898413" lon="15.30515671">
<ele>135.8</ele>
<time>2026-09-06T10:15:25Z</time>
<extensions>
<tp1:TrackPointExtension>
<tp1:hr>164</tp1:hr>
</tp1:TrackPointExtension>
</extensions>
</trkpt>
<trkpt lat="58.23899821" lon="15.30517775">
<ele>136.0</ele>
<time>2026-09-06T10:15:26Z</time>
<extensions>
<tp1:TrackPointExtension>
<tp1:hr>163</tp1:hr>
</tp1:TrackPointExtension>
</extensions>
</trkpt>
<trkpt lat="58.23902152" lon="15.30520071">
<ele>136.0</ele>
<time>2026-09-06T10:15:27Z</time>
<extensions>
<tp1:TrackPointExtension>
<tp1:hr>163</tp1:hr>
</tp1:TrackPointExtension>
</extensions>
</trkpt>
<trkpt lat="58.23903208" lon="15.30521144">
<ele>136.2</ele>
<time>2026-09-06T10:15:28Z</time>
<extensions>
<tp1:TrackPointExtension>
<tp1:hr>163</tp1:hr>
</tp1:TrackPointExtension>
</extensions>
</trkpt>
<trkpt lat="58.23905387" lon="15.30521899">
<ele>136.2</ele>
<time>2026-09-06T10:15:29Z</time>
<extensions>
<tp1:TrackPointExtension>
<tp1:hr>163</tp1:hr>
</tp1:TrackPointExtension>
</extensions>
</trkpt>
<trkpt lat="58.23906653" lon="15.30525059">
<ele>136.2</ele>
<time>2026-09-06T10:15:30Z</time>
<extensions>
<tp1:TrackPointExtension>
<tp1:hr>163</tp1:hr>
</tp1:TrackPointExtension>
</extensions>
</trkpt>
<trkpt lat="58.23907784" lon="15.30527397">
<ele>135.8</ele>
<time>2026-09-06T10:15:31Z</time>
<extensions>
<tp1:TrackPointExtension>
<tp1:hr>163</tp1:hr>
</tp1:TrackPointExtension>
</extensions>
</trkpt>
<trkpt lat="58.2390853" lon="15.30528269">
<ele>135.6</ele>
<time>2026-09-06T10:15:32Z</time>
<extensions>
<tp1:TrackPointExtension>
<tp1:hr>163</tp1:hr>
</tp1:TrackPointExtension>
</extensions>
</trkpt>
<trkpt lat="58.23909838" lon="15.30528562">
<ele>135.0</ele>
<time>2026-09-06T10:15:33Z</time>
<extensions>
<tp1:TrackPointExtension>
<tp1:hr>163</tp1:hr>
</tp1:TrackPointExtension>
</extensions>
</trkpt>
<trkpt lat="58.23910785" lon="15.30527355">
<ele>134.6</ele>
<time>2026-09-06T10:15:34Z</time>
<extensions>
<tp1:TrackPointExtension>
<tp1:hr>163</tp1:hr>
</tp1:TrackPointExtension>
</extensions>
</trkpt>
<trkpt lat="58.2391143" lon="15.30525628">
<ele>134.4</ele>
<time>2026-09-06T10:15:35Z</time>
<extensions>
<tp1:TrackPointExtension>
<tp1:hr>163</tp1:hr>
</tp1:TrackPointExtension>
</extensions>
</trkpt>
<trkpt lat="58.23912084" lon="15.30523374">
<ele>134.2</ele>
<time>2026-09-06T10:15:36Z</time>
<extensions>
<tp1:TrackPointExtension>
<tp1:hr>163</tp1:hr>
</tp1:TrackPointExtension>
</extensions>
</trkpt>
<trkpt lat="58.23912822" lon="15.30520977">
<ele>134.4</ele>
<time>2026-09-06T10:15:37Z</time>
<extensions>
<tp1:TrackPointExtension>
<tp1:hr>163</tp1:hr>
</tp1:TrackPointExtension>
</extensions>
</trkpt>
<trkpt lat="58.23913467" lon="15.30518361">
<ele>134.4</ele>
<time>2026-09-06T10:15:38Z</time>
<extensions>
<tp1:TrackPointExtension>
<tp1:hr>164</tp1:hr>
</tp1:TrackPointExtension>
</extensions>
</trkpt>
<trkpt lat="58.23914615" lon="15.30515361">
<ele>134.4</ele>
<time>2026-09-06T10:15:39Z</time>
<extensions>
<tp1:TrackPointExtension>
<tp1:hr>163</tp1:hr>
</tp1:TrackPointExtension>
</extensions>
</trkpt>
<trkpt lat="58.23916795" lon="15.30511966">
<ele>134.4</ele>
<time>2026-09-06T10:15:40Z</time>
<extensions>
<tp1:TrackPointExtension>
<tp1:hr>164</tp1:hr>
</tp1:TrackPointExtension>
</extensions>
</trkpt>
<trkpt lat="58.23919125" lon="15.30508119">
<ele>134.0</ele>
<time>2026-09-06T10:15:41Z</time>
<extensions>
<tp1:TrackPointExtension>
<tp1:hr>164</tp1:hr>
</tp1:TrackPointExtension>
</extensions>
</trkpt>
<trkpt lat="58.23921748" lon="15.30504079">
<ele>133.8</ele>
<time>2026-09-06T10:15:42Z</time>
<extensions>
<tp1:TrackPointExtension>
<tp1:hr>163</tp1:hr>
</tp1:TrackPointExtension>
</extensions>
</trkpt>
<trkpt lat="58.23923785" lon="15.30499418">
<ele>133.2</ele>
<time>2026-09-06T10:15:43Z</time>
<extensions>
<tp1:TrackPointExtension>
<tp1:hr>164</tp1:hr>
</tp1:TrackPointExtension>
</extensions>
</trkpt>
<trkpt lat="58.23925897" lon="15.30494842">
<ele>132.8</ele>
<time>2026-09-06T10:15:44Z</time>
<extensions>
<tp1:TrackPointExtension>
<tp1:hr>163</tp1:hr>
</tp1:TrackPointExtension>
</extensions>
</trkpt>
<trkpt lat="58.23927498" lon="15.30490316">
<ele>132.4</ele>
<time>2026-09-06T10:15:45Z</time>
<extensions>
<tp1:TrackPointExtension>
<tp1:hr>163</tp1:hr>
</tp1:TrackPointExtension>
</extensions>
</trkpt>
<trkpt lat="58.23929359" lon="15.30486158">
<ele>131.8</ele>
<time>2026-09-06T10:15:46Z</time>
<extensions>
<tp1:TrackPointExtension>
<tp1:hr>163</tp1:hr>
</tp1:TrackPointExtension>
</extensions>
</trkpt>
<trkpt lat="58.23931128" lon="15.30481674">
<ele>131.2</ele>
<time>2026-09-06T10:15:47Z</time>
<extensions>
<tp1:TrackPointExtension>
<tp1:hr>164</tp1:hr>
</tp1:TrackPointExtension>
</extensions>
</trkpt>
<trkpt lat="58.2393236" lon="15.30477047">
<ele>131.0</ele>
<time>2026-09-06T10:15:48Z</time>
<extensions>
<tp1:TrackPointExtension>
<tp1:hr>163</tp1:hr>
</tp1:TrackPointExtension>
</extensions>
</trkpt>
<trkpt lat="58.23933165" lon="15.30471171">
<ele>130.8</ele>
<time>2026-09-06T10:15:49Z</time>
<extensions>
<tp1:TrackPointExtension>
<tp1:hr>163</tp1:hr>
</tp1:TrackPointExtension>
</extensions>
</trkpt>
<trkpt lat="58.23934405" lon="15.30466729">
<ele>130.2</ele>
<time>2026-09-06T10:15:50Z</time>
<extensions>
<tp1:TrackPointExtension>
<tp1:hr>163</tp1:hr>
</tp1:TrackPointExtension>
</extensions>
</trkpt>
<trkpt lat="58.23935587" lon="15.30462706">
<ele>130.0</ele>
<time>2026-09-06T10:15:51Z</time>
<extensions>
<tp1:TrackPointExtension>
<tp1:hr>163</tp1:hr>
</tp1:TrackPointExtension>
</extensions>
</trkpt>
<trkpt lat="58.23936945" lon="15.30458682">
<ele>130.0</ele>
<time>2026-09-06T10:15:52Z</time>
<extensions>
<tp1:TrackPointExtension>
<tp1:hr>163</tp1:hr>
</tp1:TrackPointExtension>
</extensions>
</trkpt>
<trkpt lat="58.2393806" lon="15.30454525">
<ele>130.0</ele>
<time>2026-09-06T10:15:53Z</time>
<extensions>
<tp1:TrackPointExtension>
<tp1:hr>163</tp1:hr>
</tp1:TrackPointExtension>
</extensions>
</trkpt>
<trkpt lat="58.23938093" lon="15.30449093">
<ele>130.0</ele>
<time>2026-09-06T10:15:54Z</time>
<extensions>
<tp1:TrackPointExtension>
<tp1:hr>163</tp1:hr>
</tp1:TrackPointExtension>
</extensions>
</trkpt>
<trkpt lat="58.23938479" lon="15.30445053">
<ele>130.0</ele>
<time>2026-09-06T10:15:55Z</time>
<extensions>
<tp1:TrackPointExtension>
<tp1:hr>163</tp1:hr>
</tp1:TrackPointExtension>
</extensions>
</trkpt>
<trkpt lat="58.23939099" lon="15.3043911">
<ele>130.0</ele>
<time>2026-09-06T10:15:56Z</time>
<extensions>
<tp1:TrackPointExtension>
<tp1:hr>163</tp1:hr>
</tp1:TrackPointExtension>
</extensions>
</trkpt>
<trkpt lat="58.23940733" lon="15.30434752">
<ele>130.0</ele>
<time>2026-09-06T10:15:57Z</time>
<extensions>
<tp1:TrackPointExtension>
<tp1:hr>163</tp1:hr>
</tp1:TrackPointExtension>
</extensions>
</trkpt>
<trkpt lat="58.23942452" lon="15.30431005">
<ele>129.8</ele>
<time>2026-09-06T10:15:58Z</time>
<extensions>
<tp1:TrackPointExtension>
<tp1:hr>162</tp1:hr>
</tp1:TrackPointExtension>
</extensions>
</trkpt>
<trkpt lat="58.23943977" lon="15.30427099">
<ele>129.8</ele>
<time>2026-09-06T10:15:59Z</time>
<extensions>
<tp1:TrackPointExtension>
<tp1:hr>162</tp1:hr>
</tp1:TrackPointExtension>
</extensions>
</trkpt>
<trkpt lat="58.23944924" lon="15.30423302">
<ele>129.4</ele>
<time>2026-09-06T10:16:00Z</time>
<extensions>
<tp1:TrackPointExtension>
<tp1:hr>162</tp1:hr>
</tp1:TrackPointExtension>
</extensions>
</trkpt>
<trkpt lat="58.23946182" lon="15.30418525">
<ele>129.0</ele>
<time>2026-09-06T10:16:01Z</time>
<extensions>
<tp1:TrackPointExtension>
<tp1:hr>161</tp1:hr>
</tp1:TrackPointExtension>
</extensions>
</trkpt>
<trkpt lat="58.23947079" lon="15.3041368">
<ele>128.4</ele>
<time>2026-09-06T10:16:02Z</time>
<extensions>
<tp1:TrackPointExtension>
<tp1:hr>162</tp1:hr>
</tp1:TrackPointExtension>
</extensions>
</trkpt>
<trkpt lat="58.23948244" lon="15.3040964">
<ele>127.8</ele>
<time>2026-09-06T10:16:03Z</time>
<extensions>
<tp1:TrackPointExtension>
<tp1:hr>162</tp1:hr>
</tp1:TrackPointExtension>
</extensions>
</trkpt>
<trkpt lat="58.23949903" lon="15.30404233">
<ele>127.2</ele>
<time>2026-09-06T10:16:04Z</time>
<extensions>
<tp1:TrackPointExtension>
<tp1:hr>162</tp1:hr>
</tp1:TrackPointExtension>
</extensions>
</trkpt>
<trkpt lat="58.23952368" lon="15.30399757">
<ele>126.4</ele>
<time>2026-09-06T10:16:05Z</time>
<extensions>
<tp1:TrackPointExtension>
<tp1:hr>161</tp1:hr>
</tp1:TrackPointExtension>
</extensions>
</trkpt>
<trkpt lat="58.2395458" lon="15.303956">
<ele>125.6</ele>
<time>2026-09-06T10:16:06Z</time>
<extensions>
<tp1:TrackPointExtension>
<tp1:hr>161</tp1:hr>
</tp1:TrackPointExtension>
</extensions>
</trkpt>
<trkpt lat="58.23956072" lon="15.3039156">
<ele>125.0</ele>
<time>2026-09-06T10:16:07Z</time>
<extensions>
<tp1:TrackPointExtension>
<tp1:hr>161</tp1:hr>
</tp1:TrackPointExtension>
</extensions>
</trkpt>
<trkpt lat="58.23956081" lon="15.30386942">
<ele>124.8</ele>
<time>2026-09-06T10:16:08Z</time>
<extensions>
<tp1:TrackPointExtension>
<tp1:hr>161</tp1:hr>
</tp1:TrackPointExtension>
</extensions>
</trkpt>
<trkpt lat="58.23955528" lon="15.30379456">
<ele>124.6</ele>
<time>2026-09-06T10:16:09Z</time>
<extensions>
<tp1:TrackPointExtension>
<tp1:hr>161</tp1:hr>
</tp1:TrackPointExtension>
</extensions>
</trkpt>
<trkpt lat="58.23954295" lon="15.30375056">
<ele>124.8</ele>
<time>2026-09-06T10:16:10Z</time>
<extensions>
<tp1:TrackPointExtension>
<tp1:hr>161</tp1:hr>
</tp1:TrackPointExtension>
</extensions>
</trkpt>
<trkpt lat="58.23953256" lon="15.30370438">
<ele>125.0</ele>
<time>2026-09-06T10:16:11Z</time>
<extensions>
<tp1:TrackPointExtension>
<tp1:hr>161</tp1:hr>
</tp1:TrackPointExtension>
</extensions>
</trkpt>
<trkpt lat="58.23953449" lon="15.3036478">
<ele>125.2</ele>
<time>2026-09-06T10:16:12Z</time>
<extensions>
<tp1:TrackPointExtension>
<tp1:hr>160</tp1:hr>
</tp1:TrackPointExtension>
</extensions>
</trkpt>
<trkpt lat="58.23955117" lon="15.3036053">
<ele>125.2</ele>
<time>2026-09-06T10:16:13Z</time>
<extensions>
<tp1:TrackPointExtension>
<tp1:hr>160</tp1:hr>
</tp1:TrackPointExtension>
</extensions>
</trkpt>
<trkpt lat="58.23956332" lon="15.30356943">
<ele>125.2</ele>
<time>2026-09-06T10:16:14Z</time>
<extensions>
<tp1:TrackPointExtension>
<tp1:hr>160</tp1:hr>
</tp1:TrackPointExtension>
</extensions>
</trkpt>
<trkpt lat="58.23957145" lon="15.30353129">
<ele>125.2</ele>
<time>2026-09-06T10:16:15Z</time>
<extensions>
<tp1:TrackPointExtension>
<tp1:hr>160</tp1:hr>
</tp1:TrackPointExtension>
</extensions>
</trkpt>
<trkpt lat="58.23957179" lon="15.30349382">
<ele>125.2</ele>
<time>2026-09-06T10:16:16Z</time>
<extensions>
<tp1:TrackPointExtension>
<tp1:hr>160</tp1:hr>
</tp1:TrackPointExtension>
</extensions>
</trkpt>
<trkpt lat="58.23957514" lon="15.30346013">
<ele>125.2</ele>
<time>2026-09-06T10:16:17Z</time>
<extensions>
<tp1:TrackPointExtension>
<tp1:hr>159</tp1:hr>
</tp1:TrackPointExtension>
</extensions>
</trkpt>
<trkpt lat="58.23957833" lon="15.3034157">
<ele>125.4</ele>
<time>2026-09-06T10:16:18Z</time>
<extensions>
<tp1:TrackPointExtension>
<tp1:hr>159</tp1:hr>
</tp1:TrackPointExtension>
</extensions>
</trkpt>
<trkpt lat="58.23958134" lon="15.30335644">
<ele>125.4</ele>
<time>2026-09-06T10:16:19Z</time>
<extensions>
<tp1:TrackPointExtension>
<tp1:hr>159</tp1:hr>
</tp1:TrackPointExtension>
</extensions>
</trkpt>
<trkpt lat="58.23958143" lon="15.30331478">
<ele>125.6</ele>
<time>2026-09-06T10:16:20Z</time>
<extensions>
<tp1:TrackPointExtension>
<tp1:hr>158</tp1:hr>
</tp1:TrackPointExtension>
</extensions>
</trkpt>
<trkpt lat="58.23957698" lon="15.30326743">
<ele>125.8</ele>
<time>2026-09-06T10:16:21Z</time>
<extensions>
<tp1:TrackPointExtension>
<tp1:hr>158</tp1:hr>
</tp1:TrackPointExtension>
</extensions>
</trkpt>
<trkpt lat="58.2395764" lon="15.3032505">
<ele>126.2</ele>
<time>2026-09-06T10:16:22Z</time>
<extensions>
<tp1:TrackPointExtension>
<tp1:hr>158</tp1:hr>
</tp1:TrackPointExtension>
</extensions>
</trkpt>
<trkpt lat="58.23957422" lon="15.30322568">
<ele>126.4</ele>
<time>2026-09-06T10:16:23Z</time>
<extensions>
<tp1:TrackPointExtension>
<tp1:hr>158</tp1:hr>
</tp1:TrackPointExtension>
</extensions>
</trkpt>
<trkpt lat="58.23957439" lon="15.30319626">
<ele>126.8</ele>
<time>2026-09-06T10:16:24Z</time>
<extensions>
<tp1:TrackPointExtension>
<tp1:hr>158</tp1:hr>
</tp1:TrackPointExtension>
</extensions>
</trkpt>
<trkpt lat="58.23957447" lon="15.30317472">
<ele>127.2</ele>
<time>2026-09-06T10:16:25Z</time>
<extensions>
<tp1:TrackPointExtension>
<tp1:hr>159</tp1:hr>
</tp1:TrackPointExtension>
</extensions>
</trkpt>
<trkpt lat="58.23957187" lon="15.3031443">
<ele>127.6</ele>
<time>2026-09-06T10:16:26Z</time>
<extensions>
<tp1:TrackPointExtension>
<tp1:hr>158</tp1:hr>
</tp1:TrackPointExtension>
</extensions>
</trkpt>
<trkpt lat="58.23957849" lon="15.30310624">
<ele>127.8</ele>
<time>2026-09-06T10:16:27Z</time>
<extensions>
<tp1:TrackPointExtension>
<tp1:hr>158</tp1:hr>
</tp1:TrackPointExtension>
</extensions>
</trkpt>
<trkpt lat="58.23959584" lon="15.3030816">
<ele>128.0</ele>
<time>2026-09-06T10:16:28Z</time>
<extensions>
<tp1:TrackPointExtension>
<tp1:hr>158</tp1:hr>
</tp1:TrackPointExtension>
</extensions>
</trkpt>
<trkpt lat="58.23960464" lon="15.30305947">
<ele>128.0</ele>
<time>2026-09-06T10:16:29Z</time>
<extensions>
<tp1:TrackPointExtension>
<tp1:hr>158</tp1:hr>
</tp1:TrackPointExtension>
</extensions>
</trkpt>
<trkpt lat="58.23961789" lon="15.30302988">
<ele>128.0</ele>
<time>2026-09-06T10:16:30Z</time>
<extensions>
<tp1:TrackPointExtension>
<tp1:hr>158</tp1:hr>
</tp1:TrackPointExtension>
</extensions>
</trkpt>
<trkpt lat="58.23963163" lon="15.30298688">
<ele>128.2</ele>
<time>2026-09-06T10:16:31Z</time>
<extensions>
<tp1:TrackPointExtension>
<tp1:hr>158</tp1:hr>
</tp1:TrackPointExtension>
</extensions>
</trkpt>
<trkpt lat="58.23964764" lon="15.30292503">
<ele>128.4</ele>
<time>2026-09-06T10:16:32Z</time>
<extensions>
<tp1:TrackPointExtension>
<tp1:hr>158</tp1:hr>
</tp1:TrackPointExtension>
</extensions>
</trkpt>
<trkpt lat="58.23965628" lon="15.30287884">
<ele>128.6</ele>
<time>2026-09-06T10:16:33Z</time>
<extensions>
<tp1:TrackPointExtension>
<tp1:hr>158</tp1:hr>
</tp1:TrackPointExtension>
</extensions>
</trkpt>
<trkpt lat="58.23964949" lon="15.30283115">
<ele>128.8</ele>
<time>2026-09-06T10:16:34Z</time>
<extensions>
<tp1:TrackPointExtension>
<tp1:hr>159</tp1:hr>
</tp1:TrackPointExtension>
</extensions>
</trkpt>
<trkpt lat="58.23964655" lon="15.30278999">
<ele>128.8</ele>
<time>2026-09-06T10:16:35Z</time>
<extensions>
<tp1:TrackPointExtension>
<tp1:hr>160</tp1:hr>
</tp1:TrackPointExtension>
</extensions>
</trkpt>
<trkpt lat="58.23964312" lon="15.3027449">
<ele>128.8</ele>
<time>2026-09-06T10:16:36Z</time>
<extensions>
<tp1:TrackPointExtension>
<tp1:hr>160</tp1:hr>
</tp1:TrackPointExtension>
</extensions>
</trkpt>
<trkpt lat="58.2396365" lon="15.3027024">
<ele>128.6</ele>
<time>2026-09-06T10:16:37Z</time>
<extensions>
<tp1:TrackPointExtension>
<tp1:hr>161</tp1:hr>
</tp1:TrackPointExtension>
</extensions>
</trkpt>
<trkpt lat="58.23961956" lon="15.3026729">
<ele>128.6</ele>
<time>2026-09-06T10:16:38Z</time>
<extensions>
<tp1:TrackPointExtension>
<tp1:hr>162</tp1:hr>
</tp1:TrackPointExtension>
</extensions>
</trkpt>
<trkpt lat="58.2396106" lon="15.30264775">
<ele>128.6</ele>
<time>2026-09-06T10:16:39Z</time>
<extensions>
<tp1:TrackPointExtension>
<tp1:hr>162</tp1:hr>
</tp1:TrackPointExtension>
</extensions>
</trkpt>
<trkpt lat="58.23960565" lon="15.30263811">
<ele>129.0</ele>
<time>2026-09-06T10:16:40Z</time>
<extensions>
<tp1:TrackPointExtension>
<tp1:hr>162</tp1:hr>
</tp1:TrackPointExtension>
</extensions>
</trkpt>
<trkpt lat="58.23960146" lon="15.3026263">
<ele>129.4</ele>
<time>2026-09-06T10:16:41Z</time>
<extensions>
<tp1:TrackPointExtension>
<tp1:hr>162</tp1:hr>
</tp1:TrackPointExtension>
</extensions>
</trkpt>
<trkpt lat="58.23959492" lon="15.30262177">
<ele>130.0</ele>
<time>2026-09-06T10:16:42Z</time>
<extensions>
<tp1:TrackPointExtension>
<tp1:hr>162</tp1:hr>
</tp1:TrackPointExtension>
</extensions>
</trkpt>
<trkpt lat="58.23959341" lon="15.30260886">
<ele>130.4</ele>
<time>2026-09-06T10:16:43Z</time>
<extensions>
<tp1:TrackPointExtension>
<tp1:hr>162</tp1:hr>
</tp1:TrackPointExtension>
</extensions>
</trkpt>
<trkpt lat="58.2395862" lon="15.3026045">
<ele>131.0</ele>
<time>2026-09-06T10:16:44Z</time>
<extensions>
<tp1:TrackPointExtension>
<tp1:hr>163</tp1:hr>
</tp1:TrackPointExtension>
</extensions>
</trkpt>
<trkpt lat="58.23958671" lon="15.30259017">
<ele>131.6</ele>
<time>2026-09-06T10:16:45Z</time>
<extensions>
<tp1:TrackPointExtension>
<tp1:hr>163</tp1:hr>
</tp1:TrackPointExtension>
</extensions>
</trkpt>
<trkpt lat="58.23959375" lon="15.30255119">
<ele>132.0</ele>
<time>2026-09-06T10:16:46Z</time>
<extensions>
<tp1:TrackPointExtension>
<tp1:hr>163</tp1:hr>
</tp1:TrackPointExtension>
</extensions>
</trkpt>
<trkpt lat="58.23960758" lon="15.30251842">
<ele>132.4</ele>
<time>2026-09-06T10:16:47Z</time>
<extensions>
<tp1:TrackPointExtension>
<tp1:hr>164</tp1:hr>
</tp1:TrackPointExtension>
</extensions>
</trkpt>
<trkpt lat="58.23961554" lon="15.30247844">
<ele>132.6</ele>
<time>2026-09-06T10:16:48Z</time>
<extensions>
<tp1:TrackPointExtension>
<tp1:hr>164</tp1:hr>
</tp1:TrackPointExtension>
</extensions>
</trkpt>
<trkpt lat="58.2396168" lon="15.3024455">
<ele>132.6</ele>
<time>2026-09-06T10:16:49Z</time>
<extensions>
<tp1:TrackPointExtension>
<tp1:hr>163</tp1:hr>
</tp1:TrackPointExtension>
</extensions>
</trkpt>
<trkpt lat="58.23962049" lon="15.30240619">
<ele>132.8</ele>
<time>2026-09-06T10:16:50Z</time>
<extensions>
<tp1:TrackPointExtension>
<tp1:hr>163</tp1:hr>
</tp1:TrackPointExtension>
</extensions>
</trkpt>
<trkpt lat="58.23962158" lon="15.30235304">
<ele>132.6</ele>
<time>2026-09-06T10:16:51Z</time>
<extensions>
<tp1:TrackPointExtension>
<tp1:hr>163</tp1:hr>
</tp1:TrackPointExtension>
</extensions>
</trkpt>
<trkpt lat="58.23962409" lon="15.30231197">
<ele>132.4</ele>
<time>2026-09-06T10:16:52Z</time>
<extensions>
<tp1:TrackPointExtension>
<tp1:hr>162</tp1:hr>
</tp1:TrackPointExtension>
</extensions>
</trkpt>
<trkpt lat="58.23963021" lon="15.30226529">
<ele>132.4</ele>
<time>2026-09-06T10:16:53Z</time>
<extensions>
<tp1:TrackPointExtension>
<tp1:hr>163</tp1:hr>
</tp1:TrackPointExtension>
</extensions>
</trkpt>
<trkpt lat="58.23963675" lon="15.30222782">
<ele>132.4</ele>
<time>2026-09-06T10:16:54Z</time>
<extensions>
<tp1:TrackPointExtension>
<tp1:hr>163</tp1:hr>
</tp1:TrackPointExtension>
</extensions>
</trkpt>
<trkpt lat="58.23964102" lon="15.30219731">
<ele>132.4</ele>
<time>2026-09-06T10:16:55Z</time>
<extensions>
<tp1:TrackPointExtension>
<tp1:hr>163</tp1:hr>
</tp1:TrackPointExtension>
</extensions>
</trkpt>
<trkpt lat="58.23964706" lon="15.30213671">
<ele>132.4</ele>
<time>2026-09-06T10:16:56Z</time>
<extensions>
<tp1:TrackPointExtension>
<tp1:hr>162</tp1:hr>
</tp1:TrackPointExtension>
</extensions>
</trkpt>
<trkpt lat="58.23966273" lon="15.30211492">
<ele>132.6</ele>
<time>2026-09-06T10:16:57Z</time>
<extensions>
<tp1:TrackPointExtension>
<tp1:hr>163</tp1:hr>
</tp1:TrackPointExtension>
</extensions>
</trkpt>
<trkpt lat="58.2396805" lon="15.30208784">
<ele>132.8</ele>
<time>2026-09-06T10:16:58Z</time>
<extensions>
<tp1:TrackPointExtension>
<tp1:hr>163</tp1:hr>
</tp1:TrackPointExtension>
</extensions>
</trkpt>
<trkpt lat="58.23969148" lon="15.30205775">
<ele>132.9</ele>
<time>2026-09-06T10:16:59Z</time>
<extensions>
<tp1:TrackPointExtension>
<tp1:hr>164</tp1:hr>
</tp1:TrackPointExtension>
</extensions>
</trkpt>
<trkpt lat="58.23970037" lon="15.30201936">
<ele>132.9</ele>
<time>2026-09-06T10:17:00Z</time>
<extensions>
<tp1:TrackPointExtension>
<tp1:hr>163</tp1:hr>
</tp1:TrackPointExtension>
</extensions>
</trkpt>
<trkpt lat="58.23970338" lon="15.30198433">
<ele>132.9</ele>
<time>2026-09-06T10:17:01Z</time>
<extensions>
<tp1:TrackPointExtension>
<tp1:hr>163</tp1:hr>
</tp1:TrackPointExtension>
</extensions>
</trkpt>
<trkpt lat="58.2397012" lon="15.30196463">
<ele>133.1</ele>
<time>2026-09-06T10:17:02Z</time>
<extensions>
<tp1:TrackPointExtension>
<tp1:hr>163</tp1:hr>
</tp1:TrackPointExtension>
</extensions>
</trkpt>
<trkpt lat="58.23969207" lon="15.30194334">
<ele>133.3</ele>
<time>2026-09-06T10:17:03Z</time>
<extensions>
<tp1:TrackPointExtension>
<tp1:hr>163</tp1:hr>
</tp1:TrackPointExtension>
</extensions>
</trkpt>
<trkpt lat="58.23968536" lon="15.30192641">
<ele>133.5</ele>
<time>2026-09-06T10:17:04Z</time>
<extensions>
<tp1:TrackPointExtension>
<tp1:hr>163</tp1:hr>
</tp1:TrackPointExtension>
</extensions>
</trkpt>
<trkpt lat="58.23967899" lon="15.30190763">
<ele>133.9</ele>
<time>2026-09-06T10:17:05Z</time>
<extensions>
<tp1:TrackPointExtension>
<tp1:hr>163</tp1:hr>
</tp1:TrackPointExtension>
</extensions>
</trkpt>
<trkpt lat="58.23967153" lon="15.3018876">
<ele>134.3</ele>
<time>2026-09-06T10:17:06Z</time>
<extensions>
<tp1:TrackPointExtension>
<tp1:hr>163</tp1:hr>
</tp1:TrackPointExtension>
</extensions>
</trkpt>
<trkpt lat="58.23965695" lon="15.30186857">
<ele>134.7</ele>
<time>2026-09-06T10:17:07Z</time>
<extensions>
<tp1:TrackPointExtension>
<tp1:hr>162</tp1:hr>
</tp1:TrackPointExtension>
</extensions>
</trkpt>
<trkpt lat="58.23964697" lon="15.30184267">
<ele>135.1</ele>
<time>2026-09-06T10:17:08Z</time>
<extensions>
<tp1:TrackPointExtension>
<tp1:hr>162</tp1:hr>
</tp1:TrackPointExtension>
</extensions>
</trkpt>
<trkpt lat="58.23964094" lon="15.301828">
<ele>135.5</ele>
<time>2026-09-06T10:17:09Z</time>
<extensions>
<tp1:TrackPointExtension>
<tp1:hr>163</tp1:hr>
</tp1:TrackPointExtension>
</extensions>
</trkpt>
<trkpt lat="58.23962769" lon="15.30179171">
<ele>135.9</ele>
<time>2026-09-06T10:17:10Z</time>
<extensions>
<tp1:TrackPointExtension>
<tp1:hr>164</tp1:hr>
</tp1:TrackPointExtension>
</extensions>
</trkpt>
<trkpt lat="58.23961814" lon="15.30177243">
<ele>136.1</ele>
<time>2026-09-06T10:17:11Z</time>
<extensions>
<tp1:TrackPointExtension>
<tp1:hr>164</tp1:hr>
</tp1:TrackPointExtension>
</extensions>
</trkpt>
<trkpt lat="58.23960112" lon="15.30174938">
<ele>136.3</ele>
<time>2026-09-06T10:17:12Z</time>
<extensions>
<tp1:TrackPointExtension>
<tp1:hr>165</tp1:hr>
</tp1:TrackPointExtension>
</extensions>
</trkpt>
<trkpt lat="58.2395826" lon="15.30171066">
<ele>136.5</ele>
<time>2026-09-06T10:17:13Z</time>
<extensions>
<tp1:TrackPointExtension>
<tp1:hr>165</tp1:hr>
</tp1:TrackPointExtension>
</extensions>
</trkpt>
<trkpt lat="58.23957657" lon="15.30167545">
<ele>136.7</ele>
<time>2026-09-06T10:17:14Z</time>
<extensions>
<tp1:TrackPointExtension>
<tp1:hr>165</tp1:hr>
</tp1:TrackPointExtension>
</extensions>
</trkpt>
<trkpt lat="58.23957288" lon="15.3016472">
<ele>136.9</ele>
<time>2026-09-06T10:17:15Z</time>
<extensions>
<tp1:TrackPointExtension>
<tp1:hr>165</tp1:hr>
</tp1:TrackPointExtension>
</extensions>
</trkpt>
<trkpt lat="58.23956399" lon="15.30163237">
<ele>137.1</ele>
<time>2026-09-06T10:17:16Z</time>
<extensions>
<tp1:TrackPointExtension>
<tp1:hr>165</tp1:hr>
</tp1:TrackPointExtension>
</extensions>
</trkpt>
<trkpt lat="58.23956659" lon="15.30159222">
<ele>137.5</ele>
<time>2026-09-06T10:17:17Z</time>
<extensions>
<tp1:TrackPointExtension>
<tp1:hr>165</tp1:hr>
</tp1:TrackPointExtension>
</extensions>
</trkpt>
<trkpt lat="58.2395681" lon="15.30153983">
<ele>137.5</ele>
<time>2026-09-06T10:17:18Z</time>
<extensions>
<tp1:TrackPointExtension>
<tp1:hr>164</tp1:hr>
</tp1:TrackPointExtension>
</extensions>
</trkpt>
<trkpt lat="58.23956785" lon="15.30149373">
<ele>137.5</ele>
<time>2026-09-06T10:17:19Z</time>
<extensions>
<tp1:TrackPointExtension>
<tp1:hr>165</tp1:hr>
</tp1:TrackPointExtension>
</extensions>
</trkpt>
<trkpt lat="58.23956399" lon="15.3014535">
<ele>137.1</ele>
<time>2026-09-06T10:17:20Z</time>
<extensions>
<tp1:TrackPointExtension>
<tp1:hr>165</tp1:hr>
</tp1:TrackPointExtension>
</extensions>
</trkpt>
<trkpt lat="58.23955947" lon="15.30141075">
<ele>136.5</ele>
<time>2026-09-06T10:17:21Z</time>
<extensions>
<tp1:TrackPointExtension>
<tp1:hr>165</tp1:hr>
</tp1:TrackPointExtension>
</extensions>
</trkpt>
<trkpt lat="58.23955829" lon="15.30136725">
<ele>135.9</ele>
<time>2026-09-06T10:17:22Z</time>
<extensions>
<tp1:TrackPointExtension>
<tp1:hr>165</tp1:hr>
</tp1:TrackPointExtension>
</extensions>
</trkpt>
<trkpt lat="58.23955201" lon="15.30134227">
<ele>135.5</ele>
<time>2026-09-06T10:17:23Z</time>
<extensions>
<tp1:TrackPointExtension>
<tp1:hr>164</tp1:hr>
</tp1:TrackPointExtension>
</extensions>
</trkpt>
<trkpt lat="58.23952979" lon="15.30131168">
<ele>135.1</ele>
<time>2026-09-06T10:17:24Z</time>
<extensions>
<tp1:TrackPointExtension>
<tp1:hr>164</tp1:hr>
</tp1:TrackPointExtension>
</extensions>
</trkpt>
<trkpt lat="58.23951772" lon="15.30128242">
<ele>134.9</ele>
<time>2026-09-06T10:17:25Z</time>
<extensions>
<tp1:TrackPointExtension>
<tp1:hr>164</tp1:hr>
</tp1:TrackPointExtension>
</extensions>
</trkpt>
<trkpt lat="58.23951186" lon="15.3012665">
<ele>134.9</ele>
<time>2026-09-06T10:17:26Z</time>
<extensions>
<tp1:TrackPointExtension>
<tp1:hr>164</tp1:hr>
</tp1:TrackPointExtension>
</extensions>
</trkpt>
<trkpt lat="58.23950901" lon="15.30123817">
<ele>135.1</ele>
<time>2026-09-06T10:17:27Z</time>
<extensions>
<tp1:TrackPointExtension>
<tp1:hr>165</tp1:hr>
</tp1:TrackPointExtension>
</extensions>
</trkpt>
<trkpt lat="58.23950524" lon="15.30120607">
<ele>134.9</ele>
<time>2026-09-06T10:17:28Z</time>
<extensions>
<tp1:TrackPointExtension>
<tp1:hr>164</tp1:hr>
</tp1:TrackPointExtension>
</extensions>
</trkpt>
<trkpt lat="58.23949987" lon="15.30117773">
<ele>134.9</ele>
<time>2026-09-06T10:17:29Z</time>
<extensions>
<tp1:TrackPointExtension>
<tp1:hr>164</tp1:hr>
</tp1:TrackPointExtension>
</extensions>
</trkpt>
<trkpt lat="58.23949073" lon="15.30115494">
<ele>135.1</ele>
<time>2026-09-06T10:17:30Z</time>
<extensions>
<tp1:TrackPointExtension>
<tp1:hr>164</tp1:hr>
</tp1:TrackPointExtension>
</extensions>
</trkpt>
<trkpt lat="58.23948151" lon="15.30114505">
<ele>135.1</ele>
<time>2026-09-06T10:17:31Z</time>
<extensions>
<tp1:TrackPointExtension>
<tp1:hr>165</tp1:hr>
</tp1:TrackPointExtension>
</extensions>
</trkpt>
<trkpt lat="58.2394702" lon="15.30113499">
<ele>135.1</ele>
<time>2026-09-06T10:17:32Z</time>
<extensions>
<tp1:TrackPointExtension>
<tp1:hr>164</tp1:hr>
</tp1:TrackPointExtension>
</extensions>
</trkpt>
<trkpt lat="58.2394588" lon="15.3011173">
<ele>135.1</ele>
<time>2026-09-06T10:17:33Z</time>
<extensions>
<tp1:TrackPointExtension>
<tp1:hr>164</tp1:hr>
</tp1:TrackPointExtension>
</extensions>
</trkpt>
<trkpt lat="58.23944455" lon="15.30109433">
<ele>135.1</ele>
<time>2026-09-06T10:17:34Z</time>
<extensions>
<tp1:TrackPointExtension>
<tp1:hr>164</tp1:hr>
</tp1:TrackPointExtension>
</extensions>
</trkpt>
<trkpt lat="58.23943139" lon="15.30107271">
<ele>135.1</ele>
<time>2026-09-06T10:17:35Z</time>
<extensions>
<tp1:TrackPointExtension>
<tp1:hr>163</tp1:hr>
</tp1:TrackPointExtension>
</extensions>
</trkpt>
<trkpt lat="58.23941479" lon="15.30104388">
<ele>134.9</ele>
<time>2026-09-06T10:17:36Z</time>
<extensions>
<tp1:TrackPointExtension>
<tp1:hr>163</tp1:hr>
</tp1:TrackPointExtension>
</extensions>
</trkpt>
<trkpt lat="58.2394039" lon="15.30102066">
<ele>134.5</ele>
<time>2026-09-06T10:17:37Z</time>
<extensions>
<tp1:TrackPointExtension>
<tp1:hr>163</tp1:hr>
</tp1:TrackPointExtension>
</extensions>
</trkpt>
<trkpt lat="58.2393894" lon="15.30100356">
<ele>134.3</ele>
<time>2026-09-06T10:17:38Z</time>
<extensions>
<tp1:TrackPointExtension>
<tp1:hr>164</tp1:hr>
</tp1:TrackPointExtension>
</extensions>
</trkpt>
<trkpt lat="58.23937573" lon="15.30098386">
<ele>133.9</ele>
<time>2026-09-06T10:17:39Z</time>
<extensions>
<tp1:TrackPointExtension>
<tp1:hr>164</tp1:hr>
</tp1:TrackPointExtension>
</extensions>
</trkpt>
<trkpt lat="58.23935352" lon="15.30096224">
<ele>133.7</ele>
<time>2026-09-06T10:17:40Z</time>
<extensions>
<tp1:TrackPointExtension>
<tp1:hr>164</tp1:hr>
</tp1:TrackPointExtension>
</extensions>
</trkpt>
<trkpt lat="58.23933039" lon="15.30093516">
<ele>133.5</ele>
<time>2026-09-06T10:17:41Z</time>
<extensions>
<tp1:TrackPointExtension>
<tp1:hr>165</tp1:hr>
</tp1:TrackPointExtension>
</extensions>
</trkpt>
<trkpt lat="58.23932972" lon="15.3008821">
<ele>133.5</ele>
<time>2026-09-06T10:17:42Z</time>
<extensions>
<tp1:TrackPointExtension>
<tp1:hr>165</tp1:hr>
</tp1:TrackPointExtension>
</extensions>
</trkpt>
<trkpt lat="58.23931966" lon="15.30084942">
<ele>133.5</ele>
<time>2026-09-06T10:17:43Z</time>
<extensions>
<tp1:TrackPointExtension>
<tp1:hr>164</tp1:hr>
</tp1:TrackPointExtension>
</extensions>
</trkpt>
<trkpt lat="58.23931505" lon="15.30083156">
<ele>133.5</ele>
<time>2026-09-06T10:17:44Z</time>
<extensions>
<tp1:TrackPointExtension>
<tp1:hr>164</tp1:hr>
</tp1:TrackPointExtension>
</extensions>
</trkpt>
<trkpt lat="58.23931354" lon="15.30080357">
<ele>133.5</ele>
<time>2026-09-06T10:17:45Z</time>
<extensions>
<tp1:TrackPointExtension>
<tp1:hr>164</tp1:hr>
</tp1:TrackPointExtension>
</extensions>
</trkpt>
<trkpt lat="58.23931882" lon="15.30079183">
<ele>133.3</ele>
<time>2026-09-06T10:17:46Z</time>
<extensions>
<tp1:TrackPointExtension>
<tp1:hr>165</tp1:hr>
</tp1:TrackPointExtension>
</extensions>
</trkpt>
<trkpt lat="58.23932888" lon="15.30078513">
<ele>133.3</ele>
<time>2026-09-06T10:17:47Z</time>
<extensions>
<tp1:TrackPointExtension>
<tp1:hr>165</tp1:hr>
</tp1:TrackPointExtension>
</extensions>
</trkpt>
<trkpt lat="58.23934087" lon="15.30077088">
<ele>133.5</ele>
<time>2026-09-06T10:17:48Z</time>
<extensions>
<tp1:TrackPointExtension>
<tp1:hr>164</tp1:hr>
</tp1:TrackPointExtension>
</extensions>
</trkpt>
<trkpt lat="58.23936123" lon="15.30075545">
<ele>133.5</ele>
<time>2026-09-06T10:17:49Z</time>
<extensions>
<tp1:TrackPointExtension>
<tp1:hr>164</tp1:hr>
</tp1:TrackPointExtension>
</extensions>
</trkpt>
<trkpt lat="58.23938906" lon="15.30073525">
<ele>133.7</ele>
<time>2026-09-06T10:17:50Z</time>
<extensions>
<tp1:TrackPointExtension>
<tp1:hr>164</tp1:hr>
</tp1:TrackPointExtension>
</extensions>
</trkpt>
<trkpt lat="58.23941756" lon="15.30070944">
<ele>133.7</ele>
<time>2026-09-06T10:17:51Z</time>
<extensions>
<tp1:TrackPointExtension>
<tp1:hr>164</tp1:hr>
</tp1:TrackPointExtension>
</extensions>
</trkpt>
<trkpt lat="58.23944271" lon="15.30068739">
<ele>133.9</ele>
<time>2026-09-06T10:17:52Z</time>
<extensions>
<tp1:TrackPointExtension>
<tp1:hr>165</tp1:hr>
</tp1:TrackPointExtension>
</extensions>
</trkpt>
<trkpt lat="58.2394619" lon="15.30067926">
<ele>133.9</ele>
<time>2026-09-06T10:17:53Z</time>
<extensions>
<tp1:TrackPointExtension>
<tp1:hr>165</tp1:hr>
</tp1:TrackPointExtension>
</extensions>
</trkpt>
<trkpt lat="58.23947204" lon="15.3006687">
<ele>133.9</ele>
<time>2026-09-06T10:17:54Z</time>
<extensions>
<tp1:TrackPointExtension>
<tp1:hr>165</tp1:hr>
</tp1:TrackPointExtension>
</extensions>
</trkpt>
<trkpt lat="58.23947791" lon="15.3006449">
<ele>133.9</ele>
<time>2026-09-06T10:17:55Z</time>
<extensions>
<tp1:TrackPointExtension>
<tp1:hr>165</tp1:hr>
</tp1:TrackPointExtension>
</extensions>
</trkpt>
<trkpt lat="58.2394883" lon="15.30061807">
<ele>133.9</ele>
<time>2026-09-06T10:17:56Z</time>
<extensions>
<tp1:TrackPointExtension>
<tp1:hr>164</tp1:hr>
</tp1:TrackPointExtension>
</extensions>
</trkpt>
<trkpt lat="58.23949073" lon="15.3005734">
<ele>133.9</ele>
<time>2026-09-06T10:17:57Z</time>
<extensions>
<tp1:TrackPointExtension>
<tp1:hr>164</tp1:hr>
</tp1:TrackPointExtension>
</extensions>
</trkpt>
<trkpt lat="58.2394956" lon="15.3005299">
<ele>133.7</ele>
<time>2026-09-06T10:17:58Z</time>
<extensions>
<tp1:TrackPointExtension>
<tp1:hr>163</tp1:hr>
</tp1:TrackPointExtension>
</extensions>
</trkpt>
<trkpt lat="58.23950021" lon="15.3004848">
<ele>133.5</ele>
<time>2026-09-06T10:17:59Z</time>
<extensions>
<tp1:TrackPointExtension>
<tp1:hr>163</tp1:hr>
</tp1:TrackPointExtension>
</extensions>
</trkpt>
<trkpt lat="58.23949367" lon="15.3004434">
<ele>133.1</ele>
<time>2026-09-06T10:18:00Z</time>
<extensions>
<tp1:TrackPointExtension>
<tp1:hr>162</tp1:hr>
</tp1:TrackPointExtension>
</extensions>
</trkpt>
<trkpt lat="58.23949291" lon="15.30038112">
<ele>132.5</ele>
<time>2026-09-06T10:18:01Z</time>
<extensions>
<tp1:TrackPointExtension>
<tp1:hr>161</tp1:hr>
</tp1:TrackPointExtension>
</extensions>
</trkpt>
<trkpt lat="58.23949937" lon="15.30033728">
<ele>132.1</ele>
<time>2026-09-06T10:18:02Z</time>
<extensions>
<tp1:TrackPointExtension>
<tp1:hr>161</tp1:hr>
</tp1:TrackPointExtension>
</extensions>
</trkpt>
<trkpt lat="58.23950968" lon="15.30028456">
<ele>131.7</ele>
<time>2026-09-06T10:18:03Z</time>
<extensions>
<tp1:TrackPointExtension>
<tp1:hr>161</tp1:hr>
</tp1:TrackPointExtension>
</extensions>
</trkpt>
<trkpt lat="58.23951446" lon="15.30024106">
<ele>131.3</ele>
<time>2026-09-06T10:18:04Z</time>
<extensions>
<tp1:TrackPointExtension>
<tp1:hr>161</tp1:hr>
</tp1:TrackPointExtension>
</extensions>
</trkpt>
<trkpt lat="58.2395215" lon="15.30018599">
<ele>131.1</ele>
<time>2026-09-06T10:18:05Z</time>
<extensions>
<tp1:TrackPointExtension>
<tp1:hr>161</tp1:hr>
</tp1:TrackPointExtension>
</extensions>
</trkpt>
<trkpt lat="58.23952653" lon="15.30011843">
<ele>130.9</ele>
<time>2026-09-06T10:18:06Z</time>
<extensions>
<tp1:TrackPointExtension>
<tp1:hr>162</tp1:hr>
</tp1:TrackPointExtension>
</extensions>
</trkpt>
<trkpt lat="58.23952753" lon="15.30004651">
<ele>130.1</ele>
<time>2026-09-06T10:18:07Z</time>
<extensions>
<tp1:TrackPointExtension>
<tp1:hr>162</tp1:hr>
</tp1:TrackPointExtension>
</extensions>
</trkpt>
<trkpt lat="58.23952996" lon="15.29998289">
<ele>129.1</ele>
<time>2026-09-06T10:18:08Z</time>
<extensions>
<tp1:TrackPointExtension>
<tp1:hr>162</tp1:hr>
</tp1:TrackPointExtension>
</extensions>
</trkpt>
<trkpt lat="58.23952418" lon="15.29994166">
<ele>128.3</ele>
<time>2026-09-06T10:18:09Z</time>
<extensions>
<tp1:TrackPointExtension>
<tp1:hr>161</tp1:hr>
</tp1:TrackPointExtension>
</extensions>
</trkpt>
<trkpt lat="58.23951026" lon="15.29992866">
<ele>127.5</ele>
<time>2026-09-06T10:18:10Z</time>
<extensions>
<tp1:TrackPointExtension>
<tp1:hr>162</tp1:hr>
</tp1:TrackPointExtension>
</extensions>
</trkpt>
<trkpt lat="58.23949157" lon="15.29992053">
<ele>127.1</ele>
<time>2026-09-06T10:18:11Z</time>
<extensions>
<tp1:TrackPointExtension>
<tp1:hr>162</tp1:hr>
</tp1:TrackPointExtension>
</extensions>
</trkpt>
<trkpt lat="58.23946442" lon="15.29990151">
<ele>126.7</ele>
<time>2026-09-06T10:18:12Z</time>
<extensions>
<tp1:TrackPointExtension>
<tp1:hr>161</tp1:hr>
</tp1:TrackPointExtension>
</extensions>
</trkpt>
<trkpt lat="58.23943902" lon="15.29987846">
<ele>126.7</ele>
<time>2026-09-06T10:18:13Z</time>
<extensions>
<tp1:TrackPointExtension>
<tp1:hr>161</tp1:hr>
</tp1:TrackPointExtension>
</extensions>
</trkpt>
<trkpt lat="58.23941991" lon="15.29984292">
<ele>126.5</ele>
<time>2026-09-06T10:18:14Z</time>
<extensions>
<tp1:TrackPointExtension>
<tp1:hr>161</tp1:hr>
</tp1:TrackPointExtension>
</extensions>
</trkpt>
<trkpt lat="58.23940759" lon="15.29980327">
<ele>126.3</ele>
<time>2026-09-06T10:18:15Z</time>
<extensions>
<tp1:TrackPointExtension>
<tp1:hr>160</tp1:hr>
</tp1:TrackPointExtension>
</extensions>
</trkpt>
<trkpt lat="58.23938889" lon="15.29976195">
<ele>125.9</ele>
<time>2026-09-06T10:18:16Z</time>
<extensions>
<tp1:TrackPointExtension>
<tp1:hr>160</tp1:hr>
</tp1:TrackPointExtension>
</extensions>
</trkpt>
<trkpt lat="58.23935897" lon="15.2996995">
<ele>125.7</ele>
<time>2026-09-06T10:18:17Z</time>
<extensions>
<tp1:TrackPointExtension>
<tp1:hr>160</tp1:hr>
</tp1:TrackPointExtension>
</extensions>
</trkpt>
<trkpt lat="58.23933341" lon="15.29964535">
<ele>125.9</ele>
<time>2026-09-06T10:18:18Z</time>
<extensions>
<tp1:TrackPointExtension>
<tp1:hr>160</tp1:hr>
</tp1:TrackPointExtension>
</extensions>
</trkpt>
<trkpt lat="58.23930943" lon="15.29959909">
<ele>126.1</ele>
<time>2026-09-06T10:18:19Z</time>
<extensions>
<tp1:TrackPointExtension>
<tp1:hr>161</tp1:hr>
</tp1:TrackPointExtension>
</extensions>
</trkpt>
<trkpt lat="58.23929192" lon="15.29955743">
<ele>126.3</ele>
<time>2026-09-06T10:18:20Z</time>
<extensions>
<tp1:TrackPointExtension>
<tp1:hr>161</tp1:hr>
</tp1:TrackPointExtension>
</extensions>
</trkpt>
<trkpt lat="58.23927767" lon="15.29951669">
<ele>126.5</ele>
<time>2026-09-06T10:18:21Z</time>
<extensions>
<tp1:TrackPointExtension>
<tp1:hr>161</tp1:hr>
</tp1:TrackPointExtension>
</extensions>
</trkpt>
<trkpt lat="58.23927272" lon="15.29947604">
<ele>126.5</ele>
<time>2026-09-06T10:18:22Z</time>
<extensions>
<tp1:TrackPointExtension>
<tp1:hr>161</tp1:hr>
</tp1:TrackPointExtension>
</extensions>
</trkpt>
<trkpt lat="58.23927901" lon="15.29942474">
<ele>126.1</ele>
<time>2026-09-06T10:18:23Z</time>
<extensions>
<tp1:TrackPointExtension>
<tp1:hr>161</tp1:hr>
</tp1:TrackPointExtension>
</extensions>
</trkpt>
<trkpt lat="58.2392806" lon="15.29936263">
<ele>125.9</ele>
<time>2026-09-06T10:18:24Z</time>
<extensions>
<tp1:TrackPointExtension>
<tp1:hr>161</tp1:hr>
</tp1:TrackPointExtension>
</extensions>
</trkpt>
<trkpt lat="58.23926291" lon="15.29930564">
<ele>125.7</ele>
<time>2026-09-06T10:18:25Z</time>
<extensions>
<tp1:TrackPointExtension>
<tp1:hr>161</tp1:hr>
</tp1:TrackPointExtension>
</extensions>
</trkpt>
<trkpt lat="58.23926593" lon="15.29923364">
<ele>125.7</ele>
<time>2026-09-06T10:18:26Z</time>
<extensions>
<tp1:TrackPointExtension>
<tp1:hr>161</tp1:hr>
</tp1:TrackPointExtension>
</extensions>
</trkpt>
<trkpt lat="58.23925738" lon="15.29915577">
<ele>125.9</ele>
<time>2026-09-06T10:18:27Z</time>
<extensions>
<tp1:TrackPointExtension>
<tp1:hr>160</tp1:hr>
</tp1:TrackPointExtension>
</extensions>
</trkpt>
<trkpt lat="58.23925629" lon="15.29909391">
<ele>126.1</ele>
<time>2026-09-06T10:18:28Z</time>
<extensions>
<tp1:TrackPointExtension>
<tp1:hr>161</tp1:hr>
</tp1:TrackPointExtension>
</extensions>
</trkpt>
<trkpt lat="58.2392542" lon="15.29903331">
<ele>126.3</ele>
<time>2026-09-06T10:18:29Z</time>
<extensions>
<tp1:TrackPointExtension>
<tp1:hr>161</tp1:hr>
</tp1:TrackPointExtension>
</extensions>
</trkpt>
<trkpt lat="58.23924095" lon="15.29894765">
<ele>126.5</ele>
<time>2026-09-06T10:18:30Z</time>
<extensions>
<tp1:TrackPointExtension>
<tp1:hr>161</tp1:hr>
</tp1:TrackPointExtension>
</extensions>
</trkpt>
<trkpt lat="58.23923559" lon="15.29886676">
<ele>126.5</ele>
<time>2026-09-06T10:18:31Z</time>
<extensions>
<tp1:TrackPointExtension>
<tp1:hr>161</tp1:hr>
</tp1:TrackPointExtension>
</extensions>
</trkpt>
<trkpt lat="58.23922696" lon="15.29881722">
<ele>126.5</ele>
<time>2026-09-06T10:18:32Z</time>
<extensions>
<tp1:TrackPointExtension>
<tp1:hr>162</tp1:hr>
</tp1:TrackPointExtension>
</extensions>
</trkpt>
<trkpt lat="58.23921313" lon="15.2987645">
<ele>126.7</ele>
<time>2026-09-06T10:18:33Z</time>
<extensions>
<tp1:TrackPointExtension>
<tp1:hr>162</tp1:hr>
</tp1:TrackPointExtension>
</extensions>
</trkpt>
<trkpt lat="58.23919309" lon="15.29873206">
<ele>127.1</ele>
<time>2026-09-06T10:18:34Z</time>
<extensions>
<tp1:TrackPointExtension>
<tp1:hr>163</tp1:hr>
</tp1:TrackPointExtension>
</extensions>
</trkpt>
<trkpt lat="58.23917038" lon="15.2986987">
<ele>127.3</ele>
<time>2026-09-06T10:18:35Z</time>
<extensions>
<tp1:TrackPointExtension>
<tp1:hr>163</tp1:hr>
</tp1:TrackPointExtension>
</extensions>
</trkpt>
<trkpt lat="58.23914146" lon="15.2986687">
<ele>127.5</ele>
<time>2026-09-06T10:18:36Z</time>
<extensions>
<tp1:TrackPointExtension>
<tp1:hr>163</tp1:hr>
</tp1:TrackPointExtension>
</extensions>
</trkpt>
<trkpt lat="58.23911254" lon="15.29865227">
<ele>127.9</ele>
<time>2026-09-06T10:18:37Z</time>
<extensions>
<tp1:TrackPointExtension>
<tp1:hr>163</tp1:hr>
</tp1:TrackPointExtension>
</extensions>
</trkpt>
<trkpt lat="58.23908438" lon="15.29863592">
<ele>128.1</ele>
<time>2026-09-06T10:18:38Z</time>
<extensions>
<tp1:TrackPointExtension>
<tp1:hr>164</tp1:hr>
</tp1:TrackPointExtension>
</extensions>
</trkpt>
<trkpt lat="58.23905747" lon="15.29860659">
<ele>128.1</ele>
<time>2026-09-06T10:18:39Z</time>
<extensions>
<tp1:TrackPointExtension>
<tp1:hr>163</tp1:hr>
</tp1:TrackPointExtension>
</extensions>
</trkpt>
<trkpt lat="58.23902948" lon="15.29858069">
<ele>128.3</ele>
<time>2026-09-06T10:18:40Z</time>
<extensions>
<tp1:TrackPointExtension>
<tp1:hr>162</tp1:hr>
</tp1:TrackPointExtension>
</extensions>
</trkpt>
<trkpt lat="58.23900165" lon="15.29854699">
<ele>128.3</ele>
<time>2026-09-06T10:18:41Z</time>
<extensions>
<tp1:TrackPointExtension>
<tp1:hr>162</tp1:hr>
</tp1:TrackPointExtension>
</extensions>
</trkpt>
<trkpt lat="58.23897969" lon="15.29849351">
<ele>128.1</ele>
<time>2026-09-06T10:18:42Z</time>
<extensions>
<tp1:TrackPointExtension>
<tp1:hr>162</tp1:hr>
</tp1:TrackPointExtension>
</extensions>
</trkpt>
<trkpt lat="58.23897902" lon="15.29842537">
<ele>128.1</ele>
<time>2026-09-06T10:18:43Z</time>
<extensions>
<tp1:TrackPointExtension>
<tp1:hr>162</tp1:hr>
</tp1:TrackPointExtension>
</extensions>
</trkpt>
<trkpt lat="58.23898656" lon="15.29839503">
<ele>128.1</ele>
<time>2026-09-06T10:18:44Z</time>
<extensions>
<tp1:TrackPointExtension>
<tp1:hr>161</tp1:hr>
</tp1:TrackPointExtension>
</extensions>
</trkpt>
<trkpt lat="58.23898874" lon="15.29835035">
<ele>128.1</ele>
<time>2026-09-06T10:18:45Z</time>
<extensions>
<tp1:TrackPointExtension>
<tp1:hr>162</tp1:hr>
</tp1:TrackPointExtension>
</extensions>
</trkpt>
<trkpt lat="58.23898874" lon="15.29831188">
<ele>128.3</ele>
<time>2026-09-06T10:18:46Z</time>
<extensions>
<tp1:TrackPointExtension>
<tp1:hr>162</tp1:hr>
</tp1:TrackPointExtension>
</extensions>
</trkpt>
<trkpt lat="58.23898287" lon="15.29826326">
<ele>128.3</ele>
<time>2026-09-06T10:18:47Z</time>
<extensions>
<tp1:TrackPointExtension>
<tp1:hr>162</tp1:hr>
</tp1:TrackPointExtension>
</extensions>
</trkpt>
<trkpt lat="58.23897667" lon="15.29820786">
<ele>128.3</ele>
<time>2026-09-06T10:18:48Z</time>
<extensions>
<tp1:TrackPointExtension>
<tp1:hr>162</tp1:hr>
</tp1:TrackPointExtension>
</extensions>
</trkpt>
<trkpt lat="58.23895371" lon="15.29812714">
<ele>128.3</ele>
<time>2026-09-06T10:18:49Z</time>
<extensions>
<tp1:TrackPointExtension>
<tp1:hr>163</tp1:hr>
</tp1:TrackPointExtension>
</extensions>
</trkpt>
<trkpt lat="58.23893166" lon="15.29805749">
<ele>128.1</ele>
<time>2026-09-06T10:18:50Z</time>
<extensions>
<tp1:TrackPointExtension>
<tp1:hr>162</tp1:hr>
</tp1:TrackPointExtension>
</extensions>
</trkpt>
<trkpt lat="58.23890861" lon="15.29802522">
<ele>127.9</ele>
<time>2026-09-06T10:18:51Z</time>
<extensions>
<tp1:TrackPointExtension>
<tp1:hr>162</tp1:hr>
</tp1:TrackPointExtension>
</extensions>
</trkpt>
<trkpt lat="58.23887098" lon="15.29799018">
<ele>127.9</ele>
<time>2026-09-06T10:18:52Z</time>
<extensions>
<tp1:TrackPointExtension>
<tp1:hr>161</tp1:hr>
</tp1:TrackPointExtension>
</extensions>
</trkpt>
<trkpt lat="58.23883468" lon="15.29795456">
<ele>127.7</ele>
<time>2026-09-06T10:18:53Z</time>
<extensions>
<tp1:TrackPointExtension>
<tp1:hr>162</tp1:hr>
</tp1:TrackPointExtension>
</extensions>
</trkpt>
<trkpt lat="58.23881046" lon="15.29793553">
<ele>127.7</ele>
<time>2026-09-06T10:18:54Z</time>
<extensions>
<tp1:TrackPointExtension>
<tp1:hr>162</tp1:hr>
</tp1:TrackPointExtension>
</extensions>
</trkpt>
<trkpt lat="58.23878322" lon="15.29789387">
<ele>127.7</ele>
<time>2026-09-06T10:18:55Z</time>
<extensions>
<tp1:TrackPointExtension>
<tp1:hr>162</tp1:hr>
</tp1:TrackPointExtension>
</extensions>
</trkpt>
<trkpt lat="58.23875254" lon="15.29785565">
<ele>127.7</ele>
<time>2026-09-06T10:18:56Z</time>
<extensions>
<tp1:TrackPointExtension>
<tp1:hr>162</tp1:hr>
</tp1:TrackPointExtension>
</extensions>
</trkpt>
<trkpt lat="58.23872739" lon="15.29782698">
<ele>127.7</ele>
<time>2026-09-06T10:18:57Z</time>
<extensions>
<tp1:TrackPointExtension>
<tp1:hr>162</tp1:hr>
</tp1:TrackPointExtension>
</extensions>
</trkpt>
<trkpt lat="58.23870317" lon="15.29779706">
<ele>127.7</ele>
<time>2026-09-06T10:18:58Z</time>
<extensions>
<tp1:TrackPointExtension>
<tp1:hr>162</tp1:hr>
</tp1:TrackPointExtension>
</extensions>
</trkpt>
<trkpt lat="58.23867668" lon="15.29776563">
<ele>127.7</ele>
<time>2026-09-06T10:18:59Z</time>
<extensions>
<tp1:TrackPointExtension>
<tp1:hr>161</tp1:hr>
</tp1:TrackPointExtension>
</extensions>
</trkpt>
<trkpt lat="58.23864559" lon="15.29772942">
<ele>127.7</ele>
<time>2026-09-06T10:19:00Z</time>
<extensions>
<tp1:TrackPointExtension>
<tp1:hr>161</tp1:hr>
</tp1:TrackPointExtension>
</extensions>
</trkpt>
<trkpt lat="58.23861717" lon="15.29771098">
<ele>127.5</ele>
<time>2026-09-06T10:19:01Z</time>
<extensions>
<tp1:TrackPointExtension>
<tp1:hr>161</tp1:hr>
</tp1:TrackPointExtension>
</extensions>
</trkpt>
<trkpt lat="58.23858046" lon="15.29767695">
<ele>127.3</ele>
<time>2026-09-06T10:19:02Z</time>
<extensions>
<tp1:TrackPointExtension>
<tp1:hr>161</tp1:hr>
</tp1:TrackPointExtension>
</extensions>
</trkpt>
<trkpt lat="58.23854685" lon="15.29764501">
<ele>127.1</ele>
<time>2026-09-06T10:19:03Z</time>
<extensions>
<tp1:TrackPointExtension>
<tp1:hr>162</tp1:hr>
</tp1:TrackPointExtension>
</extensions>
</trkpt>
<trkpt lat="58.23851726" lon="15.29762439">
<ele>126.9</ele>
<time>2026-09-06T10:19:04Z</time>
<extensions>
<tp1:TrackPointExtension>
<tp1:hr>162</tp1:hr>
</tp1:TrackPointExtension>
</extensions>
</trkpt>
<trkpt lat="58.23849228" lon="15.29757494">
<ele>126.7</ele>
<time>2026-09-06T10:19:05Z</time>
<extensions>
<tp1:TrackPointExtension>
<tp1:hr>162</tp1:hr>
</tp1:TrackPointExtension>
</extensions>
</trkpt>
<trkpt lat="58.2384611" lon="15.29752037">
<ele>126.7</ele>
<time>2026-09-06T10:19:06Z</time>
<extensions>
<tp1:TrackPointExtension>
<tp1:hr>162</tp1:hr>
</tp1:TrackPointExtension>
</extensions>
</trkpt>
<trkpt lat="58.23842841" lon="15.29750663">
<ele>126.7</ele>
<time>2026-09-06T10:19:07Z</time>
<extensions>
<tp1:TrackPointExtension>
<tp1:hr>162</tp1:hr>
</tp1:TrackPointExtension>
</extensions>
</trkpt>
<trkpt lat="58.2383974" lon="15.2974876">
<ele>126.7</ele>
<time>2026-09-06T10:19:08Z</time>
<extensions>
<tp1:TrackPointExtension>
<tp1:hr>162</tp1:hr>
</tp1:TrackPointExtension>
</extensions>
</trkpt>
<trkpt lat="58.23836865" lon="15.29746028">
<ele>126.5</ele>
<time>2026-09-06T10:19:09Z</time>
<extensions>
<tp1:TrackPointExtension>
<tp1:hr>162</tp1:hr>
</tp1:TrackPointExtension>
</extensions>
</trkpt>
<trkpt lat="58.23833973" lon="15.29743924">
<ele>126.5</ele>
<time>2026-09-06T10:19:10Z</time>
<extensions>
<tp1:TrackPointExtension>
<tp1:hr>162</tp1:hr>
</tp1:TrackPointExtension>
</extensions>
</trkpt>
<trkpt lat="58.238314" lon="15.29742239">
<ele>126.5</ele>
<time>2026-09-06T10:19:11Z</time>
<extensions>
<tp1:TrackPointExtension>
<tp1:hr>162</tp1:hr>
</tp1:TrackPointExtension>
</extensions>
</trkpt>
<trkpt lat="58.2382948" lon="15.29737922">
<ele>126.7</ele>
<time>2026-09-06T10:19:12Z</time>
<extensions>
<tp1:TrackPointExtension>
<tp1:hr>162</tp1:hr>
</tp1:TrackPointExtension>
</extensions>
</trkpt>
<trkpt lat="58.23827628" lon="15.29733648">
<ele>126.7</ele>
<time>2026-09-06T10:19:13Z</time>
<extensions>
<tp1:TrackPointExtension>
<tp1:hr>162</tp1:hr>
</tp1:TrackPointExtension>
</extensions>
</trkpt>
<trkpt lat="58.23825658" lon="15.29732089">
<ele>126.7</ele>
<time>2026-09-06T10:19:14Z</time>
<extensions>
<tp1:TrackPointExtension>
<tp1:hr>162</tp1:hr>
</tp1:TrackPointExtension>
</extensions>
</trkpt>
<trkpt lat="58.23824552" lon="15.29727713">
<ele>126.7</ele>
<time>2026-09-06T10:19:15Z</time>
<extensions>
<tp1:TrackPointExtension>
<tp1:hr>161</tp1:hr>
</tp1:TrackPointExtension>
</extensions>
</trkpt>
<trkpt lat="58.23823932" lon="15.29721385">
<ele>126.7</ele>
<time>2026-09-06T10:19:16Z</time>
<extensions>
<tp1:TrackPointExtension>
<tp1:hr>161</tp1:hr>
</tp1:TrackPointExtension>
</extensions>
</trkpt>
<trkpt lat="58.23823035" lon="15.297182">
<ele>126.7</ele>
<time>2026-09-06T10:19:17Z</time>
<extensions>
<tp1:TrackPointExtension>
<tp1:hr>161</tp1:hr>
</tp1:TrackPointExtension>
</extensions>
</trkpt>
<trkpt lat="58.23821132" lon="15.29714428">
<ele>126.7</ele>
<time>2026-09-06T10:19:18Z</time>
<extensions>
<tp1:TrackPointExtension>
<tp1:hr>161</tp1:hr>
</tp1:TrackPointExtension>
</extensions>
</trkpt>
<trkpt lat="58.23818282" lon="15.2971048">
<ele>126.7</ele>
<time>2026-09-06T10:19:19Z</time>
<extensions>
<tp1:TrackPointExtension>
<tp1:hr>162</tp1:hr>
</tp1:TrackPointExtension>
</extensions>
</trkpt>
<trkpt lat="58.23815357" lon="15.2970929">
<ele>126.7</ele>
<time>2026-09-06T10:19:20Z</time>
<extensions>
<tp1:TrackPointExtension>
<tp1:hr>162</tp1:hr>
</tp1:TrackPointExtension>
</extensions>
</trkpt>
<trkpt lat="58.23813429" lon="15.29708963">
<ele>126.9</ele>
<time>2026-09-06T10:19:21Z</time>
<extensions>
<tp1:TrackPointExtension>
<tp1:hr>162</tp1:hr>
</tp1:TrackPointExtension>
</extensions>
</trkpt>
<trkpt lat="58.23811526" lon="15.29706205">
<ele>126.9</ele>
<time>2026-09-06T10:19:22Z</time>
<extensions>
<tp1:TrackPointExtension>
<tp1:hr>162</tp1:hr>
</tp1:TrackPointExtension>
</extensions>
</trkpt>
<trkpt lat="58.23810462" lon="15.2970349">
<ele>126.9</ele>
<time>2026-09-06T10:19:23Z</time>
<extensions>
<tp1:TrackPointExtension>
<tp1:hr>161</tp1:hr>
</tp1:TrackPointExtension>
</extensions>
</trkpt>
<trkpt lat="58.23808165" lon="15.29700103">
<ele>127.1</ele>
<time>2026-09-06T10:19:24Z</time>
<extensions>
<tp1:TrackPointExtension>
<tp1:hr>161</tp1:hr>
</tp1:TrackPointExtension>
</extensions>
</trkpt>
<trkpt lat="58.23806589" lon="15.29698125">
<ele>127.3</ele>
<time>2026-09-06T10:19:25Z</time>
<extensions>
<tp1:TrackPointExtension>
<tp1:hr>159</tp1:hr>
</tp1:TrackPointExtension>
</extensions>
</trkpt>
<trkpt lat="58.23804997" lon="15.29697211">
<ele>127.5</ele>
<time>2026-09-06T10:19:26Z</time>
<extensions>
<tp1:TrackPointExtension>
<tp1:hr>159</tp1:hr>
</tp1:TrackPointExtension>
</extensions>
</trkpt>
<trkpt lat="58.23802248" lon="15.29695736">
<ele>127.7</ele>
<time>2026-09-06T10:19:27Z</time>
<extensions>
<tp1:TrackPointExtension>
<tp1:hr>159</tp1:hr>
</tp1:TrackPointExtension>
</extensions>
</trkpt>
<trkpt lat="58.23799758" lon="15.29692702">
<ele>127.9</ele>
<time>2026-09-06T10:19:28Z</time>
<extensions>
<tp1:TrackPointExtension>
<tp1:hr>159</tp1:hr>
</tp1:TrackPointExtension>
</extensions>
</trkpt>
<trkpt lat="58.23797897" lon="15.29689819">
<ele>127.9</ele>
<time>2026-09-06T10:19:29Z</time>
<extensions>
<tp1:TrackPointExtension>
<tp1:hr>159</tp1:hr>
</tp1:TrackPointExtension>
</extensions>
</trkpt>
<trkpt lat="58.23796942" lon="15.29687815">
<ele>128.1</ele>
<time>2026-09-06T10:19:30Z</time>
<extensions>
<tp1:TrackPointExtension>
<tp1:hr>159</tp1:hr>
</tp1:TrackPointExtension>
</extensions>
</trkpt>
<trkpt lat="58.23797034" lon="15.29686818">
<ele>128.3</ele>
<time>2026-09-06T10:19:31Z</time>
<extensions>
<tp1:TrackPointExtension>
<tp1:hr>159</tp1:hr>
</tp1:TrackPointExtension>
</extensions>
</trkpt>
<trkpt lat="58.23797788" lon="15.29686499">
<ele>128.5</ele>
<time>2026-09-06T10:19:32Z</time>
<extensions>
<tp1:TrackPointExtension>
<tp1:hr>160</tp1:hr>
</tp1:TrackPointExtension>
</extensions>
</trkpt>
<trkpt lat="58.23798266" lon="15.29685242">
<ele>128.8</ele>
<time>2026-09-06T10:19:33Z</time>
<extensions>
<tp1:TrackPointExtension>
<tp1:hr>160</tp1:hr>
</tp1:TrackPointExtension>
</extensions>
</trkpt>
<trkpt lat="58.23798811" lon="15.2968339">
<ele>129.2</ele>
<time>2026-09-06T10:19:34Z</time>
<extensions>
<tp1:TrackPointExtension>
<tp1:hr>160</tp1:hr>
</tp1:TrackPointExtension>
</extensions>
</trkpt>
<trkpt lat="58.23799004" lon="15.2968235">
<ele>129.6</ele>
<time>2026-09-06T10:19:35Z</time>
<extensions>
<tp1:TrackPointExtension>
<tp1:hr>160</tp1:hr>
</tp1:TrackPointExtension>
</extensions>
</trkpt>
<trkpt lat="58.23798853" lon="15.29680967">
<ele>129.8</ele>
<time>2026-09-06T10:19:36Z</time>
<extensions>
<tp1:TrackPointExtension>
<tp1:hr>160</tp1:hr>
</tp1:TrackPointExtension>
</extensions>
</trkpt>
<trkpt lat="58.23797856" lon="15.29680079">
<ele>130.2</ele>
<time>2026-09-06T10:19:37Z</time>
<extensions>
<tp1:TrackPointExtension>
<tp1:hr>160</tp1:hr>
</tp1:TrackPointExtension>
</extensions>
</trkpt>
<trkpt lat="58.23797344" lon="15.29679291">
<ele>130.6</ele>
<time>2026-09-06T10:19:38Z</time>
<extensions>
<tp1:TrackPointExtension>
<tp1:hr>161</tp1:hr>
</tp1:TrackPointExtension>
</extensions>
</trkpt>
<trkpt lat="58.23797093" lon="15.29679056">
<ele>131.2</ele>
<time>2026-09-06T10:19:39Z</time>
<extensions>
<tp1:TrackPointExtension>
<tp1:hr>160</tp1:hr>
</tp1:TrackPointExtension>
</extensions>
</trkpt>
<trkpt lat="58.23796841" lon="15.29678503">
<ele>131.4</ele>
<time>2026-09-06T10:19:40Z</time>
<extensions>
<tp1:TrackPointExtension>
<tp1:hr>159</tp1:hr>
</tp1:TrackPointExtension>
</extensions>
</trkpt>
<trkpt lat="58.23797503" lon="15.29678277">
<ele>131.8</ele>
<time>2026-09-06T10:19:41Z</time>
<extensions>
<tp1:TrackPointExtension>
<tp1:hr>159</tp1:hr>
</tp1:TrackPointExtension>
</extensions>
</trkpt>
<trkpt lat="58.23797923" lon="15.29676969">
<ele>132.0</ele>
<time>2026-09-06T10:19:42Z</time>
<extensions>
<tp1:TrackPointExtension>
<tp1:hr>158</tp1:hr>
</tp1:TrackPointExtension>
</extensions>
</trkpt>
<trkpt lat="58.23798425" lon="15.29675159">
<ele>132.2</ele>
<time>2026-09-06T10:19:43Z</time>
<extensions>
<tp1:TrackPointExtension>
<tp1:hr>158</tp1:hr>
</tp1:TrackPointExtension>
</extensions>
</trkpt>
<trkpt lat="58.2379861" lon="15.29674622">
<ele>132.4</ele>
<time>2026-09-06T10:19:44Z</time>
<extensions>
<tp1:TrackPointExtension>
<tp1:hr>158</tp1:hr>
</tp1:TrackPointExtension>
</extensions>
</trkpt>
<trkpt lat="58.23798593" lon="15.29673927">
<ele>132.6</ele>
<time>2026-09-06T10:19:45Z</time>
<extensions>
<tp1:TrackPointExtension>
<tp1:hr>158</tp1:hr>
</tp1:TrackPointExtension>
</extensions>
</trkpt>
<trkpt lat="58.23798769" lon="15.2967173">
<ele>133.0</ele>
<time>2026-09-06T10:19:46Z</time>
<extensions>
<tp1:TrackPointExtension>
<tp1:hr>159</tp1:hr>
</tp1:TrackPointExtension>
</extensions>
</trkpt>
<trkpt lat="58.23798912" lon="15.29668864">
<ele>133.4</ele>
<time>2026-09-06T10:19:47Z</time>
<extensions>
<tp1:TrackPointExtension>
<tp1:hr>159</tp1:hr>
</tp1:TrackPointExtension>
</extensions>
</trkpt>
<trkpt lat="58.23796657" lon="15.2966645">
<ele>133.8</ele>
<time>2026-09-06T10:19:48Z</time>
<extensions>
<tp1:TrackPointExtension>
<tp1:hr>159</tp1:hr>
</tp1:TrackPointExtension>
</extensions>
</trkpt>
<trkpt lat="58.23795928" lon="15.29664329">
<ele>134.4</ele>
<time>2026-09-06T10:19:49Z</time>
<extensions>
<tp1:TrackPointExtension>
<tp1:hr>159</tp1:hr>
</tp1:TrackPointExtension>
</extensions>
</trkpt>
<trkpt lat="58.23795207" lon="15.29663323">
<ele>134.8</ele>
<time>2026-09-06T10:19:50Z</time>
<extensions>
<tp1:TrackPointExtension>
<tp1:hr>160</tp1:hr>
</tp1:TrackPointExtension>
</extensions>
</trkpt>
<trkpt lat="58.23794478" lon="15.29662142">
<ele>135.2</ele>
<time>2026-09-06T10:19:51Z</time>
<extensions>
<tp1:TrackPointExtension>
<tp1:hr>160</tp1:hr>
</tp1:TrackPointExtension>
</extensions>
</trkpt>
<trkpt lat="58.2379374" lon="15.2966075">
<ele>135.6</ele>
<time>2026-09-06T10:19:52Z</time>
<extensions>
<tp1:TrackPointExtension>
<tp1:hr>160</tp1:hr>
</tp1:TrackPointExtension>
</extensions>
</trkpt>
<trkpt lat="58.23792793" lon="15.29659107">
<ele>136.0</ele>
<time>2026-09-06T10:19:53Z</time>
<extensions>
<tp1:TrackPointExtension>
<tp1:hr>159</tp1:hr>
</tp1:TrackPointExtension>
</extensions>
</trkpt>
<trkpt lat="58.23791888" lon="15.2965764">
<ele>136.2</ele>
<time>2026-09-06T10:19:54Z</time>
<extensions>
<tp1:TrackPointExtension>
<tp1:hr>160</tp1:hr>
</tp1:TrackPointExtension>
</extensions>
</trkpt>
<trkpt lat="58.23790513" lon="15.29655403">
<ele>136.2</ele>
<time>2026-09-06T10:19:55Z</time>
<extensions>
<tp1:TrackPointExtension>
<tp1:hr>159</tp1:hr>
</tp1:TrackPointExtension>
</extensions>
</trkpt>
<trkpt lat="58.23789147" lon="15.29653341">
<ele>136.2</ele>
<time>2026-09-06T10:19:56Z</time>
<extensions>
<tp1:TrackPointExtension>
<tp1:hr>159</tp1:hr>
</tp1:TrackPointExtension>
</extensions>
</trkpt>
<trkpt lat="58.23787546" lon="15.29650541">
<ele>136.2</ele>
<time>2026-09-06T10:19:57Z</time>
<extensions>
<tp1:TrackPointExtension>
<tp1:hr>159</tp1:hr>
</tp1:TrackPointExtension>
</extensions>
</trkpt>
<trkpt lat="58.23786406" lon="15.2964868">
<ele>136.0</ele>
<time>2026-09-06T10:19:58Z</time>
<extensions>
<tp1:TrackPointExtension>
<tp1:hr>159</tp1:hr>
</tp1:TrackPointExtension>
</extensions>
</trkpt>
<trkpt lat="58.23784017" lon="15.29645512">
<ele>136.2</ele>
<time>2026-09-06T10:19:59Z</time>
<extensions>
<tp1:TrackPointExtension>
<tp1:hr>159</tp1:hr>
</tp1:TrackPointExtension>
</extensions>
</trkpt>
<trkpt lat="58.23782869" lon="15.29643458">
<ele>136.4</ele>
<time>2026-09-06T10:20:00Z</time>
<extensions>
<tp1:TrackPointExtension>
<tp1:hr>159</tp1:hr>
</tp1:TrackPointExtension>
</extensions>
</trkpt>
<trkpt lat="58.23782525" lon="15.29641933">
<ele>136.8</ele>
<time>2026-09-06T10:20:01Z</time>
<extensions>
<tp1:TrackPointExtension>
<tp1:hr>160</tp1:hr>
</tp1:TrackPointExtension>
</extensions>
</trkpt>
<trkpt lat="58.23782416" lon="15.29641438">
<ele>137.4</ele>
<time>2026-09-06T10:20:02Z</time>
<extensions>
<tp1:TrackPointExtension>
<tp1:hr>160</tp1:hr>
</tp1:TrackPointExtension>
</extensions>
</trkpt>
<trkpt lat="58.23782081" lon="15.29640768">
<ele>138.0</ele>
<time>2026-09-06T10:20:03Z</time>
<extensions>
<tp1:TrackPointExtension>
<tp1:hr>160</tp1:hr>
</tp1:TrackPointExtension>
</extensions>
</trkpt>
<trkpt lat="58.23780932" lon="15.29639125">
<ele>138.4</ele>
<time>2026-09-06T10:20:04Z</time>
<extensions>
<tp1:TrackPointExtension>
<tp1:hr>160</tp1:hr>
</tp1:TrackPointExtension>
</extensions>
</trkpt>
<trkpt lat="58.23779432" lon="15.29637415">
<ele>138.8</ele>
<time>2026-09-06T10:20:05Z</time>
<extensions>
<tp1:TrackPointExtension>
<tp1:hr>159</tp1:hr>
</tp1:TrackPointExtension>
</extensions>
</trkpt>
<trkpt lat="58.23778326" lon="15.29636015">
<ele>139.0</ele>
<time>2026-09-06T10:20:06Z</time>
<extensions>
<tp1:TrackPointExtension>
<tp1:hr>160</tp1:hr>
</tp1:TrackPointExtension>
</extensions>
</trkpt>
<trkpt lat="58.23777337" lon="15.29634699">
<ele>139.2</ele>
<time>2026-09-06T10:20:07Z</time>
<extensions>
<tp1:TrackPointExtension>
<tp1:hr>160</tp1:hr>
</tp1:TrackPointExtension>
</extensions>
</trkpt>
<trkpt lat="58.2377613" lon="15.29633484">
<ele>139.4</ele>
<time>2026-09-06T10:20:08Z</time>
<extensions>
<tp1:TrackPointExtension>
<tp1:hr>159</tp1:hr>
</tp1:TrackPointExtension>
</extensions>
</trkpt>
<trkpt lat="58.23773774" lon="15.29631615">
<ele>139.8</ele>
<time>2026-09-06T10:20:09Z</time>
<extensions>
<tp1:TrackPointExtension>
<tp1:hr>160</tp1:hr>
</tp1:TrackPointExtension>
</extensions>
</trkpt>
<trkpt lat="58.23771285" lon="15.29631648">
<ele>139.8</ele>
<time>2026-09-06T10:20:10Z</time>
<extensions>
<tp1:TrackPointExtension>
<tp1:hr>160</tp1:hr>
</tp1:TrackPointExtension>
</extensions>
</trkpt>
<trkpt lat="58.2376851" lon="15.29630114">
<ele>139.8</ele>
<time>2026-09-06T10:20:11Z</time>
<extensions>
<tp1:TrackPointExtension>
<tp1:hr>160</tp1:hr>
</tp1:TrackPointExtension>
</extensions>
</trkpt>
<trkpt lat="58.23766683" lon="15.29629796">
<ele>139.8</ele>
<time>2026-09-06T10:20:12Z</time>
<extensions>
<tp1:TrackPointExtension>
<tp1:hr>159</tp1:hr>
</tp1:TrackPointExtension>
</extensions>
</trkpt>
<trkpt lat="58.23764093" lon="15.29628388">
<ele>139.8</ele>
<time>2026-09-06T10:20:13Z</time>
<extensions>
<tp1:TrackPointExtension>
<tp1:hr>160</tp1:hr>
</tp1:TrackPointExtension>
</extensions>
</trkpt>
<trkpt lat="58.23761805" lon="15.2962765">
<ele>139.8</ele>
<time>2026-09-06T10:20:14Z</time>
<extensions>
<tp1:TrackPointExtension>
<tp1:hr>160</tp1:hr>
</tp1:TrackPointExtension>
</extensions>
</trkpt>
<trkpt lat="58.23758938" lon="15.29627147">
<ele>140.0</ele>
<time>2026-09-06T10:20:15Z</time>
<extensions>
<tp1:TrackPointExtension>
<tp1:hr>161</tp1:hr>
</tp1:TrackPointExtension>
</extensions>
</trkpt>
<trkpt lat="58.23756508" lon="15.29627876">
<ele>140.2</ele>
<time>2026-09-06T10:20:16Z</time>
<extensions>
<tp1:TrackPointExtension>
<tp1:hr>161</tp1:hr>
</tp1:TrackPointExtension>
</extensions>
</trkpt>
<trkpt lat="58.23753716" lon="15.29628748">
<ele>140.4</ele>
<time>2026-09-06T10:20:17Z</time>
<extensions>
<tp1:TrackPointExtension>
<tp1:hr>161</tp1:hr>
</tp1:TrackPointExtension>
</extensions>
</trkpt>
<trkpt lat="58.23751009" lon="15.29627793">
<ele>140.4</ele>
<time>2026-09-06T10:20:18Z</time>
<extensions>
<tp1:TrackPointExtension>
<tp1:hr>161</tp1:hr>
</tp1:TrackPointExtension>
</extensions>
</trkpt>
<trkpt lat="58.23749986" lon="15.29629251">
<ele>140.2</ele>
<time>2026-09-06T10:20:19Z</time>
<extensions>
<tp1:TrackPointExtension>
<tp1:hr>162</tp1:hr>
</tp1:TrackPointExtension>
</extensions>
</trkpt>
<trkpt lat="58.23748738" lon="15.29630022">
<ele>139.8</ele>
<time>2026-09-06T10:20:20Z</time>
<extensions>
<tp1:TrackPointExtension>
<tp1:hr>161</tp1:hr>
</tp1:TrackPointExtension>
</extensions>
</trkpt>
<trkpt lat="58.2374722" lon="15.2962703">
<ele>139.6</ele>
<time>2026-09-06T10:20:21Z</time>
<extensions>
<tp1:TrackPointExtension>
<tp1:hr>160</tp1:hr>
</tp1:TrackPointExtension>
</extensions>
</trkpt>
<trkpt lat="58.23745636" lon="15.29624465">
<ele>139.4</ele>
<time>2026-09-06T10:20:22Z</time>
<extensions>
<tp1:TrackPointExtension>
<tp1:hr>160</tp1:hr>
</tp1:TrackPointExtension>
</extensions>
</trkpt>
<trkpt lat="58.23745745" lon="15.29619536">
<ele>139.2</ele>
<time>2026-09-06T10:20:23Z</time>
<extensions>
<tp1:TrackPointExtension>
<tp1:hr>160</tp1:hr>
</tp1:TrackPointExtension>
</extensions>
</trkpt>
<trkpt lat="58.23745955" lon="15.29617659">
<ele>139.4</ele>
<time>2026-09-06T10:20:24Z</time>
<extensions>
<tp1:TrackPointExtension>
<tp1:hr>160</tp1:hr>
</tp1:TrackPointExtension>
</extensions>
</trkpt>
<trkpt lat="58.23746592" lon="15.29614826">
<ele>139.6</ele>
<time>2026-09-06T10:20:25Z</time>
<extensions>
<tp1:TrackPointExtension>
<tp1:hr>160</tp1:hr>
</tp1:TrackPointExtension>
</extensions>
</trkpt>
<trkpt lat="58.23747162" lon="15.29612948">
<ele>140.0</ele>
<time>2026-09-06T10:20:26Z</time>
<extensions>
<tp1:TrackPointExtension>
<tp1:hr>160</tp1:hr>
</tp1:TrackPointExtension>
</extensions>
</trkpt>
<trkpt lat="58.23746525" lon="15.29610325">
<ele>140.4</ele>
<time>2026-09-06T10:20:27Z</time>
<extensions>
<tp1:TrackPointExtension>
<tp1:hr>160</tp1:hr>
</tp1:TrackPointExtension>
</extensions>
</trkpt>
<trkpt lat="58.23746106" lon="15.29607793">
<ele>140.8</ele>
<time>2026-09-06T10:20:28Z</time>
<extensions>
<tp1:TrackPointExtension>
<tp1:hr>160</tp1:hr>
</tp1:TrackPointExtension>
</extensions>
</trkpt>
<trkpt lat="58.2374572" lon="15.29605329">
<ele>141.2</ele>
<time>2026-09-06T10:20:29Z</time>
<extensions>
<tp1:TrackPointExtension>
<tp1:hr>160</tp1:hr>
</tp1:TrackPointExtension>
</extensions>
</trkpt>
<trkpt lat="58.23745335" lon="15.29602186">
<ele>141.4</ele>
<time>2026-09-06T10:20:30Z</time>
<extensions>
<tp1:TrackPointExtension>
<tp1:hr>160</tp1:hr>
</tp1:TrackPointExtension>
</extensions>
</trkpt>
<trkpt lat="58.23744748" lon="15.29598473">
<ele>141.6</ele>
<time>2026-09-06T10:20:31Z</time>
<extensions>
<tp1:TrackPointExtension>
<tp1:hr>159</tp1:hr>
</tp1:TrackPointExtension>
</extensions>
</trkpt>
<trkpt lat="58.23743499" lon="15.29593745">
<ele>141.6</ele>
<time>2026-09-06T10:20:32Z</time>
<extensions>
<tp1:TrackPointExtension>
<tp1:hr>159</tp1:hr>
</tp1:TrackPointExtension>
</extensions>
</trkpt>
<trkpt lat="58.23742543" lon="15.29587585">
<ele>141.6</ele>
<time>2026-09-06T10:20:33Z</time>
<extensions>
<tp1:TrackPointExtension>
<tp1:hr>159</tp1:hr>
</tp1:TrackPointExtension>
</extensions>
</trkpt>
<trkpt lat="58.23741781" lon="15.29582405">
<ele>141.2</ele>
<time>2026-09-06T10:20:34Z</time>
<extensions>
<tp1:TrackPointExtension>
<tp1:hr>159</tp1:hr>
</tp1:TrackPointExtension>
</extensions>
</trkpt>
<trkpt lat="58.23741169" lon="15.29577451">
<ele>140.8</ele>
<time>2026-09-06T10:20:35Z</time>
<extensions>
<tp1:TrackPointExtension>
<tp1:hr>160</tp1:hr>
</tp1:TrackPointExtension>
</extensions>
</trkpt>
<trkpt lat="58.23739987" lon="15.29571483">
<ele>140.4</ele>
<time>2026-09-06T10:20:36Z</time>
<extensions>
<tp1:TrackPointExtension>
<tp1:hr>160</tp1:hr>
</tp1:TrackPointExtension>
</extensions>
</trkpt>
<trkpt lat="58.23738243" lon="15.29566831">
<ele>139.8</ele>
<time>2026-09-06T10:20:37Z</time>
<extensions>
<tp1:TrackPointExtension>
<tp1:hr>161</tp1:hr>
</tp1:TrackPointExtension>
</extensions>
</trkpt>
<trkpt lat="58.23735871" lon="15.29563587">
<ele>139.6</ele>
<time>2026-09-06T10:20:38Z</time>
<extensions>
<tp1:TrackPointExtension>
<tp1:hr>161</tp1:hr>
</tp1:TrackPointExtension>
</extensions>
</trkpt>
<trkpt lat="58.23733516" lon="15.29560888">
<ele>139.4</ele>
<time>2026-09-06T10:20:39Z</time>
<extensions>
<tp1:TrackPointExtension>
<tp1:hr>161</tp1:hr>
</tp1:TrackPointExtension>
</extensions>
</trkpt>
<trkpt lat="58.23730834" lon="15.29558357">
<ele>139.2</ele>
<time>2026-09-06T10:20:40Z</time>
<extensions>
<tp1:TrackPointExtension>
<tp1:hr>160</tp1:hr>
</tp1:TrackPointExtension>
</extensions>
</trkpt>
<trkpt lat="58.23729015" lon="15.29553956">
<ele>139.0</ele>
<time>2026-09-06T10:20:41Z</time>
<extensions>
<tp1:TrackPointExtension>
<tp1:hr>160</tp1:hr>
</tp1:TrackPointExtension>
</extensions>
</trkpt>
<trkpt lat="58.23728294" lon="15.29547636">
<ele>138.8</ele>
<time>2026-09-06T10:20:42Z</time>
<extensions>
<tp1:TrackPointExtension>
<tp1:hr>160</tp1:hr>
</tp1:TrackPointExtension>
</extensions>
</trkpt>
<trkpt lat="58.23726266" lon="15.29543479">
<ele>138.2</ele>
<time>2026-09-06T10:20:43Z</time>
<extensions>
<tp1:TrackPointExtension>
<tp1:hr>160</tp1:hr>
</tp1:TrackPointExtension>
</extensions>
</trkpt>
<trkpt lat="58.23724237" lon="15.29540478">
<ele>137.6</ele>
<time>2026-09-06T10:20:44Z</time>
<extensions>
<tp1:TrackPointExtension>
<tp1:hr>160</tp1:hr>
</tp1:TrackPointExtension>
</extensions>
</trkpt>
<trkpt lat="58.23722092" lon="15.29540814">
<ele>137.0</ele>
<time>2026-09-06T10:20:45Z</time>
<extensions>
<tp1:TrackPointExtension>
<tp1:hr>161</tp1:hr>
</tp1:TrackPointExtension>
</extensions>
</trkpt>
<trkpt lat="58.23718429" lon="15.29542574">
<ele>136.2</ele>
<time>2026-09-06T10:20:46Z</time>
<extensions>
<tp1:TrackPointExtension>
<tp1:hr>161</tp1:hr>
</tp1:TrackPointExtension>
</extensions>
</trkpt>
<trkpt lat="58.23715872" lon="15.29543144">
<ele>135.8</ele>
<time>2026-09-06T10:20:47Z</time>
<extensions>
<tp1:TrackPointExtension>
<tp1:hr>160</tp1:hr>
</tp1:TrackPointExtension>
</extensions>
</trkpt>
<trkpt lat="58.23711949" lon="15.29544535">
<ele>135.4</ele>
<time>2026-09-06T10:20:48Z</time>
<extensions>
<tp1:TrackPointExtension>
<tp1:hr>160</tp1:hr>
</tp1:TrackPointExtension>
</extensions>
</trkpt>
<trkpt lat="58.23707725" lon="15.29543529">
<ele>135.2</ele>
<time>2026-09-06T10:20:49Z</time>
<extensions>
<tp1:TrackPointExtension>
<tp1:hr>159</tp1:hr>
</tp1:TrackPointExtension>
</extensions>
</trkpt>
<trkpt lat="58.23704741" lon="15.29542347">
<ele>135.0</ele>
<time>2026-09-06T10:20:50Z</time>
<extensions>
<tp1:TrackPointExtension>
<tp1:hr>159</tp1:hr>
</tp1:TrackPointExtension>
</extensions>
</trkpt>
<trkpt lat="58.23701824" lon="15.29540604">
<ele>135.0</ele>
<time>2026-09-06T10:20:51Z</time>
<extensions>
<tp1:TrackPointExtension>
<tp1:hr>159</tp1:hr>
</tp1:TrackPointExtension>
</extensions>
</trkpt>
<trkpt lat="58.2370081" lon="15.29535457">
<ele>135.0</ele>
<time>2026-09-06T10:20:52Z</time>
<extensions>
<tp1:TrackPointExtension>
<tp1:hr>159</tp1:hr>
</tp1:TrackPointExtension>
</extensions>
</trkpt>
<trkpt lat="58.23700927" lon="15.29529439">
<ele>134.8</ele>
<time>2026-09-06T10:20:53Z</time>
<extensions>
<tp1:TrackPointExtension>
<tp1:hr>158</tp1:hr>
</tp1:TrackPointExtension>
</extensions>
</trkpt>
<trkpt lat="58.23701346" lon="15.29524452">
<ele>134.6</ele>
<time>2026-09-06T10:20:54Z</time>
<extensions>
<tp1:TrackPointExtension>
<tp1:hr>158</tp1:hr>
</tp1:TrackPointExtension>
</extensions>
</trkpt>
<trkpt lat="58.23701992" lon="15.29519155">
<ele>134.2</ele>
<time>2026-09-06T10:20:55Z</time>
<extensions>
<tp1:TrackPointExtension>
<tp1:hr>158</tp1:hr>
</tp1:TrackPointExtension>
</extensions>
</trkpt>
<trkpt lat="58.23702109" lon="15.29515081">
<ele>133.8</ele>
<time>2026-09-06T10:20:56Z</time>
<extensions>
<tp1:TrackPointExtension>
<tp1:hr>157</tp1:hr>
</tp1:TrackPointExtension>
</extensions>
</trkpt>
<trkpt lat="58.23702067" lon="15.29511695">
<ele>133.2</ele>
<time>2026-09-06T10:20:57Z</time>
<extensions>
<tp1:TrackPointExtension>
<tp1:hr>157</tp1:hr>
</tp1:TrackPointExtension>
</extensions>
</trkpt>
<trkpt lat="58.23701732" lon="15.29508376">
<ele>132.6</ele>
<time>2026-09-06T10:20:58Z</time>
<extensions>
<tp1:TrackPointExtension>
<tp1:hr>157</tp1:hr>
</tp1:TrackPointExtension>
</extensions>
</trkpt>
<trkpt lat="58.23702319" lon="15.2950333">
<ele>132.0</ele>
<time>2026-09-06T10:20:59Z</time>
<extensions>
<tp1:TrackPointExtension>
<tp1:hr>157</tp1:hr>
</tp1:TrackPointExtension>
</extensions>
</trkpt>
<trkpt lat="58.23704205" lon="15.29500388">
<ele>131.2</ele>
<time>2026-09-06T10:21:00Z</time>
<extensions>
<tp1:TrackPointExtension>
<tp1:hr>156</tp1:hr>
</tp1:TrackPointExtension>
</extensions>
</trkpt>
<trkpt lat="58.23705755" lon="15.29501134">
<ele>130.4</ele>
<time>2026-09-06T10:21:01Z</time>
<extensions>
<tp1:TrackPointExtension>
<tp1:hr>157</tp1:hr>
</tp1:TrackPointExtension>
</extensions>
</trkpt>
<trkpt lat="58.23705697" lon="15.29500497">
<ele>129.6</ele>
<time>2026-09-06T10:21:02Z</time>
<extensions>
<tp1:TrackPointExtension>
<tp1:hr>157</tp1:hr>
</tp1:TrackPointExtension>
</extensions>
</trkpt>
<trkpt lat="58.2370547" lon="15.29500228">
<ele>128.8</ele>
<time>2026-09-06T10:21:03Z</time>
<extensions>
<tp1:TrackPointExtension>
<tp1:hr>157</tp1:hr>
</tp1:TrackPointExtension>
</extensions>
</trkpt>
<trkpt lat="58.23705386" lon="15.29499323">
<ele>128.2</ele>
<time>2026-09-06T10:21:04Z</time>
<extensions>
<tp1:TrackPointExtension>
<tp1:hr>158</tp1:hr>
</tp1:TrackPointExtension>
</extensions>
</trkpt>
<trkpt lat="58.23705546" lon="15.29498921">
<ele>127.8</ele>
<time>2026-09-06T10:21:05Z</time>
<extensions>
<tp1:TrackPointExtension>
<tp1:hr>158</tp1:hr>
</tp1:TrackPointExtension>
</extensions>
</trkpt>
<trkpt lat="58.23705755" lon="15.29498116">
<ele>127.6</ele>
<time>2026-09-06T10:21:06Z</time>
<extensions>
<tp1:TrackPointExtension>
<tp1:hr>159</tp1:hr>
</tp1:TrackPointExtension>
</extensions>
</trkpt>
<trkpt lat="58.23705269" lon="15.29493154">
<ele>126.8</ele>
<time>2026-09-06T10:21:07Z</time>
<extensions>
<tp1:TrackPointExtension>
<tp1:hr>159</tp1:hr>
</tp1:TrackPointExtension>
</extensions>
</trkpt>
<trkpt lat="58.23704674" lon="15.2948929">
<ele>126.2</ele>
<time>2026-09-06T10:21:08Z</time>
<extensions>
<tp1:TrackPointExtension>
<tp1:hr>159</tp1:hr>
</tp1:TrackPointExtension>
</extensions>
</trkpt>
<trkpt lat="58.23704288" lon="15.29486449">
<ele>125.2</ele>
<time>2026-09-06T10:21:09Z</time>
<extensions>
<tp1:TrackPointExtension>
<tp1:hr>159</tp1:hr>
</tp1:TrackPointExtension>
</extensions>
</trkpt>
<trkpt lat="58.23703224" lon="15.29482358">
<ele>124.4</ele>
<time>2026-09-06T10:21:10Z</time>
<extensions>
<tp1:TrackPointExtension>
<tp1:hr>158</tp1:hr>
</tp1:TrackPointExtension>
</extensions>
</trkpt>
<trkpt lat="58.23703542" lon="15.29476013">
<ele>124.0</ele>
<time>2026-09-06T10:21:11Z</time>
<extensions>
<tp1:TrackPointExtension>
<tp1:hr>158</tp1:hr>
</tp1:TrackPointExtension>
</extensions>
</trkpt>
<trkpt lat="58.23703693" lon="15.29469509">
<ele>123.4</ele>
<time>2026-09-06T10:21:12Z</time>
<extensions>
<tp1:TrackPointExtension>
<tp1:hr>158</tp1:hr>
</tp1:TrackPointExtension>
</extensions>
</trkpt>
<trkpt lat="58.23703819" lon="15.29462049">
<ele>123.0</ele>
<time>2026-09-06T10:21:13Z</time>
<extensions>
<tp1:TrackPointExtension>
<tp1:hr>157</tp1:hr>
</tp1:TrackPointExtension>
</extensions>
</trkpt>
<trkpt lat="58.23704104" lon="15.29453876">
<ele>122.8</ele>
<time>2026-09-06T10:21:14Z</time>
<extensions>
<tp1:TrackPointExtension>
<tp1:hr>157</tp1:hr>
</tp1:TrackPointExtension>
</extensions>
</trkpt>
<trkpt lat="58.23704246" lon="15.29445293">
<ele>122.6</ele>
<time>2026-09-06T10:21:15Z</time>
<extensions>
<tp1:TrackPointExtension>
<tp1:hr>157</tp1:hr>
</tp1:TrackPointExtension>
</extensions>
</trkpt>
<trkpt lat="58.23702905" lon="15.29436777">
<ele>122.4</ele>
<time>2026-09-06T10:21:16Z</time>
<extensions>
<tp1:TrackPointExtension>
<tp1:hr>158</tp1:hr>
</tp1:TrackPointExtension>
</extensions>
</trkpt>
<trkpt lat="58.2370288" lon="15.29427482">
<ele>122.4</ele>
<time>2026-09-06T10:21:17Z</time>
<extensions>
<tp1:TrackPointExtension>
<tp1:hr>158</tp1:hr>
</tp1:TrackPointExtension>
</extensions>
</trkpt>
<trkpt lat="58.23702101" lon="15.29421858">
<ele>122.6</ele>
<time>2026-09-06T10:21:18Z</time>
<extensions>
<tp1:TrackPointExtension>
<tp1:hr>159</tp1:hr>
</tp1:TrackPointExtension>
</extensions>
</trkpt>
<trkpt lat="58.23700081" lon="15.29416384">
<ele>122.6</ele>
<time>2026-09-06T10:21:19Z</time>
<extensions>
<tp1:TrackPointExtension>
<tp1:hr>159</tp1:hr>
</tp1:TrackPointExtension>
</extensions>
</trkpt>
<trkpt lat="58.23696912" lon="15.29412688">
<ele>122.8</ele>
<time>2026-09-06T10:21:20Z</time>
<extensions>
<tp1:TrackPointExtension>
<tp1:hr>158</tp1:hr>
</tp1:TrackPointExtension>
</extensions>
</trkpt>
<trkpt lat="58.23693124" lon="15.29411732">
<ele>123.0</ele>
<time>2026-09-06T10:21:21Z</time>
<extensions>
<tp1:TrackPointExtension>
<tp1:hr>158</tp1:hr>
</tp1:TrackPointExtension>
</extensions>
</trkpt>
<trkpt lat="58.23690047" lon="15.29410802">
<ele>123.2</ele>
<time>2026-09-06T10:21:22Z</time>
<extensions>
<tp1:TrackPointExtension>
<tp1:hr>157</tp1:hr>
</tp1:TrackPointExtension>
</extensions>
</trkpt>
<trkpt lat="58.23686418" lon="15.29410559">
<ele>123.2</ele>
<time>2026-09-06T10:21:23Z</time>
<extensions>
<tp1:TrackPointExtension>
<tp1:hr>157</tp1:hr>
</tp1:TrackPointExtension>
</extensions>
</trkpt>
<trkpt lat="58.23683283" lon="15.29409905">
<ele>123.2</ele>
<time>2026-09-06T10:21:24Z</time>
<extensions>
<tp1:TrackPointExtension>
<tp1:hr>157</tp1:hr>
</tp1:TrackPointExtension>
</extensions>
</trkpt>
<trkpt lat="58.23682177" lon="15.29404784">
<ele>123.0</ele>
<time>2026-09-06T10:21:25Z</time>
<extensions>
<tp1:TrackPointExtension>
<tp1:hr>157</tp1:hr>
</tp1:TrackPointExtension>
</extensions>
</trkpt>
<trkpt lat="58.23681322" lon="15.29400148">
<ele>123.0</ele>
<time>2026-09-06T10:21:26Z</time>
<extensions>
<tp1:TrackPointExtension>
<tp1:hr>157</tp1:hr>
</tp1:TrackPointExtension>
</extensions>
</trkpt>
<trkpt lat="58.23681942" lon="15.29396737">
<ele>123.0</ele>
<time>2026-09-06T10:21:27Z</time>
<extensions>
<tp1:TrackPointExtension>
<tp1:hr>158</tp1:hr>
</tp1:TrackPointExtension>
</extensions>
</trkpt>
<trkpt lat="58.23683694" lon="15.29394298">
<ele>123.0</ele>
<time>2026-09-06T10:21:28Z</time>
<extensions>
<tp1:TrackPointExtension>
<tp1:hr>157</tp1:hr>
</tp1:TrackPointExtension>
</extensions>
</trkpt>
<trkpt lat="58.23685756" lon="15.29390492">
<ele>123.2</ele>
<time>2026-09-06T10:21:29Z</time>
<extensions>
<tp1:TrackPointExtension>
<tp1:hr>157</tp1:hr>
</tp1:TrackPointExtension>
</extensions>
</trkpt>
<trkpt lat="58.23687416" lon="15.29387416">
<ele>123.4</ele>
<time>2026-09-06T10:21:30Z</time>
<extensions>
<tp1:TrackPointExtension>
<tp1:hr>157</tp1:hr>
</tp1:TrackPointExtension>
</extensions>
</trkpt>
<trkpt lat="58.23689846" lon="15.2938165">
<ele>123.6</ele>
<time>2026-09-06T10:21:31Z</time>
<extensions>
<tp1:TrackPointExtension>
<tp1:hr>157</tp1:hr>
</tp1:TrackPointExtension>
</extensions>
</trkpt>
<trkpt lat="58.23692093" lon="15.29375698">
<ele>123.6</ele>
<time>2026-09-06T10:21:32Z</time>
<extensions>
<tp1:TrackPointExtension>
<tp1:hr>156</tp1:hr>
</tp1:TrackPointExtension>
</extensions>
</trkpt>
<trkpt lat="58.23694146" lon="15.29368876">
<ele>124.2</ele>
<time>2026-09-06T10:21:33Z</time>
<extensions>
<tp1:TrackPointExtension>
<tp1:hr>156</tp1:hr>
</tp1:TrackPointExtension>
</extensions>
</trkpt>
<trkpt lat="58.2369708" lon="15.29360049">
<ele>124.6</ele>
<time>2026-09-06T10:21:34Z</time>
<extensions>
<tp1:TrackPointExtension>
<tp1:hr>156</tp1:hr>
</tp1:TrackPointExtension>
</extensions>
</trkpt>
<trkpt lat="58.23699527" lon="15.29354434">
<ele>125.0</ele>
<time>2026-09-06T10:21:35Z</time>
<extensions>
<tp1:TrackPointExtension>
<tp1:hr>155</tp1:hr>
</tp1:TrackPointExtension>
</extensions>
</trkpt>
<trkpt lat="58.23700894" lon="15.29346303">
<ele>125.2</ele>
<time>2026-09-06T10:21:36Z</time>
<extensions>
<tp1:TrackPointExtension>
<tp1:hr>156</tp1:hr>
</tp1:TrackPointExtension>
</extensions>
</trkpt>
<trkpt lat="58.23702369" lon="15.29338449">
<ele>125.4</ele>
<time>2026-09-06T10:21:37Z</time>
<extensions>
<tp1:TrackPointExtension>
<tp1:hr>157</tp1:hr>
</tp1:TrackPointExtension>
</extensions>
</trkpt>
<trkpt lat="58.23703844" lon="15.29333068">
<ele>125.4</ele>
<time>2026-09-06T10:21:38Z</time>
<extensions>
<tp1:TrackPointExtension>
<tp1:hr>158</tp1:hr>
</tp1:TrackPointExtension>
</extensions>
</trkpt>
<trkpt lat="58.23705663" lon="15.29324418">
<ele>125.6</ele>
<time>2026-09-06T10:21:39Z</time>
<extensions>
<tp1:TrackPointExtension>
<tp1:hr>160</tp1:hr>
</tp1:TrackPointExtension>
</extensions>
</trkpt>
<trkpt lat="58.23707826" lon="15.29317285">
<ele>125.8</ele>
<time>2026-09-06T10:21:40Z</time>
<extensions>
<tp1:TrackPointExtension>
<tp1:hr>161</tp1:hr>
</tp1:TrackPointExtension>
</extensions>
</trkpt>
<trkpt lat="58.23709569" lon="15.29311853">
<ele>125.8</ele>
<time>2026-09-06T10:21:41Z</time>
<extensions>
<tp1:TrackPointExtension>
<tp1:hr>162</tp1:hr>
</tp1:TrackPointExtension>
</extensions>
</trkpt>
<trkpt lat="58.23712603" lon="15.29305777">
<ele>125.8</ele>
<time>2026-09-06T10:21:42Z</time>
<extensions>
<tp1:TrackPointExtension>
<tp1:hr>163</tp1:hr>
</tp1:TrackPointExtension>
</extensions>
</trkpt>
<trkpt lat="58.2371485" lon="15.29300186">
<ele>125.8</ele>
<time>2026-09-06T10:21:43Z</time>
<extensions>
<tp1:TrackPointExtension>
<tp1:hr>163</tp1:hr>
</tp1:TrackPointExtension>
</extensions>
</trkpt>
<trkpt lat="58.23716953" lon="15.29294637">
<ele>125.8</ele>
<time>2026-09-06T10:21:44Z</time>
<extensions>
<tp1:TrackPointExtension>
<tp1:hr>164</tp1:hr>
</tp1:TrackPointExtension>
</extensions>
</trkpt>
<trkpt lat="58.23719242" lon="15.29288929">
<ele>126.0</ele>
<time>2026-09-06T10:21:45Z</time>
<extensions>
<tp1:TrackPointExtension>
<tp1:hr>165</tp1:hr>
</tp1:TrackPointExtension>
</extensions>
</trkpt>
<trkpt lat="58.23721287" lon="15.29283137">
<ele>126.0</ele>
<time>2026-09-06T10:21:46Z</time>
<extensions>
<tp1:TrackPointExtension>
<tp1:hr>165</tp1:hr>
</tp1:TrackPointExtension>
</extensions>
</trkpt>
<trkpt lat="58.23724179" lon="15.29277069">
<ele>126.0</ele>
<time>2026-09-06T10:21:47Z</time>
<extensions>
<tp1:TrackPointExtension>
<tp1:hr>166</tp1:hr>
</tp1:TrackPointExtension>
</extensions>
</trkpt>
<trkpt lat="58.23727087" lon="15.29271101">
<ele>126.0</ele>
<time>2026-09-06T10:21:48Z</time>
<extensions>
<tp1:TrackPointExtension>
<tp1:hr>166</tp1:hr>
</tp1:TrackPointExtension>
</extensions>
</trkpt>
<trkpt lat="58.23728629" lon="15.29265946">
<ele>126.0</ele>
<time>2026-09-06T10:21:49Z</time>
<extensions>
<tp1:TrackPointExtension>
<tp1:hr>166</tp1:hr>
</tp1:TrackPointExtension>
</extensions>
</trkpt>
<trkpt lat="58.23731437" lon="15.29258352">
<ele>126.2</ele>
<time>2026-09-06T10:21:50Z</time>
<extensions>
<tp1:TrackPointExtension>
<tp1:hr>167</tp1:hr>
</tp1:TrackPointExtension>
</extensions>
</trkpt>
<trkpt lat="58.23733231" lon="15.29252619">
<ele>126.2</ele>
<time>2026-09-06T10:21:51Z</time>
<extensions>
<tp1:TrackPointExtension>
<tp1:hr>167</tp1:hr>
</tp1:TrackPointExtension>
</extensions>
</trkpt>
<trkpt lat="58.23734706" lon="15.29245201">
<ele>126.4</ele>
<time>2026-09-06T10:21:52Z</time>
<extensions>
<tp1:TrackPointExtension>
<tp1:hr>168</tp1:hr>
</tp1:TrackPointExtension>
</extensions>
</trkpt>
<trkpt lat="58.23736408" lon="15.29237213">
<ele>126.4</ele>
<time>2026-09-06T10:21:53Z</time>
<extensions>
<tp1:TrackPointExtension>
<tp1:hr>168</tp1:hr>
</tp1:TrackPointExtension>
</extensions>
</trkpt>
<trkpt lat="58.23737514" lon="15.29232485">
<ele>126.6</ele>
<time>2026-09-06T10:21:54Z</time>
<extensions>
<tp1:TrackPointExtension>
<tp1:hr>168</tp1:hr>
</tp1:TrackPointExtension>
</extensions>
</trkpt>
<trkpt lat="58.23739442" lon="15.29225059">
<ele>127.0</ele>
<time>2026-09-06T10:21:55Z</time>
<extensions>
<tp1:TrackPointExtension>
<tp1:hr>168</tp1:hr>
</tp1:TrackPointExtension>
</extensions>
</trkpt>
<trkpt lat="58.2374116" lon="15.29218722">
<ele>127.2</ele>
<time>2026-09-06T10:21:56Z</time>
<extensions>
<tp1:TrackPointExtension>
<tp1:hr>167</tp1:hr>
</tp1:TrackPointExtension>
</extensions>
</trkpt>
<trkpt lat="58.23743021" lon="15.29212679">
<ele>127.4</ele>
<time>2026-09-06T10:21:57Z</time>
<extensions>
<tp1:TrackPointExtension>
<tp1:hr>167</tp1:hr>
</tp1:TrackPointExtension>
</extensions>
</trkpt>
<trkpt lat="58.23745904" lon="15.29207507">
<ele>127.8</ele>
<time>2026-09-06T10:21:58Z</time>
<extensions>
<tp1:TrackPointExtension>
<tp1:hr>166</tp1:hr>
</tp1:TrackPointExtension>
</extensions>
</trkpt>
<trkpt lat="58.23748645" lon="15.2920418">
<ele>128.0</ele>
<time>2026-09-06T10:21:59Z</time>
<extensions>
<tp1:TrackPointExtension>
<tp1:hr>165</tp1:hr>
</tp1:TrackPointExtension>
</extensions>
</trkpt>
<trkpt lat="58.23752057" lon="15.29201405">
<ele>128.2</ele>
<time>2026-09-06T10:22:00Z</time>
<extensions>
<tp1:TrackPointExtension>
<tp1:hr>165</tp1:hr>
</tp1:TrackPointExtension>
</extensions>
</trkpt>
<trkpt lat="58.23755175" lon="15.29199083">
<ele>128.4</ele>
<time>2026-09-06T10:22:01Z</time>
<extensions>
<tp1:TrackPointExtension>
<tp1:hr>165</tp1:hr>
</tp1:TrackPointExtension>
</extensions>
</trkpt>
<trkpt lat="58.23758226" lon="15.29195923">
<ele>128.6</ele>
<time>2026-09-06T10:22:02Z</time>
<extensions>
<tp1:TrackPointExtension>
<tp1:hr>164</tp1:hr>
</tp1:TrackPointExtension>
</extensions>
</trkpt>
<trkpt lat="58.23761185" lon="15.29193409">
<ele>128.8</ele>
<time>2026-09-06T10:22:03Z</time>
<extensions>
<tp1:TrackPointExtension>
<tp1:hr>164</tp1:hr>
</tp1:TrackPointExtension>
</extensions>
</trkpt>
<trkpt lat="58.23764479" lon="15.29191674">
<ele>129.0</ele>
<time>2026-09-06T10:22:04Z</time>
<extensions>
<tp1:TrackPointExtension>
<tp1:hr>164</tp1:hr>
</tp1:TrackPointExtension>
</extensions>
</trkpt>
<trkpt lat="58.23767563" lon="15.29189142">
<ele>129.0</ele>
<time>2026-09-06T10:22:05Z</time>
<extensions>
<tp1:TrackPointExtension>
<tp1:hr>164</tp1:hr>
</tp1:TrackPointExtension>
</extensions>
</trkpt>
<trkpt lat="58.23771528" lon="15.29185706">
<ele>128.9</ele>
<time>2026-09-06T10:22:06Z</time>
<extensions>
<tp1:TrackPointExtension>
<tp1:hr>164</tp1:hr>
</tp1:TrackPointExtension>
</extensions>
</trkpt>
<trkpt lat="58.23774328" lon="15.29183275">
<ele>128.7</ele>
<time>2026-09-06T10:22:07Z</time>
<extensions>
<tp1:TrackPointExtension>
<tp1:hr>164</tp1:hr>
</tp1:TrackPointExtension>
</extensions>
</trkpt>
<trkpt lat="58.23777873" lon="15.29179989">
<ele>128.7</ele>
<time>2026-09-06T10:22:08Z</time>
<extensions>
<tp1:TrackPointExtension>
<tp1:hr>164</tp1:hr>
</tp1:TrackPointExtension>
</extensions>
</trkpt>
<trkpt lat="58.23781041" lon="15.29176611">
<ele>128.5</ele>
<time>2026-09-06T10:22:09Z</time>
<extensions>
<tp1:TrackPointExtension>
<tp1:hr>164</tp1:hr>
</tp1:TrackPointExtension>
</extensions>
</trkpt>
<trkpt lat="58.23783757" lon="15.29172362">
<ele>128.5</ele>
<time>2026-09-06T10:22:10Z</time>
<extensions>
<tp1:TrackPointExtension>
<tp1:hr>164</tp1:hr>
</tp1:TrackPointExtension>
</extensions>
</trkpt>
<trkpt lat="58.23787898" lon="15.29166964">
<ele>128.5</ele>
<time>2026-09-06T10:22:11Z</time>
<extensions>
<tp1:TrackPointExtension>
<tp1:hr>163</tp1:hr>
</tp1:TrackPointExtension>
</extensions>
</trkpt>
<trkpt lat="58.23791259" lon="15.29161231">
<ele>128.5</ele>
<time>2026-09-06T10:22:12Z</time>
<extensions>
<tp1:TrackPointExtension>
<tp1:hr>163</tp1:hr>
</tp1:TrackPointExtension>
</extensions>
</trkpt>
<trkpt lat="58.23793648" lon="15.29156419">
<ele>128.7</ele>
<time>2026-09-06T10:22:13Z</time>
<extensions>
<tp1:TrackPointExtension>
<tp1:hr>164</tp1:hr>
</tp1:TrackPointExtension>
</extensions>
</trkpt>
<trkpt lat="58.23796749" lon="15.29151063">
<ele>128.9</ele>
<time>2026-09-06T10:22:14Z</time>
<extensions>
<tp1:TrackPointExtension>
<tp1:hr>164</tp1:hr>
</tp1:TrackPointExtension>
</extensions>
</trkpt>
<trkpt lat="58.23799406" lon="15.29146034">
<ele>129.1</ele>
<time>2026-09-06T10:22:15Z</time>
<extensions>
<tp1:TrackPointExtension>
<tp1:hr>164</tp1:hr>
</tp1:TrackPointExtension>
</extensions>
</trkpt>
<trkpt lat="58.2380187" lon="15.29140712">
<ele>129.1</ele>
<time>2026-09-06T10:22:16Z</time>
<extensions>
<tp1:TrackPointExtension>
<tp1:hr>165</tp1:hr>
</tp1:TrackPointExtension>
</extensions>
</trkpt>
<trkpt lat="58.23804712" lon="15.29133822">
<ele>129.3</ele>
<time>2026-09-06T10:22:17Z</time>
<extensions>
<tp1:TrackPointExtension>
<tp1:hr>165</tp1:hr>
</tp1:TrackPointExtension>
</extensions>
</trkpt>
<trkpt lat="58.23806514" lon="15.29128281">
<ele>129.1</ele>
<time>2026-09-06T10:22:18Z</time>
<extensions>
<tp1:TrackPointExtension>
<tp1:hr>165</tp1:hr>
</tp1:TrackPointExtension>
</extensions>
</trkpt>
<trkpt lat="58.23808308" lon="15.29121693">
<ele>129.1</ele>
<time>2026-09-06T10:22:19Z</time>
<extensions>
<tp1:TrackPointExtension>
<tp1:hr>165</tp1:hr>
</tp1:TrackPointExtension>
</extensions>
</trkpt>
<trkpt lat="58.23809925" lon="15.29115055">
<ele>129.1</ele>
<time>2026-09-06T10:22:20Z</time>
<extensions>
<tp1:TrackPointExtension>
<tp1:hr>165</tp1:hr>
</tp1:TrackPointExtension>
</extensions>
</trkpt>
<trkpt lat="58.23810739" lon="15.29109204">
<ele>128.9</ele>
<time>2026-09-06T10:22:21Z</time>
<extensions>
<tp1:TrackPointExtension>
<tp1:hr>166</tp1:hr>
</tp1:TrackPointExtension>
</extensions>
</trkpt>
<trkpt lat="58.23811065" lon="15.2910208">
<ele>128.7</ele>
<time>2026-09-06T10:22:22Z</time>
<extensions>
<tp1:TrackPointExtension>
<tp1:hr>166</tp1:hr>
</tp1:TrackPointExtension>
</extensions>
</trkpt>
<trkpt lat="58.23811853" lon="15.29093077">
<ele>128.5</ele>
<time>2026-09-06T10:22:23Z</time>
<extensions>
<tp1:TrackPointExtension>
<tp1:hr>166</tp1:hr>
</tp1:TrackPointExtension>
</extensions>
</trkpt>
<trkpt lat="58.23812306" lon="15.29085349">
<ele>128.1</ele>
<time>2026-09-06T10:22:24Z</time>
<extensions>
<tp1:TrackPointExtension>
<tp1:hr>166</tp1:hr>
</tp1:TrackPointExtension>
</extensions>
</trkpt>
<trkpt lat="58.23811719" lon="15.29077739">
<ele>127.7</ele>
<time>2026-09-06T10:22:25Z</time>
<extensions>
<tp1:TrackPointExtension>
<tp1:hr>166</tp1:hr>
</tp1:TrackPointExtension>
</extensions>
</trkpt>
<trkpt lat="58.23810177" lon="15.29067613">
<ele>127.3</ele>
<time>2026-09-06T10:22:26Z</time>
<extensions>
<tp1:TrackPointExtension>
<tp1:hr>166</tp1:hr>
</tp1:TrackPointExtension>
</extensions>
</trkpt>
<trkpt lat="58.23808928" lon="15.29059868">
<ele>126.9</ele>
<time>2026-09-06T10:22:27Z</time>
<extensions>
<tp1:TrackPointExtension>
<tp1:hr>165</tp1:hr>
</tp1:TrackPointExtension>
</extensions>
</trkpt>
<trkpt lat="58.23807897" lon="15.29051227">
<ele>126.3</ele>
<time>2026-09-06T10:22:28Z</time>
<extensions>
<tp1:TrackPointExtension>
<tp1:hr>165</tp1:hr>
</tp1:TrackPointExtension>
</extensions>
</trkpt>
<trkpt lat="58.2380726" lon="15.29041906">
<ele>125.9</ele>
<time>2026-09-06T10:22:29Z</time>
<extensions>
<tp1:TrackPointExtension>
<tp1:hr>165</tp1:hr>
</tp1:TrackPointExtension>
</extensions>
</trkpt>
<trkpt lat="58.23806254" lon="15.29034731">
<ele>125.1</ele>
<time>2026-09-06T10:22:30Z</time>
<extensions>
<tp1:TrackPointExtension>
<tp1:hr>165</tp1:hr>
</tp1:TrackPointExtension>
</extensions>
</trkpt>
<trkpt lat="58.23805248" lon="15.29025075">
<ele>124.7</ele>
<time>2026-09-06T10:22:31Z</time>
<extensions>
<tp1:TrackPointExtension>
<tp1:hr>165</tp1:hr>
</tp1:TrackPointExtension>
</extensions>
</trkpt>
<trkpt lat="58.23804393" lon="15.29016836">
<ele>124.7</ele>
<time>2026-09-06T10:22:32Z</time>
<extensions>
<tp1:TrackPointExtension>
<tp1:hr>165</tp1:hr>
</tp1:TrackPointExtension>
</extensions>
</trkpt>
<trkpt lat="58.23803681" lon="15.29009694">
<ele>124.1</ele>
<time>2026-09-06T10:22:33Z</time>
<extensions>
<tp1:TrackPointExtension>
<tp1:hr>164</tp1:hr>
</tp1:TrackPointExtension>
</extensions>
</trkpt>
<trkpt lat="58.23803346" lon="15.28998764">
<ele>123.9</ele>
<time>2026-09-06T10:22:34Z</time>
<extensions>
<tp1:TrackPointExtension>
<tp1:hr>164</tp1:hr>
</tp1:TrackPointExtension>
</extensions>
</trkpt>
<trkpt lat="58.23802876" lon="15.28990089">
<ele>123.7</ele>
<time>2026-09-06T10:22:35Z</time>
<extensions>
<tp1:TrackPointExtension>
<tp1:hr>164</tp1:hr>
</tp1:TrackPointExtension>
</extensions>
</trkpt>
<trkpt lat="58.23802256" lon="15.28982445">
<ele>123.3</ele>
<time>2026-09-06T10:22:36Z</time>
<extensions>
<tp1:TrackPointExtension>
<tp1:hr>163</tp1:hr>
</tp1:TrackPointExtension>
</extensions>
</trkpt>
<trkpt lat="58.23801602" lon="15.28972051">
<ele>123.1</ele>
<time>2026-09-06T10:22:37Z</time>
<extensions>
<tp1:TrackPointExtension>
<tp1:hr>163</tp1:hr>
</tp1:TrackPointExtension>
</extensions>
</trkpt>
<trkpt lat="58.23800471" lon="15.28965371">
<ele>122.7</ele>
<time>2026-09-06T10:22:38Z</time>
<extensions>
<tp1:TrackPointExtension>
<tp1:hr>163</tp1:hr>
</tp1:TrackPointExtension>
</extensions>
</trkpt>
<trkpt lat="58.23798719" lon="15.28956452">
<ele>122.3</ele>
<time>2026-09-06T10:22:39Z</time>
<extensions>
<tp1:TrackPointExtension>
<tp1:hr>164</tp1:hr>
</tp1:TrackPointExtension>
</extensions>
</trkpt>
<trkpt lat="58.2379773" lon="15.28946025">
<ele>122.1</ele>
<time>2026-09-06T10:22:40Z</time>
<extensions>
<tp1:TrackPointExtension>
<tp1:hr>164</tp1:hr>
</tp1:TrackPointExtension>
</extensions>
</trkpt>
<trkpt lat="58.23796657" lon="15.28939387">
<ele>121.9</ele>
<time>2026-09-06T10:22:41Z</time>
<extensions>
<tp1:TrackPointExtension>
<tp1:hr>165</tp1:hr>
</tp1:TrackPointExtension>
</extensions>
</trkpt>
<trkpt lat="58.23795291" lon="15.28929773">
<ele>121.9</ele>
<time>2026-09-06T10:22:42Z</time>
<extensions>
<tp1:TrackPointExtension>
<tp1:hr>165</tp1:hr>
</tp1:TrackPointExtension>
</extensions>
</trkpt>
<trkpt lat="58.23793673" lon="15.28921978">
<ele>121.9</ele>
<time>2026-09-06T10:22:43Z</time>
<extensions>
<tp1:TrackPointExtension>
<tp1:hr>165</tp1:hr>
</tp1:TrackPointExtension>
</extensions>
</trkpt>
<trkpt lat="58.23792575" lon="15.28915063">
<ele>121.9</ele>
<time>2026-09-06T10:22:44Z</time>
<extensions>
<tp1:TrackPointExtension>
<tp1:hr>165</tp1:hr>
</tp1:TrackPointExtension>
</extensions>
</trkpt>
<trkpt lat="58.23790655" lon="15.28906672">
<ele>121.9</ele>
<time>2026-09-06T10:22:45Z</time>
<extensions>
<tp1:TrackPointExtension>
<tp1:hr>166</tp1:hr>
</tp1:TrackPointExtension>
</extensions>
</trkpt>
<trkpt lat="58.23788627" lon="15.28901677">
<ele>121.9</ele>
<time>2026-09-06T10:22:46Z</time>
<extensions>
<tp1:TrackPointExtension>
<tp1:hr>166</tp1:hr>
</tp1:TrackPointExtension>
</extensions>
</trkpt>
<trkpt lat="58.23787001" lon="15.28893312">
<ele>122.1</ele>
<time>2026-09-06T10:22:47Z</time>
<extensions>
<tp1:TrackPointExtension>
<tp1:hr>166</tp1:hr>
</tp1:TrackPointExtension>
</extensions>
</trkpt>
<trkpt lat="58.23785593" lon="15.28886262">
<ele>122.1</ele>
<time>2026-09-06T10:22:48Z</time>
<extensions>
<tp1:TrackPointExtension>
<tp1:hr>166</tp1:hr>
</tp1:TrackPointExtension>
</extensions>
</trkpt>
<trkpt lat="58.23784" lon="15.28880118">
<ele>122.3</ele>
<time>2026-09-06T10:22:49Z</time>
<extensions>
<tp1:TrackPointExtension>
<tp1:hr>165</tp1:hr>
</tp1:TrackPointExtension>
</extensions>
</trkpt>
<trkpt lat="58.237825" lon="15.28871259">
<ele>122.5</ele>
<time>2026-09-06T10:22:50Z</time>
<extensions>
<tp1:TrackPointExtension>
<tp1:hr>165</tp1:hr>
</tp1:TrackPointExtension>
</extensions>
</trkpt>
<trkpt lat="58.23780891" lon="15.28866054">
<ele>122.5</ele>
<time>2026-09-06T10:22:51Z</time>
<extensions>
<tp1:TrackPointExtension>
<tp1:hr>164</tp1:hr>
</tp1:TrackPointExtension>
</extensions>
</trkpt>
<trkpt lat="58.23778376" lon="15.28859407">
<ele>122.5</ele>
<time>2026-09-06T10:22:52Z</time>
<extensions>
<tp1:TrackPointExtension>
<tp1:hr>164</tp1:hr>
</tp1:TrackPointExtension>
</extensions>
</trkpt>
<trkpt lat="58.23775669" lon="15.28851679">
<ele>122.7</ele>
<time>2026-09-06T10:22:53Z</time>
<extensions>
<tp1:TrackPointExtension>
<tp1:hr>164</tp1:hr>
</tp1:TrackPointExtension>
</extensions>
</trkpt>
<trkpt lat="58.23773632" lon="15.28846306">
<ele>122.7</ele>
<time>2026-09-06T10:22:54Z</time>
<extensions>
<tp1:TrackPointExtension>
<tp1:hr>164</tp1:hr>
</tp1:TrackPointExtension>
</extensions>
</trkpt>
<trkpt lat="58.23770866" lon="15.28840254">
<ele>122.7</ele>
<time>2026-09-06T10:22:55Z</time>
<extensions>
<tp1:TrackPointExtension>
<tp1:hr>163</tp1:hr>
</tp1:TrackPointExtension>
</extensions>
</trkpt>
<trkpt lat="58.2376846" lon="15.28833138">
<ele>122.7</ele>
<time>2026-09-06T10:22:56Z</time>
<extensions>
<tp1:TrackPointExtension>
<tp1:hr>163</tp1:hr>
</tp1:TrackPointExtension>
</extensions>
</trkpt>
<trkpt lat="58.23766541" lon="15.28828704">
<ele>122.9</ele>
<time>2026-09-06T10:22:57Z</time>
<extensions>
<tp1:TrackPointExtension>
<tp1:hr>163</tp1:hr>
</tp1:TrackPointExtension>
</extensions>
</trkpt>
<trkpt lat="58.23763548" lon="15.28821328">
<ele>122.9</ele>
<time>2026-09-06T10:22:58Z</time>
<extensions>
<tp1:TrackPointExtension>
<tp1:hr>163</tp1:hr>
</tp1:TrackPointExtension>
</extensions>
</trkpt>
<trkpt lat="58.23760824" lon="15.28814966">
<ele>122.9</ele>
<time>2026-09-06T10:22:59Z</time>
<extensions>
<tp1:TrackPointExtension>
<tp1:hr>164</tp1:hr>
</tp1:TrackPointExtension>
</extensions>
</trkpt>
<trkpt lat="58.23758394" lon="15.288094">
<ele>122.9</ele>
<time>2026-09-06T10:23:00Z</time>
<extensions>
<tp1:TrackPointExtension>
<tp1:hr>164</tp1:hr>
</tp1:TrackPointExtension>
</extensions>
</trkpt>
<trkpt lat="58.23755787" lon="15.28801446">
<ele>123.1</ele>
<time>2026-09-06T10:23:01Z</time>
<extensions>
<tp1:TrackPointExtension>
<tp1:hr>164</tp1:hr>
</tp1:TrackPointExtension>
</extensions>
</trkpt>
<trkpt lat="58.23753758" lon="15.28796132">
<ele>123.1</ele>
<time>2026-09-06T10:23:02Z</time>
<extensions>
<tp1:TrackPointExtension>
<tp1:hr>164</tp1:hr>
</tp1:TrackPointExtension>
</extensions>
</trkpt>
<trkpt lat="58.23751017" lon="15.28789845">
<ele>123.1</ele>
<time>2026-09-06T10:23:03Z</time>
<extensions>
<tp1:TrackPointExtension>
<tp1:hr>163</tp1:hr>
</tp1:TrackPointExtension>
</extensions>
</trkpt>
<trkpt lat="58.23748796" lon="15.28782704">
<ele>123.3</ele>
<time>2026-09-06T10:23:04Z</time>
<extensions>
<tp1:TrackPointExtension>
<tp1:hr>164</tp1:hr>
</tp1:TrackPointExtension>
</extensions>
</trkpt>
<trkpt lat="58.23746785" lon="15.28777574">
<ele>123.3</ele>
<time>2026-09-06T10:23:05Z</time>
<extensions>
<tp1:TrackPointExtension>
<tp1:hr>164</tp1:hr>
</tp1:TrackPointExtension>
</extensions>
</trkpt>
<trkpt lat="58.23745226" lon="15.28771564">
<ele>123.3</ele>
<time>2026-09-06T10:23:06Z</time>
<extensions>
<tp1:TrackPointExtension>
<tp1:hr>164</tp1:hr>
</tp1:TrackPointExtension>
</extensions>
</trkpt>
<trkpt lat="58.23743432" lon="15.28765798">
<ele>123.5</ele>
<time>2026-09-06T10:23:07Z</time>
<extensions>
<tp1:TrackPointExtension>
<tp1:hr>164</tp1:hr>
</tp1:TrackPointExtension>
</extensions>
</trkpt>
<trkpt lat="58.23741487" lon="15.28760232">
<ele>123.5</ele>
<time>2026-09-06T10:23:08Z</time>
<extensions>
<tp1:TrackPointExtension>
<tp1:hr>163</tp1:hr>
</tp1:TrackPointExtension>
</extensions>
</trkpt>
<trkpt lat="58.23738906" lon="15.28752068">
<ele>123.3</ele>
<time>2026-09-06T10:23:09Z</time>
<extensions>
<tp1:TrackPointExtension>
<tp1:hr>164</tp1:hr>
</tp1:TrackPointExtension>
</extensions>
</trkpt>
<trkpt lat="58.23736492" lon="15.28745404">
<ele>123.3</ele>
<time>2026-09-06T10:23:10Z</time>
<extensions>
<tp1:TrackPointExtension>
<tp1:hr>164</tp1:hr>
</tp1:TrackPointExtension>
</extensions>
</trkpt>
<trkpt lat="58.23734715" lon="15.28737484">
<ele>123.1</ele>
<time>2026-09-06T10:23:11Z</time>
<extensions>
<tp1:TrackPointExtension>
<tp1:hr>164</tp1:hr>
</tp1:TrackPointExtension>
</extensions>
</trkpt>
<trkpt lat="58.23733441" lon="15.28729043">
<ele>123.1</ele>
<time>2026-09-06T10:23:12Z</time>
<extensions>
<tp1:TrackPointExtension>
<tp1:hr>164</tp1:hr>
</tp1:TrackPointExtension>
</extensions>
</trkpt>
<trkpt lat="58.23732653" lon="15.28722438">
<ele>123.1</ele>
<time>2026-09-06T10:23:13Z</time>
<extensions>
<tp1:TrackPointExtension>
<tp1:hr>164</tp1:hr>
</tp1:TrackPointExtension>
</extensions>
</trkpt>
<trkpt lat="58.23731982" lon="15.28714358">
<ele>123.1</ele>
<time>2026-09-06T10:23:14Z</time>
<extensions>
<tp1:TrackPointExtension>
<tp1:hr>165</tp1:hr>
</tp1:TrackPointExtension>
</extensions>
</trkpt>
<trkpt lat="58.23731127" lon="15.28706529">
<ele>123.1</ele>
<time>2026-09-06T10:23:15Z</time>
<extensions>
<tp1:TrackPointExtension>
<tp1:hr>165</tp1:hr>
</tp1:TrackPointExtension>
</extensions>
</trkpt>
<trkpt lat="58.2373075" lon="15.2869927">
<ele>122.9</ele>
<time>2026-09-06T10:23:16Z</time>
<extensions>
<tp1:TrackPointExtension>
<tp1:hr>165</tp1:hr>
</tp1:TrackPointExtension>
</extensions>
</trkpt>
<trkpt lat="58.2373096" lon="15.28688315">
<ele>122.5</ele>
<time>2026-09-06T10:23:17Z</time>
<extensions>
<tp1:TrackPointExtension>
<tp1:hr>165</tp1:hr>
</tp1:TrackPointExtension>
</extensions>
</trkpt>
<trkpt lat="58.23730675" lon="15.28680763">
<ele>122.5</ele>
<time>2026-09-06T10:23:18Z</time>
<extensions>
<tp1:TrackPointExtension>
<tp1:hr>165</tp1:hr>
</tp1:TrackPointExtension>
</extensions>
</trkpt>
<trkpt lat="58.23730683" lon="15.2867239">
<ele>122.5</ele>
<time>2026-09-06T10:23:19Z</time>
<extensions>
<tp1:TrackPointExtension>
<tp1:hr>166</tp1:hr>
</tp1:TrackPointExtension>
</extensions>
</trkpt>
<trkpt lat="58.23731538" lon="15.28663379">
<ele>122.5</ele>
<time>2026-09-06T10:23:20Z</time>
<extensions>
<tp1:TrackPointExtension>
<tp1:hr>165</tp1:hr>
</tp1:TrackPointExtension>
</extensions>
</trkpt>
<trkpt lat="58.23732971" lon="15.28657227">
<ele>122.5</ele>
<time>2026-09-06T10:23:21Z</time>
<extensions>
<tp1:TrackPointExtension>
<tp1:hr>165</tp1:hr>
</tp1:TrackPointExtension>
</extensions>
</trkpt>
<trkpt lat="58.23735704" lon="15.28651544">
<ele>122.5</ele>
<time>2026-09-06T10:23:22Z</time>
<extensions>
<tp1:TrackPointExtension>
<tp1:hr>165</tp1:hr>
</tp1:TrackPointExtension>
</extensions>
</trkpt>
<trkpt lat="58.23737992" lon="15.28644495">
<ele>122.5</ele>
<time>2026-09-06T10:23:23Z</time>
<extensions>
<tp1:TrackPointExtension>
<tp1:hr>165</tp1:hr>
</tp1:TrackPointExtension>
</extensions>
</trkpt>
<trkpt lat="58.23739534" lon="15.28638141">
<ele>122.5</ele>
<time>2026-09-06T10:23:24Z</time>
<extensions>
<tp1:TrackPointExtension>
<tp1:hr>166</tp1:hr>
</tp1:TrackPointExtension>
</extensions>
</trkpt>
<trkpt lat="58.23742057" lon="15.28631721">
<ele>122.5</ele>
<time>2026-09-06T10:23:25Z</time>
<extensions>
<tp1:TrackPointExtension>
<tp1:hr>165</tp1:hr>
</tp1:TrackPointExtension>
</extensions>
</trkpt>
<trkpt lat="58.23744706" lon="15.28626717">
<ele>122.7</ele>
<time>2026-09-06T10:23:26Z</time>
<extensions>
<tp1:TrackPointExtension>
<tp1:hr>165</tp1:hr>
</tp1:TrackPointExtension>
</extensions>
</trkpt>
<trkpt lat="58.23747774" lon="15.28622182">
<ele>122.7</ele>
<time>2026-09-06T10:23:27Z</time>
<extensions>
<tp1:TrackPointExtension>
<tp1:hr>165</tp1:hr>
</tp1:TrackPointExtension>
</extensions>
</trkpt>
<trkpt lat="58.23750624" lon="15.28617539">
<ele>122.7</ele>
<time>2026-09-06T10:23:28Z</time>
<extensions>
<tp1:TrackPointExtension>
<tp1:hr>165</tp1:hr>
</tp1:TrackPointExtension>
</extensions>
</trkpt>
<trkpt lat="58.23753037" lon="15.28613289">
<ele>122.7</ele>
<time>2026-09-06T10:23:29Z</time>
<extensions>
<tp1:TrackPointExtension>
<tp1:hr>165</tp1:hr>
</tp1:TrackPointExtension>
</extensions>
</trkpt>
<trkpt lat="58.23755829" lon="15.28608629">
<ele>122.5</ele>
<time>2026-09-06T10:23:30Z</time>
<extensions>
<tp1:TrackPointExtension>
<tp1:hr>165</tp1:hr>
</tp1:TrackPointExtension>
</extensions>
</trkpt>
<trkpt lat="58.23758888" lon="15.28603826">
<ele>122.5</ele>
<time>2026-09-06T10:23:31Z</time>
<extensions>
<tp1:TrackPointExtension>
<tp1:hr>165</tp1:hr>
</tp1:TrackPointExtension>
</extensions>
</trkpt>
<trkpt lat="58.23761252" lon="15.28600121">
<ele>122.5</ele>
<time>2026-09-06T10:23:32Z</time>
<extensions>
<tp1:TrackPointExtension>
<tp1:hr>165</tp1:hr>
</tp1:TrackPointExtension>
</extensions>
</trkpt>
<trkpt lat="58.23765409" lon="15.28596215">
<ele>122.5</ele>
<time>2026-09-06T10:23:33Z</time>
<extensions>
<tp1:TrackPointExtension>
<tp1:hr>165</tp1:hr>
</tp1:TrackPointExtension>
</extensions>
</trkpt>
<trkpt lat="58.23768795" lon="15.2859334">
<ele>122.5</ele>
<time>2026-09-06T10:23:34Z</time>
<extensions>
<tp1:TrackPointExtension>
<tp1:hr>164</tp1:hr>
</tp1:TrackPointExtension>
</extensions>
</trkpt>
<trkpt lat="58.23771821" lon="15.28590381">
<ele>122.5</ele>
<time>2026-09-06T10:23:35Z</time>
<extensions>
<tp1:TrackPointExtension>
<tp1:hr>164</tp1:hr>
</tp1:TrackPointExtension>
</extensions>
</trkpt>
<trkpt lat="58.23776524" lon="15.28587221">
<ele>122.7</ele>
<time>2026-09-06T10:23:36Z</time>
<extensions>
<tp1:TrackPointExtension>
<tp1:hr>163</tp1:hr>
</tp1:TrackPointExtension>
</extensions>
</trkpt>
<trkpt lat="58.2377939" lon="15.28584849">
<ele>122.9</ele>
<time>2026-09-06T10:23:37Z</time>
<extensions>
<tp1:TrackPointExtension>
<tp1:hr>162</tp1:hr>
</tp1:TrackPointExtension>
</extensions>
</trkpt>
<trkpt lat="58.23783288" lon="15.28582033">
<ele>122.9</ele>
<time>2026-09-06T10:23:38Z</time>
<extensions>
<tp1:TrackPointExtension>
<tp1:hr>161</tp1:hr>
</tp1:TrackPointExtension>
</extensions>
</trkpt>
<trkpt lat="58.23787529" lon="15.28579577">
<ele>123.3</ele>
<time>2026-09-06T10:23:39Z</time>
<extensions>
<tp1:TrackPointExtension>
<tp1:hr>161</tp1:hr>
</tp1:TrackPointExtension>
</extensions>
</trkpt>
<trkpt lat="58.23790496" lon="15.28577079">
<ele>123.3</ele>
<time>2026-09-06T10:23:40Z</time>
<extensions>
<tp1:TrackPointExtension>
<tp1:hr>161</tp1:hr>
</tp1:TrackPointExtension>
</extensions>
</trkpt>
<trkpt lat="58.2379545" lon="15.28574891">
<ele>123.5</ele>
<time>2026-09-06T10:23:41Z</time>
<extensions>
<tp1:TrackPointExtension>
<tp1:hr>161</tp1:hr>
</tp1:TrackPointExtension>
</extensions>
</trkpt>
<trkpt lat="58.23798417" lon="15.28572871">
<ele>123.7</ele>
<time>2026-09-06T10:23:42Z</time>
<extensions>
<tp1:TrackPointExtension>
<tp1:hr>161</tp1:hr>
</tp1:TrackPointExtension>
</extensions>
</trkpt>
<trkpt lat="58.23801686" lon="15.28570172">
<ele>123.9</ele>
<time>2026-09-06T10:23:43Z</time>
<extensions>
<tp1:TrackPointExtension>
<tp1:hr>161</tp1:hr>
</tp1:TrackPointExtension>
</extensions>
</trkpt>
<trkpt lat="58.23806321" lon="15.28566753">
<ele>124.1</ele>
<time>2026-09-06T10:23:44Z</time>
<extensions>
<tp1:TrackPointExtension>
<tp1:hr>162</tp1:hr>
</tp1:TrackPointExtension>
</extensions>
</trkpt>
<trkpt lat="58.23809305" lon="15.28563693">
<ele>124.5</ele>
<time>2026-09-06T10:23:45Z</time>
<extensions>
<tp1:TrackPointExtension>
<tp1:hr>163</tp1:hr>
</tp1:TrackPointExtension>
</extensions>
</trkpt>
<trkpt lat="58.23812541" lon="15.28559963">
<ele>124.5</ele>
<time>2026-09-06T10:23:46Z</time>
<extensions>
<tp1:TrackPointExtension>
<tp1:hr>164</tp1:hr>
</tp1:TrackPointExtension>
</extensions>
</trkpt>
<trkpt lat="58.2381591" lon="15.28555965">
<ele>124.5</ele>
<time>2026-09-06T10:23:47Z</time>
<extensions>
<tp1:TrackPointExtension>
<tp1:hr>166</tp1:hr>
</tp1:TrackPointExtension>
</extensions>
</trkpt>
<trkpt lat="58.23818408" lon="15.28552772">
<ele>124.5</ele>
<time>2026-09-06T10:23:48Z</time>
<extensions>
<tp1:TrackPointExtension>
<tp1:hr>166</tp1:hr>
</tp1:TrackPointExtension>
</extensions>
</trkpt>
<trkpt lat="58.2382099" lon="15.28546393">
<ele>124.5</ele>
<time>2026-09-06T10:23:49Z</time>
<extensions>
<tp1:TrackPointExtension>
<tp1:hr>167</tp1:hr>
</tp1:TrackPointExtension>
</extensions>
</trkpt>
<trkpt lat="58.23824116" lon="15.28540375">
<ele>124.3</ele>
<time>2026-09-06T10:23:50Z</time>
<extensions>
<tp1:TrackPointExtension>
<tp1:hr>167</tp1:hr>
</tp1:TrackPointExtension>
</extensions>
</trkpt>
<trkpt lat="58.23825851" lon="15.28534491">
<ele>124.1</ele>
<time>2026-09-06T10:23:51Z</time>
<extensions>
<tp1:TrackPointExtension>
<tp1:hr>166</tp1:hr>
</tp1:TrackPointExtension>
</extensions>
</trkpt>
<trkpt lat="58.23829095" lon="15.2852719">
<ele>123.9</ele>
<time>2026-09-06T10:23:52Z</time>
<extensions>
<tp1:TrackPointExtension>
<tp1:hr>166</tp1:hr>
</tp1:TrackPointExtension>
</extensions>
</trkpt>
<trkpt lat="58.23831794" lon="15.28519764">
<ele>123.5</ele>
<time>2026-09-06T10:23:53Z</time>
<extensions>
<tp1:TrackPointExtension>
<tp1:hr>166</tp1:hr>
</tp1:TrackPointExtension>
</extensions>
</trkpt>
<trkpt lat="58.23833277" lon="15.28513988">
<ele>123.1</ele>
<time>2026-09-06T10:23:54Z</time>
<extensions>
<tp1:TrackPointExtension>
<tp1:hr>166</tp1:hr>
</tp1:TrackPointExtension>
</extensions>
</trkpt>
<trkpt lat="58.23834971" lon="15.28504944">
<ele>122.7</ele>
<time>2026-09-06T10:23:55Z</time>
<extensions>
<tp1:TrackPointExtension>
<tp1:hr>166</tp1:hr>
</tp1:TrackPointExtension>
</extensions>
</trkpt>
<trkpt lat="58.23836152" lon="15.28496596">
<ele>122.5</ele>
<time>2026-09-06T10:23:56Z</time>
<extensions>
<tp1:TrackPointExtension>
<tp1:hr>166</tp1:hr>
</tp1:TrackPointExtension>
</extensions>
</trkpt>
<trkpt lat="58.23837016" lon="15.28489321">
<ele>122.5</ele>
<time>2026-09-06T10:23:57Z</time>
<extensions>
<tp1:TrackPointExtension>
<tp1:hr>166</tp1:hr>
</tp1:TrackPointExtension>
</extensions>
</trkpt>
<trkpt lat="58.23839153" lon="15.2847948">
<ele>122.5</ele>
<time>2026-09-06T10:23:58Z</time>
<extensions>
<tp1:TrackPointExtension>
<tp1:hr>166</tp1:hr>
</tp1:TrackPointExtension>
</extensions>
</trkpt>
<trkpt lat="58.238401" lon="15.28471576">
<ele>122.5</ele>
<time>2026-09-06T10:23:59Z</time>
<extensions>
<tp1:TrackPointExtension>
<tp1:hr>166</tp1:hr>
</tp1:TrackPointExtension>
</extensions>
</trkpt>
<trkpt lat="58.2384124" lon="15.28463588">
<ele>122.5</ele>
<time>2026-09-06T10:24:00Z</time>
<extensions>
<tp1:TrackPointExtension>
<tp1:hr>166</tp1:hr>
</tp1:TrackPointExtension>
</extensions>
</trkpt>
<trkpt lat="58.23842506" lon="15.28455667">
<ele>122.5</ele>
<time>2026-09-06T10:24:01Z</time>
<extensions>
<tp1:TrackPointExtension>
<tp1:hr>165</tp1:hr>
</tp1:TrackPointExtension>
</extensions>
</trkpt>
<trkpt lat="58.23842975" lon="15.28448719">
<ele>122.5</ele>
<time>2026-09-06T10:24:02Z</time>
<extensions>
<tp1:TrackPointExtension>
<tp1:hr>166</tp1:hr>
</tp1:TrackPointExtension>
</extensions>
</trkpt>
<trkpt lat="58.23844518" lon="15.28440999">
<ele>122.3</ele>
<time>2026-09-06T10:24:03Z</time>
<extensions>
<tp1:TrackPointExtension>
<tp1:hr>166</tp1:hr>
</tp1:TrackPointExtension>
</extensions>
</trkpt>
<trkpt lat="58.23845599" lon="15.28434587">
<ele>122.5</ele>
<time>2026-09-06T10:24:04Z</time>
<extensions>
<tp1:TrackPointExtension>
<tp1:hr>166</tp1:hr>
</tp1:TrackPointExtension>
</extensions>
</trkpt>
<trkpt lat="58.23846521" lon="15.28428292">
<ele>122.5</ele>
<time>2026-09-06T10:24:05Z</time>
<extensions>
<tp1:TrackPointExtension>
<tp1:hr>166</tp1:hr>
</tp1:TrackPointExtension>
</extensions>
</trkpt>
<trkpt lat="58.23848055" lon="15.28421746">
<ele>122.5</ele>
<time>2026-09-06T10:24:06Z</time>
<extensions>
<tp1:TrackPointExtension>
<tp1:hr>166</tp1:hr>
</tp1:TrackPointExtension>
</extensions>
</trkpt>
<trkpt lat="58.23848792" lon="15.28416473">
<ele>122.5</ele>
<time>2026-09-06T10:24:07Z</time>
<extensions>
<tp1:TrackPointExtension>
<tp1:hr>166</tp1:hr>
</tp1:TrackPointExtension>
</extensions>
</trkpt>
<trkpt lat="58.23850217" lon="15.28410497">
<ele>122.7</ele>
<time>2026-09-06T10:24:08Z</time>
<extensions>
<tp1:TrackPointExtension>
<tp1:hr>166</tp1:hr>
</tp1:TrackPointExtension>
</extensions>
</trkpt>
<trkpt lat="58.23850997" lon="15.28404672">
<ele>122.9</ele>
<time>2026-09-06T10:24:09Z</time>
<extensions>
<tp1:TrackPointExtension>
<tp1:hr>166</tp1:hr>
</tp1:TrackPointExtension>
</extensions>
</trkpt>
<trkpt lat="58.23851701" lon="15.28398679">
<ele>122.9</ele>
<time>2026-09-06T10:24:10Z</time>
<extensions>
<tp1:TrackPointExtension>
<tp1:hr>166</tp1:hr>
</tp1:TrackPointExtension>
</extensions>
</trkpt>
<trkpt lat="58.23853972" lon="15.28390632">
<ele>123.1</ele>
<time>2026-09-06T10:24:11Z</time>
<extensions>
<tp1:TrackPointExtension>
<tp1:hr>166</tp1:hr>
</tp1:TrackPointExtension>
</extensions>
</trkpt>
<trkpt lat="58.23854375" lon="15.28384245">
<ele>123.1</ele>
<time>2026-09-06T10:24:12Z</time>
<extensions>
<tp1:TrackPointExtension>
<tp1:hr>165</tp1:hr>
</tp1:TrackPointExtension>
</extensions>
</trkpt>
<trkpt lat="58.23855674" lon="15.2837671">
<ele>123.1</ele>
<time>2026-09-06T10:24:13Z</time>
<extensions>
<tp1:TrackPointExtension>
<tp1:hr>165</tp1:hr>
</tp1:TrackPointExtension>
</extensions>
</trkpt>
<trkpt lat="58.23857409" lon="15.28367699">
<ele>123.1</ele>
<time>2026-09-06T10:24:14Z</time>
<extensions>
<tp1:TrackPointExtension>
<tp1:hr>165</tp1:hr>
</tp1:TrackPointExtension>
</extensions>
</trkpt>
<trkpt lat="58.23859052" lon="15.2836158">
<ele>123.1</ele>
<time>2026-09-06T10:24:15Z</time>
<extensions>
<tp1:TrackPointExtension>
<tp1:hr>165</tp1:hr>
</tp1:TrackPointExtension>
</extensions>
</trkpt>
<trkpt lat="58.23860778" lon="15.28354523">
<ele>123.1</ele>
<time>2026-09-06T10:24:16Z</time>
<extensions>
<tp1:TrackPointExtension>
<tp1:hr>165</tp1:hr>
</tp1:TrackPointExtension>
</extensions>
</trkpt>
<trkpt lat="58.23863083" lon="15.28347666">
<ele>123.3</ele>
<time>2026-09-06T10:24:17Z</time>
<extensions>
<tp1:TrackPointExtension>
<tp1:hr>165</tp1:hr>
</tp1:TrackPointExtension>
</extensions>
</trkpt>
<trkpt lat="58.23864969" lon="15.28343291">
<ele>123.5</ele>
<time>2026-09-06T10:24:18Z</time>
<extensions>
<tp1:TrackPointExtension>
<tp1:hr>164</tp1:hr>
</tp1:TrackPointExtension>
</extensions>
</trkpt>
<trkpt lat="58.23868297" lon="15.28337985">
<ele>123.5</ele>
<time>2026-09-06T10:24:19Z</time>
<extensions>
<tp1:TrackPointExtension>
<tp1:hr>164</tp1:hr>
</tp1:TrackPointExtension>
</extensions>
</trkpt>
<trkpt lat="58.23870024" lon="15.28333509">
<ele>123.7</ele>
<time>2026-09-06T10:24:20Z</time>
<extensions>
<tp1:TrackPointExtension>
<tp1:hr>164</tp1:hr>
</tp1:TrackPointExtension>
</extensions>
</trkpt>
<trkpt lat="58.23872597" lon="15.28329226">
<ele>123.7</ele>
<time>2026-09-06T10:24:21Z</time>
<extensions>
<tp1:TrackPointExtension>
<tp1:hr>164</tp1:hr>
</tp1:TrackPointExtension>
</extensions>
</trkpt>
<trkpt lat="58.23875673" lon="15.28324289">
<ele>123.9</ele>
<time>2026-09-06T10:24:22Z</time>
<extensions>
<tp1:TrackPointExtension>
<tp1:hr>164</tp1:hr>
</tp1:TrackPointExtension>
</extensions>
</trkpt>
<trkpt lat="58.23877576" lon="15.28318984">
<ele>123.9</ele>
<time>2026-09-06T10:24:23Z</time>
<extensions>
<tp1:TrackPointExtension>
<tp1:hr>164</tp1:hr>
</tp1:TrackPointExtension>
</extensions>
</trkpt>
<trkpt lat="58.23880107" lon="15.28314357">
<ele>123.9</ele>
<time>2026-09-06T10:24:24Z</time>
<extensions>
<tp1:TrackPointExtension>
<tp1:hr>165</tp1:hr>
</tp1:TrackPointExtension>
</extensions>
</trkpt>
<trkpt lat="58.23882806" lon="15.28309981">
<ele>123.9</ele>
<time>2026-09-06T10:24:25Z</time>
<extensions>
<tp1:TrackPointExtension>
<tp1:hr>164</tp1:hr>
</tp1:TrackPointExtension>
</extensions>
</trkpt>
<trkpt lat="58.23884969" lon="15.28307442">
<ele>124.1</ele>
<time>2026-09-06T10:24:26Z</time>
<extensions>
<tp1:TrackPointExtension>
<tp1:hr>164</tp1:hr>
</tp1:TrackPointExtension>
</extensions>
</trkpt>
<trkpt lat="58.23887651" lon="15.28301516">
<ele>124.1</ele>
<time>2026-09-06T10:24:27Z</time>
<extensions>
<tp1:TrackPointExtension>
<tp1:hr>165</tp1:hr>
</tp1:TrackPointExtension>
</extensions>
</trkpt>
<trkpt lat="58.23890392" lon="15.28296436">
<ele>124.1</ele>
<time>2026-09-06T10:24:28Z</time>
<extensions>
<tp1:TrackPointExtension>
<tp1:hr>165</tp1:hr>
</tp1:TrackPointExtension>
</extensions>
</trkpt>
<trkpt lat="58.23893133" lon="15.28294366">
<ele>124.1</ele>
<time>2026-09-06T10:24:29Z</time>
<extensions>
<tp1:TrackPointExtension>
<tp1:hr>165</tp1:hr>
</tp1:TrackPointExtension>
</extensions>
</trkpt>
<trkpt lat="58.23896469" lon="15.28294919">
<ele>124.1</ele>
<time>2026-09-06T10:24:30Z</time>
<extensions>
<tp1:TrackPointExtension>
<tp1:hr>164</tp1:hr>
</tp1:TrackPointExtension>
</extensions>
</trkpt>
<trkpt lat="58.23899779" lon="15.28294902">
<ele>124.3</ele>
<time>2026-09-06T10:24:31Z</time>
<extensions>
<tp1:TrackPointExtension>
<tp1:hr>165</tp1:hr>
</tp1:TrackPointExtension>
</extensions>
</trkpt>
<trkpt lat="58.23902076" lon="15.28294433">
<ele>124.3</ele>
<time>2026-09-06T10:24:32Z</time>
<extensions>
<tp1:TrackPointExtension>
<tp1:hr>164</tp1:hr>
</tp1:TrackPointExtension>
</extensions>
</trkpt>
<trkpt lat="58.23903929" lon="15.2829429">
<ele>124.3</ele>
<time>2026-09-06T10:24:33Z</time>
<extensions>
<tp1:TrackPointExtension>
<tp1:hr>164</tp1:hr>
</tp1:TrackPointExtension>
</extensions>
</trkpt>
<trkpt lat="58.23907156" lon="15.28292933">
<ele>124.5</ele>
<time>2026-09-06T10:24:34Z</time>
<extensions>
<tp1:TrackPointExtension>
<tp1:hr>164</tp1:hr>
</tp1:TrackPointExtension>
</extensions>
</trkpt>
<trkpt lat="58.23910357" lon="15.28290988">
<ele>124.5</ele>
<time>2026-09-06T10:24:35Z</time>
<extensions>
<tp1:TrackPointExtension>
<tp1:hr>165</tp1:hr>
</tp1:TrackPointExtension>
</extensions>
</trkpt>
<trkpt lat="58.23912461" lon="15.28290778">
<ele>124.5</ele>
<time>2026-09-06T10:24:36Z</time>
<extensions>
<tp1:TrackPointExtension>
<tp1:hr>165</tp1:hr>
</tp1:TrackPointExtension>
</extensions>
</trkpt>
<trkpt lat="58.23915143" lon="15.28291047">
<ele>124.5</ele>
<time>2026-09-06T10:24:37Z</time>
<extensions>
<tp1:TrackPointExtension>
<tp1:hr>166</tp1:hr>
</tp1:TrackPointExtension>
</extensions>
</trkpt>
<trkpt lat="58.23919477" lon="15.28290938">
<ele>124.7</ele>
<time>2026-09-06T10:24:38Z</time>
<extensions>
<tp1:TrackPointExtension>
<tp1:hr>166</tp1:hr>
</tp1:TrackPointExtension>
</extensions>
</trkpt>
<trkpt lat="58.23922235" lon="15.28289622">
<ele>124.7</ele>
<time>2026-09-06T10:24:39Z</time>
<extensions>
<tp1:TrackPointExtension>
<tp1:hr>166</tp1:hr>
</tp1:TrackPointExtension>
</extensions>
</trkpt>
<trkpt lat="58.239249" lon="15.28287384">
<ele>124.8</ele>
<time>2026-09-06T10:24:40Z</time>
<extensions>
<tp1:TrackPointExtension>
<tp1:hr>166</tp1:hr>
</tp1:TrackPointExtension>
</extensions>
</trkpt>
<trkpt lat="58.23928814" lon="15.28286587">
<ele>124.8</ele>
<time>2026-09-06T10:24:41Z</time>
<extensions>
<tp1:TrackPointExtension>
<tp1:hr>165</tp1:hr>
</tp1:TrackPointExtension>
</extensions>
</trkpt>
<trkpt lat="58.23931899" lon="15.28286344">
<ele>125.0</ele>
<time>2026-09-06T10:24:42Z</time>
<extensions>
<tp1:TrackPointExtension>
<tp1:hr>165</tp1:hr>
</tp1:TrackPointExtension>
</extensions>
</trkpt>
<trkpt lat="58.23934011" lon="15.28285657">
<ele>125.2</ele>
<time>2026-09-06T10:24:43Z</time>
<extensions>
<tp1:TrackPointExtension>
<tp1:hr>165</tp1:hr>
</tp1:TrackPointExtension>
</extensions>
</trkpt>
<trkpt lat="58.23936685" lon="15.28283662">
<ele>125.4</ele>
<time>2026-09-06T10:24:44Z</time>
<extensions>
<tp1:TrackPointExtension>
<tp1:hr>165</tp1:hr>
</tp1:TrackPointExtension>
</extensions>
</trkpt>
<trkpt lat="58.23939744" lon="15.28280938">
<ele>125.6</ele>
<time>2026-09-06T10:24:45Z</time>
<extensions>
<tp1:TrackPointExtension>
<tp1:hr>165</tp1:hr>
</tp1:TrackPointExtension>
</extensions>
</trkpt>
<trkpt lat="58.23942393" lon="15.28279597">
<ele>125.8</ele>
<time>2026-09-06T10:24:46Z</time>
<extensions>
<tp1:TrackPointExtension>
<tp1:hr>165</tp1:hr>
</tp1:TrackPointExtension>
</extensions>
</trkpt>
<trkpt lat="58.2394381" lon="15.2828093">
<ele>126.0</ele>
<time>2026-09-06T10:24:47Z</time>
<extensions>
<tp1:TrackPointExtension>
<tp1:hr>165</tp1:hr>
</tp1:TrackPointExtension>
</extensions>
</trkpt>
<trkpt lat="58.23946274" lon="15.28281902">
<ele>126.0</ele>
<time>2026-09-06T10:24:48Z</time>
<extensions>
<tp1:TrackPointExtension>
<tp1:hr>165</tp1:hr>
</tp1:TrackPointExtension>
</extensions>
</trkpt>
<trkpt lat="58.2394883" lon="15.28283536">
<ele>126.0</ele>
<time>2026-09-06T10:24:49Z</time>
<extensions>
<tp1:TrackPointExtension>
<tp1:hr>165</tp1:hr>
</tp1:TrackPointExtension>
</extensions>
</trkpt>
<trkpt lat="58.2395142" lon="15.28284852">
<ele>125.8</ele>
<time>2026-09-06T10:24:50Z</time>
<extensions>
<tp1:TrackPointExtension>
<tp1:hr>165</tp1:hr>
</tp1:TrackPointExtension>
</extensions>
</trkpt>
<trkpt lat="58.23953474" lon="15.28285062">
<ele>125.6</ele>
<time>2026-09-06T10:24:51Z</time>
<extensions>
<tp1:TrackPointExtension>
<tp1:hr>164</tp1:hr>
</tp1:TrackPointExtension>
</extensions>
</trkpt>
<trkpt lat="58.23956466" lon="15.28285791">
<ele>125.6</ele>
<time>2026-09-06T10:24:52Z</time>
<extensions>
<tp1:TrackPointExtension>
<tp1:hr>164</tp1:hr>
</tp1:TrackPointExtension>
</extensions>
</trkpt>
<trkpt lat="58.23959157" lon="15.28286705">
<ele>125.6</ele>
<time>2026-09-06T10:24:53Z</time>
<extensions>
<tp1:TrackPointExtension>
<tp1:hr>164</tp1:hr>
</tp1:TrackPointExtension>
</extensions>
</trkpt>
<trkpt lat="58.23961856" lon="15.28286939">
<ele>125.6</ele>
<time>2026-09-06T10:24:54Z</time>
<extensions>
<tp1:TrackPointExtension>
<tp1:hr>164</tp1:hr>
</tp1:TrackPointExtension>
</extensions>
</trkpt>
<trkpt lat="58.23964261" lon="15.28287057">
<ele>125.6</ele>
<time>2026-09-06T10:24:55Z</time>
<extensions>
<tp1:TrackPointExtension>
<tp1:hr>165</tp1:hr>
</tp1:TrackPointExtension>
</extensions>
</trkpt>
<trkpt lat="58.23966944" lon="15.2828673">
<ele>125.6</ele>
<time>2026-09-06T10:24:56Z</time>
<extensions>
<tp1:TrackPointExtension>
<tp1:hr>165</tp1:hr>
</tp1:TrackPointExtension>
</extensions>
</trkpt>
<trkpt lat="58.23969467" lon="15.2828735">
<ele>125.6</ele>
<time>2026-09-06T10:24:57Z</time>
<extensions>
<tp1:TrackPointExtension>
<tp1:hr>165</tp1:hr>
</tp1:TrackPointExtension>
</extensions>
</trkpt>
<trkpt lat="58.23971772" lon="15.28286763">
<ele>125.6</ele>
<time>2026-09-06T10:24:58Z</time>
<extensions>
<tp1:TrackPointExtension>
<tp1:hr>164</tp1:hr>
</tp1:TrackPointExtension>
</extensions>
</trkpt>
<trkpt lat="58.23973909" lon="15.28285204">
<ele>125.6</ele>
<time>2026-09-06T10:24:59Z</time>
<extensions>
<tp1:TrackPointExtension>
<tp1:hr>164</tp1:hr>
</tp1:TrackPointExtension>
</extensions>
</trkpt>
<trkpt lat="58.23976734" lon="15.28283746">
<ele>125.6</ele>
<time>2026-09-06T10:25:00Z</time>
<extensions>
<tp1:TrackPointExtension>
<tp1:hr>164</tp1:hr>
</tp1:TrackPointExtension>
</extensions>
</trkpt>
<trkpt lat="58.23979726" lon="15.28283436">
<ele>125.6</ele>
<time>2026-09-06T10:25:01Z</time>
<extensions>
<tp1:TrackPointExtension>
<tp1:hr>165</tp1:hr>
</tp1:TrackPointExtension>
</extensions>
</trkpt>
<trkpt lat="58.23982324" lon="15.28282589">
<ele>125.8</ele>
<time>2026-09-06T10:25:02Z</time>
<extensions>
<tp1:TrackPointExtension>
<tp1:hr>164</tp1:hr>
</tp1:TrackPointExtension>
</extensions>
</trkpt>
<trkpt lat="58.23984814" lon="15.28281843">
<ele>125.8</ele>
<time>2026-09-06T10:25:03Z</time>
<extensions>
<tp1:TrackPointExtension>
<tp1:hr>164</tp1:hr>
</tp1:TrackPointExtension>
</extensions>
</trkpt>
<trkpt lat="58.23987186" lon="15.28281374">
<ele>125.8</ele>
<time>2026-09-06T10:25:04Z</time>
<extensions>
<tp1:TrackPointExtension>
<tp1:hr>164</tp1:hr>
</tp1:TrackPointExtension>
</extensions>
</trkpt>
<trkpt lat="58.23989717" lon="15.28281877">
<ele>125.8</ele>
<time>2026-09-06T10:25:05Z</time>
<extensions>
<tp1:TrackPointExtension>
<tp1:hr>164</tp1:hr>
</tp1:TrackPointExtension>
</extensions>
</trkpt>
<trkpt lat="58.23992223" lon="15.28281005">
<ele>125.8</ele>
<time>2026-09-06T10:25:06Z</time>
<extensions>
<tp1:TrackPointExtension>
<tp1:hr>164</tp1:hr>
</tp1:TrackPointExtension>
</extensions>
</trkpt>
<trkpt lat="58.23994855" lon="15.28278792">
<ele>125.6</ele>
<time>2026-09-06T10:25:07Z</time>
<extensions>
<tp1:TrackPointExtension>
<tp1:hr>165</tp1:hr>
</tp1:TrackPointExtension>
</extensions>
</trkpt>
<trkpt lat="58.23997613" lon="15.28278004">
<ele>125.4</ele>
<time>2026-09-06T10:25:08Z</time>
<extensions>
<tp1:TrackPointExtension>
<tp1:hr>165</tp1:hr>
</tp1:TrackPointExtension>
</extensions>
</trkpt>
<trkpt lat="58.24000899" lon="15.28279656">
<ele>125.0</ele>
<time>2026-09-06T10:25:09Z</time>
<extensions>
<tp1:TrackPointExtension>
<tp1:hr>165</tp1:hr>
</tp1:TrackPointExtension>
</extensions>
</trkpt>
<trkpt lat="58.24003598" lon="15.28283017">
<ele>125.0</ele>
<time>2026-09-06T10:25:10Z</time>
<extensions>
<tp1:TrackPointExtension>
<tp1:hr>165</tp1:hr>
</tp1:TrackPointExtension>
</extensions>
</trkpt>
<trkpt lat="58.2400571" lon="15.28286093">
<ele>125.0</ele>
<time>2026-09-06T10:25:11Z</time>
<extensions>
<tp1:TrackPointExtension>
<tp1:hr>165</tp1:hr>
</tp1:TrackPointExtension>
</extensions>
</trkpt>
<trkpt lat="58.24007562" lon="15.28288063">
<ele>125.0</ele>
<time>2026-09-06T10:25:12Z</time>
<extensions>
<tp1:TrackPointExtension>
<tp1:hr>165</tp1:hr>
</tp1:TrackPointExtension>
</extensions>
</trkpt>
<trkpt lat="58.24009482" lon="15.28288356">
<ele>125.0</ele>
<time>2026-09-06T10:25:13Z</time>
<extensions>
<tp1:TrackPointExtension>
<tp1:hr>165</tp1:hr>
</tp1:TrackPointExtension>
</extensions>
</trkpt>
<trkpt lat="58.24010764" lon="15.28288004">
<ele>125.2</ele>
<time>2026-09-06T10:25:14Z</time>
<extensions>
<tp1:TrackPointExtension>
<tp1:hr>165</tp1:hr>
</tp1:TrackPointExtension>
</extensions>
</trkpt>
<trkpt lat="58.24012432" lon="15.28286847">
<ele>125.4</ele>
<time>2026-09-06T10:25:15Z</time>
<extensions>
<tp1:TrackPointExtension>
<tp1:hr>165</tp1:hr>
</tp1:TrackPointExtension>
</extensions>
</trkpt>
<trkpt lat="58.24014402" lon="15.28285246">
<ele>125.2</ele>
<time>2026-09-06T10:25:16Z</time>
<extensions>
<tp1:TrackPointExtension>
<tp1:hr>165</tp1:hr>
</tp1:TrackPointExtension>
</extensions>
</trkpt>
<trkpt lat="58.24016347" lon="15.28283696">
<ele>125.2</ele>
<time>2026-09-06T10:25:17Z</time>
<extensions>
<tp1:TrackPointExtension>
<tp1:hr>165</tp1:hr>
</tp1:TrackPointExtension>
</extensions>
</trkpt>
<trkpt lat="58.24018291" lon="15.28281106">
<ele>125.0</ele>
<time>2026-09-06T10:25:18Z</time>
<extensions>
<tp1:TrackPointExtension>
<tp1:hr>165</tp1:hr>
</tp1:TrackPointExtension>
</extensions>
</trkpt>
<trkpt lat="58.24020202" lon="15.28279848">
<ele>124.8</ele>
<time>2026-09-06T10:25:19Z</time>
<extensions>
<tp1:TrackPointExtension>
<tp1:hr>165</tp1:hr>
</tp1:TrackPointExtension>
</extensions>
</trkpt>
<trkpt lat="58.24021795" lon="15.28277124">
<ele>124.6</ele>
<time>2026-09-06T10:25:20Z</time>
<extensions>
<tp1:TrackPointExtension>
<tp1:hr>164</tp1:hr>
</tp1:TrackPointExtension>
</extensions>
</trkpt>
<trkpt lat="58.24024175" lon="15.28274199">
<ele>124.2</ele>
<time>2026-09-06T10:25:21Z</time>
<extensions>
<tp1:TrackPointExtension>
<tp1:hr>164</tp1:hr>
</tp1:TrackPointExtension>
</extensions>
</trkpt>
<trkpt lat="58.24025223" lon="15.28269405">
<ele>124.2</ele>
<time>2026-09-06T10:25:22Z</time>
<extensions>
<tp1:TrackPointExtension>
<tp1:hr>164</tp1:hr>
</tp1:TrackPointExtension>
</extensions>
</trkpt>
<trkpt lat="58.2402529" lon="15.28265214">
<ele>124.2</ele>
<time>2026-09-06T10:25:23Z</time>
<extensions>
<tp1:TrackPointExtension>
<tp1:hr>164</tp1:hr>
</tp1:TrackPointExtension>
</extensions>
</trkpt>
<trkpt lat="58.2402617" lon="15.28260344">
<ele>124.2</ele>
<time>2026-09-06T10:25:24Z</time>
<extensions>
<tp1:TrackPointExtension>
<tp1:hr>164</tp1:hr>
</tp1:TrackPointExtension>
</extensions>
</trkpt>
<trkpt lat="58.24028207" lon="15.28253227">
<ele>124.0</ele>
<time>2026-09-06T10:25:25Z</time>
<extensions>
<tp1:TrackPointExtension>
<tp1:hr>164</tp1:hr>
</tp1:TrackPointExtension>
</extensions>
</trkpt>
<trkpt lat="58.24030294" lon="15.28248626">
<ele>124.0</ele>
<time>2026-09-06T10:25:26Z</time>
<extensions>
<tp1:TrackPointExtension>
<tp1:hr>165</tp1:hr>
</tp1:TrackPointExtension>
</extensions>
</trkpt>
<trkpt lat="58.24032264" lon="15.28244527">
<ele>123.8</ele>
<time>2026-09-06T10:25:27Z</time>
<extensions>
<tp1:TrackPointExtension>
<tp1:hr>164</tp1:hr>
</tp1:TrackPointExtension>
</extensions>
</trkpt>
<trkpt lat="58.24034778" lon="15.28239515">
<ele>123.6</ele>
<time>2026-09-06T10:25:28Z</time>
<extensions>
<tp1:TrackPointExtension>
<tp1:hr>164</tp1:hr>
</tp1:TrackPointExtension>
</extensions>
</trkpt>
<trkpt lat="58.24036924" lon="15.28236036">
<ele>123.6</ele>
<time>2026-09-06T10:25:29Z</time>
<extensions>
<tp1:TrackPointExtension>
<tp1:hr>164</tp1:hr>
</tp1:TrackPointExtension>
</extensions>
</trkpt>
<trkpt lat="58.2403907" lon="15.28232943">
<ele>123.6</ele>
<time>2026-09-06T10:25:30Z</time>
<extensions>
<tp1:TrackPointExtension>
<tp1:hr>165</tp1:hr>
</tp1:TrackPointExtension>
</extensions>
</trkpt>
<trkpt lat="58.24041618" lon="15.28229163">
<ele>123.6</ele>
<time>2026-09-06T10:25:31Z</time>
<extensions>
<tp1:TrackPointExtension>
<tp1:hr>164</tp1:hr>
</tp1:TrackPointExtension>
</extensions>
</trkpt>
<trkpt lat="58.24044359" lon="15.28225467">
<ele>123.6</ele>
<time>2026-09-06T10:25:32Z</time>
<extensions>
<tp1:TrackPointExtension>
<tp1:hr>164</tp1:hr>
</tp1:TrackPointExtension>
</extensions>
</trkpt>
<trkpt lat="58.24047234" lon="15.28223271">
<ele>123.4</ele>
<time>2026-09-06T10:25:33Z</time>
<extensions>
<tp1:TrackPointExtension>
<tp1:hr>165</tp1:hr>
</tp1:TrackPointExtension>
</extensions>
</trkpt>
<trkpt lat="58.24049673" lon="15.28220236">
<ele>123.2</ele>
<time>2026-09-06T10:25:34Z</time>
<extensions>
<tp1:TrackPointExtension>
<tp1:hr>165</tp1:hr>
</tp1:TrackPointExtension>
</extensions>
</trkpt>
<trkpt lat="58.24051894" lon="15.28215953">
<ele>123.0</ele>
<time>2026-09-06T10:25:35Z</time>
<extensions>
<tp1:TrackPointExtension>
<tp1:hr>165</tp1:hr>
</tp1:TrackPointExtension>
</extensions>
</trkpt>
<trkpt lat="58.24053755" lon="15.282096">
<ele>123.0</ele>
<time>2026-09-06T10:25:36Z</time>
<extensions>
<tp1:TrackPointExtension>
<tp1:hr>165</tp1:hr>
</tp1:TrackPointExtension>
</extensions>
</trkpt>
<trkpt lat="58.24055247" lon="15.28204772">
<ele>123.0</ele>
<time>2026-09-06T10:25:37Z</time>
<extensions>
<tp1:TrackPointExtension>
<tp1:hr>166</tp1:hr>
</tp1:TrackPointExtension>
</extensions>
</trkpt>
<trkpt lat="58.24056831" lon="15.28198636">
<ele>123.2</ele>
<time>2026-09-06T10:25:38Z</time>
<extensions>
<tp1:TrackPointExtension>
<tp1:hr>165</tp1:hr>
</tp1:TrackPointExtension>
</extensions>
</trkpt>
<trkpt lat="58.24058893" lon="15.28194311">
<ele>123.4</ele>
<time>2026-09-06T10:25:39Z</time>
<extensions>
<tp1:TrackPointExtension>
<tp1:hr>165</tp1:hr>
</tp1:TrackPointExtension>
</extensions>
</trkpt>
<trkpt lat="58.24060209" lon="15.28190732">
<ele>123.6</ele>
<time>2026-09-06T10:25:40Z</time>
<extensions>
<tp1:TrackPointExtension>
<tp1:hr>165</tp1:hr>
</tp1:TrackPointExtension>
</extensions>
</trkpt>
<trkpt lat="58.24061609" lon="15.28186097">
<ele>123.8</ele>
<time>2026-09-06T10:25:41Z</time>
<extensions>
<tp1:TrackPointExtension>
<tp1:hr>165</tp1:hr>
</tp1:TrackPointExtension>
</extensions>
</trkpt>
<trkpt lat="58.24063243" lon="15.28181428">
<ele>123.8</ele>
<time>2026-09-06T10:25:42Z</time>
<extensions>
<tp1:TrackPointExtension>
<tp1:hr>165</tp1:hr>
</tp1:TrackPointExtension>
</extensions>
</trkpt>
<trkpt lat="58.2406528" lon="15.28176424">
<ele>123.8</ele>
<time>2026-09-06T10:25:43Z</time>
<extensions>
<tp1:TrackPointExtension>
<tp1:hr>165</tp1:hr>
</tp1:TrackPointExtension>
</extensions>
</trkpt>
<trkpt lat="58.24067065" lon="15.28173314">
<ele>123.8</ele>
<time>2026-09-06T10:25:44Z</time>
<extensions>
<tp1:TrackPointExtension>
<tp1:hr>165</tp1:hr>
</tp1:TrackPointExtension>
</extensions>
</trkpt>
<trkpt lat="58.24069337" lon="15.28169341">
<ele>123.8</ele>
<time>2026-09-06T10:25:45Z</time>
<extensions>
<tp1:TrackPointExtension>
<tp1:hr>165</tp1:hr>
</tp1:TrackPointExtension>
</extensions>
</trkpt>
<trkpt lat="58.24071449" lon="15.28165117">
<ele>123.6</ele>
<time>2026-09-06T10:25:46Z</time>
<extensions>
<tp1:TrackPointExtension>
<tp1:hr>165</tp1:hr>
</tp1:TrackPointExtension>
</extensions>
</trkpt>
<trkpt lat="58.24071919" lon="15.28157942">
<ele>123.6</ele>
<time>2026-09-06T10:25:47Z</time>
<extensions>
<tp1:TrackPointExtension>
<tp1:hr>164</tp1:hr>
</tp1:TrackPointExtension>
</extensions>
</trkpt>
<trkpt lat="58.24072497" lon="15.28152988">
<ele>123.4</ele>
<time>2026-09-06T10:25:48Z</time>
<extensions>
<tp1:TrackPointExtension>
<tp1:hr>165</tp1:hr>
</tp1:TrackPointExtension>
</extensions>
</trkpt>
<trkpt lat="58.24073276" lon="15.2814547">
<ele>123.0</ele>
<time>2026-09-06T10:25:49Z</time>
<extensions>
<tp1:TrackPointExtension>
<tp1:hr>165</tp1:hr>
</tp1:TrackPointExtension>
</extensions>
</trkpt>
<trkpt lat="58.24075758" lon="15.28138747">
<ele>122.8</ele>
<time>2026-09-06T10:25:50Z</time>
<extensions>
<tp1:TrackPointExtension>
<tp1:hr>164</tp1:hr>
</tp1:TrackPointExtension>
</extensions>
</trkpt>
<trkpt lat="58.24077912" lon="15.281335">
<ele>122.6</ele>
<time>2026-09-06T10:25:51Z</time>
<extensions>
<tp1:TrackPointExtension>
<tp1:hr>165</tp1:hr>
</tp1:TrackPointExtension>
</extensions>
</trkpt>
<trkpt lat="58.24080091" lon="15.28130843">
<ele>122.4</ele>
<time>2026-09-06T10:25:52Z</time>
<extensions>
<tp1:TrackPointExtension>
<tp1:hr>165</tp1:hr>
</tp1:TrackPointExtension>
</extensions>
</trkpt>
<trkpt lat="58.24082891" lon="15.28130072">
<ele>122.2</ele>
<time>2026-09-06T10:25:53Z</time>
<extensions>
<tp1:TrackPointExtension>
<tp1:hr>165</tp1:hr>
</tp1:TrackPointExtension>
</extensions>
</trkpt>
<trkpt lat="58.24085212" lon="15.28127281">
<ele>122.2</ele>
<time>2026-09-06T10:25:54Z</time>
<extensions>
<tp1:TrackPointExtension>
<tp1:hr>165</tp1:hr>
</tp1:TrackPointExtension>
</extensions>
</trkpt>
<trkpt lat="58.2408704" lon="15.28125286">
<ele>122.4</ele>
<time>2026-09-06T10:25:55Z</time>
<extensions>
<tp1:TrackPointExtension>
<tp1:hr>165</tp1:hr>
</tp1:TrackPointExtension>
</extensions>
</trkpt>
<trkpt lat="58.2409035" lon="15.28122109">
<ele>122.4</ele>
<time>2026-09-06T10:25:56Z</time>
<extensions>
<tp1:TrackPointExtension>
<tp1:hr>165</tp1:hr>
</tp1:TrackPointExtension>
</extensions>
</trkpt>
<trkpt lat="58.2409279" lon="15.28118723">
<ele>122.6</ele>
<time>2026-09-06T10:25:57Z</time>
<extensions>
<tp1:TrackPointExtension>
<tp1:hr>165</tp1:hr>
</tp1:TrackPointExtension>
</extensions>
</trkpt>
<trkpt lat="58.24093963" lon="15.28115312">
<ele>122.6</ele>
<time>2026-09-06T10:25:58Z</time>
<extensions>
<tp1:TrackPointExtension>
<tp1:hr>164</tp1:hr>
</tp1:TrackPointExtension>
</extensions>
</trkpt>
<trkpt lat="58.24095539" lon="15.28111439">
<ele>122.6</ele>
<time>2026-09-06T10:25:59Z</time>
<extensions>
<tp1:TrackPointExtension>
<tp1:hr>165</tp1:hr>
</tp1:TrackPointExtension>
</extensions>
</trkpt>
<trkpt lat="58.24096771" lon="15.28105413">
<ele>122.6</ele>
<time>2026-09-06T10:26:00Z</time>
<extensions>
<tp1:TrackPointExtension>
<tp1:hr>165</tp1:hr>
</tp1:TrackPointExtension>
</extensions>
</trkpt>
<trkpt lat="58.24098741" lon="15.28099461">
<ele>122.6</ele>
<time>2026-09-06T10:26:01Z</time>
<extensions>
<tp1:TrackPointExtension>
<tp1:hr>164</tp1:hr>
</tp1:TrackPointExtension>
</extensions>
</trkpt>
<trkpt lat="58.24100224" lon="15.28093988">
<ele>122.6</ele>
<time>2026-09-06T10:26:02Z</time>
<extensions>
<tp1:TrackPointExtension>
<tp1:hr>165</tp1:hr>
</tp1:TrackPointExtension>
</extensions>
</trkpt>
<trkpt lat="58.24101415" lon="15.28090744">
<ele>122.6</ele>
<time>2026-09-06T10:26:03Z</time>
<extensions>
<tp1:TrackPointExtension>
<tp1:hr>165</tp1:hr>
</tp1:TrackPointExtension>
</extensions>
</trkpt>
<trkpt lat="58.24102043" lon="15.28085925">
<ele>122.4</ele>
<time>2026-09-06T10:26:04Z</time>
<extensions>
<tp1:TrackPointExtension>
<tp1:hr>165</tp1:hr>
</tp1:TrackPointExtension>
</extensions>
</trkpt>
<trkpt lat="58.24103862" lon="15.28081533">
<ele>122.2</ele>
<time>2026-09-06T10:26:05Z</time>
<extensions>
<tp1:TrackPointExtension>
<tp1:hr>165</tp1:hr>
</tp1:TrackPointExtension>
</extensions>
</trkpt>
<trkpt lat="58.24105547" lon="15.28078699">
<ele>122.2</ele>
<time>2026-09-06T10:26:06Z</time>
<extensions>
<tp1:TrackPointExtension>
<tp1:hr>164</tp1:hr>
</tp1:TrackPointExtension>
</extensions>
</trkpt>
<trkpt lat="58.24106595" lon="15.28074802">
<ele>122.4</ele>
<time>2026-09-06T10:26:07Z</time>
<extensions>
<tp1:TrackPointExtension>
<tp1:hr>165</tp1:hr>
</tp1:TrackPointExtension>
</extensions>
</trkpt>
<trkpt lat="58.24107843" lon="15.28069748">
<ele>122.4</ele>
<time>2026-09-06T10:26:08Z</time>
<extensions>
<tp1:TrackPointExtension>
<tp1:hr>165</tp1:hr>
</tp1:TrackPointExtension>
</extensions>
</trkpt>
<trkpt lat="58.24108522" lon="15.28065121">
<ele>122.6</ele>
<time>2026-09-06T10:26:09Z</time>
<extensions>
<tp1:TrackPointExtension>
<tp1:hr>164</tp1:hr>
</tp1:TrackPointExtension>
</extensions>
</trkpt>
<trkpt lat="58.24108933" lon="15.28060762">
<ele>122.8</ele>
<time>2026-09-06T10:26:10Z</time>
<extensions>
<tp1:TrackPointExtension>
<tp1:hr>164</tp1:hr>
</tp1:TrackPointExtension>
</extensions>
</trkpt>
<trkpt lat="58.24110501" lon="15.28056839">
<ele>123.0</ele>
<time>2026-09-06T10:26:11Z</time>
<extensions>
<tp1:TrackPointExtension>
<tp1:hr>164</tp1:hr>
</tp1:TrackPointExtension>
</extensions>
</trkpt>
<trkpt lat="58.24112311" lon="15.28053403">
<ele>123.0</ele>
<time>2026-09-06T10:26:12Z</time>
<extensions>
<tp1:TrackPointExtension>
<tp1:hr>164</tp1:hr>
</tp1:TrackPointExtension>
</extensions>
</trkpt>
<trkpt lat="58.24114138" lon="15.2804953">
<ele>123.2</ele>
<time>2026-09-06T10:26:13Z</time>
<extensions>
<tp1:TrackPointExtension>
<tp1:hr>165</tp1:hr>
</tp1:TrackPointExtension>
</extensions>
</trkpt>
<trkpt lat="58.24115748" lon="15.2804627">
<ele>123.2</ele>
<time>2026-09-06T10:26:14Z</time>
<extensions>
<tp1:TrackPointExtension>
<tp1:hr>165</tp1:hr>
</tp1:TrackPointExtension>
</extensions>
</trkpt>
<trkpt lat="58.24117248" lon="15.28041953">
<ele>123.4</ele>
<time>2026-09-06T10:26:15Z</time>
<extensions>
<tp1:TrackPointExtension>
<tp1:hr>165</tp1:hr>
</tp1:TrackPointExtension>
</extensions>
</trkpt>
<trkpt lat="58.24119478" lon="15.28037058">
<ele>123.6</ele>
<time>2026-09-06T10:26:16Z</time>
<extensions>
<tp1:TrackPointExtension>
<tp1:hr>164</tp1:hr>
</tp1:TrackPointExtension>
</extensions>
</trkpt>
<trkpt lat="58.2412076" lon="15.28033127">
<ele>123.6</ele>
<time>2026-09-06T10:26:17Z</time>
<extensions>
<tp1:TrackPointExtension>
<tp1:hr>164</tp1:hr>
</tp1:TrackPointExtension>
</extensions>
</trkpt>
<trkpt lat="58.24121389" lon="15.28030621">
<ele>123.8</ele>
<time>2026-09-06T10:26:18Z</time>
<extensions>
<tp1:TrackPointExtension>
<tp1:hr>164</tp1:hr>
</tp1:TrackPointExtension>
</extensions>
</trkpt>
<trkpt lat="58.24122805" lon="15.28027092">
<ele>124.2</ele>
<time>2026-09-06T10:26:19Z</time>
<extensions>
<tp1:TrackPointExtension>
<tp1:hr>164</tp1:hr>
</tp1:TrackPointExtension>
</extensions>
</trkpt>
<trkpt lat="58.24124523" lon="15.28023312">
<ele>124.2</ele>
<time>2026-09-06T10:26:20Z</time>
<extensions>
<tp1:TrackPointExtension>
<tp1:hr>164</tp1:hr>
</tp1:TrackPointExtension>
</extensions>
</trkpt>
<trkpt lat="58.24127181" lon="15.28018568">
<ele>124.4</ele>
<time>2026-09-06T10:26:21Z</time>
<extensions>
<tp1:TrackPointExtension>
<tp1:hr>163</tp1:hr>
</tp1:TrackPointExtension>
</extensions>
</trkpt>
<trkpt lat="58.24128337" lon="15.28014578">
<ele>124.4</ele>
<time>2026-09-06T10:26:22Z</time>
<extensions>
<tp1:TrackPointExtension>
<tp1:hr>163</tp1:hr>
</tp1:TrackPointExtension>
</extensions>
</trkpt>
<trkpt lat="58.24129754" lon="15.28010127">
<ele>124.6</ele>
<time>2026-09-06T10:26:23Z</time>
<extensions>
<tp1:TrackPointExtension>
<tp1:hr>163</tp1:hr>
</tp1:TrackPointExtension>
</extensions>
</trkpt>
<trkpt lat="58.2413169" lon="15.28005953">
<ele>124.6</ele>
<time>2026-09-06T10:26:24Z</time>
<extensions>
<tp1:TrackPointExtension>
<tp1:hr>163</tp1:hr>
</tp1:TrackPointExtension>
</extensions>
</trkpt>
<trkpt lat="58.24132537" lon="15.28002164">
<ele>124.8</ele>
<time>2026-09-06T10:26:25Z</time>
<extensions>
<tp1:TrackPointExtension>
<tp1:hr>164</tp1:hr>
</tp1:TrackPointExtension>
</extensions>
</trkpt>
<trkpt lat="58.24132545" lon="15.27999222">
<ele>125.2</ele>
<time>2026-09-06T10:26:26Z</time>
<extensions>
<tp1:TrackPointExtension>
<tp1:hr>164</tp1:hr>
</tp1:TrackPointExtension>
</extensions>
</trkpt>
<trkpt lat="58.24133685" lon="15.27993632">
<ele>125.6</ele>
<time>2026-09-06T10:26:27Z</time>
<extensions>
<tp1:TrackPointExtension>
<tp1:hr>165</tp1:hr>
</tp1:TrackPointExtension>
</extensions>
</trkpt>
<trkpt lat="58.24135412" lon="15.2798763">
<ele>126.0</ele>
<time>2026-09-06T10:26:28Z</time>
<extensions>
<tp1:TrackPointExtension>
<tp1:hr>164</tp1:hr>
</tp1:TrackPointExtension>
</extensions>
</trkpt>
<trkpt lat="58.24136853" lon="15.27983104">
<ele>126.2</ele>
<time>2026-09-06T10:26:29Z</time>
<extensions>
<tp1:TrackPointExtension>
<tp1:hr>165</tp1:hr>
</tp1:TrackPointExtension>
</extensions>
</trkpt>
<trkpt lat="58.24138069" lon="15.27979776">
<ele>126.4</ele>
<time>2026-09-06T10:26:30Z</time>
<extensions>
<tp1:TrackPointExtension>
<tp1:hr>165</tp1:hr>
</tp1:TrackPointExtension>
</extensions>
</trkpt>
<trkpt lat="58.24140374" lon="15.27974831">
<ele>126.6</ele>
<time>2026-09-06T10:26:31Z</time>
<extensions>
<tp1:TrackPointExtension>
<tp1:hr>166</tp1:hr>
</tp1:TrackPointExtension>
</extensions>
</trkpt>
<trkpt lat="58.24142528" lon="15.27971344">
<ele>126.8</ele>
<time>2026-09-06T10:26:32Z</time>
<extensions>
<tp1:TrackPointExtension>
<tp1:hr>166</tp1:hr>
</tp1:TrackPointExtension>
</extensions>
</trkpt>
<trkpt lat="58.24143676" lon="15.27967438">
<ele>126.8</ele>
<time>2026-09-06T10:26:33Z</time>
<extensions>
<tp1:TrackPointExtension>
<tp1:hr>166</tp1:hr>
</tp1:TrackPointExtension>
</extensions>
</trkpt>
<trkpt lat="58.24145713" lon="15.27964764">
<ele>126.8</ele>
<time>2026-09-06T10:26:34Z</time>
<extensions>
<tp1:TrackPointExtension>
<tp1:hr>166</tp1:hr>
</tp1:TrackPointExtension>
</extensions>
</trkpt>
<trkpt lat="58.24148915" lon="15.27960557">
<ele>127.0</ele>
<time>2026-09-06T10:26:35Z</time>
<extensions>
<tp1:TrackPointExtension>
<tp1:hr>166</tp1:hr>
</tp1:TrackPointExtension>
</extensions>
</trkpt>
<trkpt lat="58.24151086" lon="15.27957799">
<ele>127.2</ele>
<time>2026-09-06T10:26:36Z</time>
<extensions>
<tp1:TrackPointExtension>
<tp1:hr>166</tp1:hr>
</tp1:TrackPointExtension>
</extensions>
</trkpt>
<trkpt lat="58.24152511" lon="15.27955242">
<ele>127.4</ele>
<time>2026-09-06T10:26:37Z</time>
<extensions>
<tp1:TrackPointExtension>
<tp1:hr>166</tp1:hr>
</tp1:TrackPointExtension>
</extensions>
</trkpt>
<trkpt lat="58.24154271" lon="15.2795251">
<ele>127.6</ele>
<time>2026-09-06T10:26:38Z</time>
<extensions>
<tp1:TrackPointExtension>
<tp1:hr>165</tp1:hr>
</tp1:TrackPointExtension>
</extensions>
</trkpt>
<trkpt lat="58.24156869" lon="15.27951194">
<ele>128.0</ele>
<time>2026-09-06T10:26:39Z</time>
<extensions>
<tp1:TrackPointExtension>
<tp1:hr>165</tp1:hr>
</tp1:TrackPointExtension>
</extensions>
</trkpt>
<trkpt lat="58.2415878" lon="15.27950129">
<ele>128.4</ele>
<time>2026-09-06T10:26:40Z</time>
<extensions>
<tp1:TrackPointExtension>
<tp1:hr>165</tp1:hr>
</tp1:TrackPointExtension>
</extensions>
</trkpt>
<trkpt lat="58.24160348" lon="15.27948897">
<ele>129.0</ele>
<time>2026-09-06T10:26:41Z</time>
<extensions>
<tp1:TrackPointExtension>
<tp1:hr>166</tp1:hr>
</tp1:TrackPointExtension>
</extensions>
</trkpt>
<trkpt lat="58.24162091" lon="15.27949082">
<ele>129.2</ele>
<time>2026-09-06T10:26:42Z</time>
<extensions>
<tp1:TrackPointExtension>
<tp1:hr>166</tp1:hr>
</tp1:TrackPointExtension>
</extensions>
</trkpt>
<trkpt lat="58.24164949" lon="15.27949249">
<ele>129.4</ele>
<time>2026-09-06T10:26:43Z</time>
<extensions>
<tp1:TrackPointExtension>
<tp1:hr>166</tp1:hr>
</tp1:TrackPointExtension>
</extensions>
</trkpt>
<trkpt lat="58.24167221" lon="15.27948772">
<ele>129.6</ele>
<time>2026-09-06T10:26:44Z</time>
<extensions>
<tp1:TrackPointExtension>
<tp1:hr>166</tp1:hr>
</tp1:TrackPointExtension>
</extensions>
</trkpt>
<trkpt lat="58.24169308" lon="15.27947204">
<ele>129.8</ele>
<time>2026-09-06T10:26:45Z</time>
<extensions>
<tp1:TrackPointExtension>
<tp1:hr>166</tp1:hr>
</tp1:TrackPointExtension>
</extensions>
</trkpt>
<trkpt lat="58.24172434" lon="15.27946031">
<ele>130.0</ele>
<time>2026-09-06T10:26:46Z</time>
<extensions>
<tp1:TrackPointExtension>
<tp1:hr>166</tp1:hr>
</tp1:TrackPointExtension>
</extensions>
</trkpt>
<trkpt lat="58.24174027" lon="15.27944396">
<ele>130.2</ele>
<time>2026-09-06T10:26:47Z</time>
<extensions>
<tp1:TrackPointExtension>
<tp1:hr>165</tp1:hr>
</tp1:TrackPointExtension>
</extensions>
</trkpt>
<trkpt lat="58.24174999" lon="15.27941965">
<ele>130.4</ele>
<time>2026-09-06T10:26:48Z</time>
<extensions>
<tp1:TrackPointExtension>
<tp1:hr>164</tp1:hr>
</tp1:TrackPointExtension>
</extensions>
</trkpt>
<trkpt lat="58.24176659" lon="15.27939183">
<ele>130.6</ele>
<time>2026-09-06T10:26:49Z</time>
<extensions>
<tp1:TrackPointExtension>
<tp1:hr>164</tp1:hr>
</tp1:TrackPointExtension>
</extensions>
</trkpt>
<trkpt lat="58.24179282" lon="15.27936811">
<ele>130.8</ele>
<time>2026-09-06T10:26:50Z</time>
<extensions>
<tp1:TrackPointExtension>
<tp1:hr>164</tp1:hr>
</tp1:TrackPointExtension>
</extensions>
</trkpt>
<trkpt lat="58.2418142" lon="15.27934522">
<ele>131.2</ele>
<time>2026-09-06T10:26:51Z</time>
<extensions>
<tp1:TrackPointExtension>
<tp1:hr>164</tp1:hr>
</tp1:TrackPointExtension>
</extensions>
</trkpt>
<trkpt lat="58.24183255" lon="15.27932569">
<ele>131.2</ele>
<time>2026-09-06T10:26:52Z</time>
<extensions>
<tp1:TrackPointExtension>
<tp1:hr>165</tp1:hr>
</tp1:TrackPointExtension>
</extensions>
</trkpt>
<trkpt lat="58.24184236" lon="15.27930499">
<ele>131.2</ele>
<time>2026-09-06T10:26:53Z</time>
<extensions>
<tp1:TrackPointExtension>
<tp1:hr>166</tp1:hr>
</tp1:TrackPointExtension>
</extensions>
</trkpt>
<trkpt lat="58.24186466" lon="15.27927691">
<ele>131.2</ele>
<time>2026-09-06T10:26:54Z</time>
<extensions>
<tp1:TrackPointExtension>
<tp1:hr>166</tp1:hr>
</tp1:TrackPointExtension>
</extensions>
</trkpt>
<trkpt lat="58.2418815" lon="15.27926149">
<ele>131.0</ele>
<time>2026-09-06T10:26:55Z</time>
<extensions>
<tp1:TrackPointExtension>
<tp1:hr>166</tp1:hr>
</tp1:TrackPointExtension>
</extensions>
</trkpt>
<trkpt lat="58.24189165" lon="15.27922654">
<ele>130.8</ele>
<time>2026-09-06T10:26:56Z</time>
<extensions>
<tp1:TrackPointExtension>
<tp1:hr>166</tp1:hr>
</tp1:TrackPointExtension>
</extensions>
</trkpt>
<trkpt lat="58.24189106" lon="15.27920055">
<ele>130.6</ele>
<time>2026-09-06T10:26:57Z</time>
<extensions>
<tp1:TrackPointExtension>
<tp1:hr>165</tp1:hr>
</tp1:TrackPointExtension>
</extensions>
</trkpt>
<trkpt lat="58.24191126" lon="15.27919183">
<ele>130.4</ele>
<time>2026-09-06T10:26:58Z</time>
<extensions>
<tp1:TrackPointExtension>
<tp1:hr>166</tp1:hr>
</tp1:TrackPointExtension>
</extensions>
</trkpt>
<trkpt lat="58.2419447" lon="15.27919301">
<ele>130.2</ele>
<time>2026-09-06T10:26:59Z</time>
<extensions>
<tp1:TrackPointExtension>
<tp1:hr>166</tp1:hr>
</tp1:TrackPointExtension>
</extensions>
</trkpt>
<trkpt lat="58.24196876" lon="15.27917231">
<ele>129.8</ele>
<time>2026-09-06T10:27:00Z</time>
<extensions>
<tp1:TrackPointExtension>
<tp1:hr>166</tp1:hr>
</tp1:TrackPointExtension>
</extensions>
</trkpt>
<trkpt lat="58.24198787" lon="15.27914749">
<ele>129.2</ele>
<time>2026-09-06T10:27:01Z</time>
<extensions>
<tp1:TrackPointExtension>
<tp1:hr>165</tp1:hr>
</tp1:TrackPointExtension>
</extensions>
</trkpt>
<trkpt lat="58.24201151" lon="15.27913626">
<ele>128.6</ele>
<time>2026-09-06T10:27:02Z</time>
<extensions>
<tp1:TrackPointExtension>
<tp1:hr>165</tp1:hr>
</tp1:TrackPointExtension>
</extensions>
</trkpt>
<trkpt lat="58.24204629" lon="15.27916032">
<ele>128.2</ele>
<time>2026-09-06T10:27:03Z</time>
<extensions>
<tp1:TrackPointExtension>
<tp1:hr>165</tp1:hr>
</tp1:TrackPointExtension>
</extensions>
</trkpt>
<trkpt lat="58.24207362" lon="15.27916635">
<ele>127.6</ele>
<time>2026-09-06T10:27:04Z</time>
<extensions>
<tp1:TrackPointExtension>
<tp1:hr>165</tp1:hr>
</tp1:TrackPointExtension>
</extensions>
</trkpt>
<trkpt lat="58.24210237" lon="15.27916912">
<ele>127.4</ele>
<time>2026-09-06T10:27:05Z</time>
<extensions>
<tp1:TrackPointExtension>
<tp1:hr>166</tp1:hr>
</tp1:TrackPointExtension>
</extensions>
</trkpt>
<trkpt lat="58.24212885" lon="15.27916007">
<ele>127.2</ele>
<time>2026-09-06T10:27:06Z</time>
<extensions>
<tp1:TrackPointExtension>
<tp1:hr>165</tp1:hr>
</tp1:TrackPointExtension>
</extensions>
</trkpt>
<trkpt lat="58.24215869" lon="15.27917465">
<ele>127.0</ele>
<time>2026-09-06T10:27:07Z</time>
<extensions>
<tp1:TrackPointExtension>
<tp1:hr>166</tp1:hr>
</tp1:TrackPointExtension>
</extensions>
</trkpt>
<trkpt lat="58.24218451" lon="15.27920164">
<ele>127.2</ele>
<time>2026-09-06T10:27:08Z</time>
<extensions>
<tp1:TrackPointExtension>
<tp1:hr>165</tp1:hr>
</tp1:TrackPointExtension>
</extensions>
</trkpt>
<trkpt lat="58.24221586" lon="15.27923685">
<ele>127.6</ele>
<time>2026-09-06T10:27:09Z</time>
<extensions>
<tp1:TrackPointExtension>
<tp1:hr>165</tp1:hr>
</tp1:TrackPointExtension>
</extensions>
</trkpt>
<trkpt lat="58.24224394" lon="15.27925772">
<ele>127.8</ele>
<time>2026-09-06T10:27:10Z</time>
<extensions>
<tp1:TrackPointExtension>
<tp1:hr>164</tp1:hr>
</tp1:TrackPointExtension>
</extensions>
</trkpt>
<trkpt lat="58.24226171" lon="15.27928228">
<ele>128.0</ele>
<time>2026-09-06T10:27:11Z</time>
<extensions>
<tp1:TrackPointExtension>
<tp1:hr>164</tp1:hr>
</tp1:TrackPointExtension>
</extensions>
</trkpt>
<trkpt lat="58.24228174" lon="15.27930968">
<ele>128.0</ele>
<time>2026-09-06T10:27:12Z</time>
<extensions>
<tp1:TrackPointExtension>
<tp1:hr>163</tp1:hr>
</tp1:TrackPointExtension>
</extensions>
</trkpt>
<trkpt lat="58.24230571" lon="15.27933114">
<ele>128.0</ele>
<time>2026-09-06T10:27:13Z</time>
<extensions>
<tp1:TrackPointExtension>
<tp1:hr>164</tp1:hr>
</tp1:TrackPointExtension>
</extensions>
</trkpt>
<trkpt lat="58.24233463" lon="15.2793464">
<ele>127.7</ele>
<time>2026-09-06T10:27:14Z</time>
<extensions>
<tp1:TrackPointExtension>
<tp1:hr>164</tp1:hr>
</tp1:TrackPointExtension>
</extensions>
</trkpt>
<trkpt lat="58.24236682" lon="15.27937238">
<ele>127.5</ele>
<time>2026-09-06T10:27:15Z</time>
<extensions>
<tp1:TrackPointExtension>
<tp1:hr>165</tp1:hr>
</tp1:TrackPointExtension>
</extensions>
</trkpt>
<trkpt lat="58.2423923" lon="15.27941186">
<ele>127.3</ele>
<time>2026-09-06T10:27:16Z</time>
<extensions>
<tp1:TrackPointExtension>
<tp1:hr>166</tp1:hr>
</tp1:TrackPointExtension>
</extensions>
</trkpt>
<trkpt lat="58.24241283" lon="15.27943751">
<ele>127.1</ele>
<time>2026-09-06T10:27:17Z</time>
<extensions>
<tp1:TrackPointExtension>
<tp1:hr>166</tp1:hr>
</tp1:TrackPointExtension>
</extensions>
</trkpt>
<trkpt lat="58.24243697" lon="15.27944631">
<ele>127.1</ele>
<time>2026-09-06T10:27:18Z</time>
<extensions>
<tp1:TrackPointExtension>
<tp1:hr>166</tp1:hr>
</tp1:TrackPointExtension>
</extensions>
</trkpt>
<trkpt lat="58.2424653" lon="15.27947766">
<ele>127.3</ele>
<time>2026-09-06T10:27:19Z</time>
<extensions>
<tp1:TrackPointExtension>
<tp1:hr>165</tp1:hr>
</tp1:TrackPointExtension>
</extensions>
</trkpt>
<trkpt lat="58.24249498" lon="15.27950423">
<ele>127.3</ele>
<time>2026-09-06T10:27:20Z</time>
<extensions>
<tp1:TrackPointExtension>
<tp1:hr>165</tp1:hr>
</tp1:TrackPointExtension>
</extensions>
</trkpt>
<trkpt lat="58.24252423" lon="15.27951286">
<ele>127.1</ele>
<time>2026-09-06T10:27:21Z</time>
<extensions>
<tp1:TrackPointExtension>
<tp1:hr>164</tp1:hr>
</tp1:TrackPointExtension>
</extensions>
</trkpt>
<trkpt lat="58.24254166" lon="15.27954932">
<ele>126.7</ele>
<time>2026-09-06T10:27:22Z</time>
<extensions>
<tp1:TrackPointExtension>
<tp1:hr>164</tp1:hr>
</tp1:TrackPointExtension>
</extensions>
</trkpt>
<trkpt lat="58.24256212" lon="15.27957489">
<ele>126.3</ele>
<time>2026-09-06T10:27:23Z</time>
<extensions>
<tp1:TrackPointExtension>
<tp1:hr>164</tp1:hr>
</tp1:TrackPointExtension>
</extensions>
</trkpt>
<trkpt lat="58.24259682" lon="15.27958855">
<ele>126.1</ele>
<time>2026-09-06T10:27:24Z</time>
<extensions>
<tp1:TrackPointExtension>
<tp1:hr>164</tp1:hr>
</tp1:TrackPointExtension>
</extensions>
</trkpt>
<trkpt lat="58.24262741" lon="15.27960188">
<ele>125.9</ele>
<time>2026-09-06T10:27:25Z</time>
<extensions>
<tp1:TrackPointExtension>
<tp1:hr>163</tp1:hr>
</tp1:TrackPointExtension>
</extensions>
</trkpt>
<trkpt lat="58.2426539" lon="15.27958595">
<ele>125.7</ele>
<time>2026-09-06T10:27:26Z</time>
<extensions>
<tp1:TrackPointExtension>
<tp1:hr>164</tp1:hr>
</tp1:TrackPointExtension>
</extensions>
</trkpt>
<trkpt lat="58.24268424" lon="15.27956642">
<ele>125.9</ele>
<time>2026-09-06T10:27:27Z</time>
<extensions>
<tp1:TrackPointExtension>
<tp1:hr>164</tp1:hr>
</tp1:TrackPointExtension>
</extensions>
</trkpt>
<trkpt lat="58.24270788" lon="15.27954488">
<ele>125.9</ele>
<time>2026-09-06T10:27:28Z</time>
<extensions>
<tp1:TrackPointExtension>
<tp1:hr>164</tp1:hr>
</tp1:TrackPointExtension>
</extensions>
</trkpt>
<trkpt lat="58.24272682" lon="15.27952736">
<ele>125.9</ele>
<time>2026-09-06T10:27:29Z</time>
<extensions>
<tp1:TrackPointExtension>
<tp1:hr>164</tp1:hr>
</tp1:TrackPointExtension>
</extensions>
</trkpt>
<trkpt lat="58.24274811" lon="15.27951387">
<ele>125.9</ele>
<time>2026-09-06T10:27:30Z</time>
<extensions>
<tp1:TrackPointExtension>
<tp1:hr>164</tp1:hr>
</tp1:TrackPointExtension>
</extensions>
</trkpt>
<trkpt lat="58.24278373" lon="15.27950004">
<ele>125.9</ele>
<time>2026-09-06T10:27:31Z</time>
<extensions>
<tp1:TrackPointExtension>
<tp1:hr>165</tp1:hr>
</tp1:TrackPointExtension>
</extensions>
</trkpt>
<trkpt lat="58.24280544" lon="15.27949425">
<ele>125.9</ele>
<time>2026-09-06T10:27:32Z</time>
<extensions>
<tp1:TrackPointExtension>
<tp1:hr>165</tp1:hr>
</tp1:TrackPointExtension>
</extensions>
</trkpt>
<trkpt lat="58.24282522" lon="15.27947724">
<ele>125.9</ele>
<time>2026-09-06T10:27:33Z</time>
<extensions>
<tp1:TrackPointExtension>
<tp1:hr>165</tp1:hr>
</tp1:TrackPointExtension>
</extensions>
</trkpt>
<trkpt lat="58.24285875" lon="15.27945695">
<ele>125.7</ele>
<time>2026-09-06T10:27:34Z</time>
<extensions>
<tp1:TrackPointExtension>
<tp1:hr>165</tp1:hr>
</tp1:TrackPointExtension>
</extensions>
</trkpt>
<trkpt lat="58.24288339" lon="15.2794324">
<ele>125.7</ele>
<time>2026-09-06T10:27:35Z</time>
<extensions>
<tp1:TrackPointExtension>
<tp1:hr>164</tp1:hr>
</tp1:TrackPointExtension>
</extensions>
</trkpt>
<trkpt lat="58.24290133" lon="15.27941236">
<ele>125.9</ele>
<time>2026-09-06T10:27:36Z</time>
<extensions>
<tp1:TrackPointExtension>
<tp1:hr>164</tp1:hr>
</tp1:TrackPointExtension>
</extensions>
</trkpt>
<trkpt lat="58.24292153" lon="15.27939283">
<ele>125.9</ele>
<time>2026-09-06T10:27:37Z</time>
<extensions>
<tp1:TrackPointExtension>
<tp1:hr>164</tp1:hr>
</tp1:TrackPointExtension>
</extensions>
</trkpt>
<trkpt lat="58.24293511" lon="15.27938479">
<ele>126.1</ele>
<time>2026-09-06T10:27:38Z</time>
<extensions>
<tp1:TrackPointExtension>
<tp1:hr>165</tp1:hr>
</tp1:TrackPointExtension>
</extensions>
</trkpt>
<trkpt lat="58.24295506" lon="15.27938043">
<ele>126.1</ele>
<time>2026-09-06T10:27:39Z</time>
<extensions>
<tp1:TrackPointExtension>
<tp1:hr>165</tp1:hr>
</tp1:TrackPointExtension>
</extensions>
</trkpt>
<trkpt lat="58.24297149" lon="15.27938001">
<ele>126.1</ele>
<time>2026-09-06T10:27:40Z</time>
<extensions>
<tp1:TrackPointExtension>
<tp1:hr>165</tp1:hr>
</tp1:TrackPointExtension>
</extensions>
</trkpt>
<trkpt lat="58.2429854" lon="15.27938671">
<ele>126.3</ele>
<time>2026-09-06T10:27:41Z</time>
<extensions>
<tp1:TrackPointExtension>
<tp1:hr>164</tp1:hr>
</tp1:TrackPointExtension>
</extensions>
</trkpt>
<trkpt lat="58.24299504" lon="15.27940406">
<ele>126.3</ele>
<time>2026-09-06T10:27:42Z</time>
<extensions>
<tp1:TrackPointExtension>
<tp1:hr>165</tp1:hr>
</tp1:TrackPointExtension>
</extensions>
</trkpt>
<trkpt lat="58.24300879" lon="15.27942938">
<ele>126.3</ele>
<time>2026-09-06T10:27:43Z</time>
<extensions>
<tp1:TrackPointExtension>
<tp1:hr>165</tp1:hr>
</tp1:TrackPointExtension>
</extensions>
</trkpt>
<trkpt lat="58.24301918" lon="15.27945067">
<ele>126.5</ele>
<time>2026-09-06T10:27:44Z</time>
<extensions>
<tp1:TrackPointExtension>
<tp1:hr>164</tp1:hr>
</tp1:TrackPointExtension>
</extensions>
</trkpt>
<trkpt lat="58.2430263" lon="15.27947615">
<ele>126.5</ele>
<time>2026-09-06T10:27:45Z</time>
<extensions>
<tp1:TrackPointExtension>
<tp1:hr>164</tp1:hr>
</tp1:TrackPointExtension>
</extensions>
</trkpt>
<trkpt lat="58.24303016" lon="15.27949945">
<ele>126.5</ele>
<time>2026-09-06T10:27:46Z</time>
<extensions>
<tp1:TrackPointExtension>
<tp1:hr>163</tp1:hr>
</tp1:TrackPointExtension>
</extensions>
</trkpt>
<trkpt lat="58.24303754" lon="15.2795401">
<ele>126.3</ele>
<time>2026-09-06T10:27:47Z</time>
<extensions>
<tp1:TrackPointExtension>
<tp1:hr>163</tp1:hr>
</tp1:TrackPointExtension>
</extensions>
</trkpt>
<trkpt lat="58.24304424" lon="15.27957522">
<ele>126.3</ele>
<time>2026-09-06T10:27:48Z</time>
<extensions>
<tp1:TrackPointExtension>
<tp1:hr>163</tp1:hr>
</tp1:TrackPointExtension>
</extensions>
</trkpt>
<trkpt lat="58.24304458" lon="15.27960582">
<ele>126.3</ele>
<time>2026-09-06T10:27:49Z</time>
<extensions>
<tp1:TrackPointExtension>
<tp1:hr>163</tp1:hr>
</tp1:TrackPointExtension>
</extensions>
</trkpt>
<trkpt lat="58.24305673" lon="15.27964152">
<ele>126.3</ele>
<time>2026-09-06T10:27:50Z</time>
<extensions>
<tp1:TrackPointExtension>
<tp1:hr>163</tp1:hr>
</tp1:TrackPointExtension>
</extensions>
</trkpt>
<trkpt lat="58.2430636" lon="15.27968394">
<ele>126.3</ele>
<time>2026-09-06T10:27:51Z</time>
<extensions>
<tp1:TrackPointExtension>
<tp1:hr>163</tp1:hr>
</tp1:TrackPointExtension>
</extensions>
</trkpt>
<trkpt lat="58.24307291" lon="15.27972501">
<ele>126.3</ele>
<time>2026-09-06T10:27:52Z</time>
<extensions>
<tp1:TrackPointExtension>
<tp1:hr>163</tp1:hr>
</tp1:TrackPointExtension>
</extensions>
</trkpt>
<trkpt lat="58.24308095" lon="15.27976113">
<ele>126.1</ele>
<time>2026-09-06T10:27:53Z</time>
<extensions>
<tp1:TrackPointExtension>
<tp1:hr>163</tp1:hr>
</tp1:TrackPointExtension>
</extensions>
</trkpt>
<trkpt lat="58.24309068" lon="15.27981847">
<ele>125.7</ele>
<time>2026-09-06T10:27:54Z</time>
<extensions>
<tp1:TrackPointExtension>
<tp1:hr>163</tp1:hr>
</tp1:TrackPointExtension>
</extensions>
</trkpt>
<trkpt lat="58.24309562" lon="15.2798877">
<ele>125.3</ele>
<time>2026-09-06T10:27:55Z</time>
<extensions>
<tp1:TrackPointExtension>
<tp1:hr>163</tp1:hr>
</tp1:TrackPointExtension>
</extensions>
</trkpt>
<trkpt lat="58.2431082" lon="15.27992911">
<ele>125.3</ele>
<time>2026-09-06T10:27:56Z</time>
<extensions>
<tp1:TrackPointExtension>
<tp1:hr>164</tp1:hr>
</tp1:TrackPointExtension>
</extensions>
</trkpt>
<trkpt lat="58.24311725" lon="15.27995828">
<ele>125.3</ele>
<time>2026-09-06T10:27:57Z</time>
<extensions>
<tp1:TrackPointExtension>
<tp1:hr>164</tp1:hr>
</tp1:TrackPointExtension>
</extensions>
</trkpt>
<trkpt lat="58.2431206" lon="15.28000957">
<ele>125.3</ele>
<time>2026-09-06T10:27:58Z</time>
<extensions>
<tp1:TrackPointExtension>
<tp1:hr>164</tp1:hr>
</tp1:TrackPointExtension>
</extensions>
</trkpt>
<trkpt lat="58.24312613" lon="15.28003958">
<ele>125.5</ele>
<time>2026-09-06T10:27:59Z</time>
<extensions>
<tp1:TrackPointExtension>
<tp1:hr>164</tp1:hr>
</tp1:TrackPointExtension>
</extensions>
</trkpt>
<trkpt lat="58.24313183" lon="15.28007663">
<ele>125.5</ele>
<time>2026-09-06T10:28:00Z</time>
<extensions>
<tp1:TrackPointExtension>
<tp1:hr>163</tp1:hr>
</tp1:TrackPointExtension>
</extensions>
</trkpt>
<trkpt lat="58.24314013" lon="15.28012499">
<ele>125.3</ele>
<time>2026-09-06T10:28:01Z</time>
<extensions>
<tp1:TrackPointExtension>
<tp1:hr>163</tp1:hr>
</tp1:TrackPointExtension>
</extensions>
</trkpt>
<trkpt lat="58.24314902" lon="15.28017587">
<ele>125.3</ele>
<time>2026-09-06T10:28:02Z</time>
<extensions>
<tp1:TrackPointExtension>
<tp1:hr>163</tp1:hr>
</tp1:TrackPointExtension>
</extensions>
</trkpt>
<trkpt lat="58.24315824" lon="15.28021853">
<ele>125.3</ele>
<time>2026-09-06T10:28:03Z</time>
<extensions>
<tp1:TrackPointExtension>
<tp1:hr>164</tp1:hr>
</tp1:TrackPointExtension>
</extensions>
</trkpt>
<trkpt lat="58.24316855" lon="15.28026095">
<ele>125.1</ele>
<time>2026-09-06T10:28:04Z</time>
<extensions>
<tp1:TrackPointExtension>
<tp1:hr>164</tp1:hr>
</tp1:TrackPointExtension>
</extensions>
</trkpt>
<trkpt lat="58.24317777" lon="15.28031786">
<ele>125.1</ele>
<time>2026-09-06T10:28:05Z</time>
<extensions>
<tp1:TrackPointExtension>
<tp1:hr>165</tp1:hr>
</tp1:TrackPointExtension>
</extensions>
</trkpt>
<trkpt lat="58.24318665" lon="15.28037569">
<ele>125.1</ele>
<time>2026-09-06T10:28:06Z</time>
<extensions>
<tp1:TrackPointExtension>
<tp1:hr>164</tp1:hr>
</tp1:TrackPointExtension>
</extensions>
</trkpt>
<trkpt lat="58.24319202" lon="15.28041802">
<ele>125.1</ele>
<time>2026-09-06T10:28:07Z</time>
<extensions>
<tp1:TrackPointExtension>
<tp1:hr>164</tp1:hr>
</tp1:TrackPointExtension>
</extensions>
</trkpt>
<trkpt lat="58.24320484" lon="15.28045415">
<ele>124.9</ele>
<time>2026-09-06T10:28:08Z</time>
<extensions>
<tp1:TrackPointExtension>
<tp1:hr>164</tp1:hr>
</tp1:TrackPointExtension>
</extensions>
</trkpt>
<trkpt lat="58.24321473" lon="15.28051592">
<ele>124.7</ele>
<time>2026-09-06T10:28:09Z</time>
<extensions>
<tp1:TrackPointExtension>
<tp1:hr>164</tp1:hr>
</tp1:TrackPointExtension>
</extensions>
</trkpt>
<trkpt lat="58.24322236" lon="15.28057292">
<ele>124.7</ele>
<time>2026-09-06T10:28:10Z</time>
<extensions>
<tp1:TrackPointExtension>
<tp1:hr>164</tp1:hr>
</tp1:TrackPointExtension>
</extensions>
</trkpt>
<trkpt lat="58.24322923" lon="15.28061843">
<ele>124.5</ele>
<time>2026-09-06T10:28:11Z</time>
<extensions>
<tp1:TrackPointExtension>
<tp1:hr>164</tp1:hr>
</tp1:TrackPointExtension>
</extensions>
</trkpt>
<trkpt lat="58.24321867" lon="15.28066638">
<ele>124.5</ele>
<time>2026-09-06T10:28:12Z</time>
<extensions>
<tp1:TrackPointExtension>
<tp1:hr>164</tp1:hr>
</tp1:TrackPointExtension>
</extensions>
</trkpt>
<trkpt lat="58.24321255" lon="15.28070904">
<ele>124.3</ele>
<time>2026-09-06T10:28:13Z</time>
<extensions>
<tp1:TrackPointExtension>
<tp1:hr>164</tp1:hr>
</tp1:TrackPointExtension>
</extensions>
</trkpt>
<trkpt lat="58.24320258" lon="15.28074794">
<ele>124.3</ele>
<time>2026-09-06T10:28:14Z</time>
<extensions>
<tp1:TrackPointExtension>
<tp1:hr>163</tp1:hr>
</tp1:TrackPointExtension>
</extensions>
</trkpt>
<trkpt lat="58.24318321" lon="15.28078004">
<ele>124.1</ele>
<time>2026-09-06T10:28:15Z</time>
<extensions>
<tp1:TrackPointExtension>
<tp1:hr>164</tp1:hr>
</tp1:TrackPointExtension>
</extensions>
</trkpt>
<trkpt lat="58.24316419" lon="15.28079798">
<ele>123.9</ele>
<time>2026-09-06T10:28:16Z</time>
<extensions>
<tp1:TrackPointExtension>
<tp1:hr>164</tp1:hr>
</tp1:TrackPointExtension>
</extensions>
</trkpt>
<trkpt lat="58.24313963" lon="15.28082865">
<ele>123.9</ele>
<time>2026-09-06T10:28:17Z</time>
<extensions>
<tp1:TrackPointExtension>
<tp1:hr>164</tp1:hr>
</tp1:TrackPointExtension>
</extensions>
</trkpt>
<trkpt lat="58.24311758" lon="15.28085598">
<ele>123.7</ele>
<time>2026-09-06T10:28:18Z</time>
<extensions>
<tp1:TrackPointExtension>
<tp1:hr>164</tp1:hr>
</tp1:TrackPointExtension>
</extensions>
</trkpt>
<trkpt lat="58.24309143" lon="15.28089495">
<ele>123.9</ele>
<time>2026-09-06T10:28:19Z</time>
<extensions>
<tp1:TrackPointExtension>
<tp1:hr>163</tp1:hr>
</tp1:TrackPointExtension>
</extensions>
</trkpt>
<trkpt lat="58.2430688" lon="15.28093494">
<ele>123.9</ele>
<time>2026-09-06T10:28:20Z</time>
<extensions>
<tp1:TrackPointExtension>
<tp1:hr>163</tp1:hr>
</tp1:TrackPointExtension>
</extensions>
</trkpt>
<trkpt lat="58.24306369" lon="15.28096117">
<ele>124.1</ele>
<time>2026-09-06T10:28:21Z</time>
<extensions>
<tp1:TrackPointExtension>
<tp1:hr>163</tp1:hr>
</tp1:TrackPointExtension>
</extensions>
</trkpt>
<trkpt lat="58.24308976" lon="15.28098908">
<ele>124.1</ele>
<time>2026-09-06T10:28:22Z</time>
<extensions>
<tp1:TrackPointExtension>
<tp1:hr>163</tp1:hr>
</tp1:TrackPointExtension>
</extensions>
</trkpt>
<trkpt lat="58.24310853" lon="15.28099621">
<ele>124.1</ele>
<time>2026-09-06T10:28:23Z</time>
<extensions>
<tp1:TrackPointExtension>
<tp1:hr>164</tp1:hr>
</tp1:TrackPointExtension>
</extensions>
</trkpt>
<trkpt lat="58.24313024" lon="15.28100082">
<ele>123.9</ele>
<time>2026-09-06T10:28:24Z</time>
<extensions>
<tp1:TrackPointExtension>
<tp1:hr>164</tp1:hr>
</tp1:TrackPointExtension>
</extensions>
</trkpt>
<trkpt lat="58.24314541" lon="15.28097928">
<ele>123.9</ele>
<time>2026-09-06T10:28:25Z</time>
<extensions>
<tp1:TrackPointExtension>
<tp1:hr>164</tp1:hr>
</tp1:TrackPointExtension>
</extensions>
</trkpt>
<trkpt lat="58.24314709" lon="15.28094122">
<ele>123.7</ele>
<time>2026-09-06T10:28:26Z</time>
<extensions>
<tp1:TrackPointExtension>
<tp1:hr>164</tp1:hr>
</tp1:TrackPointExtension>
</extensions>
</trkpt>
<trkpt lat="58.24314952" lon="15.28089713">
<ele>123.7</ele>
<time>2026-09-06T10:28:27Z</time>
<extensions>
<tp1:TrackPointExtension>
<tp1:hr>164</tp1:hr>
</tp1:TrackPointExtension>
</extensions>
</trkpt>
<trkpt lat="58.24315639" lon="15.28085623">
<ele>123.7</ele>
<time>2026-09-06T10:28:28Z</time>
<extensions>
<tp1:TrackPointExtension>
<tp1:hr>164</tp1:hr>
</tp1:TrackPointExtension>
</extensions>
</trkpt>
<trkpt lat="58.24317223" lon="15.28082916">
<ele>123.7</ele>
<time>2026-09-06T10:28:29Z</time>
<extensions>
<tp1:TrackPointExtension>
<tp1:hr>164</tp1:hr>
</tp1:TrackPointExtension>
</extensions>
</trkpt>
<trkpt lat="58.24319679" lon="15.28079052">
<ele>123.7</ele>
<time>2026-09-06T10:28:30Z</time>
<extensions>
<tp1:TrackPointExtension>
<tp1:hr>164</tp1:hr>
</tp1:TrackPointExtension>
</extensions>
</trkpt>
<trkpt lat="58.24322144" lon="15.28077618">
<ele>123.9</ele>
<time>2026-09-06T10:28:31Z</time>
<extensions>
<tp1:TrackPointExtension>
<tp1:hr>165</tp1:hr>
</tp1:TrackPointExtension>
</extensions>
</trkpt>
<trkpt lat="58.24324423" lon="15.28076394">
<ele>123.9</ele>
<time>2026-09-06T10:28:32Z</time>
<extensions>
<tp1:TrackPointExtension>
<tp1:hr>164</tp1:hr>
</tp1:TrackPointExtension>
</extensions>
</trkpt>
<trkpt lat="58.24327282" lon="15.28076009">
<ele>123.9</ele>
<time>2026-09-06T10:28:33Z</time>
<extensions>
<tp1:TrackPointExtension>
<tp1:hr>165</tp1:hr>
</tp1:TrackPointExtension>
</extensions>
</trkpt>
<trkpt lat="58.24329545" lon="15.2807481">
<ele>124.1</ele>
<time>2026-09-06T10:28:34Z</time>
<extensions>
<tp1:TrackPointExtension>
<tp1:hr>165</tp1:hr>
</tp1:TrackPointExtension>
</extensions>
</trkpt>
<trkpt lat="58.24331934" lon="15.2807367">
<ele>124.3</ele>
<time>2026-09-06T10:28:35Z</time>
<extensions>
<tp1:TrackPointExtension>
<tp1:hr>165</tp1:hr>
</tp1:TrackPointExtension>
</extensions>
</trkpt>
<trkpt lat="58.24334566" lon="15.28072338">
<ele>124.3</ele>
<time>2026-09-06T10:28:36Z</time>
<extensions>
<tp1:TrackPointExtension>
<tp1:hr>165</tp1:hr>
</tp1:TrackPointExtension>
</extensions>
</trkpt>
<trkpt lat="58.24337809" lon="15.28070452">
<ele>124.3</ele>
<time>2026-09-06T10:28:37Z</time>
<extensions>
<tp1:TrackPointExtension>
<tp1:hr>165</tp1:hr>
</tp1:TrackPointExtension>
</extensions>
</trkpt>
<trkpt lat="58.24340374" lon="15.28068448">
<ele>124.5</ele>
<time>2026-09-06T10:28:38Z</time>
<extensions>
<tp1:TrackPointExtension>
<tp1:hr>165</tp1:hr>
</tp1:TrackPointExtension>
</extensions>
</trkpt>
<trkpt lat="58.24343082" lon="15.28065775">
<ele>124.7</ele>
<time>2026-09-06T10:28:39Z</time>
<extensions>
<tp1:TrackPointExtension>
<tp1:hr>164</tp1:hr>
</tp1:TrackPointExtension>
</extensions>
</trkpt>
<trkpt lat="58.24345328" lon="15.28063268">
<ele>124.9</ele>
<time>2026-09-06T10:28:40Z</time>
<extensions>
<tp1:TrackPointExtension>
<tp1:hr>165</tp1:hr>
</tp1:TrackPointExtension>
</extensions>
</trkpt>
<trkpt lat="58.24347616" lon="15.28060636">
<ele>124.9</ele>
<time>2026-09-06T10:28:41Z</time>
<extensions>
<tp1:TrackPointExtension>
<tp1:hr>166</tp1:hr>
</tp1:TrackPointExtension>
</extensions>
</trkpt>
<trkpt lat="58.24350122" lon="15.28056839">
<ele>125.1</ele>
<time>2026-09-06T10:28:42Z</time>
<extensions>
<tp1:TrackPointExtension>
<tp1:hr>165</tp1:hr>
</tp1:TrackPointExtension>
</extensions>
</trkpt>
<trkpt lat="58.24351547" lon="15.2805269">
<ele>125.5</ele>
<time>2026-09-06T10:28:43Z</time>
<extensions>
<tp1:TrackPointExtension>
<tp1:hr>165</tp1:hr>
</tp1:TrackPointExtension>
</extensions>
</trkpt>
<trkpt lat="58.24353827" lon="15.28048617">
<ele>125.7</ele>
<time>2026-09-06T10:28:44Z</time>
<extensions>
<tp1:TrackPointExtension>
<tp1:hr>165</tp1:hr>
</tp1:TrackPointExtension>
</extensions>
</trkpt>
<trkpt lat="58.2435599" lon="15.28045725">
<ele>126.1</ele>
<time>2026-09-06T10:28:45Z</time>
<extensions>
<tp1:TrackPointExtension>
<tp1:hr>166</tp1:hr>
</tp1:TrackPointExtension>
</extensions>
</trkpt>
<trkpt lat="58.24358102" lon="15.28043278">
<ele>126.5</ele>
<time>2026-09-06T10:28:46Z</time>
<extensions>
<tp1:TrackPointExtension>
<tp1:hr>166</tp1:hr>
</tp1:TrackPointExtension>
</extensions>
</trkpt>
<trkpt lat="58.24359594" lon="15.28040579">
<ele>126.9</ele>
<time>2026-09-06T10:28:47Z</time>
<extensions>
<tp1:TrackPointExtension>
<tp1:hr>166</tp1:hr>
</tp1:TrackPointExtension>
</extensions>
</trkpt>
<trkpt lat="58.24361463" lon="15.28037435">
<ele>127.1</ele>
<time>2026-09-06T10:28:48Z</time>
<extensions>
<tp1:TrackPointExtension>
<tp1:hr>167</tp1:hr>
</tp1:TrackPointExtension>
</extensions>
</trkpt>
<trkpt lat="58.24363844" lon="15.28036195">
<ele>127.3</ele>
<time>2026-09-06T10:28:49Z</time>
<extensions>
<tp1:TrackPointExtension>
<tp1:hr>167</tp1:hr>
</tp1:TrackPointExtension>
</extensions>
</trkpt>
<trkpt lat="58.24365461" lon="15.28037125">
<ele>127.7</ele>
<time>2026-09-06T10:28:50Z</time>
<extensions>
<tp1:TrackPointExtension>
<tp1:hr>168</tp1:hr>
</tp1:TrackPointExtension>
</extensions>
</trkpt>
<trkpt lat="58.24367481" lon="15.28039791">
<ele>127.9</ele>
<time>2026-09-06T10:28:51Z</time>
<extensions>
<tp1:TrackPointExtension>
<tp1:hr>168</tp1:hr>
</tp1:TrackPointExtension>
</extensions>
</trkpt>
<trkpt lat="58.24369929" lon="15.28040905">
<ele>128.3</ele>
<time>2026-09-06T10:28:52Z</time>
<extensions>
<tp1:TrackPointExtension>
<tp1:hr>168</tp1:hr>
</tp1:TrackPointExtension>
</extensions>
</trkpt>
<trkpt lat="58.24372443" lon="15.28041316">
<ele>128.5</ele>
<time>2026-09-06T10:28:53Z</time>
<extensions>
<tp1:TrackPointExtension>
<tp1:hr>169</tp1:hr>
</tp1:TrackPointExtension>
</extensions>
</trkpt>
<trkpt lat="58.24375243" lon="15.28041794">
<ele>128.7</ele>
<time>2026-09-06T10:28:54Z</time>
<extensions>
<tp1:TrackPointExtension>
<tp1:hr>169</tp1:hr>
</tp1:TrackPointExtension>
</extensions>
</trkpt>
<trkpt lat="58.24377607" lon="15.28041333">
<ele>128.9</ele>
<time>2026-09-06T10:28:55Z</time>
<extensions>
<tp1:TrackPointExtension>
<tp1:hr>169</tp1:hr>
</tp1:TrackPointExtension>
</extensions>
</trkpt>
<trkpt lat="58.24380104" lon="15.28041333">
<ele>129.1</ele>
<time>2026-09-06T10:28:56Z</time>
<extensions>
<tp1:TrackPointExtension>
<tp1:hr>170</tp1:hr>
</tp1:TrackPointExtension>
</extensions>
</trkpt>
<trkpt lat="58.24382602" lon="15.28039975">
<ele>129.1</ele>
<time>2026-09-06T10:28:57Z</time>
<extensions>
<tp1:TrackPointExtension>
<tp1:hr>170</tp1:hr>
</tp1:TrackPointExtension>
</extensions>
</trkpt>
<trkpt lat="58.24384756" lon="15.28039145">
<ele>129.3</ele>
<time>2026-09-06T10:28:58Z</time>
<extensions>
<tp1:TrackPointExtension>
<tp1:hr>170</tp1:hr>
</tp1:TrackPointExtension>
</extensions>
</trkpt>
<trkpt lat="58.24386994" lon="15.28037821">
<ele>129.5</ele>
<time>2026-09-06T10:28:59Z</time>
<extensions>
<tp1:TrackPointExtension>
<tp1:hr>169</tp1:hr>
</tp1:TrackPointExtension>
</extensions>
</trkpt>
<trkpt lat="58.24389081" lon="15.28034359">
<ele>129.5</ele>
<time>2026-09-06T10:29:00Z</time>
<extensions>
<tp1:TrackPointExtension>
<tp1:hr>169</tp1:hr>
</tp1:TrackPointExtension>
</extensions>
</trkpt>
<trkpt lat="58.2439173" lon="15.2803182">
<ele>129.5</ele>
<time>2026-09-06T10:29:01Z</time>
<extensions>
<tp1:TrackPointExtension>
<tp1:hr>168</tp1:hr>
</tp1:TrackPointExtension>
</extensions>
</trkpt>
<trkpt lat="58.24393742" lon="15.28028961">
<ele>129.3</ele>
<time>2026-09-06T10:29:02Z</time>
<extensions>
<tp1:TrackPointExtension>
<tp1:hr>168</tp1:hr>
</tp1:TrackPointExtension>
</extensions>
</trkpt>
<trkpt lat="58.24396214" lon="15.28026103">
<ele>128.9</ele>
<time>2026-09-06T10:29:03Z</time>
<extensions>
<tp1:TrackPointExtension>
<tp1:hr>168</tp1:hr>
</tp1:TrackPointExtension>
</extensions>
</trkpt>
<trkpt lat="58.24399685" lon="15.2802498">
<ele>128.3</ele>
<time>2026-09-06T10:29:04Z</time>
<extensions>
<tp1:TrackPointExtension>
<tp1:hr>168</tp1:hr>
</tp1:TrackPointExtension>
</extensions>
</trkpt>
<trkpt lat="58.24402836" lon="15.28024351">
<ele>127.7</ele>
<time>2026-09-06T10:29:05Z</time>
<extensions>
<tp1:TrackPointExtension>
<tp1:hr>169</tp1:hr>
</tp1:TrackPointExtension>
</extensions>
</trkpt>
<trkpt lat="58.24405912" lon="15.28023429">
<ele>126.9</ele>
<time>2026-09-06T10:29:06Z</time>
<extensions>
<tp1:TrackPointExtension>
<tp1:hr>169</tp1:hr>
</tp1:TrackPointExtension>
</extensions>
</trkpt>
<trkpt lat="58.24409625" lon="15.28021703">
<ele>126.7</ele>
<time>2026-09-06T10:29:07Z</time>
<extensions>
<tp1:TrackPointExtension>
<tp1:hr>168</tp1:hr>
</tp1:TrackPointExtension>
</extensions>
</trkpt>
<trkpt lat="58.24413674" lon="15.28019615">
<ele>126.1</ele>
<time>2026-09-06T10:29:08Z</time>
<extensions>
<tp1:TrackPointExtension>
<tp1:hr>168</tp1:hr>
</tp1:TrackPointExtension>
</extensions>
</trkpt>
<trkpt lat="58.24417069" lon="15.28018509">
<ele>125.7</ele>
<time>2026-09-06T10:29:09Z</time>
<extensions>
<tp1:TrackPointExtension>
<tp1:hr>168</tp1:hr>
</tp1:TrackPointExtension>
</extensions>
</trkpt>
<trkpt lat="58.24420061" lon="15.28017227">
<ele>125.5</ele>
<time>2026-09-06T10:29:10Z</time>
<extensions>
<tp1:TrackPointExtension>
<tp1:hr>168</tp1:hr>
</tp1:TrackPointExtension>
</extensions>
</trkpt>
<trkpt lat="58.24423011" lon="15.28014268">
<ele>125.5</ele>
<time>2026-09-06T10:29:11Z</time>
<extensions>
<tp1:TrackPointExtension>
<tp1:hr>168</tp1:hr>
</tp1:TrackPointExtension>
</extensions>
</trkpt>
<trkpt lat="58.24425476" lon="15.2801006">
<ele>125.3</ele>
<time>2026-09-06T10:29:12Z</time>
<extensions>
<tp1:TrackPointExtension>
<tp1:hr>168</tp1:hr>
</tp1:TrackPointExtension>
</extensions>
</trkpt>
<trkpt lat="58.24427169" lon="15.28006188">
<ele>125.3</ele>
<time>2026-09-06T10:29:13Z</time>
<extensions>
<tp1:TrackPointExtension>
<tp1:hr>168</tp1:hr>
</tp1:TrackPointExtension>
</extensions>
</trkpt>
<trkpt lat="58.24428904" lon="15.28002567">
<ele>125.3</ele>
<time>2026-09-06T10:29:14Z</time>
<extensions>
<tp1:TrackPointExtension>
<tp1:hr>167</tp1:hr>
</tp1:TrackPointExtension>
</extensions>
</trkpt>
<trkpt lat="58.24431477" lon="15.27999993">
<ele>125.3</ele>
<time>2026-09-06T10:29:15Z</time>
<extensions>
<tp1:TrackPointExtension>
<tp1:hr>168</tp1:hr>
</tp1:TrackPointExtension>
</extensions>
</trkpt>
<trkpt lat="58.24434335" lon="15.2800136">
<ele>125.5</ele>
<time>2026-09-06T10:29:16Z</time>
<extensions>
<tp1:TrackPointExtension>
<tp1:hr>168</tp1:hr>
</tp1:TrackPointExtension>
</extensions>
</trkpt>
<trkpt lat="58.24436934" lon="15.28002583">
<ele>125.7</ele>
<time>2026-09-06T10:29:17Z</time>
<extensions>
<tp1:TrackPointExtension>
<tp1:hr>168</tp1:hr>
</tp1:TrackPointExtension>
</extensions>
</trkpt>
<trkpt lat="58.24438862" lon="15.28002793">
<ele>125.7</ele>
<time>2026-09-06T10:29:18Z</time>
<extensions>
<tp1:TrackPointExtension>
<tp1:hr>168</tp1:hr>
</tp1:TrackPointExtension>
</extensions>
</trkpt>
<trkpt lat="58.24441141" lon="15.28001938">
<ele>125.7</ele>
<time>2026-09-06T10:29:19Z</time>
<extensions>
<tp1:TrackPointExtension>
<tp1:hr>167</tp1:hr>
</tp1:TrackPointExtension>
</extensions>
</trkpt>
<trkpt lat="58.24443799" lon="15.2799913">
<ele>125.5</ele>
<time>2026-09-06T10:29:20Z</time>
<extensions>
<tp1:TrackPointExtension>
<tp1:hr>167</tp1:hr>
</tp1:TrackPointExtension>
</extensions>
</trkpt>
<trkpt lat="58.24447126" lon="15.27997688">
<ele>125.7</ele>
<time>2026-09-06T10:29:21Z</time>
<extensions>
<tp1:TrackPointExtension>
<tp1:hr>167</tp1:hr>
</tp1:TrackPointExtension>
</extensions>
</trkpt>
<trkpt lat="58.244498" lon="15.27996079">
<ele>125.5</ele>
<time>2026-09-06T10:29:22Z</time>
<extensions>
<tp1:TrackPointExtension>
<tp1:hr>167</tp1:hr>
</tp1:TrackPointExtension>
</extensions>
</trkpt>
<trkpt lat="58.24452306" lon="15.27995517">
<ele>125.7</ele>
<time>2026-09-06T10:29:23Z</time>
<extensions>
<tp1:TrackPointExtension>
<tp1:hr>167</tp1:hr>
</tp1:TrackPointExtension>
</extensions>
</trkpt>
<trkpt lat="58.24454586" lon="15.27995593">
<ele>125.9</ele>
<time>2026-09-06T10:29:24Z</time>
<extensions>
<tp1:TrackPointExtension>
<tp1:hr>168</tp1:hr>
</tp1:TrackPointExtension>
</extensions>
</trkpt>
<trkpt lat="58.24457226" lon="15.27996708">
<ele>125.9</ele>
<time>2026-09-06T10:29:25Z</time>
<extensions>
<tp1:TrackPointExtension>
<tp1:hr>167</tp1:hr>
</tp1:TrackPointExtension>
</extensions>
</trkpt>
<trkpt lat="58.24459682" lon="15.27999113">
<ele>125.9</ele>
<time>2026-09-06T10:29:26Z</time>
<extensions>
<tp1:TrackPointExtension>
<tp1:hr>168</tp1:hr>
</tp1:TrackPointExtension>
</extensions>
</trkpt>
<trkpt lat="58.24462113" lon="15.28000731">
<ele>126.1</ele>
<time>2026-09-06T10:29:27Z</time>
<extensions>
<tp1:TrackPointExtension>
<tp1:hr>167</tp1:hr>
</tp1:TrackPointExtension>
</extensions>
</trkpt>
<trkpt lat="58.24465097" lon="15.28002684">
<ele>126.1</ele>
<time>2026-09-06T10:29:28Z</time>
<extensions>
<tp1:TrackPointExtension>
<tp1:hr>167</tp1:hr>
</tp1:TrackPointExtension>
</extensions>
</trkpt>
<trkpt lat="58.24467419" lon="15.28003422">
<ele>126.3</ele>
<time>2026-09-06T10:29:29Z</time>
<extensions>
<tp1:TrackPointExtension>
<tp1:hr>167</tp1:hr>
</tp1:TrackPointExtension>
</extensions>
</trkpt>
<trkpt lat="58.244699" lon="15.28002877">
<ele>126.5</ele>
<time>2026-09-06T10:29:30Z</time>
<extensions>
<tp1:TrackPointExtension>
<tp1:hr>168</tp1:hr>
</tp1:TrackPointExtension>
</extensions>
</trkpt>
<trkpt lat="58.24472104" lon="15.2800048">
<ele>126.9</ele>
<time>2026-09-06T10:29:31Z</time>
<extensions>
<tp1:TrackPointExtension>
<tp1:hr>167</tp1:hr>
</tp1:TrackPointExtension>
</extensions>
</trkpt>
<trkpt lat="58.24473999" lon="15.2799825">
<ele>127.3</ele>
<time>2026-09-06T10:29:32Z</time>
<extensions>
<tp1:TrackPointExtension>
<tp1:hr>166</tp1:hr>
</tp1:TrackPointExtension>
</extensions>
</trkpt>
<trkpt lat="58.24476169" lon="15.27998351">
<ele>127.7</ele>
<time>2026-09-06T10:29:33Z</time>
<extensions>
<tp1:TrackPointExtension>
<tp1:hr>166</tp1:hr>
</tp1:TrackPointExtension>
</extensions>
</trkpt>
<trkpt lat="58.24478634" lon="15.2799908">
<ele>128.1</ele>
<time>2026-09-06T10:29:34Z</time>
<extensions>
<tp1:TrackPointExtension>
<tp1:hr>166</tp1:hr>
</tp1:TrackPointExtension>
</extensions>
</trkpt>
<trkpt lat="58.24481023" lon="15.27998032">
<ele>128.3</ele>
<time>2026-09-06T10:29:35Z</time>
<extensions>
<tp1:TrackPointExtension>
<tp1:hr>166</tp1:hr>
</tp1:TrackPointExtension>
</extensions>
</trkpt>
<trkpt lat="58.24482875" lon="15.27994629">
<ele>128.3</ele>
<time>2026-09-06T10:29:36Z</time>
<extensions>
<tp1:TrackPointExtension>
<tp1:hr>166</tp1:hr>
</tp1:TrackPointExtension>
</extensions>
</trkpt>
<trkpt lat="58.24485113" lon="15.27992098">
<ele>128.3</ele>
<time>2026-09-06T10:29:37Z</time>
<extensions>
<tp1:TrackPointExtension>
<tp1:hr>166</tp1:hr>
</tp1:TrackPointExtension>
</extensions>
</trkpt>
<trkpt lat="58.24487745" lon="15.27988602">
<ele>128.5</ele>
<time>2026-09-06T10:29:38Z</time>
<extensions>
<tp1:TrackPointExtension>
<tp1:hr>167</tp1:hr>
</tp1:TrackPointExtension>
</extensions>
</trkpt>
<trkpt lat="58.24489346" lon="15.27984772">
<ele>128.5</ele>
<time>2026-09-06T10:29:39Z</time>
<extensions>
<tp1:TrackPointExtension>
<tp1:hr>167</tp1:hr>
</tp1:TrackPointExtension>
</extensions>
</trkpt>
<trkpt lat="58.24490402" lon="15.27981084">
<ele>128.7</ele>
<time>2026-09-06T10:29:40Z</time>
<extensions>
<tp1:TrackPointExtension>
<tp1:hr>166</tp1:hr>
</tp1:TrackPointExtension>
</extensions>
</trkpt>
<trkpt lat="58.24493118" lon="15.279766">
<ele>129.1</ele>
<time>2026-09-06T10:29:41Z</time>
<extensions>
<tp1:TrackPointExtension>
<tp1:hr>167</tp1:hr>
</tp1:TrackPointExtension>
</extensions>
</trkpt>
<trkpt lat="58.24495758" lon="15.2797385">
<ele>129.5</ele>
<time>2026-09-06T10:29:42Z</time>
<extensions>
<tp1:TrackPointExtension>
<tp1:hr>167</tp1:hr>
</tp1:TrackPointExtension>
</extensions>
</trkpt>
<trkpt lat="58.24498407" lon="15.2797209">
<ele>129.5</ele>
<time>2026-09-06T10:29:43Z</time>
<extensions>
<tp1:TrackPointExtension>
<tp1:hr>167</tp1:hr>
</tp1:TrackPointExtension>
</extensions>
</trkpt>
<trkpt lat="58.24500863" lon="15.27969659">
<ele>129.5</ele>
<time>2026-09-06T10:29:44Z</time>
<extensions>
<tp1:TrackPointExtension>
<tp1:hr>167</tp1:hr>
</tp1:TrackPointExtension>
</extensions>
</trkpt>
<trkpt lat="58.24503637" lon="15.27966172">
<ele>129.3</ele>
<time>2026-09-06T10:29:45Z</time>
<extensions>
<tp1:TrackPointExtension>
<tp1:hr>168</tp1:hr>
</tp1:TrackPointExtension>
</extensions>
</trkpt>
<trkpt lat="58.24506277" lon="15.27966022">
<ele>129.3</ele>
<time>2026-09-06T10:29:46Z</time>
<extensions>
<tp1:TrackPointExtension>
<tp1:hr>168</tp1:hr>
</tp1:TrackPointExtension>
</extensions>
</trkpt>
<trkpt lat="58.24509211" lon="15.27966307">
<ele>128.9</ele>
<time>2026-09-06T10:29:47Z</time>
<extensions>
<tp1:TrackPointExtension>
<tp1:hr>168</tp1:hr>
</tp1:TrackPointExtension>
</extensions>
</trkpt>
<trkpt lat="58.24510619" lon="15.27965058">
<ele>128.8</ele>
<time>2026-09-06T10:29:48Z</time>
<extensions>
<tp1:TrackPointExtension>
<tp1:hr>168</tp1:hr>
</tp1:TrackPointExtension>
</extensions>
</trkpt>
<trkpt lat="58.24512932" lon="15.27965552">
<ele>128.8</ele>
<time>2026-09-06T10:29:49Z</time>
<extensions>
<tp1:TrackPointExtension>
<tp1:hr>168</tp1:hr>
</tp1:TrackPointExtension>
</extensions>
</trkpt>
<trkpt lat="58.24515271" lon="15.27967354">
<ele>129.0</ele>
<time>2026-09-06T10:29:50Z</time>
<extensions>
<tp1:TrackPointExtension>
<tp1:hr>168</tp1:hr>
</tp1:TrackPointExtension>
</extensions>
</trkpt>
<trkpt lat="58.24518104" lon="15.27968184">
<ele>129.0</ele>
<time>2026-09-06T10:29:51Z</time>
<extensions>
<tp1:TrackPointExtension>
<tp1:hr>167</tp1:hr>
</tp1:TrackPointExtension>
</extensions>
</trkpt>
<trkpt lat="58.24520191" lon="15.27967807">
<ele>129.4</ele>
<time>2026-09-06T10:29:52Z</time>
<extensions>
<tp1:TrackPointExtension>
<tp1:hr>167</tp1:hr>
</tp1:TrackPointExtension>
</extensions>
</trkpt>
<trkpt lat="58.24521532" lon="15.27969081">
<ele>129.6</ele>
<time>2026-09-06T10:29:53Z</time>
<extensions>
<tp1:TrackPointExtension>
<tp1:hr>167</tp1:hr>
</tp1:TrackPointExtension>
</extensions>
</trkpt>
<trkpt lat="58.24522991" lon="15.27968955">
<ele>130.0</ele>
<time>2026-09-06T10:29:54Z</time>
<extensions>
<tp1:TrackPointExtension>
<tp1:hr>166</tp1:hr>
</tp1:TrackPointExtension>
</extensions>
</trkpt>
<trkpt lat="58.24524282" lon="15.2796722">
<ele>130.2</ele>
<time>2026-09-06T10:29:55Z</time>
<extensions>
<tp1:TrackPointExtension>
<tp1:hr>166</tp1:hr>
</tp1:TrackPointExtension>
</extensions>
</trkpt>
<trkpt lat="58.24525044" lon="15.27966298">
<ele>130.4</ele>
<time>2026-09-06T10:29:56Z</time>
<extensions>
<tp1:TrackPointExtension>
<tp1:hr>166</tp1:hr>
</tp1:TrackPointExtension>
</extensions>
</trkpt>
<trkpt lat="58.24526905" lon="15.2796551">
<ele>130.6</ele>
<time>2026-09-06T10:29:57Z</time>
<extensions>
<tp1:TrackPointExtension>
<tp1:hr>166</tp1:hr>
</tp1:TrackPointExtension>
</extensions>
</trkpt>
<trkpt lat="58.24527794" lon="15.2796432">
<ele>130.8</ele>
<time>2026-09-06T10:29:58Z</time>
<extensions>
<tp1:TrackPointExtension>
<tp1:hr>165</tp1:hr>
</tp1:TrackPointExtension>
</extensions>
</trkpt>
<trkpt lat="58.24528967" lon="15.27962702">
<ele>131.0</ele>
<time>2026-09-06T10:29:59Z</time>
<extensions>
<tp1:TrackPointExtension>
<tp1:hr>165</tp1:hr>
</tp1:TrackPointExtension>
</extensions>
</trkpt>
<trkpt lat="58.24529646" lon="15.27959961">
<ele>131.0</ele>
<time>2026-09-06T10:30:00Z</time>
<extensions>
<tp1:TrackPointExtension>
<tp1:hr>165</tp1:hr>
</tp1:TrackPointExtension>
</extensions>
</trkpt>
<trkpt lat="58.24532068" lon="15.2795909">
<ele>131.0</ele>
<time>2026-09-06T10:30:01Z</time>
<extensions>
<tp1:TrackPointExtension>
<tp1:hr>166</tp1:hr>
</tp1:TrackPointExtension>
</extensions>
</trkpt>
<trkpt lat="58.24534935" lon="15.27955108">
<ele>131.2</ele>
<time>2026-09-06T10:30:02Z</time>
<extensions>
<tp1:TrackPointExtension>
<tp1:hr>165</tp1:hr>
</tp1:TrackPointExtension>
</extensions>
</trkpt>
<trkpt lat="58.24537475" lon="15.27952376">
<ele>131.2</ele>
<time>2026-09-06T10:30:03Z</time>
<extensions>
<tp1:TrackPointExtension>
<tp1:hr>165</tp1:hr>
</tp1:TrackPointExtension>
</extensions>
</trkpt>
<trkpt lat="58.24539386" lon="15.27949777">
<ele>131.2</ele>
<time>2026-09-06T10:30:04Z</time>
<extensions>
<tp1:TrackPointExtension>
<tp1:hr>166</tp1:hr>
</tp1:TrackPointExtension>
</extensions>
</trkpt>
<trkpt lat="58.24542043" lon="15.27945151">
<ele>131.2</ele>
<time>2026-09-06T10:30:05Z</time>
<extensions>
<tp1:TrackPointExtension>
<tp1:hr>166</tp1:hr>
</tp1:TrackPointExtension>
</extensions>
</trkpt>
<trkpt lat="58.24544499" lon="15.27942292">
<ele>131.2</ele>
<time>2026-09-06T10:30:06Z</time>
<extensions>
<tp1:TrackPointExtension>
<tp1:hr>167</tp1:hr>
</tp1:TrackPointExtension>
</extensions>
</trkpt>
<trkpt lat="58.24546158" lon="15.27940834">
<ele>131.2</ele>
<time>2026-09-06T10:30:07Z</time>
<extensions>
<tp1:TrackPointExtension>
<tp1:hr>167</tp1:hr>
</tp1:TrackPointExtension>
</extensions>
</trkpt>
<trkpt lat="58.24548421" lon="15.27940339">
<ele>131.0</ele>
<time>2026-09-06T10:30:08Z</time>
<extensions>
<tp1:TrackPointExtension>
<tp1:hr>167</tp1:hr>
</tp1:TrackPointExtension>
</extensions>
</trkpt>
<trkpt lat="58.24550768" lon="15.27939124">
<ele>131.2</ele>
<time>2026-09-06T10:30:09Z</time>
<extensions>
<tp1:TrackPointExtension>
<tp1:hr>167</tp1:hr>
</tp1:TrackPointExtension>
</extensions>
</trkpt>
<trkpt lat="58.24553283" lon="15.27938831">
<ele>131.2</ele>
<time>2026-09-06T10:30:10Z</time>
<extensions>
<tp1:TrackPointExtension>
<tp1:hr>167</tp1:hr>
</tp1:TrackPointExtension>
</extensions>
</trkpt>
<trkpt lat="58.24555697" lon="15.27938311">
<ele>131.2</ele>
<time>2026-09-06T10:30:11Z</time>
<extensions>
<tp1:TrackPointExtension>
<tp1:hr>167</tp1:hr>
</tp1:TrackPointExtension>
</extensions>
</trkpt>
<trkpt lat="58.24557323" lon="15.27936903">
<ele>131.2</ele>
<time>2026-09-06T10:30:12Z</time>
<extensions>
<tp1:TrackPointExtension>
<tp1:hr>167</tp1:hr>
</tp1:TrackPointExtension>
</extensions>
</trkpt>
<trkpt lat="58.2455801" lon="15.27933475">
<ele>131.2</ele>
<time>2026-09-06T10:30:13Z</time>
<extensions>
<tp1:TrackPointExtension>
<tp1:hr>166</tp1:hr>
</tp1:TrackPointExtension>
</extensions>
</trkpt>
<trkpt lat="58.2455734" lon="15.27929929">
<ele>131.0</ele>
<time>2026-09-06T10:30:14Z</time>
<extensions>
<tp1:TrackPointExtension>
<tp1:hr>166</tp1:hr>
</tp1:TrackPointExtension>
</extensions>
</trkpt>
<trkpt lat="58.24557457" lon="15.27927549">
<ele>130.8</ele>
<time>2026-09-06T10:30:15Z</time>
<extensions>
<tp1:TrackPointExtension>
<tp1:hr>166</tp1:hr>
</tp1:TrackPointExtension>
</extensions>
</trkpt>
<trkpt lat="58.24557859" lon="15.27927792">
<ele>130.8</ele>
<time>2026-09-06T10:30:16Z</time>
<extensions>
<tp1:TrackPointExtension>
<tp1:hr>166</tp1:hr>
</tp1:TrackPointExtension>
</extensions>
</trkpt>
<trkpt lat="58.24559444" lon="15.27928471">
<ele>130.6</ele>
<time>2026-09-06T10:30:17Z</time>
<extensions>
<tp1:TrackPointExtension>
<tp1:hr>166</tp1:hr>
</tp1:TrackPointExtension>
</extensions>
</trkpt>
<trkpt lat="58.24561271" lon="15.27927674">
<ele>130.6</ele>
<time>2026-09-06T10:30:18Z</time>
<extensions>
<tp1:TrackPointExtension>
<tp1:hr>165</tp1:hr>
</tp1:TrackPointExtension>
</extensions>
</trkpt>
<trkpt lat="58.24563534" lon="15.2792713">
<ele>130.6</ele>
<time>2026-09-06T10:30:19Z</time>
<extensions>
<tp1:TrackPointExtension>
<tp1:hr>165</tp1:hr>
</tp1:TrackPointExtension>
</extensions>
</trkpt>
<trkpt lat="58.24565814" lon="15.27926954">
<ele>130.6</ele>
<time>2026-09-06T10:30:20Z</time>
<extensions>
<tp1:TrackPointExtension>
<tp1:hr>165</tp1:hr>
</tp1:TrackPointExtension>
</extensions>
</trkpt>
<trkpt lat="58.24567884" lon="15.27926174">
<ele>130.4</ele>
<time>2026-09-06T10:30:21Z</time>
<extensions>
<tp1:TrackPointExtension>
<tp1:hr>166</tp1:hr>
</tp1:TrackPointExtension>
</extensions>
</trkpt>
<trkpt lat="58.24571924" lon="15.27925805">
<ele>130.4</ele>
<time>2026-09-06T10:30:22Z</time>
<extensions>
<tp1:TrackPointExtension>
<tp1:hr>166</tp1:hr>
</tp1:TrackPointExtension>
</extensions>
</trkpt>
<trkpt lat="58.2457485" lon="15.27925503">
<ele>130.2</ele>
<time>2026-09-06T10:30:23Z</time>
<extensions>
<tp1:TrackPointExtension>
<tp1:hr>166</tp1:hr>
</tp1:TrackPointExtension>
</extensions>
</trkpt>
<trkpt lat="58.24578202" lon="15.279249">
<ele>130.2</ele>
<time>2026-09-06T10:30:24Z</time>
<extensions>
<tp1:TrackPointExtension>
<tp1:hr>166</tp1:hr>
</tp1:TrackPointExtension>
</extensions>
</trkpt>
<trkpt lat="58.24580692" lon="15.27925202">
<ele>130.2</ele>
<time>2026-09-06T10:30:25Z</time>
<extensions>
<tp1:TrackPointExtension>
<tp1:hr>166</tp1:hr>
</tp1:TrackPointExtension>
</extensions>
</trkpt>
<trkpt lat="58.24583441" lon="15.27924942">
<ele>130.4</ele>
<time>2026-09-06T10:30:26Z</time>
<extensions>
<tp1:TrackPointExtension>
<tp1:hr>166</tp1:hr>
</tp1:TrackPointExtension>
</extensions>
</trkpt>
<trkpt lat="58.24586567" lon="15.27925042">
<ele>130.4</ele>
<time>2026-09-06T10:30:27Z</time>
<extensions>
<tp1:TrackPointExtension>
<tp1:hr>167</tp1:hr>
</tp1:TrackPointExtension>
</extensions>
</trkpt>
<trkpt lat="58.24590155" lon="15.27924405">
<ele>130.4</ele>
<time>2026-09-06T10:30:28Z</time>
<extensions>
<tp1:TrackPointExtension>
<tp1:hr>166</tp1:hr>
</tp1:TrackPointExtension>
</extensions>
</trkpt>
<trkpt lat="58.24593826" lon="15.27923165">
<ele>130.4</ele>
<time>2026-09-06T10:30:29Z</time>
<extensions>
<tp1:TrackPointExtension>
<tp1:hr>166</tp1:hr>
</tp1:TrackPointExtension>
</extensions>
</trkpt>
<trkpt lat="58.24596919" lon="15.27922042">
<ele>130.2</ele>
<time>2026-09-06T10:30:30Z</time>
<extensions>
<tp1:TrackPointExtension>
<tp1:hr>165</tp1:hr>
</tp1:TrackPointExtension>
</extensions>
</trkpt>
<trkpt lat="58.24599861" lon="15.27920441">
<ele>130.2</ele>
<time>2026-09-06T10:30:31Z</time>
<extensions>
<tp1:TrackPointExtension>
<tp1:hr>165</tp1:hr>
</tp1:TrackPointExtension>
</extensions>
</trkpt>
<trkpt lat="58.24602543" lon="15.27919158">
<ele>130.0</ele>
<time>2026-09-06T10:30:32Z</time>
<extensions>
<tp1:TrackPointExtension>
<tp1:hr>165</tp1:hr>
</tp1:TrackPointExtension>
</extensions>
</trkpt>
<trkpt lat="58.24605242" lon="15.27917935">
<ele>129.8</ele>
<time>2026-09-06T10:30:33Z</time>
<extensions>
<tp1:TrackPointExtension>
<tp1:hr>165</tp1:hr>
</tp1:TrackPointExtension>
</extensions>
</trkpt>
<trkpt lat="58.24608084" lon="15.27915596">
<ele>129.8</ele>
<time>2026-09-06T10:30:34Z</time>
<extensions>
<tp1:TrackPointExtension>
<tp1:hr>166</tp1:hr>
</tp1:TrackPointExtension>
</extensions>
</trkpt>
<trkpt lat="58.24610976" lon="15.27911975">
<ele>129.4</ele>
<time>2026-09-06T10:30:35Z</time>
<extensions>
<tp1:TrackPointExtension>
<tp1:hr>165</tp1:hr>
</tp1:TrackPointExtension>
</extensions>
</trkpt>
<trkpt lat="58.24613691" lon="15.27908631">
<ele>129.2</ele>
<time>2026-09-06T10:30:36Z</time>
<extensions>
<tp1:TrackPointExtension>
<tp1:hr>165</tp1:hr>
</tp1:TrackPointExtension>
</extensions>
</trkpt>
<trkpt lat="58.24616365" lon="15.27904834">
<ele>129.0</ele>
<time>2026-09-06T10:30:37Z</time>
<extensions>
<tp1:TrackPointExtension>
<tp1:hr>165</tp1:hr>
</tp1:TrackPointExtension>
</extensions>
</trkpt>
<trkpt lat="58.2461929" lon="15.27900542">
<ele>129.0</ele>
<time>2026-09-06T10:30:38Z</time>
<extensions>
<tp1:TrackPointExtension>
<tp1:hr>164</tp1:hr>
</tp1:TrackPointExtension>
</extensions>
</trkpt>
<trkpt lat="58.24620958" lon="15.27897466">
<ele>128.8</ele>
<time>2026-09-06T10:30:39Z</time>
<extensions>
<tp1:TrackPointExtension>
<tp1:hr>164</tp1:hr>
</tp1:TrackPointExtension>
</extensions>
</trkpt>
<trkpt lat="58.24622182" lon="15.27893317">
<ele>128.8</ele>
<time>2026-09-06T10:30:40Z</time>
<extensions>
<tp1:TrackPointExtension>
<tp1:hr>165</tp1:hr>
</tp1:TrackPointExtension>
</extensions>
</trkpt>
<trkpt lat="58.24622895" lon="15.27888816">
<ele>129.0</ele>
<time>2026-09-06T10:30:41Z</time>
<extensions>
<tp1:TrackPointExtension>
<tp1:hr>165</tp1:hr>
</tp1:TrackPointExtension>
</extensions>
</trkpt>
<trkpt lat="58.24624118" lon="15.27885145">
<ele>129.6</ele>
<time>2026-09-06T10:30:42Z</time>
<extensions>
<tp1:TrackPointExtension>
<tp1:hr>165</tp1:hr>
</tp1:TrackPointExtension>
</extensions>
</trkpt>
<trkpt lat="58.24625208" lon="15.27883778">
<ele>130.2</ele>
<time>2026-09-06T10:30:43Z</time>
<extensions>
<tp1:TrackPointExtension>
<tp1:hr>165</tp1:hr>
</tp1:TrackPointExtension>
</extensions>
</trkpt>
<trkpt lat="58.24626792" lon="15.2788284">
<ele>131.0</ele>
<time>2026-09-06T10:30:44Z</time>
<extensions>
<tp1:TrackPointExtension>
<tp1:hr>164</tp1:hr>
</tp1:TrackPointExtension>
</extensions>
</trkpt>
<trkpt lat="58.24628921" lon="15.27881524">
<ele>131.6</ele>
<time>2026-09-06T10:30:45Z</time>
<extensions>
<tp1:TrackPointExtension>
<tp1:hr>164</tp1:hr>
</tp1:TrackPointExtension>
</extensions>
</trkpt>
<trkpt lat="58.24629961" lon="15.27881163">
<ele>132.4</ele>
<time>2026-09-06T10:30:46Z</time>
<extensions>
<tp1:TrackPointExtension>
<tp1:hr>164</tp1:hr>
</tp1:TrackPointExtension>
</extensions>
</trkpt>
<trkpt lat="58.24630204" lon="15.2787771">
<ele>132.8</ele>
<time>2026-09-06T10:30:47Z</time>
<extensions>
<tp1:TrackPointExtension>
<tp1:hr>164</tp1:hr>
</tp1:TrackPointExtension>
</extensions>
</trkpt>
<trkpt lat="58.24629659" lon="15.27877106">
<ele>133.0</ele>
<time>2026-09-06T10:30:48Z</time>
<extensions>
<tp1:TrackPointExtension>
<tp1:hr>165</tp1:hr>
</tp1:TrackPointExtension>
</extensions>
</trkpt>
<trkpt lat="58.24628863" lon="15.27874189">
<ele>133.4</ele>
<time>2026-09-06T10:30:49Z</time>
<extensions>
<tp1:TrackPointExtension>
<tp1:hr>165</tp1:hr>
</tp1:TrackPointExtension>
</extensions>
</trkpt>
<trkpt lat="58.24627999" lon="15.2787165">
<ele>133.4</ele>
<time>2026-09-06T10:30:50Z</time>
<extensions>
<tp1:TrackPointExtension>
<tp1:hr>166</tp1:hr>
</tp1:TrackPointExtension>
</extensions>
</trkpt>
<trkpt lat="58.24629215" lon="15.27867895">
<ele>133.8</ele>
<time>2026-09-06T10:30:51Z</time>
<extensions>
<tp1:TrackPointExtension>
<tp1:hr>166</tp1:hr>
</tp1:TrackPointExtension>
</extensions>
</trkpt>
<trkpt lat="58.24630673" lon="15.27866252">
<ele>134.2</ele>
<time>2026-09-06T10:30:52Z</time>
<extensions>
<tp1:TrackPointExtension>
<tp1:hr>165</tp1:hr>
</tp1:TrackPointExtension>
</extensions>
</trkpt>
<trkpt lat="58.24630179" lon="15.2786543">
<ele>134.6</ele>
<time>2026-09-06T10:30:53Z</time>
<extensions>
<tp1:TrackPointExtension>
<tp1:hr>165</tp1:hr>
</tp1:TrackPointExtension>
</extensions>
</trkpt>
<trkpt lat="58.24629416" lon="15.27863762">
<ele>135.0</ele>
<time>2026-09-06T10:30:54Z</time>
<extensions>
<tp1:TrackPointExtension>
<tp1:hr>166</tp1:hr>
</tp1:TrackPointExtension>
</extensions>
</trkpt>
<trkpt lat="58.2462903" lon="15.27857903">
<ele>135.2</ele>
<time>2026-09-06T10:30:55Z</time>
<extensions>
<tp1:TrackPointExtension>
<tp1:hr>166</tp1:hr>
</tp1:TrackPointExtension>
</extensions>
</trkpt>
<trkpt lat="58.24629768" lon="15.27852933">
<ele>135.4</ele>
<time>2026-09-06T10:30:56Z</time>
<extensions>
<tp1:TrackPointExtension>
<tp1:hr>166</tp1:hr>
</tp1:TrackPointExtension>
</extensions>
</trkpt>
<trkpt lat="58.24630086" lon="15.2784844">
<ele>135.6</ele>
<time>2026-09-06T10:30:57Z</time>
<extensions>
<tp1:TrackPointExtension>
<tp1:hr>166</tp1:hr>
</tp1:TrackPointExtension>
</extensions>
</trkpt>
<trkpt lat="58.24631461" lon="15.2784497">
<ele>135.6</ele>
<time>2026-09-06T10:30:58Z</time>
<extensions>
<tp1:TrackPointExtension>
<tp1:hr>166</tp1:hr>
</tp1:TrackPointExtension>
</extensions>
</trkpt>
<trkpt lat="58.24632886" lon="15.27841827">
<ele>135.6</ele>
<time>2026-09-06T10:30:59Z</time>
<extensions>
<tp1:TrackPointExtension>
<tp1:hr>166</tp1:hr>
</tp1:TrackPointExtension>
</extensions>
</trkpt>
<trkpt lat="58.24634889" lon="15.27838533">
<ele>135.8</ele>
<time>2026-09-06T10:31:00Z</time>
<extensions>
<tp1:TrackPointExtension>
<tp1:hr>167</tp1:hr>
</tp1:TrackPointExtension>
</extensions>
</trkpt>
<trkpt lat="58.24636951" lon="15.27834317">
<ele>135.6</ele>
<time>2026-09-06T10:31:01Z</time>
<extensions>
<tp1:TrackPointExtension>
<tp1:hr>167</tp1:hr>
</tp1:TrackPointExtension>
</extensions>
</trkpt>
<trkpt lat="58.24637923" lon="15.27829992">
<ele>135.6</ele>
<time>2026-09-06T10:31:02Z</time>
<extensions>
<tp1:TrackPointExtension>
<tp1:hr>167</tp1:hr>
</tp1:TrackPointExtension>
</extensions>
</trkpt>
<trkpt lat="58.24638175" lon="15.27825977">
<ele>135.6</ele>
<time>2026-09-06T10:31:03Z</time>
<extensions>
<tp1:TrackPointExtension>
<tp1:hr>167</tp1:hr>
</tp1:TrackPointExtension>
</extensions>
</trkpt>
<trkpt lat="58.24638275" lon="15.27823001">
<ele>135.8</ele>
<time>2026-09-06T10:31:04Z</time>
<extensions>
<tp1:TrackPointExtension>
<tp1:hr>168</tp1:hr>
</tp1:TrackPointExtension>
</extensions>
</trkpt>
<trkpt lat="58.24638183" lon="15.27816765">
<ele>135.8</ele>
<time>2026-09-06T10:31:05Z</time>
<extensions>
<tp1:TrackPointExtension>
<tp1:hr>167</tp1:hr>
</tp1:TrackPointExtension>
</extensions>
</trkpt>
<trkpt lat="58.24637823" lon="15.27809523">
<ele>135.6</ele>
<time>2026-09-06T10:31:06Z</time>
<extensions>
<tp1:TrackPointExtension>
<tp1:hr>168</tp1:hr>
</tp1:TrackPointExtension>
</extensions>
</trkpt>
<trkpt lat="58.24637479" lon="15.27804326">
<ele>135.2</ele>
<time>2026-09-06T10:31:07Z</time>
<extensions>
<tp1:TrackPointExtension>
<tp1:hr>168</tp1:hr>
</tp1:TrackPointExtension>
</extensions>
</trkpt>
<trkpt lat="58.24637915" lon="15.27799096">
<ele>135.0</ele>
<time>2026-09-06T10:31:08Z</time>
<extensions>
<tp1:TrackPointExtension>
<tp1:hr>169</tp1:hr>
</tp1:TrackPointExtension>
</extensions>
</trkpt>
<trkpt lat="58.24640044" lon="15.27793011">
<ele>134.8</ele>
<time>2026-09-06T10:31:09Z</time>
<extensions>
<tp1:TrackPointExtension>
<tp1:hr>168</tp1:hr>
</tp1:TrackPointExtension>
</extensions>
</trkpt>
<trkpt lat="58.24639893" lon="15.27788359">
<ele>134.6</ele>
<time>2026-09-06T10:31:10Z</time>
<extensions>
<tp1:TrackPointExtension>
<tp1:hr>168</tp1:hr>
</tp1:TrackPointExtension>
</extensions>
</trkpt>
<trkpt lat="58.24640136" lon="15.27784134">
<ele>134.4</ele>
<time>2026-09-06T10:31:11Z</time>
<extensions>
<tp1:TrackPointExtension>
<tp1:hr>168</tp1:hr>
</tp1:TrackPointExtension>
</extensions>
</trkpt>
<trkpt lat="58.24639969" lon="15.27778594">
<ele>134.4</ele>
<time>2026-09-06T10:31:12Z</time>
<extensions>
<tp1:TrackPointExtension>
<tp1:hr>168</tp1:hr>
</tp1:TrackPointExtension>
</extensions>
</trkpt>
<trkpt lat="58.24639985" lon="15.27771419">
<ele>134.4</ele>
<time>2026-09-06T10:31:13Z</time>
<extensions>
<tp1:TrackPointExtension>
<tp1:hr>168</tp1:hr>
</tp1:TrackPointExtension>
</extensions>
</trkpt>
<trkpt lat="58.24640765" lon="15.27764789">
<ele>134.4</ele>
<time>2026-09-06T10:31:14Z</time>
<extensions>
<tp1:TrackPointExtension>
<tp1:hr>168</tp1:hr>
</tp1:TrackPointExtension>
</extensions>
</trkpt>
<trkpt lat="58.2464198" lon="15.27759609">
<ele>134.4</ele>
<time>2026-09-06T10:31:15Z</time>
<extensions>
<tp1:TrackPointExtension>
<tp1:hr>168</tp1:hr>
</tp1:TrackPointExtension>
</extensions>
</trkpt>
<trkpt lat="58.24643238" lon="15.27753666">
<ele>134.2</ele>
<time>2026-09-06T10:31:16Z</time>
<extensions>
<tp1:TrackPointExtension>
<tp1:hr>168</tp1:hr>
</tp1:TrackPointExtension>
</extensions>
</trkpt>
<trkpt lat="58.24647688" lon="15.27750582">
<ele>133.8</ele>
<time>2026-09-06T10:31:17Z</time>
<extensions>
<tp1:TrackPointExtension>
<tp1:hr>168</tp1:hr>
</tp1:TrackPointExtension>
</extensions>
</trkpt>
<trkpt lat="58.24651117" lon="15.27747371">
<ele>133.4</ele>
<time>2026-09-06T10:31:18Z</time>
<extensions>
<tp1:TrackPointExtension>
<tp1:hr>168</tp1:hr>
</tp1:TrackPointExtension>
</extensions>
</trkpt>
<trkpt lat="58.24653991" lon="15.2774396">
<ele>132.8</ele>
<time>2026-09-06T10:31:19Z</time>
<extensions>
<tp1:TrackPointExtension>
<tp1:hr>168</tp1:hr>
</tp1:TrackPointExtension>
</extensions>
</trkpt>
<trkpt lat="58.2465638" lon="15.27737103">
<ele>132.4</ele>
<time>2026-09-06T10:31:20Z</time>
<extensions>
<tp1:TrackPointExtension>
<tp1:hr>168</tp1:hr>
</tp1:TrackPointExtension>
</extensions>
</trkpt>
<trkpt lat="58.24657797" lon="15.27732384">
<ele>132.4</ele>
<time>2026-09-06T10:31:21Z</time>
<extensions>
<tp1:TrackPointExtension>
<tp1:hr>168</tp1:hr>
</tp1:TrackPointExtension>
</extensions>
</trkpt>
<trkpt lat="58.24660253" lon="15.27726852">
<ele>132.2</ele>
<time>2026-09-06T10:31:22Z</time>
<extensions>
<tp1:TrackPointExtension>
<tp1:hr>168</tp1:hr>
</tp1:TrackPointExtension>
</extensions>
</trkpt>
<trkpt lat="58.24662784" lon="15.27720985">
<ele>132.4</ele>
<time>2026-09-06T10:31:23Z</time>
<extensions>
<tp1:TrackPointExtension>
<tp1:hr>168</tp1:hr>
</tp1:TrackPointExtension>
</extensions>
</trkpt>
<trkpt lat="58.24664947" lon="15.27716769">
<ele>132.6</ele>
<time>2026-09-06T10:31:24Z</time>
<extensions>
<tp1:TrackPointExtension>
<tp1:hr>168</tp1:hr>
</tp1:TrackPointExtension>
</extensions>
</trkpt>
<trkpt lat="58.24666724" lon="15.27710365">
<ele>132.8</ele>
<time>2026-09-06T10:31:25Z</time>
<extensions>
<tp1:TrackPointExtension>
<tp1:hr>167</tp1:hr>
</tp1:TrackPointExtension>
</extensions>
</trkpt>
<trkpt lat="58.2466845" lon="15.27703484">
<ele>133.0</ele>
<time>2026-09-06T10:31:26Z</time>
<extensions>
<tp1:TrackPointExtension>
<tp1:hr>167</tp1:hr>
</tp1:TrackPointExtension>
</extensions>
</trkpt>
<trkpt lat="58.24668635" lon="15.27698471">
<ele>132.8</ele>
<time>2026-09-06T10:31:27Z</time>
<extensions>
<tp1:TrackPointExtension>
<tp1:hr>167</tp1:hr>
</tp1:TrackPointExtension>
</extensions>
</trkpt>
<trkpt lat="58.2466933" lon="15.27692671">
<ele>132.0</ele>
<time>2026-09-06T10:31:28Z</time>
<extensions>
<tp1:TrackPointExtension>
<tp1:hr>168</tp1:hr>
</tp1:TrackPointExtension>
</extensions>
</trkpt>
<trkpt lat="58.24670093" lon="15.27686359">
<ele>131.6</ele>
<time>2026-09-06T10:31:29Z</time>
<extensions>
<tp1:TrackPointExtension>
<tp1:hr>168</tp1:hr>
</tp1:TrackPointExtension>
</extensions>
</trkpt>
<trkpt lat="58.24670261" lon="15.27679763">
<ele>130.8</ele>
<time>2026-09-06T10:31:30Z</time>
<extensions>
<tp1:TrackPointExtension>
<tp1:hr>168</tp1:hr>
</tp1:TrackPointExtension>
</extensions>
</trkpt>
<trkpt lat="58.24669993" lon="15.27674583">
<ele>130.4</ele>
<time>2026-09-06T10:31:31Z</time>
<extensions>
<tp1:TrackPointExtension>
<tp1:hr>167</tp1:hr>
</tp1:TrackPointExtension>
</extensions>
</trkpt>
<trkpt lat="58.2466954" lon="15.27669193">
<ele>130.2</ele>
<time>2026-09-06T10:31:32Z</time>
<extensions>
<tp1:TrackPointExtension>
<tp1:hr>167</tp1:hr>
</tp1:TrackPointExtension>
</extensions>
</trkpt>
<trkpt lat="58.24668853" lon="15.27664776">
<ele>129.8</ele>
<time>2026-09-06T10:31:33Z</time>
<extensions>
<tp1:TrackPointExtension>
<tp1:hr>167</tp1:hr>
</tp1:TrackPointExtension>
</extensions>
</trkpt>
<trkpt lat="58.24668568" lon="15.27659202">
<ele>129.4</ele>
<time>2026-09-06T10:31:34Z</time>
<extensions>
<tp1:TrackPointExtension>
<tp1:hr>167</tp1:hr>
</tp1:TrackPointExtension>
</extensions>
</trkpt>
<trkpt lat="58.24669297" lon="15.27652723">
<ele>129.2</ele>
<time>2026-09-06T10:31:35Z</time>
<extensions>
<tp1:TrackPointExtension>
<tp1:hr>167</tp1:hr>
</tp1:TrackPointExtension>
</extensions>
</trkpt>
<trkpt lat="58.24669842" lon="15.27645472">
<ele>128.6</ele>
<time>2026-09-06T10:31:36Z</time>
<extensions>
<tp1:TrackPointExtension>
<tp1:hr>168</tp1:hr>
</tp1:TrackPointExtension>
</extensions>
</trkpt>
<trkpt lat="58.24671786" lon="15.27640167">
<ele>128.0</ele>
<time>2026-09-06T10:31:37Z</time>
<extensions>
<tp1:TrackPointExtension>
<tp1:hr>167</tp1:hr>
</tp1:TrackPointExtension>
</extensions>
</trkpt>
<trkpt lat="58.24675525" lon="15.27631751">
<ele>127.4</ele>
<time>2026-09-06T10:31:38Z</time>
<extensions>
<tp1:TrackPointExtension>
<tp1:hr>167</tp1:hr>
</tp1:TrackPointExtension>
</extensions>
</trkpt>
<trkpt lat="58.24678316" lon="15.27625331">
<ele>126.6</ele>
<time>2026-09-06T10:31:39Z</time>
<extensions>
<tp1:TrackPointExtension>
<tp1:hr>168</tp1:hr>
</tp1:TrackPointExtension>
</extensions>
</trkpt>
<trkpt lat="58.24682104" lon="15.27617075">
<ele>126.4</ele>
<time>2026-09-06T10:31:40Z</time>
<extensions>
<tp1:TrackPointExtension>
<tp1:hr>168</tp1:hr>
</tp1:TrackPointExtension>
</extensions>
</trkpt>
<trkpt lat="58.24684837" lon="15.27610436">
<ele>126.2</ele>
<time>2026-09-06T10:31:41Z</time>
<extensions>
<tp1:TrackPointExtension>
<tp1:hr>168</tp1:hr>
</tp1:TrackPointExtension>
</extensions>
</trkpt>
<trkpt lat="58.24689036" lon="15.27601032">
<ele>126.0</ele>
<time>2026-09-06T10:31:42Z</time>
<extensions>
<tp1:TrackPointExtension>
<tp1:hr>168</tp1:hr>
</tp1:TrackPointExtension>
</extensions>
</trkpt>
<trkpt lat="58.24691844" lon="15.27593966">
<ele>125.8</ele>
<time>2026-09-06T10:31:43Z</time>
<extensions>
<tp1:TrackPointExtension>
<tp1:hr>167</tp1:hr>
</tp1:TrackPointExtension>
</extensions>
</trkpt>
<trkpt lat="58.24695683" lon="15.27585081">
<ele>125.8</ele>
<time>2026-09-06T10:31:44Z</time>
<extensions>
<tp1:TrackPointExtension>
<tp1:hr>168</tp1:hr>
</tp1:TrackPointExtension>
</extensions>
</trkpt>
<trkpt lat="58.24698315" lon="15.27578484">
<ele>125.6</ele>
<time>2026-09-06T10:31:45Z</time>
<extensions>
<tp1:TrackPointExtension>
<tp1:hr>168</tp1:hr>
</tp1:TrackPointExtension>
</extensions>
</trkpt>
<trkpt lat="58.24701626" lon="15.27571226">
<ele>125.4</ele>
<time>2026-09-06T10:31:46Z</time>
<extensions>
<tp1:TrackPointExtension>
<tp1:hr>168</tp1:hr>
</tp1:TrackPointExtension>
</extensions>
</trkpt>
<trkpt lat="58.24704241" lon="15.27564051">
<ele>125.6</ele>
<time>2026-09-06T10:31:47Z</time>
<extensions>
<tp1:TrackPointExtension>
<tp1:hr>169</tp1:hr>
</tp1:TrackPointExtension>
</extensions>
</trkpt>
<trkpt lat="58.24706948" lon="15.27556616">
<ele>125.8</ele>
<time>2026-09-06T10:31:48Z</time>
<extensions>
<tp1:TrackPointExtension>
<tp1:hr>170</tp1:hr>
</tp1:TrackPointExtension>
</extensions>
</trkpt>
<trkpt lat="58.24709874" lon="15.27549072">
<ele>126.0</ele>
<time>2026-09-06T10:31:49Z</time>
<extensions>
<tp1:TrackPointExtension>
<tp1:hr>171</tp1:hr>
</tp1:TrackPointExtension>
</extensions>
</trkpt>
<trkpt lat="58.24712095" lon="15.2754266">
<ele>126.4</ele>
<time>2026-09-06T10:31:50Z</time>
<extensions>
<tp1:TrackPointExtension>
<tp1:hr>172</tp1:hr>
</tp1:TrackPointExtension>
</extensions>
</trkpt>
<trkpt lat="58.24716034" lon="15.27534504">
<ele>126.6</ele>
<time>2026-09-06T10:31:51Z</time>
<extensions>
<tp1:TrackPointExtension>
<tp1:hr>173</tp1:hr>
</tp1:TrackPointExtension>
</extensions>
</trkpt>
<trkpt lat="58.24718188" lon="15.2752935">
<ele>126.8</ele>
<time>2026-09-06T10:31:52Z</time>
<extensions>
<tp1:TrackPointExtension>
<tp1:hr>173</tp1:hr>
</tp1:TrackPointExtension>
</extensions>
</trkpt>
<trkpt lat="58.24721969" lon="15.27523239">
<ele>127.2</ele>
<time>2026-09-06T10:31:53Z</time>
<extensions>
<tp1:TrackPointExtension>
<tp1:hr>173</tp1:hr>
</tp1:TrackPointExtension>
</extensions>
</trkpt>
<trkpt lat="58.24724886" lon="15.27518135">
<ele>127.4</ele>
<time>2026-09-06T10:31:54Z</time>
<extensions>
<tp1:TrackPointExtension>
<tp1:hr>172</tp1:hr>
</tp1:TrackPointExtension>
</extensions>
</trkpt>
<trkpt lat="58.24728054" lon="15.27512728">
<ele>127.8</ele>
<time>2026-09-06T10:31:55Z</time>
<extensions>
<tp1:TrackPointExtension>
<tp1:hr>171</tp1:hr>
</tp1:TrackPointExtension>
</extensions>
</trkpt>
<trkpt lat="58.24730669" lon="15.27508252">
<ele>128.0</ele>
<time>2026-09-06T10:31:56Z</time>
<extensions>
<tp1:TrackPointExtension>
<tp1:hr>171</tp1:hr>
</tp1:TrackPointExtension>
</extensions>
</trkpt>
<trkpt lat="58.24733905" lon="15.27503257">
<ele>128.4</ele>
<time>2026-09-06T10:31:57Z</time>
<extensions>
<tp1:TrackPointExtension>
<tp1:hr>172</tp1:hr>
</tp1:TrackPointExtension>
</extensions>
</trkpt>
<trkpt lat="58.24736285" lon="15.27498362">
<ele>128.8</ele>
<time>2026-09-06T10:31:58Z</time>
<extensions>
<tp1:TrackPointExtension>
<tp1:hr>172</tp1:hr>
</tp1:TrackPointExtension>
</extensions>
</trkpt>
<trkpt lat="58.24739311" lon="15.27492779">
<ele>128.8</ele>
<time>2026-09-06T10:31:59Z</time>
<extensions>
<tp1:TrackPointExtension>
<tp1:hr>173</tp1:hr>
</tp1:TrackPointExtension>
</extensions>
</trkpt>
<trkpt lat="58.24740862" lon="15.27488957">
<ele>129.0</ele>
<time>2026-09-06T10:32:00Z</time>
<extensions>
<tp1:TrackPointExtension>
<tp1:hr>173</tp1:hr>
</tp1:TrackPointExtension>
</extensions>
</trkpt>
<trkpt lat="58.2474201" lon="15.27486795">
<ele>129.0</ele>
<time>2026-09-06T10:32:01Z</time>
<extensions>
<tp1:TrackPointExtension>
<tp1:hr>173</tp1:hr>
</tp1:TrackPointExtension>
</extensions>
</trkpt>
<trkpt lat="58.24743024" lon="15.27485789">
<ele>128.8</ele>
<time>2026-09-06T10:32:02Z</time>
<extensions>
<tp1:TrackPointExtension>
<tp1:hr>173</tp1:hr>
</tp1:TrackPointExtension>
</extensions>
</trkpt>
</trkseg>
</trk>
</gpx>

