<?xml version="1.0" encoding="UTF-8" ?>
<gpx xmlns="http://www.topografix.com/GPX/1/1" version="1.1" creator="Attackpoint - http://www.attackpoint.org" xmlns:xsi="http://www.w3.org/2001/XMLSchema-instance" xmlns:tp1="http://www.garmin.com/xmlschemas/TrackPointExtension/v1" xsi:schemaLocation="http://www.topografix.com/GPX/1/1 http://www.topografix.com/GPX/1/1/gpx.xsd http://www.garmin.com/xmlschemas/TrackPointExtension/v1 http://www.garmin.com/xmlschemas/TrackPointExtensionv1.xsd">
<trk>
<trkseg>
<trkpt lat="58.6326802" lon="16.79296388">
<ele>36.3</ele>
<time>2026-03-22T10:52:04Z</time>
<extensions>
<tp1:TrackPointExtension>
<tp1:hr>89</tp1:hr>
</tp1:TrackPointExtension>
</extensions>
</trkpt>
<trkpt lat="58.63269294" lon="16.79297268">
<ele>36.3</ele>
<time>2026-03-22T10:52:05Z</time>
<extensions>
<tp1:TrackPointExtension>
<tp1:hr>91</tp1:hr>
</tp1:TrackPointExtension>
</extensions>
</trkpt>
<trkpt lat="58.63269126" lon="16.79296061">
<ele>36.3</ele>
<time>2026-03-22T10:52:06Z</time>
<extensions>
<tp1:TrackPointExtension>
<tp1:hr>91</tp1:hr>
</tp1:TrackPointExtension>
</extensions>
</trkpt>
<trkpt lat="58.63269269" lon="16.79292549">
<ele>36.3</ele>
<time>2026-03-22T10:52:07Z</time>
<extensions>
<tp1:TrackPointExtension>
<tp1:hr>91</tp1:hr>
</tp1:TrackPointExtension>
</extensions>
</trkpt>
<trkpt lat="58.63267768" lon="16.79286975">
<ele>36.3</ele>
<time>2026-03-22T10:52:08Z</time>
<extensions>
<tp1:TrackPointExtension>
<tp1:hr>92</tp1:hr>
</tp1:TrackPointExtension>
</extensions>
</trkpt>
<trkpt lat="58.6326698" lon="16.79280429">
<ele>36.3</ele>
<time>2026-03-22T10:52:09Z</time>
<extensions>
<tp1:TrackPointExtension>
<tp1:hr>93</tp1:hr>
</tp1:TrackPointExtension>
</extensions>
</trkpt>
<trkpt lat="58.63265974" lon="16.79271092">
<ele>36.3</ele>
<time>2026-03-22T10:52:10Z</time>
<extensions>
<tp1:TrackPointExtension>
<tp1:hr>94</tp1:hr>
</tp1:TrackPointExtension>
</extensions>
</trkpt>
<trkpt lat="58.63264181" lon="16.79262224">
<ele>36.3</ele>
<time>2026-03-22T10:52:11Z</time>
<extensions>
<tp1:TrackPointExtension>
<tp1:hr>95</tp1:hr>
</tp1:TrackPointExtension>
</extensions>
</trkpt>
<trkpt lat="58.63262622" lon="16.79253263">
<ele>36.3</ele>
<time>2026-03-22T10:52:12Z</time>
<extensions>
<tp1:TrackPointExtension>
<tp1:hr>96</tp1:hr>
</tp1:TrackPointExtension>
</extensions>
</trkpt>
<trkpt lat="58.63260627" lon="16.79243666">
<ele>36.5</ele>
<time>2026-03-22T10:52:13Z</time>
<extensions>
<tp1:TrackPointExtension>
<tp1:hr>98</tp1:hr>
</tp1:TrackPointExtension>
</extensions>
</trkpt>
<trkpt lat="58.63258615" lon="16.79236231">
<ele>36.3</ele>
<time>2026-03-22T10:52:14Z</time>
<extensions>
<tp1:TrackPointExtension>
<tp1:hr>98</tp1:hr>
</tp1:TrackPointExtension>
</extensions>
</trkpt>
<trkpt lat="58.63256168" lon="16.79228302">
<ele>36.1</ele>
<time>2026-03-22T10:52:15Z</time>
<extensions>
<tp1:TrackPointExtension>
<tp1:hr>99</tp1:hr>
</tp1:TrackPointExtension>
</extensions>
</trkpt>
<trkpt lat="58.63254382" lon="16.79221102">
<ele>35.5</ele>
<time>2026-03-22T10:52:16Z</time>
<extensions>
<tp1:TrackPointExtension>
<tp1:hr>100</tp1:hr>
</tp1:TrackPointExtension>
</extensions>
</trkpt>
<trkpt lat="58.6325362" lon="16.79210491">
<ele>35.1</ele>
<time>2026-03-22T10:52:17Z</time>
<extensions>
<tp1:TrackPointExtension>
<tp1:hr>101</tp1:hr>
</tp1:TrackPointExtension>
</extensions>
</trkpt>
<trkpt lat="58.63253502" lon="16.79201916">
<ele>34.7</ele>
<time>2026-03-22T10:52:18Z</time>
<extensions>
<tp1:TrackPointExtension>
<tp1:hr>102</tp1:hr>
</tp1:TrackPointExtension>
</extensions>
</trkpt>
<trkpt lat="58.63253335" lon="16.79193081">
<ele>34.5</ele>
<time>2026-03-22T10:52:19Z</time>
<extensions>
<tp1:TrackPointExtension>
<tp1:hr>104</tp1:hr>
</tp1:TrackPointExtension>
</extensions>
</trkpt>
<trkpt lat="58.63252731" lon="16.79185244">
<ele>33.9</ele>
<time>2026-03-22T10:52:20Z</time>
<extensions>
<tp1:TrackPointExtension>
<tp1:hr>105</tp1:hr>
</tp1:TrackPointExtension>
</extensions>
</trkpt>
<trkpt lat="58.6324875" lon="16.79176795">
<ele>33.9</ele>
<time>2026-03-22T10:52:21Z</time>
<extensions>
<tp1:TrackPointExtension>
<tp1:hr>107</tp1:hr>
</tp1:TrackPointExtension>
</extensions>
</trkpt>
<trkpt lat="58.63245355" lon="16.79170308">
<ele>33.5</ele>
<time>2026-03-22T10:52:22Z</time>
<extensions>
<tp1:TrackPointExtension>
<tp1:hr>108</tp1:hr>
</tp1:TrackPointExtension>
</extensions>
</trkpt>
<trkpt lat="58.63240938" lon="16.79163451">
<ele>33.3</ele>
<time>2026-03-22T10:52:23Z</time>
<extensions>
<tp1:TrackPointExtension>
<tp1:hr>109</tp1:hr>
</tp1:TrackPointExtension>
</extensions>
</trkpt>
<trkpt lat="58.6323761" lon="16.79158213">
<ele>33.3</ele>
<time>2026-03-22T10:52:24Z</time>
<extensions>
<tp1:TrackPointExtension>
<tp1:hr>110</tp1:hr>
</tp1:TrackPointExtension>
</extensions>
</trkpt>
<trkpt lat="58.63233612" lon="16.7915284">
<ele>33.1</ele>
<time>2026-03-22T10:52:25Z</time>
<extensions>
<tp1:TrackPointExtension>
<tp1:hr>111</tp1:hr>
</tp1:TrackPointExtension>
</extensions>
</trkpt>
<trkpt lat="58.63229999" lon="16.79147903">
<ele>32.9</ele>
<time>2026-03-22T10:52:26Z</time>
<extensions>
<tp1:TrackPointExtension>
<tp1:hr>112</tp1:hr>
</tp1:TrackPointExtension>
</extensions>
</trkpt>
<trkpt lat="58.63225934" lon="16.79141642">
<ele>32.7</ele>
<time>2026-03-22T10:52:27Z</time>
<extensions>
<tp1:TrackPointExtension>
<tp1:hr>112</tp1:hr>
</tp1:TrackPointExtension>
</extensions>
</trkpt>
<trkpt lat="58.63222816" lon="16.7913704">
<ele>32.3</ele>
<time>2026-03-22T10:52:28Z</time>
<extensions>
<tp1:TrackPointExtension>
<tp1:hr>113</tp1:hr>
</tp1:TrackPointExtension>
</extensions>
</trkpt>
<trkpt lat="58.63219321" lon="16.79131466">
<ele>32.1</ele>
<time>2026-03-22T10:52:29Z</time>
<extensions>
<tp1:TrackPointExtension>
<tp1:hr>114</tp1:hr>
</tp1:TrackPointExtension>
</extensions>
</trkpt>
<trkpt lat="58.63216245" lon="16.79126814">
<ele>32.1</ele>
<time>2026-03-22T10:52:30Z</time>
<extensions>
<tp1:TrackPointExtension>
<tp1:hr>113</tp1:hr>
</tp1:TrackPointExtension>
</extensions>
</trkpt>
<trkpt lat="58.63212003" lon="16.79121852">
<ele>32.1</ele>
<time>2026-03-22T10:52:31Z</time>
<extensions>
<tp1:TrackPointExtension>
<tp1:hr>114</tp1:hr>
</tp1:TrackPointExtension>
</extensions>
</trkpt>
<trkpt lat="58.63208022" lon="16.79118642">
<ele>32.1</ele>
<time>2026-03-22T10:52:32Z</time>
<extensions>
<tp1:TrackPointExtension>
<tp1:hr>115</tp1:hr>
</tp1:TrackPointExtension>
</extensions>
</trkpt>
<trkpt lat="58.6320399" lon="16.79115465">
<ele>32.3</ele>
<time>2026-03-22T10:52:33Z</time>
<extensions>
<tp1:TrackPointExtension>
<tp1:hr>116</tp1:hr>
</tp1:TrackPointExtension>
</extensions>
</trkpt>
<trkpt lat="58.63199933" lon="16.79112691">
<ele>32.5</ele>
<time>2026-03-22T10:52:34Z</time>
<extensions>
<tp1:TrackPointExtension>
<tp1:hr>117</tp1:hr>
</tp1:TrackPointExtension>
</extensions>
</trkpt>
<trkpt lat="58.63196296" lon="16.79110603">
<ele>32.7</ele>
<time>2026-03-22T10:52:35Z</time>
<extensions>
<tp1:TrackPointExtension>
<tp1:hr>119</tp1:hr>
</tp1:TrackPointExtension>
</extensions>
</trkpt>
<trkpt lat="58.63192163" lon="16.7910886">
<ele>32.7</ele>
<time>2026-03-22T10:52:36Z</time>
<extensions>
<tp1:TrackPointExtension>
<tp1:hr>120</tp1:hr>
</tp1:TrackPointExtension>
</extensions>
</trkpt>
<trkpt lat="58.63188903" lon="16.7910979">
<ele>32.9</ele>
<time>2026-03-22T10:52:37Z</time>
<extensions>
<tp1:TrackPointExtension>
<tp1:hr>121</tp1:hr>
</tp1:TrackPointExtension>
</extensions>
</trkpt>
<trkpt lat="58.63184771" lon="16.79110335">
<ele>33.3</ele>
<time>2026-03-22T10:52:38Z</time>
<extensions>
<tp1:TrackPointExtension>
<tp1:hr>122</tp1:hr>
</tp1:TrackPointExtension>
</extensions>
</trkpt>
<trkpt lat="58.63181351" lon="16.79110788">
<ele>33.5</ele>
<time>2026-03-22T10:52:39Z</time>
<extensions>
<tp1:TrackPointExtension>
<tp1:hr>123</tp1:hr>
</tp1:TrackPointExtension>
</extensions>
</trkpt>
<trkpt lat="58.63177403" lon="16.79109128">
<ele>33.5</ele>
<time>2026-03-22T10:52:40Z</time>
<extensions>
<tp1:TrackPointExtension>
<tp1:hr>124</tp1:hr>
</tp1:TrackPointExtension>
</extensions>
</trkpt>
<trkpt lat="58.6317426" lon="16.79107636">
<ele>33.7</ele>
<time>2026-03-22T10:52:41Z</time>
<extensions>
<tp1:TrackPointExtension>
<tp1:hr>125</tp1:hr>
</tp1:TrackPointExtension>
</extensions>
</trkpt>
<trkpt lat="58.63170429" lon="16.79105591">
<ele>33.9</ele>
<time>2026-03-22T10:52:42Z</time>
<extensions>
<tp1:TrackPointExtension>
<tp1:hr>126</tp1:hr>
</tp1:TrackPointExtension>
</extensions>
</trkpt>
<trkpt lat="58.63167571" lon="16.79104635">
<ele>33.9</ele>
<time>2026-03-22T10:52:43Z</time>
<extensions>
<tp1:TrackPointExtension>
<tp1:hr>127</tp1:hr>
</tp1:TrackPointExtension>
</extensions>
</trkpt>
<trkpt lat="58.63163447" lon="16.79101911">
<ele>33.9</ele>
<time>2026-03-22T10:52:44Z</time>
<extensions>
<tp1:TrackPointExtension>
<tp1:hr>128</tp1:hr>
</tp1:TrackPointExtension>
</extensions>
</trkpt>
<trkpt lat="58.63160597" lon="16.79097553">
<ele>33.9</ele>
<time>2026-03-22T10:52:45Z</time>
<extensions>
<tp1:TrackPointExtension>
<tp1:hr>129</tp1:hr>
</tp1:TrackPointExtension>
</extensions>
</trkpt>
<trkpt lat="58.63157052" lon="16.79091945">
<ele>33.9</ele>
<time>2026-03-22T10:52:46Z</time>
<extensions>
<tp1:TrackPointExtension>
<tp1:hr>130</tp1:hr>
</tp1:TrackPointExtension>
</extensions>
</trkpt>
<trkpt lat="58.63153908" lon="16.7908752">
<ele>34.1</ele>
<time>2026-03-22T10:52:47Z</time>
<extensions>
<tp1:TrackPointExtension>
<tp1:hr>131</tp1:hr>
</tp1:TrackPointExtension>
</extensions>
</trkpt>
<trkpt lat="58.63151142" lon="16.79083245">
<ele>34.3</ele>
<time>2026-03-22T10:52:48Z</time>
<extensions>
<tp1:TrackPointExtension>
<tp1:hr>131</tp1:hr>
</tp1:TrackPointExtension>
</extensions>
</trkpt>
<trkpt lat="58.6314898" lon="16.79079507">
<ele>34.5</ele>
<time>2026-03-22T10:52:49Z</time>
<extensions>
<tp1:TrackPointExtension>
<tp1:hr>130</tp1:hr>
</tp1:TrackPointExtension>
</extensions>
</trkpt>
<trkpt lat="58.63147991" lon="16.79072256">
<ele>34.9</ele>
<time>2026-03-22T10:52:50Z</time>
<extensions>
<tp1:TrackPointExtension>
<tp1:hr>130</tp1:hr>
</tp1:TrackPointExtension>
</extensions>
</trkpt>
<trkpt lat="58.63145661" lon="16.79067596">
<ele>35.2</ele>
<time>2026-03-22T10:52:51Z</time>
<extensions>
<tp1:TrackPointExtension>
<tp1:hr>129</tp1:hr>
</tp1:TrackPointExtension>
</extensions>
</trkpt>
<trkpt lat="58.63144638" lon="16.79060312">
<ele>35.6</ele>
<time>2026-03-22T10:52:52Z</time>
<extensions>
<tp1:TrackPointExtension>
<tp1:hr>130</tp1:hr>
</tp1:TrackPointExtension>
</extensions>
</trkpt>
<trkpt lat="58.63143423" lon="16.79054017">
<ele>36.0</ele>
<time>2026-03-22T10:52:53Z</time>
<extensions>
<tp1:TrackPointExtension>
<tp1:hr>132</tp1:hr>
</tp1:TrackPointExtension>
</extensions>
</trkpt>
<trkpt lat="58.63143884" lon="16.79048628">
<ele>36.4</ele>
<time>2026-03-22T10:52:54Z</time>
<extensions>
<tp1:TrackPointExtension>
<tp1:hr>133</tp1:hr>
</tp1:TrackPointExtension>
</extensions>
</trkpt>
<trkpt lat="58.63145225" lon="16.79042551">
<ele>36.6</ele>
<time>2026-03-22T10:52:55Z</time>
<extensions>
<tp1:TrackPointExtension>
<tp1:hr>136</tp1:hr>
</tp1:TrackPointExtension>
</extensions>
</trkpt>
<trkpt lat="58.63145879" lon="16.79038276">
<ele>36.8</ele>
<time>2026-03-22T10:52:56Z</time>
<extensions>
<tp1:TrackPointExtension>
<tp1:hr>137</tp1:hr>
</tp1:TrackPointExtension>
</extensions>
</trkpt>
<trkpt lat="58.63146449" lon="16.79031596">
<ele>37.0</ele>
<time>2026-03-22T10:52:57Z</time>
<extensions>
<tp1:TrackPointExtension>
<tp1:hr>139</tp1:hr>
</tp1:TrackPointExtension>
</extensions>
</trkpt>
<trkpt lat="58.631481" lon="16.79024521">
<ele>37.0</ele>
<time>2026-03-22T10:52:58Z</time>
<extensions>
<tp1:TrackPointExtension>
<tp1:hr>140</tp1:hr>
</tp1:TrackPointExtension>
</extensions>
</trkpt>
<trkpt lat="58.63149324" lon="16.79018729">
<ele>37.4</ele>
<time>2026-03-22T10:52:59Z</time>
<extensions>
<tp1:TrackPointExtension>
<tp1:hr>141</tp1:hr>
</tp1:TrackPointExtension>
</extensions>
</trkpt>
<trkpt lat="58.63148963" lon="16.79013457">
<ele>37.8</ele>
<time>2026-03-22T10:53:00Z</time>
<extensions>
<tp1:TrackPointExtension>
<tp1:hr>143</tp1:hr>
</tp1:TrackPointExtension>
</extensions>
</trkpt>
<trkpt lat="58.63148846" lon="16.79006911">
<ele>38.0</ele>
<time>2026-03-22T10:53:01Z</time>
<extensions>
<tp1:TrackPointExtension>
<tp1:hr>144</tp1:hr>
</tp1:TrackPointExtension>
</extensions>
</trkpt>
<trkpt lat="58.63147907" lon="16.79001052">
<ele>38.0</ele>
<time>2026-03-22T10:53:02Z</time>
<extensions>
<tp1:TrackPointExtension>
<tp1:hr>145</tp1:hr>
</tp1:TrackPointExtension>
</extensions>
</trkpt>
<trkpt lat="58.63146264" lon="16.78994791">
<ele>38.0</ele>
<time>2026-03-22T10:53:03Z</time>
<extensions>
<tp1:TrackPointExtension>
<tp1:hr>146</tp1:hr>
</tp1:TrackPointExtension>
</extensions>
</trkpt>
<trkpt lat="58.63145619" lon="16.78988404">
<ele>38.2</ele>
<time>2026-03-22T10:53:04Z</time>
<extensions>
<tp1:TrackPointExtension>
<tp1:hr>147</tp1:hr>
</tp1:TrackPointExtension>
</extensions>
</trkpt>
<trkpt lat="58.63145862" lon="16.78983266">
<ele>38.2</ele>
<time>2026-03-22T10:53:05Z</time>
<extensions>
<tp1:TrackPointExtension>
<tp1:hr>148</tp1:hr>
</tp1:TrackPointExtension>
</extensions>
</trkpt>
<trkpt lat="58.63146625" lon="16.78977147">
<ele>38.2</ele>
<time>2026-03-22T10:53:06Z</time>
<extensions>
<tp1:TrackPointExtension>
<tp1:hr>149</tp1:hr>
</tp1:TrackPointExtension>
</extensions>
</trkpt>
<trkpt lat="58.63147144" lon="16.78971481">
<ele>38.4</ele>
<time>2026-03-22T10:53:07Z</time>
<extensions>
<tp1:TrackPointExtension>
<tp1:hr>148</tp1:hr>
</tp1:TrackPointExtension>
</extensions>
</trkpt>
<trkpt lat="58.63148125" lon="16.78965001">
<ele>38.4</ele>
<time>2026-03-22T10:53:08Z</time>
<extensions>
<tp1:TrackPointExtension>
<tp1:hr>147</tp1:hr>
</tp1:TrackPointExtension>
</extensions>
</trkpt>
<trkpt lat="58.63149692" lon="16.78955731">
<ele>38.2</ele>
<time>2026-03-22T10:53:09Z</time>
<extensions>
<tp1:TrackPointExtension>
<tp1:hr>147</tp1:hr>
</tp1:TrackPointExtension>
</extensions>
</trkpt>
<trkpt lat="58.63151201" lon="16.78949956">
<ele>38.2</ele>
<time>2026-03-22T10:53:10Z</time>
<extensions>
<tp1:TrackPointExtension>
<tp1:hr>146</tp1:hr>
</tp1:TrackPointExtension>
</extensions>
</trkpt>
<trkpt lat="58.6315338" lon="16.78942177">
<ele>38.0</ele>
<time>2026-03-22T10:53:11Z</time>
<extensions>
<tp1:TrackPointExtension>
<tp1:hr>146</tp1:hr>
</tp1:TrackPointExtension>
</extensions>
</trkpt>
<trkpt lat="58.63155283" lon="16.78936528">
<ele>38.0</ele>
<time>2026-03-22T10:53:12Z</time>
<extensions>
<tp1:TrackPointExtension>
<tp1:hr>147</tp1:hr>
</tp1:TrackPointExtension>
</extensions>
</trkpt>
<trkpt lat="58.63157362" lon="16.78931952">
<ele>37.8</ele>
<time>2026-03-22T10:53:13Z</time>
<extensions>
<tp1:TrackPointExtension>
<tp1:hr>148</tp1:hr>
</tp1:TrackPointExtension>
</extensions>
</trkpt>
<trkpt lat="58.63159767" lon="16.78926989">
<ele>37.8</ele>
<time>2026-03-22T10:53:14Z</time>
<extensions>
<tp1:TrackPointExtension>
<tp1:hr>150</tp1:hr>
</tp1:TrackPointExtension>
</extensions>
</trkpt>
<trkpt lat="58.6316172" lon="16.78922472">
<ele>37.8</ele>
<time>2026-03-22T10:53:15Z</time>
<extensions>
<tp1:TrackPointExtension>
<tp1:hr>151</tp1:hr>
</tp1:TrackPointExtension>
</extensions>
</trkpt>
<trkpt lat="58.63162198" lon="16.78916344">
<ele>37.8</ele>
<time>2026-03-22T10:53:16Z</time>
<extensions>
<tp1:TrackPointExtension>
<tp1:hr>152</tp1:hr>
</tp1:TrackPointExtension>
</extensions>
</trkpt>
<trkpt lat="58.63163631" lon="16.78909346">
<ele>37.8</ele>
<time>2026-03-22T10:53:17Z</time>
<extensions>
<tp1:TrackPointExtension>
<tp1:hr>152</tp1:hr>
</tp1:TrackPointExtension>
</extensions>
</trkpt>
<trkpt lat="58.63164838" lon="16.7890445">
<ele>38.0</ele>
<time>2026-03-22T10:53:18Z</time>
<extensions>
<tp1:TrackPointExtension>
<tp1:hr>153</tp1:hr>
</tp1:TrackPointExtension>
</extensions>
</trkpt>
<trkpt lat="58.63165635" lon="16.78898885">
<ele>37.8</ele>
<time>2026-03-22T10:53:19Z</time>
<extensions>
<tp1:TrackPointExtension>
<tp1:hr>154</tp1:hr>
</tp1:TrackPointExtension>
</extensions>
</trkpt>
<trkpt lat="58.63166448" lon="16.78891936">
<ele>37.8</ele>
<time>2026-03-22T10:53:20Z</time>
<extensions>
<tp1:TrackPointExtension>
<tp1:hr>154</tp1:hr>
</tp1:TrackPointExtension>
</extensions>
</trkpt>
<trkpt lat="58.63166934" lon="16.78886723">
<ele>38.0</ele>
<time>2026-03-22T10:53:21Z</time>
<extensions>
<tp1:TrackPointExtension>
<tp1:hr>155</tp1:hr>
</tp1:TrackPointExtension>
</extensions>
</trkpt>
<trkpt lat="58.63167068" lon="16.78880302">
<ele>38.0</ele>
<time>2026-03-22T10:53:22Z</time>
<extensions>
<tp1:TrackPointExtension>
<tp1:hr>155</tp1:hr>
</tp1:TrackPointExtension>
</extensions>
</trkpt>
<trkpt lat="58.63168451" lon="16.78873538">
<ele>38.2</ele>
<time>2026-03-22T10:53:23Z</time>
<extensions>
<tp1:TrackPointExtension>
<tp1:hr>155</tp1:hr>
</tp1:TrackPointExtension>
</extensions>
</trkpt>
<trkpt lat="58.6317063" lon="16.78868509">
<ele>38.2</ele>
<time>2026-03-22T10:53:24Z</time>
<extensions>
<tp1:TrackPointExtension>
<tp1:hr>155</tp1:hr>
</tp1:TrackPointExtension>
</extensions>
</trkpt>
<trkpt lat="58.63172659" lon="16.78863564">
<ele>38.4</ele>
<time>2026-03-22T10:53:25Z</time>
<extensions>
<tp1:TrackPointExtension>
<tp1:hr>155</tp1:hr>
</tp1:TrackPointExtension>
</extensions>
</trkpt>
<trkpt lat="58.63174796" lon="16.7885799">
<ele>38.4</ele>
<time>2026-03-22T10:53:26Z</time>
<extensions>
<tp1:TrackPointExtension>
<tp1:hr>155</tp1:hr>
</tp1:TrackPointExtension>
</extensions>
</trkpt>
<trkpt lat="58.63176464" lon="16.78850588">
<ele>38.0</ele>
<time>2026-03-22T10:53:27Z</time>
<extensions>
<tp1:TrackPointExtension>
<tp1:hr>155</tp1:hr>
</tp1:TrackPointExtension>
</extensions>
</trkpt>
<trkpt lat="58.63177311" lon="16.78846138">
<ele>38.0</ele>
<time>2026-03-22T10:53:28Z</time>
<extensions>
<tp1:TrackPointExtension>
<tp1:hr>156</tp1:hr>
</tp1:TrackPointExtension>
</extensions>
</trkpt>
<trkpt lat="58.63179079" lon="16.78840798">
<ele>38.2</ele>
<time>2026-03-22T10:53:29Z</time>
<extensions>
<tp1:TrackPointExtension>
<tp1:hr>155</tp1:hr>
</tp1:TrackPointExtension>
</extensions>
</trkpt>
<trkpt lat="58.63180856" lon="16.78834931">
<ele>38.4</ele>
<time>2026-03-22T10:53:30Z</time>
<extensions>
<tp1:TrackPointExtension>
<tp1:hr>154</tp1:hr>
</tp1:TrackPointExtension>
</extensions>
</trkpt>
<trkpt lat="58.63181409" lon="16.78830145">
<ele>38.8</ele>
<time>2026-03-22T10:53:31Z</time>
<extensions>
<tp1:TrackPointExtension>
<tp1:hr>154</tp1:hr>
</tp1:TrackPointExtension>
</extensions>
</trkpt>
<trkpt lat="58.63181066" lon="16.78822442">
<ele>39.0</ele>
<time>2026-03-22T10:53:32Z</time>
<extensions>
<tp1:TrackPointExtension>
<tp1:hr>153</tp1:hr>
</tp1:TrackPointExtension>
</extensions>
</trkpt>
<trkpt lat="58.63180228" lon="16.78819299">
<ele>39.2</ele>
<time>2026-03-22T10:53:33Z</time>
<extensions>
<tp1:TrackPointExtension>
<tp1:hr>153</tp1:hr>
</tp1:TrackPointExtension>
</extensions>
</trkpt>
<trkpt lat="58.63177612" lon="16.78813616">
<ele>39.2</ele>
<time>2026-03-22T10:53:34Z</time>
<extensions>
<tp1:TrackPointExtension>
<tp1:hr>153</tp1:hr>
</tp1:TrackPointExtension>
</extensions>
</trkpt>
<trkpt lat="58.63175685" lon="16.78808344">
<ele>39.4</ele>
<time>2026-03-22T10:53:35Z</time>
<extensions>
<tp1:TrackPointExtension>
<tp1:hr>152</tp1:hr>
</tp1:TrackPointExtension>
</extensions>
</trkpt>
<trkpt lat="58.63173807" lon="16.78803767">
<ele>39.8</ele>
<time>2026-03-22T10:53:36Z</time>
<extensions>
<tp1:TrackPointExtension>
<tp1:hr>153</tp1:hr>
</tp1:TrackPointExtension>
</extensions>
</trkpt>
<trkpt lat="58.63172223" lon="16.78798185">
<ele>40.0</ele>
<time>2026-03-22T10:53:37Z</time>
<extensions>
<tp1:TrackPointExtension>
<tp1:hr>153</tp1:hr>
</tp1:TrackPointExtension>
</extensions>
</trkpt>
<trkpt lat="58.63171393" lon="16.78791747">
<ele>40.2</ele>
<time>2026-03-22T10:53:38Z</time>
<extensions>
<tp1:TrackPointExtension>
<tp1:hr>152</tp1:hr>
</tp1:TrackPointExtension>
</extensions>
</trkpt>
<trkpt lat="58.63170278" lon="16.78786039">
<ele>40.2</ele>
<time>2026-03-22T10:53:39Z</time>
<extensions>
<tp1:TrackPointExtension>
<tp1:hr>153</tp1:hr>
</tp1:TrackPointExtension>
</extensions>
</trkpt>
<trkpt lat="58.63170069" lon="16.78780289">
<ele>40.2</ele>
<time>2026-03-22T10:53:40Z</time>
<extensions>
<tp1:TrackPointExtension>
<tp1:hr>153</tp1:hr>
</tp1:TrackPointExtension>
</extensions>
</trkpt>
<trkpt lat="58.6316949" lon="16.78772444">
<ele>40.2</ele>
<time>2026-03-22T10:53:41Z</time>
<extensions>
<tp1:TrackPointExtension>
<tp1:hr>152</tp1:hr>
</tp1:TrackPointExtension>
</extensions>
</trkpt>
<trkpt lat="58.63169163" lon="16.78765738">
<ele>40.2</ele>
<time>2026-03-22T10:53:42Z</time>
<extensions>
<tp1:TrackPointExtension>
<tp1:hr>153</tp1:hr>
</tp1:TrackPointExtension>
</extensions>
</trkpt>
<trkpt lat="58.63169155" lon="16.78755789">
<ele>40.0</ele>
<time>2026-03-22T10:53:43Z</time>
<extensions>
<tp1:TrackPointExtension>
<tp1:hr>153</tp1:hr>
</tp1:TrackPointExtension>
</extensions>
</trkpt>
<trkpt lat="58.63169432" lon="16.78747625">
<ele>39.8</ele>
<time>2026-03-22T10:53:44Z</time>
<extensions>
<tp1:TrackPointExtension>
<tp1:hr>153</tp1:hr>
</tp1:TrackPointExtension>
</extensions>
</trkpt>
<trkpt lat="58.63169323" lon="16.78740023">
<ele>39.6</ele>
<time>2026-03-22T10:53:45Z</time>
<extensions>
<tp1:TrackPointExtension>
<tp1:hr>153</tp1:hr>
</tp1:TrackPointExtension>
</extensions>
</trkpt>
<trkpt lat="58.63169683" lon="16.78731004">
<ele>39.4</ele>
<time>2026-03-22T10:53:46Z</time>
<extensions>
<tp1:TrackPointExtension>
<tp1:hr>154</tp1:hr>
</tp1:TrackPointExtension>
</extensions>
</trkpt>
<trkpt lat="58.63169566" lon="16.78724692">
<ele>39.6</ele>
<time>2026-03-22T10:53:47Z</time>
<extensions>
<tp1:TrackPointExtension>
<tp1:hr>154</tp1:hr>
</tp1:TrackPointExtension>
</extensions>
</trkpt>
<trkpt lat="58.63170555" lon="16.78716034">
<ele>39.6</ele>
<time>2026-03-22T10:53:48Z</time>
<extensions>
<tp1:TrackPointExtension>
<tp1:hr>154</tp1:hr>
</tp1:TrackPointExtension>
</extensions>
</trkpt>
<trkpt lat="58.63171267" lon="16.78709814">
<ele>39.6</ele>
<time>2026-03-22T10:53:49Z</time>
<extensions>
<tp1:TrackPointExtension>
<tp1:hr>154</tp1:hr>
</tp1:TrackPointExtension>
</extensions>
</trkpt>
<trkpt lat="58.63171946" lon="16.78703">
<ele>39.8</ele>
<time>2026-03-22T10:53:50Z</time>
<extensions>
<tp1:TrackPointExtension>
<tp1:hr>155</tp1:hr>
</tp1:TrackPointExtension>
</extensions>
</trkpt>
<trkpt lat="58.63173765" lon="16.78695783">
<ele>40.0</ele>
<time>2026-03-22T10:53:51Z</time>
<extensions>
<tp1:TrackPointExtension>
<tp1:hr>155</tp1:hr>
</tp1:TrackPointExtension>
</extensions>
</trkpt>
<trkpt lat="58.63174721" lon="16.78688516">
<ele>40.0</ele>
<time>2026-03-22T10:53:52Z</time>
<extensions>
<tp1:TrackPointExtension>
<tp1:hr>155</tp1:hr>
</tp1:TrackPointExtension>
</extensions>
</trkpt>
<trkpt lat="58.63176095" lon="16.78681157">
<ele>39.8</ele>
<time>2026-03-22T10:53:53Z</time>
<extensions>
<tp1:TrackPointExtension>
<tp1:hr>155</tp1:hr>
</tp1:TrackPointExtension>
</extensions>
</trkpt>
<trkpt lat="58.63177227" lon="16.78674543">
<ele>39.6</ele>
<time>2026-03-22T10:53:54Z</time>
<extensions>
<tp1:TrackPointExtension>
<tp1:hr>156</tp1:hr>
</tp1:TrackPointExtension>
</extensions>
</trkpt>
<trkpt lat="58.63177512" lon="16.78669129">
<ele>39.4</ele>
<time>2026-03-22T10:53:55Z</time>
<extensions>
<tp1:TrackPointExtension>
<tp1:hr>156</tp1:hr>
</tp1:TrackPointExtension>
</extensions>
</trkpt>
<trkpt lat="58.63177403" lon="16.78662675">
<ele>39.4</ele>
<time>2026-03-22T10:53:56Z</time>
<extensions>
<tp1:TrackPointExtension>
<tp1:hr>156</tp1:hr>
</tp1:TrackPointExtension>
</extensions>
</trkpt>
<trkpt lat="58.63176112" lon="16.78657193">
<ele>39.4</ele>
<time>2026-03-22T10:53:57Z</time>
<extensions>
<tp1:TrackPointExtension>
<tp1:hr>156</tp1:hr>
</tp1:TrackPointExtension>
</extensions>
</trkpt>
<trkpt lat="58.63175592" lon="16.78649507">
<ele>39.6</ele>
<time>2026-03-22T10:53:58Z</time>
<extensions>
<tp1:TrackPointExtension>
<tp1:hr>157</tp1:hr>
</tp1:TrackPointExtension>
</extensions>
</trkpt>
<trkpt lat="58.63175374" lon="16.78642583">
<ele>39.8</ele>
<time>2026-03-22T10:53:59Z</time>
<extensions>
<tp1:TrackPointExtension>
<tp1:hr>157</tp1:hr>
</tp1:TrackPointExtension>
</extensions>
</trkpt>
<trkpt lat="58.63174385" lon="16.78637378">
<ele>40.0</ele>
<time>2026-03-22T10:54:00Z</time>
<extensions>
<tp1:TrackPointExtension>
<tp1:hr>157</tp1:hr>
</tp1:TrackPointExtension>
</extensions>
</trkpt>
<trkpt lat="58.63173966" lon="16.78629298">
<ele>39.8</ele>
<time>2026-03-22T10:54:01Z</time>
<extensions>
<tp1:TrackPointExtension>
<tp1:hr>157</tp1:hr>
</tp1:TrackPointExtension>
</extensions>
</trkpt>
<trkpt lat="58.63173421" lon="16.78622575">
<ele>39.8</ele>
<time>2026-03-22T10:54:02Z</time>
<extensions>
<tp1:TrackPointExtension>
<tp1:hr>157</tp1:hr>
</tp1:TrackPointExtension>
</extensions>
</trkpt>
<trkpt lat="58.63173162" lon="16.78616675">
<ele>39.8</ele>
<time>2026-03-22T10:54:03Z</time>
<extensions>
<tp1:TrackPointExtension>
<tp1:hr>156</tp1:hr>
</tp1:TrackPointExtension>
</extensions>
</trkpt>
<trkpt lat="58.63173933" lon="16.78607966">
<ele>39.8</ele>
<time>2026-03-22T10:54:04Z</time>
<extensions>
<tp1:TrackPointExtension>
<tp1:hr>157</tp1:hr>
</tp1:TrackPointExtension>
</extensions>
</trkpt>
<trkpt lat="58.63174654" lon="16.78602861">
<ele>39.8</ele>
<time>2026-03-22T10:54:05Z</time>
<extensions>
<tp1:TrackPointExtension>
<tp1:hr>157</tp1:hr>
</tp1:TrackPointExtension>
</extensions>
</trkpt>
<trkpt lat="58.63176229" lon="16.78595217">
<ele>40.0</ele>
<time>2026-03-22T10:54:06Z</time>
<extensions>
<tp1:TrackPointExtension>
<tp1:hr>157</tp1:hr>
</tp1:TrackPointExtension>
</extensions>
</trkpt>
<trkpt lat="58.63176464" lon="16.78589316">
<ele>40.2</ele>
<time>2026-03-22T10:54:07Z</time>
<extensions>
<tp1:TrackPointExtension>
<tp1:hr>157</tp1:hr>
</tp1:TrackPointExtension>
</extensions>
</trkpt>
<trkpt lat="58.63177621" lon="16.78581588">
<ele>40.4</ele>
<time>2026-03-22T10:54:08Z</time>
<extensions>
<tp1:TrackPointExtension>
<tp1:hr>157</tp1:hr>
</tp1:TrackPointExtension>
</extensions>
</trkpt>
<trkpt lat="58.63178442" lon="16.78575612">
<ele>40.6</ele>
<time>2026-03-22T10:54:09Z</time>
<extensions>
<tp1:TrackPointExtension>
<tp1:hr>157</tp1:hr>
</tp1:TrackPointExtension>
</extensions>
</trkpt>
<trkpt lat="58.63178384" lon="16.7856987">
<ele>40.8</ele>
<time>2026-03-22T10:54:10Z</time>
<extensions>
<tp1:TrackPointExtension>
<tp1:hr>157</tp1:hr>
</tp1:TrackPointExtension>
</extensions>
</trkpt>
<trkpt lat="58.63178828" lon="16.78562804">
<ele>41.4</ele>
<time>2026-03-22T10:54:11Z</time>
<extensions>
<tp1:TrackPointExtension>
<tp1:hr>157</tp1:hr>
</tp1:TrackPointExtension>
</extensions>
</trkpt>
<trkpt lat="58.63179658" lon="16.78557314">
<ele>41.8</ele>
<time>2026-03-22T10:54:12Z</time>
<extensions>
<tp1:TrackPointExtension>
<tp1:hr>157</tp1:hr>
</tp1:TrackPointExtension>
</extensions>
</trkpt>
<trkpt lat="58.63180915" lon="16.78551572">
<ele>42.0</ele>
<time>2026-03-22T10:54:13Z</time>
<extensions>
<tp1:TrackPointExtension>
<tp1:hr>157</tp1:hr>
</tp1:TrackPointExtension>
</extensions>
</trkpt>
<trkpt lat="58.63181736" lon="16.78546065">
<ele>42.4</ele>
<time>2026-03-22T10:54:14Z</time>
<extensions>
<tp1:TrackPointExtension>
<tp1:hr>157</tp1:hr>
</tp1:TrackPointExtension>
</extensions>
</trkpt>
<trkpt lat="58.6318187" lon="16.7854076">
<ele>42.6</ele>
<time>2026-03-22T10:54:15Z</time>
<extensions>
<tp1:TrackPointExtension>
<tp1:hr>157</tp1:hr>
</tp1:TrackPointExtension>
</extensions>
</trkpt>
<trkpt lat="58.63182893" lon="16.78534289">
<ele>42.8</ele>
<time>2026-03-22T10:54:16Z</time>
<extensions>
<tp1:TrackPointExtension>
<tp1:hr>158</tp1:hr>
</tp1:TrackPointExtension>
</extensions>
</trkpt>
<trkpt lat="58.63182927" lon="16.78529503">
<ele>43.0</ele>
<time>2026-03-22T10:54:17Z</time>
<extensions>
<tp1:TrackPointExtension>
<tp1:hr>157</tp1:hr>
</tp1:TrackPointExtension>
</extensions>
</trkpt>
<trkpt lat="58.63183916" lon="16.78522529">
<ele>43.2</ele>
<time>2026-03-22T10:54:18Z</time>
<extensions>
<tp1:TrackPointExtension>
<tp1:hr>157</tp1:hr>
</tp1:TrackPointExtension>
</extensions>
</trkpt>
<trkpt lat="58.63184754" lon="16.78516427">
<ele>43.2</ele>
<time>2026-03-22T10:54:19Z</time>
<extensions>
<tp1:TrackPointExtension>
<tp1:hr>156</tp1:hr>
</tp1:TrackPointExtension>
</extensions>
</trkpt>
<trkpt lat="58.63185491" lon="16.78510518">
<ele>43.4</ele>
<time>2026-03-22T10:54:20Z</time>
<extensions>
<tp1:TrackPointExtension>
<tp1:hr>155</tp1:hr>
</tp1:TrackPointExtension>
</extensions>
</trkpt>
<trkpt lat="58.63186154" lon="16.78502253">
<ele>43.6</ele>
<time>2026-03-22T10:54:21Z</time>
<extensions>
<tp1:TrackPointExtension>
<tp1:hr>155</tp1:hr>
</tp1:TrackPointExtension>
</extensions>
</trkpt>
<trkpt lat="58.63185626" lon="16.78497668">
<ele>44.0</ele>
<time>2026-03-22T10:54:22Z</time>
<extensions>
<tp1:TrackPointExtension>
<tp1:hr>155</tp1:hr>
</tp1:TrackPointExtension>
</extensions>
</trkpt>
<trkpt lat="58.63184536" lon="16.78490192">
<ele>44.2</ele>
<time>2026-03-22T10:54:23Z</time>
<extensions>
<tp1:TrackPointExtension>
<tp1:hr>155</tp1:hr>
</tp1:TrackPointExtension>
</extensions>
</trkpt>
<trkpt lat="58.63184226" lon="16.78482539">
<ele>44.4</ele>
<time>2026-03-22T10:54:24Z</time>
<extensions>
<tp1:TrackPointExtension>
<tp1:hr>156</tp1:hr>
</tp1:TrackPointExtension>
</extensions>
</trkpt>
<trkpt lat="58.63184033" lon="16.78477351">
<ele>44.2</ele>
<time>2026-03-22T10:54:25Z</time>
<extensions>
<tp1:TrackPointExtension>
<tp1:hr>156</tp1:hr>
</tp1:TrackPointExtension>
</extensions>
</trkpt>
<trkpt lat="58.63185089" lon="16.78471408">
<ele>44.2</ele>
<time>2026-03-22T10:54:26Z</time>
<extensions>
<tp1:TrackPointExtension>
<tp1:hr>157</tp1:hr>
</tp1:TrackPointExtension>
</extensions>
</trkpt>
<trkpt lat="58.63184695" lon="16.78465063">
<ele>44.0</ele>
<time>2026-03-22T10:54:27Z</time>
<extensions>
<tp1:TrackPointExtension>
<tp1:hr>157</tp1:hr>
</tp1:TrackPointExtension>
</extensions>
</trkpt>
<trkpt lat="58.63184595" lon="16.78458793">
<ele>43.9</ele>
<time>2026-03-22T10:54:28Z</time>
<extensions>
<tp1:TrackPointExtension>
<tp1:hr>158</tp1:hr>
</tp1:TrackPointExtension>
</extensions>
</trkpt>
<trkpt lat="58.63185466" lon="16.78451099">
<ele>43.9</ele>
<time>2026-03-22T10:54:29Z</time>
<extensions>
<tp1:TrackPointExtension>
<tp1:hr>158</tp1:hr>
</tp1:TrackPointExtension>
</extensions>
</trkpt>
<trkpt lat="58.63185751" lon="16.78446002">
<ele>44.1</ele>
<time>2026-03-22T10:54:30Z</time>
<extensions>
<tp1:TrackPointExtension>
<tp1:hr>159</tp1:hr>
</tp1:TrackPointExtension>
</extensions>
</trkpt>
<trkpt lat="58.63185357" lon="16.7843866">
<ele>44.1</ele>
<time>2026-03-22T10:54:31Z</time>
<extensions>
<tp1:TrackPointExtension>
<tp1:hr>159</tp1:hr>
</tp1:TrackPointExtension>
</extensions>
</trkpt>
<trkpt lat="58.63185282" lon="16.78433237">
<ele>44.3</ele>
<time>2026-03-22T10:54:32Z</time>
<extensions>
<tp1:TrackPointExtension>
<tp1:hr>159</tp1:hr>
</tp1:TrackPointExtension>
</extensions>
</trkpt>
<trkpt lat="58.63185508" lon="16.78428023">
<ele>44.7</ele>
<time>2026-03-22T10:54:33Z</time>
<extensions>
<tp1:TrackPointExtension>
<tp1:hr>160</tp1:hr>
</tp1:TrackPointExtension>
</extensions>
</trkpt>
<trkpt lat="58.63185994" lon="16.7842348">
<ele>45.1</ele>
<time>2026-03-22T10:54:34Z</time>
<extensions>
<tp1:TrackPointExtension>
<tp1:hr>160</tp1:hr>
</tp1:TrackPointExtension>
</extensions>
</trkpt>
<trkpt lat="58.63186254" lon="16.78418887">
<ele>45.3</ele>
<time>2026-03-22T10:54:35Z</time>
<extensions>
<tp1:TrackPointExtension>
<tp1:hr>160</tp1:hr>
</tp1:TrackPointExtension>
</extensions>
</trkpt>
<trkpt lat="58.63185885" lon="16.78414998">
<ele>45.5</ele>
<time>2026-03-22T10:54:36Z</time>
<extensions>
<tp1:TrackPointExtension>
<tp1:hr>160</tp1:hr>
</tp1:TrackPointExtension>
</extensions>
</trkpt>
<trkpt lat="58.63185223" lon="16.78409533">
<ele>45.7</ele>
<time>2026-03-22T10:54:37Z</time>
<extensions>
<tp1:TrackPointExtension>
<tp1:hr>160</tp1:hr>
</tp1:TrackPointExtension>
</extensions>
</trkpt>
<trkpt lat="58.6318389" lon="16.78404671">
<ele>46.1</ele>
<time>2026-03-22T10:54:38Z</time>
<extensions>
<tp1:TrackPointExtension>
<tp1:hr>161</tp1:hr>
</tp1:TrackPointExtension>
</extensions>
</trkpt>
<trkpt lat="58.63183958" lon="16.78398318">
<ele>46.5</ele>
<time>2026-03-22T10:54:39Z</time>
<extensions>
<tp1:TrackPointExtension>
<tp1:hr>160</tp1:hr>
</tp1:TrackPointExtension>
</extensions>
</trkpt>
<trkpt lat="58.63184217" lon="16.78392618">
<ele>46.9</ele>
<time>2026-03-22T10:54:40Z</time>
<extensions>
<tp1:TrackPointExtension>
<tp1:hr>160</tp1:hr>
</tp1:TrackPointExtension>
</extensions>
</trkpt>
<trkpt lat="58.63184343" lon="16.78388528">
<ele>47.5</ele>
<time>2026-03-22T10:54:41Z</time>
<extensions>
<tp1:TrackPointExtension>
<tp1:hr>160</tp1:hr>
</tp1:TrackPointExtension>
</extensions>
</trkpt>
<trkpt lat="58.63184586" lon="16.78382694">
<ele>47.9</ele>
<time>2026-03-22T10:54:42Z</time>
<extensions>
<tp1:TrackPointExtension>
<tp1:hr>161</tp1:hr>
</tp1:TrackPointExtension>
</extensions>
</trkpt>
<trkpt lat="58.63184452" lon="16.78378117">
<ele>48.3</ele>
<time>2026-03-22T10:54:43Z</time>
<extensions>
<tp1:TrackPointExtension>
<tp1:hr>160</tp1:hr>
</tp1:TrackPointExtension>
</extensions>
</trkpt>
<trkpt lat="58.63183354" lon="16.78374848">
<ele>48.7</ele>
<time>2026-03-22T10:54:44Z</time>
<extensions>
<tp1:TrackPointExtension>
<tp1:hr>161</tp1:hr>
</tp1:TrackPointExtension>
</extensions>
</trkpt>
<trkpt lat="58.63183069" lon="16.78369794">
<ele>49.1</ele>
<time>2026-03-22T10:54:45Z</time>
<extensions>
<tp1:TrackPointExtension>
<tp1:hr>161</tp1:hr>
</tp1:TrackPointExtension>
</extensions>
</trkpt>
<trkpt lat="58.63182005" lon="16.78364203">
<ele>49.5</ele>
<time>2026-03-22T10:54:46Z</time>
<extensions>
<tp1:TrackPointExtension>
<tp1:hr>161</tp1:hr>
</tp1:TrackPointExtension>
</extensions>
</trkpt>
<trkpt lat="58.63181518" lon="16.7836096">
<ele>49.9</ele>
<time>2026-03-22T10:54:47Z</time>
<extensions>
<tp1:TrackPointExtension>
<tp1:hr>161</tp1:hr>
</tp1:TrackPointExtension>
</extensions>
</trkpt>
<trkpt lat="58.63181024" lon="16.78355293">
<ele>50.3</ele>
<time>2026-03-22T10:54:48Z</time>
<extensions>
<tp1:TrackPointExtension>
<tp1:hr>161</tp1:hr>
</tp1:TrackPointExtension>
</extensions>
</trkpt>
<trkpt lat="58.63180261" lon="16.78349334">
<ele>50.5</ele>
<time>2026-03-22T10:54:49Z</time>
<extensions>
<tp1:TrackPointExtension>
<tp1:hr>161</tp1:hr>
</tp1:TrackPointExtension>
</extensions>
</trkpt>
<trkpt lat="58.63179465" lon="16.78346375">
<ele>50.9</ele>
<time>2026-03-22T10:54:50Z</time>
<extensions>
<tp1:TrackPointExtension>
<tp1:hr>161</tp1:hr>
</tp1:TrackPointExtension>
</extensions>
</trkpt>
<trkpt lat="58.63179876" lon="16.78340893">
<ele>51.1</ele>
<time>2026-03-22T10:54:51Z</time>
<extensions>
<tp1:TrackPointExtension>
<tp1:hr>161</tp1:hr>
</tp1:TrackPointExtension>
</extensions>
</trkpt>
<trkpt lat="58.63182055" lon="16.78335956">
<ele>51.3</ele>
<time>2026-03-22T10:54:52Z</time>
<extensions>
<tp1:TrackPointExtension>
<tp1:hr>160</tp1:hr>
</tp1:TrackPointExtension>
</extensions>
</trkpt>
<trkpt lat="58.63184209" lon="16.78332696">
<ele>51.7</ele>
<time>2026-03-22T10:54:53Z</time>
<extensions>
<tp1:TrackPointExtension>
<tp1:hr>161</tp1:hr>
</tp1:TrackPointExtension>
</extensions>
</trkpt>
<trkpt lat="58.63186833" lon="16.78330567">
<ele>52.1</ele>
<time>2026-03-22T10:54:54Z</time>
<extensions>
<tp1:TrackPointExtension>
<tp1:hr>161</tp1:hr>
</tp1:TrackPointExtension>
</extensions>
</trkpt>
<trkpt lat="58.63188962" lon="16.78329133">
<ele>52.5</ele>
<time>2026-03-22T10:54:55Z</time>
<extensions>
<tp1:TrackPointExtension>
<tp1:hr>161</tp1:hr>
</tp1:TrackPointExtension>
</extensions>
</trkpt>
<trkpt lat="58.63191585" lon="16.78328278">
<ele>52.7</ele>
<time>2026-03-22T10:54:56Z</time>
<extensions>
<tp1:TrackPointExtension>
<tp1:hr>161</tp1:hr>
</tp1:TrackPointExtension>
</extensions>
</trkpt>
<trkpt lat="58.63194276" lon="16.7832801">
<ele>53.3</ele>
<time>2026-03-22T10:54:57Z</time>
<extensions>
<tp1:TrackPointExtension>
<tp1:hr>161</tp1:hr>
</tp1:TrackPointExtension>
</extensions>
</trkpt>
<trkpt lat="58.6319648" lon="16.78328061">
<ele>53.5</ele>
<time>2026-03-22T10:54:58Z</time>
<extensions>
<tp1:TrackPointExtension>
<tp1:hr>162</tp1:hr>
</tp1:TrackPointExtension>
</extensions>
</trkpt>
<trkpt lat="58.63200461" lon="16.78327147">
<ele>53.7</ele>
<time>2026-03-22T10:54:59Z</time>
<extensions>
<tp1:TrackPointExtension>
<tp1:hr>162</tp1:hr>
</tp1:TrackPointExtension>
</extensions>
</trkpt>
<trkpt lat="58.63204166" lon="16.78325429">
<ele>54.1</ele>
<time>2026-03-22T10:55:00Z</time>
<extensions>
<tp1:TrackPointExtension>
<tp1:hr>162</tp1:hr>
</tp1:TrackPointExtension>
</extensions>
</trkpt>
<trkpt lat="58.63206438" lon="16.78324079">
<ele>54.3</ele>
<time>2026-03-22T10:55:01Z</time>
<extensions>
<tp1:TrackPointExtension>
<tp1:hr>162</tp1:hr>
</tp1:TrackPointExtension>
</extensions>
</trkpt>
<trkpt lat="58.63209304" lon="16.78323182">
<ele>54.5</ele>
<time>2026-03-22T10:55:02Z</time>
<extensions>
<tp1:TrackPointExtension>
<tp1:hr>162</tp1:hr>
</tp1:TrackPointExtension>
</extensions>
</trkpt>
<trkpt lat="58.63211433" lon="16.78321682">
<ele>54.7</ele>
<time>2026-03-22T10:55:03Z</time>
<extensions>
<tp1:TrackPointExtension>
<tp1:hr>162</tp1:hr>
</tp1:TrackPointExtension>
</extensions>
</trkpt>
<trkpt lat="58.63212691" lon="16.78318296">
<ele>54.9</ele>
<time>2026-03-22T10:55:04Z</time>
<extensions>
<tp1:TrackPointExtension>
<tp1:hr>163</tp1:hr>
</tp1:TrackPointExtension>
</extensions>
</trkpt>
<trkpt lat="58.63214191" lon="16.78315597">
<ele>55.3</ele>
<time>2026-03-22T10:55:05Z</time>
<extensions>
<tp1:TrackPointExtension>
<tp1:hr>163</tp1:hr>
</tp1:TrackPointExtension>
</extensions>
</trkpt>
<trkpt lat="58.63215767" lon="16.78313099">
<ele>55.5</ele>
<time>2026-03-22T10:55:06Z</time>
<extensions>
<tp1:TrackPointExtension>
<tp1:hr>164</tp1:hr>
</tp1:TrackPointExtension>
</extensions>
</trkpt>
<trkpt lat="58.63217359" lon="16.78310651">
<ele>55.7</ele>
<time>2026-03-22T10:55:07Z</time>
<extensions>
<tp1:TrackPointExtension>
<tp1:hr>164</tp1:hr>
</tp1:TrackPointExtension>
</extensions>
</trkpt>
<trkpt lat="58.63218541" lon="16.7830724">
<ele>56.1</ele>
<time>2026-03-22T10:55:08Z</time>
<extensions>
<tp1:TrackPointExtension>
<tp1:hr>164</tp1:hr>
</tp1:TrackPointExtension>
</extensions>
</trkpt>
<trkpt lat="58.63219882" lon="16.78304558">
<ele>56.5</ele>
<time>2026-03-22T10:55:09Z</time>
<extensions>
<tp1:TrackPointExtension>
<tp1:hr>164</tp1:hr>
</tp1:TrackPointExtension>
</extensions>
</trkpt>
<trkpt lat="58.63221458" lon="16.78301255">
<ele>56.9</ele>
<time>2026-03-22T10:55:10Z</time>
<extensions>
<tp1:TrackPointExtension>
<tp1:hr>164</tp1:hr>
</tp1:TrackPointExtension>
</extensions>
</trkpt>
<trkpt lat="58.63223646" lon="16.78300291">
<ele>57.3</ele>
<time>2026-03-22T10:55:11Z</time>
<extensions>
<tp1:TrackPointExtension>
<tp1:hr>164</tp1:hr>
</tp1:TrackPointExtension>
</extensions>
</trkpt>
<trkpt lat="58.63225624" lon="16.78300618">
<ele>57.7</ele>
<time>2026-03-22T10:55:12Z</time>
<extensions>
<tp1:TrackPointExtension>
<tp1:hr>163</tp1:hr>
</tp1:TrackPointExtension>
</extensions>
</trkpt>
<trkpt lat="58.63228356" lon="16.78300275">
<ele>58.1</ele>
<time>2026-03-22T10:55:13Z</time>
<extensions>
<tp1:TrackPointExtension>
<tp1:hr>163</tp1:hr>
</tp1:TrackPointExtension>
</extensions>
</trkpt>
<trkpt lat="58.63230804" lon="16.78298296">
<ele>58.3</ele>
<time>2026-03-22T10:55:14Z</time>
<extensions>
<tp1:TrackPointExtension>
<tp1:hr>163</tp1:hr>
</tp1:TrackPointExtension>
</extensions>
</trkpt>
<trkpt lat="58.63232288" lon="16.78295187">
<ele>58.3</ele>
<time>2026-03-22T10:55:15Z</time>
<extensions>
<tp1:TrackPointExtension>
<tp1:hr>162</tp1:hr>
</tp1:TrackPointExtension>
</extensions>
</trkpt>
<trkpt lat="58.6323378" lon="16.78290091">
<ele>58.5</ele>
<time>2026-03-22T10:55:16Z</time>
<extensions>
<tp1:TrackPointExtension>
<tp1:hr>163</tp1:hr>
</tp1:TrackPointExtension>
</extensions>
</trkpt>
<trkpt lat="58.63234534" lon="16.7828574">
<ele>58.5</ele>
<time>2026-03-22T10:55:17Z</time>
<extensions>
<tp1:TrackPointExtension>
<tp1:hr>163</tp1:hr>
</tp1:TrackPointExtension>
</extensions>
</trkpt>
<trkpt lat="58.63234911" lon="16.78281021">
<ele>58.5</ele>
<time>2026-03-22T10:55:18Z</time>
<extensions>
<tp1:TrackPointExtension>
<tp1:hr>163</tp1:hr>
</tp1:TrackPointExtension>
</extensions>
</trkpt>
<trkpt lat="58.63234609" lon="16.78278079">
<ele>58.7</ele>
<time>2026-03-22T10:55:19Z</time>
<extensions>
<tp1:TrackPointExtension>
<tp1:hr>163</tp1:hr>
</tp1:TrackPointExtension>
</extensions>
</trkpt>
<trkpt lat="58.63235146" lon="16.78273612">
<ele>58.9</ele>
<time>2026-03-22T10:55:20Z</time>
<extensions>
<tp1:TrackPointExtension>
<tp1:hr>164</tp1:hr>
</tp1:TrackPointExtension>
</extensions>
</trkpt>
<trkpt lat="58.63233612" lon="16.78268742">
<ele>59.3</ele>
<time>2026-03-22T10:55:21Z</time>
<extensions>
<tp1:TrackPointExtension>
<tp1:hr>164</tp1:hr>
</tp1:TrackPointExtension>
</extensions>
</trkpt>
<trkpt lat="58.63232782" lon="16.78264291">
<ele>59.5</ele>
<time>2026-03-22T10:55:22Z</time>
<extensions>
<tp1:TrackPointExtension>
<tp1:hr>164</tp1:hr>
</tp1:TrackPointExtension>
</extensions>
</trkpt>
<trkpt lat="58.63232958" lon="16.78258734">
<ele>59.7</ele>
<time>2026-03-22T10:55:23Z</time>
<extensions>
<tp1:TrackPointExtension>
<tp1:hr>164</tp1:hr>
</tp1:TrackPointExtension>
</extensions>
</trkpt>
<trkpt lat="58.63233176" lon="16.78253219">
<ele>59.7</ele>
<time>2026-03-22T10:55:24Z</time>
<extensions>
<tp1:TrackPointExtension>
<tp1:hr>164</tp1:hr>
</tp1:TrackPointExtension>
</extensions>
</trkpt>
<trkpt lat="58.63232581" lon="16.78248382">
<ele>59.7</ele>
<time>2026-03-22T10:55:25Z</time>
<extensions>
<tp1:TrackPointExtension>
<tp1:hr>163</tp1:hr>
</tp1:TrackPointExtension>
</extensions>
</trkpt>
<trkpt lat="58.63233235" lon="16.78241769">
<ele>59.9</ele>
<time>2026-03-22T10:55:26Z</time>
<extensions>
<tp1:TrackPointExtension>
<tp1:hr>163</tp1:hr>
</tp1:TrackPointExtension>
</extensions>
</trkpt>
<trkpt lat="58.63234928" lon="16.78235734">
<ele>60.1</ele>
<time>2026-03-22T10:55:27Z</time>
<extensions>
<tp1:TrackPointExtension>
<tp1:hr>162</tp1:hr>
</tp1:TrackPointExtension>
</extensions>
</trkpt>
<trkpt lat="58.63236152" lon="16.78231333">
<ele>60.3</ele>
<time>2026-03-22T10:55:28Z</time>
<extensions>
<tp1:TrackPointExtension>
<tp1:hr>162</tp1:hr>
</tp1:TrackPointExtension>
</extensions>
</trkpt>
<trkpt lat="58.63236881" lon="16.78227059">
<ele>60.3</ele>
<time>2026-03-22T10:55:29Z</time>
<extensions>
<tp1:TrackPointExtension>
<tp1:hr>162</tp1:hr>
</tp1:TrackPointExtension>
</extensions>
</trkpt>
<trkpt lat="58.63236881" lon="16.78222767">
<ele>60.3</ele>
<time>2026-03-22T10:55:30Z</time>
<extensions>
<tp1:TrackPointExtension>
<tp1:hr>162</tp1:hr>
</tp1:TrackPointExtension>
</extensions>
</trkpt>
<trkpt lat="58.63237652" lon="16.78217361">
<ele>60.1</ele>
<time>2026-03-22T10:55:31Z</time>
<extensions>
<tp1:TrackPointExtension>
<tp1:hr>162</tp1:hr>
</tp1:TrackPointExtension>
</extensions>
</trkpt>
<trkpt lat="58.63238155" lon="16.78211695">
<ele>59.7</ele>
<time>2026-03-22T10:55:32Z</time>
<extensions>
<tp1:TrackPointExtension>
<tp1:hr>162</tp1:hr>
</tp1:TrackPointExtension>
</extensions>
</trkpt>
<trkpt lat="58.63238147" lon="16.78206003">
<ele>59.1</ele>
<time>2026-03-22T10:55:33Z</time>
<extensions>
<tp1:TrackPointExtension>
<tp1:hr>161</tp1:hr>
</tp1:TrackPointExtension>
</extensions>
</trkpt>
<trkpt lat="58.63238121" lon="16.78201368">
<ele>58.5</ele>
<time>2026-03-22T10:55:34Z</time>
<extensions>
<tp1:TrackPointExtension>
<tp1:hr>161</tp1:hr>
</tp1:TrackPointExtension>
</extensions>
</trkpt>
<trkpt lat="58.63238205" lon="16.78196012">
<ele>58.1</ele>
<time>2026-03-22T10:55:35Z</time>
<extensions>
<tp1:TrackPointExtension>
<tp1:hr>160</tp1:hr>
</tp1:TrackPointExtension>
</extensions>
</trkpt>
<trkpt lat="58.63238214" lon="16.78189256">
<ele>57.1</ele>
<time>2026-03-22T10:55:36Z</time>
<extensions>
<tp1:TrackPointExtension>
<tp1:hr>160</tp1:hr>
</tp1:TrackPointExtension>
</extensions>
</trkpt>
<trkpt lat="58.63238113" lon="16.78184772">
<ele>56.7</ele>
<time>2026-03-22T10:55:37Z</time>
<extensions>
<tp1:TrackPointExtension>
<tp1:hr>159</tp1:hr>
</tp1:TrackPointExtension>
</extensions>
</trkpt>
<trkpt lat="58.63238079" lon="16.78178754">
<ele>56.3</ele>
<time>2026-03-22T10:55:38Z</time>
<extensions>
<tp1:TrackPointExtension>
<tp1:hr>159</tp1:hr>
</tp1:TrackPointExtension>
</extensions>
</trkpt>
<trkpt lat="58.63237903" lon="16.78172585">
<ele>56.1</ele>
<time>2026-03-22T10:55:39Z</time>
<extensions>
<tp1:TrackPointExtension>
<tp1:hr>158</tp1:hr>
</tp1:TrackPointExtension>
</extensions>
</trkpt>
<trkpt lat="58.6323756" lon="16.7816686">
<ele>55.9</ele>
<time>2026-03-22T10:55:40Z</time>
<extensions>
<tp1:TrackPointExtension>
<tp1:hr>158</tp1:hr>
</tp1:TrackPointExtension>
</extensions>
</trkpt>
<trkpt lat="58.63237216" lon="16.78161336">
<ele>55.5</ele>
<time>2026-03-22T10:55:41Z</time>
<extensions>
<tp1:TrackPointExtension>
<tp1:hr>158</tp1:hr>
</tp1:TrackPointExtension>
</extensions>
</trkpt>
<trkpt lat="58.63236847" lon="16.78156022">
<ele>55.1</ele>
<time>2026-03-22T10:55:42Z</time>
<extensions>
<tp1:TrackPointExtension>
<tp1:hr>157</tp1:hr>
</tp1:TrackPointExtension>
</extensions>
</trkpt>
<trkpt lat="58.63237149" lon="16.78150054">
<ele>54.9</ele>
<time>2026-03-22T10:55:43Z</time>
<extensions>
<tp1:TrackPointExtension>
<tp1:hr>156</tp1:hr>
</tp1:TrackPointExtension>
</extensions>
</trkpt>
<trkpt lat="58.63237593" lon="16.78143709">
<ele>54.5</ele>
<time>2026-03-22T10:55:44Z</time>
<extensions>
<tp1:TrackPointExtension>
<tp1:hr>156</tp1:hr>
</tp1:TrackPointExtension>
</extensions>
</trkpt>
<trkpt lat="58.63237811" lon="16.78136182">
<ele>54.1</ele>
<time>2026-03-22T10:55:45Z</time>
<extensions>
<tp1:TrackPointExtension>
<tp1:hr>156</tp1:hr>
</tp1:TrackPointExtension>
</extensions>
</trkpt>
<trkpt lat="58.63239035" lon="16.78130063">
<ele>53.7</ele>
<time>2026-03-22T10:55:46Z</time>
<extensions>
<tp1:TrackPointExtension>
<tp1:hr>155</tp1:hr>
</tp1:TrackPointExtension>
</extensions>
</trkpt>
<trkpt lat="58.63239328" lon="16.78123961">
<ele>53.3</ele>
<time>2026-03-22T10:55:47Z</time>
<extensions>
<tp1:TrackPointExtension>
<tp1:hr>155</tp1:hr>
</tp1:TrackPointExtension>
</extensions>
</trkpt>
<trkpt lat="58.6324025" lon="16.78115806">
<ele>52.7</ele>
<time>2026-03-22T10:55:48Z</time>
<extensions>
<tp1:TrackPointExtension>
<tp1:hr>155</tp1:hr>
</tp1:TrackPointExtension>
</extensions>
</trkpt>
<trkpt lat="58.63240611" lon="16.78107826">
<ele>52.1</ele>
<time>2026-03-22T10:55:49Z</time>
<extensions>
<tp1:TrackPointExtension>
<tp1:hr>154</tp1:hr>
</tp1:TrackPointExtension>
</extensions>
</trkpt>
<trkpt lat="58.6324082" lon="16.78102839">
<ele>51.7</ele>
<time>2026-03-22T10:55:50Z</time>
<extensions>
<tp1:TrackPointExtension>
<tp1:hr>154</tp1:hr>
</tp1:TrackPointExtension>
</extensions>
</trkpt>
<trkpt lat="58.6324098" lon="16.78097432">
<ele>51.5</ele>
<time>2026-03-22T10:55:51Z</time>
<extensions>
<tp1:TrackPointExtension>
<tp1:hr>154</tp1:hr>
</tp1:TrackPointExtension>
</extensions>
</trkpt>
<trkpt lat="58.63240896" lon="16.78092713">
<ele>51.3</ele>
<time>2026-03-22T10:55:52Z</time>
<extensions>
<tp1:TrackPointExtension>
<tp1:hr>153</tp1:hr>
</tp1:TrackPointExtension>
</extensions>
</trkpt>
<trkpt lat="58.63240602" lon="16.78087969">
<ele>51.1</ele>
<time>2026-03-22T10:55:53Z</time>
<extensions>
<tp1:TrackPointExtension>
<tp1:hr>153</tp1:hr>
</tp1:TrackPointExtension>
</extensions>
</trkpt>
<trkpt lat="58.6323968" lon="16.78085203">
<ele>50.9</ele>
<time>2026-03-22T10:55:54Z</time>
<extensions>
<tp1:TrackPointExtension>
<tp1:hr>153</tp1:hr>
</tp1:TrackPointExtension>
</extensions>
</trkpt>
<trkpt lat="58.63239094" lon="16.78079939">
<ele>51.1</ele>
<time>2026-03-22T10:55:55Z</time>
<extensions>
<tp1:TrackPointExtension>
<tp1:hr>153</tp1:hr>
</tp1:TrackPointExtension>
</extensions>
</trkpt>
<trkpt lat="58.63239178" lon="16.780745">
<ele>51.1</ele>
<time>2026-03-22T10:55:56Z</time>
<extensions>
<tp1:TrackPointExtension>
<tp1:hr>152</tp1:hr>
</tp1:TrackPointExtension>
</extensions>
</trkpt>
<trkpt lat="58.63237635" lon="16.78070921">
<ele>50.9</ele>
<time>2026-03-22T10:55:57Z</time>
<extensions>
<tp1:TrackPointExtension>
<tp1:hr>152</tp1:hr>
</tp1:TrackPointExtension>
</extensions>
</trkpt>
<trkpt lat="58.63236353" lon="16.78064383">
<ele>50.9</ele>
<time>2026-03-22T10:55:58Z</time>
<extensions>
<tp1:TrackPointExtension>
<tp1:hr>151</tp1:hr>
</tp1:TrackPointExtension>
</extensions>
</trkpt>
<trkpt lat="58.63236118" lon="16.7805792">
<ele>50.9</ele>
<time>2026-03-22T10:55:59Z</time>
<extensions>
<tp1:TrackPointExtension>
<tp1:hr>151</tp1:hr>
</tp1:TrackPointExtension>
</extensions>
</trkpt>
<trkpt lat="58.63236118" lon="16.78053042">
<ele>50.9</ele>
<time>2026-03-22T10:56:00Z</time>
<extensions>
<tp1:TrackPointExtension>
<tp1:hr>150</tp1:hr>
</tp1:TrackPointExtension>
</extensions>
</trkpt>
<trkpt lat="58.63236001" lon="16.78048113">
<ele>50.9</ele>
<time>2026-03-22T10:56:01Z</time>
<extensions>
<tp1:TrackPointExtension>
<tp1:hr>150</tp1:hr>
</tp1:TrackPointExtension>
</extensions>
</trkpt>
<trkpt lat="58.63236319" lon="16.78041886">
<ele>50.9</ele>
<time>2026-03-22T10:56:02Z</time>
<extensions>
<tp1:TrackPointExtension>
<tp1:hr>149</tp1:hr>
</tp1:TrackPointExtension>
</extensions>
</trkpt>
<trkpt lat="58.63236965" lon="16.78036345">
<ele>51.1</ele>
<time>2026-03-22T10:56:03Z</time>
<extensions>
<tp1:TrackPointExtension>
<tp1:hr>149</tp1:hr>
</tp1:TrackPointExtension>
</extensions>
</trkpt>
<trkpt lat="58.63238004" lon="16.7803036">
<ele>51.1</ele>
<time>2026-03-22T10:56:04Z</time>
<extensions>
<tp1:TrackPointExtension>
<tp1:hr>149</tp1:hr>
</tp1:TrackPointExtension>
</extensions>
</trkpt>
<trkpt lat="58.63237007" lon="16.78027393">
<ele>51.0</ele>
<time>2026-03-22T10:56:05Z</time>
<extensions>
<tp1:TrackPointExtension>
<tp1:hr>148</tp1:hr>
</tp1:TrackPointExtension>
</extensions>
</trkpt>
<trkpt lat="58.63237199" lon="16.78022649">
<ele>50.8</ele>
<time>2026-03-22T10:56:06Z</time>
<extensions>
<tp1:TrackPointExtension>
<tp1:hr>148</tp1:hr>
</tp1:TrackPointExtension>
</extensions>
</trkpt>
<trkpt lat="58.63238633" lon="16.78016346">
<ele>50.8</ele>
<time>2026-03-22T10:56:07Z</time>
<extensions>
<tp1:TrackPointExtension>
<tp1:hr>148</tp1:hr>
</tp1:TrackPointExtension>
</extensions>
</trkpt>
<trkpt lat="58.63239513" lon="16.78009372">
<ele>51.0</ele>
<time>2026-03-22T10:56:08Z</time>
<extensions>
<tp1:TrackPointExtension>
<tp1:hr>147</tp1:hr>
</tp1:TrackPointExtension>
</extensions>
</trkpt>
<trkpt lat="58.63240225" lon="16.78003798">
<ele>51.0</ele>
<time>2026-03-22T10:56:09Z</time>
<extensions>
<tp1:TrackPointExtension>
<tp1:hr>147</tp1:hr>
</tp1:TrackPointExtension>
</extensions>
</trkpt>
<trkpt lat="58.63240493" lon="16.77998409">
<ele>51.0</ele>
<time>2026-03-22T10:56:10Z</time>
<extensions>
<tp1:TrackPointExtension>
<tp1:hr>146</tp1:hr>
</tp1:TrackPointExtension>
</extensions>
</trkpt>
<trkpt lat="58.63241181" lon="16.77993589">
<ele>51.2</ele>
<time>2026-03-22T10:56:11Z</time>
<extensions>
<tp1:TrackPointExtension>
<tp1:hr>146</tp1:hr>
</tp1:TrackPointExtension>
</extensions>
</trkpt>
<trkpt lat="58.63243511" lon="16.77987353">
<ele>51.2</ele>
<time>2026-03-22T10:56:12Z</time>
<extensions>
<tp1:TrackPointExtension>
<tp1:hr>145</tp1:hr>
</tp1:TrackPointExtension>
</extensions>
</trkpt>
<trkpt lat="58.63244936" lon="16.77983254">
<ele>51.2</ele>
<time>2026-03-22T10:56:13Z</time>
<extensions>
<tp1:TrackPointExtension>
<tp1:hr>145</tp1:hr>
</tp1:TrackPointExtension>
</extensions>
</trkpt>
<trkpt lat="58.6324626" lon="16.77978544">
<ele>51.2</ele>
<time>2026-03-22T10:56:14Z</time>
<extensions>
<tp1:TrackPointExtension>
<tp1:hr>145</tp1:hr>
</tp1:TrackPointExtension>
</extensions>
</trkpt>
<trkpt lat="58.63248146" lon="16.77972752">
<ele>51.2</ele>
<time>2026-03-22T10:56:15Z</time>
<extensions>
<tp1:TrackPointExtension>
<tp1:hr>145</tp1:hr>
</tp1:TrackPointExtension>
</extensions>
</trkpt>
<trkpt lat="58.63248481" lon="16.77969659">
<ele>51.0</ele>
<time>2026-03-22T10:56:16Z</time>
<extensions>
<tp1:TrackPointExtension>
<tp1:hr>145</tp1:hr>
</tp1:TrackPointExtension>
</extensions>
</trkpt>
<trkpt lat="58.63247442" lon="16.77964303">
<ele>51.0</ele>
<time>2026-03-22T10:56:17Z</time>
<extensions>
<tp1:TrackPointExtension>
<tp1:hr>144</tp1:hr>
</tp1:TrackPointExtension>
</extensions>
</trkpt>
<trkpt lat="58.63247015" lon="16.77959165">
<ele>51.0</ele>
<time>2026-03-22T10:56:18Z</time>
<extensions>
<tp1:TrackPointExtension>
<tp1:hr>144</tp1:hr>
</tp1:TrackPointExtension>
</extensions>
</trkpt>
<trkpt lat="58.63246713" lon="16.77954219">
<ele>50.8</ele>
<time>2026-03-22T10:56:19Z</time>
<extensions>
<tp1:TrackPointExtension>
<tp1:hr>144</tp1:hr>
</tp1:TrackPointExtension>
</extensions>
</trkpt>
<trkpt lat="58.63246528" lon="16.77950221">
<ele>50.6</ele>
<time>2026-03-22T10:56:20Z</time>
<extensions>
<tp1:TrackPointExtension>
<tp1:hr>143</tp1:hr>
</tp1:TrackPointExtension>
</extensions>
</trkpt>
<trkpt lat="58.63246361" lon="16.77945787">
<ele>50.6</ele>
<time>2026-03-22T10:56:21Z</time>
<extensions>
<tp1:TrackPointExtension>
<tp1:hr>142</tp1:hr>
</tp1:TrackPointExtension>
</extensions>
</trkpt>
<trkpt lat="58.63245908" lon="16.77941244">
<ele>50.8</ele>
<time>2026-03-22T10:56:22Z</time>
<extensions>
<tp1:TrackPointExtension>
<tp1:hr>142</tp1:hr>
</tp1:TrackPointExtension>
</extensions>
</trkpt>
<trkpt lat="58.63245062" lon="16.7793386">
<ele>51.0</ele>
<time>2026-03-22T10:56:23Z</time>
<extensions>
<tp1:TrackPointExtension>
<tp1:hr>142</tp1:hr>
</tp1:TrackPointExtension>
</extensions>
</trkpt>
<trkpt lat="58.63244249" lon="16.77926417">
<ele>51.2</ele>
<time>2026-03-22T10:56:24Z</time>
<extensions>
<tp1:TrackPointExtension>
<tp1:hr>141</tp1:hr>
</tp1:TrackPointExtension>
</extensions>
</trkpt>
<trkpt lat="58.6324393" lon="16.77921429">
<ele>51.6</ele>
<time>2026-03-22T10:56:25Z</time>
<extensions>
<tp1:TrackPointExtension>
<tp1:hr>140</tp1:hr>
</tp1:TrackPointExtension>
</extensions>
</trkpt>
<trkpt lat="58.63243125" lon="16.7791754">
<ele>51.8</ele>
<time>2026-03-22T10:56:26Z</time>
<extensions>
<tp1:TrackPointExtension>
<tp1:hr>139</tp1:hr>
</tp1:TrackPointExtension>
</extensions>
</trkpt>
<trkpt lat="58.63243117" lon="16.77910332">
<ele>51.8</ele>
<time>2026-03-22T10:56:27Z</time>
<extensions>
<tp1:TrackPointExtension>
<tp1:hr>138</tp1:hr>
</tp1:TrackPointExtension>
</extensions>
</trkpt>
<trkpt lat="58.6324269" lon="16.77903576">
<ele>51.8</ele>
<time>2026-03-22T10:56:28Z</time>
<extensions>
<tp1:TrackPointExtension>
<tp1:hr>138</tp1:hr>
</tp1:TrackPointExtension>
</extensions>
</trkpt>
<trkpt lat="58.63242555" lon="16.77899167">
<ele>52.0</ele>
<time>2026-03-22T10:56:29Z</time>
<extensions>
<tp1:TrackPointExtension>
<tp1:hr>138</tp1:hr>
</tp1:TrackPointExtension>
</extensions>
</trkpt>
<trkpt lat="58.63242664" lon="16.77894155">
<ele>52.4</ele>
<time>2026-03-22T10:56:30Z</time>
<extensions>
<tp1:TrackPointExtension>
<tp1:hr>138</tp1:hr>
</tp1:TrackPointExtension>
</extensions>
</trkpt>
<trkpt lat="58.63242907" lon="16.77890056">
<ele>52.6</ele>
<time>2026-03-22T10:56:31Z</time>
<extensions>
<tp1:TrackPointExtension>
<tp1:hr>138</tp1:hr>
</tp1:TrackPointExtension>
</extensions>
</trkpt>
<trkpt lat="58.63242405" lon="16.7788475">
<ele>53.0</ele>
<time>2026-03-22T10:56:32Z</time>
<extensions>
<tp1:TrackPointExtension>
<tp1:hr>138</tp1:hr>
</tp1:TrackPointExtension>
</extensions>
</trkpt>
<trkpt lat="58.63242187" lon="16.77879411">
<ele>53.2</ele>
<time>2026-03-22T10:56:33Z</time>
<extensions>
<tp1:TrackPointExtension>
<tp1:hr>138</tp1:hr>
</tp1:TrackPointExtension>
</extensions>
</trkpt>
<trkpt lat="58.63242036" lon="16.77872948">
<ele>53.4</ele>
<time>2026-03-22T10:56:34Z</time>
<extensions>
<tp1:TrackPointExtension>
<tp1:hr>138</tp1:hr>
</tp1:TrackPointExtension>
</extensions>
</trkpt>
<trkpt lat="58.63242111" lon="16.77866737">
<ele>53.6</ele>
<time>2026-03-22T10:56:35Z</time>
<extensions>
<tp1:TrackPointExtension>
<tp1:hr>138</tp1:hr>
</tp1:TrackPointExtension>
</extensions>
</trkpt>
<trkpt lat="58.63242304" lon="16.7786113">
<ele>53.6</ele>
<time>2026-03-22T10:56:36Z</time>
<extensions>
<tp1:TrackPointExtension>
<tp1:hr>138</tp1:hr>
</tp1:TrackPointExtension>
</extensions>
</trkpt>
<trkpt lat="58.63245078" lon="16.77855648">
<ele>53.6</ele>
<time>2026-03-22T10:56:37Z</time>
<extensions>
<tp1:TrackPointExtension>
<tp1:hr>138</tp1:hr>
</tp1:TrackPointExtension>
</extensions>
</trkpt>
<trkpt lat="58.63245472" lon="16.77850912">
<ele>53.6</ele>
<time>2026-03-22T10:56:38Z</time>
<extensions>
<tp1:TrackPointExtension>
<tp1:hr>139</tp1:hr>
</tp1:TrackPointExtension>
</extensions>
</trkpt>
<trkpt lat="58.63246419" lon="16.77847677">
<ele>53.8</ele>
<time>2026-03-22T10:56:39Z</time>
<extensions>
<tp1:TrackPointExtension>
<tp1:hr>139</tp1:hr>
</tp1:TrackPointExtension>
</extensions>
</trkpt>
<trkpt lat="58.63246855" lon="16.77844282">
<ele>53.8</ele>
<time>2026-03-22T10:56:40Z</time>
<extensions>
<tp1:TrackPointExtension>
<tp1:hr>140</tp1:hr>
</tp1:TrackPointExtension>
</extensions>
</trkpt>
<trkpt lat="58.63247266" lon="16.77839396">
<ele>53.8</ele>
<time>2026-03-22T10:56:41Z</time>
<extensions>
<tp1:TrackPointExtension>
<tp1:hr>140</tp1:hr>
</tp1:TrackPointExtension>
</extensions>
</trkpt>
<trkpt lat="58.63246805" lon="16.77833118">
<ele>54.2</ele>
<time>2026-03-22T10:56:42Z</time>
<extensions>
<tp1:TrackPointExtension>
<tp1:hr>141</tp1:hr>
</tp1:TrackPointExtension>
</extensions>
</trkpt>
<trkpt lat="58.63246277" lon="16.77828507">
<ele>54.4</ele>
<time>2026-03-22T10:56:43Z</time>
<extensions>
<tp1:TrackPointExtension>
<tp1:hr>142</tp1:hr>
</tp1:TrackPointExtension>
</extensions>
</trkpt>
<trkpt lat="58.63246537" lon="16.77822556">
<ele>54.4</ele>
<time>2026-03-22T10:56:44Z</time>
<extensions>
<tp1:TrackPointExtension>
<tp1:hr>142</tp1:hr>
</tp1:TrackPointExtension>
</extensions>
</trkpt>
<trkpt lat="58.63248289" lon="16.77815541">
<ele>54.2</ele>
<time>2026-03-22T10:56:45Z</time>
<extensions>
<tp1:TrackPointExtension>
<tp1:hr>142</tp1:hr>
</tp1:TrackPointExtension>
</extensions>
</trkpt>
<trkpt lat="58.63249454" lon="16.77810864">
<ele>54.2</ele>
<time>2026-03-22T10:56:46Z</time>
<extensions>
<tp1:TrackPointExtension>
<tp1:hr>143</tp1:hr>
</tp1:TrackPointExtension>
</extensions>
</trkpt>
<trkpt lat="58.63250468" lon="16.77807997">
<ele>54.2</ele>
<time>2026-03-22T10:56:47Z</time>
<extensions>
<tp1:TrackPointExtension>
<tp1:hr>143</tp1:hr>
</tp1:TrackPointExtension>
</extensions>
</trkpt>
<trkpt lat="58.63251717" lon="16.7780824">
<ele>54.6</ele>
<time>2026-03-22T10:56:48Z</time>
<extensions>
<tp1:TrackPointExtension>
<tp1:hr>143</tp1:hr>
</tp1:TrackPointExtension>
</extensions>
</trkpt>
<trkpt lat="58.63252094" lon="16.77809078">
<ele>54.8</ele>
<time>2026-03-22T10:56:49Z</time>
<extensions>
<tp1:TrackPointExtension>
<tp1:hr>143</tp1:hr>
</tp1:TrackPointExtension>
</extensions>
</trkpt>
<trkpt lat="58.63251918" lon="16.77807804">
<ele>55.2</ele>
<time>2026-03-22T10:56:50Z</time>
<extensions>
<tp1:TrackPointExtension>
<tp1:hr>143</tp1:hr>
</tp1:TrackPointExtension>
</extensions>
</trkpt>
<trkpt lat="58.63251373" lon="16.77807268">
<ele>55.4</ele>
<time>2026-03-22T10:56:51Z</time>
<extensions>
<tp1:TrackPointExtension>
<tp1:hr>144</tp1:hr>
</tp1:TrackPointExtension>
</extensions>
</trkpt>
<trkpt lat="58.6325025" lon="16.77806069">
<ele>55.4</ele>
<time>2026-03-22T10:56:52Z</time>
<extensions>
<tp1:TrackPointExtension>
<tp1:hr>144</tp1:hr>
</tp1:TrackPointExtension>
</extensions>
</trkpt>
<trkpt lat="58.63248557" lon="16.77804946">
<ele>55.2</ele>
<time>2026-03-22T10:56:53Z</time>
<extensions>
<tp1:TrackPointExtension>
<tp1:hr>144</tp1:hr>
</tp1:TrackPointExtension>
</extensions>
</trkpt>
<trkpt lat="58.6324678" lon="16.77803613">
<ele>55.0</ele>
<time>2026-03-22T10:56:54Z</time>
<extensions>
<tp1:TrackPointExtension>
<tp1:hr>144</tp1:hr>
</tp1:TrackPointExtension>
</extensions>
</trkpt>
<trkpt lat="58.63246151" lon="16.77800814">
<ele>54.6</ele>
<time>2026-03-22T10:56:55Z</time>
<extensions>
<tp1:TrackPointExtension>
<tp1:hr>143</tp1:hr>
</tp1:TrackPointExtension>
</extensions>
</trkpt>
<trkpt lat="58.63245883" lon="16.77796304">
<ele>54.4</ele>
<time>2026-03-22T10:56:56Z</time>
<extensions>
<tp1:TrackPointExtension>
<tp1:hr>143</tp1:hr>
</tp1:TrackPointExtension>
</extensions>
</trkpt>
<trkpt lat="58.63246084" lon="16.7779239">
<ele>54.0</ele>
<time>2026-03-22T10:56:57Z</time>
<extensions>
<tp1:TrackPointExtension>
<tp1:hr>143</tp1:hr>
</tp1:TrackPointExtension>
</extensions>
</trkpt>
<trkpt lat="58.63245958" lon="16.77789079">
<ele>53.6</ele>
<time>2026-03-22T10:56:58Z</time>
<extensions>
<tp1:TrackPointExtension>
<tp1:hr>142</tp1:hr>
</tp1:TrackPointExtension>
</extensions>
</trkpt>
<trkpt lat="58.63245581" lon="16.77784938">
<ele>53.2</ele>
<time>2026-03-22T10:56:59Z</time>
<extensions>
<tp1:TrackPointExtension>
<tp1:hr>141</tp1:hr>
</tp1:TrackPointExtension>
</extensions>
</trkpt>
<trkpt lat="58.63245372" lon="16.7778286">
<ele>52.8</ele>
<time>2026-03-22T10:57:00Z</time>
<extensions>
<tp1:TrackPointExtension>
<tp1:hr>141</tp1:hr>
</tp1:TrackPointExtension>
</extensions>
</trkpt>
<trkpt lat="58.63243234" lon="16.77782122">
<ele>52.2</ele>
<time>2026-03-22T10:57:01Z</time>
<extensions>
<tp1:TrackPointExtension>
<tp1:hr>141</tp1:hr>
</tp1:TrackPointExtension>
</extensions>
</trkpt>
<trkpt lat="58.63241784" lon="16.77780538">
<ele>51.6</ele>
<time>2026-03-22T10:57:02Z</time>
<extensions>
<tp1:TrackPointExtension>
<tp1:hr>140</tp1:hr>
</tp1:TrackPointExtension>
</extensions>
</trkpt>
<trkpt lat="58.63240384" lon="16.77780211">
<ele>51.0</ele>
<time>2026-03-22T10:57:03Z</time>
<extensions>
<tp1:TrackPointExtension>
<tp1:hr>140</tp1:hr>
</tp1:TrackPointExtension>
</extensions>
</trkpt>
<trkpt lat="58.63238063" lon="16.77780479">
<ele>50.4</ele>
<time>2026-03-22T10:57:04Z</time>
<extensions>
<tp1:TrackPointExtension>
<tp1:hr>140</tp1:hr>
</tp1:TrackPointExtension>
</extensions>
</trkpt>
<trkpt lat="58.6323507" lon="16.77779306">
<ele>49.6</ele>
<time>2026-03-22T10:57:05Z</time>
<extensions>
<tp1:TrackPointExtension>
<tp1:hr>139</tp1:hr>
</tp1:TrackPointExtension>
</extensions>
</trkpt>
<trkpt lat="58.63232438" lon="16.77777998">
<ele>48.8</ele>
<time>2026-03-22T10:57:06Z</time>
<extensions>
<tp1:TrackPointExtension>
<tp1:hr>139</tp1:hr>
</tp1:TrackPointExtension>
</extensions>
</trkpt>
<trkpt lat="58.63231768" lon="16.77774704">
<ele>47.8</ele>
<time>2026-03-22T10:57:07Z</time>
<extensions>
<tp1:TrackPointExtension>
<tp1:hr>138</tp1:hr>
</tp1:TrackPointExtension>
</extensions>
</trkpt>
<trkpt lat="58.63230309" lon="16.77769097">
<ele>47.0</ele>
<time>2026-03-22T10:57:08Z</time>
<extensions>
<tp1:TrackPointExtension>
<tp1:hr>138</tp1:hr>
</tp1:TrackPointExtension>
</extensions>
</trkpt>
<trkpt lat="58.63229907" lon="16.77761989">
<ele>46.6</ele>
<time>2026-03-22T10:57:09Z</time>
<extensions>
<tp1:TrackPointExtension>
<tp1:hr>137</tp1:hr>
</tp1:TrackPointExtension>
</extensions>
</trkpt>
<trkpt lat="58.63229304" lon="16.77757773">
<ele>46.2</ele>
<time>2026-03-22T10:57:10Z</time>
<extensions>
<tp1:TrackPointExtension>
<tp1:hr>136</tp1:hr>
</tp1:TrackPointExtension>
</extensions>
</trkpt>
<trkpt lat="58.63229027" lon="16.77753246">
<ele>46.2</ele>
<time>2026-03-22T10:57:11Z</time>
<extensions>
<tp1:TrackPointExtension>
<tp1:hr>136</tp1:hr>
</tp1:TrackPointExtension>
</extensions>
</trkpt>
<trkpt lat="58.63229413" lon="16.77748033">
<ele>46.0</ele>
<time>2026-03-22T10:57:12Z</time>
<extensions>
<tp1:TrackPointExtension>
<tp1:hr>135</tp1:hr>
</tp1:TrackPointExtension>
</extensions>
</trkpt>
<trkpt lat="58.63229346" lon="16.77742886">
<ele>46.0</ele>
<time>2026-03-22T10:57:13Z</time>
<extensions>
<tp1:TrackPointExtension>
<tp1:hr>135</tp1:hr>
</tp1:TrackPointExtension>
</extensions>
</trkpt>
<trkpt lat="58.63228281" lon="16.77738176">
<ele>46.2</ele>
<time>2026-03-22T10:57:14Z</time>
<extensions>
<tp1:TrackPointExtension>
<tp1:hr>134</tp1:hr>
</tp1:TrackPointExtension>
</extensions>
</trkpt>
<trkpt lat="58.63226915" lon="16.77731864">
<ele>46.2</ele>
<time>2026-03-22T10:57:15Z</time>
<extensions>
<tp1:TrackPointExtension>
<tp1:hr>134</tp1:hr>
</tp1:TrackPointExtension>
</extensions>
</trkpt>
<trkpt lat="58.63225289" lon="16.77726693">
<ele>46.2</ele>
<time>2026-03-22T10:57:16Z</time>
<extensions>
<tp1:TrackPointExtension>
<tp1:hr>134</tp1:hr>
</tp1:TrackPointExtension>
</extensions>
</trkpt>
<trkpt lat="58.63223352" lon="16.77719886">
<ele>46.2</ele>
<time>2026-03-22T10:57:17Z</time>
<extensions>
<tp1:TrackPointExtension>
<tp1:hr>134</tp1:hr>
</tp1:TrackPointExtension>
</extensions>
</trkpt>
<trkpt lat="58.63221659" lon="16.77714304">
<ele>46.2</ele>
<time>2026-03-22T10:57:18Z</time>
<extensions>
<tp1:TrackPointExtension>
<tp1:hr>134</tp1:hr>
</tp1:TrackPointExtension>
</extensions>
</trkpt>
<trkpt lat="58.63219673" lon="16.77710239">
<ele>46.2</ele>
<time>2026-03-22T10:57:19Z</time>
<extensions>
<tp1:TrackPointExtension>
<tp1:hr>134</tp1:hr>
</tp1:TrackPointExtension>
</extensions>
</trkpt>
<trkpt lat="58.63217209" lon="16.77706358">
<ele>46.2</ele>
<time>2026-03-22T10:57:20Z</time>
<extensions>
<tp1:TrackPointExtension>
<tp1:hr>134</tp1:hr>
</tp1:TrackPointExtension>
</extensions>
</trkpt>
<trkpt lat="58.63214375" lon="16.7770293">
<ele>46.0</ele>
<time>2026-03-22T10:57:21Z</time>
<extensions>
<tp1:TrackPointExtension>
<tp1:hr>134</tp1:hr>
</tp1:TrackPointExtension>
</extensions>
</trkpt>
<trkpt lat="58.63211819" lon="16.77700331">
<ele>46.0</ele>
<time>2026-03-22T10:57:22Z</time>
<extensions>
<tp1:TrackPointExtension>
<tp1:hr>134</tp1:hr>
</tp1:TrackPointExtension>
</extensions>
</trkpt>
<trkpt lat="58.63209363" lon="16.77696149">
<ele>46.0</ele>
<time>2026-03-22T10:57:23Z</time>
<extensions>
<tp1:TrackPointExtension>
<tp1:hr>134</tp1:hr>
</tp1:TrackPointExtension>
</extensions>
</trkpt>
<trkpt lat="58.63208206" lon="16.77692637">
<ele>46.0</ele>
<time>2026-03-22T10:57:24Z</time>
<extensions>
<tp1:TrackPointExtension>
<tp1:hr>134</tp1:hr>
</tp1:TrackPointExtension>
</extensions>
</trkpt>
<trkpt lat="58.63207762" lon="16.77692545">
<ele>46.2</ele>
<time>2026-03-22T10:57:25Z</time>
<extensions>
<tp1:TrackPointExtension>
<tp1:hr>134</tp1:hr>
</tp1:TrackPointExtension>
</extensions>
</trkpt>
<trkpt lat="58.63206245" lon="16.77689888">
<ele>46.4</ele>
<time>2026-03-22T10:57:26Z</time>
<extensions>
<tp1:TrackPointExtension>
<tp1:hr>134</tp1:hr>
</tp1:TrackPointExtension>
</extensions>
</trkpt>
<trkpt lat="58.63205097" lon="16.77687046">
<ele>47.0</ele>
<time>2026-03-22T10:57:27Z</time>
<extensions>
<tp1:TrackPointExtension>
<tp1:hr>135</tp1:hr>
</tp1:TrackPointExtension>
</extensions>
</trkpt>
<trkpt lat="58.63204409" lon="16.77685009">
<ele>47.4</ele>
<time>2026-03-22T10:57:28Z</time>
<extensions>
<tp1:TrackPointExtension>
<tp1:hr>134</tp1:hr>
</tp1:TrackPointExtension>
</extensions>
</trkpt>
<trkpt lat="58.63204057" lon="16.77681212">
<ele>47.8</ele>
<time>2026-03-22T10:57:29Z</time>
<extensions>
<tp1:TrackPointExtension>
<tp1:hr>134</tp1:hr>
</tp1:TrackPointExtension>
</extensions>
</trkpt>
<trkpt lat="58.63204258" lon="16.77679352">
<ele>48.0</ele>
<time>2026-03-22T10:57:30Z</time>
<extensions>
<tp1:TrackPointExtension>
<tp1:hr>134</tp1:hr>
</tp1:TrackPointExtension>
</extensions>
</trkpt>
<trkpt lat="58.63203915" lon="16.77674607">
<ele>48.4</ele>
<time>2026-03-22T10:57:31Z</time>
<extensions>
<tp1:TrackPointExtension>
<tp1:hr>134</tp1:hr>
</tp1:TrackPointExtension>
</extensions>
</trkpt>
<trkpt lat="58.63204502" lon="16.77668824">
<ele>48.8</ele>
<time>2026-03-22T10:57:32Z</time>
<extensions>
<tp1:TrackPointExtension>
<tp1:hr>134</tp1:hr>
</tp1:TrackPointExtension>
</extensions>
</trkpt>
<trkpt lat="58.63205281" lon="16.77665312">
<ele>49.2</ele>
<time>2026-03-22T10:57:33Z</time>
<extensions>
<tp1:TrackPointExtension>
<tp1:hr>133</tp1:hr>
</tp1:TrackPointExtension>
</extensions>
</trkpt>
<trkpt lat="58.63205809" lon="16.77662395">
<ele>49.6</ele>
<time>2026-03-22T10:57:34Z</time>
<extensions>
<tp1:TrackPointExtension>
<tp1:hr>133</tp1:hr>
</tp1:TrackPointExtension>
</extensions>
</trkpt>
<trkpt lat="58.63206538" lon="16.77657232">
<ele>50.0</ele>
<time>2026-03-22T10:57:35Z</time>
<extensions>
<tp1:TrackPointExtension>
<tp1:hr>132</tp1:hr>
</tp1:TrackPointExtension>
</extensions>
</trkpt>
<trkpt lat="58.63206748" lon="16.77654566">
<ele>50.2</ele>
<time>2026-03-22T10:57:36Z</time>
<extensions>
<tp1:TrackPointExtension>
<tp1:hr>131</tp1:hr>
</tp1:TrackPointExtension>
</extensions>
</trkpt>
<trkpt lat="58.6320715" lon="16.77651557">
<ele>50.6</ele>
<time>2026-03-22T10:57:37Z</time>
<extensions>
<tp1:TrackPointExtension>
<tp1:hr>131</tp1:hr>
</tp1:TrackPointExtension>
</extensions>
</trkpt>
<trkpt lat="58.63207729" lon="16.77649101">
<ele>51.0</ele>
<time>2026-03-22T10:57:38Z</time>
<extensions>
<tp1:TrackPointExtension>
<tp1:hr>130</tp1:hr>
</tp1:TrackPointExtension>
</extensions>
</trkpt>
<trkpt lat="58.63207594" lon="16.7764693">
<ele>51.4</ele>
<time>2026-03-22T10:57:39Z</time>
<extensions>
<tp1:TrackPointExtension>
<tp1:hr>130</tp1:hr>
</tp1:TrackPointExtension>
</extensions>
</trkpt>
<trkpt lat="58.63206572" lon="16.77644424">
<ele>51.6</ele>
<time>2026-03-22T10:57:40Z</time>
<extensions>
<tp1:TrackPointExtension>
<tp1:hr>131</tp1:hr>
</tp1:TrackPointExtension>
</extensions>
</trkpt>
<trkpt lat="58.63205826" lon="16.77642915">
<ele>52.0</ele>
<time>2026-03-22T10:57:41Z</time>
<extensions>
<tp1:TrackPointExtension>
<tp1:hr>132</tp1:hr>
</tp1:TrackPointExtension>
</extensions>
</trkpt>
<trkpt lat="58.63205063" lon="16.77639135">
<ele>52.2</ele>
<time>2026-03-22T10:57:42Z</time>
<extensions>
<tp1:TrackPointExtension>
<tp1:hr>133</tp1:hr>
</tp1:TrackPointExtension>
</extensions>
</trkpt>
<trkpt lat="58.6320451" lon="16.77635749">
<ele>52.5</ele>
<time>2026-03-22T10:57:43Z</time>
<extensions>
<tp1:TrackPointExtension>
<tp1:hr>134</tp1:hr>
</tp1:TrackPointExtension>
</extensions>
</trkpt>
<trkpt lat="58.63204217" lon="16.77631868">
<ele>52.7</ele>
<time>2026-03-22T10:57:44Z</time>
<extensions>
<tp1:TrackPointExtension>
<tp1:hr>134</tp1:hr>
</tp1:TrackPointExtension>
</extensions>
</trkpt>
<trkpt lat="58.63204158" lon="16.77627275">
<ele>52.9</ele>
<time>2026-03-22T10:57:45Z</time>
<extensions>
<tp1:TrackPointExtension>
<tp1:hr>135</tp1:hr>
</tp1:TrackPointExtension>
</extensions>
</trkpt>
<trkpt lat="58.63205382" lon="16.77621952">
<ele>53.1</ele>
<time>2026-03-22T10:57:46Z</time>
<extensions>
<tp1:TrackPointExtension>
<tp1:hr>136</tp1:hr>
</tp1:TrackPointExtension>
</extensions>
</trkpt>
<trkpt lat="58.63205189" lon="16.77618457">
<ele>53.1</ele>
<time>2026-03-22T10:57:47Z</time>
<extensions>
<tp1:TrackPointExtension>
<tp1:hr>137</tp1:hr>
</tp1:TrackPointExtension>
</extensions>
</trkpt>
<trkpt lat="58.63204937" lon="16.77615104">
<ele>53.3</ele>
<time>2026-03-22T10:57:48Z</time>
<extensions>
<tp1:TrackPointExtension>
<tp1:hr>138</tp1:hr>
</tp1:TrackPointExtension>
</extensions>
</trkpt>
<trkpt lat="58.63204569" lon="16.77610972">
<ele>53.5</ele>
<time>2026-03-22T10:57:49Z</time>
<extensions>
<tp1:TrackPointExtension>
<tp1:hr>139</tp1:hr>
</tp1:TrackPointExtension>
</extensions>
</trkpt>
<trkpt lat="58.63203948" lon="16.77607477">
<ele>53.7</ele>
<time>2026-03-22T10:57:50Z</time>
<extensions>
<tp1:TrackPointExtension>
<tp1:hr>139</tp1:hr>
</tp1:TrackPointExtension>
</extensions>
</trkpt>
<trkpt lat="58.63203504" lon="16.77604476">
<ele>54.1</ele>
<time>2026-03-22T10:57:51Z</time>
<extensions>
<tp1:TrackPointExtension>
<tp1:hr>140</tp1:hr>
</tp1:TrackPointExtension>
</extensions>
</trkpt>
<trkpt lat="58.63203387" lon="16.77602565">
<ele>54.5</ele>
<time>2026-03-22T10:57:52Z</time>
<extensions>
<tp1:TrackPointExtension>
<tp1:hr>141</tp1:hr>
</tp1:TrackPointExtension>
</extensions>
</trkpt>
<trkpt lat="58.63202691" lon="16.77599589">
<ele>54.9</ele>
<time>2026-03-22T10:57:53Z</time>
<extensions>
<tp1:TrackPointExtension>
<tp1:hr>141</tp1:hr>
</tp1:TrackPointExtension>
</extensions>
</trkpt>
<trkpt lat="58.63203454" lon="16.775971">
<ele>55.1</ele>
<time>2026-03-22T10:57:54Z</time>
<extensions>
<tp1:TrackPointExtension>
<tp1:hr>142</tp1:hr>
</tp1:TrackPointExtension>
</extensions>
</trkpt>
<trkpt lat="58.63203127" lon="16.77592481">
<ele>55.5</ele>
<time>2026-03-22T10:57:55Z</time>
<extensions>
<tp1:TrackPointExtension>
<tp1:hr>142</tp1:hr>
</tp1:TrackPointExtension>
</extensions>
</trkpt>
<trkpt lat="58.63202683" lon="16.77590101">
<ele>55.7</ele>
<time>2026-03-22T10:57:56Z</time>
<extensions>
<tp1:TrackPointExtension>
<tp1:hr>143</tp1:hr>
</tp1:TrackPointExtension>
</extensions>
</trkpt>
<trkpt lat="58.63202792" lon="16.77585918">
<ele>55.7</ele>
<time>2026-03-22T10:57:57Z</time>
<extensions>
<tp1:TrackPointExtension>
<tp1:hr>143</tp1:hr>
</tp1:TrackPointExtension>
</extensions>
</trkpt>
<trkpt lat="58.63203068" lon="16.77580428">
<ele>55.7</ele>
<time>2026-03-22T10:57:58Z</time>
<extensions>
<tp1:TrackPointExtension>
<tp1:hr>142</tp1:hr>
</tp1:TrackPointExtension>
</extensions>
</trkpt>
<trkpt lat="58.63202465" lon="16.77573857">
<ele>56.1</ele>
<time>2026-03-22T10:57:59Z</time>
<extensions>
<tp1:TrackPointExtension>
<tp1:hr>142</tp1:hr>
</tp1:TrackPointExtension>
</extensions>
</trkpt>
<trkpt lat="58.63202984" lon="16.77571543">
<ele>56.3</ele>
<time>2026-03-22T10:58:00Z</time>
<extensions>
<tp1:TrackPointExtension>
<tp1:hr>142</tp1:hr>
</tp1:TrackPointExtension>
</extensions>
</trkpt>
<trkpt lat="58.6320332" lon="16.77568157">
<ele>56.5</ele>
<time>2026-03-22T10:58:01Z</time>
<extensions>
<tp1:TrackPointExtension>
<tp1:hr>143</tp1:hr>
</tp1:TrackPointExtension>
</extensions>
</trkpt>
<trkpt lat="58.63203378" lon="16.77563514">
<ele>56.7</ele>
<time>2026-03-22T10:58:02Z</time>
<extensions>
<tp1:TrackPointExtension>
<tp1:hr>144</tp1:hr>
</tp1:TrackPointExtension>
</extensions>
</trkpt>
<trkpt lat="58.6320373" lon="16.77558971">
<ele>56.7</ele>
<time>2026-03-22T10:58:03Z</time>
<extensions>
<tp1:TrackPointExtension>
<tp1:hr>145</tp1:hr>
</tp1:TrackPointExtension>
</extensions>
</trkpt>
<trkpt lat="58.63204116" lon="16.7755395">
<ele>56.5</ele>
<time>2026-03-22T10:58:04Z</time>
<extensions>
<tp1:TrackPointExtension>
<tp1:hr>145</tp1:hr>
</tp1:TrackPointExtension>
</extensions>
</trkpt>
<trkpt lat="58.63205046" lon="16.77550723">
<ele>56.5</ele>
<time>2026-03-22T10:58:05Z</time>
<extensions>
<tp1:TrackPointExtension>
<tp1:hr>146</tp1:hr>
</tp1:TrackPointExtension>
</extensions>
</trkpt>
<trkpt lat="58.63206446" lon="16.77545115">
<ele>56.5</ele>
<time>2026-03-22T10:58:06Z</time>
<extensions>
<tp1:TrackPointExtension>
<tp1:hr>146</tp1:hr>
</tp1:TrackPointExtension>
</extensions>
</trkpt>
<trkpt lat="58.63206949" lon="16.77541352">
<ele>56.7</ele>
<time>2026-03-22T10:58:07Z</time>
<extensions>
<tp1:TrackPointExtension>
<tp1:hr>146</tp1:hr>
</tp1:TrackPointExtension>
</extensions>
</trkpt>
<trkpt lat="58.63206924" lon="16.77538225">
<ele>57.1</ele>
<time>2026-03-22T10:58:08Z</time>
<extensions>
<tp1:TrackPointExtension>
<tp1:hr>147</tp1:hr>
</tp1:TrackPointExtension>
</extensions>
</trkpt>
<trkpt lat="58.63206128" lon="16.77535124">
<ele>57.3</ele>
<time>2026-03-22T10:58:09Z</time>
<extensions>
<tp1:TrackPointExtension>
<tp1:hr>147</tp1:hr>
</tp1:TrackPointExtension>
</extensions>
</trkpt>
<trkpt lat="58.63205181" lon="16.77531822">
<ele>57.3</ele>
<time>2026-03-22T10:58:10Z</time>
<extensions>
<tp1:TrackPointExtension>
<tp1:hr>148</tp1:hr>
</tp1:TrackPointExtension>
</extensions>
</trkpt>
<trkpt lat="58.63203404" lon="16.77526323">
<ele>57.3</ele>
<time>2026-03-22T10:58:11Z</time>
<extensions>
<tp1:TrackPointExtension>
<tp1:hr>148</tp1:hr>
</tp1:TrackPointExtension>
</extensions>
</trkpt>
<trkpt lat="58.63200621" lon="16.77523968">
<ele>56.9</ele>
<time>2026-03-22T10:58:12Z</time>
<extensions>
<tp1:TrackPointExtension>
<tp1:hr>148</tp1:hr>
</tp1:TrackPointExtension>
</extensions>
</trkpt>
<trkpt lat="58.63198316" lon="16.77519492">
<ele>56.5</ele>
<time>2026-03-22T10:58:13Z</time>
<extensions>
<tp1:TrackPointExtension>
<tp1:hr>148</tp1:hr>
</tp1:TrackPointExtension>
</extensions>
</trkpt>
<trkpt lat="58.6319653" lon="16.77515745">
<ele>56.3</ele>
<time>2026-03-22T10:58:14Z</time>
<extensions>
<tp1:TrackPointExtension>
<tp1:hr>148</tp1:hr>
</tp1:TrackPointExtension>
</extensions>
</trkpt>
<trkpt lat="58.63195768" lon="16.77510171">
<ele>56.1</ele>
<time>2026-03-22T10:58:15Z</time>
<extensions>
<tp1:TrackPointExtension>
<tp1:hr>147</tp1:hr>
</tp1:TrackPointExtension>
</extensions>
</trkpt>
<trkpt lat="58.63194929" lon="16.77505502">
<ele>55.9</ele>
<time>2026-03-22T10:58:16Z</time>
<extensions>
<tp1:TrackPointExtension>
<tp1:hr>147</tp1:hr>
</tp1:TrackPointExtension>
</extensions>
</trkpt>
<trkpt lat="58.63194225" lon="16.77500951">
<ele>55.9</ele>
<time>2026-03-22T10:58:17Z</time>
<extensions>
<tp1:TrackPointExtension>
<tp1:hr>146</tp1:hr>
</tp1:TrackPointExtension>
</extensions>
</trkpt>
<trkpt lat="58.63194049" lon="16.77496953">
<ele>55.5</ele>
<time>2026-03-22T10:58:18Z</time>
<extensions>
<tp1:TrackPointExtension>
<tp1:hr>146</tp1:hr>
</tp1:TrackPointExtension>
</extensions>
</trkpt>
<trkpt lat="58.63194351" lon="16.77492226">
<ele>55.3</ele>
<time>2026-03-22T10:58:19Z</time>
<extensions>
<tp1:TrackPointExtension>
<tp1:hr>145</tp1:hr>
</tp1:TrackPointExtension>
</extensions>
</trkpt>
<trkpt lat="58.63195122" lon="16.77487205">
<ele>55.1</ele>
<time>2026-03-22T10:58:20Z</time>
<extensions>
<tp1:TrackPointExtension>
<tp1:hr>145</tp1:hr>
</tp1:TrackPointExtension>
</extensions>
</trkpt>
<trkpt lat="58.63195893" lon="16.77483584">
<ele>54.9</ele>
<time>2026-03-22T10:58:21Z</time>
<extensions>
<tp1:TrackPointExtension>
<tp1:hr>145</tp1:hr>
</tp1:TrackPointExtension>
</extensions>
</trkpt>
<trkpt lat="58.63193974" lon="16.77483969">
<ele>54.9</ele>
<time>2026-03-22T10:58:22Z</time>
<extensions>
<tp1:TrackPointExtension>
<tp1:hr>145</tp1:hr>
</tp1:TrackPointExtension>
</extensions>
</trkpt>
<trkpt lat="58.63192247" lon="16.77484632">
<ele>54.7</ele>
<time>2026-03-22T10:58:23Z</time>
<extensions>
<tp1:TrackPointExtension>
<tp1:hr>145</tp1:hr>
</tp1:TrackPointExtension>
</extensions>
</trkpt>
<trkpt lat="58.63192172" lon="16.77484497">
<ele>54.5</ele>
<time>2026-03-22T10:58:24Z</time>
<extensions>
<tp1:TrackPointExtension>
<tp1:hr>144</tp1:hr>
</tp1:TrackPointExtension>
</extensions>
</trkpt>
<trkpt lat="58.63191585" lon="16.7748293">
<ele>54.1</ele>
<time>2026-03-22T10:58:25Z</time>
<extensions>
<tp1:TrackPointExtension>
<tp1:hr>144</tp1:hr>
</tp1:TrackPointExtension>
</extensions>
</trkpt>
<trkpt lat="58.63191065" lon="16.77481966">
<ele>53.7</ele>
<time>2026-03-22T10:58:26Z</time>
<extensions>
<tp1:TrackPointExtension>
<tp1:hr>144</tp1:hr>
</tp1:TrackPointExtension>
</extensions>
</trkpt>
<trkpt lat="58.63191032" lon="16.77479141">
<ele>53.3</ele>
<time>2026-03-22T10:58:27Z</time>
<extensions>
<tp1:TrackPointExtension>
<tp1:hr>144</tp1:hr>
</tp1:TrackPointExtension>
</extensions>
</trkpt>
<trkpt lat="58.63191552" lon="16.77475143">
<ele>53.1</ele>
<time>2026-03-22T10:58:28Z</time>
<extensions>
<tp1:TrackPointExtension>
<tp1:hr>143</tp1:hr>
</tp1:TrackPointExtension>
</extensions>
</trkpt>
<trkpt lat="58.63192339" lon="16.77473132">
<ele>53.1</ele>
<time>2026-03-22T10:58:29Z</time>
<extensions>
<tp1:TrackPointExtension>
<tp1:hr>143</tp1:hr>
</tp1:TrackPointExtension>
</extensions>
</trkpt>
<trkpt lat="58.63193111" lon="16.77471355">
<ele>53.1</ele>
<time>2026-03-22T10:58:30Z</time>
<extensions>
<tp1:TrackPointExtension>
<tp1:hr>142</tp1:hr>
</tp1:TrackPointExtension>
</extensions>
</trkpt>
<trkpt lat="58.63194225" lon="16.77470558">
<ele>53.3</ele>
<time>2026-03-22T10:58:31Z</time>
<extensions>
<tp1:TrackPointExtension>
<tp1:hr>141</tp1:hr>
</tp1:TrackPointExtension>
</extensions>
</trkpt>
<trkpt lat="58.63195541" lon="16.77470667">
<ele>53.5</ele>
<time>2026-03-22T10:58:32Z</time>
<extensions>
<tp1:TrackPointExtension>
<tp1:hr>140</tp1:hr>
</tp1:TrackPointExtension>
</extensions>
</trkpt>
<trkpt lat="58.63197167" lon="16.77470734">
<ele>53.9</ele>
<time>2026-03-22T10:58:33Z</time>
<extensions>
<tp1:TrackPointExtension>
<tp1:hr>140</tp1:hr>
</tp1:TrackPointExtension>
</extensions>
</trkpt>
<trkpt lat="58.6319912" lon="16.77470089">
<ele>53.9</ele>
<time>2026-03-22T10:58:34Z</time>
<extensions>
<tp1:TrackPointExtension>
<tp1:hr>139</tp1:hr>
</tp1:TrackPointExtension>
</extensions>
</trkpt>
<trkpt lat="58.63201467" lon="16.77469108">
<ele>53.9</ele>
<time>2026-03-22T10:58:35Z</time>
<extensions>
<tp1:TrackPointExtension>
<tp1:hr>139</tp1:hr>
</tp1:TrackPointExtension>
</extensions>
</trkpt>
<trkpt lat="58.63204258" lon="16.77467625">
<ele>53.9</ele>
<time>2026-03-22T10:58:36Z</time>
<extensions>
<tp1:TrackPointExtension>
<tp1:hr>138</tp1:hr>
</tp1:TrackPointExtension>
</extensions>
</trkpt>
<trkpt lat="58.63206874" lon="16.77465823">
<ele>53.9</ele>
<time>2026-03-22T10:58:37Z</time>
<extensions>
<tp1:TrackPointExtension>
<tp1:hr>137</tp1:hr>
</tp1:TrackPointExtension>
</extensions>
</trkpt>
<trkpt lat="58.63209388" lon="16.77462998">
<ele>53.7</ele>
<time>2026-03-22T10:58:38Z</time>
<extensions>
<tp1:TrackPointExtension>
<tp1:hr>137</tp1:hr>
</tp1:TrackPointExtension>
</extensions>
</trkpt>
<trkpt lat="58.63211341" lon="16.77463635">
<ele>53.1</ele>
<time>2026-03-22T10:58:39Z</time>
<extensions>
<tp1:TrackPointExtension>
<tp1:hr>136</tp1:hr>
</tp1:TrackPointExtension>
</extensions>
</trkpt>
<trkpt lat="58.63213261" lon="16.7746392">
<ele>52.7</ele>
<time>2026-03-22T10:58:40Z</time>
<extensions>
<tp1:TrackPointExtension>
<tp1:hr>136</tp1:hr>
</tp1:TrackPointExtension>
</extensions>
</trkpt>
<trkpt lat="58.63214954" lon="16.77464322">
<ele>52.1</ele>
<time>2026-03-22T10:58:41Z</time>
<extensions>
<tp1:TrackPointExtension>
<tp1:hr>136</tp1:hr>
</tp1:TrackPointExtension>
</extensions>
</trkpt>
<trkpt lat="58.63216572" lon="16.77464364">
<ele>51.7</ele>
<time>2026-03-22T10:58:42Z</time>
<extensions>
<tp1:TrackPointExtension>
<tp1:hr>136</tp1:hr>
</tp1:TrackPointExtension>
</extensions>
</trkpt>
<trkpt lat="58.63219153" lon="16.77464129">
<ele>51.5</ele>
<time>2026-03-22T10:58:43Z</time>
<extensions>
<tp1:TrackPointExtension>
<tp1:hr>136</tp1:hr>
</tp1:TrackPointExtension>
</extensions>
</trkpt>
<trkpt lat="58.63221366" lon="16.77463333">
<ele>51.1</ele>
<time>2026-03-22T10:58:44Z</time>
<extensions>
<tp1:TrackPointExtension>
<tp1:hr>136</tp1:hr>
</tp1:TrackPointExtension>
</extensions>
</trkpt>
<trkpt lat="58.63223914" lon="16.77461104">
<ele>50.9</ele>
<time>2026-03-22T10:58:45Z</time>
<extensions>
<tp1:TrackPointExtension>
<tp1:hr>135</tp1:hr>
</tp1:TrackPointExtension>
</extensions>
</trkpt>
<trkpt lat="58.63226253" lon="16.77458002">
<ele>50.5</ele>
<time>2026-03-22T10:58:46Z</time>
<extensions>
<tp1:TrackPointExtension>
<tp1:hr>135</tp1:hr>
</tp1:TrackPointExtension>
</extensions>
</trkpt>
<trkpt lat="58.6322891" lon="16.77455437">
<ele>50.5</ele>
<time>2026-03-22T10:58:47Z</time>
<extensions>
<tp1:TrackPointExtension>
<tp1:hr>135</tp1:hr>
</tp1:TrackPointExtension>
</extensions>
</trkpt>
<trkpt lat="58.63231458" lon="16.77453862">
<ele>50.3</ele>
<time>2026-03-22T10:58:48Z</time>
<extensions>
<tp1:TrackPointExtension>
<tp1:hr>134</tp1:hr>
</tp1:TrackPointExtension>
</extensions>
</trkpt>
<trkpt lat="58.63235196" lon="16.77453501">
<ele>50.1</ele>
<time>2026-03-22T10:58:49Z</time>
<extensions>
<tp1:TrackPointExtension>
<tp1:hr>134</tp1:hr>
</tp1:TrackPointExtension>
</extensions>
</trkpt>
<trkpt lat="58.63237266" lon="16.77452319">
<ele>50.1</ele>
<time>2026-03-22T10:58:50Z</time>
<extensions>
<tp1:TrackPointExtension>
<tp1:hr>134</tp1:hr>
</tp1:TrackPointExtension>
</extensions>
</trkpt>
<trkpt lat="58.6324082" lon="16.77448874">
<ele>49.9</ele>
<time>2026-03-22T10:58:51Z</time>
<extensions>
<tp1:TrackPointExtension>
<tp1:hr>134</tp1:hr>
</tp1:TrackPointExtension>
</extensions>
</trkpt>
<trkpt lat="58.63244961" lon="16.77445371">
<ele>49.3</ele>
<time>2026-03-22T10:58:52Z</time>
<extensions>
<tp1:TrackPointExtension>
<tp1:hr>133</tp1:hr>
</tp1:TrackPointExtension>
</extensions>
</trkpt>
<trkpt lat="58.6324844" lon="16.77441968">
<ele>48.7</ele>
<time>2026-03-22T10:58:53Z</time>
<extensions>
<tp1:TrackPointExtension>
<tp1:hr>133</tp1:hr>
</tp1:TrackPointExtension>
</extensions>
</trkpt>
<trkpt lat="58.63252211" lon="16.77439604">
<ele>48.5</ele>
<time>2026-03-22T10:58:54Z</time>
<extensions>
<tp1:TrackPointExtension>
<tp1:hr>133</tp1:hr>
</tp1:TrackPointExtension>
</extensions>
</trkpt>
<trkpt lat="58.63255765" lon="16.77438623">
<ele>48.3</ele>
<time>2026-03-22T10:58:55Z</time>
<extensions>
<tp1:TrackPointExtension>
<tp1:hr>133</tp1:hr>
</tp1:TrackPointExtension>
</extensions>
</trkpt>
<trkpt lat="58.63258867" lon="16.77438891">
<ele>48.3</ele>
<time>2026-03-22T10:58:56Z</time>
<extensions>
<tp1:TrackPointExtension>
<tp1:hr>133</tp1:hr>
</tp1:TrackPointExtension>
</extensions>
</trkpt>
<trkpt lat="58.63261499" lon="16.77438246">
<ele>48.3</ele>
<time>2026-03-22T10:58:57Z</time>
<extensions>
<tp1:TrackPointExtension>
<tp1:hr>134</tp1:hr>
</tp1:TrackPointExtension>
</extensions>
</trkpt>
<trkpt lat="58.63265572" lon="16.77437106">
<ele>48.3</ele>
<time>2026-03-22T10:58:58Z</time>
<extensions>
<tp1:TrackPointExtension>
<tp1:hr>134</tp1:hr>
</tp1:TrackPointExtension>
</extensions>
</trkpt>
<trkpt lat="58.63268648" lon="16.77438539">
<ele>48.3</ele>
<time>2026-03-22T10:58:59Z</time>
<extensions>
<tp1:TrackPointExtension>
<tp1:hr>134</tp1:hr>
</tp1:TrackPointExtension>
</extensions>
</trkpt>
<trkpt lat="58.63271423" lon="16.77439118">
<ele>48.3</ele>
<time>2026-03-22T10:59:00Z</time>
<extensions>
<tp1:TrackPointExtension>
<tp1:hr>134</tp1:hr>
</tp1:TrackPointExtension>
</extensions>
</trkpt>
<trkpt lat="58.63274063" lon="16.7743885">
<ele>48.3</ele>
<time>2026-03-22T10:59:01Z</time>
<extensions>
<tp1:TrackPointExtension>
<tp1:hr>133</tp1:hr>
</tp1:TrackPointExtension>
</extensions>
</trkpt>
<trkpt lat="58.63276326" lon="16.77438791">
<ele>48.5</ele>
<time>2026-03-22T10:59:02Z</time>
<extensions>
<tp1:TrackPointExtension>
<tp1:hr>133</tp1:hr>
</tp1:TrackPointExtension>
</extensions>
</trkpt>
<trkpt lat="58.63279453" lon="16.77435547">
<ele>48.7</ele>
<time>2026-03-22T10:59:03Z</time>
<extensions>
<tp1:TrackPointExtension>
<tp1:hr>133</tp1:hr>
</tp1:TrackPointExtension>
</extensions>
</trkpt>
<trkpt lat="58.63281615" lon="16.77432253">
<ele>48.9</ele>
<time>2026-03-22T10:59:04Z</time>
<extensions>
<tp1:TrackPointExtension>
<tp1:hr>133</tp1:hr>
</tp1:TrackPointExtension>
</extensions>
</trkpt>
<trkpt lat="58.63283736" lon="16.77430753">
<ele>49.3</ele>
<time>2026-03-22T10:59:05Z</time>
<extensions>
<tp1:TrackPointExtension>
<tp1:hr>133</tp1:hr>
</tp1:TrackPointExtension>
</extensions>
</trkpt>
<trkpt lat="58.63285647" lon="16.77428984">
<ele>49.3</ele>
<time>2026-03-22T10:59:06Z</time>
<extensions>
<tp1:TrackPointExtension>
<tp1:hr>132</tp1:hr>
</tp1:TrackPointExtension>
</extensions>
</trkpt>
<trkpt lat="58.63287591" lon="16.77425941">
<ele>49.3</ele>
<time>2026-03-22T10:59:07Z</time>
<extensions>
<tp1:TrackPointExtension>
<tp1:hr>131</tp1:hr>
</tp1:TrackPointExtension>
</extensions>
</trkpt>
<trkpt lat="58.63289025" lon="16.77421893">
<ele>49.3</ele>
<time>2026-03-22T10:59:08Z</time>
<extensions>
<tp1:TrackPointExtension>
<tp1:hr>130</tp1:hr>
</tp1:TrackPointExtension>
</extensions>
</trkpt>
<trkpt lat="58.63291053" lon="16.77418708">
<ele>49.5</ele>
<time>2026-03-22T10:59:09Z</time>
<extensions>
<tp1:TrackPointExtension>
<tp1:hr>130</tp1:hr>
</tp1:TrackPointExtension>
</extensions>
</trkpt>
<trkpt lat="58.63292914" lon="16.774159">
<ele>49.5</ele>
<time>2026-03-22T10:59:10Z</time>
<extensions>
<tp1:TrackPointExtension>
<tp1:hr>129</tp1:hr>
</tp1:TrackPointExtension>
</extensions>
</trkpt>
<trkpt lat="58.63295194" lon="16.77413377">
<ele>49.7</ele>
<time>2026-03-22T10:59:11Z</time>
<extensions>
<tp1:TrackPointExtension>
<tp1:hr>128</tp1:hr>
</tp1:TrackPointExtension>
</extensions>
</trkpt>
<trkpt lat="58.63297038" lon="16.77410527">
<ele>49.9</ele>
<time>2026-03-22T10:59:12Z</time>
<extensions>
<tp1:TrackPointExtension>
<tp1:hr>129</tp1:hr>
</tp1:TrackPointExtension>
</extensions>
</trkpt>
<trkpt lat="58.63299016" lon="16.77408054">
<ele>49.9</ele>
<time>2026-03-22T10:59:13Z</time>
<extensions>
<tp1:TrackPointExtension>
<tp1:hr>129</tp1:hr>
</tp1:TrackPointExtension>
</extensions>
</trkpt>
<trkpt lat="58.63301245" lon="16.77405741">
<ele>49.9</ele>
<time>2026-03-22T10:59:14Z</time>
<extensions>
<tp1:TrackPointExtension>
<tp1:hr>129</tp1:hr>
</tp1:TrackPointExtension>
</extensions>
</trkpt>
<trkpt lat="58.63304405" lon="16.77404241">
<ele>49.9</ele>
<time>2026-03-22T10:59:15Z</time>
<extensions>
<tp1:TrackPointExtension>
<tp1:hr>129</tp1:hr>
</tp1:TrackPointExtension>
</extensions>
</trkpt>
<trkpt lat="58.63307456" lon="16.77403126">
<ele>49.9</ele>
<time>2026-03-22T10:59:16Z</time>
<extensions>
<tp1:TrackPointExtension>
<tp1:hr>129</tp1:hr>
</tp1:TrackPointExtension>
</extensions>
</trkpt>
<trkpt lat="58.63310231" lon="16.77402372">
<ele>49.9</ele>
<time>2026-03-22T10:59:17Z</time>
<extensions>
<tp1:TrackPointExtension>
<tp1:hr>129</tp1:hr>
</tp1:TrackPointExtension>
</extensions>
</trkpt>
<trkpt lat="58.6331293" lon="16.77402824">
<ele>49.9</ele>
<time>2026-03-22T10:59:18Z</time>
<extensions>
<tp1:TrackPointExtension>
<tp1:hr>129</tp1:hr>
</tp1:TrackPointExtension>
</extensions>
</trkpt>
<trkpt lat="58.63315327" lon="16.77406956">
<ele>49.9</ele>
<time>2026-03-22T10:59:19Z</time>
<extensions>
<tp1:TrackPointExtension>
<tp1:hr>128</tp1:hr>
</tp1:TrackPointExtension>
</extensions>
</trkpt>
<trkpt lat="58.63317733" lon="16.77412111">
<ele>50.0</ele>
<time>2026-03-22T10:59:20Z</time>
<extensions>
<tp1:TrackPointExtension>
<tp1:hr>129</tp1:hr>
</tp1:TrackPointExtension>
</extensions>
</trkpt>
<trkpt lat="58.63319694" lon="16.77415556">
<ele>50.2</ele>
<time>2026-03-22T10:59:21Z</time>
<extensions>
<tp1:TrackPointExtension>
<tp1:hr>128</tp1:hr>
</tp1:TrackPointExtension>
</extensions>
</trkpt>
<trkpt lat="58.6332189" lon="16.77420158">
<ele>50.2</ele>
<time>2026-03-22T10:59:22Z</time>
<extensions>
<tp1:TrackPointExtension>
<tp1:hr>128</tp1:hr>
</tp1:TrackPointExtension>
</extensions>
</trkpt>
<trkpt lat="58.63323424" lon="16.77425439">
<ele>50.2</ele>
<time>2026-03-22T10:59:23Z</time>
<extensions>
<tp1:TrackPointExtension>
<tp1:hr>128</tp1:hr>
</tp1:TrackPointExtension>
</extensions>
</trkpt>
<trkpt lat="58.63325209" lon="16.77428221">
<ele>50.4</ele>
<time>2026-03-22T10:59:24Z</time>
<extensions>
<tp1:TrackPointExtension>
<tp1:hr>128</tp1:hr>
</tp1:TrackPointExtension>
</extensions>
</trkpt>
<trkpt lat="58.63327187" lon="16.77430585">
<ele>50.6</ele>
<time>2026-03-22T10:59:25Z</time>
<extensions>
<tp1:TrackPointExtension>
<tp1:hr>128</tp1:hr>
</tp1:TrackPointExtension>
</extensions>
</trkpt>
<trkpt lat="58.63329048" lon="16.77430728">
<ele>51.0</ele>
<time>2026-03-22T10:59:26Z</time>
<extensions>
<tp1:TrackPointExtension>
<tp1:hr>127</tp1:hr>
</tp1:TrackPointExtension>
</extensions>
</trkpt>
<trkpt lat="58.63331873" lon="16.77429806">
<ele>51.2</ele>
<time>2026-03-22T10:59:27Z</time>
<extensions>
<tp1:TrackPointExtension>
<tp1:hr>127</tp1:hr>
</tp1:TrackPointExtension>
</extensions>
</trkpt>
<trkpt lat="58.63333994" lon="16.77428775">
<ele>51.2</ele>
<time>2026-03-22T10:59:28Z</time>
<extensions>
<tp1:TrackPointExtension>
<tp1:hr>126</tp1:hr>
</tp1:TrackPointExtension>
</extensions>
</trkpt>
<trkpt lat="58.63336349" lon="16.77428414">
<ele>51.4</ele>
<time>2026-03-22T10:59:29Z</time>
<extensions>
<tp1:TrackPointExtension>
<tp1:hr>125</tp1:hr>
</tp1:TrackPointExtension>
</extensions>
</trkpt>
<trkpt lat="58.63338528" lon="16.77428523">
<ele>51.4</ele>
<time>2026-03-22T10:59:30Z</time>
<extensions>
<tp1:TrackPointExtension>
<tp1:hr>126</tp1:hr>
</tp1:TrackPointExtension>
</extensions>
</trkpt>
<trkpt lat="58.63341873" lon="16.77429227">
<ele>51.6</ele>
<time>2026-03-22T10:59:31Z</time>
<extensions>
<tp1:TrackPointExtension>
<tp1:hr>127</tp1:hr>
</tp1:TrackPointExtension>
</extensions>
</trkpt>
<trkpt lat="58.63344857" lon="16.77427785">
<ele>51.6</ele>
<time>2026-03-22T10:59:32Z</time>
<extensions>
<tp1:TrackPointExtension>
<tp1:hr>127</tp1:hr>
</tp1:TrackPointExtension>
</extensions>
</trkpt>
<trkpt lat="58.63347346" lon="16.77426293">
<ele>51.8</ele>
<time>2026-03-22T10:59:33Z</time>
<extensions>
<tp1:TrackPointExtension>
<tp1:hr>128</tp1:hr>
</tp1:TrackPointExtension>
</extensions>
</trkpt>
<trkpt lat="58.63350045" lon="16.77426805">
<ele>51.8</ele>
<time>2026-03-22T10:59:34Z</time>
<extensions>
<tp1:TrackPointExtension>
<tp1:hr>128</tp1:hr>
</tp1:TrackPointExtension>
</extensions>
</trkpt>
<trkpt lat="58.63352694" lon="16.77428339">
<ele>52.0</ele>
<time>2026-03-22T10:59:35Z</time>
<extensions>
<tp1:TrackPointExtension>
<tp1:hr>129</tp1:hr>
</tp1:TrackPointExtension>
</extensions>
</trkpt>
<trkpt lat="58.63355795" lon="16.77427936">
<ele>52.2</ele>
<time>2026-03-22T10:59:36Z</time>
<extensions>
<tp1:TrackPointExtension>
<tp1:hr>128</tp1:hr>
</tp1:TrackPointExtension>
</extensions>
</trkpt>
<trkpt lat="58.63358242" lon="16.77428431">
<ele>52.6</ele>
<time>2026-03-22T10:59:37Z</time>
<extensions>
<tp1:TrackPointExtension>
<tp1:hr>128</tp1:hr>
</tp1:TrackPointExtension>
</extensions>
</trkpt>
<trkpt lat="58.633609" lon="16.77431415">
<ele>52.8</ele>
<time>2026-03-22T10:59:38Z</time>
<extensions>
<tp1:TrackPointExtension>
<tp1:hr>128</tp1:hr>
</tp1:TrackPointExtension>
</extensions>
</trkpt>
<trkpt lat="58.63362945" lon="16.77434516">
<ele>53.0</ele>
<time>2026-03-22T10:59:39Z</time>
<extensions>
<tp1:TrackPointExtension>
<tp1:hr>129</tp1:hr>
</tp1:TrackPointExtension>
</extensions>
</trkpt>
<trkpt lat="58.63365208" lon="16.77438112">
<ele>53.0</ele>
<time>2026-03-22T10:59:40Z</time>
<extensions>
<tp1:TrackPointExtension>
<tp1:hr>130</tp1:hr>
</tp1:TrackPointExtension>
</extensions>
</trkpt>
<trkpt lat="58.63368527" lon="16.77441515">
<ele>53.0</ele>
<time>2026-03-22T10:59:41Z</time>
<extensions>
<tp1:TrackPointExtension>
<tp1:hr>130</tp1:hr>
</tp1:TrackPointExtension>
</extensions>
</trkpt>
<trkpt lat="58.63370765" lon="16.77443636">
<ele>53.2</ele>
<time>2026-03-22T10:59:42Z</time>
<extensions>
<tp1:TrackPointExtension>
<tp1:hr>131</tp1:hr>
</tp1:TrackPointExtension>
</extensions>
</trkpt>
<trkpt lat="58.63373196" lon="16.77444683">
<ele>53.4</ele>
<time>2026-03-22T10:59:43Z</time>
<extensions>
<tp1:TrackPointExtension>
<tp1:hr>131</tp1:hr>
</tp1:TrackPointExtension>
</extensions>
</trkpt>
<trkpt lat="58.6337675" lon="16.77446402">
<ele>53.4</ele>
<time>2026-03-22T10:59:44Z</time>
<extensions>
<tp1:TrackPointExtension>
<tp1:hr>132</tp1:hr>
</tp1:TrackPointExtension>
</extensions>
</trkpt>
<trkpt lat="58.63379105" lon="16.77448723">
<ele>53.6</ele>
<time>2026-03-22T10:59:45Z</time>
<extensions>
<tp1:TrackPointExtension>
<tp1:hr>132</tp1:hr>
</tp1:TrackPointExtension>
</extensions>
</trkpt>
<trkpt lat="58.63381578" lon="16.7745164">
<ele>53.6</ele>
<time>2026-03-22T10:59:46Z</time>
<extensions>
<tp1:TrackPointExtension>
<tp1:hr>133</tp1:hr>
</tp1:TrackPointExtension>
</extensions>
</trkpt>
<trkpt lat="58.6338374" lon="16.77454918">
<ele>53.6</ele>
<time>2026-03-22T10:59:47Z</time>
<extensions>
<tp1:TrackPointExtension>
<tp1:hr>134</tp1:hr>
</tp1:TrackPointExtension>
</extensions>
</trkpt>
<trkpt lat="58.63386439" lon="16.77457231">
<ele>53.6</ele>
<time>2026-03-22T10:59:48Z</time>
<extensions>
<tp1:TrackPointExtension>
<tp1:hr>134</tp1:hr>
</tp1:TrackPointExtension>
</extensions>
</trkpt>
<trkpt lat="58.6338856" lon="16.77457726">
<ele>53.8</ele>
<time>2026-03-22T10:59:49Z</time>
<extensions>
<tp1:TrackPointExtension>
<tp1:hr>135</tp1:hr>
</tp1:TrackPointExtension>
</extensions>
</trkpt>
<trkpt lat="58.63391049" lon="16.77458773">
<ele>54.0</ele>
<time>2026-03-22T10:59:50Z</time>
<extensions>
<tp1:TrackPointExtension>
<tp1:hr>135</tp1:hr>
</tp1:TrackPointExtension>
</extensions>
</trkpt>
<trkpt lat="58.63393907" lon="16.77458857">
<ele>54.4</ele>
<time>2026-03-22T10:59:51Z</time>
<extensions>
<tp1:TrackPointExtension>
<tp1:hr>135</tp1:hr>
</tp1:TrackPointExtension>
</extensions>
</trkpt>
<trkpt lat="58.6339638" lon="16.77458815">
<ele>54.8</ele>
<time>2026-03-22T10:59:52Z</time>
<extensions>
<tp1:TrackPointExtension>
<tp1:hr>136</tp1:hr>
</tp1:TrackPointExtension>
</extensions>
</trkpt>
<trkpt lat="58.63397663" lon="16.774591">
<ele>55.4</ele>
<time>2026-03-22T10:59:53Z</time>
<extensions>
<tp1:TrackPointExtension>
<tp1:hr>136</tp1:hr>
</tp1:TrackPointExtension>
</extensions>
</trkpt>
<trkpt lat="58.63398978" lon="16.77459092">
<ele>56.0</ele>
<time>2026-03-22T10:59:54Z</time>
<extensions>
<tp1:TrackPointExtension>
<tp1:hr>136</tp1:hr>
</tp1:TrackPointExtension>
</extensions>
</trkpt>
<trkpt lat="58.63400613" lon="16.77458363">
<ele>56.6</ele>
<time>2026-03-22T10:59:55Z</time>
<extensions>
<tp1:TrackPointExtension>
<tp1:hr>137</tp1:hr>
</tp1:TrackPointExtension>
</extensions>
</trkpt>
<trkpt lat="58.63403848" lon="16.77459058">
<ele>57.2</ele>
<time>2026-03-22T10:59:56Z</time>
<extensions>
<tp1:TrackPointExtension>
<tp1:hr>137</tp1:hr>
</tp1:TrackPointExtension>
</extensions>
</trkpt>
<trkpt lat="58.63406396" lon="16.77461883">
<ele>57.4</ele>
<time>2026-03-22T10:59:57Z</time>
<extensions>
<tp1:TrackPointExtension>
<tp1:hr>137</tp1:hr>
</tp1:TrackPointExtension>
</extensions>
</trkpt>
<trkpt lat="58.63409012" lon="16.77466124">
<ele>57.6</ele>
<time>2026-03-22T10:59:58Z</time>
<extensions>
<tp1:TrackPointExtension>
<tp1:hr>138</tp1:hr>
</tp1:TrackPointExtension>
</extensions>
</trkpt>
<trkpt lat="58.63411216" lon="16.77467583">
<ele>57.4</ele>
<time>2026-03-22T10:59:59Z</time>
<extensions>
<tp1:TrackPointExtension>
<tp1:hr>138</tp1:hr>
</tp1:TrackPointExtension>
</extensions>
</trkpt>
<trkpt lat="58.6341327" lon="16.77468815">
<ele>57.4</ele>
<time>2026-03-22T11:00:00Z</time>
<extensions>
<tp1:TrackPointExtension>
<tp1:hr>139</tp1:hr>
</tp1:TrackPointExtension>
</extensions>
</trkpt>
<trkpt lat="58.63415617" lon="16.77470793">
<ele>57.4</ele>
<time>2026-03-22T11:00:01Z</time>
<extensions>
<tp1:TrackPointExtension>
<tp1:hr>140</tp1:hr>
</tp1:TrackPointExtension>
</extensions>
</trkpt>
<trkpt lat="58.6341591" lon="16.77473048">
<ele>57.6</ele>
<time>2026-03-22T11:00:02Z</time>
<extensions>
<tp1:TrackPointExtension>
<tp1:hr>141</tp1:hr>
</tp1:TrackPointExtension>
</extensions>
</trkpt>
<trkpt lat="58.6341762" lon="16.77476753">
<ele>57.8</ele>
<time>2026-03-22T11:00:03Z</time>
<extensions>
<tp1:TrackPointExtension>
<tp1:hr>142</tp1:hr>
</tp1:TrackPointExtension>
</extensions>
</trkpt>
<trkpt lat="58.63418349" lon="16.77478219">
<ele>58.2</ele>
<time>2026-03-22T11:00:04Z</time>
<extensions>
<tp1:TrackPointExtension>
<tp1:hr>142</tp1:hr>
</tp1:TrackPointExtension>
</extensions>
</trkpt>
<trkpt lat="58.6341959" lon="16.7747972">
<ele>58.6</ele>
<time>2026-03-22T11:00:05Z</time>
<extensions>
<tp1:TrackPointExtension>
<tp1:hr>143</tp1:hr>
</tp1:TrackPointExtension>
</extensions>
</trkpt>
<trkpt lat="58.63421182" lon="16.77480424">
<ele>58.8</ele>
<time>2026-03-22T11:00:06Z</time>
<extensions>
<tp1:TrackPointExtension>
<tp1:hr>144</tp1:hr>
</tp1:TrackPointExtension>
</extensions>
</trkpt>
<trkpt lat="58.63422691" lon="16.77479577">
<ele>58.8</ele>
<time>2026-03-22T11:00:07Z</time>
<extensions>
<tp1:TrackPointExtension>
<tp1:hr>144</tp1:hr>
</tp1:TrackPointExtension>
</extensions>
</trkpt>
<trkpt lat="58.63425172" lon="16.77477708">
<ele>58.8</ele>
<time>2026-03-22T11:00:08Z</time>
<extensions>
<tp1:TrackPointExtension>
<tp1:hr>145</tp1:hr>
</tp1:TrackPointExtension>
</extensions>
</trkpt>
<trkpt lat="58.63427284" lon="16.77476384">
<ele>58.6</ele>
<time>2026-03-22T11:00:09Z</time>
<extensions>
<tp1:TrackPointExtension>
<tp1:hr>146</tp1:hr>
</tp1:TrackPointExtension>
</extensions>
</trkpt>
<trkpt lat="58.63429195" lon="16.77474791">
<ele>58.6</ele>
<time>2026-03-22T11:00:10Z</time>
<extensions>
<tp1:TrackPointExtension>
<tp1:hr>146</tp1:hr>
</tp1:TrackPointExtension>
</extensions>
</trkpt>
<trkpt lat="58.63430947" lon="16.77472612">
<ele>58.6</ele>
<time>2026-03-22T11:00:11Z</time>
<extensions>
<tp1:TrackPointExtension>
<tp1:hr>146</tp1:hr>
</tp1:TrackPointExtension>
</extensions>
</trkpt>
<trkpt lat="58.63433017" lon="16.77470072">
<ele>58.8</ele>
<time>2026-03-22T11:00:12Z</time>
<extensions>
<tp1:TrackPointExtension>
<tp1:hr>146</tp1:hr>
</tp1:TrackPointExtension>
</extensions>
</trkpt>
<trkpt lat="58.63435473" lon="16.77466233">
<ele>58.6</ele>
<time>2026-03-22T11:00:13Z</time>
<extensions>
<tp1:TrackPointExtension>
<tp1:hr>147</tp1:hr>
</tp1:TrackPointExtension>
</extensions>
</trkpt>
<trkpt lat="58.63437611" lon="16.77461858">
<ele>58.4</ele>
<time>2026-03-22T11:00:14Z</time>
<extensions>
<tp1:TrackPointExtension>
<tp1:hr>147</tp1:hr>
</tp1:TrackPointExtension>
</extensions>
</trkpt>
<trkpt lat="58.63439899" lon="16.77458279">
<ele>58.0</ele>
<time>2026-03-22T11:00:15Z</time>
<extensions>
<tp1:TrackPointExtension>
<tp1:hr>148</tp1:hr>
</tp1:TrackPointExtension>
</extensions>
</trkpt>
<trkpt lat="58.63442212" lon="16.77455069">
<ele>57.6</ele>
<time>2026-03-22T11:00:16Z</time>
<extensions>
<tp1:TrackPointExtension>
<tp1:hr>148</tp1:hr>
</tp1:TrackPointExtension>
</extensions>
</trkpt>
<trkpt lat="58.63444484" lon="16.77451707">
<ele>57.4</ele>
<time>2026-03-22T11:00:17Z</time>
<extensions>
<tp1:TrackPointExtension>
<tp1:hr>148</tp1:hr>
</tp1:TrackPointExtension>
</extensions>
</trkpt>
<trkpt lat="58.63447174" lon="16.7744957">
<ele>57.2</ele>
<time>2026-03-22T11:00:18Z</time>
<extensions>
<tp1:TrackPointExtension>
<tp1:hr>148</tp1:hr>
</tp1:TrackPointExtension>
</extensions>
</trkpt>
<trkpt lat="58.63450225" lon="16.77447734">
<ele>57.2</ele>
<time>2026-03-22T11:00:19Z</time>
<extensions>
<tp1:TrackPointExtension>
<tp1:hr>148</tp1:hr>
</tp1:TrackPointExtension>
</extensions>
</trkpt>
<trkpt lat="58.63452966" lon="16.77451741">
<ele>57.0</ele>
<time>2026-03-22T11:00:20Z</time>
<extensions>
<tp1:TrackPointExtension>
<tp1:hr>148</tp1:hr>
</tp1:TrackPointExtension>
</extensions>
</trkpt>
<trkpt lat="58.63454467" lon="16.7745511">
<ele>56.8</ele>
<time>2026-03-22T11:00:21Z</time>
<extensions>
<tp1:TrackPointExtension>
<tp1:hr>148</tp1:hr>
</tp1:TrackPointExtension>
</extensions>
</trkpt>
<trkpt lat="58.63456252" lon="16.77457625">
<ele>56.6</ele>
<time>2026-03-22T11:00:22Z</time>
<extensions>
<tp1:TrackPointExtension>
<tp1:hr>148</tp1:hr>
</tp1:TrackPointExtension>
</extensions>
</trkpt>
<trkpt lat="58.63459295" lon="16.77458111">
<ele>56.4</ele>
<time>2026-03-22T11:00:23Z</time>
<extensions>
<tp1:TrackPointExtension>
<tp1:hr>147</tp1:hr>
</tp1:TrackPointExtension>
</extensions>
</trkpt>
<trkpt lat="58.63461591" lon="16.77459436">
<ele>56.2</ele>
<time>2026-03-22T11:00:24Z</time>
<extensions>
<tp1:TrackPointExtension>
<tp1:hr>148</tp1:hr>
</tp1:TrackPointExtension>
</extensions>
</trkpt>
<trkpt lat="58.6346274" lon="16.77458606">
<ele>56.4</ele>
<time>2026-03-22T11:00:25Z</time>
<extensions>
<tp1:TrackPointExtension>
<tp1:hr>148</tp1:hr>
</tp1:TrackPointExtension>
</extensions>
</trkpt>
<trkpt lat="58.63463678" lon="16.77457818">
<ele>56.4</ele>
<time>2026-03-22T11:00:26Z</time>
<extensions>
<tp1:TrackPointExtension>
<tp1:hr>156</tp1:hr>
</tp1:TrackPointExtension>
</extensions>
</trkpt>
<trkpt lat="58.63465196" lon="16.77457256">
<ele>56.4</ele>
<time>2026-03-22T11:00:27Z</time>
<extensions>
<tp1:TrackPointExtension>
<tp1:hr>164</tp1:hr>
</tp1:TrackPointExtension>
</extensions>
</trkpt>
<trkpt lat="58.63466" lon="16.77456753">
<ele>56.6</ele>
<time>2026-03-22T11:00:28Z</time>
<extensions>
<tp1:TrackPointExtension>
<tp1:hr>165</tp1:hr>
</tp1:TrackPointExtension>
</extensions>
</trkpt>
<trkpt lat="58.63467031" lon="16.77458136">
<ele>56.6</ele>
<time>2026-03-22T11:00:29Z</time>
<extensions>
<tp1:TrackPointExtension>
<tp1:hr>165</tp1:hr>
</tp1:TrackPointExtension>
</extensions>
</trkpt>
<trkpt lat="58.63467945" lon="16.77459922">
<ele>56.6</ele>
<time>2026-03-22T11:00:30Z</time>
<extensions>
<tp1:TrackPointExtension>
<tp1:hr>164</tp1:hr>
</tp1:TrackPointExtension>
</extensions>
</trkpt>
<trkpt lat="58.63469026" lon="16.77461464">
<ele>56.6</ele>
<time>2026-03-22T11:00:31Z</time>
<extensions>
<tp1:TrackPointExtension>
<tp1:hr>164</tp1:hr>
</tp1:TrackPointExtension>
</extensions>
</trkpt>
<trkpt lat="58.63469864" lon="16.77462637">
<ele>56.6</ele>
<time>2026-03-22T11:00:32Z</time>
<extensions>
<tp1:TrackPointExtension>
<tp1:hr>163</tp1:hr>
</tp1:TrackPointExtension>
</extensions>
</trkpt>
<trkpt lat="58.63470677" lon="16.7746397">
<ele>56.6</ele>
<time>2026-03-22T11:00:33Z</time>
<extensions>
<tp1:TrackPointExtension>
<tp1:hr>162</tp1:hr>
</tp1:TrackPointExtension>
</extensions>
</trkpt>
<trkpt lat="58.63471524" lon="16.77465219">
<ele>56.6</ele>
<time>2026-03-22T11:00:34Z</time>
<extensions>
<tp1:TrackPointExtension>
<tp1:hr>161</tp1:hr>
</tp1:TrackPointExtension>
</extensions>
</trkpt>
<trkpt lat="58.63472781" lon="16.77466443">
<ele>56.4</ele>
<time>2026-03-22T11:00:35Z</time>
<extensions>
<tp1:TrackPointExtension>
<tp1:hr>161</tp1:hr>
</tp1:TrackPointExtension>
</extensions>
</trkpt>
<trkpt lat="58.63474935" lon="16.77467063">
<ele>56.4</ele>
<time>2026-03-22T11:00:36Z</time>
<extensions>
<tp1:TrackPointExtension>
<tp1:hr>160</tp1:hr>
</tp1:TrackPointExtension>
</extensions>
</trkpt>
<trkpt lat="58.63476939" lon="16.77468228">
<ele>56.4</ele>
<time>2026-03-22T11:00:37Z</time>
<extensions>
<tp1:TrackPointExtension>
<tp1:hr>160</tp1:hr>
</tp1:TrackPointExtension>
</extensions>
</trkpt>
<trkpt lat="58.63478623" lon="16.77468044">
<ele>56.6</ele>
<time>2026-03-22T11:00:38Z</time>
<extensions>
<tp1:TrackPointExtension>
<tp1:hr>160</tp1:hr>
</tp1:TrackPointExtension>
</extensions>
</trkpt>
<trkpt lat="58.63480492" lon="16.77468136">
<ele>56.8</ele>
<time>2026-03-22T11:00:39Z</time>
<extensions>
<tp1:TrackPointExtension>
<tp1:hr>160</tp1:hr>
</tp1:TrackPointExtension>
</extensions>
</trkpt>
<trkpt lat="58.63482839" lon="16.77466393">
<ele>57.2</ele>
<time>2026-03-22T11:00:40Z</time>
<extensions>
<tp1:TrackPointExtension>
<tp1:hr>159</tp1:hr>
</tp1:TrackPointExtension>
</extensions>
</trkpt>
<trkpt lat="58.63485832" lon="16.77467164">
<ele>57.4</ele>
<time>2026-03-22T11:00:41Z</time>
<extensions>
<tp1:TrackPointExtension>
<tp1:hr>159</tp1:hr>
</tp1:TrackPointExtension>
</extensions>
</trkpt>
<trkpt lat="58.63488346" lon="16.77467884">
<ele>57.8</ele>
<time>2026-03-22T11:00:42Z</time>
<extensions>
<tp1:TrackPointExtension>
<tp1:hr>159</tp1:hr>
</tp1:TrackPointExtension>
</extensions>
</trkpt>
<trkpt lat="58.63490693" lon="16.77468379">
<ele>57.8</ele>
<time>2026-03-22T11:00:43Z</time>
<extensions>
<tp1:TrackPointExtension>
<tp1:hr>159</tp1:hr>
</tp1:TrackPointExtension>
</extensions>
</trkpt>
<trkpt lat="58.63492705" lon="16.77468119">
<ele>58.0</ele>
<time>2026-03-22T11:00:44Z</time>
<extensions>
<tp1:TrackPointExtension>
<tp1:hr>159</tp1:hr>
</tp1:TrackPointExtension>
</extensions>
</trkpt>
<trkpt lat="58.63494809" lon="16.77467851">
<ele>58.0</ele>
<time>2026-03-22T11:00:45Z</time>
<extensions>
<tp1:TrackPointExtension>
<tp1:hr>158</tp1:hr>
</tp1:TrackPointExtension>
</extensions>
</trkpt>
<trkpt lat="58.63498053" lon="16.77464381">
<ele>58.2</ele>
<time>2026-03-22T11:00:46Z</time>
<extensions>
<tp1:TrackPointExtension>
<tp1:hr>158</tp1:hr>
</tp1:TrackPointExtension>
</extensions>
</trkpt>
<trkpt lat="58.63501112" lon="16.77461489">
<ele>58.0</ele>
<time>2026-03-22T11:00:47Z</time>
<extensions>
<tp1:TrackPointExtension>
<tp1:hr>159</tp1:hr>
</tp1:TrackPointExtension>
</extensions>
</trkpt>
<trkpt lat="58.63503132" lon="16.77459461">
<ele>58.0</ele>
<time>2026-03-22T11:00:48Z</time>
<extensions>
<tp1:TrackPointExtension>
<tp1:hr>158</tp1:hr>
</tp1:TrackPointExtension>
</extensions>
</trkpt>
<trkpt lat="58.63505596" lon="16.7745739">
<ele>58.0</ele>
<time>2026-03-22T11:00:49Z</time>
<extensions>
<tp1:TrackPointExtension>
<tp1:hr>158</tp1:hr>
</tp1:TrackPointExtension>
</extensions>
</trkpt>
<trkpt lat="58.63507876" lon="16.77455412">
<ele>58.0</ele>
<time>2026-03-22T11:00:50Z</time>
<extensions>
<tp1:TrackPointExtension>
<tp1:hr>158</tp1:hr>
</tp1:TrackPointExtension>
</extensions>
</trkpt>
<trkpt lat="58.63510064" lon="16.77453384">
<ele>58.2</ele>
<time>2026-03-22T11:00:51Z</time>
<extensions>
<tp1:TrackPointExtension>
<tp1:hr>159</tp1:hr>
</tp1:TrackPointExtension>
</extensions>
</trkpt>
<trkpt lat="58.63511086" lon="16.77452227">
<ele>58.2</ele>
<time>2026-03-22T11:00:52Z</time>
<extensions>
<tp1:TrackPointExtension>
<tp1:hr>159</tp1:hr>
</tp1:TrackPointExtension>
</extensions>
</trkpt>
<trkpt lat="58.63512327" lon="16.77451649">
<ele>58.4</ele>
<time>2026-03-22T11:00:53Z</time>
<extensions>
<tp1:TrackPointExtension>
<tp1:hr>159</tp1:hr>
</tp1:TrackPointExtension>
</extensions>
</trkpt>
<trkpt lat="58.635135" lon="16.77451255">
<ele>58.4</ele>
<time>2026-03-22T11:00:54Z</time>
<extensions>
<tp1:TrackPointExtension>
<tp1:hr>159</tp1:hr>
</tp1:TrackPointExtension>
</extensions>
</trkpt>
<trkpt lat="58.63514615" lon="16.77450794">
<ele>58.4</ele>
<time>2026-03-22T11:00:55Z</time>
<extensions>
<tp1:TrackPointExtension>
<tp1:hr>159</tp1:hr>
</tp1:TrackPointExtension>
</extensions>
</trkpt>
<trkpt lat="58.63516082" lon="16.7745014">
<ele>58.4</ele>
<time>2026-03-22T11:00:56Z</time>
<extensions>
<tp1:TrackPointExtension>
<tp1:hr>159</tp1:hr>
</tp1:TrackPointExtension>
</extensions>
</trkpt>
<trkpt lat="58.63517423" lon="16.7744921">
<ele>58.3</ele>
<time>2026-03-22T11:00:57Z</time>
<extensions>
<tp1:TrackPointExtension>
<tp1:hr>159</tp1:hr>
</tp1:TrackPointExtension>
</extensions>
</trkpt>
<trkpt lat="58.63518965" lon="16.77448296">
<ele>58.3</ele>
<time>2026-03-22T11:00:58Z</time>
<extensions>
<tp1:TrackPointExtension>
<tp1:hr>159</tp1:hr>
</tp1:TrackPointExtension>
</extensions>
</trkpt>
<trkpt lat="58.63518848" lon="16.77446687">
<ele>58.3</ele>
<time>2026-03-22T11:00:59Z</time>
<extensions>
<tp1:TrackPointExtension>
<tp1:hr>159</tp1:hr>
</tp1:TrackPointExtension>
</extensions>
</trkpt>
<trkpt lat="58.63519133" lon="16.77444558">
<ele>58.3</ele>
<time>2026-03-22T11:01:00Z</time>
<extensions>
<tp1:TrackPointExtension>
<tp1:hr>158</tp1:hr>
</tp1:TrackPointExtension>
</extensions>
</trkpt>
<trkpt lat="58.63519904" lon="16.77443979">
<ele>58.3</ele>
<time>2026-03-22T11:01:01Z</time>
<extensions>
<tp1:TrackPointExtension>
<tp1:hr>158</tp1:hr>
</tp1:TrackPointExtension>
</extensions>
</trkpt>
<trkpt lat="58.63521882" lon="16.77441658">
<ele>58.3</ele>
<time>2026-03-22T11:01:02Z</time>
<extensions>
<tp1:TrackPointExtension>
<tp1:hr>157</tp1:hr>
</tp1:TrackPointExtension>
</extensions>
</trkpt>
<trkpt lat="58.63524213" lon="16.77440182">
<ele>58.3</ele>
<time>2026-03-22T11:01:03Z</time>
<extensions>
<tp1:TrackPointExtension>
<tp1:hr>157</tp1:hr>
</tp1:TrackPointExtension>
</extensions>
</trkpt>
<trkpt lat="58.63526258" lon="16.77440182">
<ele>58.3</ele>
<time>2026-03-22T11:01:04Z</time>
<extensions>
<tp1:TrackPointExtension>
<tp1:hr>157</tp1:hr>
</tp1:TrackPointExtension>
</extensions>
</trkpt>
<trkpt lat="58.6352832" lon="16.77440937">
<ele>58.3</ele>
<time>2026-03-22T11:01:05Z</time>
<extensions>
<tp1:TrackPointExtension>
<tp1:hr>158</tp1:hr>
</tp1:TrackPointExtension>
</extensions>
</trkpt>
<trkpt lat="58.63530667" lon="16.77442077">
<ele>58.3</ele>
<time>2026-03-22T11:01:06Z</time>
<extensions>
<tp1:TrackPointExtension>
<tp1:hr>158</tp1:hr>
</tp1:TrackPointExtension>
</extensions>
</trkpt>
<trkpt lat="58.63533156" lon="16.77442404">
<ele>58.1</ele>
<time>2026-03-22T11:01:07Z</time>
<extensions>
<tp1:TrackPointExtension>
<tp1:hr>158</tp1:hr>
</tp1:TrackPointExtension>
</extensions>
</trkpt>
<trkpt lat="58.63536157" lon="16.77443451">
<ele>57.9</ele>
<time>2026-03-22T11:01:08Z</time>
<extensions>
<tp1:TrackPointExtension>
<tp1:hr>158</tp1:hr>
</tp1:TrackPointExtension>
</extensions>
</trkpt>
<trkpt lat="58.63539652" lon="16.77444641">
<ele>57.9</ele>
<time>2026-03-22T11:01:09Z</time>
<extensions>
<tp1:TrackPointExtension>
<tp1:hr>158</tp1:hr>
</tp1:TrackPointExtension>
</extensions>
</trkpt>
<trkpt lat="58.63543306" lon="16.77446888">
<ele>57.9</ele>
<time>2026-03-22T11:01:10Z</time>
<extensions>
<tp1:TrackPointExtension>
<tp1:hr>158</tp1:hr>
</tp1:TrackPointExtension>
</extensions>
</trkpt>
<trkpt lat="58.63546349" lon="16.77449151">
<ele>57.9</ele>
<time>2026-03-22T11:01:11Z</time>
<extensions>
<tp1:TrackPointExtension>
<tp1:hr>157</tp1:hr>
</tp1:TrackPointExtension>
</extensions>
</trkpt>
<trkpt lat="58.63548537" lon="16.77451238">
<ele>58.3</ele>
<time>2026-03-22T11:01:12Z</time>
<extensions>
<tp1:TrackPointExtension>
<tp1:hr>157</tp1:hr>
</tp1:TrackPointExtension>
</extensions>
</trkpt>
<trkpt lat="58.63550632" lon="16.77453116">
<ele>58.5</ele>
<time>2026-03-22T11:01:13Z</time>
<extensions>
<tp1:TrackPointExtension>
<tp1:hr>157</tp1:hr>
</tp1:TrackPointExtension>
</extensions>
</trkpt>
<trkpt lat="58.63553784" lon="16.77456385">
<ele>58.5</ele>
<time>2026-03-22T11:01:14Z</time>
<extensions>
<tp1:TrackPointExtension>
<tp1:hr>157</tp1:hr>
</tp1:TrackPointExtension>
</extensions>
</trkpt>
<trkpt lat="58.63556173" lon="16.77459058">
<ele>58.5</ele>
<time>2026-03-22T11:01:15Z</time>
<extensions>
<tp1:TrackPointExtension>
<tp1:hr>158</tp1:hr>
</tp1:TrackPointExtension>
</extensions>
</trkpt>
<trkpt lat="58.63558218" lon="16.77461347">
<ele>58.5</ele>
<time>2026-03-22T11:01:16Z</time>
<extensions>
<tp1:TrackPointExtension>
<tp1:hr>158</tp1:hr>
</tp1:TrackPointExtension>
</extensions>
</trkpt>
<trkpt lat="58.63560012" lon="16.77463442">
<ele>58.5</ele>
<time>2026-03-22T11:01:17Z</time>
<extensions>
<tp1:TrackPointExtension>
<tp1:hr>158</tp1:hr>
</tp1:TrackPointExtension>
</extensions>
</trkpt>
<trkpt lat="58.63561554" lon="16.77464423">
<ele>58.7</ele>
<time>2026-03-22T11:01:18Z</time>
<extensions>
<tp1:TrackPointExtension>
<tp1:hr>158</tp1:hr>
</tp1:TrackPointExtension>
</extensions>
</trkpt>
<trkpt lat="58.63564362" lon="16.77465705">
<ele>58.9</ele>
<time>2026-03-22T11:01:19Z</time>
<extensions>
<tp1:TrackPointExtension>
<tp1:hr>157</tp1:hr>
</tp1:TrackPointExtension>
</extensions>
</trkpt>
<trkpt lat="58.63567228" lon="16.77470215">
<ele>59.1</ele>
<time>2026-03-22T11:01:20Z</time>
<extensions>
<tp1:TrackPointExtension>
<tp1:hr>157</tp1:hr>
</tp1:TrackPointExtension>
</extensions>
</trkpt>
<trkpt lat="58.63569156" lon="16.77472277">
<ele>59.3</ele>
<time>2026-03-22T11:01:21Z</time>
<extensions>
<tp1:TrackPointExtension>
<tp1:hr>157</tp1:hr>
</tp1:TrackPointExtension>
</extensions>
</trkpt>
<trkpt lat="58.63570346" lon="16.77475881">
<ele>59.5</ele>
<time>2026-03-22T11:01:22Z</time>
<extensions>
<tp1:TrackPointExtension>
<tp1:hr>156</tp1:hr>
</tp1:TrackPointExtension>
</extensions>
</trkpt>
<trkpt lat="58.63569089" lon="16.77479435">
<ele>59.5</ele>
<time>2026-03-22T11:01:23Z</time>
<extensions>
<tp1:TrackPointExtension>
<tp1:hr>156</tp1:hr>
</tp1:TrackPointExtension>
</extensions>
</trkpt>
<trkpt lat="58.63568394" lon="16.77482771">
<ele>59.7</ele>
<time>2026-03-22T11:01:24Z</time>
<extensions>
<tp1:TrackPointExtension>
<tp1:hr>156</tp1:hr>
</tp1:TrackPointExtension>
</extensions>
</trkpt>
<trkpt lat="58.63569668" lon="16.77485151">
<ele>59.9</ele>
<time>2026-03-22T11:01:25Z</time>
<extensions>
<tp1:TrackPointExtension>
<tp1:hr>156</tp1:hr>
</tp1:TrackPointExtension>
</extensions>
</trkpt>
<trkpt lat="58.63571629" lon="16.77487331">
<ele>60.1</ele>
<time>2026-03-22T11:01:26Z</time>
<extensions>
<tp1:TrackPointExtension>
<tp1:hr>156</tp1:hr>
</tp1:TrackPointExtension>
</extensions>
</trkpt>
<trkpt lat="58.63573473" lon="16.77486937">
<ele>60.1</ele>
<time>2026-03-22T11:01:27Z</time>
<extensions>
<tp1:TrackPointExtension>
<tp1:hr>155</tp1:hr>
</tp1:TrackPointExtension>
</extensions>
</trkpt>
<trkpt lat="58.635752" lon="16.77487716">
<ele>59.7</ele>
<time>2026-03-22T11:01:28Z</time>
<extensions>
<tp1:TrackPointExtension>
<tp1:hr>154</tp1:hr>
</tp1:TrackPointExtension>
</extensions>
</trkpt>
<trkpt lat="58.63576675" lon="16.77489895">
<ele>59.3</ele>
<time>2026-03-22T11:01:29Z</time>
<extensions>
<tp1:TrackPointExtension>
<tp1:hr>154</tp1:hr>
</tp1:TrackPointExtension>
</extensions>
</trkpt>
<trkpt lat="58.63578016" lon="16.77490314">
<ele>58.9</ele>
<time>2026-03-22T11:01:30Z</time>
<extensions>
<tp1:TrackPointExtension>
<tp1:hr>154</tp1:hr>
</tp1:TrackPointExtension>
</extensions>
</trkpt>
<trkpt lat="58.63578418" lon="16.77490968">
<ele>58.1</ele>
<time>2026-03-22T11:01:31Z</time>
<extensions>
<tp1:TrackPointExtension>
<tp1:hr>154</tp1:hr>
</tp1:TrackPointExtension>
</extensions>
</trkpt>
<trkpt lat="58.63579324" lon="16.77491136">
<ele>57.5</ele>
<time>2026-03-22T11:01:32Z</time>
<extensions>
<tp1:TrackPointExtension>
<tp1:hr>153</tp1:hr>
</tp1:TrackPointExtension>
</extensions>
</trkpt>
<trkpt lat="58.63581251" lon="16.77492343">
<ele>57.1</ele>
<time>2026-03-22T11:01:33Z</time>
<extensions>
<tp1:TrackPointExtension>
<tp1:hr>153</tp1:hr>
</tp1:TrackPointExtension>
</extensions>
</trkpt>
<trkpt lat="58.63583263" lon="16.77493919">
<ele>56.7</ele>
<time>2026-03-22T11:01:34Z</time>
<extensions>
<tp1:TrackPointExtension>
<tp1:hr>152</tp1:hr>
</tp1:TrackPointExtension>
</extensions>
</trkpt>
<trkpt lat="58.63585006" lon="16.77495603">
<ele>56.5</ele>
<time>2026-03-22T11:01:35Z</time>
<extensions>
<tp1:TrackPointExtension>
<tp1:hr>152</tp1:hr>
</tp1:TrackPointExtension>
</extensions>
</trkpt>
<trkpt lat="58.63586901" lon="16.77497221">
<ele>56.5</ele>
<time>2026-03-22T11:01:36Z</time>
<extensions>
<tp1:TrackPointExtension>
<tp1:hr>152</tp1:hr>
</tp1:TrackPointExtension>
</extensions>
</trkpt>
<trkpt lat="58.63588946" lon="16.77499149">
<ele>56.5</ele>
<time>2026-03-22T11:01:37Z</time>
<extensions>
<tp1:TrackPointExtension>
<tp1:hr>151</tp1:hr>
</tp1:TrackPointExtension>
</extensions>
</trkpt>
<trkpt lat="58.63591134" lon="16.77498562">
<ele>56.5</ele>
<time>2026-03-22T11:01:38Z</time>
<extensions>
<tp1:TrackPointExtension>
<tp1:hr>150</tp1:hr>
</tp1:TrackPointExtension>
</extensions>
</trkpt>
<trkpt lat="58.63594679" lon="16.77499761">
<ele>56.7</ele>
<time>2026-03-22T11:01:39Z</time>
<extensions>
<tp1:TrackPointExtension>
<tp1:hr>150</tp1:hr>
</tp1:TrackPointExtension>
</extensions>
</trkpt>
<trkpt lat="58.63598376" lon="16.77503424">
<ele>56.7</ele>
<time>2026-03-22T11:01:40Z</time>
<extensions>
<tp1:TrackPointExtension>
<tp1:hr>150</tp1:hr>
</tp1:TrackPointExtension>
</extensions>
</trkpt>
<trkpt lat="58.63601795" lon="16.77506148">
<ele>56.5</ele>
<time>2026-03-22T11:01:41Z</time>
<extensions>
<tp1:TrackPointExtension>
<tp1:hr>149</tp1:hr>
</tp1:TrackPointExtension>
</extensions>
</trkpt>
<trkpt lat="58.63604922" lon="16.77509794">
<ele>56.5</ele>
<time>2026-03-22T11:01:42Z</time>
<extensions>
<tp1:TrackPointExtension>
<tp1:hr>149</tp1:hr>
</tp1:TrackPointExtension>
</extensions>
</trkpt>
<trkpt lat="58.63607378" lon="16.77513859">
<ele>56.5</ele>
<time>2026-03-22T11:01:43Z</time>
<extensions>
<tp1:TrackPointExtension>
<tp1:hr>148</tp1:hr>
</tp1:TrackPointExtension>
</extensions>
</trkpt>
<trkpt lat="58.63609205" lon="16.77517782">
<ele>56.5</ele>
<time>2026-03-22T11:01:44Z</time>
<extensions>
<tp1:TrackPointExtension>
<tp1:hr>148</tp1:hr>
</tp1:TrackPointExtension>
</extensions>
</trkpt>
<trkpt lat="58.63611284" lon="16.77520841">
<ele>56.5</ele>
<time>2026-03-22T11:01:45Z</time>
<extensions>
<tp1:TrackPointExtension>
<tp1:hr>147</tp1:hr>
</tp1:TrackPointExtension>
</extensions>
</trkpt>
<trkpt lat="58.63614067" lon="16.7752199">
<ele>56.7</ele>
<time>2026-03-22T11:01:46Z</time>
<extensions>
<tp1:TrackPointExtension>
<tp1:hr>147</tp1:hr>
</tp1:TrackPointExtension>
</extensions>
</trkpt>
<trkpt lat="58.6361648" lon="16.77520791">
<ele>56.9</ele>
<time>2026-03-22T11:01:47Z</time>
<extensions>
<tp1:TrackPointExtension>
<tp1:hr>147</tp1:hr>
</tp1:TrackPointExtension>
</extensions>
</trkpt>
<trkpt lat="58.63618894" lon="16.77519341">
<ele>56.9</ele>
<time>2026-03-22T11:01:48Z</time>
<extensions>
<tp1:TrackPointExtension>
<tp1:hr>148</tp1:hr>
</tp1:TrackPointExtension>
</extensions>
</trkpt>
<trkpt lat="58.63621342" lon="16.77518017">
<ele>56.9</ele>
<time>2026-03-22T11:01:49Z</time>
<extensions>
<tp1:TrackPointExtension>
<tp1:hr>148</tp1:hr>
</tp1:TrackPointExtension>
</extensions>
</trkpt>
<trkpt lat="58.63624929" lon="16.77515904">
<ele>56.7</ele>
<time>2026-03-22T11:01:50Z</time>
<extensions>
<tp1:TrackPointExtension>
<tp1:hr>148</tp1:hr>
</tp1:TrackPointExtension>
</extensions>
</trkpt>
<trkpt lat="58.63627746" lon="16.7751401">
<ele>56.5</ele>
<time>2026-03-22T11:01:51Z</time>
<extensions>
<tp1:TrackPointExtension>
<tp1:hr>148</tp1:hr>
</tp1:TrackPointExtension>
</extensions>
</trkpt>
<trkpt lat="58.636299" lon="16.77513767">
<ele>56.1</ele>
<time>2026-03-22T11:01:52Z</time>
<extensions>
<tp1:TrackPointExtension>
<tp1:hr>149</tp1:hr>
</tp1:TrackPointExtension>
</extensions>
</trkpt>
<trkpt lat="58.63632398" lon="16.7751401">
<ele>56.1</ele>
<time>2026-03-22T11:01:53Z</time>
<extensions>
<tp1:TrackPointExtension>
<tp1:hr>148</tp1:hr>
</tp1:TrackPointExtension>
</extensions>
</trkpt>
<trkpt lat="58.63634636" lon="16.77516265">
<ele>56.1</ele>
<time>2026-03-22T11:01:54Z</time>
<extensions>
<tp1:TrackPointExtension>
<tp1:hr>148</tp1:hr>
</tp1:TrackPointExtension>
</extensions>
</trkpt>
<trkpt lat="58.6363684" lon="16.77518494">
<ele>56.1</ele>
<time>2026-03-22T11:01:55Z</time>
<extensions>
<tp1:TrackPointExtension>
<tp1:hr>147</tp1:hr>
</tp1:TrackPointExtension>
</extensions>
</trkpt>
<trkpt lat="58.63638768" lon="16.77520372">
<ele>56.1</ele>
<time>2026-03-22T11:01:56Z</time>
<extensions>
<tp1:TrackPointExtension>
<tp1:hr>148</tp1:hr>
</tp1:TrackPointExtension>
</extensions>
</trkpt>
<trkpt lat="58.63640486" lon="16.77522342">
<ele>56.1</ele>
<time>2026-03-22T11:01:57Z</time>
<extensions>
<tp1:TrackPointExtension>
<tp1:hr>148</tp1:hr>
</tp1:TrackPointExtension>
</extensions>
</trkpt>
<trkpt lat="58.63641777" lon="16.77524311">
<ele>55.9</ele>
<time>2026-03-22T11:01:58Z</time>
<extensions>
<tp1:TrackPointExtension>
<tp1:hr>148</tp1:hr>
</tp1:TrackPointExtension>
</extensions>
</trkpt>
<trkpt lat="58.63642967" lon="16.77527497">
<ele>55.7</ele>
<time>2026-03-22T11:01:59Z</time>
<extensions>
<tp1:TrackPointExtension>
<tp1:hr>148</tp1:hr>
</tp1:TrackPointExtension>
</extensions>
</trkpt>
<trkpt lat="58.63644032" lon="16.77530254">
<ele>55.7</ele>
<time>2026-03-22T11:02:00Z</time>
<extensions>
<tp1:TrackPointExtension>
<tp1:hr>148</tp1:hr>
</tp1:TrackPointExtension>
</extensions>
</trkpt>
<trkpt lat="58.63644451" lon="16.77535426">
<ele>55.7</ele>
<time>2026-03-22T11:02:01Z</time>
<extensions>
<tp1:TrackPointExtension>
<tp1:hr>148</tp1:hr>
</tp1:TrackPointExtension>
</extensions>
</trkpt>
<trkpt lat="58.63644543" lon="16.77541939">
<ele>55.7</ele>
<time>2026-03-22T11:02:02Z</time>
<extensions>
<tp1:TrackPointExtension>
<tp1:hr>147</tp1:hr>
</tp1:TrackPointExtension>
</extensions>
</trkpt>
<trkpt lat="58.63645742" lon="16.77544721">
<ele>55.9</ele>
<time>2026-03-22T11:02:03Z</time>
<extensions>
<tp1:TrackPointExtension>
<tp1:hr>147</tp1:hr>
</tp1:TrackPointExtension>
</extensions>
</trkpt>
<trkpt lat="58.6364772" lon="16.77545291">
<ele>55.9</ele>
<time>2026-03-22T11:02:04Z</time>
<extensions>
<tp1:TrackPointExtension>
<tp1:hr>146</tp1:hr>
</tp1:TrackPointExtension>
</extensions>
</trkpt>
<trkpt lat="58.63650226" lon="16.77545694">
<ele>56.3</ele>
<time>2026-03-22T11:02:05Z</time>
<extensions>
<tp1:TrackPointExtension>
<tp1:hr>146</tp1:hr>
</tp1:TrackPointExtension>
</extensions>
</trkpt>
<trkpt lat="58.63651877" lon="16.7754514">
<ele>56.5</ele>
<time>2026-03-22T11:02:06Z</time>
<extensions>
<tp1:TrackPointExtension>
<tp1:hr>146</tp1:hr>
</tp1:TrackPointExtension>
</extensions>
</trkpt>
<trkpt lat="58.63654266" lon="16.77543967">
<ele>56.9</ele>
<time>2026-03-22T11:02:07Z</time>
<extensions>
<tp1:TrackPointExtension>
<tp1:hr>146</tp1:hr>
</tp1:TrackPointExtension>
</extensions>
</trkpt>
<trkpt lat="58.63655892" lon="16.77545602">
<ele>57.1</ele>
<time>2026-03-22T11:02:08Z</time>
<extensions>
<tp1:TrackPointExtension>
<tp1:hr>146</tp1:hr>
</tp1:TrackPointExtension>
</extensions>
</trkpt>
<trkpt lat="58.63657359" lon="16.77547831">
<ele>57.5</ele>
<time>2026-03-22T11:02:09Z</time>
<extensions>
<tp1:TrackPointExtension>
<tp1:hr>145</tp1:hr>
</tp1:TrackPointExtension>
</extensions>
</trkpt>
<trkpt lat="58.63659832" lon="16.77549147">
<ele>57.7</ele>
<time>2026-03-22T11:02:10Z</time>
<extensions>
<tp1:TrackPointExtension>
<tp1:hr>145</tp1:hr>
</tp1:TrackPointExtension>
</extensions>
</trkpt>
<trkpt lat="58.63662011" lon="16.77550673">
<ele>57.5</ele>
<time>2026-03-22T11:02:11Z</time>
<extensions>
<tp1:TrackPointExtension>
<tp1:hr>145</tp1:hr>
</tp1:TrackPointExtension>
</extensions>
</trkpt>
<trkpt lat="58.63664291" lon="16.77549424">
<ele>57.5</ele>
<time>2026-03-22T11:02:12Z</time>
<extensions>
<tp1:TrackPointExtension>
<tp1:hr>144</tp1:hr>
</tp1:TrackPointExtension>
</extensions>
</trkpt>
<trkpt lat="58.63666705" lon="16.77548862">
<ele>57.3</ele>
<time>2026-03-22T11:02:13Z</time>
<extensions>
<tp1:TrackPointExtension>
<tp1:hr>144</tp1:hr>
</tp1:TrackPointExtension>
</extensions>
</trkpt>
<trkpt lat="58.63668063" lon="16.77549851">
<ele>57.1</ele>
<time>2026-03-22T11:02:14Z</time>
<extensions>
<tp1:TrackPointExtension>
<tp1:hr>144</tp1:hr>
</tp1:TrackPointExtension>
</extensions>
</trkpt>
<trkpt lat="58.63670887" lon="16.77550807">
<ele>57.1</ele>
<time>2026-03-22T11:02:15Z</time>
<extensions>
<tp1:TrackPointExtension>
<tp1:hr>145</tp1:hr>
</tp1:TrackPointExtension>
</extensions>
</trkpt>
<trkpt lat="58.63673142" lon="16.77552039">
<ele>57.1</ele>
<time>2026-03-22T11:02:16Z</time>
<extensions>
<tp1:TrackPointExtension>
<tp1:hr>145</tp1:hr>
</tp1:TrackPointExtension>
</extensions>
</trkpt>
<trkpt lat="58.63675154" lon="16.77552181">
<ele>57.3</ele>
<time>2026-03-22T11:02:17Z</time>
<extensions>
<tp1:TrackPointExtension>
<tp1:hr>145</tp1:hr>
</tp1:TrackPointExtension>
</extensions>
</trkpt>
<trkpt lat="58.63676621" lon="16.77551955">
<ele>57.5</ele>
<time>2026-03-22T11:02:18Z</time>
<extensions>
<tp1:TrackPointExtension>
<tp1:hr>145</tp1:hr>
</tp1:TrackPointExtension>
</extensions>
</trkpt>
<trkpt lat="58.63679177" lon="16.77550706">
<ele>57.5</ele>
<time>2026-03-22T11:02:19Z</time>
<extensions>
<tp1:TrackPointExtension>
<tp1:hr>146</tp1:hr>
</tp1:TrackPointExtension>
</extensions>
</trkpt>
<trkpt lat="58.6368248" lon="16.77551025">
<ele>57.7</ele>
<time>2026-03-22T11:02:20Z</time>
<extensions>
<tp1:TrackPointExtension>
<tp1:hr>146</tp1:hr>
</tp1:TrackPointExtension>
</extensions>
</trkpt>
<trkpt lat="58.63685556" lon="16.77552517">
<ele>57.7</ele>
<time>2026-03-22T11:02:21Z</time>
<extensions>
<tp1:TrackPointExtension>
<tp1:hr>147</tp1:hr>
</tp1:TrackPointExtension>
</extensions>
</trkpt>
<trkpt lat="58.6368797" lon="16.77554059">
<ele>57.9</ele>
<time>2026-03-22T11:02:22Z</time>
<extensions>
<tp1:TrackPointExtension>
<tp1:hr>147</tp1:hr>
</tp1:TrackPointExtension>
</extensions>
</trkpt>
<trkpt lat="58.63689839" lon="16.77552919">
<ele>58.1</ele>
<time>2026-03-22T11:02:23Z</time>
<extensions>
<tp1:TrackPointExtension>
<tp1:hr>147</tp1:hr>
</tp1:TrackPointExtension>
</extensions>
</trkpt>
<trkpt lat="58.636917" lon="16.77551804">
<ele>58.3</ele>
<time>2026-03-22T11:02:24Z</time>
<extensions>
<tp1:TrackPointExtension>
<tp1:hr>148</tp1:hr>
</tp1:TrackPointExtension>
</extensions>
</trkpt>
<trkpt lat="58.63692865" lon="16.7755162">
<ele>58.5</ele>
<time>2026-03-22T11:02:25Z</time>
<extensions>
<tp1:TrackPointExtension>
<tp1:hr>148</tp1:hr>
</tp1:TrackPointExtension>
</extensions>
</trkpt>
<trkpt lat="58.63694482" lon="16.77549776">
<ele>58.7</ele>
<time>2026-03-22T11:02:26Z</time>
<extensions>
<tp1:TrackPointExtension>
<tp1:hr>148</tp1:hr>
</tp1:TrackPointExtension>
</extensions>
</trkpt>
<trkpt lat="58.63697064" lon="16.77547806">
<ele>58.7</ele>
<time>2026-03-22T11:02:27Z</time>
<extensions>
<tp1:TrackPointExtension>
<tp1:hr>149</tp1:hr>
</tp1:TrackPointExtension>
</extensions>
</trkpt>
<trkpt lat="58.63699495" lon="16.77546917">
<ele>58.9</ele>
<time>2026-03-22T11:02:28Z</time>
<extensions>
<tp1:TrackPointExtension>
<tp1:hr>149</tp1:hr>
</tp1:TrackPointExtension>
</extensions>
</trkpt>
<trkpt lat="58.63701582" lon="16.7754426">
<ele>59.1</ele>
<time>2026-03-22T11:02:29Z</time>
<extensions>
<tp1:TrackPointExtension>
<tp1:hr>150</tp1:hr>
</tp1:TrackPointExtension>
</extensions>
</trkpt>
<trkpt lat="58.63703778" lon="16.77541478">
<ele>59.3</ele>
<time>2026-03-22T11:02:30Z</time>
<extensions>
<tp1:TrackPointExtension>
<tp1:hr>150</tp1:hr>
</tp1:TrackPointExtension>
</extensions>
</trkpt>
<trkpt lat="58.63706603" lon="16.77539776">
<ele>59.5</ele>
<time>2026-03-22T11:02:31Z</time>
<extensions>
<tp1:TrackPointExtension>
<tp1:hr>151</tp1:hr>
</tp1:TrackPointExtension>
</extensions>
</trkpt>
<trkpt lat="58.63709318" lon="16.77539902">
<ele>59.7</ele>
<time>2026-03-22T11:02:32Z</time>
<extensions>
<tp1:TrackPointExtension>
<tp1:hr>151</tp1:hr>
</tp1:TrackPointExtension>
</extensions>
</trkpt>
<trkpt lat="58.63711598" lon="16.77540069">
<ele>59.9</ele>
<time>2026-03-22T11:02:33Z</time>
<extensions>
<tp1:TrackPointExtension>
<tp1:hr>151</tp1:hr>
</tp1:TrackPointExtension>
</extensions>
</trkpt>
<trkpt lat="58.63713216" lon="16.77542416">
<ele>60.0</ele>
<time>2026-03-22T11:02:34Z</time>
<extensions>
<tp1:TrackPointExtension>
<tp1:hr>151</tp1:hr>
</tp1:TrackPointExtension>
</extensions>
</trkpt>
<trkpt lat="58.63714959" lon="16.77546188">
<ele>60.2</ele>
<time>2026-03-22T11:02:35Z</time>
<extensions>
<tp1:TrackPointExtension>
<tp1:hr>150</tp1:hr>
</tp1:TrackPointExtension>
</extensions>
</trkpt>
<trkpt lat="58.63716862" lon="16.77549189">
<ele>60.6</ele>
<time>2026-03-22T11:02:36Z</time>
<extensions>
<tp1:TrackPointExtension>
<tp1:hr>151</tp1:hr>
</tp1:TrackPointExtension>
</extensions>
</trkpt>
<trkpt lat="58.63719083" lon="16.77552273">
<ele>61.0</ele>
<time>2026-03-22T11:02:37Z</time>
<extensions>
<tp1:TrackPointExtension>
<tp1:hr>152</tp1:hr>
</tp1:TrackPointExtension>
</extensions>
</trkpt>
<trkpt lat="58.6372024" lon="16.77553967">
<ele>61.8</ele>
<time>2026-03-22T11:02:38Z</time>
<extensions>
<tp1:TrackPointExtension>
<tp1:hr>152</tp1:hr>
</tp1:TrackPointExtension>
</extensions>
</trkpt>
<trkpt lat="58.63721598" lon="16.77555643">
<ele>62.4</ele>
<time>2026-03-22T11:02:39Z</time>
<extensions>
<tp1:TrackPointExtension>
<tp1:hr>153</tp1:hr>
</tp1:TrackPointExtension>
</extensions>
</trkpt>
<trkpt lat="58.63722947" lon="16.77556448">
<ele>62.8</ele>
<time>2026-03-22T11:02:40Z</time>
<extensions>
<tp1:TrackPointExtension>
<tp1:hr>154</tp1:hr>
</tp1:TrackPointExtension>
</extensions>
</trkpt>
<trkpt lat="58.63723685" lon="16.77555459">
<ele>63.4</ele>
<time>2026-03-22T11:02:41Z</time>
<extensions>
<tp1:TrackPointExtension>
<tp1:hr>154</tp1:hr>
</tp1:TrackPointExtension>
</extensions>
</trkpt>
<trkpt lat="58.63725546" lon="16.77553799">
<ele>63.8</ele>
<time>2026-03-22T11:02:42Z</time>
<extensions>
<tp1:TrackPointExtension>
<tp1:hr>155</tp1:hr>
</tp1:TrackPointExtension>
</extensions>
</trkpt>
<trkpt lat="58.63726795" lon="16.77551938">
<ele>64.0</ele>
<time>2026-03-22T11:02:43Z</time>
<extensions>
<tp1:TrackPointExtension>
<tp1:hr>156</tp1:hr>
</tp1:TrackPointExtension>
</extensions>
</trkpt>
<trkpt lat="58.63727675" lon="16.77550689">
<ele>64.4</ele>
<time>2026-03-22T11:02:44Z</time>
<extensions>
<tp1:TrackPointExtension>
<tp1:hr>157</tp1:hr>
</tp1:TrackPointExtension>
</extensions>
</trkpt>
<trkpt lat="58.6372775" lon="16.7755519">
<ele>64.8</ele>
<time>2026-03-22T11:02:45Z</time>
<extensions>
<tp1:TrackPointExtension>
<tp1:hr>158</tp1:hr>
</tp1:TrackPointExtension>
</extensions>
</trkpt>
<trkpt lat="58.63729997" lon="16.77557361">
<ele>65.2</ele>
<time>2026-03-22T11:02:46Z</time>
<extensions>
<tp1:TrackPointExtension>
<tp1:hr>159</tp1:hr>
</tp1:TrackPointExtension>
</extensions>
</trkpt>
<trkpt lat="58.63732201" lon="16.77557755">
<ele>65.6</ele>
<time>2026-03-22T11:02:47Z</time>
<extensions>
<tp1:TrackPointExtension>
<tp1:hr>160</tp1:hr>
</tp1:TrackPointExtension>
</extensions>
</trkpt>
<trkpt lat="58.63733936" lon="16.77558669">
<ele>66.0</ele>
<time>2026-03-22T11:02:48Z</time>
<extensions>
<tp1:TrackPointExtension>
<tp1:hr>161</tp1:hr>
</tp1:TrackPointExtension>
</extensions>
</trkpt>
<trkpt lat="58.63735696" lon="16.7756022">
<ele>66.4</ele>
<time>2026-03-22T11:02:49Z</time>
<extensions>
<tp1:TrackPointExtension>
<tp1:hr>162</tp1:hr>
</tp1:TrackPointExtension>
</extensions>
</trkpt>
<trkpt lat="58.63737465" lon="16.77561737">
<ele>66.6</ele>
<time>2026-03-22T11:02:50Z</time>
<extensions>
<tp1:TrackPointExtension>
<tp1:hr>163</tp1:hr>
</tp1:TrackPointExtension>
</extensions>
</trkpt>
<trkpt lat="58.6373915" lon="16.77563262">
<ele>66.6</ele>
<time>2026-03-22T11:02:51Z</time>
<extensions>
<tp1:TrackPointExtension>
<tp1:hr>164</tp1:hr>
</tp1:TrackPointExtension>
</extensions>
</trkpt>
<trkpt lat="58.63741044" lon="16.77564779">
<ele>66.8</ele>
<time>2026-03-22T11:02:52Z</time>
<extensions>
<tp1:TrackPointExtension>
<tp1:hr>164</tp1:hr>
</tp1:TrackPointExtension>
</extensions>
</trkpt>
<trkpt lat="58.63743466" lon="16.77565995">
<ele>66.8</ele>
<time>2026-03-22T11:02:53Z</time>
<extensions>
<tp1:TrackPointExtension>
<tp1:hr>164</tp1:hr>
</tp1:TrackPointExtension>
</extensions>
</trkpt>
<trkpt lat="58.63745268" lon="16.775669">
<ele>66.8</ele>
<time>2026-03-22T11:02:54Z</time>
<extensions>
<tp1:TrackPointExtension>
<tp1:hr>164</tp1:hr>
</tp1:TrackPointExtension>
</extensions>
</trkpt>
<trkpt lat="58.63747247" lon="16.77567537">
<ele>66.6</ele>
<time>2026-03-22T11:02:55Z</time>
<extensions>
<tp1:TrackPointExtension>
<tp1:hr>164</tp1:hr>
</tp1:TrackPointExtension>
</extensions>
</trkpt>
<trkpt lat="58.63749585" lon="16.77567319">
<ele>66.4</ele>
<time>2026-03-22T11:02:56Z</time>
<extensions>
<tp1:TrackPointExtension>
<tp1:hr>164</tp1:hr>
</tp1:TrackPointExtension>
</extensions>
</trkpt>
<trkpt lat="58.63751664" lon="16.77565483">
<ele>66.2</ele>
<time>2026-03-22T11:02:57Z</time>
<extensions>
<tp1:TrackPointExtension>
<tp1:hr>163</tp1:hr>
</tp1:TrackPointExtension>
</extensions>
</trkpt>
<trkpt lat="58.63753592" lon="16.77563958">
<ele>65.2</ele>
<time>2026-03-22T11:02:58Z</time>
<extensions>
<tp1:TrackPointExtension>
<tp1:hr>164</tp1:hr>
</tp1:TrackPointExtension>
</extensions>
</trkpt>
<trkpt lat="58.63755486" lon="16.77562273">
<ele>64.2</ele>
<time>2026-03-22T11:02:59Z</time>
<extensions>
<tp1:TrackPointExtension>
<tp1:hr>165</tp1:hr>
</tp1:TrackPointExtension>
</extensions>
</trkpt>
<trkpt lat="58.63758068" lon="16.77559842">
<ele>63.6</ele>
<time>2026-03-22T11:03:00Z</time>
<extensions>
<tp1:TrackPointExtension>
<tp1:hr>165</tp1:hr>
</tp1:TrackPointExtension>
</extensions>
</trkpt>
<trkpt lat="58.63761018" lon="16.77556758">
<ele>63.6</ele>
<time>2026-03-22T11:03:01Z</time>
<extensions>
<tp1:TrackPointExtension>
<tp1:hr>165</tp1:hr>
</tp1:TrackPointExtension>
</extensions>
</trkpt>
<trkpt lat="58.63763834" lon="16.77554268">
<ele>63.4</ele>
<time>2026-03-22T11:03:02Z</time>
<extensions>
<tp1:TrackPointExtension>
<tp1:hr>165</tp1:hr>
</tp1:TrackPointExtension>
</extensions>
</trkpt>
<trkpt lat="58.6376603" lon="16.77552391">
<ele>63.2</ele>
<time>2026-03-22T11:03:03Z</time>
<extensions>
<tp1:TrackPointExtension>
<tp1:hr>165</tp1:hr>
</tp1:TrackPointExtension>
</extensions>
</trkpt>
<trkpt lat="58.63767874" lon="16.77551159">
<ele>63.2</ele>
<time>2026-03-22T11:03:04Z</time>
<extensions>
<tp1:TrackPointExtension>
<tp1:hr>165</tp1:hr>
</tp1:TrackPointExtension>
</extensions>
</trkpt>
<trkpt lat="58.63770314" lon="16.77548946">
<ele>63.2</ele>
<time>2026-03-22T11:03:05Z</time>
<extensions>
<tp1:TrackPointExtension>
<tp1:hr>165</tp1:hr>
</tp1:TrackPointExtension>
</extensions>
</trkpt>
<trkpt lat="58.63772728" lon="16.77547328">
<ele>63.2</ele>
<time>2026-03-22T11:03:06Z</time>
<extensions>
<tp1:TrackPointExtension>
<tp1:hr>164</tp1:hr>
</tp1:TrackPointExtension>
</extensions>
</trkpt>
<trkpt lat="58.63775276" lon="16.77545551">
<ele>63.4</ele>
<time>2026-03-22T11:03:07Z</time>
<extensions>
<tp1:TrackPointExtension>
<tp1:hr>164</tp1:hr>
</tp1:TrackPointExtension>
</extensions>
</trkpt>
<trkpt lat="58.6377779" lon="16.7754338">
<ele>63.4</ele>
<time>2026-03-22T11:03:08Z</time>
<extensions>
<tp1:TrackPointExtension>
<tp1:hr>164</tp1:hr>
</tp1:TrackPointExtension>
</extensions>
</trkpt>
<trkpt lat="58.63779953" lon="16.77541503">
<ele>63.6</ele>
<time>2026-03-22T11:03:09Z</time>
<extensions>
<tp1:TrackPointExtension>
<tp1:hr>164</tp1:hr>
</tp1:TrackPointExtension>
</extensions>
</trkpt>
<trkpt lat="58.63782099" lon="16.77540296">
<ele>63.6</ele>
<time>2026-03-22T11:03:10Z</time>
<extensions>
<tp1:TrackPointExtension>
<tp1:hr>164</tp1:hr>
</tp1:TrackPointExtension>
</extensions>
</trkpt>
<trkpt lat="58.63784244" lon="16.77539768">
<ele>63.4</ele>
<time>2026-03-22T11:03:11Z</time>
<extensions>
<tp1:TrackPointExtension>
<tp1:hr>164</tp1:hr>
</tp1:TrackPointExtension>
</extensions>
</trkpt>
<trkpt lat="58.63786474" lon="16.77538728">
<ele>63.4</ele>
<time>2026-03-22T11:03:12Z</time>
<extensions>
<tp1:TrackPointExtension>
<tp1:hr>164</tp1:hr>
</tp1:TrackPointExtension>
</extensions>
</trkpt>
<trkpt lat="58.63789793" lon="16.77537924">
<ele>63.4</ele>
<time>2026-03-22T11:03:13Z</time>
<extensions>
<tp1:TrackPointExtension>
<tp1:hr>164</tp1:hr>
</tp1:TrackPointExtension>
</extensions>
</trkpt>
<trkpt lat="58.6379266" lon="16.77536557">
<ele>63.4</ele>
<time>2026-03-22T11:03:14Z</time>
<extensions>
<tp1:TrackPointExtension>
<tp1:hr>163</tp1:hr>
</tp1:TrackPointExtension>
</extensions>
</trkpt>
<trkpt lat="58.63794629" lon="16.77535241">
<ele>63.6</ele>
<time>2026-03-22T11:03:15Z</time>
<extensions>
<tp1:TrackPointExtension>
<tp1:hr>163</tp1:hr>
</tp1:TrackPointExtension>
</extensions>
</trkpt>
<trkpt lat="58.63797236" lon="16.77534169">
<ele>63.8</ele>
<time>2026-03-22T11:03:16Z</time>
<extensions>
<tp1:TrackPointExtension>
<tp1:hr>163</tp1:hr>
</tp1:TrackPointExtension>
</extensions>
</trkpt>
<trkpt lat="58.6379991" lon="16.77535233">
<ele>64.0</ele>
<time>2026-03-22T11:03:17Z</time>
<extensions>
<tp1:TrackPointExtension>
<tp1:hr>163</tp1:hr>
</tp1:TrackPointExtension>
</extensions>
</trkpt>
<trkpt lat="58.63802785" lon="16.77536314">
<ele>64.2</ele>
<time>2026-03-22T11:03:18Z</time>
<extensions>
<tp1:TrackPointExtension>
<tp1:hr>163</tp1:hr>
</tp1:TrackPointExtension>
</extensions>
</trkpt>
<trkpt lat="58.63805325" lon="16.77538477">
<ele>64.2</ele>
<time>2026-03-22T11:03:19Z</time>
<extensions>
<tp1:TrackPointExtension>
<tp1:hr>163</tp1:hr>
</tp1:TrackPointExtension>
</extensions>
</trkpt>
<trkpt lat="58.63807588" lon="16.77540958">
<ele>64.2</ele>
<time>2026-03-22T11:03:20Z</time>
<extensions>
<tp1:TrackPointExtension>
<tp1:hr>162</tp1:hr>
</tp1:TrackPointExtension>
</extensions>
</trkpt>
<trkpt lat="58.63809088" lon="16.77540916">
<ele>64.0</ele>
<time>2026-03-22T11:03:21Z</time>
<extensions>
<tp1:TrackPointExtension>
<tp1:hr>162</tp1:hr>
</tp1:TrackPointExtension>
</extensions>
</trkpt>
<trkpt lat="58.63811938" lon="16.77538946">
<ele>63.8</ele>
<time>2026-03-22T11:03:22Z</time>
<extensions>
<tp1:TrackPointExtension>
<tp1:hr>163</tp1:hr>
</tp1:TrackPointExtension>
</extensions>
</trkpt>
<trkpt lat="58.63815073" lon="16.77538225">
<ele>63.8</ele>
<time>2026-03-22T11:03:23Z</time>
<extensions>
<tp1:TrackPointExtension>
<tp1:hr>163</tp1:hr>
</tp1:TrackPointExtension>
</extensions>
</trkpt>
<trkpt lat="58.63817001" lon="16.77536247">
<ele>63.8</ele>
<time>2026-03-22T11:03:24Z</time>
<extensions>
<tp1:TrackPointExtension>
<tp1:hr>163</tp1:hr>
</tp1:TrackPointExtension>
</extensions>
</trkpt>
<trkpt lat="58.63819147" lon="16.77533842">
<ele>63.8</ele>
<time>2026-03-22T11:03:25Z</time>
<extensions>
<tp1:TrackPointExtension>
<tp1:hr>163</tp1:hr>
</tp1:TrackPointExtension>
</extensions>
</trkpt>
<trkpt lat="58.63822114" lon="16.77532107">
<ele>63.8</ele>
<time>2026-03-22T11:03:26Z</time>
<extensions>
<tp1:TrackPointExtension>
<tp1:hr>162</tp1:hr>
</tp1:TrackPointExtension>
</extensions>
</trkpt>
<trkpt lat="58.6382519" lon="16.77531671">
<ele>63.8</ele>
<time>2026-03-22T11:03:27Z</time>
<extensions>
<tp1:TrackPointExtension>
<tp1:hr>162</tp1:hr>
</tp1:TrackPointExtension>
</extensions>
</trkpt>
<trkpt lat="58.63827746" lon="16.77531377">
<ele>63.8</ele>
<time>2026-03-22T11:03:28Z</time>
<extensions>
<tp1:TrackPointExtension>
<tp1:hr>162</tp1:hr>
</tp1:TrackPointExtension>
</extensions>
</trkpt>
<trkpt lat="58.63830496" lon="16.77532618">
<ele>63.8</ele>
<time>2026-03-22T11:03:29Z</time>
<extensions>
<tp1:TrackPointExtension>
<tp1:hr>162</tp1:hr>
</tp1:TrackPointExtension>
</extensions>
</trkpt>
<trkpt lat="58.63833312" lon="16.77537069">
<ele>64.0</ele>
<time>2026-03-22T11:03:30Z</time>
<extensions>
<tp1:TrackPointExtension>
<tp1:hr>162</tp1:hr>
</tp1:TrackPointExtension>
</extensions>
</trkpt>
<trkpt lat="58.63835122" lon="16.77542718">
<ele>64.2</ele>
<time>2026-03-22T11:03:31Z</time>
<extensions>
<tp1:TrackPointExtension>
<tp1:hr>162</tp1:hr>
</tp1:TrackPointExtension>
</extensions>
</trkpt>
<trkpt lat="58.63836464" lon="16.77546297">
<ele>64.4</ele>
<time>2026-03-22T11:03:32Z</time>
<extensions>
<tp1:TrackPointExtension>
<tp1:hr>162</tp1:hr>
</tp1:TrackPointExtension>
</extensions>
</trkpt>
<trkpt lat="58.63838048" lon="16.77549742">
<ele>64.6</ele>
<time>2026-03-22T11:03:33Z</time>
<extensions>
<tp1:TrackPointExtension>
<tp1:hr>162</tp1:hr>
</tp1:TrackPointExtension>
</extensions>
</trkpt>
<trkpt lat="58.6383928" lon="16.77553162">
<ele>64.8</ele>
<time>2026-03-22T11:03:34Z</time>
<extensions>
<tp1:TrackPointExtension>
<tp1:hr>162</tp1:hr>
</tp1:TrackPointExtension>
</extensions>
</trkpt>
<trkpt lat="58.63840302" lon="16.77558845">
<ele>64.8</ele>
<time>2026-03-22T11:03:35Z</time>
<extensions>
<tp1:TrackPointExtension>
<tp1:hr>162</tp1:hr>
</tp1:TrackPointExtension>
</extensions>
</trkpt>
<trkpt lat="58.63840948" lon="16.77564637">
<ele>64.8</ele>
<time>2026-03-22T11:03:36Z</time>
<extensions>
<tp1:TrackPointExtension>
<tp1:hr>162</tp1:hr>
</tp1:TrackPointExtension>
</extensions>
</trkpt>
<trkpt lat="58.63841585" lon="16.77569431">
<ele>64.8</ele>
<time>2026-03-22T11:03:37Z</time>
<extensions>
<tp1:TrackPointExtension>
<tp1:hr>162</tp1:hr>
</tp1:TrackPointExtension>
</extensions>
</trkpt>
<trkpt lat="58.63842633" lon="16.77572952">
<ele>64.8</ele>
<time>2026-03-22T11:03:38Z</time>
<extensions>
<tp1:TrackPointExtension>
<tp1:hr>162</tp1:hr>
</tp1:TrackPointExtension>
</extensions>
</trkpt>
<trkpt lat="58.63844016" lon="16.77575357">
<ele>64.8</ele>
<time>2026-03-22T11:03:39Z</time>
<extensions>
<tp1:TrackPointExtension>
<tp1:hr>162</tp1:hr>
</tp1:TrackPointExtension>
</extensions>
</trkpt>
<trkpt lat="58.63847058" lon="16.77576036">
<ele>65.0</ele>
<time>2026-03-22T11:03:40Z</time>
<extensions>
<tp1:TrackPointExtension>
<tp1:hr>162</tp1:hr>
</tp1:TrackPointExtension>
</extensions>
</trkpt>
<trkpt lat="58.63849011" lon="16.77574921">
<ele>65.0</ele>
<time>2026-03-22T11:03:41Z</time>
<extensions>
<tp1:TrackPointExtension>
<tp1:hr>163</tp1:hr>
</tp1:TrackPointExtension>
</extensions>
</trkpt>
<trkpt lat="58.63851258" lon="16.77572977">
<ele>65.0</ele>
<time>2026-03-22T11:03:42Z</time>
<extensions>
<tp1:TrackPointExtension>
<tp1:hr>165</tp1:hr>
</tp1:TrackPointExtension>
</extensions>
</trkpt>
<trkpt lat="58.63854468" lon="16.77573362">
<ele>65.2</ele>
<time>2026-03-22T11:03:43Z</time>
<extensions>
<tp1:TrackPointExtension>
<tp1:hr>165</tp1:hr>
</tp1:TrackPointExtension>
</extensions>
</trkpt>
<trkpt lat="58.63856438" lon="16.77576489">
<ele>65.4</ele>
<time>2026-03-22T11:03:44Z</time>
<extensions>
<tp1:TrackPointExtension>
<tp1:hr>164</tp1:hr>
</tp1:TrackPointExtension>
</extensions>
</trkpt>
<trkpt lat="58.63858189" lon="16.77578685">
<ele>65.8</ele>
<time>2026-03-22T11:03:45Z</time>
<extensions>
<tp1:TrackPointExtension>
<tp1:hr>164</tp1:hr>
</tp1:TrackPointExtension>
</extensions>
</trkpt>
<trkpt lat="58.63858927" lon="16.7757954">
<ele>66.2</ele>
<time>2026-03-22T11:03:46Z</time>
<extensions>
<tp1:TrackPointExtension>
<tp1:hr>164</tp1:hr>
</tp1:TrackPointExtension>
</extensions>
</trkpt>
<trkpt lat="58.63860168" lon="16.77581929">
<ele>66.6</ele>
<time>2026-03-22T11:03:47Z</time>
<extensions>
<tp1:TrackPointExtension>
<tp1:hr>165</tp1:hr>
</tp1:TrackPointExtension>
</extensions>
</trkpt>
<trkpt lat="58.63862582" lon="16.77582993">
<ele>67.0</ele>
<time>2026-03-22T11:03:48Z</time>
<extensions>
<tp1:TrackPointExtension>
<tp1:hr>164</tp1:hr>
</tp1:TrackPointExtension>
</extensions>
</trkpt>
<trkpt lat="58.63864778" lon="16.77584284">
<ele>67.4</ele>
<time>2026-03-22T11:03:49Z</time>
<extensions>
<tp1:TrackPointExtension>
<tp1:hr>164</tp1:hr>
</tp1:TrackPointExtension>
</extensions>
</trkpt>
<trkpt lat="58.63867125" lon="16.77584502">
<ele>67.6</ele>
<time>2026-03-22T11:03:50Z</time>
<extensions>
<tp1:TrackPointExtension>
<tp1:hr>164</tp1:hr>
</tp1:TrackPointExtension>
</extensions>
</trkpt>
<trkpt lat="58.63869874" lon="16.77583077">
<ele>67.8</ele>
<time>2026-03-22T11:03:51Z</time>
<extensions>
<tp1:TrackPointExtension>
<tp1:hr>164</tp1:hr>
</tp1:TrackPointExtension>
</extensions>
</trkpt>
<trkpt lat="58.63872372" lon="16.77582012">
<ele>67.8</ele>
<time>2026-03-22T11:03:52Z</time>
<extensions>
<tp1:TrackPointExtension>
<tp1:hr>164</tp1:hr>
</tp1:TrackPointExtension>
</extensions>
</trkpt>
<trkpt lat="58.63874023" lon="16.77580579">
<ele>67.8</ele>
<time>2026-03-22T11:03:53Z</time>
<extensions>
<tp1:TrackPointExtension>
<tp1:hr>165</tp1:hr>
</tp1:TrackPointExtension>
</extensions>
</trkpt>
<trkpt lat="58.63876211" lon="16.77579339">
<ele>68.0</ele>
<time>2026-03-22T11:03:54Z</time>
<extensions>
<tp1:TrackPointExtension>
<tp1:hr>165</tp1:hr>
</tp1:TrackPointExtension>
</extensions>
</trkpt>
<trkpt lat="58.63878876" lon="16.77579062">
<ele>68.0</ele>
<time>2026-03-22T11:03:55Z</time>
<extensions>
<tp1:TrackPointExtension>
<tp1:hr>165</tp1:hr>
</tp1:TrackPointExtension>
</extensions>
</trkpt>
<trkpt lat="58.63881567" lon="16.77578693">
<ele>67.8</ele>
<time>2026-03-22T11:03:56Z</time>
<extensions>
<tp1:TrackPointExtension>
<tp1:hr>165</tp1:hr>
</tp1:TrackPointExtension>
</extensions>
</trkpt>
<trkpt lat="58.63883545" lon="16.7757902">
<ele>67.8</ele>
<time>2026-03-22T11:03:57Z</time>
<extensions>
<tp1:TrackPointExtension>
<tp1:hr>165</tp1:hr>
</tp1:TrackPointExtension>
</extensions>
</trkpt>
<trkpt lat="58.63886772" lon="16.77578693">
<ele>67.8</ele>
<time>2026-03-22T11:03:58Z</time>
<extensions>
<tp1:TrackPointExtension>
<tp1:hr>165</tp1:hr>
</tp1:TrackPointExtension>
</extensions>
</trkpt>
<trkpt lat="58.63889638" lon="16.77579984">
<ele>67.6</ele>
<time>2026-03-22T11:03:59Z</time>
<extensions>
<tp1:TrackPointExtension>
<tp1:hr>166</tp1:hr>
</tp1:TrackPointExtension>
</extensions>
</trkpt>
<trkpt lat="58.63892446" lon="16.77579096">
<ele>67.2</ele>
<time>2026-03-22T11:04:00Z</time>
<extensions>
<tp1:TrackPointExtension>
<tp1:hr>166</tp1:hr>
</tp1:TrackPointExtension>
</extensions>
</trkpt>
<trkpt lat="58.63895967" lon="16.77576916">
<ele>66.8</ele>
<time>2026-03-22T11:04:01Z</time>
<extensions>
<tp1:TrackPointExtension>
<tp1:hr>166</tp1:hr>
</tp1:TrackPointExtension>
</extensions>
</trkpt>
<trkpt lat="58.63898666" lon="16.77578048">
<ele>66.6</ele>
<time>2026-03-22T11:04:02Z</time>
<extensions>
<tp1:TrackPointExtension>
<tp1:hr>166</tp1:hr>
</tp1:TrackPointExtension>
</extensions>
</trkpt>
<trkpt lat="58.63901298" lon="16.77579213">
<ele>66.4</ele>
<time>2026-03-22T11:04:03Z</time>
<extensions>
<tp1:TrackPointExtension>
<tp1:hr>166</tp1:hr>
</tp1:TrackPointExtension>
</extensions>
</trkpt>
<trkpt lat="58.63903955" lon="16.77580621">
<ele>66.4</ele>
<time>2026-03-22T11:04:04Z</time>
<extensions>
<tp1:TrackPointExtension>
<tp1:hr>166</tp1:hr>
</tp1:TrackPointExtension>
</extensions>
</trkpt>
<trkpt lat="58.63906838" lon="16.77582792">
<ele>66.4</ele>
<time>2026-03-22T11:04:05Z</time>
<extensions>
<tp1:TrackPointExtension>
<tp1:hr>166</tp1:hr>
</tp1:TrackPointExtension>
</extensions>
</trkpt>
<trkpt lat="58.63909503" lon="16.77584871">
<ele>66.6</ele>
<time>2026-03-22T11:04:06Z</time>
<extensions>
<tp1:TrackPointExtension>
<tp1:hr>165</tp1:hr>
</tp1:TrackPointExtension>
</extensions>
</trkpt>
<trkpt lat="58.63911968" lon="16.7758648">
<ele>66.6</ele>
<time>2026-03-22T11:04:07Z</time>
<extensions>
<tp1:TrackPointExtension>
<tp1:hr>166</tp1:hr>
</tp1:TrackPointExtension>
</extensions>
</trkpt>
<trkpt lat="58.63914507" lon="16.77587846">
<ele>66.6</ele>
<time>2026-03-22T11:04:08Z</time>
<extensions>
<tp1:TrackPointExtension>
<tp1:hr>166</tp1:hr>
</tp1:TrackPointExtension>
</extensions>
</trkpt>
<trkpt lat="58.63917106" lon="16.77589187">
<ele>66.8</ele>
<time>2026-03-22T11:04:09Z</time>
<extensions>
<tp1:TrackPointExtension>
<tp1:hr>165</tp1:hr>
</tp1:TrackPointExtension>
</extensions>
</trkpt>
<trkpt lat="58.63919713" lon="16.7759104">
<ele>66.8</ele>
<time>2026-03-22T11:04:10Z</time>
<extensions>
<tp1:TrackPointExtension>
<tp1:hr>165</tp1:hr>
</tp1:TrackPointExtension>
</extensions>
</trkpt>
<trkpt lat="58.63922244" lon="16.77594627">
<ele>66.8</ele>
<time>2026-03-22T11:04:11Z</time>
<extensions>
<tp1:TrackPointExtension>
<tp1:hr>165</tp1:hr>
</tp1:TrackPointExtension>
</extensions>
</trkpt>
<trkpt lat="58.63924759" lon="16.77597745">
<ele>66.5</ele>
<time>2026-03-22T11:04:12Z</time>
<extensions>
<tp1:TrackPointExtension>
<tp1:hr>165</tp1:hr>
</tp1:TrackPointExtension>
</extensions>
</trkpt>
<trkpt lat="58.6392755" lon="16.77602733">
<ele>66.5</ele>
<time>2026-03-22T11:04:13Z</time>
<extensions>
<tp1:TrackPointExtension>
<tp1:hr>164</tp1:hr>
</tp1:TrackPointExtension>
</extensions>
</trkpt>
<trkpt lat="58.63929729" lon="16.77605675">
<ele>66.3</ele>
<time>2026-03-22T11:04:14Z</time>
<extensions>
<tp1:TrackPointExtension>
<tp1:hr>164</tp1:hr>
</tp1:TrackPointExtension>
</extensions>
</trkpt>
<trkpt lat="58.63932034" lon="16.77608005">
<ele>66.3</ele>
<time>2026-03-22T11:04:15Z</time>
<extensions>
<tp1:TrackPointExtension>
<tp1:hr>164</tp1:hr>
</tp1:TrackPointExtension>
</extensions>
</trkpt>
<trkpt lat="58.63934364" lon="16.77611383">
<ele>66.3</ele>
<time>2026-03-22T11:04:16Z</time>
<extensions>
<tp1:TrackPointExtension>
<tp1:hr>164</tp1:hr>
</tp1:TrackPointExtension>
</extensions>
</trkpt>
<trkpt lat="58.63936426" lon="16.77612523">
<ele>66.7</ele>
<time>2026-03-22T11:04:17Z</time>
<extensions>
<tp1:TrackPointExtension>
<tp1:hr>164</tp1:hr>
</tp1:TrackPointExtension>
</extensions>
</trkpt>
<trkpt lat="58.63939192" lon="16.77614409">
<ele>66.9</ele>
<time>2026-03-22T11:04:18Z</time>
<extensions>
<tp1:TrackPointExtension>
<tp1:hr>164</tp1:hr>
</tp1:TrackPointExtension>
</extensions>
</trkpt>
<trkpt lat="58.63941765" lon="16.77616093">
<ele>66.9</ele>
<time>2026-03-22T11:04:19Z</time>
<extensions>
<tp1:TrackPointExtension>
<tp1:hr>164</tp1:hr>
</tp1:TrackPointExtension>
</extensions>
</trkpt>
<trkpt lat="58.63944582" lon="16.77618658">
<ele>66.9</ele>
<time>2026-03-22T11:04:20Z</time>
<extensions>
<tp1:TrackPointExtension>
<tp1:hr>164</tp1:hr>
</tp1:TrackPointExtension>
</extensions>
</trkpt>
<trkpt lat="58.63946593" lon="16.77620678">
<ele>66.9</ele>
<time>2026-03-22T11:04:21Z</time>
<extensions>
<tp1:TrackPointExtension>
<tp1:hr>164</tp1:hr>
</tp1:TrackPointExtension>
</extensions>
</trkpt>
<trkpt lat="58.63948739" lon="16.77621743">
<ele>66.9</ele>
<time>2026-03-22T11:04:22Z</time>
<extensions>
<tp1:TrackPointExtension>
<tp1:hr>165</tp1:hr>
</tp1:TrackPointExtension>
</extensions>
</trkpt>
<trkpt lat="58.63951178" lon="16.77623754">
<ele>66.9</ele>
<time>2026-03-22T11:04:23Z</time>
<extensions>
<tp1:TrackPointExtension>
<tp1:hr>164</tp1:hr>
</tp1:TrackPointExtension>
</extensions>
</trkpt>
<trkpt lat="58.63953634" lon="16.77629136">
<ele>66.7</ele>
<time>2026-03-22T11:04:24Z</time>
<extensions>
<tp1:TrackPointExtension>
<tp1:hr>164</tp1:hr>
</tp1:TrackPointExtension>
</extensions>
</trkpt>
<trkpt lat="58.63955495" lon="16.77632832">
<ele>66.5</ele>
<time>2026-03-22T11:04:25Z</time>
<extensions>
<tp1:TrackPointExtension>
<tp1:hr>164</tp1:hr>
</tp1:TrackPointExtension>
</extensions>
</trkpt>
<trkpt lat="58.63957783" lon="16.77636654">
<ele>66.3</ele>
<time>2026-03-22T11:04:26Z</time>
<extensions>
<tp1:TrackPointExtension>
<tp1:hr>165</tp1:hr>
</tp1:TrackPointExtension>
</extensions>
</trkpt>
<trkpt lat="58.63960524" lon="16.7764144">
<ele>66.1</ele>
<time>2026-03-22T11:04:27Z</time>
<extensions>
<tp1:TrackPointExtension>
<tp1:hr>164</tp1:hr>
</tp1:TrackPointExtension>
</extensions>
</trkpt>
<trkpt lat="58.63963324" lon="16.77644977">
<ele>65.7</ele>
<time>2026-03-22T11:04:28Z</time>
<extensions>
<tp1:TrackPointExtension>
<tp1:hr>164</tp1:hr>
</tp1:TrackPointExtension>
</extensions>
</trkpt>
<trkpt lat="58.63965905" lon="16.7764569">
<ele>65.5</ele>
<time>2026-03-22T11:04:29Z</time>
<extensions>
<tp1:TrackPointExtension>
<tp1:hr>164</tp1:hr>
</tp1:TrackPointExtension>
</extensions>
</trkpt>
<trkpt lat="58.6396878" lon="16.77648313">
<ele>65.3</ele>
<time>2026-03-22T11:04:30Z</time>
<extensions>
<tp1:TrackPointExtension>
<tp1:hr>164</tp1:hr>
</tp1:TrackPointExtension>
</extensions>
</trkpt>
<trkpt lat="58.63971127" lon="16.77653359">
<ele>65.1</ele>
<time>2026-03-22T11:04:31Z</time>
<extensions>
<tp1:TrackPointExtension>
<tp1:hr>164</tp1:hr>
</tp1:TrackPointExtension>
</extensions>
</trkpt>
<trkpt lat="58.63973097" lon="16.77657743">
<ele>65.1</ele>
<time>2026-03-22T11:04:32Z</time>
<extensions>
<tp1:TrackPointExtension>
<tp1:hr>164</tp1:hr>
</tp1:TrackPointExtension>
</extensions>
</trkpt>
<trkpt lat="58.63974757" lon="16.77661146">
<ele>65.1</ele>
<time>2026-03-22T11:04:33Z</time>
<extensions>
<tp1:TrackPointExtension>
<tp1:hr>164</tp1:hr>
</tp1:TrackPointExtension>
</extensions>
</trkpt>
<trkpt lat="58.63976751" lon="16.77663635">
<ele>65.3</ele>
<time>2026-03-22T11:04:34Z</time>
<extensions>
<tp1:TrackPointExtension>
<tp1:hr>164</tp1:hr>
</tp1:TrackPointExtension>
</extensions>
</trkpt>
<trkpt lat="58.63979065" lon="16.77667776">
<ele>65.3</ele>
<time>2026-03-22T11:04:35Z</time>
<extensions>
<tp1:TrackPointExtension>
<tp1:hr>163</tp1:hr>
</tp1:TrackPointExtension>
</extensions>
</trkpt>
<trkpt lat="58.63981286" lon="16.77671028">
<ele>65.3</ele>
<time>2026-03-22T11:04:36Z</time>
<extensions>
<tp1:TrackPointExtension>
<tp1:hr>163</tp1:hr>
</tp1:TrackPointExtension>
</extensions>
</trkpt>
<trkpt lat="58.63983625" lon="16.77674515">
<ele>65.3</ele>
<time>2026-03-22T11:04:37Z</time>
<extensions>
<tp1:TrackPointExtension>
<tp1:hr>163</tp1:hr>
</tp1:TrackPointExtension>
</extensions>
</trkpt>
<trkpt lat="58.63986106" lon="16.77678589">
<ele>65.3</ele>
<time>2026-03-22T11:04:38Z</time>
<extensions>
<tp1:TrackPointExtension>
<tp1:hr>163</tp1:hr>
</tp1:TrackPointExtension>
</extensions>
</trkpt>
<trkpt lat="58.63988763" lon="16.77682512">
<ele>65.3</ele>
<time>2026-03-22T11:04:39Z</time>
<extensions>
<tp1:TrackPointExtension>
<tp1:hr>164</tp1:hr>
</tp1:TrackPointExtension>
</extensions>
</trkpt>
<trkpt lat="58.63991227" lon="16.77684942">
<ele>65.5</ele>
<time>2026-03-22T11:04:40Z</time>
<extensions>
<tp1:TrackPointExtension>
<tp1:hr>163</tp1:hr>
</tp1:TrackPointExtension>
</extensions>
</trkpt>
<trkpt lat="58.63993675" lon="16.77687029">
<ele>65.7</ele>
<time>2026-03-22T11:04:41Z</time>
<extensions>
<tp1:TrackPointExtension>
<tp1:hr>163</tp1:hr>
</tp1:TrackPointExtension>
</extensions>
</trkpt>
<trkpt lat="58.63996734" lon="16.77688907">
<ele>65.9</ele>
<time>2026-03-22T11:04:42Z</time>
<extensions>
<tp1:TrackPointExtension>
<tp1:hr>164</tp1:hr>
</tp1:TrackPointExtension>
</extensions>
</trkpt>
<trkpt lat="58.63999533" lon="16.77689745">
<ele>66.1</ele>
<time>2026-03-22T11:04:43Z</time>
<extensions>
<tp1:TrackPointExtension>
<tp1:hr>163</tp1:hr>
</tp1:TrackPointExtension>
</extensions>
</trkpt>
<trkpt lat="58.64002015" lon="16.7768972">
<ele>66.1</ele>
<time>2026-03-22T11:04:44Z</time>
<extensions>
<tp1:TrackPointExtension>
<tp1:hr>163</tp1:hr>
</tp1:TrackPointExtension>
</extensions>
</trkpt>
<trkpt lat="58.64004806" lon="16.77690466">
<ele>66.1</ele>
<time>2026-03-22T11:04:45Z</time>
<extensions>
<tp1:TrackPointExtension>
<tp1:hr>163</tp1:hr>
</tp1:TrackPointExtension>
</extensions>
</trkpt>
<trkpt lat="58.64008016" lon="16.77692067">
<ele>66.1</ele>
<time>2026-03-22T11:04:46Z</time>
<extensions>
<tp1:TrackPointExtension>
<tp1:hr>163</tp1:hr>
</tp1:TrackPointExtension>
</extensions>
</trkpt>
<trkpt lat="58.64010748" lon="16.77692855">
<ele>65.9</ele>
<time>2026-03-22T11:04:47Z</time>
<extensions>
<tp1:TrackPointExtension>
<tp1:hr>163</tp1:hr>
</tp1:TrackPointExtension>
</extensions>
</trkpt>
<trkpt lat="58.64013498" lon="16.77692">
<ele>65.9</ele>
<time>2026-03-22T11:04:48Z</time>
<extensions>
<tp1:TrackPointExtension>
<tp1:hr>163</tp1:hr>
</tp1:TrackPointExtension>
</extensions>
</trkpt>
<trkpt lat="58.64015602" lon="16.776906">
<ele>65.9</ele>
<time>2026-03-22T11:04:49Z</time>
<extensions>
<tp1:TrackPointExtension>
<tp1:hr>163</tp1:hr>
</tp1:TrackPointExtension>
</extensions>
</trkpt>
<trkpt lat="58.64018577" lon="16.77690583">
<ele>65.9</ele>
<time>2026-03-22T11:04:50Z</time>
<extensions>
<tp1:TrackPointExtension>
<tp1:hr>162</tp1:hr>
</tp1:TrackPointExtension>
</extensions>
</trkpt>
<trkpt lat="58.64021913" lon="16.77691505">
<ele>65.5</ele>
<time>2026-03-22T11:04:51Z</time>
<extensions>
<tp1:TrackPointExtension>
<tp1:hr>162</tp1:hr>
</tp1:TrackPointExtension>
</extensions>
</trkpt>
<trkpt lat="58.64024042" lon="16.77691832">
<ele>65.3</ele>
<time>2026-03-22T11:04:52Z</time>
<extensions>
<tp1:TrackPointExtension>
<tp1:hr>162</tp1:hr>
</tp1:TrackPointExtension>
</extensions>
</trkpt>
<trkpt lat="58.64026942" lon="16.77691245">
<ele>64.7</ele>
<time>2026-03-22T11:04:53Z</time>
<extensions>
<tp1:TrackPointExtension>
<tp1:hr>162</tp1:hr>
</tp1:TrackPointExtension>
</extensions>
</trkpt>
<trkpt lat="58.64030345" lon="16.77690843">
<ele>63.9</ele>
<time>2026-03-22T11:04:54Z</time>
<extensions>
<tp1:TrackPointExtension>
<tp1:hr>162</tp1:hr>
</tp1:TrackPointExtension>
</extensions>
</trkpt>
<trkpt lat="58.64032877" lon="16.77689779">
<ele>63.3</ele>
<time>2026-03-22T11:04:55Z</time>
<extensions>
<tp1:TrackPointExtension>
<tp1:hr>162</tp1:hr>
</tp1:TrackPointExtension>
</extensions>
</trkpt>
<trkpt lat="58.6403607" lon="16.77690986">
<ele>62.9</ele>
<time>2026-03-22T11:04:56Z</time>
<extensions>
<tp1:TrackPointExtension>
<tp1:hr>162</tp1:hr>
</tp1:TrackPointExtension>
</extensions>
</trkpt>
<trkpt lat="58.64039415" lon="16.77694808">
<ele>62.9</ele>
<time>2026-03-22T11:04:57Z</time>
<extensions>
<tp1:TrackPointExtension>
<tp1:hr>162</tp1:hr>
</tp1:TrackPointExtension>
</extensions>
</trkpt>
<trkpt lat="58.64041921" lon="16.77695914">
<ele>63.1</ele>
<time>2026-03-22T11:04:58Z</time>
<extensions>
<tp1:TrackPointExtension>
<tp1:hr>162</tp1:hr>
</tp1:TrackPointExtension>
</extensions>
</trkpt>
<trkpt lat="58.64044494" lon="16.77695319">
<ele>63.3</ele>
<time>2026-03-22T11:04:59Z</time>
<extensions>
<tp1:TrackPointExtension>
<tp1:hr>162</tp1:hr>
</tp1:TrackPointExtension>
</extensions>
</trkpt>
<trkpt lat="58.64046481" lon="16.77694741">
<ele>63.5</ele>
<time>2026-03-22T11:05:00Z</time>
<extensions>
<tp1:TrackPointExtension>
<tp1:hr>162</tp1:hr>
</tp1:TrackPointExtension>
</extensions>
</trkpt>
<trkpt lat="58.64049121" lon="16.77695914">
<ele>63.7</ele>
<time>2026-03-22T11:05:01Z</time>
<extensions>
<tp1:TrackPointExtension>
<tp1:hr>162</tp1:hr>
</tp1:TrackPointExtension>
</extensions>
</trkpt>
<trkpt lat="58.64051476" lon="16.77697046">
<ele>63.9</ele>
<time>2026-03-22T11:05:02Z</time>
<extensions>
<tp1:TrackPointExtension>
<tp1:hr>162</tp1:hr>
</tp1:TrackPointExtension>
</extensions>
</trkpt>
<trkpt lat="58.64053496" lon="16.77697674">
<ele>64.3</ele>
<time>2026-03-22T11:05:03Z</time>
<extensions>
<tp1:TrackPointExtension>
<tp1:hr>162</tp1:hr>
</tp1:TrackPointExtension>
</extensions>
</trkpt>
<trkpt lat="58.640556" lon="16.77698303">
<ele>64.5</ele>
<time>2026-03-22T11:05:04Z</time>
<extensions>
<tp1:TrackPointExtension>
<tp1:hr>162</tp1:hr>
</tp1:TrackPointExtension>
</extensions>
</trkpt>
<trkpt lat="58.64058224" lon="16.77699099">
<ele>64.9</ele>
<time>2026-03-22T11:05:05Z</time>
<extensions>
<tp1:TrackPointExtension>
<tp1:hr>161</tp1:hr>
</tp1:TrackPointExtension>
</extensions>
</trkpt>
<trkpt lat="58.64060679" lon="16.77701522">
<ele>65.1</ele>
<time>2026-03-22T11:05:06Z</time>
<extensions>
<tp1:TrackPointExtension>
<tp1:hr>162</tp1:hr>
</tp1:TrackPointExtension>
</extensions>
</trkpt>
<trkpt lat="58.64063026" lon="16.7770324">
<ele>65.1</ele>
<time>2026-03-22T11:05:07Z</time>
<extensions>
<tp1:TrackPointExtension>
<tp1:hr>161</tp1:hr>
</tp1:TrackPointExtension>
</extensions>
</trkpt>
<trkpt lat="58.64065616" lon="16.77704514">
<ele>65.3</ele>
<time>2026-03-22T11:05:08Z</time>
<extensions>
<tp1:TrackPointExtension>
<tp1:hr>161</tp1:hr>
</tp1:TrackPointExtension>
</extensions>
</trkpt>
<trkpt lat="58.64069045" lon="16.77705755">
<ele>65.3</ele>
<time>2026-03-22T11:05:09Z</time>
<extensions>
<tp1:TrackPointExtension>
<tp1:hr>161</tp1:hr>
</tp1:TrackPointExtension>
</extensions>
</trkpt>
<trkpt lat="58.64072339" lon="16.77706257">
<ele>65.3</ele>
<time>2026-03-22T11:05:10Z</time>
<extensions>
<tp1:TrackPointExtension>
<tp1:hr>162</tp1:hr>
</tp1:TrackPointExtension>
</extensions>
</trkpt>
<trkpt lat="58.64074568" lon="16.77705654">
<ele>65.5</ele>
<time>2026-03-22T11:05:11Z</time>
<extensions>
<tp1:TrackPointExtension>
<tp1:hr>161</tp1:hr>
</tp1:TrackPointExtension>
</extensions>
</trkpt>
<trkpt lat="58.64077175" lon="16.77704841">
<ele>65.9</ele>
<time>2026-03-22T11:05:12Z</time>
<extensions>
<tp1:TrackPointExtension>
<tp1:hr>162</tp1:hr>
</tp1:TrackPointExtension>
</extensions>
</trkpt>
<trkpt lat="58.64080729" lon="16.77705947">
<ele>66.1</ele>
<time>2026-03-22T11:05:13Z</time>
<extensions>
<tp1:TrackPointExtension>
<tp1:hr>162</tp1:hr>
</tp1:TrackPointExtension>
</extensions>
</trkpt>
<trkpt lat="58.64083487" lon="16.77706744">
<ele>66.3</ele>
<time>2026-03-22T11:05:14Z</time>
<extensions>
<tp1:TrackPointExtension>
<tp1:hr>162</tp1:hr>
</tp1:TrackPointExtension>
</extensions>
</trkpt>
<trkpt lat="58.64085666" lon="16.77707909">
<ele>66.5</ele>
<time>2026-03-22T11:05:15Z</time>
<extensions>
<tp1:TrackPointExtension>
<tp1:hr>162</tp1:hr>
</tp1:TrackPointExtension>
</extensions>
</trkpt>
<trkpt lat="58.64087837" lon="16.77709258">
<ele>66.9</ele>
<time>2026-03-22T11:05:16Z</time>
<extensions>
<tp1:TrackPointExtension>
<tp1:hr>162</tp1:hr>
</tp1:TrackPointExtension>
</extensions>
</trkpt>
<trkpt lat="58.64091399" lon="16.77711404">
<ele>67.1</ele>
<time>2026-03-22T11:05:17Z</time>
<extensions>
<tp1:TrackPointExtension>
<tp1:hr>162</tp1:hr>
</tp1:TrackPointExtension>
</extensions>
</trkpt>
<trkpt lat="58.64094526" lon="16.77712996">
<ele>67.1</ele>
<time>2026-03-22T11:05:18Z</time>
<extensions>
<tp1:TrackPointExtension>
<tp1:hr>162</tp1:hr>
</tp1:TrackPointExtension>
</extensions>
</trkpt>
<trkpt lat="58.64097015" lon="16.77713734">
<ele>67.1</ele>
<time>2026-03-22T11:05:19Z</time>
<extensions>
<tp1:TrackPointExtension>
<tp1:hr>162</tp1:hr>
</tp1:TrackPointExtension>
</extensions>
</trkpt>
<trkpt lat="58.64100058" lon="16.77712309">
<ele>67.1</ele>
<time>2026-03-22T11:05:20Z</time>
<extensions>
<tp1:TrackPointExtension>
<tp1:hr>163</tp1:hr>
</tp1:TrackPointExtension>
</extensions>
</trkpt>
<trkpt lat="58.64103553" lon="16.7771215">
<ele>67.3</ele>
<time>2026-03-22T11:05:21Z</time>
<extensions>
<tp1:TrackPointExtension>
<tp1:hr>163</tp1:hr>
</tp1:TrackPointExtension>
</extensions>
</trkpt>
<trkpt lat="58.64106143" lon="16.77713457">
<ele>67.5</ele>
<time>2026-03-22T11:05:22Z</time>
<extensions>
<tp1:TrackPointExtension>
<tp1:hr>163</tp1:hr>
</tp1:TrackPointExtension>
</extensions>
</trkpt>
<trkpt lat="58.64108188" lon="16.77712527">
<ele>67.7</ele>
<time>2026-03-22T11:05:23Z</time>
<extensions>
<tp1:TrackPointExtension>
<tp1:hr>164</tp1:hr>
</tp1:TrackPointExtension>
</extensions>
</trkpt>
<trkpt lat="58.6411082" lon="16.77711387">
<ele>67.9</ele>
<time>2026-03-22T11:05:24Z</time>
<extensions>
<tp1:TrackPointExtension>
<tp1:hr>164</tp1:hr>
</tp1:TrackPointExtension>
</extensions>
</trkpt>
<trkpt lat="58.64113142" lon="16.77711471">
<ele>68.1</ele>
<time>2026-03-22T11:05:25Z</time>
<extensions>
<tp1:TrackPointExtension>
<tp1:hr>165</tp1:hr>
</tp1:TrackPointExtension>
</extensions>
</trkpt>
<trkpt lat="58.64115598" lon="16.77711538">
<ele>68.1</ele>
<time>2026-03-22T11:05:26Z</time>
<extensions>
<tp1:TrackPointExtension>
<tp1:hr>165</tp1:hr>
</tp1:TrackPointExtension>
</extensions>
</trkpt>
<trkpt lat="58.64117785" lon="16.77711035">
<ele>68.3</ele>
<time>2026-03-22T11:05:27Z</time>
<extensions>
<tp1:TrackPointExtension>
<tp1:hr>165</tp1:hr>
</tp1:TrackPointExtension>
</extensions>
</trkpt>
<trkpt lat="58.6411947" lon="16.77711463">
<ele>68.3</ele>
<time>2026-03-22T11:05:28Z</time>
<extensions>
<tp1:TrackPointExtension>
<tp1:hr>165</tp1:hr>
</tp1:TrackPointExtension>
</extensions>
</trkpt>
<trkpt lat="58.64122345" lon="16.77714279">
<ele>68.3</ele>
<time>2026-03-22T11:05:29Z</time>
<extensions>
<tp1:TrackPointExtension>
<tp1:hr>165</tp1:hr>
</tp1:TrackPointExtension>
</extensions>
</trkpt>
<trkpt lat="58.64125011" lon="16.77718889">
<ele>68.5</ele>
<time>2026-03-22T11:05:30Z</time>
<extensions>
<tp1:TrackPointExtension>
<tp1:hr>165</tp1:hr>
</tp1:TrackPointExtension>
</extensions>
</trkpt>
<trkpt lat="58.64128103" lon="16.77720708">
<ele>68.7</ele>
<time>2026-03-22T11:05:31Z</time>
<extensions>
<tp1:TrackPointExtension>
<tp1:hr>165</tp1:hr>
</tp1:TrackPointExtension>
</extensions>
</trkpt>
<trkpt lat="58.64130618" lon="16.77720054">
<ele>68.9</ele>
<time>2026-03-22T11:05:32Z</time>
<extensions>
<tp1:TrackPointExtension>
<tp1:hr>166</tp1:hr>
</tp1:TrackPointExtension>
</extensions>
</trkpt>
<trkpt lat="58.64133803" lon="16.77718914">
<ele>68.9</ele>
<time>2026-03-22T11:05:33Z</time>
<extensions>
<tp1:TrackPointExtension>
<tp1:hr>166</tp1:hr>
</tp1:TrackPointExtension>
</extensions>
</trkpt>
<trkpt lat="58.64137441" lon="16.77719006">
<ele>69.1</ele>
<time>2026-03-22T11:05:34Z</time>
<extensions>
<tp1:TrackPointExtension>
<tp1:hr>166</tp1:hr>
</tp1:TrackPointExtension>
</extensions>
</trkpt>
<trkpt lat="58.64139855" lon="16.77719073">
<ele>68.9</ele>
<time>2026-03-22T11:05:35Z</time>
<extensions>
<tp1:TrackPointExtension>
<tp1:hr>167</tp1:hr>
</tp1:TrackPointExtension>
</extensions>
</trkpt>
<trkpt lat="58.64142395" lon="16.77719275">
<ele>68.9</ele>
<time>2026-03-22T11:05:36Z</time>
<extensions>
<tp1:TrackPointExtension>
<tp1:hr>167</tp1:hr>
</tp1:TrackPointExtension>
</extensions>
</trkpt>
<trkpt lat="58.64145194" lon="16.77721965">
<ele>68.9</ele>
<time>2026-03-22T11:05:37Z</time>
<extensions>
<tp1:TrackPointExtension>
<tp1:hr>167</tp1:hr>
</tp1:TrackPointExtension>
</extensions>
</trkpt>
<trkpt lat="58.64147818" lon="16.77726508">
<ele>69.1</ele>
<time>2026-03-22T11:05:38Z</time>
<extensions>
<tp1:TrackPointExtension>
<tp1:hr>167</tp1:hr>
</tp1:TrackPointExtension>
</extensions>
</trkpt>
<trkpt lat="58.64150039" lon="16.7772971">
<ele>69.1</ele>
<time>2026-03-22T11:05:39Z</time>
<extensions>
<tp1:TrackPointExtension>
<tp1:hr>167</tp1:hr>
</tp1:TrackPointExtension>
</extensions>
</trkpt>
<trkpt lat="58.64152" lon="16.77732292">
<ele>69.5</ele>
<time>2026-03-22T11:05:40Z</time>
<extensions>
<tp1:TrackPointExtension>
<tp1:hr>167</tp1:hr>
</tp1:TrackPointExtension>
</extensions>
</trkpt>
<trkpt lat="58.64154884" lon="16.77735292">
<ele>69.9</ele>
<time>2026-03-22T11:05:41Z</time>
<extensions>
<tp1:TrackPointExtension>
<tp1:hr>166</tp1:hr>
</tp1:TrackPointExtension>
</extensions>
</trkpt>
<trkpt lat="58.64157222" lon="16.77735619">
<ele>70.5</ele>
<time>2026-03-22T11:05:42Z</time>
<extensions>
<tp1:TrackPointExtension>
<tp1:hr>166</tp1:hr>
</tp1:TrackPointExtension>
</extensions>
</trkpt>
<trkpt lat="58.64159008" lon="16.77737379">
<ele>70.7</ele>
<time>2026-03-22T11:05:43Z</time>
<extensions>
<tp1:TrackPointExtension>
<tp1:hr>166</tp1:hr>
</tp1:TrackPointExtension>
</extensions>
</trkpt>
<trkpt lat="58.64161514" lon="16.77739274">
<ele>70.7</ele>
<time>2026-03-22T11:05:44Z</time>
<extensions>
<tp1:TrackPointExtension>
<tp1:hr>167</tp1:hr>
</tp1:TrackPointExtension>
</extensions>
</trkpt>
<trkpt lat="58.64164766" lon="16.77742325">
<ele>70.7</ele>
<time>2026-03-22T11:05:45Z</time>
<extensions>
<tp1:TrackPointExtension>
<tp1:hr>167</tp1:hr>
</tp1:TrackPointExtension>
</extensions>
</trkpt>
<trkpt lat="58.64167255" lon="16.77745007">
<ele>70.7</ele>
<time>2026-03-22T11:05:46Z</time>
<extensions>
<tp1:TrackPointExtension>
<tp1:hr>167</tp1:hr>
</tp1:TrackPointExtension>
</extensions>
</trkpt>
<trkpt lat="58.641692" lon="16.77747178">
<ele>70.5</ele>
<time>2026-03-22T11:05:47Z</time>
<extensions>
<tp1:TrackPointExtension>
<tp1:hr>166</tp1:hr>
</tp1:TrackPointExtension>
</extensions>
</trkpt>
<trkpt lat="58.6417158" lon="16.77749894">
<ele>70.7</ele>
<time>2026-03-22T11:05:48Z</time>
<extensions>
<tp1:TrackPointExtension>
<tp1:hr>166</tp1:hr>
</tp1:TrackPointExtension>
</extensions>
</trkpt>
<trkpt lat="58.64174229" lon="16.77754562">
<ele>70.6</ele>
<time>2026-03-22T11:05:49Z</time>
<extensions>
<tp1:TrackPointExtension>
<tp1:hr>166</tp1:hr>
</tp1:TrackPointExtension>
</extensions>
</trkpt>
<trkpt lat="58.64176752" lon="16.77758435">
<ele>70.8</ele>
<time>2026-03-22T11:05:50Z</time>
<extensions>
<tp1:TrackPointExtension>
<tp1:hr>166</tp1:hr>
</tp1:TrackPointExtension>
</extensions>
</trkpt>
<trkpt lat="58.64179267" lon="16.77761025">
<ele>70.8</ele>
<time>2026-03-22T11:05:51Z</time>
<extensions>
<tp1:TrackPointExtension>
<tp1:hr>166</tp1:hr>
</tp1:TrackPointExtension>
</extensions>
</trkpt>
<trkpt lat="58.64181823" lon="16.7776587">
<ele>70.8</ele>
<time>2026-03-22T11:05:52Z</time>
<extensions>
<tp1:TrackPointExtension>
<tp1:hr>167</tp1:hr>
</tp1:TrackPointExtension>
</extensions>
</trkpt>
<trkpt lat="58.64182971" lon="16.7777048">
<ele>71.0</ele>
<time>2026-03-22T11:05:53Z</time>
<extensions>
<tp1:TrackPointExtension>
<tp1:hr>166</tp1:hr>
</tp1:TrackPointExtension>
</extensions>
</trkpt>
<trkpt lat="58.64184447" lon="16.77772894">
<ele>71.0</ele>
<time>2026-03-22T11:05:54Z</time>
<extensions>
<tp1:TrackPointExtension>
<tp1:hr>166</tp1:hr>
</tp1:TrackPointExtension>
</extensions>
</trkpt>
<trkpt lat="58.64186291" lon="16.77776766">
<ele>71.2</ele>
<time>2026-03-22T11:05:55Z</time>
<extensions>
<tp1:TrackPointExtension>
<tp1:hr>166</tp1:hr>
</tp1:TrackPointExtension>
</extensions>
</trkpt>
<trkpt lat="58.64188411" lon="16.77780588">
<ele>71.2</ele>
<time>2026-03-22T11:05:56Z</time>
<extensions>
<tp1:TrackPointExtension>
<tp1:hr>166</tp1:hr>
</tp1:TrackPointExtension>
</extensions>
</trkpt>
<trkpt lat="58.6419054" lon="16.77783463">
<ele>71.2</ele>
<time>2026-03-22T11:05:57Z</time>
<extensions>
<tp1:TrackPointExtension>
<tp1:hr>165</tp1:hr>
</tp1:TrackPointExtension>
</extensions>
</trkpt>
<trkpt lat="58.6419199" lon="16.7778545">
<ele>71.2</ele>
<time>2026-03-22T11:05:58Z</time>
<extensions>
<tp1:TrackPointExtension>
<tp1:hr>166</tp1:hr>
</tp1:TrackPointExtension>
</extensions>
</trkpt>
<trkpt lat="58.64193407" lon="16.77785718">
<ele>71.2</ele>
<time>2026-03-22T11:05:59Z</time>
<extensions>
<tp1:TrackPointExtension>
<tp1:hr>166</tp1:hr>
</tp1:TrackPointExtension>
</extensions>
</trkpt>
<trkpt lat="58.64194019" lon="16.77785148">
<ele>71.0</ele>
<time>2026-03-22T11:06:00Z</time>
<extensions>
<tp1:TrackPointExtension>
<tp1:hr>165</tp1:hr>
</tp1:TrackPointExtension>
</extensions>
</trkpt>
<trkpt lat="58.64195997" lon="16.77784477">
<ele>71.0</ele>
<time>2026-03-22T11:06:01Z</time>
<extensions>
<tp1:TrackPointExtension>
<tp1:hr>166</tp1:hr>
</tp1:TrackPointExtension>
</extensions>
</trkpt>
<trkpt lat="58.64198302" lon="16.77783321">
<ele>71.0</ele>
<time>2026-03-22T11:06:02Z</time>
<extensions>
<tp1:TrackPointExtension>
<tp1:hr>166</tp1:hr>
</tp1:TrackPointExtension>
</extensions>
</trkpt>
<trkpt lat="58.64200775" lon="16.77783027">
<ele>71.2</ele>
<time>2026-03-22T11:06:03Z</time>
<extensions>
<tp1:TrackPointExtension>
<tp1:hr>166</tp1:hr>
</tp1:TrackPointExtension>
</extensions>
</trkpt>
<trkpt lat="58.64203541" lon="16.77782499">
<ele>71.4</ele>
<time>2026-03-22T11:06:04Z</time>
<extensions>
<tp1:TrackPointExtension>
<tp1:hr>166</tp1:hr>
</tp1:TrackPointExtension>
</extensions>
</trkpt>
<trkpt lat="58.64205695" lon="16.77780605">
<ele>71.6</ele>
<time>2026-03-22T11:06:05Z</time>
<extensions>
<tp1:TrackPointExtension>
<tp1:hr>165</tp1:hr>
</tp1:TrackPointExtension>
</extensions>
</trkpt>
<trkpt lat="58.64207648" lon="16.77777386">
<ele>72.2</ele>
<time>2026-03-22T11:06:06Z</time>
<extensions>
<tp1:TrackPointExtension>
<tp1:hr>166</tp1:hr>
</tp1:TrackPointExtension>
</extensions>
</trkpt>
<trkpt lat="58.64210439" lon="16.77775743">
<ele>72.6</ele>
<time>2026-03-22T11:06:07Z</time>
<extensions>
<tp1:TrackPointExtension>
<tp1:hr>166</tp1:hr>
</tp1:TrackPointExtension>
</extensions>
</trkpt>
<trkpt lat="58.64213071" lon="16.77774545">
<ele>72.8</ele>
<time>2026-03-22T11:06:08Z</time>
<extensions>
<tp1:TrackPointExtension>
<tp1:hr>165</tp1:hr>
</tp1:TrackPointExtension>
</extensions>
</trkpt>
<trkpt lat="58.642153" lon="16.77772986">
<ele>72.8</ele>
<time>2026-03-22T11:06:09Z</time>
<extensions>
<tp1:TrackPointExtension>
<tp1:hr>166</tp1:hr>
</tp1:TrackPointExtension>
</extensions>
</trkpt>
<trkpt lat="58.64217262" lon="16.777712">
<ele>73.0</ele>
<time>2026-03-22T11:06:10Z</time>
<extensions>
<tp1:TrackPointExtension>
<tp1:hr>166</tp1:hr>
</tp1:TrackPointExtension>
</extensions>
</trkpt>
<trkpt lat="58.64220338" lon="16.77767764">
<ele>72.8</ele>
<time>2026-03-22T11:06:11Z</time>
<extensions>
<tp1:TrackPointExtension>
<tp1:hr>165</tp1:hr>
</tp1:TrackPointExtension>
</extensions>
</trkpt>
<trkpt lat="58.6422302" lon="16.77765383">
<ele>72.8</ele>
<time>2026-03-22T11:06:12Z</time>
<extensions>
<tp1:TrackPointExtension>
<tp1:hr>166</tp1:hr>
</tp1:TrackPointExtension>
</extensions>
</trkpt>
<trkpt lat="58.64225426" lon="16.77763414">
<ele>72.4</ele>
<time>2026-03-22T11:06:13Z</time>
<extensions>
<tp1:TrackPointExtension>
<tp1:hr>166</tp1:hr>
</tp1:TrackPointExtension>
</extensions>
</trkpt>
<trkpt lat="58.64227857" lon="16.77760019">
<ele>72.2</ele>
<time>2026-03-22T11:06:14Z</time>
<extensions>
<tp1:TrackPointExtension>
<tp1:hr>166</tp1:hr>
</tp1:TrackPointExtension>
</extensions>
</trkpt>
<trkpt lat="58.64230815" lon="16.77757613">
<ele>71.6</ele>
<time>2026-03-22T11:06:15Z</time>
<extensions>
<tp1:TrackPointExtension>
<tp1:hr>166</tp1:hr>
</tp1:TrackPointExtension>
</extensions>
</trkpt>
<trkpt lat="58.64232894" lon="16.77755048">
<ele>71.0</ele>
<time>2026-03-22T11:06:16Z</time>
<extensions>
<tp1:TrackPointExtension>
<tp1:hr>166</tp1:hr>
</tp1:TrackPointExtension>
</extensions>
</trkpt>
<trkpt lat="58.64234403" lon="16.77752635">
<ele>70.6</ele>
<time>2026-03-22T11:06:17Z</time>
<extensions>
<tp1:TrackPointExtension>
<tp1:hr>167</tp1:hr>
</tp1:TrackPointExtension>
</extensions>
</trkpt>
<trkpt lat="58.64235283" lon="16.77749106">
<ele>70.4</ele>
<time>2026-03-22T11:06:18Z</time>
<extensions>
<tp1:TrackPointExtension>
<tp1:hr>167</tp1:hr>
</tp1:TrackPointExtension>
</extensions>
</trkpt>
<trkpt lat="58.64237026" lon="16.77744856">
<ele>70.4</ele>
<time>2026-03-22T11:06:19Z</time>
<extensions>
<tp1:TrackPointExtension>
<tp1:hr>167</tp1:hr>
</tp1:TrackPointExtension>
</extensions>
</trkpt>
<trkpt lat="58.64238543" lon="16.77739182">
<ele>70.2</ele>
<time>2026-03-22T11:06:20Z</time>
<extensions>
<tp1:TrackPointExtension>
<tp1:hr>166</tp1:hr>
</tp1:TrackPointExtension>
</extensions>
</trkpt>
<trkpt lat="58.64238418" lon="16.77734965">
<ele>70.2</ele>
<time>2026-03-22T11:06:21Z</time>
<extensions>
<tp1:TrackPointExtension>
<tp1:hr>166</tp1:hr>
</tp1:TrackPointExtension>
</extensions>
</trkpt>
<trkpt lat="58.64238351" lon="16.77727673">
<ele>70.2</ele>
<time>2026-03-22T11:06:22Z</time>
<extensions>
<tp1:TrackPointExtension>
<tp1:hr>166</tp1:hr>
</tp1:TrackPointExtension>
</extensions>
</trkpt>
<trkpt lat="58.6423908" lon="16.77723256">
<ele>70.6</ele>
<time>2026-03-22T11:06:23Z</time>
<extensions>
<tp1:TrackPointExtension>
<tp1:hr>166</tp1:hr>
</tp1:TrackPointExtension>
</extensions>
</trkpt>
<trkpt lat="58.64240647" lon="16.77716936">
<ele>70.8</ele>
<time>2026-03-22T11:06:24Z</time>
<extensions>
<tp1:TrackPointExtension>
<tp1:hr>166</tp1:hr>
</tp1:TrackPointExtension>
</extensions>
</trkpt>
<trkpt lat="58.64242919" lon="16.7771272">
<ele>71.0</ele>
<time>2026-03-22T11:06:25Z</time>
<extensions>
<tp1:TrackPointExtension>
<tp1:hr>166</tp1:hr>
</tp1:TrackPointExtension>
</extensions>
</trkpt>
<trkpt lat="58.64244377" lon="16.77708822">
<ele>71.2</ele>
<time>2026-03-22T11:06:26Z</time>
<extensions>
<tp1:TrackPointExtension>
<tp1:hr>166</tp1:hr>
</tp1:TrackPointExtension>
</extensions>
</trkpt>
<trkpt lat="58.64245911" lon="16.7770469">
<ele>71.0</ele>
<time>2026-03-22T11:06:27Z</time>
<extensions>
<tp1:TrackPointExtension>
<tp1:hr>166</tp1:hr>
</tp1:TrackPointExtension>
</extensions>
</trkpt>
<trkpt lat="58.64248199" lon="16.77700642">
<ele>70.8</ele>
<time>2026-03-22T11:06:28Z</time>
<extensions>
<tp1:TrackPointExtension>
<tp1:hr>166</tp1:hr>
</tp1:TrackPointExtension>
</extensions>
</trkpt>
<trkpt lat="58.64249591" lon="16.77696786">
<ele>70.6</ele>
<time>2026-03-22T11:06:29Z</time>
<extensions>
<tp1:TrackPointExtension>
<tp1:hr>166</tp1:hr>
</tp1:TrackPointExtension>
</extensions>
</trkpt>
<trkpt lat="58.64250865" lon="16.77691966">
<ele>70.4</ele>
<time>2026-03-22T11:06:30Z</time>
<extensions>
<tp1:TrackPointExtension>
<tp1:hr>166</tp1:hr>
</tp1:TrackPointExtension>
</extensions>
</trkpt>
<trkpt lat="58.64252273" lon="16.77686468">
<ele>70.2</ele>
<time>2026-03-22T11:06:31Z</time>
<extensions>
<tp1:TrackPointExtension>
<tp1:hr>166</tp1:hr>
</tp1:TrackPointExtension>
</extensions>
</trkpt>
<trkpt lat="58.64253891" lon="16.77680726">
<ele>69.8</ele>
<time>2026-03-22T11:06:32Z</time>
<extensions>
<tp1:TrackPointExtension>
<tp1:hr>165</tp1:hr>
</tp1:TrackPointExtension>
</extensions>
</trkpt>
<trkpt lat="58.64255223" lon="16.77675513">
<ele>69.4</ele>
<time>2026-03-22T11:06:33Z</time>
<extensions>
<tp1:TrackPointExtension>
<tp1:hr>165</tp1:hr>
</tp1:TrackPointExtension>
</extensions>
</trkpt>
<trkpt lat="58.64256782" lon="16.77670316">
<ele>68.8</ele>
<time>2026-03-22T11:06:34Z</time>
<extensions>
<tp1:TrackPointExtension>
<tp1:hr>165</tp1:hr>
</tp1:TrackPointExtension>
</extensions>
</trkpt>
<trkpt lat="58.64258216" lon="16.77665379">
<ele>68.4</ele>
<time>2026-03-22T11:06:35Z</time>
<extensions>
<tp1:TrackPointExtension>
<tp1:hr>165</tp1:hr>
</tp1:TrackPointExtension>
</extensions>
</trkpt>
<trkpt lat="58.64259264" lon="16.77660065">
<ele>68.2</ele>
<time>2026-03-22T11:06:36Z</time>
<extensions>
<tp1:TrackPointExtension>
<tp1:hr>165</tp1:hr>
</tp1:TrackPointExtension>
</extensions>
</trkpt>
<trkpt lat="58.64260747" lon="16.77654407">
<ele>67.8</ele>
<time>2026-03-22T11:06:37Z</time>
<extensions>
<tp1:TrackPointExtension>
<tp1:hr>165</tp1:hr>
</tp1:TrackPointExtension>
</extensions>
</trkpt>
<trkpt lat="58.64262834" lon="16.77649135">
<ele>67.4</ele>
<time>2026-03-22T11:06:38Z</time>
<extensions>
<tp1:TrackPointExtension>
<tp1:hr>164</tp1:hr>
</tp1:TrackPointExtension>
</extensions>
</trkpt>
<trkpt lat="58.64265257" lon="16.77644097">
<ele>67.0</ele>
<time>2026-03-22T11:06:39Z</time>
<extensions>
<tp1:TrackPointExtension>
<tp1:hr>164</tp1:hr>
</tp1:TrackPointExtension>
</extensions>
</trkpt>
<trkpt lat="58.64267754" lon="16.77639479">
<ele>66.6</ele>
<time>2026-03-22T11:06:40Z</time>
<extensions>
<tp1:TrackPointExtension>
<tp1:hr>164</tp1:hr>
</tp1:TrackPointExtension>
</extensions>
</trkpt>
<trkpt lat="58.64270235" lon="16.77635531">
<ele>66.4</ele>
<time>2026-03-22T11:06:41Z</time>
<extensions>
<tp1:TrackPointExtension>
<tp1:hr>164</tp1:hr>
</tp1:TrackPointExtension>
</extensions>
</trkpt>
<trkpt lat="58.6427275" lon="16.77630493">
<ele>66.0</ele>
<time>2026-03-22T11:06:42Z</time>
<extensions>
<tp1:TrackPointExtension>
<tp1:hr>164</tp1:hr>
</tp1:TrackPointExtension>
</extensions>
</trkpt>
<trkpt lat="58.64275751" lon="16.77625892">
<ele>65.8</ele>
<time>2026-03-22T11:06:43Z</time>
<extensions>
<tp1:TrackPointExtension>
<tp1:hr>165</tp1:hr>
</tp1:TrackPointExtension>
</extensions>
</trkpt>
<trkpt lat="58.64278324" lon="16.77621701">
<ele>65.8</ele>
<time>2026-03-22T11:06:44Z</time>
<extensions>
<tp1:TrackPointExtension>
<tp1:hr>164</tp1:hr>
</tp1:TrackPointExtension>
</extensions>
</trkpt>
<trkpt lat="58.64280512" lon="16.77618826">
<ele>65.8</ele>
<time>2026-03-22T11:06:45Z</time>
<extensions>
<tp1:TrackPointExtension>
<tp1:hr>164</tp1:hr>
</tp1:TrackPointExtension>
</extensions>
</trkpt>
<trkpt lat="58.64282691" lon="16.77615096">
<ele>65.8</ele>
<time>2026-03-22T11:06:46Z</time>
<extensions>
<tp1:TrackPointExtension>
<tp1:hr>165</tp1:hr>
</tp1:TrackPointExtension>
</extensions>
</trkpt>
<trkpt lat="58.64284451" lon="16.7761212">
<ele>65.8</ele>
<time>2026-03-22T11:06:47Z</time>
<extensions>
<tp1:TrackPointExtension>
<tp1:hr>165</tp1:hr>
</tp1:TrackPointExtension>
</extensions>
</trkpt>
<trkpt lat="58.64286052" lon="16.77608533">
<ele>65.8</ele>
<time>2026-03-22T11:06:48Z</time>
<extensions>
<tp1:TrackPointExtension>
<tp1:hr>165</tp1:hr>
</tp1:TrackPointExtension>
</extensions>
</trkpt>
<trkpt lat="58.64287779" lon="16.77606714">
<ele>65.6</ele>
<time>2026-03-22T11:06:49Z</time>
<extensions>
<tp1:TrackPointExtension>
<tp1:hr>165</tp1:hr>
</tp1:TrackPointExtension>
</extensions>
</trkpt>
<trkpt lat="58.64289958" lon="16.77610125">
<ele>65.4</ele>
<time>2026-03-22T11:06:50Z</time>
<extensions>
<tp1:TrackPointExtension>
<tp1:hr>165</tp1:hr>
</tp1:TrackPointExtension>
</extensions>
</trkpt>
<trkpt lat="58.64291953" lon="16.77611207">
<ele>65.0</ele>
<time>2026-03-22T11:06:51Z</time>
<extensions>
<tp1:TrackPointExtension>
<tp1:hr>164</tp1:hr>
</tp1:TrackPointExtension>
</extensions>
</trkpt>
<trkpt lat="58.64294501" lon="16.77609782">
<ele>64.8</ele>
<time>2026-03-22T11:06:52Z</time>
<extensions>
<tp1:TrackPointExtension>
<tp1:hr>164</tp1:hr>
</tp1:TrackPointExtension>
</extensions>
</trkpt>
<trkpt lat="58.64296135" lon="16.77607586">
<ele>64.4</ele>
<time>2026-03-22T11:06:53Z</time>
<extensions>
<tp1:TrackPointExtension>
<tp1:hr>164</tp1:hr>
</tp1:TrackPointExtension>
</extensions>
</trkpt>
<trkpt lat="58.64298323" lon="16.77604426">
<ele>63.6</ele>
<time>2026-03-22T11:06:54Z</time>
<extensions>
<tp1:TrackPointExtension>
<tp1:hr>164</tp1:hr>
</tp1:TrackPointExtension>
</extensions>
</trkpt>
<trkpt lat="58.64300863" lon="16.77601048">
<ele>62.8</ele>
<time>2026-03-22T11:06:55Z</time>
<extensions>
<tp1:TrackPointExtension>
<tp1:hr>163</tp1:hr>
</tp1:TrackPointExtension>
</extensions>
</trkpt>
<trkpt lat="58.64303" lon="16.77598818">
<ele>61.8</ele>
<time>2026-03-22T11:06:56Z</time>
<extensions>
<tp1:TrackPointExtension>
<tp1:hr>163</tp1:hr>
</tp1:TrackPointExtension>
</extensions>
</trkpt>
<trkpt lat="58.64304174" lon="16.77595683">
<ele>61.0</ele>
<time>2026-03-22T11:06:57Z</time>
<extensions>
<tp1:TrackPointExtension>
<tp1:hr>163</tp1:hr>
</tp1:TrackPointExtension>
</extensions>
</trkpt>
<trkpt lat="58.64305465" lon="16.77590537">
<ele>60.2</ele>
<time>2026-03-22T11:06:58Z</time>
<extensions>
<tp1:TrackPointExtension>
<tp1:hr>163</tp1:hr>
</tp1:TrackPointExtension>
</extensions>
</trkpt>
<trkpt lat="58.64305842" lon="16.77585022">
<ele>59.8</ele>
<time>2026-03-22T11:06:59Z</time>
<extensions>
<tp1:TrackPointExtension>
<tp1:hr>164</tp1:hr>
</tp1:TrackPointExtension>
</extensions>
</trkpt>
<trkpt lat="58.64307359" lon="16.77580303">
<ele>59.6</ele>
<time>2026-03-22T11:07:00Z</time>
<extensions>
<tp1:TrackPointExtension>
<tp1:hr>163</tp1:hr>
</tp1:TrackPointExtension>
</extensions>
</trkpt>
<trkpt lat="58.64308935" lon="16.77575382">
<ele>59.4</ele>
<time>2026-03-22T11:07:01Z</time>
<extensions>
<tp1:TrackPointExtension>
<tp1:hr>163</tp1:hr>
</tp1:TrackPointExtension>
</extensions>
</trkpt>
<trkpt lat="58.64310728" lon="16.77570898">
<ele>59.4</ele>
<time>2026-03-22T11:07:02Z</time>
<extensions>
<tp1:TrackPointExtension>
<tp1:hr>163</tp1:hr>
</tp1:TrackPointExtension>
</extensions>
</trkpt>
<trkpt lat="58.64312665" lon="16.77566229">
<ele>59.4</ele>
<time>2026-03-22T11:07:03Z</time>
<extensions>
<tp1:TrackPointExtension>
<tp1:hr>163</tp1:hr>
</tp1:TrackPointExtension>
</extensions>
</trkpt>
<trkpt lat="58.64314576" lon="16.77561971">
<ele>59.4</ele>
<time>2026-03-22T11:07:04Z</time>
<extensions>
<tp1:TrackPointExtension>
<tp1:hr>162</tp1:hr>
</tp1:TrackPointExtension>
</extensions>
</trkpt>
<trkpt lat="58.64316403" lon="16.77557143">
<ele>59.4</ele>
<time>2026-03-22T11:07:05Z</time>
<extensions>
<tp1:TrackPointExtension>
<tp1:hr>163</tp1:hr>
</tp1:TrackPointExtension>
</extensions>
</trkpt>
<trkpt lat="58.6431854" lon="16.77551846">
<ele>59.2</ele>
<time>2026-03-22T11:07:06Z</time>
<extensions>
<tp1:TrackPointExtension>
<tp1:hr>163</tp1:hr>
</tp1:TrackPointExtension>
</extensions>
</trkpt>
<trkpt lat="58.6431999" lon="16.77545526">
<ele>59.0</ele>
<time>2026-03-22T11:07:07Z</time>
<extensions>
<tp1:TrackPointExtension>
<tp1:hr>162</tp1:hr>
</tp1:TrackPointExtension>
</extensions>
</trkpt>
<trkpt lat="58.64321088" lon="16.77540447">
<ele>58.8</ele>
<time>2026-03-22T11:07:08Z</time>
<extensions>
<tp1:TrackPointExtension>
<tp1:hr>162</tp1:hr>
</tp1:TrackPointExtension>
</extensions>
</trkpt>
<trkpt lat="58.64322932" lon="16.77534713">
<ele>58.6</ele>
<time>2026-03-22T11:07:09Z</time>
<extensions>
<tp1:TrackPointExtension>
<tp1:hr>162</tp1:hr>
</tp1:TrackPointExtension>
</extensions>
</trkpt>
<trkpt lat="58.64324567" lon="16.77529374">
<ele>58.6</ele>
<time>2026-03-22T11:07:10Z</time>
<extensions>
<tp1:TrackPointExtension>
<tp1:hr>162</tp1:hr>
</tp1:TrackPointExtension>
</extensions>
</trkpt>
<trkpt lat="58.64325807" lon="16.77525242">
<ele>58.4</ele>
<time>2026-03-22T11:07:11Z</time>
<extensions>
<tp1:TrackPointExtension>
<tp1:hr>162</tp1:hr>
</tp1:TrackPointExtension>
</extensions>
</trkpt>
<trkpt lat="58.64326654" lon="16.77521084">
<ele>58.4</ele>
<time>2026-03-22T11:07:12Z</time>
<extensions>
<tp1:TrackPointExtension>
<tp1:hr>162</tp1:hr>
</tp1:TrackPointExtension>
</extensions>
</trkpt>
<trkpt lat="58.64326629" lon="16.7751567">
<ele>58.2</ele>
<time>2026-03-22T11:07:13Z</time>
<extensions>
<tp1:TrackPointExtension>
<tp1:hr>162</tp1:hr>
</tp1:TrackPointExtension>
</extensions>
</trkpt>
<trkpt lat="58.64326905" lon="16.77509744">
<ele>58.0</ele>
<time>2026-03-22T11:07:14Z</time>
<extensions>
<tp1:TrackPointExtension>
<tp1:hr>162</tp1:hr>
</tp1:TrackPointExtension>
</extensions>
</trkpt>
<trkpt lat="58.64327534" lon="16.77505494">
<ele>58.0</ele>
<time>2026-03-22T11:07:15Z</time>
<extensions>
<tp1:TrackPointExtension>
<tp1:hr>162</tp1:hr>
</tp1:TrackPointExtension>
</extensions>
</trkpt>
<trkpt lat="58.64329286" lon="16.77500146">
<ele>58.2</ele>
<time>2026-03-22T11:07:16Z</time>
<extensions>
<tp1:TrackPointExtension>
<tp1:hr>161</tp1:hr>
</tp1:TrackPointExtension>
</extensions>
</trkpt>
<trkpt lat="58.64330661" lon="16.77494522">
<ele>58.4</ele>
<time>2026-03-22T11:07:17Z</time>
<extensions>
<tp1:TrackPointExtension>
<tp1:hr>161</tp1:hr>
</tp1:TrackPointExtension>
</extensions>
</trkpt>
<trkpt lat="58.64331759" lon="16.77487708">
<ele>58.6</ele>
<time>2026-03-22T11:07:18Z</time>
<extensions>
<tp1:TrackPointExtension>
<tp1:hr>161</tp1:hr>
</tp1:TrackPointExtension>
</extensions>
</trkpt>
<trkpt lat="58.64332865" lon="16.77483634">
<ele>58.8</ele>
<time>2026-03-22T11:07:19Z</time>
<extensions>
<tp1:TrackPointExtension>
<tp1:hr>161</tp1:hr>
</tp1:TrackPointExtension>
</extensions>
</trkpt>
<trkpt lat="58.64334307" lon="16.77478932">
<ele>58.8</ele>
<time>2026-03-22T11:07:20Z</time>
<extensions>
<tp1:TrackPointExtension>
<tp1:hr>161</tp1:hr>
</tp1:TrackPointExtension>
</extensions>
</trkpt>
<trkpt lat="58.64335832" lon="16.77475017">
<ele>59.0</ele>
<time>2026-03-22T11:07:21Z</time>
<extensions>
<tp1:TrackPointExtension>
<tp1:hr>160</tp1:hr>
</tp1:TrackPointExtension>
</extensions>
</trkpt>
<trkpt lat="58.64337609" lon="16.77470374">
<ele>59.2</ele>
<time>2026-03-22T11:07:22Z</time>
<extensions>
<tp1:TrackPointExtension>
<tp1:hr>160</tp1:hr>
</tp1:TrackPointExtension>
</extensions>
</trkpt>
<trkpt lat="58.64339755" lon="16.77467868">
<ele>59.4</ele>
<time>2026-03-22T11:07:23Z</time>
<extensions>
<tp1:TrackPointExtension>
<tp1:hr>160</tp1:hr>
</tp1:TrackPointExtension>
</extensions>
</trkpt>
<trkpt lat="58.64341993" lon="16.77471522">
<ele>59.6</ele>
<time>2026-03-22T11:07:24Z</time>
<extensions>
<tp1:TrackPointExtension>
<tp1:hr>160</tp1:hr>
</tp1:TrackPointExtension>
</extensions>
</trkpt>
<trkpt lat="58.64343049" lon="16.7747464">
<ele>59.6</ele>
<time>2026-03-22T11:07:25Z</time>
<extensions>
<tp1:TrackPointExtension>
<tp1:hr>160</tp1:hr>
</tp1:TrackPointExtension>
</extensions>
</trkpt>
<trkpt lat="58.64343887" lon="16.77477063">
<ele>59.1</ele>
<time>2026-03-22T11:07:26Z</time>
<extensions>
<tp1:TrackPointExtension>
<tp1:hr>160</tp1:hr>
</tp1:TrackPointExtension>
</extensions>
</trkpt>
<trkpt lat="58.64343963" lon="16.77477264">
<ele>58.7</ele>
<time>2026-03-22T11:07:27Z</time>
<extensions>
<tp1:TrackPointExtension>
<tp1:hr>160</tp1:hr>
</tp1:TrackPointExtension>
</extensions>
</trkpt>
<trkpt lat="58.64344298" lon="16.77476803">
<ele>58.3</ele>
<time>2026-03-22T11:07:28Z</time>
<extensions>
<tp1:TrackPointExtension>
<tp1:hr>160</tp1:hr>
</tp1:TrackPointExtension>
</extensions>
</trkpt>
<trkpt lat="58.64345119" lon="16.77474624">
<ele>57.9</ele>
<time>2026-03-22T11:07:29Z</time>
<extensions>
<tp1:TrackPointExtension>
<tp1:hr>160</tp1:hr>
</tp1:TrackPointExtension>
</extensions>
</trkpt>
<trkpt lat="58.64345999" lon="16.77472184">
<ele>57.7</ele>
<time>2026-03-22T11:07:30Z</time>
<extensions>
<tp1:TrackPointExtension>
<tp1:hr>161</tp1:hr>
</tp1:TrackPointExtension>
</extensions>
</trkpt>
<trkpt lat="58.64347173" lon="16.77468941">
<ele>57.5</ele>
<time>2026-03-22T11:07:31Z</time>
<extensions>
<tp1:TrackPointExtension>
<tp1:hr>160</tp1:hr>
</tp1:TrackPointExtension>
</extensions>
</trkpt>
<trkpt lat="58.64348514" lon="16.77464616">
<ele>57.7</ele>
<time>2026-03-22T11:07:32Z</time>
<extensions>
<tp1:TrackPointExtension>
<tp1:hr>160</tp1:hr>
</tp1:TrackPointExtension>
</extensions>
</trkpt>
<trkpt lat="58.64348715" lon="16.77461472">
<ele>57.7</ele>
<time>2026-03-22T11:07:33Z</time>
<extensions>
<tp1:TrackPointExtension>
<tp1:hr>160</tp1:hr>
</tp1:TrackPointExtension>
</extensions>
</trkpt>
<trkpt lat="58.64348346" lon="16.77456091">
<ele>58.1</ele>
<time>2026-03-22T11:07:34Z</time>
<extensions>
<tp1:TrackPointExtension>
<tp1:hr>160</tp1:hr>
</tp1:TrackPointExtension>
</extensions>
</trkpt>
<trkpt lat="58.64348087" lon="16.77452646">
<ele>58.5</ele>
<time>2026-03-22T11:07:35Z</time>
<extensions>
<tp1:TrackPointExtension>
<tp1:hr>159</tp1:hr>
</tp1:TrackPointExtension>
</extensions>
</trkpt>
<trkpt lat="58.64348455" lon="16.77448539">
<ele>58.9</ele>
<time>2026-03-22T11:07:36Z</time>
<extensions>
<tp1:TrackPointExtension>
<tp1:hr>160</tp1:hr>
</tp1:TrackPointExtension>
</extensions>
</trkpt>
<trkpt lat="58.64348992" lon="16.77444222">
<ele>59.1</ele>
<time>2026-03-22T11:07:37Z</time>
<extensions>
<tp1:TrackPointExtension>
<tp1:hr>160</tp1:hr>
</tp1:TrackPointExtension>
</extensions>
</trkpt>
<trkpt lat="58.64349537" lon="16.77440283">
<ele>59.3</ele>
<time>2026-03-22T11:07:38Z</time>
<extensions>
<tp1:TrackPointExtension>
<tp1:hr>160</tp1:hr>
</tp1:TrackPointExtension>
</extensions>
</trkpt>
<trkpt lat="58.64349989" lon="16.77436193">
<ele>59.3</ele>
<time>2026-03-22T11:07:39Z</time>
<extensions>
<tp1:TrackPointExtension>
<tp1:hr>160</tp1:hr>
</tp1:TrackPointExtension>
</extensions>
</trkpt>
<trkpt lat="58.6435035" lon="16.77433058">
<ele>59.5</ele>
<time>2026-03-22T11:07:40Z</time>
<extensions>
<tp1:TrackPointExtension>
<tp1:hr>160</tp1:hr>
</tp1:TrackPointExtension>
</extensions>
</trkpt>
<trkpt lat="58.64350777" lon="16.77428934">
<ele>59.5</ele>
<time>2026-03-22T11:07:41Z</time>
<extensions>
<tp1:TrackPointExtension>
<tp1:hr>160</tp1:hr>
</tp1:TrackPointExtension>
</extensions>
</trkpt>
<trkpt lat="58.64350978" lon="16.77425497">
<ele>59.7</ele>
<time>2026-03-22T11:07:42Z</time>
<extensions>
<tp1:TrackPointExtension>
<tp1:hr>161</tp1:hr>
</tp1:TrackPointExtension>
</extensions>
</trkpt>
<trkpt lat="58.64350643" lon="16.77421859">
<ele>59.9</ele>
<time>2026-03-22T11:07:43Z</time>
<extensions>
<tp1:TrackPointExtension>
<tp1:hr>161</tp1:hr>
</tp1:TrackPointExtension>
</extensions>
</trkpt>
<trkpt lat="58.64349402" lon="16.77417861">
<ele>59.9</ele>
<time>2026-03-22T11:07:44Z</time>
<extensions>
<tp1:TrackPointExtension>
<tp1:hr>162</tp1:hr>
</tp1:TrackPointExtension>
</extensions>
</trkpt>
<trkpt lat="58.64348941" lon="16.77414064">
<ele>59.9</ele>
<time>2026-03-22T11:07:45Z</time>
<extensions>
<tp1:TrackPointExtension>
<tp1:hr>162</tp1:hr>
</tp1:TrackPointExtension>
</extensions>
</trkpt>
<trkpt lat="58.64348338" lon="16.77410267">
<ele>59.7</ele>
<time>2026-03-22T11:07:46Z</time>
<extensions>
<tp1:TrackPointExtension>
<tp1:hr>162</tp1:hr>
</tp1:TrackPointExtension>
</extensions>
</trkpt>
<trkpt lat="58.64347659" lon="16.77407241">
<ele>59.7</ele>
<time>2026-03-22T11:07:47Z</time>
<extensions>
<tp1:TrackPointExtension>
<tp1:hr>161</tp1:hr>
</tp1:TrackPointExtension>
</extensions>
</trkpt>
<trkpt lat="58.64345446" lon="16.77403545">
<ele>59.9</ele>
<time>2026-03-22T11:07:48Z</time>
<extensions>
<tp1:TrackPointExtension>
<tp1:hr>161</tp1:hr>
</tp1:TrackPointExtension>
</extensions>
</trkpt>
<trkpt lat="58.64343133" lon="16.77399488">
<ele>60.3</ele>
<time>2026-03-22T11:07:49Z</time>
<extensions>
<tp1:TrackPointExtension>
<tp1:hr>161</tp1:hr>
</tp1:TrackPointExtension>
</extensions>
</trkpt>
<trkpt lat="58.64341624" lon="16.77393411">
<ele>60.7</ele>
<time>2026-03-22T11:07:50Z</time>
<extensions>
<tp1:TrackPointExtension>
<tp1:hr>162</tp1:hr>
</tp1:TrackPointExtension>
</extensions>
</trkpt>
<trkpt lat="58.6434009" lon="16.77388416">
<ele>60.9</ele>
<time>2026-03-22T11:07:51Z</time>
<extensions>
<tp1:TrackPointExtension>
<tp1:hr>162</tp1:hr>
</tp1:TrackPointExtension>
</extensions>
</trkpt>
<trkpt lat="58.6433828" lon="16.77383956">
<ele>60.9</ele>
<time>2026-03-22T11:07:52Z</time>
<extensions>
<tp1:TrackPointExtension>
<tp1:hr>162</tp1:hr>
</tp1:TrackPointExtension>
</extensions>
</trkpt>
<trkpt lat="58.64337123" lon="16.77379648">
<ele>60.7</ele>
<time>2026-03-22T11:07:53Z</time>
<extensions>
<tp1:TrackPointExtension>
<tp1:hr>162</tp1:hr>
</tp1:TrackPointExtension>
</extensions>
</trkpt>
<trkpt lat="58.64335639" lon="16.77376505">
<ele>60.3</ele>
<time>2026-03-22T11:07:54Z</time>
<extensions>
<tp1:TrackPointExtension>
<tp1:hr>163</tp1:hr>
</tp1:TrackPointExtension>
</extensions>
</trkpt>
<trkpt lat="58.64333292" lon="16.77373161">
<ele>60.1</ele>
<time>2026-03-22T11:07:55Z</time>
<extensions>
<tp1:TrackPointExtension>
<tp1:hr>163</tp1:hr>
</tp1:TrackPointExtension>
</extensions>
</trkpt>
<trkpt lat="58.64330837" lon="16.77368299">
<ele>59.9</ele>
<time>2026-03-22T11:07:56Z</time>
<extensions>
<tp1:TrackPointExtension>
<tp1:hr>163</tp1:hr>
</tp1:TrackPointExtension>
</extensions>
</trkpt>
<trkpt lat="58.64327383" lon="16.77365575">
<ele>59.9</ele>
<time>2026-03-22T11:07:57Z</time>
<extensions>
<tp1:TrackPointExtension>
<tp1:hr>164</tp1:hr>
</tp1:TrackPointExtension>
</extensions>
</trkpt>
<trkpt lat="58.64325271" lon="16.77363865">
<ele>60.1</ele>
<time>2026-03-22T11:07:58Z</time>
<extensions>
<tp1:TrackPointExtension>
<tp1:hr>164</tp1:hr>
</tp1:TrackPointExtension>
</extensions>
</trkpt>
<trkpt lat="58.64323108" lon="16.77360848">
<ele>60.1</ele>
<time>2026-03-22T11:07:59Z</time>
<extensions>
<tp1:TrackPointExtension>
<tp1:hr>164</tp1:hr>
</tp1:TrackPointExtension>
</extensions>
</trkpt>
<trkpt lat="58.64320242" lon="16.77356506">
<ele>60.3</ele>
<time>2026-03-22T11:08:00Z</time>
<extensions>
<tp1:TrackPointExtension>
<tp1:hr>164</tp1:hr>
</tp1:TrackPointExtension>
</extensions>
</trkpt>
<trkpt lat="58.64318918" lon="16.77353731">
<ele>60.3</ele>
<time>2026-03-22T11:08:01Z</time>
<extensions>
<tp1:TrackPointExtension>
<tp1:hr>164</tp1:hr>
</tp1:TrackPointExtension>
</extensions>
</trkpt>
<trkpt lat="58.64316344" lon="16.77350613">
<ele>60.5</ele>
<time>2026-03-22T11:08:02Z</time>
<extensions>
<tp1:TrackPointExtension>
<tp1:hr>164</tp1:hr>
</tp1:TrackPointExtension>
</extensions>
</trkpt>
<trkpt lat="58.64313402" lon="16.77345349">
<ele>60.7</ele>
<time>2026-03-22T11:08:03Z</time>
<extensions>
<tp1:TrackPointExtension>
<tp1:hr>164</tp1:hr>
</tp1:TrackPointExtension>
</extensions>
</trkpt>
<trkpt lat="58.64311131" lon="16.77341435">
<ele>60.9</ele>
<time>2026-03-22T11:08:04Z</time>
<extensions>
<tp1:TrackPointExtension>
<tp1:hr>165</tp1:hr>
</tp1:TrackPointExtension>
</extensions>
</trkpt>
<trkpt lat="58.64308943" lon="16.77339105">
<ele>61.1</ele>
<time>2026-03-22T11:08:05Z</time>
<extensions>
<tp1:TrackPointExtension>
<tp1:hr>165</tp1:hr>
</tp1:TrackPointExtension>
</extensions>
</trkpt>
<trkpt lat="58.64306219" lon="16.77336414">
<ele>61.5</ele>
<time>2026-03-22T11:08:06Z</time>
<extensions>
<tp1:TrackPointExtension>
<tp1:hr>165</tp1:hr>
</tp1:TrackPointExtension>
</extensions>
</trkpt>
<trkpt lat="58.64304367" lon="16.77333363">
<ele>61.7</ele>
<time>2026-03-22T11:08:07Z</time>
<extensions>
<tp1:TrackPointExtension>
<tp1:hr>165</tp1:hr>
</tp1:TrackPointExtension>
</extensions>
</trkpt>
<trkpt lat="58.64302908" lon="16.77330622">
<ele>61.7</ele>
<time>2026-03-22T11:08:08Z</time>
<extensions>
<tp1:TrackPointExtension>
<tp1:hr>166</tp1:hr>
</tp1:TrackPointExtension>
</extensions>
</trkpt>
<trkpt lat="58.64300762" lon="16.77327982">
<ele>61.9</ele>
<time>2026-03-22T11:08:09Z</time>
<extensions>
<tp1:TrackPointExtension>
<tp1:hr>166</tp1:hr>
</tp1:TrackPointExtension>
</extensions>
</trkpt>
<trkpt lat="58.64299128" lon="16.77327664">
<ele>62.1</ele>
<time>2026-03-22T11:08:10Z</time>
<extensions>
<tp1:TrackPointExtension>
<tp1:hr>166</tp1:hr>
</tp1:TrackPointExtension>
</extensions>
</trkpt>
<trkpt lat="58.6429715" lon="16.7732815">
<ele>62.3</ele>
<time>2026-03-22T11:08:11Z</time>
<extensions>
<tp1:TrackPointExtension>
<tp1:hr>166</tp1:hr>
</tp1:TrackPointExtension>
</extensions>
</trkpt>
<trkpt lat="58.64295054" lon="16.77327915">
<ele>62.5</ele>
<time>2026-03-22T11:08:12Z</time>
<extensions>
<tp1:TrackPointExtension>
<tp1:hr>166</tp1:hr>
</tp1:TrackPointExtension>
</extensions>
</trkpt>
<trkpt lat="58.64292556" lon="16.77326339">
<ele>62.7</ele>
<time>2026-03-22T11:08:13Z</time>
<extensions>
<tp1:TrackPointExtension>
<tp1:hr>166</tp1:hr>
</tp1:TrackPointExtension>
</extensions>
</trkpt>
<trkpt lat="58.64290511" lon="16.77325015">
<ele>62.7</ele>
<time>2026-03-22T11:08:14Z</time>
<extensions>
<tp1:TrackPointExtension>
<tp1:hr>165</tp1:hr>
</tp1:TrackPointExtension>
</extensions>
</trkpt>
<trkpt lat="58.64288399" lon="16.77322249">
<ele>62.7</ele>
<time>2026-03-22T11:08:15Z</time>
<extensions>
<tp1:TrackPointExtension>
<tp1:hr>164</tp1:hr>
</tp1:TrackPointExtension>
</extensions>
</trkpt>
<trkpt lat="58.64285968" lon="16.77319164">
<ele>62.7</ele>
<time>2026-03-22T11:08:16Z</time>
<extensions>
<tp1:TrackPointExtension>
<tp1:hr>163</tp1:hr>
</tp1:TrackPointExtension>
</extensions>
</trkpt>
<trkpt lat="58.64284141" lon="16.77316876">
<ele>62.7</ele>
<time>2026-03-22T11:08:17Z</time>
<extensions>
<tp1:TrackPointExtension>
<tp1:hr>162</tp1:hr>
</tp1:TrackPointExtension>
</extensions>
</trkpt>
<trkpt lat="58.6428218" lon="16.77314672">
<ele>62.7</ele>
<time>2026-03-22T11:08:18Z</time>
<extensions>
<tp1:TrackPointExtension>
<tp1:hr>162</tp1:hr>
</tp1:TrackPointExtension>
</extensions>
</trkpt>
<trkpt lat="58.64279908" lon="16.77312216">
<ele>62.7</ele>
<time>2026-03-22T11:08:19Z</time>
<extensions>
<tp1:TrackPointExtension>
<tp1:hr>162</tp1:hr>
</tp1:TrackPointExtension>
</extensions>
</trkpt>
<trkpt lat="58.64276949" lon="16.77307036">
<ele>62.7</ele>
<time>2026-03-22T11:08:20Z</time>
<extensions>
<tp1:TrackPointExtension>
<tp1:hr>163</tp1:hr>
</tp1:TrackPointExtension>
</extensions>
</trkpt>
<trkpt lat="58.64274669" lon="16.77303884">
<ele>62.9</ele>
<time>2026-03-22T11:08:21Z</time>
<extensions>
<tp1:TrackPointExtension>
<tp1:hr>163</tp1:hr>
</tp1:TrackPointExtension>
</extensions>
</trkpt>
<trkpt lat="58.64272557" lon="16.77301898">
<ele>63.1</ele>
<time>2026-03-22T11:08:22Z</time>
<extensions>
<tp1:TrackPointExtension>
<tp1:hr>163</tp1:hr>
</tp1:TrackPointExtension>
</extensions>
</trkpt>
<trkpt lat="58.64270118" lon="16.77298939">
<ele>63.5</ele>
<time>2026-03-22T11:08:23Z</time>
<extensions>
<tp1:TrackPointExtension>
<tp1:hr>163</tp1:hr>
</tp1:TrackPointExtension>
</extensions>
</trkpt>
<trkpt lat="58.6426788" lon="16.77296659">
<ele>63.9</ele>
<time>2026-03-22T11:08:24Z</time>
<extensions>
<tp1:TrackPointExtension>
<tp1:hr>163</tp1:hr>
</tp1:TrackPointExtension>
</extensions>
</trkpt>
<trkpt lat="58.64266271" lon="16.77294413">
<ele>64.1</ele>
<time>2026-03-22T11:08:25Z</time>
<extensions>
<tp1:TrackPointExtension>
<tp1:hr>163</tp1:hr>
</tp1:TrackPointExtension>
</extensions>
</trkpt>
<trkpt lat="58.64264452" lon="16.77291102">
<ele>64.3</ele>
<time>2026-03-22T11:08:26Z</time>
<extensions>
<tp1:TrackPointExtension>
<tp1:hr>164</tp1:hr>
</tp1:TrackPointExtension>
</extensions>
</trkpt>
<trkpt lat="58.64262884" lon="16.77288068">
<ele>64.5</ele>
<time>2026-03-22T11:08:27Z</time>
<extensions>
<tp1:TrackPointExtension>
<tp1:hr>164</tp1:hr>
</tp1:TrackPointExtension>
</extensions>
</trkpt>
<trkpt lat="58.64261359" lon="16.77284539">
<ele>64.7</ele>
<time>2026-03-22T11:08:28Z</time>
<extensions>
<tp1:TrackPointExtension>
<tp1:hr>164</tp1:hr>
</tp1:TrackPointExtension>
</extensions>
</trkpt>
<trkpt lat="58.64259884" lon="16.77281706">
<ele>64.7</ele>
<time>2026-03-22T11:08:29Z</time>
<extensions>
<tp1:TrackPointExtension>
<tp1:hr>164</tp1:hr>
</tp1:TrackPointExtension>
</extensions>
</trkpt>
<trkpt lat="58.64257797" lon="16.77278051">
<ele>64.7</ele>
<time>2026-03-22T11:08:30Z</time>
<extensions>
<tp1:TrackPointExtension>
<tp1:hr>164</tp1:hr>
</tp1:TrackPointExtension>
</extensions>
</trkpt>
<trkpt lat="58.64256439" lon="16.77272335">
<ele>64.7</ele>
<time>2026-03-22T11:08:31Z</time>
<extensions>
<tp1:TrackPointExtension>
<tp1:hr>165</tp1:hr>
</tp1:TrackPointExtension>
</extensions>
</trkpt>
<trkpt lat="58.64254687" lon="16.77267649">
<ele>64.7</ele>
<time>2026-03-22T11:08:32Z</time>
<extensions>
<tp1:TrackPointExtension>
<tp1:hr>164</tp1:hr>
</tp1:TrackPointExtension>
</extensions>
</trkpt>
<trkpt lat="58.642541" lon="16.77264783">
<ele>64.9</ele>
<time>2026-03-22T11:08:33Z</time>
<extensions>
<tp1:TrackPointExtension>
<tp1:hr>164</tp1:hr>
</tp1:TrackPointExtension>
</extensions>
</trkpt>
<trkpt lat="58.64251896" lon="16.77261036">
<ele>65.1</ele>
<time>2026-03-22T11:08:34Z</time>
<extensions>
<tp1:TrackPointExtension>
<tp1:hr>165</tp1:hr>
</tp1:TrackPointExtension>
</extensions>
</trkpt>
<trkpt lat="58.64249306" lon="16.77256627">
<ele>65.5</ele>
<time>2026-03-22T11:08:35Z</time>
<extensions>
<tp1:TrackPointExtension>
<tp1:hr>164</tp1:hr>
</tp1:TrackPointExtension>
</extensions>
</trkpt>
<trkpt lat="58.64248107" lon="16.77252763">
<ele>65.9</ele>
<time>2026-03-22T11:08:36Z</time>
<extensions>
<tp1:TrackPointExtension>
<tp1:hr>164</tp1:hr>
</tp1:TrackPointExtension>
</extensions>
</trkpt>
<trkpt lat="58.64246322" lon="16.77249343">
<ele>66.1</ele>
<time>2026-03-22T11:08:37Z</time>
<extensions>
<tp1:TrackPointExtension>
<tp1:hr>164</tp1:hr>
</tp1:TrackPointExtension>
</extensions>
</trkpt>
<trkpt lat="58.64245073" lon="16.77245261">
<ele>66.3</ele>
<time>2026-03-22T11:08:38Z</time>
<extensions>
<tp1:TrackPointExtension>
<tp1:hr>164</tp1:hr>
</tp1:TrackPointExtension>
</extensions>
</trkpt>
<trkpt lat="58.64243682" lon="16.7723874">
<ele>66.5</ele>
<time>2026-03-22T11:08:39Z</time>
<extensions>
<tp1:TrackPointExtension>
<tp1:hr>164</tp1:hr>
</tp1:TrackPointExtension>
</extensions>
</trkpt>
<trkpt lat="58.642425" lon="16.77234641">
<ele>66.5</ele>
<time>2026-03-22T11:08:40Z</time>
<extensions>
<tp1:TrackPointExtension>
<tp1:hr>165</tp1:hr>
</tp1:TrackPointExtension>
</extensions>
</trkpt>
<trkpt lat="58.64241125" lon="16.77231314">
<ele>66.3</ele>
<time>2026-03-22T11:08:41Z</time>
<extensions>
<tp1:TrackPointExtension>
<tp1:hr>164</tp1:hr>
</tp1:TrackPointExtension>
</extensions>
</trkpt>
<trkpt lat="58.64239935" lon="16.77228238">
<ele>66.3</ele>
<time>2026-03-22T11:08:42Z</time>
<extensions>
<tp1:TrackPointExtension>
<tp1:hr>164</tp1:hr>
</tp1:TrackPointExtension>
</extensions>
</trkpt>
<trkpt lat="58.64238393" lon="16.77222337">
<ele>66.3</ele>
<time>2026-03-22T11:08:43Z</time>
<extensions>
<tp1:TrackPointExtension>
<tp1:hr>164</tp1:hr>
</tp1:TrackPointExtension>
</extensions>
</trkpt>
<trkpt lat="58.64237169" lon="16.77215153">
<ele>65.9</ele>
<time>2026-03-22T11:08:44Z</time>
<extensions>
<tp1:TrackPointExtension>
<tp1:hr>164</tp1:hr>
</tp1:TrackPointExtension>
</extensions>
</trkpt>
<trkpt lat="58.64236699" lon="16.77209521">
<ele>65.3</ele>
<time>2026-03-22T11:08:45Z</time>
<extensions>
<tp1:TrackPointExtension>
<tp1:hr>164</tp1:hr>
</tp1:TrackPointExtension>
</extensions>
</trkpt>
<trkpt lat="58.64236658" lon="16.77203377">
<ele>65.1</ele>
<time>2026-03-22T11:08:46Z</time>
<extensions>
<tp1:TrackPointExtension>
<tp1:hr>164</tp1:hr>
</tp1:TrackPointExtension>
</extensions>
</trkpt>
<trkpt lat="58.64236096" lon="16.77197761">
<ele>64.9</ele>
<time>2026-03-22T11:08:47Z</time>
<extensions>
<tp1:TrackPointExtension>
<tp1:hr>164</tp1:hr>
</tp1:TrackPointExtension>
</extensions>
</trkpt>
<trkpt lat="58.6423452" lon="16.77194106">
<ele>64.9</ele>
<time>2026-03-22T11:08:48Z</time>
<extensions>
<tp1:TrackPointExtension>
<tp1:hr>164</tp1:hr>
</tp1:TrackPointExtension>
</extensions>
</trkpt>
<trkpt lat="58.64232886" lon="16.77189614">
<ele>64.9</ele>
<time>2026-03-22T11:08:49Z</time>
<extensions>
<tp1:TrackPointExtension>
<tp1:hr>164</tp1:hr>
</tp1:TrackPointExtension>
</extensions>
</trkpt>
<trkpt lat="58.64231897" lon="16.771844">
<ele>64.9</ele>
<time>2026-03-22T11:08:50Z</time>
<extensions>
<tp1:TrackPointExtension>
<tp1:hr>164</tp1:hr>
</tp1:TrackPointExtension>
</extensions>
</trkpt>
<trkpt lat="58.64230287" lon="16.77178214">
<ele>64.9</ele>
<time>2026-03-22T11:08:51Z</time>
<extensions>
<tp1:TrackPointExtension>
<tp1:hr>163</tp1:hr>
</tp1:TrackPointExtension>
</extensions>
</trkpt>
<trkpt lat="58.64228988" lon="16.77173948">
<ele>64.9</ele>
<time>2026-03-22T11:08:52Z</time>
<extensions>
<tp1:TrackPointExtension>
<tp1:hr>163</tp1:hr>
</tp1:TrackPointExtension>
</extensions>
</trkpt>
<trkpt lat="58.64226935" lon="16.77169933">
<ele>64.9</ele>
<time>2026-03-22T11:08:53Z</time>
<extensions>
<tp1:TrackPointExtension>
<tp1:hr>163</tp1:hr>
</tp1:TrackPointExtension>
</extensions>
</trkpt>
<trkpt lat="58.64224755" lon="16.77163286">
<ele>65.1</ele>
<time>2026-03-22T11:08:54Z</time>
<extensions>
<tp1:TrackPointExtension>
<tp1:hr>163</tp1:hr>
</tp1:TrackPointExtension>
</extensions>
</trkpt>
<trkpt lat="58.64223548" lon="16.77158341">
<ele>65.3</ele>
<time>2026-03-22T11:08:55Z</time>
<extensions>
<tp1:TrackPointExtension>
<tp1:hr>163</tp1:hr>
</tp1:TrackPointExtension>
</extensions>
</trkpt>
<trkpt lat="58.64222324" lon="16.7715358">
<ele>65.5</ele>
<time>2026-03-22T11:08:56Z</time>
<extensions>
<tp1:TrackPointExtension>
<tp1:hr>163</tp1:hr>
</tp1:TrackPointExtension>
</extensions>
</trkpt>
<trkpt lat="58.64221084" lon="16.77149104">
<ele>65.7</ele>
<time>2026-03-22T11:08:57Z</time>
<extensions>
<tp1:TrackPointExtension>
<tp1:hr>163</tp1:hr>
</tp1:TrackPointExtension>
</extensions>
</trkpt>
<trkpt lat="58.64220422" lon="16.77144703">
<ele>65.7</ele>
<time>2026-03-22T11:08:58Z</time>
<extensions>
<tp1:TrackPointExtension>
<tp1:hr>163</tp1:hr>
</tp1:TrackPointExtension>
</extensions>
</trkpt>
<trkpt lat="58.64220028" lon="16.77140454">
<ele>65.7</ele>
<time>2026-03-22T11:08:59Z</time>
<extensions>
<tp1:TrackPointExtension>
<tp1:hr>163</tp1:hr>
</tp1:TrackPointExtension>
</extensions>
</trkpt>
<trkpt lat="58.64219785" lon="16.77135793">
<ele>65.9</ele>
<time>2026-03-22T11:09:00Z</time>
<extensions>
<tp1:TrackPointExtension>
<tp1:hr>164</tp1:hr>
</tp1:TrackPointExtension>
</extensions>
</trkpt>
<trkpt lat="58.64219449" lon="16.77129306">
<ele>65.9</ele>
<time>2026-03-22T11:09:01Z</time>
<extensions>
<tp1:TrackPointExtension>
<tp1:hr>163</tp1:hr>
</tp1:TrackPointExtension>
</extensions>
</trkpt>
<trkpt lat="58.64218226" lon="16.77123941">
<ele>66.1</ele>
<time>2026-03-22T11:09:02Z</time>
<extensions>
<tp1:TrackPointExtension>
<tp1:hr>163</tp1:hr>
</tp1:TrackPointExtension>
</extensions>
</trkpt>
<trkpt lat="58.6421691" lon="16.77117689">
<ele>66.3</ele>
<time>2026-03-22T11:09:03Z</time>
<extensions>
<tp1:TrackPointExtension>
<tp1:hr>163</tp1:hr>
</tp1:TrackPointExtension>
</extensions>
</trkpt>
<trkpt lat="58.64216164" lon="16.77114311">
<ele>66.2</ele>
<time>2026-03-22T11:09:04Z</time>
<extensions>
<tp1:TrackPointExtension>
<tp1:hr>163</tp1:hr>
</tp1:TrackPointExtension>
</extensions>
</trkpt>
<trkpt lat="58.6421494" lon="16.77112333">
<ele>66.2</ele>
<time>2026-03-22T11:09:05Z</time>
<extensions>
<tp1:TrackPointExtension>
<tp1:hr>163</tp1:hr>
</tp1:TrackPointExtension>
</extensions>
</trkpt>
<trkpt lat="58.64213565" lon="16.77109826">
<ele>66.4</ele>
<time>2026-03-22T11:09:06Z</time>
<extensions>
<tp1:TrackPointExtension>
<tp1:hr>163</tp1:hr>
</tp1:TrackPointExtension>
</extensions>
</trkpt>
<trkpt lat="58.64211998" lon="16.77107999">
<ele>66.4</ele>
<time>2026-03-22T11:09:07Z</time>
<extensions>
<tp1:TrackPointExtension>
<tp1:hr>163</tp1:hr>
</tp1:TrackPointExtension>
</extensions>
</trkpt>
<trkpt lat="58.64211001" lon="16.77103783">
<ele>66.4</ele>
<time>2026-03-22T11:09:08Z</time>
<extensions>
<tp1:TrackPointExtension>
<tp1:hr>164</tp1:hr>
</tp1:TrackPointExtension>
</extensions>
</trkpt>
<trkpt lat="58.64210221" lon="16.77099885">
<ele>66.6</ele>
<time>2026-03-22T11:09:09Z</time>
<extensions>
<tp1:TrackPointExtension>
<tp1:hr>163</tp1:hr>
</tp1:TrackPointExtension>
</extensions>
</trkpt>
<trkpt lat="58.64209651" lon="16.7709639">
<ele>66.6</ele>
<time>2026-03-22T11:09:10Z</time>
<extensions>
<tp1:TrackPointExtension>
<tp1:hr>163</tp1:hr>
</tp1:TrackPointExtension>
</extensions>
</trkpt>
<trkpt lat="58.6420924" lon="16.77091629">
<ele>66.6</ele>
<time>2026-03-22T11:09:11Z</time>
<extensions>
<tp1:TrackPointExtension>
<tp1:hr>163</tp1:hr>
</tp1:TrackPointExtension>
</extensions>
</trkpt>
<trkpt lat="58.64209986" lon="16.77086776">
<ele>66.8</ele>
<time>2026-03-22T11:09:12Z</time>
<extensions>
<tp1:TrackPointExtension>
<tp1:hr>163</tp1:hr>
</tp1:TrackPointExtension>
</extensions>
</trkpt>
<trkpt lat="58.64209098" lon="16.77082912">
<ele>67.2</ele>
<time>2026-03-22T11:09:13Z</time>
<extensions>
<tp1:TrackPointExtension>
<tp1:hr>163</tp1:hr>
</tp1:TrackPointExtension>
</extensions>
</trkpt>
<trkpt lat="58.64208821" lon="16.77079626">
<ele>67.4</ele>
<time>2026-03-22T11:09:14Z</time>
<extensions>
<tp1:TrackPointExtension>
<tp1:hr>163</tp1:hr>
</tp1:TrackPointExtension>
</extensions>
</trkpt>
<trkpt lat="58.64207949" lon="16.77074689">
<ele>67.6</ele>
<time>2026-03-22T11:09:15Z</time>
<extensions>
<tp1:TrackPointExtension>
<tp1:hr>164</tp1:hr>
</tp1:TrackPointExtension>
</extensions>
</trkpt>
<trkpt lat="58.64207581" lon="16.77070054">
<ele>68.0</ele>
<time>2026-03-22T11:09:16Z</time>
<extensions>
<tp1:TrackPointExtension>
<tp1:hr>164</tp1:hr>
</tp1:TrackPointExtension>
</extensions>
</trkpt>
<trkpt lat="58.64207505" lon="16.77065101">
<ele>68.2</ele>
<time>2026-03-22T11:09:17Z</time>
<extensions>
<tp1:TrackPointExtension>
<tp1:hr>164</tp1:hr>
</tp1:TrackPointExtension>
</extensions>
</trkpt>
<trkpt lat="58.64207019" lon="16.7706153">
<ele>68.4</ele>
<time>2026-03-22T11:09:18Z</time>
<extensions>
<tp1:TrackPointExtension>
<tp1:hr>164</tp1:hr>
</tp1:TrackPointExtension>
</extensions>
</trkpt>
<trkpt lat="58.64206491" lon="16.77057775">
<ele>68.6</ele>
<time>2026-03-22T11:09:19Z</time>
<extensions>
<tp1:TrackPointExtension>
<tp1:hr>164</tp1:hr>
</tp1:TrackPointExtension>
</extensions>
</trkpt>
<trkpt lat="58.64205418" lon="16.77054103">
<ele>68.6</ele>
<time>2026-03-22T11:09:20Z</time>
<extensions>
<tp1:TrackPointExtension>
<tp1:hr>165</tp1:hr>
</tp1:TrackPointExtension>
</extensions>
</trkpt>
<trkpt lat="58.64203666" lon="16.77049703">
<ele>68.6</ele>
<time>2026-03-22T11:09:21Z</time>
<extensions>
<tp1:TrackPointExtension>
<tp1:hr>165</tp1:hr>
</tp1:TrackPointExtension>
</extensions>
</trkpt>
<trkpt lat="58.64201722" lon="16.77046543">
<ele>68.4</ele>
<time>2026-03-22T11:09:22Z</time>
<extensions>
<tp1:TrackPointExtension>
<tp1:hr>165</tp1:hr>
</tp1:TrackPointExtension>
</extensions>
</trkpt>
<trkpt lat="58.64199165" lon="16.77045336">
<ele>68.2</ele>
<time>2026-03-22T11:09:23Z</time>
<extensions>
<tp1:TrackPointExtension>
<tp1:hr>165</tp1:hr>
</tp1:TrackPointExtension>
</extensions>
</trkpt>
<trkpt lat="58.64198503" lon="16.77041816">
<ele>68.2</ele>
<time>2026-03-22T11:09:24Z</time>
<extensions>
<tp1:TrackPointExtension>
<tp1:hr>164</tp1:hr>
</tp1:TrackPointExtension>
</extensions>
</trkpt>
<trkpt lat="58.64198319" lon="16.77037164">
<ele>68.2</ele>
<time>2026-03-22T11:09:25Z</time>
<extensions>
<tp1:TrackPointExtension>
<tp1:hr>164</tp1:hr>
</tp1:TrackPointExtension>
</extensions>
</trkpt>
<trkpt lat="58.64198101" lon="16.77032906">
<ele>68.2</ele>
<time>2026-03-22T11:09:26Z</time>
<extensions>
<tp1:TrackPointExtension>
<tp1:hr>164</tp1:hr>
</tp1:TrackPointExtension>
</extensions>
</trkpt>
<trkpt lat="58.64197749" lon="16.77029033">
<ele>68.4</ele>
<time>2026-03-22T11:09:27Z</time>
<extensions>
<tp1:TrackPointExtension>
<tp1:hr>163</tp1:hr>
</tp1:TrackPointExtension>
</extensions>
</trkpt>
<trkpt lat="58.64197372" lon="16.770247">
<ele>68.6</ele>
<time>2026-03-22T11:09:28Z</time>
<extensions>
<tp1:TrackPointExtension>
<tp1:hr>164</tp1:hr>
</tp1:TrackPointExtension>
</extensions>
</trkpt>
<trkpt lat="58.64196885" lon="16.77017986">
<ele>69.0</ele>
<time>2026-03-22T11:09:29Z</time>
<extensions>
<tp1:TrackPointExtension>
<tp1:hr>164</tp1:hr>
</tp1:TrackPointExtension>
</extensions>
</trkpt>
<trkpt lat="58.64196542" lon="16.77012688">
<ele>69.0</ele>
<time>2026-03-22T11:09:30Z</time>
<extensions>
<tp1:TrackPointExtension>
<tp1:hr>163</tp1:hr>
</tp1:TrackPointExtension>
</extensions>
</trkpt>
<trkpt lat="58.64195838" lon="16.77008732">
<ele>69.2</ele>
<time>2026-03-22T11:09:31Z</time>
<extensions>
<tp1:TrackPointExtension>
<tp1:hr>164</tp1:hr>
</tp1:TrackPointExtension>
</extensions>
</trkpt>
<trkpt lat="58.64194773" lon="16.77003871">
<ele>69.2</ele>
<time>2026-03-22T11:09:32Z</time>
<extensions>
<tp1:TrackPointExtension>
<tp1:hr>164</tp1:hr>
</tp1:TrackPointExtension>
</extensions>
</trkpt>
<trkpt lat="58.64193717" lon="16.76998775">
<ele>69.4</ele>
<time>2026-03-22T11:09:33Z</time>
<extensions>
<tp1:TrackPointExtension>
<tp1:hr>163</tp1:hr>
</tp1:TrackPointExtension>
</extensions>
</trkpt>
<trkpt lat="58.64193114" lon="16.7699393">
<ele>69.4</ele>
<time>2026-03-22T11:09:34Z</time>
<extensions>
<tp1:TrackPointExtension>
<tp1:hr>164</tp1:hr>
</tp1:TrackPointExtension>
</extensions>
</trkpt>
<trkpt lat="58.64192326" lon="16.76989202">
<ele>69.4</ele>
<time>2026-03-22T11:09:35Z</time>
<extensions>
<tp1:TrackPointExtension>
<tp1:hr>163</tp1:hr>
</tp1:TrackPointExtension>
</extensions>
</trkpt>
<trkpt lat="58.64191446" lon="16.76984525">
<ele>69.4</ele>
<time>2026-03-22T11:09:36Z</time>
<extensions>
<tp1:TrackPointExtension>
<tp1:hr>163</tp1:hr>
</tp1:TrackPointExtension>
</extensions>
</trkpt>
<trkpt lat="58.641907" lon="16.76980502">
<ele>69.6</ele>
<time>2026-03-22T11:09:37Z</time>
<extensions>
<tp1:TrackPointExtension>
<tp1:hr>163</tp1:hr>
</tp1:TrackPointExtension>
</extensions>
</trkpt>
<trkpt lat="58.64189534" lon="16.76974911">
<ele>69.8</ele>
<time>2026-03-22T11:09:38Z</time>
<extensions>
<tp1:TrackPointExtension>
<tp1:hr>164</tp1:hr>
</tp1:TrackPointExtension>
</extensions>
</trkpt>
<trkpt lat="58.64186995" lon="16.76973294">
<ele>70.0</ele>
<time>2026-03-22T11:09:39Z</time>
<extensions>
<tp1:TrackPointExtension>
<tp1:hr>164</tp1:hr>
</tp1:TrackPointExtension>
</extensions>
</trkpt>
<trkpt lat="58.64184899" lon="16.76968315">
<ele>70.0</ele>
<time>2026-03-22T11:09:40Z</time>
<extensions>
<tp1:TrackPointExtension>
<tp1:hr>164</tp1:hr>
</tp1:TrackPointExtension>
</extensions>
</trkpt>
<trkpt lat="58.64182946" lon="16.76963135">
<ele>70.0</ele>
<time>2026-03-22T11:09:41Z</time>
<extensions>
<tp1:TrackPointExtension>
<tp1:hr>164</tp1:hr>
</tp1:TrackPointExtension>
</extensions>
</trkpt>
<trkpt lat="58.64181077" lon="16.76959489">
<ele>69.8</ele>
<time>2026-03-22T11:09:42Z</time>
<extensions>
<tp1:TrackPointExtension>
<tp1:hr>164</tp1:hr>
</tp1:TrackPointExtension>
</extensions>
</trkpt>
<trkpt lat="58.64179024" lon="16.76957142">
<ele>69.4</ele>
<time>2026-03-22T11:09:43Z</time>
<extensions>
<tp1:TrackPointExtension>
<tp1:hr>164</tp1:hr>
</tp1:TrackPointExtension>
</extensions>
</trkpt>
<trkpt lat="58.64177775" lon="16.76955591">
<ele>69.4</ele>
<time>2026-03-22T11:09:44Z</time>
<extensions>
<tp1:TrackPointExtension>
<tp1:hr>164</tp1:hr>
</tp1:TrackPointExtension>
</extensions>
</trkpt>
<trkpt lat="58.64176174" lon="16.76952372">
<ele>69.4</ele>
<time>2026-03-22T11:09:45Z</time>
<extensions>
<tp1:TrackPointExtension>
<tp1:hr>165</tp1:hr>
</tp1:TrackPointExtension>
</extensions>
</trkpt>
<trkpt lat="58.6417464" lon="16.76947796">
<ele>69.8</ele>
<time>2026-03-22T11:09:46Z</time>
<extensions>
<tp1:TrackPointExtension>
<tp1:hr>165</tp1:hr>
</tp1:TrackPointExtension>
</extensions>
</trkpt>
<trkpt lat="58.64174061" lon="16.76941115">
<ele>69.8</ele>
<time>2026-03-22T11:09:47Z</time>
<extensions>
<tp1:TrackPointExtension>
<tp1:hr>165</tp1:hr>
</tp1:TrackPointExtension>
</extensions>
</trkpt>
<trkpt lat="58.64172905" lon="16.76933697">
<ele>70.0</ele>
<time>2026-03-22T11:09:48Z</time>
<extensions>
<tp1:TrackPointExtension>
<tp1:hr>165</tp1:hr>
</tp1:TrackPointExtension>
</extensions>
</trkpt>
<trkpt lat="58.6417267" lon="16.76929993">
<ele>69.8</ele>
<time>2026-03-22T11:09:49Z</time>
<extensions>
<tp1:TrackPointExtension>
<tp1:hr>165</tp1:hr>
</tp1:TrackPointExtension>
</extensions>
</trkpt>
<trkpt lat="58.64171647" lon="16.76926162">
<ele>69.2</ele>
<time>2026-03-22T11:09:50Z</time>
<extensions>
<tp1:TrackPointExtension>
<tp1:hr>165</tp1:hr>
</tp1:TrackPointExtension>
</extensions>
</trkpt>
<trkpt lat="58.64170499" lon="16.76922147">
<ele>69.0</ele>
<time>2026-03-22T11:09:51Z</time>
<extensions>
<tp1:TrackPointExtension>
<tp1:hr>165</tp1:hr>
</tp1:TrackPointExtension>
</extensions>
</trkpt>
<trkpt lat="58.64169577" lon="16.76915492">
<ele>68.4</ele>
<time>2026-03-22T11:09:52Z</time>
<extensions>
<tp1:TrackPointExtension>
<tp1:hr>165</tp1:hr>
</tp1:TrackPointExtension>
</extensions>
</trkpt>
<trkpt lat="58.64168672" lon="16.76910094">
<ele>67.8</ele>
<time>2026-03-22T11:09:53Z</time>
<extensions>
<tp1:TrackPointExtension>
<tp1:hr>165</tp1:hr>
</tp1:TrackPointExtension>
</extensions>
</trkpt>
<trkpt lat="58.64168186" lon="16.76908082">
<ele>67.4</ele>
<time>2026-03-22T11:09:54Z</time>
<extensions>
<tp1:TrackPointExtension>
<tp1:hr>165</tp1:hr>
</tp1:TrackPointExtension>
</extensions>
</trkpt>
<trkpt lat="58.64168328" lon="16.76905643">
<ele>67.2</ele>
<time>2026-03-22T11:09:55Z</time>
<extensions>
<tp1:TrackPointExtension>
<tp1:hr>165</tp1:hr>
</tp1:TrackPointExtension>
</extensions>
</trkpt>
<trkpt lat="58.64167331" lon="16.76904327">
<ele>66.8</ele>
<time>2026-03-22T11:09:56Z</time>
<extensions>
<tp1:TrackPointExtension>
<tp1:hr>165</tp1:hr>
</tp1:TrackPointExtension>
</extensions>
</trkpt>
<trkpt lat="58.64165998" lon="16.76901435">
<ele>66.4</ele>
<time>2026-03-22T11:09:57Z</time>
<extensions>
<tp1:TrackPointExtension>
<tp1:hr>164</tp1:hr>
</tp1:TrackPointExtension>
</extensions>
</trkpt>
<trkpt lat="58.64165017" lon="16.76896742">
<ele>66.0</ele>
<time>2026-03-22T11:09:58Z</time>
<extensions>
<tp1:TrackPointExtension>
<tp1:hr>165</tp1:hr>
</tp1:TrackPointExtension>
</extensions>
</trkpt>
<trkpt lat="58.64164347" lon="16.76890925">
<ele>65.6</ele>
<time>2026-03-22T11:09:59Z</time>
<extensions>
<tp1:TrackPointExtension>
<tp1:hr>165</tp1:hr>
</tp1:TrackPointExtension>
</extensions>
</trkpt>
<trkpt lat="58.64164263" lon="16.76886147">
<ele>65.2</ele>
<time>2026-03-22T11:10:00Z</time>
<extensions>
<tp1:TrackPointExtension>
<tp1:hr>164</tp1:hr>
</tp1:TrackPointExtension>
</extensions>
</trkpt>
<trkpt lat="58.64163307" lon="16.76882015">
<ele>64.6</ele>
<time>2026-03-22T11:10:01Z</time>
<extensions>
<tp1:TrackPointExtension>
<tp1:hr>165</tp1:hr>
</tp1:TrackPointExtension>
</extensions>
</trkpt>
<trkpt lat="58.64162629" lon="16.76878964">
<ele>64.4</ele>
<time>2026-03-22T11:10:02Z</time>
<extensions>
<tp1:TrackPointExtension>
<tp1:hr>164</tp1:hr>
</tp1:TrackPointExtension>
</extensions>
</trkpt>
<trkpt lat="58.64161774" lon="16.76874873">
<ele>64.0</ele>
<time>2026-03-22T11:10:03Z</time>
<extensions>
<tp1:TrackPointExtension>
<tp1:hr>164</tp1:hr>
</tp1:TrackPointExtension>
</extensions>
</trkpt>
<trkpt lat="58.64160483" lon="16.76870808">
<ele>63.6</ele>
<time>2026-03-22T11:10:04Z</time>
<extensions>
<tp1:TrackPointExtension>
<tp1:hr>164</tp1:hr>
</tp1:TrackPointExtension>
</extensions>
</trkpt>
<trkpt lat="58.64160022" lon="16.76865821">
<ele>63.2</ele>
<time>2026-03-22T11:10:05Z</time>
<extensions>
<tp1:TrackPointExtension>
<tp1:hr>164</tp1:hr>
</tp1:TrackPointExtension>
</extensions>
</trkpt>
<trkpt lat="58.64159578" lon="16.76860599">
<ele>62.6</ele>
<time>2026-03-22T11:10:06Z</time>
<extensions>
<tp1:TrackPointExtension>
<tp1:hr>164</tp1:hr>
</tp1:TrackPointExtension>
</extensions>
</trkpt>
<trkpt lat="58.64159653" lon="16.76854405">
<ele>62.0</ele>
<time>2026-03-22T11:10:07Z</time>
<extensions>
<tp1:TrackPointExtension>
<tp1:hr>164</tp1:hr>
</tp1:TrackPointExtension>
</extensions>
</trkpt>
<trkpt lat="58.64160382" lon="16.76849401">
<ele>61.4</ele>
<time>2026-03-22T11:10:08Z</time>
<extensions>
<tp1:TrackPointExtension>
<tp1:hr>163</tp1:hr>
</tp1:TrackPointExtension>
</extensions>
</trkpt>
<trkpt lat="58.64161229" lon="16.76845092">
<ele>60.8</ele>
<time>2026-03-22T11:10:09Z</time>
<extensions>
<tp1:TrackPointExtension>
<tp1:hr>164</tp1:hr>
</tp1:TrackPointExtension>
</extensions>
</trkpt>
<trkpt lat="58.64162427" lon="16.76839418">
<ele>60.2</ele>
<time>2026-03-22T11:10:10Z</time>
<extensions>
<tp1:TrackPointExtension>
<tp1:hr>164</tp1:hr>
</tp1:TrackPointExtension>
</extensions>
</trkpt>
<trkpt lat="58.64164246" lon="16.76834405">
<ele>59.8</ele>
<time>2026-03-22T11:10:11Z</time>
<extensions>
<tp1:TrackPointExtension>
<tp1:hr>164</tp1:hr>
</tp1:TrackPointExtension>
</extensions>
</trkpt>
<trkpt lat="58.64166308" lon="16.76829737">
<ele>59.6</ele>
<time>2026-03-22T11:10:12Z</time>
<extensions>
<tp1:TrackPointExtension>
<tp1:hr>164</tp1:hr>
</tp1:TrackPointExtension>
</extensions>
</trkpt>
<trkpt lat="58.64168873" lon="16.76824892">
<ele>59.4</ele>
<time>2026-03-22T11:10:13Z</time>
<extensions>
<tp1:TrackPointExtension>
<tp1:hr>164</tp1:hr>
</tp1:TrackPointExtension>
</extensions>
</trkpt>
<trkpt lat="58.64171295" lon="16.76820382">
<ele>59.4</ele>
<time>2026-03-22T11:10:14Z</time>
<extensions>
<tp1:TrackPointExtension>
<tp1:hr>165</tp1:hr>
</tp1:TrackPointExtension>
</extensions>
</trkpt>
<trkpt lat="58.64173282" lon="16.7681568">
<ele>59.6</ele>
<time>2026-03-22T11:10:15Z</time>
<extensions>
<tp1:TrackPointExtension>
<tp1:hr>164</tp1:hr>
</tp1:TrackPointExtension>
</extensions>
</trkpt>
<trkpt lat="58.64175453" lon="16.76810701">
<ele>59.6</ele>
<time>2026-03-22T11:10:16Z</time>
<extensions>
<tp1:TrackPointExtension>
<tp1:hr>164</tp1:hr>
</tp1:TrackPointExtension>
</extensions>
</trkpt>
<trkpt lat="58.64176903" lon="16.76804641">
<ele>59.6</ele>
<time>2026-03-22T11:10:17Z</time>
<extensions>
<tp1:TrackPointExtension>
<tp1:hr>164</tp1:hr>
</tp1:TrackPointExtension>
</extensions>
</trkpt>
<trkpt lat="58.6417697" lon="16.76798506">
<ele>59.6</ele>
<time>2026-03-22T11:10:18Z</time>
<extensions>
<tp1:TrackPointExtension>
<tp1:hr>164</tp1:hr>
</tp1:TrackPointExtension>
</extensions>
</trkpt>
<trkpt lat="58.64176744" lon="16.7679408">
<ele>59.4</ele>
<time>2026-03-22T11:10:19Z</time>
<extensions>
<tp1:TrackPointExtension>
<tp1:hr>164</tp1:hr>
</tp1:TrackPointExtension>
</extensions>
</trkpt>
<trkpt lat="58.64175931" lon="16.76788079">
<ele>59.2</ele>
<time>2026-03-22T11:10:20Z</time>
<extensions>
<tp1:TrackPointExtension>
<tp1:hr>163</tp1:hr>
</tp1:TrackPointExtension>
</extensions>
</trkpt>
<trkpt lat="58.64174824" lon="16.76782899">
<ele>59.2</ele>
<time>2026-03-22T11:10:21Z</time>
<extensions>
<tp1:TrackPointExtension>
<tp1:hr>164</tp1:hr>
</tp1:TrackPointExtension>
</extensions>
</trkpt>
<trkpt lat="58.6417272" lon="16.76778171">
<ele>59.0</ele>
<time>2026-03-22T11:10:22Z</time>
<extensions>
<tp1:TrackPointExtension>
<tp1:hr>164</tp1:hr>
</tp1:TrackPointExtension>
</extensions>
</trkpt>
<trkpt lat="58.64170751" lon="16.76774701">
<ele>59.0</ele>
<time>2026-03-22T11:10:23Z</time>
<extensions>
<tp1:TrackPointExtension>
<tp1:hr>164</tp1:hr>
</tp1:TrackPointExtension>
</extensions>
</trkpt>
<trkpt lat="58.64169418" lon="16.76771415">
<ele>59.2</ele>
<time>2026-03-22T11:10:24Z</time>
<extensions>
<tp1:TrackPointExtension>
<tp1:hr>164</tp1:hr>
</tp1:TrackPointExtension>
</extensions>
</trkpt>
<trkpt lat="58.64168077" lon="16.76767677">
<ele>59.2</ele>
<time>2026-03-22T11:10:25Z</time>
<extensions>
<tp1:TrackPointExtension>
<tp1:hr>164</tp1:hr>
</tp1:TrackPointExtension>
</extensions>
</trkpt>
<trkpt lat="58.64167666" lon="16.76761399">
<ele>59.4</ele>
<time>2026-03-22T11:10:26Z</time>
<extensions>
<tp1:TrackPointExtension>
<tp1:hr>164</tp1:hr>
</tp1:TrackPointExtension>
</extensions>
</trkpt>
<trkpt lat="58.64168161" lon="16.76754685">
<ele>59.4</ele>
<time>2026-03-22T11:10:27Z</time>
<extensions>
<tp1:TrackPointExtension>
<tp1:hr>164</tp1:hr>
</tp1:TrackPointExtension>
</extensions>
</trkpt>
<trkpt lat="58.64167993" lon="16.76748969">
<ele>59.4</ele>
<time>2026-03-22T11:10:28Z</time>
<extensions>
<tp1:TrackPointExtension>
<tp1:hr>164</tp1:hr>
</tp1:TrackPointExtension>
</extensions>
</trkpt>
<trkpt lat="58.64169368" lon="16.76744761">
<ele>59.6</ele>
<time>2026-03-22T11:10:29Z</time>
<extensions>
<tp1:TrackPointExtension>
<tp1:hr>164</tp1:hr>
</tp1:TrackPointExtension>
</extensions>
</trkpt>
<trkpt lat="58.64169175" lon="16.76741861">
<ele>59.6</ele>
<time>2026-03-22T11:10:30Z</time>
<extensions>
<tp1:TrackPointExtension>
<tp1:hr>163</tp1:hr>
</tp1:TrackPointExtension>
</extensions>
</trkpt>
<trkpt lat="58.64168856" lon="16.7673855">
<ele>59.6</ele>
<time>2026-03-22T11:10:31Z</time>
<extensions>
<tp1:TrackPointExtension>
<tp1:hr>163</tp1:hr>
</tp1:TrackPointExtension>
</extensions>
</trkpt>
<trkpt lat="58.64169317" lon="16.76734099">
<ele>59.6</ele>
<time>2026-03-22T11:10:32Z</time>
<extensions>
<tp1:TrackPointExtension>
<tp1:hr>163</tp1:hr>
</tp1:TrackPointExtension>
</extensions>
</trkpt>
<trkpt lat="58.64168831" lon="16.76729623">
<ele>59.6</ele>
<time>2026-03-22T11:10:33Z</time>
<extensions>
<tp1:TrackPointExtension>
<tp1:hr>163</tp1:hr>
</tp1:TrackPointExtension>
</extensions>
</trkpt>
<trkpt lat="58.64167431" lon="16.7672617">
<ele>59.8</ele>
<time>2026-03-22T11:10:34Z</time>
<extensions>
<tp1:TrackPointExtension>
<tp1:hr>163</tp1:hr>
</tp1:TrackPointExtension>
</extensions>
</trkpt>
<trkpt lat="58.6416635" lon="16.76723077">
<ele>60.0</ele>
<time>2026-03-22T11:10:35Z</time>
<extensions>
<tp1:TrackPointExtension>
<tp1:hr>162</tp1:hr>
</tp1:TrackPointExtension>
</extensions>
</trkpt>
<trkpt lat="58.64164716" lon="16.76719255">
<ele>60.2</ele>
<time>2026-03-22T11:10:36Z</time>
<extensions>
<tp1:TrackPointExtension>
<tp1:hr>161</tp1:hr>
</tp1:TrackPointExtension>
</extensions>
</trkpt>
<trkpt lat="58.64163919" lon="16.76716874">
<ele>60.6</ele>
<time>2026-03-22T11:10:37Z</time>
<extensions>
<tp1:TrackPointExtension>
<tp1:hr>161</tp1:hr>
</tp1:TrackPointExtension>
</extensions>
</trkpt>
<trkpt lat="58.64162218" lon="16.76712533">
<ele>61.0</ele>
<time>2026-03-22T11:10:38Z</time>
<extensions>
<tp1:TrackPointExtension>
<tp1:hr>161</tp1:hr>
</tp1:TrackPointExtension>
</extensions>
</trkpt>
<trkpt lat="58.64161514" lon="16.76707453">
<ele>61.2</ele>
<time>2026-03-22T11:10:39Z</time>
<extensions>
<tp1:TrackPointExtension>
<tp1:hr>161</tp1:hr>
</tp1:TrackPointExtension>
</extensions>
</trkpt>
<trkpt lat="58.64160684" lon="16.76703639">
<ele>61.2</ele>
<time>2026-03-22T11:10:40Z</time>
<extensions>
<tp1:TrackPointExtension>
<tp1:hr>162</tp1:hr>
</tp1:TrackPointExtension>
</extensions>
</trkpt>
<trkpt lat="58.64159913" lon="16.76698258">
<ele>61.1</ele>
<time>2026-03-22T11:10:41Z</time>
<extensions>
<tp1:TrackPointExtension>
<tp1:hr>162</tp1:hr>
</tp1:TrackPointExtension>
</extensions>
</trkpt>
<trkpt lat="58.64158329" lon="16.76694344">
<ele>61.1</ele>
<time>2026-03-22T11:10:42Z</time>
<extensions>
<tp1:TrackPointExtension>
<tp1:hr>162</tp1:hr>
</tp1:TrackPointExtension>
</extensions>
</trkpt>
<trkpt lat="58.64158278" lon="16.76689801">
<ele>61.1</ele>
<time>2026-03-22T11:10:43Z</time>
<extensions>
<tp1:TrackPointExtension>
<tp1:hr>162</tp1:hr>
</tp1:TrackPointExtension>
</extensions>
</trkpt>
<trkpt lat="58.64157901" lon="16.76687001">
<ele>61.3</ele>
<time>2026-03-22T11:10:44Z</time>
<extensions>
<tp1:TrackPointExtension>
<tp1:hr>163</tp1:hr>
</tp1:TrackPointExtension>
</extensions>
</trkpt>
<trkpt lat="58.64157239" lon="16.76683548">
<ele>61.3</ele>
<time>2026-03-22T11:10:45Z</time>
<extensions>
<tp1:TrackPointExtension>
<tp1:hr>163</tp1:hr>
</tp1:TrackPointExtension>
</extensions>
</trkpt>
<trkpt lat="58.64156971" lon="16.76677169">
<ele>61.5</ele>
<time>2026-03-22T11:10:46Z</time>
<extensions>
<tp1:TrackPointExtension>
<tp1:hr>163</tp1:hr>
</tp1:TrackPointExtension>
</extensions>
</trkpt>
<trkpt lat="58.64156267" lon="16.76671579">
<ele>61.5</ele>
<time>2026-03-22T11:10:47Z</time>
<extensions>
<tp1:TrackPointExtension>
<tp1:hr>163</tp1:hr>
</tp1:TrackPointExtension>
</extensions>
</trkpt>
<trkpt lat="58.64155211" lon="16.76667379">
<ele>61.3</ele>
<time>2026-03-22T11:10:48Z</time>
<extensions>
<tp1:TrackPointExtension>
<tp1:hr>163</tp1:hr>
</tp1:TrackPointExtension>
</extensions>
</trkpt>
<trkpt lat="58.64153358" lon="16.7666261">
<ele>61.3</ele>
<time>2026-03-22T11:10:49Z</time>
<extensions>
<tp1:TrackPointExtension>
<tp1:hr>163</tp1:hr>
</tp1:TrackPointExtension>
</extensions>
</trkpt>
<trkpt lat="58.6415107" lon="16.76657363">
<ele>61.3</ele>
<time>2026-03-22T11:10:50Z</time>
<extensions>
<tp1:TrackPointExtension>
<tp1:hr>163</tp1:hr>
</tp1:TrackPointExtension>
</extensions>
</trkpt>
<trkpt lat="58.64149008" lon="16.76654371">
<ele>61.3</ele>
<time>2026-03-22T11:10:51Z</time>
<extensions>
<tp1:TrackPointExtension>
<tp1:hr>163</tp1:hr>
</tp1:TrackPointExtension>
</extensions>
</trkpt>
<trkpt lat="58.64146695" lon="16.7665033">
<ele>61.1</ele>
<time>2026-03-22T11:10:52Z</time>
<extensions>
<tp1:TrackPointExtension>
<tp1:hr>163</tp1:hr>
</tp1:TrackPointExtension>
</extensions>
</trkpt>
<trkpt lat="58.64144716" lon="16.76646265">
<ele>61.1</ele>
<time>2026-03-22T11:10:53Z</time>
<extensions>
<tp1:TrackPointExtension>
<tp1:hr>163</tp1:hr>
</tp1:TrackPointExtension>
</extensions>
</trkpt>
<trkpt lat="58.6414216" lon="16.76642871">
<ele>61.3</ele>
<time>2026-03-22T11:10:54Z</time>
<extensions>
<tp1:TrackPointExtension>
<tp1:hr>164</tp1:hr>
</tp1:TrackPointExtension>
</extensions>
</trkpt>
<trkpt lat="58.64139955" lon="16.76640423">
<ele>61.3</ele>
<time>2026-03-22T11:10:55Z</time>
<extensions>
<tp1:TrackPointExtension>
<tp1:hr>164</tp1:hr>
</tp1:TrackPointExtension>
</extensions>
</trkpt>
<trkpt lat="58.6413812" lon="16.76636743">
<ele>61.3</ele>
<time>2026-03-22T11:10:56Z</time>
<extensions>
<tp1:TrackPointExtension>
<tp1:hr>164</tp1:hr>
</tp1:TrackPointExtension>
</extensions>
</trkpt>
<trkpt lat="58.6413605" lon="16.76631731">
<ele>61.3</ele>
<time>2026-03-22T11:10:57Z</time>
<extensions>
<tp1:TrackPointExtension>
<tp1:hr>164</tp1:hr>
</tp1:TrackPointExtension>
</extensions>
</trkpt>
<trkpt lat="58.64133879" lon="16.76627557">
<ele>61.3</ele>
<time>2026-03-22T11:10:58Z</time>
<extensions>
<tp1:TrackPointExtension>
<tp1:hr>164</tp1:hr>
</tp1:TrackPointExtension>
</extensions>
</trkpt>
<trkpt lat="58.64131289" lon="16.76627875">
<ele>61.3</ele>
<time>2026-03-22T11:10:59Z</time>
<extensions>
<tp1:TrackPointExtension>
<tp1:hr>163</tp1:hr>
</tp1:TrackPointExtension>
</extensions>
</trkpt>
<trkpt lat="58.64128665" lon="16.76626819">
<ele>61.3</ele>
<time>2026-03-22T11:11:00Z</time>
<extensions>
<tp1:TrackPointExtension>
<tp1:hr>163</tp1:hr>
</tp1:TrackPointExtension>
</extensions>
</trkpt>
<trkpt lat="58.64125924" lon="16.76625453">
<ele>61.3</ele>
<time>2026-03-22T11:11:01Z</time>
<extensions>
<tp1:TrackPointExtension>
<tp1:hr>163</tp1:hr>
</tp1:TrackPointExtension>
</extensions>
</trkpt>
<trkpt lat="58.64123477" lon="16.76622461">
<ele>61.3</ele>
<time>2026-03-22T11:11:02Z</time>
<extensions>
<tp1:TrackPointExtension>
<tp1:hr>163</tp1:hr>
</tp1:TrackPointExtension>
</extensions>
</trkpt>
<trkpt lat="58.64121767" lon="16.76619485">
<ele>61.3</ele>
<time>2026-03-22T11:11:03Z</time>
<extensions>
<tp1:TrackPointExtension>
<tp1:hr>163</tp1:hr>
</tp1:TrackPointExtension>
</extensions>
</trkpt>
<trkpt lat="58.64121063" lon="16.76615554">
<ele>61.5</ele>
<time>2026-03-22T11:11:04Z</time>
<extensions>
<tp1:TrackPointExtension>
<tp1:hr>163</tp1:hr>
</tp1:TrackPointExtension>
</extensions>
</trkpt>
<trkpt lat="58.64120727" lon="16.76612964">
<ele>61.7</ele>
<time>2026-03-22T11:11:05Z</time>
<extensions>
<tp1:TrackPointExtension>
<tp1:hr>163</tp1:hr>
</tp1:TrackPointExtension>
</extensions>
</trkpt>
<trkpt lat="58.64120451" lon="16.7660853">
<ele>61.9</ele>
<time>2026-03-22T11:11:06Z</time>
<extensions>
<tp1:TrackPointExtension>
<tp1:hr>163</tp1:hr>
</tp1:TrackPointExtension>
</extensions>
</trkpt>
<trkpt lat="58.64120359" lon="16.76602696">
<ele>62.3</ele>
<time>2026-03-22T11:11:07Z</time>
<extensions>
<tp1:TrackPointExtension>
<tp1:hr>163</tp1:hr>
</tp1:TrackPointExtension>
</extensions>
</trkpt>
<trkpt lat="58.6411952" lon="16.76596946">
<ele>62.5</ele>
<time>2026-03-22T11:11:08Z</time>
<extensions>
<tp1:TrackPointExtension>
<tp1:hr>163</tp1:hr>
</tp1:TrackPointExtension>
</extensions>
</trkpt>
<trkpt lat="58.64119076" lon="16.76592512">
<ele>62.7</ele>
<time>2026-03-22T11:11:09Z</time>
<extensions>
<tp1:TrackPointExtension>
<tp1:hr>163</tp1:hr>
</tp1:TrackPointExtension>
</extensions>
</trkpt>
<trkpt lat="58.64119001" lon="16.76587852">
<ele>62.9</ele>
<time>2026-03-22T11:11:10Z</time>
<extensions>
<tp1:TrackPointExtension>
<tp1:hr>163</tp1:hr>
</tp1:TrackPointExtension>
</extensions>
</trkpt>
<trkpt lat="58.64119831" lon="16.76582295">
<ele>63.1</ele>
<time>2026-03-22T11:11:11Z</time>
<extensions>
<tp1:TrackPointExtension>
<tp1:hr>163</tp1:hr>
</tp1:TrackPointExtension>
</extensions>
</trkpt>
<trkpt lat="58.6411999" lon="16.76575866">
<ele>63.3</ele>
<time>2026-03-22T11:11:12Z</time>
<extensions>
<tp1:TrackPointExtension>
<tp1:hr>163</tp1:hr>
</tp1:TrackPointExtension>
</extensions>
</trkpt>
<trkpt lat="58.64119001" lon="16.76571113">
<ele>63.3</ele>
<time>2026-03-22T11:11:13Z</time>
<extensions>
<tp1:TrackPointExtension>
<tp1:hr>162</tp1:hr>
</tp1:TrackPointExtension>
</extensions>
</trkpt>
<trkpt lat="58.64117593" lon="16.7656714">
<ele>63.5</ele>
<time>2026-03-22T11:11:14Z</time>
<extensions>
<tp1:TrackPointExtension>
<tp1:hr>163</tp1:hr>
</tp1:TrackPointExtension>
</extensions>
</trkpt>
<trkpt lat="58.6411512" lon="16.76564701">
<ele>63.5</ele>
<time>2026-03-22T11:11:15Z</time>
<extensions>
<tp1:TrackPointExtension>
<tp1:hr>163</tp1:hr>
</tp1:TrackPointExtension>
</extensions>
</trkpt>
<trkpt lat="58.64113117" lon="16.76562589">
<ele>63.5</ele>
<time>2026-03-22T11:11:16Z</time>
<extensions>
<tp1:TrackPointExtension>
<tp1:hr>163</tp1:hr>
</tp1:TrackPointExtension>
</extensions>
</trkpt>
<trkpt lat="58.64111323" lon="16.76556872">
<ele>63.7</ele>
<time>2026-03-22T11:11:17Z</time>
<extensions>
<tp1:TrackPointExtension>
<tp1:hr>163</tp1:hr>
</tp1:TrackPointExtension>
</extensions>
</trkpt>
<trkpt lat="58.64110921" lon="16.76552095">
<ele>63.9</ele>
<time>2026-03-22T11:11:18Z</time>
<extensions>
<tp1:TrackPointExtension>
<tp1:hr>164</tp1:hr>
</tp1:TrackPointExtension>
</extensions>
</trkpt>
<trkpt lat="58.64110074" lon="16.76547669">
<ele>64.1</ele>
<time>2026-03-22T11:11:19Z</time>
<extensions>
<tp1:TrackPointExtension>
<tp1:hr>164</tp1:hr>
</tp1:TrackPointExtension>
</extensions>
</trkpt>
<trkpt lat="58.64108758" lon="16.76544115">
<ele>64.1</ele>
<time>2026-03-22T11:11:20Z</time>
<extensions>
<tp1:TrackPointExtension>
<tp1:hr>164</tp1:hr>
</tp1:TrackPointExtension>
</extensions>
</trkpt>
<trkpt lat="58.64107509" lon="16.7654041">
<ele>64.1</ele>
<time>2026-03-22T11:11:21Z</time>
<extensions>
<tp1:TrackPointExtension>
<tp1:hr>164</tp1:hr>
</tp1:TrackPointExtension>
</extensions>
</trkpt>
<trkpt lat="58.64106294" lon="16.76534853">
<ele>63.7</ele>
<time>2026-03-22T11:11:22Z</time>
<extensions>
<tp1:TrackPointExtension>
<tp1:hr>164</tp1:hr>
</tp1:TrackPointExtension>
</extensions>
</trkpt>
<trkpt lat="58.64105397" lon="16.76530763">
<ele>63.5</ele>
<time>2026-03-22T11:11:23Z</time>
<extensions>
<tp1:TrackPointExtension>
<tp1:hr>165</tp1:hr>
</tp1:TrackPointExtension>
</extensions>
</trkpt>
<trkpt lat="58.64104408" lon="16.76526379">
<ele>63.1</ele>
<time>2026-03-22T11:11:24Z</time>
<extensions>
<tp1:TrackPointExtension>
<tp1:hr>164</tp1:hr>
</tp1:TrackPointExtension>
</extensions>
</trkpt>
<trkpt lat="58.64103469" lon="16.76522674">
<ele>62.7</ele>
<time>2026-03-22T11:11:25Z</time>
<extensions>
<tp1:TrackPointExtension>
<tp1:hr>164</tp1:hr>
</tp1:TrackPointExtension>
</extensions>
</trkpt>
<trkpt lat="58.64102639" lon="16.7651876">
<ele>62.3</ele>
<time>2026-03-22T11:11:26Z</time>
<extensions>
<tp1:TrackPointExtension>
<tp1:hr>165</tp1:hr>
</tp1:TrackPointExtension>
</extensions>
</trkpt>
<trkpt lat="58.64101592" lon="16.7651213">
<ele>61.9</ele>
<time>2026-03-22T11:11:27Z</time>
<extensions>
<tp1:TrackPointExtension>
<tp1:hr>164</tp1:hr>
</tp1:TrackPointExtension>
</extensions>
</trkpt>
<trkpt lat="58.64100644" lon="16.76506472">
<ele>61.3</ele>
<time>2026-03-22T11:11:28Z</time>
<extensions>
<tp1:TrackPointExtension>
<tp1:hr>164</tp1:hr>
</tp1:TrackPointExtension>
</extensions>
</trkpt>
<trkpt lat="58.64099454" lon="16.76502985">
<ele>61.3</ele>
<time>2026-03-22T11:11:29Z</time>
<extensions>
<tp1:TrackPointExtension>
<tp1:hr>164</tp1:hr>
</tp1:TrackPointExtension>
</extensions>
</trkpt>
<trkpt lat="58.64098063" lon="16.76499691">
<ele>61.1</ele>
<time>2026-03-22T11:11:30Z</time>
<extensions>
<tp1:TrackPointExtension>
<tp1:hr>164</tp1:hr>
</tp1:TrackPointExtension>
</extensions>
</trkpt>
<trkpt lat="58.64096353" lon="16.76497319">
<ele>61.1</ele>
<time>2026-03-22T11:11:31Z</time>
<extensions>
<tp1:TrackPointExtension>
<tp1:hr>163</tp1:hr>
</tp1:TrackPointExtension>
</extensions>
</trkpt>
<trkpt lat="58.64094635" lon="16.76492617">
<ele>61.1</ele>
<time>2026-03-22T11:11:32Z</time>
<extensions>
<tp1:TrackPointExtension>
<tp1:hr>163</tp1:hr>
</tp1:TrackPointExtension>
</extensions>
</trkpt>
<trkpt lat="58.64094224" lon="16.76486146">
<ele>61.1</ele>
<time>2026-03-22T11:11:33Z</time>
<extensions>
<tp1:TrackPointExtension>
<tp1:hr>163</tp1:hr>
</tp1:TrackPointExtension>
</extensions>
</trkpt>
<trkpt lat="58.64093243" lon="16.76482349">
<ele>60.9</ele>
<time>2026-03-22T11:11:34Z</time>
<extensions>
<tp1:TrackPointExtension>
<tp1:hr>163</tp1:hr>
</tp1:TrackPointExtension>
</extensions>
</trkpt>
<trkpt lat="58.64091986" lon="16.76477211">
<ele>60.9</ele>
<time>2026-03-22T11:11:35Z</time>
<extensions>
<tp1:TrackPointExtension>
<tp1:hr>164</tp1:hr>
</tp1:TrackPointExtension>
</extensions>
</trkpt>
<trkpt lat="58.64091089" lon="16.76472693">
<ele>60.9</ele>
<time>2026-03-22T11:11:36Z</time>
<extensions>
<tp1:TrackPointExtension>
<tp1:hr>164</tp1:hr>
</tp1:TrackPointExtension>
</extensions>
</trkpt>
<trkpt lat="58.64090293" lon="16.76468183">
<ele>60.9</ele>
<time>2026-03-22T11:11:37Z</time>
<extensions>
<tp1:TrackPointExtension>
<tp1:hr>164</tp1:hr>
</tp1:TrackPointExtension>
</extensions>
</trkpt>
<trkpt lat="58.64089555" lon="16.76463976">
<ele>60.7</ele>
<time>2026-03-22T11:11:38Z</time>
<extensions>
<tp1:TrackPointExtension>
<tp1:hr>164</tp1:hr>
</tp1:TrackPointExtension>
</extensions>
</trkpt>
<trkpt lat="58.64088709" lon="16.76459089">
<ele>60.7</ele>
<time>2026-03-22T11:11:39Z</time>
<extensions>
<tp1:TrackPointExtension>
<tp1:hr>164</tp1:hr>
</tp1:TrackPointExtension>
</extensions>
</trkpt>
<trkpt lat="58.64088558" lon="16.76453766">
<ele>60.7</ele>
<time>2026-03-22T11:11:40Z</time>
<extensions>
<tp1:TrackPointExtension>
<tp1:hr>164</tp1:hr>
</tp1:TrackPointExtension>
</extensions>
</trkpt>
<trkpt lat="58.64088709" lon="16.76448503">
<ele>60.9</ele>
<time>2026-03-22T11:11:41Z</time>
<extensions>
<tp1:TrackPointExtension>
<tp1:hr>164</tp1:hr>
</tp1:TrackPointExtension>
</extensions>
</trkpt>
<trkpt lat="58.64089119" lon="16.76444722">
<ele>60.9</ele>
<time>2026-03-22T11:11:42Z</time>
<extensions>
<tp1:TrackPointExtension>
<tp1:hr>164</tp1:hr>
</tp1:TrackPointExtension>
</extensions>
</trkpt>
<trkpt lat="58.6408974" lon="16.76441026">
<ele>61.1</ele>
<time>2026-03-22T11:11:43Z</time>
<extensions>
<tp1:TrackPointExtension>
<tp1:hr>165</tp1:hr>
</tp1:TrackPointExtension>
</extensions>
</trkpt>
<trkpt lat="58.64088759" lon="16.76439081">
<ele>61.1</ele>
<time>2026-03-22T11:11:44Z</time>
<extensions>
<tp1:TrackPointExtension>
<tp1:hr>165</tp1:hr>
</tp1:TrackPointExtension>
</extensions>
</trkpt>
<trkpt lat="58.64087502" lon="16.76436399">
<ele>61.1</ele>
<time>2026-03-22T11:11:45Z</time>
<extensions>
<tp1:TrackPointExtension>
<tp1:hr>165</tp1:hr>
</tp1:TrackPointExtension>
</extensions>
</trkpt>
<trkpt lat="58.6408611" lon="16.76433113">
<ele>60.9</ele>
<time>2026-03-22T11:11:46Z</time>
<extensions>
<tp1:TrackPointExtension>
<tp1:hr>165</tp1:hr>
</tp1:TrackPointExtension>
</extensions>
</trkpt>
<trkpt lat="58.64084518" lon="16.76428671">
<ele>60.9</ele>
<time>2026-03-22T11:11:47Z</time>
<extensions>
<tp1:TrackPointExtension>
<tp1:hr>164</tp1:hr>
</tp1:TrackPointExtension>
</extensions>
</trkpt>
<trkpt lat="58.64083244" lon="16.76424991">
<ele>61.1</ele>
<time>2026-03-22T11:11:48Z</time>
<extensions>
<tp1:TrackPointExtension>
<tp1:hr>165</tp1:hr>
</tp1:TrackPointExtension>
</extensions>
</trkpt>
<trkpt lat="58.64082171" lon="16.76421354">
<ele>61.1</ele>
<time>2026-03-22T11:11:49Z</time>
<extensions>
<tp1:TrackPointExtension>
<tp1:hr>164</tp1:hr>
</tp1:TrackPointExtension>
</extensions>
</trkpt>
<trkpt lat="58.6408098" lon="16.7641723">
<ele>61.3</ele>
<time>2026-03-22T11:11:50Z</time>
<extensions>
<tp1:TrackPointExtension>
<tp1:hr>164</tp1:hr>
</tp1:TrackPointExtension>
</extensions>
</trkpt>
<trkpt lat="58.64080301" lon="16.76412653">
<ele>61.3</ele>
<time>2026-03-22T11:11:51Z</time>
<extensions>
<tp1:TrackPointExtension>
<tp1:hr>164</tp1:hr>
</tp1:TrackPointExtension>
</extensions>
</trkpt>
<trkpt lat="58.64080117" lon="16.76407507">
<ele>61.3</ele>
<time>2026-03-22T11:11:52Z</time>
<extensions>
<tp1:TrackPointExtension>
<tp1:hr>163</tp1:hr>
</tp1:TrackPointExtension>
</extensions>
</trkpt>
<trkpt lat="58.64080167" lon="16.7640283">
<ele>61.3</ele>
<time>2026-03-22T11:11:53Z</time>
<extensions>
<tp1:TrackPointExtension>
<tp1:hr>163</tp1:hr>
</tp1:TrackPointExtension>
</extensions>
</trkpt>
<trkpt lat="58.64080134" lon="16.76398563">
<ele>61.3</ele>
<time>2026-03-22T11:11:54Z</time>
<extensions>
<tp1:TrackPointExtension>
<tp1:hr>162</tp1:hr>
</tp1:TrackPointExtension>
</extensions>
</trkpt>
<trkpt lat="58.6407974" lon="16.76395127">
<ele>61.3</ele>
<time>2026-03-22T11:11:55Z</time>
<extensions>
<tp1:TrackPointExtension>
<tp1:hr>163</tp1:hr>
</tp1:TrackPointExtension>
</extensions>
</trkpt>
<trkpt lat="58.6407922" lon="16.76390475">
<ele>61.1</ele>
<time>2026-03-22T11:11:56Z</time>
<extensions>
<tp1:TrackPointExtension>
<tp1:hr>163</tp1:hr>
</tp1:TrackPointExtension>
</extensions>
</trkpt>
<trkpt lat="58.64079438" lon="16.76384322">
<ele>61.1</ele>
<time>2026-03-22T11:11:57Z</time>
<extensions>
<tp1:TrackPointExtension>
<tp1:hr>163</tp1:hr>
</tp1:TrackPointExtension>
</extensions>
</trkpt>
<trkpt lat="58.64080586" lon="16.76378489">
<ele>61.1</ele>
<time>2026-03-22T11:11:58Z</time>
<extensions>
<tp1:TrackPointExtension>
<tp1:hr>163</tp1:hr>
</tp1:TrackPointExtension>
</extensions>
</trkpt>
<trkpt lat="58.64080553" lon="16.76373711">
<ele>60.9</ele>
<time>2026-03-22T11:11:59Z</time>
<extensions>
<tp1:TrackPointExtension>
<tp1:hr>163</tp1:hr>
</tp1:TrackPointExtension>
</extensions>
</trkpt>
<trkpt lat="58.64081911" lon="16.76367668">
<ele>60.9</ele>
<time>2026-03-22T11:12:00Z</time>
<extensions>
<tp1:TrackPointExtension>
<tp1:hr>163</tp1:hr>
</tp1:TrackPointExtension>
</extensions>
</trkpt>
<trkpt lat="58.6408259" lon="16.76361817">
<ele>60.7</ele>
<time>2026-03-22T11:12:01Z</time>
<extensions>
<tp1:TrackPointExtension>
<tp1:hr>163</tp1:hr>
</tp1:TrackPointExtension>
</extensions>
</trkpt>
<trkpt lat="58.64082187" lon="16.76356561">
<ele>60.7</ele>
<time>2026-03-22T11:12:02Z</time>
<extensions>
<tp1:TrackPointExtension>
<tp1:hr>163</tp1:hr>
</tp1:TrackPointExtension>
</extensions>
</trkpt>
<trkpt lat="58.64081022" lon="16.76351893">
<ele>60.7</ele>
<time>2026-03-22T11:12:03Z</time>
<extensions>
<tp1:TrackPointExtension>
<tp1:hr>163</tp1:hr>
</tp1:TrackPointExtension>
</extensions>
</trkpt>
<trkpt lat="58.64079312" lon="16.7634833">
<ele>60.7</ele>
<time>2026-03-22T11:12:04Z</time>
<extensions>
<tp1:TrackPointExtension>
<tp1:hr>163</tp1:hr>
</tp1:TrackPointExtension>
</extensions>
</trkpt>
<trkpt lat="58.64077678" lon="16.76344324">
<ele>60.7</ele>
<time>2026-03-22T11:12:05Z</time>
<extensions>
<tp1:TrackPointExtension>
<tp1:hr>162</tp1:hr>
</tp1:TrackPointExtension>
</extensions>
</trkpt>
<trkpt lat="58.64077024" lon="16.76343251">
<ele>60.7</ele>
<time>2026-03-22T11:12:06Z</time>
<extensions>
<tp1:TrackPointExtension>
<tp1:hr>163</tp1:hr>
</tp1:TrackPointExtension>
</extensions>
</trkpt>
<trkpt lat="58.64075197" lon="16.76340778">
<ele>60.7</ele>
<time>2026-03-22T11:12:07Z</time>
<extensions>
<tp1:TrackPointExtension>
<tp1:hr>163</tp1:hr>
</tp1:TrackPointExtension>
</extensions>
</trkpt>
<trkpt lat="58.64073152" lon="16.76337434">
<ele>60.7</ele>
<time>2026-03-22T11:12:08Z</time>
<extensions>
<tp1:TrackPointExtension>
<tp1:hr>162</tp1:hr>
</tp1:TrackPointExtension>
</extensions>
</trkpt>
<trkpt lat="58.6407145" lon="16.76335171">
<ele>60.7</ele>
<time>2026-03-22T11:12:09Z</time>
<extensions>
<tp1:TrackPointExtension>
<tp1:hr>162</tp1:hr>
</tp1:TrackPointExtension>
</extensions>
</trkpt>
<trkpt lat="58.64069522" lon="16.7633383">
<ele>60.7</ele>
<time>2026-03-22T11:12:10Z</time>
<extensions>
<tp1:TrackPointExtension>
<tp1:hr>162</tp1:hr>
</tp1:TrackPointExtension>
</extensions>
</trkpt>
<trkpt lat="58.64068315" lon="16.76333494">
<ele>60.7</ele>
<time>2026-03-22T11:12:11Z</time>
<extensions>
<tp1:TrackPointExtension>
<tp1:hr>162</tp1:hr>
</tp1:TrackPointExtension>
</extensions>
</trkpt>
<trkpt lat="58.64066564" lon="16.76333461">
<ele>60.7</ele>
<time>2026-03-22T11:12:12Z</time>
<extensions>
<tp1:TrackPointExtension>
<tp1:hr>163</tp1:hr>
</tp1:TrackPointExtension>
</extensions>
</trkpt>
<trkpt lat="58.64064552" lon="16.76331927">
<ele>60.9</ele>
<time>2026-03-22T11:12:13Z</time>
<extensions>
<tp1:TrackPointExtension>
<tp1:hr>162</tp1:hr>
</tp1:TrackPointExtension>
</extensions>
</trkpt>
<trkpt lat="58.64062716" lon="16.7633005">
<ele>60.9</ele>
<time>2026-03-22T11:12:14Z</time>
<extensions>
<tp1:TrackPointExtension>
<tp1:hr>162</tp1:hr>
</tp1:TrackPointExtension>
</extensions>
</trkpt>
<trkpt lat="58.64061157" lon="16.76327024">
<ele>60.9</ele>
<time>2026-03-22T11:12:15Z</time>
<extensions>
<tp1:TrackPointExtension>
<tp1:hr>162</tp1:hr>
</tp1:TrackPointExtension>
</extensions>
</trkpt>
<trkpt lat="58.64061115" lon="16.76323218">
<ele>60.9</ele>
<time>2026-03-22T11:12:16Z</time>
<extensions>
<tp1:TrackPointExtension>
<tp1:hr>163</tp1:hr>
</tp1:TrackPointExtension>
</extensions>
</trkpt>
<trkpt lat="58.64061451" lon="16.76318055">
<ele>60.7</ele>
<time>2026-03-22T11:12:17Z</time>
<extensions>
<tp1:TrackPointExtension>
<tp1:hr>162</tp1:hr>
</tp1:TrackPointExtension>
</extensions>
</trkpt>
<trkpt lat="58.64061601" lon="16.76314183">
<ele>60.6</ele>
<time>2026-03-22T11:12:18Z</time>
<extensions>
<tp1:TrackPointExtension>
<tp1:hr>162</tp1:hr>
</tp1:TrackPointExtension>
</extensions>
</trkpt>
<trkpt lat="58.64061518" lon="16.76310184">
<ele>60.6</ele>
<time>2026-03-22T11:12:19Z</time>
<extensions>
<tp1:TrackPointExtension>
<tp1:hr>162</tp1:hr>
</tp1:TrackPointExtension>
</extensions>
</trkpt>
<trkpt lat="58.64061199" lon="16.76305373">
<ele>60.4</ele>
<time>2026-03-22T11:12:20Z</time>
<extensions>
<tp1:TrackPointExtension>
<tp1:hr>162</tp1:hr>
</tp1:TrackPointExtension>
</extensions>
</trkpt>
<trkpt lat="58.64060336" lon="16.76300051">
<ele>60.4</ele>
<time>2026-03-22T11:12:21Z</time>
<extensions>
<tp1:TrackPointExtension>
<tp1:hr>162</tp1:hr>
</tp1:TrackPointExtension>
</extensions>
</trkpt>
<trkpt lat="58.64059363" lon="16.76296254">
<ele>60.4</ele>
<time>2026-03-22T11:12:22Z</time>
<extensions>
<tp1:TrackPointExtension>
<tp1:hr>162</tp1:hr>
</tp1:TrackPointExtension>
</extensions>
</trkpt>
<trkpt lat="58.64058441" lon="16.76292448">
<ele>60.6</ele>
<time>2026-03-22T11:12:23Z</time>
<extensions>
<tp1:TrackPointExtension>
<tp1:hr>162</tp1:hr>
</tp1:TrackPointExtension>
</extensions>
</trkpt>
<trkpt lat="58.64057385" lon="16.76288551">
<ele>60.6</ele>
<time>2026-03-22T11:12:24Z</time>
<extensions>
<tp1:TrackPointExtension>
<tp1:hr>161</tp1:hr>
</tp1:TrackPointExtension>
</extensions>
</trkpt>
<trkpt lat="58.64056145" lon="16.76284796">
<ele>60.8</ele>
<time>2026-03-22T11:12:25Z</time>
<extensions>
<tp1:TrackPointExtension>
<tp1:hr>162</tp1:hr>
</tp1:TrackPointExtension>
</extensions>
</trkpt>
<trkpt lat="58.64054125" lon="16.76280697">
<ele>60.8</ele>
<time>2026-03-22T11:12:26Z</time>
<extensions>
<tp1:TrackPointExtension>
<tp1:hr>162</tp1:hr>
</tp1:TrackPointExtension>
</extensions>
</trkpt>
<trkpt lat="58.6405208" lon="16.76275534">
<ele>61.0</ele>
<time>2026-03-22T11:12:27Z</time>
<extensions>
<tp1:TrackPointExtension>
<tp1:hr>162</tp1:hr>
</tp1:TrackPointExtension>
</extensions>
</trkpt>
<trkpt lat="58.64050479" lon="16.76270396">
<ele>60.8</ele>
<time>2026-03-22T11:12:28Z</time>
<extensions>
<tp1:TrackPointExtension>
<tp1:hr>161</tp1:hr>
</tp1:TrackPointExtension>
</extensions>
</trkpt>
<trkpt lat="58.64050169" lon="16.76265987">
<ele>60.6</ele>
<time>2026-03-22T11:12:29Z</time>
<extensions>
<tp1:TrackPointExtension>
<tp1:hr>161</tp1:hr>
</tp1:TrackPointExtension>
</extensions>
</trkpt>
<trkpt lat="58.64048769" lon="16.7626017">
<ele>60.6</ele>
<time>2026-03-22T11:12:30Z</time>
<extensions>
<tp1:TrackPointExtension>
<tp1:hr>161</tp1:hr>
</tp1:TrackPointExtension>
</extensions>
</trkpt>
<trkpt lat="58.64048132" lon="16.76255132">
<ele>60.4</ele>
<time>2026-03-22T11:12:31Z</time>
<extensions>
<tp1:TrackPointExtension>
<tp1:hr>161</tp1:hr>
</tp1:TrackPointExtension>
</extensions>
</trkpt>
<trkpt lat="58.64047444" lon="16.76251436">
<ele>60.6</ele>
<time>2026-03-22T11:12:32Z</time>
<extensions>
<tp1:TrackPointExtension>
<tp1:hr>161</tp1:hr>
</tp1:TrackPointExtension>
</extensions>
</trkpt>
<trkpt lat="58.64046942" lon="16.76244655">
<ele>60.6</ele>
<time>2026-03-22T11:12:33Z</time>
<extensions>
<tp1:TrackPointExtension>
<tp1:hr>161</tp1:hr>
</tp1:TrackPointExtension>
</extensions>
</trkpt>
<trkpt lat="58.64046304" lon="16.76240497">
<ele>60.8</ele>
<time>2026-03-22T11:12:34Z</time>
<extensions>
<tp1:TrackPointExtension>
<tp1:hr>160</tp1:hr>
</tp1:TrackPointExtension>
</extensions>
</trkpt>
<trkpt lat="58.64044972" lon="16.7623727">
<ele>61.0</ele>
<time>2026-03-22T11:12:35Z</time>
<extensions>
<tp1:TrackPointExtension>
<tp1:hr>160</tp1:hr>
</tp1:TrackPointExtension>
</extensions>
</trkpt>
<trkpt lat="58.6404436" lon="16.76233046">
<ele>60.8</ele>
<time>2026-03-22T11:12:36Z</time>
<extensions>
<tp1:TrackPointExtension>
<tp1:hr>160</tp1:hr>
</tp1:TrackPointExtension>
</extensions>
</trkpt>
<trkpt lat="58.64043714" lon="16.76227019">
<ele>60.8</ele>
<time>2026-03-22T11:12:37Z</time>
<extensions>
<tp1:TrackPointExtension>
<tp1:hr>159</tp1:hr>
</tp1:TrackPointExtension>
</extensions>
</trkpt>
<trkpt lat="58.64042767" lon="16.76219911">
<ele>60.4</ele>
<time>2026-03-22T11:12:38Z</time>
<extensions>
<tp1:TrackPointExtension>
<tp1:hr>159</tp1:hr>
</tp1:TrackPointExtension>
</extensions>
</trkpt>
<trkpt lat="58.64041585" lon="16.76213918">
<ele>60.2</ele>
<time>2026-03-22T11:12:39Z</time>
<extensions>
<tp1:TrackPointExtension>
<tp1:hr>159</tp1:hr>
</tp1:TrackPointExtension>
</extensions>
</trkpt>
<trkpt lat="58.6404089" lon="16.76209694">
<ele>59.8</ele>
<time>2026-03-22T11:12:40Z</time>
<extensions>
<tp1:TrackPointExtension>
<tp1:hr>160</tp1:hr>
</tp1:TrackPointExtension>
</extensions>
</trkpt>
<trkpt lat="58.64039607" lon="16.76204463">
<ele>59.4</ele>
<time>2026-03-22T11:12:41Z</time>
<extensions>
<tp1:TrackPointExtension>
<tp1:hr>160</tp1:hr>
</tp1:TrackPointExtension>
</extensions>
</trkpt>
<trkpt lat="58.64038769" lon="16.76199803">
<ele>59.0</ele>
<time>2026-03-22T11:12:42Z</time>
<extensions>
<tp1:TrackPointExtension>
<tp1:hr>161</tp1:hr>
</tp1:TrackPointExtension>
</extensions>
</trkpt>
<trkpt lat="58.64038702" lon="16.76193877">
<ele>58.8</ele>
<time>2026-03-22T11:12:43Z</time>
<extensions>
<tp1:TrackPointExtension>
<tp1:hr>161</tp1:hr>
</tp1:TrackPointExtension>
</extensions>
</trkpt>
<trkpt lat="58.64039549" lon="16.76190047">
<ele>58.6</ele>
<time>2026-03-22T11:12:44Z</time>
<extensions>
<tp1:TrackPointExtension>
<tp1:hr>162</tp1:hr>
</tp1:TrackPointExtension>
</extensions>
</trkpt>
<trkpt lat="58.64039909" lon="16.76185411">
<ele>58.4</ele>
<time>2026-03-22T11:12:45Z</time>
<extensions>
<tp1:TrackPointExtension>
<tp1:hr>162</tp1:hr>
</tp1:TrackPointExtension>
</extensions>
</trkpt>
<trkpt lat="58.64040043" lon="16.76180148">
<ele>58.2</ele>
<time>2026-03-22T11:12:46Z</time>
<extensions>
<tp1:TrackPointExtension>
<tp1:hr>162</tp1:hr>
</tp1:TrackPointExtension>
</extensions>
</trkpt>
<trkpt lat="58.64040513" lon="16.76173685">
<ele>58.2</ele>
<time>2026-03-22T11:12:47Z</time>
<extensions>
<tp1:TrackPointExtension>
<tp1:hr>162</tp1:hr>
</tp1:TrackPointExtension>
</extensions>
</trkpt>
<trkpt lat="58.64040228" lon="16.76167038">
<ele>58.2</ele>
<time>2026-03-22T11:12:48Z</time>
<extensions>
<tp1:TrackPointExtension>
<tp1:hr>162</tp1:hr>
</tp1:TrackPointExtension>
</extensions>
</trkpt>
<trkpt lat="58.64040169" lon="16.7616413">
<ele>58.2</ele>
<time>2026-03-22T11:12:49Z</time>
<extensions>
<tp1:TrackPointExtension>
<tp1:hr>162</tp1:hr>
</tp1:TrackPointExtension>
</extensions>
</trkpt>
<trkpt lat="58.64039171" lon="16.76159377">
<ele>58.2</ele>
<time>2026-03-22T11:12:50Z</time>
<extensions>
<tp1:TrackPointExtension>
<tp1:hr>162</tp1:hr>
</tp1:TrackPointExtension>
</extensions>
</trkpt>
<trkpt lat="58.64038124" lon="16.76154021">
<ele>58.0</ele>
<time>2026-03-22T11:12:51Z</time>
<extensions>
<tp1:TrackPointExtension>
<tp1:hr>162</tp1:hr>
</tp1:TrackPointExtension>
</extensions>
</trkpt>
<trkpt lat="58.64036632" lon="16.76148766">
<ele>57.8</ele>
<time>2026-03-22T11:12:52Z</time>
<extensions>
<tp1:TrackPointExtension>
<tp1:hr>162</tp1:hr>
</tp1:TrackPointExtension>
</extensions>
</trkpt>
<trkpt lat="58.64034696" lon="16.76144617">
<ele>57.6</ele>
<time>2026-03-22T11:12:53Z</time>
<extensions>
<tp1:TrackPointExtension>
<tp1:hr>162</tp1:hr>
</tp1:TrackPointExtension>
</extensions>
</trkpt>
<trkpt lat="58.64032826" lon="16.76140283">
<ele>57.6</ele>
<time>2026-03-22T11:12:54Z</time>
<extensions>
<tp1:TrackPointExtension>
<tp1:hr>162</tp1:hr>
</tp1:TrackPointExtension>
</extensions>
</trkpt>
<trkpt lat="58.6403084" lon="16.76135262">
<ele>57.6</ele>
<time>2026-03-22T11:12:55Z</time>
<extensions>
<tp1:TrackPointExtension>
<tp1:hr>162</tp1:hr>
</tp1:TrackPointExtension>
</extensions>
</trkpt>
<trkpt lat="58.64028661" lon="16.76130887">
<ele>57.8</ele>
<time>2026-03-22T11:12:56Z</time>
<extensions>
<tp1:TrackPointExtension>
<tp1:hr>161</tp1:hr>
</tp1:TrackPointExtension>
</extensions>
</trkpt>
<trkpt lat="58.64026649" lon="16.76127576">
<ele>57.8</ele>
<time>2026-03-22T11:12:57Z</time>
<extensions>
<tp1:TrackPointExtension>
<tp1:hr>162</tp1:hr>
</tp1:TrackPointExtension>
</extensions>
</trkpt>
<trkpt lat="58.64024369" lon="16.76125405">
<ele>58.0</ele>
<time>2026-03-22T11:12:58Z</time>
<extensions>
<tp1:TrackPointExtension>
<tp1:hr>162</tp1:hr>
</tp1:TrackPointExtension>
</extensions>
</trkpt>
<trkpt lat="58.64022525" lon="16.76124299">
<ele>58.2</ele>
<time>2026-03-22T11:12:59Z</time>
<extensions>
<tp1:TrackPointExtension>
<tp1:hr>162</tp1:hr>
</tp1:TrackPointExtension>
</extensions>
</trkpt>
<trkpt lat="58.64020756" lon="16.76123528">
<ele>58.4</ele>
<time>2026-03-22T11:13:00Z</time>
<extensions>
<tp1:TrackPointExtension>
<tp1:hr>161</tp1:hr>
</tp1:TrackPointExtension>
</extensions>
</trkpt>
<trkpt lat="58.64019466" lon="16.76122153">
<ele>58.6</ele>
<time>2026-03-22T11:13:01Z</time>
<extensions>
<tp1:TrackPointExtension>
<tp1:hr>162</tp1:hr>
</tp1:TrackPointExtension>
</extensions>
</trkpt>
<trkpt lat="58.64017596" lon="16.76121977">
<ele>58.8</ele>
<time>2026-03-22T11:13:02Z</time>
<extensions>
<tp1:TrackPointExtension>
<tp1:hr>163</tp1:hr>
</tp1:TrackPointExtension>
</extensions>
</trkpt>
<trkpt lat="58.64015451" lon="16.76122438">
<ele>58.8</ele>
<time>2026-03-22T11:13:03Z</time>
<extensions>
<tp1:TrackPointExtension>
<tp1:hr>163</tp1:hr>
</tp1:TrackPointExtension>
</extensions>
</trkpt>
<trkpt lat="58.64013783" lon="16.76123109">
<ele>59.0</ele>
<time>2026-03-22T11:13:04Z</time>
<extensions>
<tp1:TrackPointExtension>
<tp1:hr>163</tp1:hr>
</tp1:TrackPointExtension>
</extensions>
</trkpt>
<trkpt lat="58.64011763" lon="16.76123603">
<ele>59.2</ele>
<time>2026-03-22T11:13:05Z</time>
<extensions>
<tp1:TrackPointExtension>
<tp1:hr>162</tp1:hr>
</tp1:TrackPointExtension>
</extensions>
</trkpt>
<trkpt lat="58.64009265" lon="16.76124106">
<ele>59.4</ele>
<time>2026-03-22T11:13:06Z</time>
<extensions>
<tp1:TrackPointExtension>
<tp1:hr>162</tp1:hr>
</tp1:TrackPointExtension>
</extensions>
</trkpt>
<trkpt lat="58.64007019" lon="16.76125548">
<ele>59.4</ele>
<time>2026-03-22T11:13:07Z</time>
<extensions>
<tp1:TrackPointExtension>
<tp1:hr>162</tp1:hr>
</tp1:TrackPointExtension>
</extensions>
</trkpt>
<trkpt lat="58.64003506" lon="16.76126151">
<ele>59.4</ele>
<time>2026-03-22T11:13:08Z</time>
<extensions>
<tp1:TrackPointExtension>
<tp1:hr>162</tp1:hr>
</tp1:TrackPointExtension>
</extensions>
</trkpt>
<trkpt lat="58.64000523" lon="16.76127006">
<ele>59.2</ele>
<time>2026-03-22T11:13:09Z</time>
<extensions>
<tp1:TrackPointExtension>
<tp1:hr>162</tp1:hr>
</tp1:TrackPointExtension>
</extensions>
</trkpt>
<trkpt lat="58.63998083" lon="16.76129144">
<ele>58.8</ele>
<time>2026-03-22T11:13:10Z</time>
<extensions>
<tp1:TrackPointExtension>
<tp1:hr>162</tp1:hr>
</tp1:TrackPointExtension>
</extensions>
</trkpt>
<trkpt lat="58.63994798" lon="16.76131801">
<ele>58.4</ele>
<time>2026-03-22T11:13:11Z</time>
<extensions>
<tp1:TrackPointExtension>
<tp1:hr>163</tp1:hr>
</tp1:TrackPointExtension>
</extensions>
</trkpt>
<trkpt lat="58.63991621" lon="16.76135288">
<ele>58.2</ele>
<time>2026-03-22T11:13:12Z</time>
<extensions>
<tp1:TrackPointExtension>
<tp1:hr>162</tp1:hr>
</tp1:TrackPointExtension>
</extensions>
</trkpt>
<trkpt lat="58.63989433" lon="16.76138724">
<ele>58.0</ele>
<time>2026-03-22T11:13:13Z</time>
<extensions>
<tp1:TrackPointExtension>
<tp1:hr>162</tp1:hr>
</tp1:TrackPointExtension>
</extensions>
</trkpt>
<trkpt lat="58.63986768" lon="16.76144374">
<ele>57.8</ele>
<time>2026-03-22T11:13:14Z</time>
<extensions>
<tp1:TrackPointExtension>
<tp1:hr>163</tp1:hr>
</tp1:TrackPointExtension>
</extensions>
</trkpt>
<trkpt lat="58.63984396" lon="16.76149461">
<ele>57.6</ele>
<time>2026-03-22T11:13:15Z</time>
<extensions>
<tp1:TrackPointExtension>
<tp1:hr>162</tp1:hr>
</tp1:TrackPointExtension>
</extensions>
</trkpt>
<trkpt lat="58.63981864" lon="16.76152848">
<ele>57.6</ele>
<time>2026-03-22T11:13:16Z</time>
<extensions>
<tp1:TrackPointExtension>
<tp1:hr>162</tp1:hr>
</tp1:TrackPointExtension>
</extensions>
</trkpt>
<trkpt lat="58.6397847" lon="16.76156192">
<ele>57.8</ele>
<time>2026-03-22T11:13:17Z</time>
<extensions>
<tp1:TrackPointExtension>
<tp1:hr>162</tp1:hr>
</tp1:TrackPointExtension>
</extensions>
</trkpt>
<trkpt lat="58.63975746" lon="16.76159101">
<ele>57.8</ele>
<time>2026-03-22T11:13:18Z</time>
<extensions>
<tp1:TrackPointExtension>
<tp1:hr>163</tp1:hr>
</tp1:TrackPointExtension>
</extensions>
</trkpt>
<trkpt lat="58.63973332" lon="16.76162235">
<ele>57.8</ele>
<time>2026-03-22T11:13:19Z</time>
<extensions>
<tp1:TrackPointExtension>
<tp1:hr>163</tp1:hr>
</tp1:TrackPointExtension>
</extensions>
</trkpt>
<trkpt lat="58.63971069" lon="16.76163845">
<ele>58.0</ele>
<time>2026-03-22T11:13:20Z</time>
<extensions>
<tp1:TrackPointExtension>
<tp1:hr>163</tp1:hr>
</tp1:TrackPointExtension>
</extensions>
</trkpt>
<trkpt lat="58.63968043" lon="16.76166552">
<ele>58.0</ele>
<time>2026-03-22T11:13:21Z</time>
<extensions>
<tp1:TrackPointExtension>
<tp1:hr>163</tp1:hr>
</tp1:TrackPointExtension>
</extensions>
</trkpt>
<trkpt lat="58.63964061" lon="16.76169503">
<ele>57.8</ele>
<time>2026-03-22T11:13:22Z</time>
<extensions>
<tp1:TrackPointExtension>
<tp1:hr>164</tp1:hr>
</tp1:TrackPointExtension>
</extensions>
</trkpt>
<trkpt lat="58.63961631" lon="16.7617164">
<ele>57.8</ele>
<time>2026-03-22T11:13:23Z</time>
<extensions>
<tp1:TrackPointExtension>
<tp1:hr>164</tp1:hr>
</tp1:TrackPointExtension>
</extensions>
</trkpt>
<trkpt lat="58.63959233" lon="16.76175185">
<ele>57.6</ele>
<time>2026-03-22T11:13:24Z</time>
<extensions>
<tp1:TrackPointExtension>
<tp1:hr>164</tp1:hr>
</tp1:TrackPointExtension>
</extensions>
</trkpt>
<trkpt lat="58.63957037" lon="16.76178186">
<ele>57.4</ele>
<time>2026-03-22T11:13:25Z</time>
<extensions>
<tp1:TrackPointExtension>
<tp1:hr>164</tp1:hr>
</tp1:TrackPointExtension>
</extensions>
</trkpt>
<trkpt lat="58.63955285" lon="16.76181723">
<ele>57.2</ele>
<time>2026-03-22T11:13:26Z</time>
<extensions>
<tp1:TrackPointExtension>
<tp1:hr>165</tp1:hr>
</tp1:TrackPointExtension>
</extensions>
</trkpt>
<trkpt lat="58.63953014" lon="16.76185512">
<ele>57.0</ele>
<time>2026-03-22T11:13:27Z</time>
<extensions>
<tp1:TrackPointExtension>
<tp1:hr>165</tp1:hr>
</tp1:TrackPointExtension>
</extensions>
</trkpt>
<trkpt lat="58.63950298" lon="16.76189619">
<ele>57.0</ele>
<time>2026-03-22T11:13:28Z</time>
<extensions>
<tp1:TrackPointExtension>
<tp1:hr>165</tp1:hr>
</tp1:TrackPointExtension>
</extensions>
</trkpt>
<trkpt lat="58.63948018" lon="16.7619495">
<ele>56.8</ele>
<time>2026-03-22T11:13:29Z</time>
<extensions>
<tp1:TrackPointExtension>
<tp1:hr>165</tp1:hr>
</tp1:TrackPointExtension>
</extensions>
</trkpt>
<trkpt lat="58.63946082" lon="16.76198328">
<ele>56.4</ele>
<time>2026-03-22T11:13:30Z</time>
<extensions>
<tp1:TrackPointExtension>
<tp1:hr>165</tp1:hr>
</tp1:TrackPointExtension>
</extensions>
</trkpt>
<trkpt lat="58.63943257" lon="16.76201153">
<ele>56.0</ele>
<time>2026-03-22T11:13:31Z</time>
<extensions>
<tp1:TrackPointExtension>
<tp1:hr>165</tp1:hr>
</tp1:TrackPointExtension>
</extensions>
</trkpt>
<trkpt lat="58.63939477" lon="16.76202762">
<ele>55.8</ele>
<time>2026-03-22T11:13:32Z</time>
<extensions>
<tp1:TrackPointExtension>
<tp1:hr>164</tp1:hr>
</tp1:TrackPointExtension>
</extensions>
</trkpt>
<trkpt lat="58.63937306" lon="16.76205277">
<ele>55.6</ele>
<time>2026-03-22T11:13:33Z</time>
<extensions>
<tp1:TrackPointExtension>
<tp1:hr>165</tp1:hr>
</tp1:TrackPointExtension>
</extensions>
</trkpt>
<trkpt lat="58.63934767" lon="16.76206768">
<ele>55.6</ele>
<time>2026-03-22T11:13:34Z</time>
<extensions>
<tp1:TrackPointExtension>
<tp1:hr>165</tp1:hr>
</tp1:TrackPointExtension>
</extensions>
</trkpt>
<trkpt lat="58.6393185" lon="16.76206978">
<ele>55.8</ele>
<time>2026-03-22T11:13:35Z</time>
<extensions>
<tp1:TrackPointExtension>
<tp1:hr>165</tp1:hr>
</tp1:TrackPointExtension>
</extensions>
</trkpt>
<trkpt lat="58.63928773" lon="16.76206299">
<ele>55.8</ele>
<time>2026-03-22T11:13:36Z</time>
<extensions>
<tp1:TrackPointExtension>
<tp1:hr>165</tp1:hr>
</tp1:TrackPointExtension>
</extensions>
</trkpt>
<trkpt lat="58.63927005" lon="16.76205168">
<ele>55.8</ele>
<time>2026-03-22T11:13:37Z</time>
<extensions>
<tp1:TrackPointExtension>
<tp1:hr>164</tp1:hr>
</tp1:TrackPointExtension>
</extensions>
</trkpt>
<trkpt lat="58.63923971" lon="16.76204707">
<ele>55.8</ele>
<time>2026-03-22T11:13:38Z</time>
<extensions>
<tp1:TrackPointExtension>
<tp1:hr>165</tp1:hr>
</tp1:TrackPointExtension>
</extensions>
</trkpt>
<trkpt lat="58.63921347" lon="16.76204631">
<ele>55.6</ele>
<time>2026-03-22T11:13:39Z</time>
<extensions>
<tp1:TrackPointExtension>
<tp1:hr>165</tp1:hr>
</tp1:TrackPointExtension>
</extensions>
</trkpt>
<trkpt lat="58.63917726" lon="16.76203424">
<ele>55.6</ele>
<time>2026-03-22T11:13:40Z</time>
<extensions>
<tp1:TrackPointExtension>
<tp1:hr>165</tp1:hr>
</tp1:TrackPointExtension>
</extensions>
</trkpt>
<trkpt lat="58.63914968" lon="16.7620293">
<ele>55.6</ele>
<time>2026-03-22T11:13:41Z</time>
<extensions>
<tp1:TrackPointExtension>
<tp1:hr>164</tp1:hr>
</tp1:TrackPointExtension>
</extensions>
</trkpt>
<trkpt lat="58.63912345" lon="16.76202946">
<ele>55.6</ele>
<time>2026-03-22T11:13:42Z</time>
<extensions>
<tp1:TrackPointExtension>
<tp1:hr>164</tp1:hr>
</tp1:TrackPointExtension>
</extensions>
</trkpt>
<trkpt lat="58.63909026" lon="16.76202888">
<ele>55.4</ele>
<time>2026-03-22T11:13:43Z</time>
<extensions>
<tp1:TrackPointExtension>
<tp1:hr>164</tp1:hr>
</tp1:TrackPointExtension>
</extensions>
</trkpt>
<trkpt lat="58.6390631" lon="16.76203198">
<ele>55.6</ele>
<time>2026-03-22T11:13:44Z</time>
<extensions>
<tp1:TrackPointExtension>
<tp1:hr>164</tp1:hr>
</tp1:TrackPointExtension>
</extensions>
</trkpt>
<trkpt lat="58.63903661" lon="16.76203332">
<ele>55.6</ele>
<time>2026-03-22T11:13:45Z</time>
<extensions>
<tp1:TrackPointExtension>
<tp1:hr>164</tp1:hr>
</tp1:TrackPointExtension>
</extensions>
</trkpt>
<trkpt lat="58.6390077" lon="16.7620277">
<ele>55.6</ele>
<time>2026-03-22T11:13:46Z</time>
<extensions>
<tp1:TrackPointExtension>
<tp1:hr>164</tp1:hr>
</tp1:TrackPointExtension>
</extensions>
</trkpt>
<trkpt lat="58.63897693" lon="16.76202083">
<ele>55.6</ele>
<time>2026-03-22T11:13:47Z</time>
<extensions>
<tp1:TrackPointExtension>
<tp1:hr>164</tp1:hr>
</tp1:TrackPointExtension>
</extensions>
</trkpt>
<trkpt lat="58.63895003" lon="16.7620251">
<ele>55.8</ele>
<time>2026-03-22T11:13:48Z</time>
<extensions>
<tp1:TrackPointExtension>
<tp1:hr>164</tp1:hr>
</tp1:TrackPointExtension>
</extensions>
</trkpt>
<trkpt lat="58.63892505" lon="16.76202837">
<ele>56.0</ele>
<time>2026-03-22T11:13:49Z</time>
<extensions>
<tp1:TrackPointExtension>
<tp1:hr>164</tp1:hr>
</tp1:TrackPointExtension>
</extensions>
</trkpt>
<trkpt lat="58.63890166" lon="16.76203751">
<ele>56.2</ele>
<time>2026-03-22T11:13:50Z</time>
<extensions>
<tp1:TrackPointExtension>
<tp1:hr>163</tp1:hr>
</tp1:TrackPointExtension>
</extensions>
</trkpt>
<trkpt lat="58.63888239" lon="16.76206408">
<ele>56.6</ele>
<time>2026-03-22T11:13:51Z</time>
<extensions>
<tp1:TrackPointExtension>
<tp1:hr>163</tp1:hr>
</tp1:TrackPointExtension>
</extensions>
</trkpt>
<trkpt lat="58.63886948" lon="16.76208453">
<ele>56.8</ele>
<time>2026-03-22T11:13:52Z</time>
<extensions>
<tp1:TrackPointExtension>
<tp1:hr>163</tp1:hr>
</tp1:TrackPointExtension>
</extensions>
</trkpt>
<trkpt lat="58.63884936" lon="16.7621049">
<ele>57.2</ele>
<time>2026-03-22T11:13:53Z</time>
<extensions>
<tp1:TrackPointExtension>
<tp1:hr>164</tp1:hr>
</tp1:TrackPointExtension>
</extensions>
</trkpt>
<trkpt lat="58.6388191" lon="16.76211228">
<ele>57.2</ele>
<time>2026-03-22T11:13:54Z</time>
<extensions>
<tp1:TrackPointExtension>
<tp1:hr>164</tp1:hr>
</tp1:TrackPointExtension>
</extensions>
</trkpt>
<trkpt lat="58.63879044" lon="16.76212988">
<ele>57.3</ele>
<time>2026-03-22T11:13:55Z</time>
<extensions>
<tp1:TrackPointExtension>
<tp1:hr>164</tp1:hr>
</tp1:TrackPointExtension>
</extensions>
</trkpt>
<trkpt lat="58.63876563" lon="16.7621427">
<ele>57.3</ele>
<time>2026-03-22T11:13:56Z</time>
<extensions>
<tp1:TrackPointExtension>
<tp1:hr>163</tp1:hr>
</tp1:TrackPointExtension>
</extensions>
</trkpt>
<trkpt lat="58.6387518" lon="16.76216131">
<ele>57.5</ele>
<time>2026-03-22T11:13:57Z</time>
<extensions>
<tp1:TrackPointExtension>
<tp1:hr>164</tp1:hr>
</tp1:TrackPointExtension>
</extensions>
</trkpt>
<trkpt lat="58.63873235" lon="16.76217556">
<ele>57.7</ele>
<time>2026-03-22T11:13:58Z</time>
<extensions>
<tp1:TrackPointExtension>
<tp1:hr>163</tp1:hr>
</tp1:TrackPointExtension>
</extensions>
</trkpt>
<trkpt lat="58.6387181" lon="16.76218109">
<ele>58.1</ele>
<time>2026-03-22T11:13:59Z</time>
<extensions>
<tp1:TrackPointExtension>
<tp1:hr>163</tp1:hr>
</tp1:TrackPointExtension>
</extensions>
</trkpt>
<trkpt lat="58.63869597" lon="16.76217313">
<ele>58.7</ele>
<time>2026-03-22T11:14:00Z</time>
<extensions>
<tp1:TrackPointExtension>
<tp1:hr>163</tp1:hr>
</tp1:TrackPointExtension>
</extensions>
</trkpt>
<trkpt lat="58.63868038" lon="16.76214932">
<ele>59.1</ele>
<time>2026-03-22T11:14:01Z</time>
<extensions>
<tp1:TrackPointExtension>
<tp1:hr>163</tp1:hr>
</tp1:TrackPointExtension>
</extensions>
</trkpt>
<trkpt lat="58.63865348" lon="16.76212552">
<ele>59.5</ele>
<time>2026-03-22T11:14:02Z</time>
<extensions>
<tp1:TrackPointExtension>
<tp1:hr>163</tp1:hr>
</tp1:TrackPointExtension>
</extensions>
</trkpt>
<trkpt lat="58.63862707" lon="16.76212309">
<ele>59.7</ele>
<time>2026-03-22T11:14:03Z</time>
<extensions>
<tp1:TrackPointExtension>
<tp1:hr>164</tp1:hr>
</tp1:TrackPointExtension>
</extensions>
</trkpt>
<trkpt lat="58.63861592" lon="16.76213047">
<ele>59.9</ele>
<time>2026-03-22T11:14:04Z</time>
<extensions>
<tp1:TrackPointExtension>
<tp1:hr>164</tp1:hr>
</tp1:TrackPointExtension>
</extensions>
</trkpt>
<trkpt lat="58.63859648" lon="16.76214245">
<ele>60.3</ele>
<time>2026-03-22T11:14:05Z</time>
<extensions>
<tp1:TrackPointExtension>
<tp1:hr>164</tp1:hr>
</tp1:TrackPointExtension>
</extensions>
</trkpt>
<trkpt lat="58.63857913" lon="16.76213625">
<ele>60.5</ele>
<time>2026-03-22T11:14:06Z</time>
<extensions>
<tp1:TrackPointExtension>
<tp1:hr>164</tp1:hr>
</tp1:TrackPointExtension>
</extensions>
</trkpt>
<trkpt lat="58.63856605" lon="16.76214061">
<ele>60.7</ele>
<time>2026-03-22T11:14:07Z</time>
<extensions>
<tp1:TrackPointExtension>
<tp1:hr>165</tp1:hr>
</tp1:TrackPointExtension>
</extensions>
</trkpt>
<trkpt lat="58.63855038" lon="16.7621339">
<ele>61.1</ele>
<time>2026-03-22T11:14:08Z</time>
<extensions>
<tp1:TrackPointExtension>
<tp1:hr>165</tp1:hr>
</tp1:TrackPointExtension>
</extensions>
</trkpt>
<trkpt lat="58.63853286" lon="16.76212359">
<ele>61.3</ele>
<time>2026-03-22T11:14:09Z</time>
<extensions>
<tp1:TrackPointExtension>
<tp1:hr>165</tp1:hr>
</tp1:TrackPointExtension>
</extensions>
</trkpt>
<trkpt lat="58.63853102" lon="16.76212736">
<ele>61.5</ele>
<time>2026-03-22T11:14:10Z</time>
<extensions>
<tp1:TrackPointExtension>
<tp1:hr>166</tp1:hr>
</tp1:TrackPointExtension>
</extensions>
</trkpt>
<trkpt lat="58.63851274" lon="16.76215511">
<ele>61.5</ele>
<time>2026-03-22T11:14:11Z</time>
<extensions>
<tp1:TrackPointExtension>
<tp1:hr>166</tp1:hr>
</tp1:TrackPointExtension>
</extensions>
</trkpt>
<trkpt lat="58.63849958" lon="16.7621562">
<ele>61.5</ele>
<time>2026-03-22T11:14:12Z</time>
<extensions>
<tp1:TrackPointExtension>
<tp1:hr>166</tp1:hr>
</tp1:TrackPointExtension>
</extensions>
</trkpt>
<trkpt lat="58.63847578" lon="16.76218059">
<ele>61.5</ele>
<time>2026-03-22T11:14:13Z</time>
<extensions>
<tp1:TrackPointExtension>
<tp1:hr>165</tp1:hr>
</tp1:TrackPointExtension>
</extensions>
</trkpt>
<trkpt lat="58.63846195" lon="16.76220624">
<ele>61.5</ele>
<time>2026-03-22T11:14:14Z</time>
<extensions>
<tp1:TrackPointExtension>
<tp1:hr>164</tp1:hr>
</tp1:TrackPointExtension>
</extensions>
</trkpt>
<trkpt lat="58.6384446" lon="16.76222426">
<ele>61.7</ele>
<time>2026-03-22T11:14:15Z</time>
<extensions>
<tp1:TrackPointExtension>
<tp1:hr>164</tp1:hr>
</tp1:TrackPointExtension>
</extensions>
</trkpt>
<trkpt lat="58.63843001" lon="16.76222334">
<ele>61.9</ele>
<time>2026-03-22T11:14:16Z</time>
<extensions>
<tp1:TrackPointExtension>
<tp1:hr>164</tp1:hr>
</tp1:TrackPointExtension>
</extensions>
</trkpt>
<trkpt lat="58.63841929" lon="16.76224144">
<ele>62.5</ele>
<time>2026-03-22T11:14:17Z</time>
<extensions>
<tp1:TrackPointExtension>
<tp1:hr>164</tp1:hr>
</tp1:TrackPointExtension>
</extensions>
</trkpt>
<trkpt lat="58.63840571" lon="16.76225787">
<ele>62.9</ele>
<time>2026-03-22T11:14:18Z</time>
<extensions>
<tp1:TrackPointExtension>
<tp1:hr>164</tp1:hr>
</tp1:TrackPointExtension>
</extensions>
</trkpt>
<trkpt lat="58.63839406" lon="16.7622717">
<ele>63.5</ele>
<time>2026-03-22T11:14:19Z</time>
<extensions>
<tp1:TrackPointExtension>
<tp1:hr>165</tp1:hr>
</tp1:TrackPointExtension>
</extensions>
</trkpt>
<trkpt lat="58.63838492" lon="16.76228276">
<ele>64.1</ele>
<time>2026-03-22T11:14:20Z</time>
<extensions>
<tp1:TrackPointExtension>
<tp1:hr>165</tp1:hr>
</tp1:TrackPointExtension>
</extensions>
</trkpt>
<trkpt lat="58.63837478" lon="16.76229626">
<ele>64.5</ele>
<time>2026-03-22T11:14:21Z</time>
<extensions>
<tp1:TrackPointExtension>
<tp1:hr>165</tp1:hr>
</tp1:TrackPointExtension>
</extensions>
</trkpt>
<trkpt lat="58.6383695" lon="16.76231026">
<ele>64.7</ele>
<time>2026-03-22T11:14:22Z</time>
<extensions>
<tp1:TrackPointExtension>
<tp1:hr>165</tp1:hr>
</tp1:TrackPointExtension>
</extensions>
</trkpt>
<trkpt lat="58.63836589" lon="16.76232266">
<ele>64.9</ele>
<time>2026-03-22T11:14:23Z</time>
<extensions>
<tp1:TrackPointExtension>
<tp1:hr>165</tp1:hr>
</tp1:TrackPointExtension>
</extensions>
</trkpt>
<trkpt lat="58.63835952" lon="16.76233423">
<ele>65.1</ele>
<time>2026-03-22T11:14:24Z</time>
<extensions>
<tp1:TrackPointExtension>
<tp1:hr>165</tp1:hr>
</tp1:TrackPointExtension>
</extensions>
</trkpt>
<trkpt lat="58.63835265" lon="16.76235032">
<ele>65.3</ele>
<time>2026-03-22T11:14:25Z</time>
<extensions>
<tp1:TrackPointExtension>
<tp1:hr>165</tp1:hr>
</tp1:TrackPointExtension>
</extensions>
</trkpt>
<trkpt lat="58.63834779" lon="16.7623691">
<ele>65.3</ele>
<time>2026-03-22T11:14:26Z</time>
<extensions>
<tp1:TrackPointExtension>
<tp1:hr>165</tp1:hr>
</tp1:TrackPointExtension>
</extensions>
</trkpt>
<trkpt lat="58.63833865" lon="16.76241369">
<ele>65.5</ele>
<time>2026-03-22T11:14:27Z</time>
<extensions>
<tp1:TrackPointExtension>
<tp1:hr>165</tp1:hr>
</tp1:TrackPointExtension>
</extensions>
</trkpt>
<trkpt lat="58.63833513" lon="16.76243431">
<ele>65.7</ele>
<time>2026-03-22T11:14:28Z</time>
<extensions>
<tp1:TrackPointExtension>
<tp1:hr>165</tp1:hr>
</tp1:TrackPointExtension>
</extensions>
</trkpt>
<trkpt lat="58.63833019" lon="16.76246205">
<ele>65.9</ele>
<time>2026-03-22T11:14:29Z</time>
<extensions>
<tp1:TrackPointExtension>
<tp1:hr>164</tp1:hr>
</tp1:TrackPointExtension>
</extensions>
</trkpt>
<trkpt lat="58.63832884" lon="16.76248728">
<ele>66.1</ele>
<time>2026-03-22T11:14:30Z</time>
<extensions>
<tp1:TrackPointExtension>
<tp1:hr>164</tp1:hr>
</tp1:TrackPointExtension>
</extensions>
</trkpt>
<trkpt lat="58.63832658" lon="16.76251905">
<ele>66.1</ele>
<time>2026-03-22T11:14:31Z</time>
<extensions>
<tp1:TrackPointExtension>
<tp1:hr>164</tp1:hr>
</tp1:TrackPointExtension>
</extensions>
</trkpt>
<trkpt lat="58.63832491" lon="16.76254503">
<ele>66.3</ele>
<time>2026-03-22T11:14:32Z</time>
<extensions>
<tp1:TrackPointExtension>
<tp1:hr>164</tp1:hr>
</tp1:TrackPointExtension>
</extensions>
</trkpt>
<trkpt lat="58.63832373" lon="16.7625701">
<ele>66.1</ele>
<time>2026-03-22T11:14:33Z</time>
<extensions>
<tp1:TrackPointExtension>
<tp1:hr>164</tp1:hr>
</tp1:TrackPointExtension>
</extensions>
</trkpt>
<trkpt lat="58.63832038" lon="16.76259776">
<ele>66.1</ele>
<time>2026-03-22T11:14:34Z</time>
<extensions>
<tp1:TrackPointExtension>
<tp1:hr>164</tp1:hr>
</tp1:TrackPointExtension>
</extensions>
</trkpt>
<trkpt lat="58.63831636" lon="16.76261712">
<ele>66.1</ele>
<time>2026-03-22T11:14:35Z</time>
<extensions>
<tp1:TrackPointExtension>
<tp1:hr>164</tp1:hr>
</tp1:TrackPointExtension>
</extensions>
</trkpt>
<trkpt lat="58.63830856" lon="16.7626276">
<ele>65.9</ele>
<time>2026-03-22T11:14:36Z</time>
<extensions>
<tp1:TrackPointExtension>
<tp1:hr>164</tp1:hr>
</tp1:TrackPointExtension>
</extensions>
</trkpt>
<trkpt lat="58.63829901" lon="16.76263304">
<ele>66.1</ele>
<time>2026-03-22T11:14:37Z</time>
<extensions>
<tp1:TrackPointExtension>
<tp1:hr>164</tp1:hr>
</tp1:TrackPointExtension>
</extensions>
</trkpt>
<trkpt lat="58.63829071" lon="16.76263413">
<ele>66.1</ele>
<time>2026-03-22T11:14:38Z</time>
<extensions>
<tp1:TrackPointExtension>
<tp1:hr>164</tp1:hr>
</tp1:TrackPointExtension>
</extensions>
</trkpt>
<trkpt lat="58.6382954" lon="16.76264218">
<ele>66.3</ele>
<time>2026-03-22T11:14:39Z</time>
<extensions>
<tp1:TrackPointExtension>
<tp1:hr>164</tp1:hr>
</tp1:TrackPointExtension>
</extensions>
</trkpt>
<trkpt lat="58.63829473" lon="16.76266138">
<ele>66.5</ele>
<time>2026-03-22T11:14:40Z</time>
<extensions>
<tp1:TrackPointExtension>
<tp1:hr>164</tp1:hr>
</tp1:TrackPointExtension>
</extensions>
</trkpt>
<trkpt lat="58.63829716" lon="16.7626799">
<ele>66.7</ele>
<time>2026-03-22T11:14:41Z</time>
<extensions>
<tp1:TrackPointExtension>
<tp1:hr>164</tp1:hr>
</tp1:TrackPointExtension>
</extensions>
</trkpt>
<trkpt lat="58.63829649" lon="16.76270421">
<ele>66.7</ele>
<time>2026-03-22T11:14:42Z</time>
<extensions>
<tp1:TrackPointExtension>
<tp1:hr>163</tp1:hr>
</tp1:TrackPointExtension>
</extensions>
</trkpt>
<trkpt lat="58.63829632" lon="16.76273664">
<ele>66.9</ele>
<time>2026-03-22T11:14:43Z</time>
<extensions>
<tp1:TrackPointExtension>
<tp1:hr>164</tp1:hr>
</tp1:TrackPointExtension>
</extensions>
</trkpt>
<trkpt lat="58.63829666" lon="16.7627695">
<ele>67.1</ele>
<time>2026-03-22T11:14:44Z</time>
<extensions>
<tp1:TrackPointExtension>
<tp1:hr>163</tp1:hr>
</tp1:TrackPointExtension>
</extensions>
</trkpt>
<trkpt lat="58.63829289" lon="16.76280638">
<ele>67.3</ele>
<time>2026-03-22T11:14:45Z</time>
<extensions>
<tp1:TrackPointExtension>
<tp1:hr>163</tp1:hr>
</tp1:TrackPointExtension>
</extensions>
</trkpt>
<trkpt lat="58.63827922" lon="16.76282206">
<ele>67.5</ele>
<time>2026-03-22T11:14:46Z</time>
<extensions>
<tp1:TrackPointExtension>
<tp1:hr>163</tp1:hr>
</tp1:TrackPointExtension>
</extensions>
</trkpt>
<trkpt lat="58.63827026" lon="16.7628467">
<ele>67.7</ele>
<time>2026-03-22T11:14:47Z</time>
<extensions>
<tp1:TrackPointExtension>
<tp1:hr>163</tp1:hr>
</tp1:TrackPointExtension>
</extensions>
</trkpt>
<trkpt lat="58.63825693" lon="16.76288534">
<ele>67.9</ele>
<time>2026-03-22T11:14:48Z</time>
<extensions>
<tp1:TrackPointExtension>
<tp1:hr>164</tp1:hr>
</tp1:TrackPointExtension>
</extensions>
</trkpt>
<trkpt lat="58.63824452" lon="16.76291258">
<ele>68.1</ele>
<time>2026-03-22T11:14:49Z</time>
<extensions>
<tp1:TrackPointExtension>
<tp1:hr>163</tp1:hr>
</tp1:TrackPointExtension>
</extensions>
</trkpt>
<trkpt lat="58.63822885" lon="16.76292909">
<ele>68.3</ele>
<time>2026-03-22T11:14:50Z</time>
<extensions>
<tp1:TrackPointExtension>
<tp1:hr>163</tp1:hr>
</tp1:TrackPointExtension>
</extensions>
</trkpt>
<trkpt lat="58.63821359" lon="16.7629425">
<ele>68.7</ele>
<time>2026-03-22T11:14:51Z</time>
<extensions>
<tp1:TrackPointExtension>
<tp1:hr>163</tp1:hr>
</tp1:TrackPointExtension>
</extensions>
</trkpt>
<trkpt lat="58.63819993" lon="16.76296044">
<ele>69.1</ele>
<time>2026-03-22T11:14:52Z</time>
<extensions>
<tp1:TrackPointExtension>
<tp1:hr>163</tp1:hr>
</tp1:TrackPointExtension>
</extensions>
</trkpt>
<trkpt lat="58.6381954" lon="16.76297897">
<ele>69.5</ele>
<time>2026-03-22T11:14:53Z</time>
<extensions>
<tp1:TrackPointExtension>
<tp1:hr>163</tp1:hr>
</tp1:TrackPointExtension>
</extensions>
</trkpt>
<trkpt lat="58.63818275" lon="16.76298928">
<ele>69.9</ele>
<time>2026-03-22T11:14:54Z</time>
<extensions>
<tp1:TrackPointExtension>
<tp1:hr>163</tp1:hr>
</tp1:TrackPointExtension>
</extensions>
</trkpt>
<trkpt lat="58.63816984" lon="16.76301065">
<ele>70.3</ele>
<time>2026-03-22T11:14:55Z</time>
<extensions>
<tp1:TrackPointExtension>
<tp1:hr>163</tp1:hr>
</tp1:TrackPointExtension>
</extensions>
</trkpt>
<trkpt lat="58.63815542" lon="16.76302557">
<ele>70.7</ele>
<time>2026-03-22T11:14:56Z</time>
<extensions>
<tp1:TrackPointExtension>
<tp1:hr>163</tp1:hr>
</tp1:TrackPointExtension>
</extensions>
</trkpt>
<trkpt lat="58.63814327" lon="16.76305616">
<ele>71.1</ele>
<time>2026-03-22T11:14:57Z</time>
<extensions>
<tp1:TrackPointExtension>
<tp1:hr>162</tp1:hr>
</tp1:TrackPointExtension>
</extensions>
</trkpt>
<trkpt lat="58.63813296" lon="16.76308818">
<ele>71.3</ele>
<time>2026-03-22T11:14:58Z</time>
<extensions>
<tp1:TrackPointExtension>
<tp1:hr>162</tp1:hr>
</tp1:TrackPointExtension>
</extensions>
</trkpt>
<trkpt lat="58.63811804" lon="16.76313001">
<ele>71.3</ele>
<time>2026-03-22T11:14:59Z</time>
<extensions>
<tp1:TrackPointExtension>
<tp1:hr>162</tp1:hr>
</tp1:TrackPointExtension>
</extensions>
</trkpt>
<trkpt lat="58.6381079" lon="16.76314593">
<ele>71.5</ele>
<time>2026-03-22T11:15:00Z</time>
<extensions>
<tp1:TrackPointExtension>
<tp1:hr>162</tp1:hr>
</tp1:TrackPointExtension>
</extensions>
</trkpt>
<trkpt lat="58.63809667" lon="16.76317083">
<ele>71.7</ele>
<time>2026-03-22T11:15:01Z</time>
<extensions>
<tp1:TrackPointExtension>
<tp1:hr>162</tp1:hr>
</tp1:TrackPointExtension>
</extensions>
</trkpt>
<trkpt lat="58.63808728" lon="16.76318734">
<ele>71.9</ele>
<time>2026-03-22T11:15:02Z</time>
<extensions>
<tp1:TrackPointExtension>
<tp1:hr>162</tp1:hr>
</tp1:TrackPointExtension>
</extensions>
</trkpt>
<trkpt lat="58.63807957" lon="16.76320561">
<ele>72.3</ele>
<time>2026-03-22T11:15:03Z</time>
<extensions>
<tp1:TrackPointExtension>
<tp1:hr>162</tp1:hr>
</tp1:TrackPointExtension>
</extensions>
</trkpt>
<trkpt lat="58.63807387" lon="16.7632295">
<ele>72.5</ele>
<time>2026-03-22T11:15:04Z</time>
<extensions>
<tp1:TrackPointExtension>
<tp1:hr>162</tp1:hr>
</tp1:TrackPointExtension>
</extensions>
</trkpt>
<trkpt lat="58.63806808" lon="16.76325431">
<ele>72.9</ele>
<time>2026-03-22T11:15:05Z</time>
<extensions>
<tp1:TrackPointExtension>
<tp1:hr>162</tp1:hr>
</tp1:TrackPointExtension>
</extensions>
</trkpt>
<trkpt lat="58.63806029" lon="16.7632963">
<ele>73.3</ele>
<time>2026-03-22T11:15:06Z</time>
<extensions>
<tp1:TrackPointExtension>
<tp1:hr>162</tp1:hr>
</tp1:TrackPointExtension>
</extensions>
</trkpt>
<trkpt lat="58.63805803" lon="16.76333704">
<ele>73.7</ele>
<time>2026-03-22T11:15:07Z</time>
<extensions>
<tp1:TrackPointExtension>
<tp1:hr>162</tp1:hr>
</tp1:TrackPointExtension>
</extensions>
</trkpt>
<trkpt lat="58.63805945" lon="16.76336805">
<ele>73.9</ele>
<time>2026-03-22T11:15:08Z</time>
<extensions>
<tp1:TrackPointExtension>
<tp1:hr>162</tp1:hr>
</tp1:TrackPointExtension>
</extensions>
</trkpt>
<trkpt lat="58.63806146" lon="16.76341097">
<ele>74.1</ele>
<time>2026-03-22T11:15:09Z</time>
<extensions>
<tp1:TrackPointExtension>
<tp1:hr>161</tp1:hr>
</tp1:TrackPointExtension>
</extensions>
</trkpt>
<trkpt lat="58.63806339" lon="16.76345129">
<ele>74.1</ele>
<time>2026-03-22T11:15:10Z</time>
<extensions>
<tp1:TrackPointExtension>
<tp1:hr>161</tp1:hr>
</tp1:TrackPointExtension>
</extensions>
</trkpt>
<trkpt lat="58.63806725" lon="16.76349135">
<ele>73.9</ele>
<time>2026-03-22T11:15:11Z</time>
<extensions>
<tp1:TrackPointExtension>
<tp1:hr>161</tp1:hr>
</tp1:TrackPointExtension>
</extensions>
</trkpt>
<trkpt lat="58.63807764" lon="16.76352496">
<ele>73.9</ele>
<time>2026-03-22T11:15:12Z</time>
<extensions>
<tp1:TrackPointExtension>
<tp1:hr>161</tp1:hr>
</tp1:TrackPointExtension>
</extensions>
</trkpt>
<trkpt lat="58.63807831" lon="16.76355883">
<ele>74.1</ele>
<time>2026-03-22T11:15:13Z</time>
<extensions>
<tp1:TrackPointExtension>
<tp1:hr>161</tp1:hr>
</tp1:TrackPointExtension>
</extensions>
</trkpt>
<trkpt lat="58.63808149" lon="16.76359554">
<ele>73.9</ele>
<time>2026-03-22T11:15:14Z</time>
<extensions>
<tp1:TrackPointExtension>
<tp1:hr>161</tp1:hr>
</tp1:TrackPointExtension>
</extensions>
</trkpt>
<trkpt lat="58.63808954" lon="16.76363736">
<ele>73.7</ele>
<time>2026-03-22T11:15:15Z</time>
<extensions>
<tp1:TrackPointExtension>
<tp1:hr>161</tp1:hr>
</tp1:TrackPointExtension>
</extensions>
</trkpt>
<trkpt lat="58.63809834" lon="16.76367961">
<ele>73.7</ele>
<time>2026-03-22T11:15:16Z</time>
<extensions>
<tp1:TrackPointExtension>
<tp1:hr>161</tp1:hr>
</tp1:TrackPointExtension>
</extensions>
</trkpt>
<trkpt lat="58.63810203" lon="16.76371624">
<ele>73.3</ele>
<time>2026-03-22T11:15:17Z</time>
<extensions>
<tp1:TrackPointExtension>
<tp1:hr>162</tp1:hr>
</tp1:TrackPointExtension>
</extensions>
</trkpt>
<trkpt lat="58.63810203" lon="16.76376083">
<ele>72.7</ele>
<time>2026-03-22T11:15:18Z</time>
<extensions>
<tp1:TrackPointExtension>
<tp1:hr>162</tp1:hr>
</tp1:TrackPointExtension>
</extensions>
</trkpt>
<trkpt lat="58.63807714" lon="16.76378832">
<ele>72.1</ele>
<time>2026-03-22T11:15:19Z</time>
<extensions>
<tp1:TrackPointExtension>
<tp1:hr>162</tp1:hr>
</tp1:TrackPointExtension>
</extensions>
</trkpt>
<trkpt lat="58.63807403" lon="16.76378564">
<ele>71.7</ele>
<time>2026-03-22T11:15:20Z</time>
<extensions>
<tp1:TrackPointExtension>
<tp1:hr>161</tp1:hr>
</tp1:TrackPointExtension>
</extensions>
</trkpt>
<trkpt lat="58.63807848" lon="16.76378338">
<ele>71.3</ele>
<time>2026-03-22T11:15:21Z</time>
<extensions>
<tp1:TrackPointExtension>
<tp1:hr>161</tp1:hr>
</tp1:TrackPointExtension>
</extensions>
</trkpt>
<trkpt lat="58.63808602" lon="16.7638159">
<ele>71.3</ele>
<time>2026-03-22T11:15:22Z</time>
<extensions>
<tp1:TrackPointExtension>
<tp1:hr>161</tp1:hr>
</tp1:TrackPointExtension>
</extensions>
</trkpt>
<trkpt lat="58.63809348" lon="16.76383115">
<ele>71.5</ele>
<time>2026-03-22T11:15:23Z</time>
<extensions>
<tp1:TrackPointExtension>
<tp1:hr>161</tp1:hr>
</tp1:TrackPointExtension>
</extensions>
</trkpt>
<trkpt lat="58.63809549" lon="16.76385471">
<ele>71.9</ele>
<time>2026-03-22T11:15:24Z</time>
<extensions>
<tp1:TrackPointExtension>
<tp1:hr>162</tp1:hr>
</tp1:TrackPointExtension>
</extensions>
</trkpt>
<trkpt lat="58.6380851" lon="16.76386552">
<ele>72.3</ele>
<time>2026-03-22T11:15:25Z</time>
<extensions>
<tp1:TrackPointExtension>
<tp1:hr>161</tp1:hr>
</tp1:TrackPointExtension>
</extensions>
</trkpt>
<trkpt lat="58.63807454" lon="16.7638729">
<ele>72.9</ele>
<time>2026-03-22T11:15:26Z</time>
<extensions>
<tp1:TrackPointExtension>
<tp1:hr>161</tp1:hr>
</tp1:TrackPointExtension>
</extensions>
</trkpt>
<trkpt lat="58.63806364" lon="16.76389704">
<ele>73.3</ele>
<time>2026-03-22T11:15:27Z</time>
<extensions>
<tp1:TrackPointExtension>
<tp1:hr>161</tp1:hr>
</tp1:TrackPointExtension>
</extensions>
</trkpt>
<trkpt lat="58.6380545" lon="16.7639143">
<ele>73.7</ele>
<time>2026-03-22T11:15:28Z</time>
<extensions>
<tp1:TrackPointExtension>
<tp1:hr>161</tp1:hr>
</tp1:TrackPointExtension>
</extensions>
</trkpt>
<trkpt lat="58.63804327" lon="16.76393442">
<ele>74.1</ele>
<time>2026-03-22T11:15:29Z</time>
<extensions>
<tp1:TrackPointExtension>
<tp1:hr>160</tp1:hr>
</tp1:TrackPointExtension>
</extensions>
</trkpt>
<trkpt lat="58.63803179" lon="16.76394582">
<ele>74.5</ele>
<time>2026-03-22T11:15:30Z</time>
<extensions>
<tp1:TrackPointExtension>
<tp1:hr>160</tp1:hr>
</tp1:TrackPointExtension>
</extensions>
</trkpt>
<trkpt lat="58.6380188" lon="16.7639568">
<ele>74.9</ele>
<time>2026-03-22T11:15:31Z</time>
<extensions>
<tp1:TrackPointExtension>
<tp1:hr>160</tp1:hr>
</tp1:TrackPointExtension>
</extensions>
</trkpt>
<trkpt lat="58.63801084" lon="16.76396937">
<ele>75.1</ele>
<time>2026-03-22T11:15:32Z</time>
<extensions>
<tp1:TrackPointExtension>
<tp1:hr>161</tp1:hr>
</tp1:TrackPointExtension>
</extensions>
</trkpt>
<trkpt lat="58.63800128" lon="16.76398664">
<ele>75.0</ele>
<time>2026-03-22T11:15:33Z</time>
<extensions>
<tp1:TrackPointExtension>
<tp1:hr>161</tp1:hr>
</tp1:TrackPointExtension>
</extensions>
</trkpt>
<trkpt lat="58.63799198" lon="16.76401111">
<ele>75.2</ele>
<time>2026-03-22T11:15:34Z</time>
<extensions>
<tp1:TrackPointExtension>
<tp1:hr>161</tp1:hr>
</tp1:TrackPointExtension>
</extensions>
</trkpt>
<trkpt lat="58.63798234" lon="16.76403148">
<ele>75.4</ele>
<time>2026-03-22T11:15:35Z</time>
<extensions>
<tp1:TrackPointExtension>
<tp1:hr>162</tp1:hr>
</tp1:TrackPointExtension>
</extensions>
</trkpt>
<trkpt lat="58.63796708" lon="16.76406065">
<ele>75.8</ele>
<time>2026-03-22T11:15:36Z</time>
<extensions>
<tp1:TrackPointExtension>
<tp1:hr>162</tp1:hr>
</tp1:TrackPointExtension>
</extensions>
</trkpt>
<trkpt lat="58.63795635" lon="16.76409024">
<ele>76.0</ele>
<time>2026-03-22T11:15:37Z</time>
<extensions>
<tp1:TrackPointExtension>
<tp1:hr>162</tp1:hr>
</tp1:TrackPointExtension>
</extensions>
</trkpt>
<trkpt lat="58.6379437" lon="16.76413005">
<ele>76.4</ele>
<time>2026-03-22T11:15:38Z</time>
<extensions>
<tp1:TrackPointExtension>
<tp1:hr>161</tp1:hr>
</tp1:TrackPointExtension>
</extensions>
</trkpt>
<trkpt lat="58.63793062" lon="16.76417188">
<ele>76.6</ele>
<time>2026-03-22T11:15:39Z</time>
<extensions>
<tp1:TrackPointExtension>
<tp1:hr>161</tp1:hr>
</tp1:TrackPointExtension>
</extensions>
</trkpt>
<trkpt lat="58.63791" lon="16.76421345">
<ele>76.8</ele>
<time>2026-03-22T11:15:40Z</time>
<extensions>
<tp1:TrackPointExtension>
<tp1:hr>161</tp1:hr>
</tp1:TrackPointExtension>
</extensions>
</trkpt>
<trkpt lat="58.63789055" lon="16.76425008">
<ele>76.8</ele>
<time>2026-03-22T11:15:41Z</time>
<extensions>
<tp1:TrackPointExtension>
<tp1:hr>161</tp1:hr>
</tp1:TrackPointExtension>
</extensions>
</trkpt>
<trkpt lat="58.6378675" lon="16.76427129">
<ele>76.8</ele>
<time>2026-03-22T11:15:42Z</time>
<extensions>
<tp1:TrackPointExtension>
<tp1:hr>160</tp1:hr>
</tp1:TrackPointExtension>
</extensions>
</trkpt>
<trkpt lat="58.63784404" lon="16.76427959">
<ele>76.6</ele>
<time>2026-03-22T11:15:43Z</time>
<extensions>
<tp1:TrackPointExtension>
<tp1:hr>161</tp1:hr>
</tp1:TrackPointExtension>
</extensions>
</trkpt>
<trkpt lat="58.63782434" lon="16.76428772">
<ele>76.8</ele>
<time>2026-03-22T11:15:44Z</time>
<extensions>
<tp1:TrackPointExtension>
<tp1:hr>161</tp1:hr>
</tp1:TrackPointExtension>
</extensions>
</trkpt>
<trkpt lat="58.63780313" lon="16.76431043">
<ele>76.8</ele>
<time>2026-03-22T11:15:45Z</time>
<extensions>
<tp1:TrackPointExtension>
<tp1:hr>162</tp1:hr>
</tp1:TrackPointExtension>
</extensions>
</trkpt>
<trkpt lat="58.63777639" lon="16.76432954">
<ele>77.0</ele>
<time>2026-03-22T11:15:46Z</time>
<extensions>
<tp1:TrackPointExtension>
<tp1:hr>162</tp1:hr>
</tp1:TrackPointExtension>
</extensions>
</trkpt>
<trkpt lat="58.63775074" lon="16.76433147">
<ele>77.2</ele>
<time>2026-03-22T11:15:47Z</time>
<extensions>
<tp1:TrackPointExtension>
<tp1:hr>162</tp1:hr>
</tp1:TrackPointExtension>
</extensions>
</trkpt>
<trkpt lat="58.63773222" lon="16.76433767">
<ele>77.2</ele>
<time>2026-03-22T11:15:48Z</time>
<extensions>
<tp1:TrackPointExtension>
<tp1:hr>162</tp1:hr>
</tp1:TrackPointExtension>
</extensions>
</trkpt>
<trkpt lat="58.63771797" lon="16.76436391">
<ele>77.4</ele>
<time>2026-03-22T11:15:49Z</time>
<extensions>
<tp1:TrackPointExtension>
<tp1:hr>161</tp1:hr>
</tp1:TrackPointExtension>
</extensions>
</trkpt>
<trkpt lat="58.637708" lon="16.76439048">
<ele>77.2</ele>
<time>2026-03-22T11:15:50Z</time>
<extensions>
<tp1:TrackPointExtension>
<tp1:hr>161</tp1:hr>
</tp1:TrackPointExtension>
</extensions>
</trkpt>
<trkpt lat="58.63771286" lon="16.76440272">
<ele>77.2</ele>
<time>2026-03-22T11:15:51Z</time>
<extensions>
<tp1:TrackPointExtension>
<tp1:hr>161</tp1:hr>
</tp1:TrackPointExtension>
</extensions>
</trkpt>
<trkpt lat="58.63771311" lon="16.76442744">
<ele>77.2</ele>
<time>2026-03-22T11:15:52Z</time>
<extensions>
<tp1:TrackPointExtension>
<tp1:hr>161</tp1:hr>
</tp1:TrackPointExtension>
</extensions>
</trkpt>
<trkpt lat="58.63771277" lon="16.76444194">
<ele>77.2</ele>
<time>2026-03-22T11:15:53Z</time>
<extensions>
<tp1:TrackPointExtension>
<tp1:hr>161</tp1:hr>
</tp1:TrackPointExtension>
</extensions>
</trkpt>
<trkpt lat="58.63771303" lon="16.76445611">
<ele>77.4</ele>
<time>2026-03-22T11:15:54Z</time>
<extensions>
<tp1:TrackPointExtension>
<tp1:hr>161</tp1:hr>
</tp1:TrackPointExtension>
</extensions>
</trkpt>
<trkpt lat="58.63771428" lon="16.76446608">
<ele>77.6</ele>
<time>2026-03-22T11:15:55Z</time>
<extensions>
<tp1:TrackPointExtension>
<tp1:hr>162</tp1:hr>
</tp1:TrackPointExtension>
</extensions>
</trkpt>
<trkpt lat="58.63771638" lon="16.7644722">
<ele>77.8</ele>
<time>2026-03-22T11:15:56Z</time>
<extensions>
<tp1:TrackPointExtension>
<tp1:hr>162</tp1:hr>
</tp1:TrackPointExtension>
</extensions>
</trkpt>
<trkpt lat="58.63771638" lon="16.76448419">
<ele>78.0</ele>
<time>2026-03-22T11:15:57Z</time>
<extensions>
<tp1:TrackPointExtension>
<tp1:hr>162</tp1:hr>
</tp1:TrackPointExtension>
</extensions>
</trkpt>
<trkpt lat="58.63771177" lon="16.76449441">
<ele>78.4</ele>
<time>2026-03-22T11:15:58Z</time>
<extensions>
<tp1:TrackPointExtension>
<tp1:hr>162</tp1:hr>
</tp1:TrackPointExtension>
</extensions>
</trkpt>
<trkpt lat="58.63769316" lon="16.76448721">
<ele>79.0</ele>
<time>2026-03-22T11:15:59Z</time>
<extensions>
<tp1:TrackPointExtension>
<tp1:hr>163</tp1:hr>
</tp1:TrackPointExtension>
</extensions>
</trkpt>
<trkpt lat="58.63767447" lon="16.76449391">
<ele>79.2</ele>
<time>2026-03-22T11:16:00Z</time>
<extensions>
<tp1:TrackPointExtension>
<tp1:hr>163</tp1:hr>
</tp1:TrackPointExtension>
</extensions>
</trkpt>
<trkpt lat="58.63766575" lon="16.76449768">
<ele>79.4</ele>
<time>2026-03-22T11:16:01Z</time>
<extensions>
<tp1:TrackPointExtension>
<tp1:hr>163</tp1:hr>
</tp1:TrackPointExtension>
</extensions>
</trkpt>
<trkpt lat="58.63766458" lon="16.76449542">
<ele>79.6</ele>
<time>2026-03-22T11:16:02Z</time>
<extensions>
<tp1:TrackPointExtension>
<tp1:hr>163</tp1:hr>
</tp1:TrackPointExtension>
</extensions>
</trkpt>
<trkpt lat="58.63766198" lon="16.76449349">
<ele>79.6</ele>
<time>2026-03-22T11:16:03Z</time>
<extensions>
<tp1:TrackPointExtension>
<tp1:hr>163</tp1:hr>
</tp1:TrackPointExtension>
</extensions>
</trkpt>
<trkpt lat="58.63764061" lon="16.76451897">
<ele>79.8</ele>
<time>2026-03-22T11:16:04Z</time>
<extensions>
<tp1:TrackPointExtension>
<tp1:hr>163</tp1:hr>
</tp1:TrackPointExtension>
</extensions>
</trkpt>
<trkpt lat="58.63763181" lon="16.76453766">
<ele>80.2</ele>
<time>2026-03-22T11:16:05Z</time>
<extensions>
<tp1:TrackPointExtension>
<tp1:hr>163</tp1:hr>
</tp1:TrackPointExtension>
</extensions>
</trkpt>
<trkpt lat="58.63762317" lon="16.76455007">
<ele>80.4</ele>
<time>2026-03-22T11:16:06Z</time>
<extensions>
<tp1:TrackPointExtension>
<tp1:hr>163</tp1:hr>
</tp1:TrackPointExtension>
</extensions>
</trkpt>
<trkpt lat="58.63761102" lon="16.76459139">
<ele>80.8</ele>
<time>2026-03-22T11:16:07Z</time>
<extensions>
<tp1:TrackPointExtension>
<tp1:hr>163</tp1:hr>
</tp1:TrackPointExtension>
</extensions>
</trkpt>
<trkpt lat="58.63761253" lon="16.76459533">
<ele>81.2</ele>
<time>2026-03-22T11:16:08Z</time>
<extensions>
<tp1:TrackPointExtension>
<tp1:hr>163</tp1:hr>
</tp1:TrackPointExtension>
</extensions>
</trkpt>
<trkpt lat="58.63761253" lon="16.76459575">
<ele>81.6</ele>
<time>2026-03-22T11:16:09Z</time>
<extensions>
<tp1:TrackPointExtension>
<tp1:hr>164</tp1:hr>
</tp1:TrackPointExtension>
</extensions>
</trkpt>
<trkpt lat="58.63760808" lon="16.76461402">
<ele>82.0</ele>
<time>2026-03-22T11:16:10Z</time>
<extensions>
<tp1:TrackPointExtension>
<tp1:hr>163</tp1:hr>
</tp1:TrackPointExtension>
</extensions>
</trkpt>
<trkpt lat="58.63760674" lon="16.76463037">
<ele>82.6</ele>
<time>2026-03-22T11:16:11Z</time>
<extensions>
<tp1:TrackPointExtension>
<tp1:hr>163</tp1:hr>
</tp1:TrackPointExtension>
</extensions>
</trkpt>
<trkpt lat="58.63760482" lon="16.76464571">
<ele>83.0</ele>
<time>2026-03-22T11:16:12Z</time>
<extensions>
<tp1:TrackPointExtension>
<tp1:hr>164</tp1:hr>
</tp1:TrackPointExtension>
</extensions>
</trkpt>
<trkpt lat="58.63760456" lon="16.76466214">
<ele>83.4</ele>
<time>2026-03-22T11:16:13Z</time>
<extensions>
<tp1:TrackPointExtension>
<tp1:hr>164</tp1:hr>
</tp1:TrackPointExtension>
</extensions>
</trkpt>
<trkpt lat="58.6375966" lon="16.76468259">
<ele>83.8</ele>
<time>2026-03-22T11:16:14Z</time>
<extensions>
<tp1:TrackPointExtension>
<tp1:hr>164</tp1:hr>
</tp1:TrackPointExtension>
</extensions>
</trkpt>
<trkpt lat="58.63759182" lon="16.76470673">
<ele>84.2</ele>
<time>2026-03-22T11:16:15Z</time>
<extensions>
<tp1:TrackPointExtension>
<tp1:hr>163</tp1:hr>
</tp1:TrackPointExtension>
</extensions>
</trkpt>
<trkpt lat="58.63758755" lon="16.76473657">
<ele>84.4</ele>
<time>2026-03-22T11:16:16Z</time>
<extensions>
<tp1:TrackPointExtension>
<tp1:hr>163</tp1:hr>
</tp1:TrackPointExtension>
</extensions>
</trkpt>
<trkpt lat="58.63758244" lon="16.76475802">
<ele>84.6</ele>
<time>2026-03-22T11:16:17Z</time>
<extensions>
<tp1:TrackPointExtension>
<tp1:hr>163</tp1:hr>
</tp1:TrackPointExtension>
</extensions>
</trkpt>
<trkpt lat="58.63757892" lon="16.76477035">
<ele>84.6</ele>
<time>2026-03-22T11:16:18Z</time>
<extensions>
<tp1:TrackPointExtension>
<tp1:hr>163</tp1:hr>
</tp1:TrackPointExtension>
</extensions>
</trkpt>
<trkpt lat="58.63758403" lon="16.76475526">
<ele>84.6</ele>
<time>2026-03-22T11:16:19Z</time>
<extensions>
<tp1:TrackPointExtension>
<tp1:hr>163</tp1:hr>
</tp1:TrackPointExtension>
</extensions>
</trkpt>
<trkpt lat="58.63759291" lon="16.76473715">
<ele>84.2</ele>
<time>2026-03-22T11:16:20Z</time>
<extensions>
<tp1:TrackPointExtension>
<tp1:hr>163</tp1:hr>
</tp1:TrackPointExtension>
</extensions>
</trkpt>
<trkpt lat="58.63760356" lon="16.76473103">
<ele>84.0</ele>
<time>2026-03-22T11:16:21Z</time>
<extensions>
<tp1:TrackPointExtension>
<tp1:hr>163</tp1:hr>
</tp1:TrackPointExtension>
</extensions>
</trkpt>
<trkpt lat="58.63761479" lon="16.76473254">
<ele>84.0</ele>
<time>2026-03-22T11:16:22Z</time>
<extensions>
<tp1:TrackPointExtension>
<tp1:hr>163</tp1:hr>
</tp1:TrackPointExtension>
</extensions>
</trkpt>
<trkpt lat="58.63763139" lon="16.7647312">
<ele>84.0</ele>
<time>2026-03-22T11:16:23Z</time>
<extensions>
<tp1:TrackPointExtension>
<tp1:hr>163</tp1:hr>
</tp1:TrackPointExtension>
</extensions>
</trkpt>
<trkpt lat="58.6376453" lon="16.76472575">
<ele>84.2</ele>
<time>2026-03-22T11:16:24Z</time>
<extensions>
<tp1:TrackPointExtension>
<tp1:hr>163</tp1:hr>
</tp1:TrackPointExtension>
</extensions>
</trkpt>
<trkpt lat="58.63765695" lon="16.7647431">
<ele>84.6</ele>
<time>2026-03-22T11:16:25Z</time>
<extensions>
<tp1:TrackPointExtension>
<tp1:hr>164</tp1:hr>
</tp1:TrackPointExtension>
</extensions>
</trkpt>
<trkpt lat="58.63766802" lon="16.76475802">
<ele>85.0</ele>
<time>2026-03-22T11:16:26Z</time>
<extensions>
<tp1:TrackPointExtension>
<tp1:hr>164</tp1:hr>
</tp1:TrackPointExtension>
</extensions>
</trkpt>
<trkpt lat="58.63767439" lon="16.76477605">
<ele>85.4</ele>
<time>2026-03-22T11:16:27Z</time>
<extensions>
<tp1:TrackPointExtension>
<tp1:hr>164</tp1:hr>
</tp1:TrackPointExtension>
</extensions>
</trkpt>
<trkpt lat="58.63767874" lon="16.76479792">
<ele>85.8</ele>
<time>2026-03-22T11:16:28Z</time>
<extensions>
<tp1:TrackPointExtension>
<tp1:hr>164</tp1:hr>
</tp1:TrackPointExtension>
</extensions>
</trkpt>
<trkpt lat="58.6376821" lon="16.76482852">
<ele>86.2</ele>
<time>2026-03-22T11:16:29Z</time>
<extensions>
<tp1:TrackPointExtension>
<tp1:hr>164</tp1:hr>
</tp1:TrackPointExtension>
</extensions>
</trkpt>
<trkpt lat="58.63768361" lon="16.76485911">
<ele>86.6</ele>
<time>2026-03-22T11:16:30Z</time>
<extensions>
<tp1:TrackPointExtension>
<tp1:hr>164</tp1:hr>
</tp1:TrackPointExtension>
</extensions>
</trkpt>
<trkpt lat="58.63768704" lon="16.76489775">
<ele>87.0</ele>
<time>2026-03-22T11:16:31Z</time>
<extensions>
<tp1:TrackPointExtension>
<tp1:hr>164</tp1:hr>
</tp1:TrackPointExtension>
</extensions>
</trkpt>
<trkpt lat="58.6376904" lon="16.76494888">
<ele>87.2</ele>
<time>2026-03-22T11:16:32Z</time>
<extensions>
<tp1:TrackPointExtension>
<tp1:hr>165</tp1:hr>
</tp1:TrackPointExtension>
</extensions>
</trkpt>
<trkpt lat="58.63769425" lon="16.76499825">
<ele>87.6</ele>
<time>2026-03-22T11:16:33Z</time>
<extensions>
<tp1:TrackPointExtension>
<tp1:hr>165</tp1:hr>
</tp1:TrackPointExtension>
</extensions>
</trkpt>
<trkpt lat="58.63770196" lon="16.7650472">
<ele>88.0</ele>
<time>2026-03-22T11:16:34Z</time>
<extensions>
<tp1:TrackPointExtension>
<tp1:hr>165</tp1:hr>
</tp1:TrackPointExtension>
</extensions>
</trkpt>
<trkpt lat="58.63772208" lon="16.76507662">
<ele>88.4</ele>
<time>2026-03-22T11:16:35Z</time>
<extensions>
<tp1:TrackPointExtension>
<tp1:hr>165</tp1:hr>
</tp1:TrackPointExtension>
</extensions>
</trkpt>
<trkpt lat="58.63774966" lon="16.76512683">
<ele>88.6</ele>
<time>2026-03-22T11:16:36Z</time>
<extensions>
<tp1:TrackPointExtension>
<tp1:hr>165</tp1:hr>
</tp1:TrackPointExtension>
</extensions>
</trkpt>
<trkpt lat="58.63776541" lon="16.76518039">
<ele>88.6</ele>
<time>2026-03-22T11:16:37Z</time>
<extensions>
<tp1:TrackPointExtension>
<tp1:hr>164</tp1:hr>
</tp1:TrackPointExtension>
</extensions>
</trkpt>
<trkpt lat="58.63778167" lon="16.76521869">
<ele>88.4</ele>
<time>2026-03-22T11:16:38Z</time>
<extensions>
<tp1:TrackPointExtension>
<tp1:hr>164</tp1:hr>
</tp1:TrackPointExtension>
</extensions>
</trkpt>
<trkpt lat="58.63780037" lon="16.76526245">
<ele>88.4</ele>
<time>2026-03-22T11:16:39Z</time>
<extensions>
<tp1:TrackPointExtension>
<tp1:hr>164</tp1:hr>
</tp1:TrackPointExtension>
</extensions>
</trkpt>
<trkpt lat="58.63781093" lon="16.76531542">
<ele>88.0</ele>
<time>2026-03-22T11:16:40Z</time>
<extensions>
<tp1:TrackPointExtension>
<tp1:hr>165</tp1:hr>
</tp1:TrackPointExtension>
</extensions>
</trkpt>
<trkpt lat="58.63783171" lon="16.76537988">
<ele>87.8</ele>
<time>2026-03-22T11:16:41Z</time>
<extensions>
<tp1:TrackPointExtension>
<tp1:hr>165</tp1:hr>
</tp1:TrackPointExtension>
</extensions>
</trkpt>
<trkpt lat="58.63784605" lon="16.76541961">
<ele>87.8</ele>
<time>2026-03-22T11:16:42Z</time>
<extensions>
<tp1:TrackPointExtension>
<tp1:hr>166</tp1:hr>
</tp1:TrackPointExtension>
</extensions>
</trkpt>
<trkpt lat="58.63786549" lon="16.76546806">
<ele>88.0</ele>
<time>2026-03-22T11:16:43Z</time>
<extensions>
<tp1:TrackPointExtension>
<tp1:hr>167</tp1:hr>
</tp1:TrackPointExtension>
</extensions>
</trkpt>
<trkpt lat="58.63787572" lon="16.76552606">
<ele>88.0</ele>
<time>2026-03-22T11:16:44Z</time>
<extensions>
<tp1:TrackPointExtension>
<tp1:hr>166</tp1:hr>
</tp1:TrackPointExtension>
</extensions>
</trkpt>
<trkpt lat="58.63788167" lon="16.76557803">
<ele>88.0</ele>
<time>2026-03-22T11:16:45Z</time>
<extensions>
<tp1:TrackPointExtension>
<tp1:hr>166</tp1:hr>
</tp1:TrackPointExtension>
</extensions>
</trkpt>
<trkpt lat="58.63788787" lon="16.76563452">
<ele>88.0</ele>
<time>2026-03-22T11:16:46Z</time>
<extensions>
<tp1:TrackPointExtension>
<tp1:hr>167</tp1:hr>
</tp1:TrackPointExtension>
</extensions>
</trkpt>
<trkpt lat="58.63789483" lon="16.76567207">
<ele>87.8</ele>
<time>2026-03-22T11:16:47Z</time>
<extensions>
<tp1:TrackPointExtension>
<tp1:hr>167</tp1:hr>
</tp1:TrackPointExtension>
</extensions>
</trkpt>
<trkpt lat="58.63788938" lon="16.76571339">
<ele>87.4</ele>
<time>2026-03-22T11:16:48Z</time>
<extensions>
<tp1:TrackPointExtension>
<tp1:hr>167</tp1:hr>
</tp1:TrackPointExtension>
</extensions>
</trkpt>
<trkpt lat="58.63788586" lon="16.76573879">
<ele>87.0</ele>
<time>2026-03-22T11:16:49Z</time>
<extensions>
<tp1:TrackPointExtension>
<tp1:hr>166</tp1:hr>
</tp1:TrackPointExtension>
</extensions>
</trkpt>
<trkpt lat="58.63789349" lon="16.76578145">
<ele>86.8</ele>
<time>2026-03-22T11:16:50Z</time>
<extensions>
<tp1:TrackPointExtension>
<tp1:hr>166</tp1:hr>
</tp1:TrackPointExtension>
</extensions>
</trkpt>
<trkpt lat="58.63789902" lon="16.76583284">
<ele>86.0</ele>
<time>2026-03-22T11:16:51Z</time>
<extensions>
<tp1:TrackPointExtension>
<tp1:hr>165</tp1:hr>
</tp1:TrackPointExtension>
</extensions>
</trkpt>
<trkpt lat="58.63790983" lon="16.76589302">
<ele>85.6</ele>
<time>2026-03-22T11:16:52Z</time>
<extensions>
<tp1:TrackPointExtension>
<tp1:hr>164</tp1:hr>
</tp1:TrackPointExtension>
</extensions>
</trkpt>
<trkpt lat="58.63793188" lon="16.76593727">
<ele>84.8</ele>
<time>2026-03-22T11:16:53Z</time>
<extensions>
<tp1:TrackPointExtension>
<tp1:hr>164</tp1:hr>
</tp1:TrackPointExtension>
</extensions>
</trkpt>
<trkpt lat="58.63794738" lon="16.76596879">
<ele>84.0</ele>
<time>2026-03-22T11:16:54Z</time>
<extensions>
<tp1:TrackPointExtension>
<tp1:hr>163</tp1:hr>
</tp1:TrackPointExtension>
</extensions>
</trkpt>
<trkpt lat="58.63795904" lon="16.76601489">
<ele>83.2</ele>
<time>2026-03-22T11:16:55Z</time>
<extensions>
<tp1:TrackPointExtension>
<tp1:hr>162</tp1:hr>
</tp1:TrackPointExtension>
</extensions>
</trkpt>
<trkpt lat="58.63797739" lon="16.76606443">
<ele>82.8</ele>
<time>2026-03-22T11:16:56Z</time>
<extensions>
<tp1:TrackPointExtension>
<tp1:hr>162</tp1:hr>
</tp1:TrackPointExtension>
</extensions>
</trkpt>
<trkpt lat="58.63800564" lon="16.76609712">
<ele>82.2</ele>
<time>2026-03-22T11:16:57Z</time>
<extensions>
<tp1:TrackPointExtension>
<tp1:hr>162</tp1:hr>
</tp1:TrackPointExtension>
</extensions>
</trkpt>
<trkpt lat="58.63803271" lon="16.76614137">
<ele>81.4</ele>
<time>2026-03-22T11:16:58Z</time>
<extensions>
<tp1:TrackPointExtension>
<tp1:hr>161</tp1:hr>
</tp1:TrackPointExtension>
</extensions>
</trkpt>
<trkpt lat="58.63805761" lon="16.76618077">
<ele>81.0</ele>
<time>2026-03-22T11:16:59Z</time>
<extensions>
<tp1:TrackPointExtension>
<tp1:hr>161</tp1:hr>
</tp1:TrackPointExtension>
</extensions>
</trkpt>
<trkpt lat="58.63807445" lon="16.76621689">
<ele>80.6</ele>
<time>2026-03-22T11:17:00Z</time>
<extensions>
<tp1:TrackPointExtension>
<tp1:hr>161</tp1:hr>
</tp1:TrackPointExtension>
</extensions>
</trkpt>
<trkpt lat="58.63809055" lon="16.76626593">
<ele>80.4</ele>
<time>2026-03-22T11:17:01Z</time>
<extensions>
<tp1:TrackPointExtension>
<tp1:hr>162</tp1:hr>
</tp1:TrackPointExtension>
</extensions>
</trkpt>
<trkpt lat="58.63810698" lon="16.76630499">
<ele>80.2</ele>
<time>2026-03-22T11:17:02Z</time>
<extensions>
<tp1:TrackPointExtension>
<tp1:hr>162</tp1:hr>
</tp1:TrackPointExtension>
</extensions>
</trkpt>
<trkpt lat="58.63812374" lon="16.76635453">
<ele>80.2</ele>
<time>2026-03-22T11:17:03Z</time>
<extensions>
<tp1:TrackPointExtension>
<tp1:hr>162</tp1:hr>
</tp1:TrackPointExtension>
</extensions>
</trkpt>
<trkpt lat="58.63814201" lon="16.7663935">
<ele>80.0</ele>
<time>2026-03-22T11:17:04Z</time>
<extensions>
<tp1:TrackPointExtension>
<tp1:hr>163</tp1:hr>
</tp1:TrackPointExtension>
</extensions>
</trkpt>
<trkpt lat="58.63815995" lon="16.76641949">
<ele>79.8</ele>
<time>2026-03-22T11:17:05Z</time>
<extensions>
<tp1:TrackPointExtension>
<tp1:hr>162</tp1:hr>
</tp1:TrackPointExtension>
</extensions>
</trkpt>
<trkpt lat="58.63817093" lon="16.76644346">
<ele>79.4</ele>
<time>2026-03-22T11:17:06Z</time>
<extensions>
<tp1:TrackPointExtension>
<tp1:hr>163</tp1:hr>
</tp1:TrackPointExtension>
</extensions>
</trkpt>
<trkpt lat="58.63817914" lon="16.76645821">
<ele>79.2</ele>
<time>2026-03-22T11:17:07Z</time>
<extensions>
<tp1:TrackPointExtension>
<tp1:hr>163</tp1:hr>
</tp1:TrackPointExtension>
</extensions>
</trkpt>
<trkpt lat="58.63818753" lon="16.76648076">
<ele>78.8</ele>
<time>2026-03-22T11:17:08Z</time>
<extensions>
<tp1:TrackPointExtension>
<tp1:hr>162</tp1:hr>
</tp1:TrackPointExtension>
</extensions>
</trkpt>
<trkpt lat="58.63820203" lon="16.76651001">
<ele>78.2</ele>
<time>2026-03-22T11:17:09Z</time>
<extensions>
<tp1:TrackPointExtension>
<tp1:hr>162</tp1:hr>
</tp1:TrackPointExtension>
</extensions>
</trkpt>
<trkpt lat="58.63820739" lon="16.76654479">
<ele>77.5</ele>
<time>2026-03-22T11:17:10Z</time>
<extensions>
<tp1:TrackPointExtension>
<tp1:hr>162</tp1:hr>
</tp1:TrackPointExtension>
</extensions>
</trkpt>
<trkpt lat="58.63821167" lon="16.76658243">
<ele>76.5</ele>
<time>2026-03-22T11:17:11Z</time>
<extensions>
<tp1:TrackPointExtension>
<tp1:hr>162</tp1:hr>
</tp1:TrackPointExtension>
</extensions>
</trkpt>
<trkpt lat="58.63821737" lon="16.76661805">
<ele>75.9</ele>
<time>2026-03-22T11:17:12Z</time>
<extensions>
<tp1:TrackPointExtension>
<tp1:hr>162</tp1:hr>
</tp1:TrackPointExtension>
</extensions>
</trkpt>
<trkpt lat="58.638227" lon="16.76665057">
<ele>75.3</ele>
<time>2026-03-22T11:17:13Z</time>
<extensions>
<tp1:TrackPointExtension>
<tp1:hr>161</tp1:hr>
</tp1:TrackPointExtension>
</extensions>
</trkpt>
<trkpt lat="58.63824025" lon="16.76668695">
<ele>74.3</ele>
<time>2026-03-22T11:17:14Z</time>
<extensions>
<tp1:TrackPointExtension>
<tp1:hr>162</tp1:hr>
</tp1:TrackPointExtension>
</extensions>
</trkpt>
<trkpt lat="58.63824318" lon="16.76671864">
<ele>73.3</ele>
<time>2026-03-22T11:17:15Z</time>
<extensions>
<tp1:TrackPointExtension>
<tp1:hr>161</tp1:hr>
</tp1:TrackPointExtension>
</extensions>
</trkpt>
<trkpt lat="58.63824494" lon="16.76675032">
<ele>72.5</ele>
<time>2026-03-22T11:17:16Z</time>
<extensions>
<tp1:TrackPointExtension>
<tp1:hr>161</tp1:hr>
</tp1:TrackPointExtension>
</extensions>
</trkpt>
<trkpt lat="58.63825324" lon="16.76680539">
<ele>71.5</ele>
<time>2026-03-22T11:17:17Z</time>
<extensions>
<tp1:TrackPointExtension>
<tp1:hr>161</tp1:hr>
</tp1:TrackPointExtension>
</extensions>
</trkpt>
<trkpt lat="58.63826003" lon="16.76682785">
<ele>70.9</ele>
<time>2026-03-22T11:17:18Z</time>
<extensions>
<tp1:TrackPointExtension>
<tp1:hr>161</tp1:hr>
</tp1:TrackPointExtension>
</extensions>
</trkpt>
<trkpt lat="58.63826866" lon="16.76686532">
<ele>70.1</ele>
<time>2026-03-22T11:17:19Z</time>
<extensions>
<tp1:TrackPointExtension>
<tp1:hr>161</tp1:hr>
</tp1:TrackPointExtension>
</extensions>
</trkpt>
<trkpt lat="58.63828241" lon="16.76692433">
<ele>69.7</ele>
<time>2026-03-22T11:17:20Z</time>
<extensions>
<tp1:TrackPointExtension>
<tp1:hr>162</tp1:hr>
</tp1:TrackPointExtension>
</extensions>
</trkpt>
<trkpt lat="58.63828727" lon="16.76694319">
<ele>68.7</ele>
<time>2026-03-22T11:17:21Z</time>
<extensions>
<tp1:TrackPointExtension>
<tp1:hr>162</tp1:hr>
</tp1:TrackPointExtension>
</extensions>
</trkpt>
<trkpt lat="58.63829465" lon="16.76695584">
<ele>68.1</ele>
<time>2026-03-22T11:17:22Z</time>
<extensions>
<tp1:TrackPointExtension>
<tp1:hr>162</tp1:hr>
</tp1:TrackPointExtension>
</extensions>
</trkpt>
<trkpt lat="58.63830294" lon="16.7669882">
<ele>67.5</ele>
<time>2026-03-22T11:17:23Z</time>
<extensions>
<tp1:TrackPointExtension>
<tp1:hr>162</tp1:hr>
</tp1:TrackPointExtension>
</extensions>
</trkpt>
<trkpt lat="58.63830982" lon="16.76704763">
<ele>67.5</ele>
<time>2026-03-22T11:17:24Z</time>
<extensions>
<tp1:TrackPointExtension>
<tp1:hr>162</tp1:hr>
</tp1:TrackPointExtension>
</extensions>
</trkpt>
<trkpt lat="58.63831367" lon="16.76708601">
<ele>67.1</ele>
<time>2026-03-22T11:17:25Z</time>
<extensions>
<tp1:TrackPointExtension>
<tp1:hr>162</tp1:hr>
</tp1:TrackPointExtension>
</extensions>
</trkpt>
<trkpt lat="58.6383161" lon="16.76713186">
<ele>66.7</ele>
<time>2026-03-22T11:17:26Z</time>
<extensions>
<tp1:TrackPointExtension>
<tp1:hr>161</tp1:hr>
</tp1:TrackPointExtension>
</extensions>
</trkpt>
<trkpt lat="58.63831401" lon="16.76716874">
<ele>66.1</ele>
<time>2026-03-22T11:17:27Z</time>
<extensions>
<tp1:TrackPointExtension>
<tp1:hr>162</tp1:hr>
</tp1:TrackPointExtension>
</extensions>
</trkpt>
<trkpt lat="58.63831426" lon="16.76720177">
<ele>65.5</ele>
<time>2026-03-22T11:17:28Z</time>
<extensions>
<tp1:TrackPointExtension>
<tp1:hr>161</tp1:hr>
</tp1:TrackPointExtension>
</extensions>
</trkpt>
<trkpt lat="58.63832046" lon="16.76723479">
<ele>65.1</ele>
<time>2026-03-22T11:17:29Z</time>
<extensions>
<tp1:TrackPointExtension>
<tp1:hr>161</tp1:hr>
</tp1:TrackPointExtension>
</extensions>
</trkpt>
<trkpt lat="58.63833035" lon="16.76727628">
<ele>64.9</ele>
<time>2026-03-22T11:17:30Z</time>
<extensions>
<tp1:TrackPointExtension>
<tp1:hr>161</tp1:hr>
</tp1:TrackPointExtension>
</extensions>
</trkpt>
<trkpt lat="58.63834318" lon="16.76729959">
<ele>64.5</ele>
<time>2026-03-22T11:17:31Z</time>
<extensions>
<tp1:TrackPointExtension>
<tp1:hr>162</tp1:hr>
</tp1:TrackPointExtension>
</extensions>
</trkpt>
<trkpt lat="58.63835709" lon="16.76732532">
<ele>64.3</ele>
<time>2026-03-22T11:17:32Z</time>
<extensions>
<tp1:TrackPointExtension>
<tp1:hr>161</tp1:hr>
</tp1:TrackPointExtension>
</extensions>
</trkpt>
<trkpt lat="58.63836782" lon="16.7673389">
<ele>63.9</ele>
<time>2026-03-22T11:17:33Z</time>
<extensions>
<tp1:TrackPointExtension>
<tp1:hr>161</tp1:hr>
</tp1:TrackPointExtension>
</extensions>
</trkpt>
<trkpt lat="58.6383793" lon="16.76734837">
<ele>63.5</ele>
<time>2026-03-22T11:17:34Z</time>
<extensions>
<tp1:TrackPointExtension>
<tp1:hr>160</tp1:hr>
</tp1:TrackPointExtension>
</extensions>
</trkpt>
<trkpt lat="58.63839548" lon="16.76736035">
<ele>62.9</ele>
<time>2026-03-22T11:17:35Z</time>
<extensions>
<tp1:TrackPointExtension>
<tp1:hr>160</tp1:hr>
</tp1:TrackPointExtension>
</extensions>
</trkpt>
<trkpt lat="58.63840302" lon="16.76736077">
<ele>62.5</ele>
<time>2026-03-22T11:17:36Z</time>
<extensions>
<tp1:TrackPointExtension>
<tp1:hr>160</tp1:hr>
</tp1:TrackPointExtension>
</extensions>
</trkpt>
<trkpt lat="58.63841803" lon="16.76737603">
<ele>62.3</ele>
<time>2026-03-22T11:17:37Z</time>
<extensions>
<tp1:TrackPointExtension>
<tp1:hr>160</tp1:hr>
</tp1:TrackPointExtension>
</extensions>
</trkpt>
<trkpt lat="58.63842859" lon="16.76738692">
<ele>61.9</ele>
<time>2026-03-22T11:17:38Z</time>
<extensions>
<tp1:TrackPointExtension>
<tp1:hr>160</tp1:hr>
</tp1:TrackPointExtension>
</extensions>
</trkpt>
<trkpt lat="58.63844041" lon="16.76739933">
<ele>61.5</ele>
<time>2026-03-22T11:17:39Z</time>
<extensions>
<tp1:TrackPointExtension>
<tp1:hr>160</tp1:hr>
</tp1:TrackPointExtension>
</extensions>
</trkpt>
<trkpt lat="58.63845441" lon="16.767415">
<ele>61.3</ele>
<time>2026-03-22T11:17:40Z</time>
<extensions>
<tp1:TrackPointExtension>
<tp1:hr>160</tp1:hr>
</tp1:TrackPointExtension>
</extensions>
</trkpt>
<trkpt lat="58.63847201" lon="16.76744082">
<ele>60.9</ele>
<time>2026-03-22T11:17:41Z</time>
<extensions>
<tp1:TrackPointExtension>
<tp1:hr>159</tp1:hr>
</tp1:TrackPointExtension>
</extensions>
</trkpt>
<trkpt lat="58.63849422" lon="16.76746664">
<ele>60.7</ele>
<time>2026-03-22T11:17:42Z</time>
<extensions>
<tp1:TrackPointExtension>
<tp1:hr>158</tp1:hr>
</tp1:TrackPointExtension>
</extensions>
</trkpt>
<trkpt lat="58.63851509" lon="16.76748273">
<ele>60.3</ele>
<time>2026-03-22T11:17:43Z</time>
<extensions>
<tp1:TrackPointExtension>
<tp1:hr>158</tp1:hr>
</tp1:TrackPointExtension>
</extensions>
</trkpt>
<trkpt lat="58.63853177" lon="16.76752791">
<ele>59.7</ele>
<time>2026-03-22T11:17:44Z</time>
<extensions>
<tp1:TrackPointExtension>
<tp1:hr>157</tp1:hr>
</tp1:TrackPointExtension>
</extensions>
</trkpt>
<trkpt lat="58.6385477" lon="16.76755875">
<ele>59.3</ele>
<time>2026-03-22T11:17:45Z</time>
<extensions>
<tp1:TrackPointExtension>
<tp1:hr>157</tp1:hr>
</tp1:TrackPointExtension>
</extensions>
</trkpt>
<trkpt lat="58.6385632" lon="16.76758851">
<ele>58.7</ele>
<time>2026-03-22T11:17:46Z</time>
<extensions>
<tp1:TrackPointExtension>
<tp1:hr>157</tp1:hr>
</tp1:TrackPointExtension>
</extensions>
</trkpt>
<trkpt lat="58.63857854" lon="16.76762598">
<ele>58.3</ele>
<time>2026-03-22T11:17:47Z</time>
<extensions>
<tp1:TrackPointExtension>
<tp1:hr>157</tp1:hr>
</tp1:TrackPointExtension>
</extensions>
</trkpt>
<trkpt lat="58.63858952" lon="16.76766789">
<ele>57.7</ele>
<time>2026-03-22T11:17:48Z</time>
<extensions>
<tp1:TrackPointExtension>
<tp1:hr>158</tp1:hr>
</tp1:TrackPointExtension>
</extensions>
</trkpt>
<trkpt lat="58.63859598" lon="16.76771466">
<ele>57.1</ele>
<time>2026-03-22T11:17:49Z</time>
<extensions>
<tp1:TrackPointExtension>
<tp1:hr>158</tp1:hr>
</tp1:TrackPointExtension>
</extensions>
</trkpt>
<trkpt lat="58.63860285" lon="16.76775933">
<ele>56.5</ele>
<time>2026-03-22T11:17:50Z</time>
<extensions>
<tp1:TrackPointExtension>
<tp1:hr>158</tp1:hr>
</tp1:TrackPointExtension>
</extensions>
</trkpt>
<trkpt lat="58.63861148" lon="16.76780317">
<ele>56.5</ele>
<time>2026-03-22T11:17:51Z</time>
<extensions>
<tp1:TrackPointExtension>
<tp1:hr>158</tp1:hr>
</tp1:TrackPointExtension>
</extensions>
</trkpt>
<trkpt lat="58.63861886" lon="16.76783762">
<ele>56.3</ele>
<time>2026-03-22T11:17:52Z</time>
<extensions>
<tp1:TrackPointExtension>
<tp1:hr>158</tp1:hr>
</tp1:TrackPointExtension>
</extensions>
</trkpt>
<trkpt lat="58.63862649" lon="16.7678838">
<ele>56.1</ele>
<time>2026-03-22T11:17:53Z</time>
<extensions>
<tp1:TrackPointExtension>
<tp1:hr>158</tp1:hr>
</tp1:TrackPointExtension>
</extensions>
</trkpt>
<trkpt lat="58.6386295" lon="16.76793938">
<ele>56.1</ele>
<time>2026-03-22T11:17:54Z</time>
<extensions>
<tp1:TrackPointExtension>
<tp1:hr>157</tp1:hr>
</tp1:TrackPointExtension>
</extensions>
</trkpt>
<trkpt lat="58.6386321" lon="16.76798397">
<ele>55.9</ele>
<time>2026-03-22T11:17:55Z</time>
<extensions>
<tp1:TrackPointExtension>
<tp1:hr>156</tp1:hr>
</tp1:TrackPointExtension>
</extensions>
</trkpt>
<trkpt lat="58.63863822" lon="16.76802755">
<ele>55.9</ele>
<time>2026-03-22T11:17:56Z</time>
<extensions>
<tp1:TrackPointExtension>
<tp1:hr>156</tp1:hr>
</tp1:TrackPointExtension>
</extensions>
</trkpt>
<trkpt lat="58.6386466" lon="16.76809276">
<ele>55.9</ele>
<time>2026-03-22T11:17:57Z</time>
<extensions>
<tp1:TrackPointExtension>
<tp1:hr>156</tp1:hr>
</tp1:TrackPointExtension>
</extensions>
</trkpt>
<trkpt lat="58.6386575" lon="16.76814456">
<ele>56.1</ele>
<time>2026-03-22T11:17:58Z</time>
<extensions>
<tp1:TrackPointExtension>
<tp1:hr>156</tp1:hr>
</tp1:TrackPointExtension>
</extensions>
</trkpt>
<trkpt lat="58.63867057" lon="16.76818287">
<ele>55.9</ele>
<time>2026-03-22T11:17:59Z</time>
<extensions>
<tp1:TrackPointExtension>
<tp1:hr>156</tp1:hr>
</tp1:TrackPointExtension>
</extensions>
</trkpt>
<trkpt lat="58.63868516" lon="16.76820366">
<ele>55.9</ele>
<time>2026-03-22T11:18:00Z</time>
<extensions>
<tp1:TrackPointExtension>
<tp1:hr>156</tp1:hr>
</tp1:TrackPointExtension>
</extensions>
</trkpt>
<trkpt lat="58.63872397" lon="16.7682247">
<ele>55.9</ele>
<time>2026-03-22T11:18:01Z</time>
<extensions>
<tp1:TrackPointExtension>
<tp1:hr>157</tp1:hr>
</tp1:TrackPointExtension>
</extensions>
</trkpt>
<trkpt lat="58.63875138" lon="16.76824632">
<ele>55.9</ele>
<time>2026-03-22T11:18:02Z</time>
<extensions>
<tp1:TrackPointExtension>
<tp1:hr>157</tp1:hr>
</tp1:TrackPointExtension>
</extensions>
</trkpt>
<trkpt lat="58.63877367" lon="16.76829024">
<ele>55.7</ele>
<time>2026-03-22T11:18:03Z</time>
<extensions>
<tp1:TrackPointExtension>
<tp1:hr>157</tp1:hr>
</tp1:TrackPointExtension>
</extensions>
</trkpt>
<trkpt lat="58.63879127" lon="16.7683112">
<ele>55.9</ele>
<time>2026-03-22T11:18:04Z</time>
<extensions>
<tp1:TrackPointExtension>
<tp1:hr>157</tp1:hr>
</tp1:TrackPointExtension>
</extensions>
</trkpt>
<trkpt lat="58.63881265" lon="16.76833022">
<ele>55.9</ele>
<time>2026-03-22T11:18:05Z</time>
<extensions>
<tp1:TrackPointExtension>
<tp1:hr>156</tp1:hr>
</tp1:TrackPointExtension>
</extensions>
</trkpt>
<trkpt lat="58.63883025" lon="16.76836099">
<ele>55.9</ele>
<time>2026-03-22T11:18:06Z</time>
<extensions>
<tp1:TrackPointExtension>
<tp1:hr>157</tp1:hr>
</tp1:TrackPointExtension>
</extensions>
</trkpt>
<trkpt lat="58.63884266" lon="16.7683977">
<ele>55.9</ele>
<time>2026-03-22T11:18:07Z</time>
<extensions>
<tp1:TrackPointExtension>
<tp1:hr>157</tp1:hr>
</tp1:TrackPointExtension>
</extensions>
</trkpt>
<trkpt lat="58.63885816" lon="16.76843408">
<ele>56.1</ele>
<time>2026-03-22T11:18:08Z</time>
<extensions>
<tp1:TrackPointExtension>
<tp1:hr>157</tp1:hr>
</tp1:TrackPointExtension>
</extensions>
</trkpt>
<trkpt lat="58.63887275" lon="16.76847355">
<ele>56.3</ele>
<time>2026-03-22T11:18:09Z</time>
<extensions>
<tp1:TrackPointExtension>
<tp1:hr>157</tp1:hr>
</tp1:TrackPointExtension>
</extensions>
</trkpt>
<trkpt lat="58.63889119" lon="16.76851974">
<ele>56.3</ele>
<time>2026-03-22T11:18:10Z</time>
<extensions>
<tp1:TrackPointExtension>
<tp1:hr>158</tp1:hr>
</tp1:TrackPointExtension>
</extensions>
</trkpt>
<trkpt lat="58.63890544" lon="16.7685785">
<ele>56.5</ele>
<time>2026-03-22T11:18:11Z</time>
<extensions>
<tp1:TrackPointExtension>
<tp1:hr>158</tp1:hr>
</tp1:TrackPointExtension>
</extensions>
</trkpt>
<trkpt lat="58.6389015" lon="16.76863767">
<ele>56.7</ele>
<time>2026-03-22T11:18:12Z</time>
<extensions>
<tp1:TrackPointExtension>
<tp1:hr>158</tp1:hr>
</tp1:TrackPointExtension>
</extensions>
</trkpt>
<trkpt lat="58.63889873" lon="16.76870791">
<ele>56.9</ele>
<time>2026-03-22T11:18:13Z</time>
<extensions>
<tp1:TrackPointExtension>
<tp1:hr>158</tp1:hr>
</tp1:TrackPointExtension>
</extensions>
</trkpt>
<trkpt lat="58.63890753" lon="16.76876415">
<ele>57.1</ele>
<time>2026-03-22T11:18:14Z</time>
<extensions>
<tp1:TrackPointExtension>
<tp1:hr>158</tp1:hr>
</tp1:TrackPointExtension>
</extensions>
</trkpt>
<trkpt lat="58.63892874" lon="16.76880917">
<ele>57.3</ele>
<time>2026-03-22T11:18:15Z</time>
<extensions>
<tp1:TrackPointExtension>
<tp1:hr>159</tp1:hr>
</tp1:TrackPointExtension>
</extensions>
</trkpt>
<trkpt lat="58.63894718" lon="16.76883322">
<ele>57.3</ele>
<time>2026-03-22T11:18:16Z</time>
<extensions>
<tp1:TrackPointExtension>
<tp1:hr>158</tp1:hr>
</tp1:TrackPointExtension>
</extensions>
</trkpt>
<trkpt lat="58.63896176" lon="16.76885434">
<ele>57.1</ele>
<time>2026-03-22T11:18:17Z</time>
<extensions>
<tp1:TrackPointExtension>
<tp1:hr>158</tp1:hr>
</tp1:TrackPointExtension>
</extensions>
</trkpt>
<trkpt lat="58.63899127" lon="16.76889013">
<ele>56.7</ele>
<time>2026-03-22T11:18:18Z</time>
<extensions>
<tp1:TrackPointExtension>
<tp1:hr>159</tp1:hr>
</tp1:TrackPointExtension>
</extensions>
</trkpt>
<trkpt lat="58.63900158" lon="16.76894872">
<ele>56.5</ele>
<time>2026-03-22T11:18:19Z</time>
<extensions>
<tp1:TrackPointExtension>
<tp1:hr>158</tp1:hr>
</tp1:TrackPointExtension>
</extensions>
</trkpt>
<trkpt lat="58.63901524" lon="16.76899281">
<ele>56.3</ele>
<time>2026-03-22T11:18:20Z</time>
<extensions>
<tp1:TrackPointExtension>
<tp1:hr>157</tp1:hr>
</tp1:TrackPointExtension>
</extensions>
</trkpt>
<trkpt lat="58.63903007" lon="16.7690136">
<ele>56.5</ele>
<time>2026-03-22T11:18:21Z</time>
<extensions>
<tp1:TrackPointExtension>
<tp1:hr>156</tp1:hr>
</tp1:TrackPointExtension>
</extensions>
</trkpt>
<trkpt lat="58.63904751" lon="16.76904327">
<ele>56.7</ele>
<time>2026-03-22T11:18:22Z</time>
<extensions>
<tp1:TrackPointExtension>
<tp1:hr>157</tp1:hr>
</tp1:TrackPointExtension>
</extensions>
</trkpt>
<trkpt lat="58.63906327" lon="16.76907227">
<ele>56.9</ele>
<time>2026-03-22T11:18:23Z</time>
<extensions>
<tp1:TrackPointExtension>
<tp1:hr>157</tp1:hr>
</tp1:TrackPointExtension>
</extensions>
</trkpt>
<trkpt lat="58.63906838" lon="16.76912391">
<ele>57.1</ele>
<time>2026-03-22T11:18:24Z</time>
<extensions>
<tp1:TrackPointExtension>
<tp1:hr>157</tp1:hr>
</tp1:TrackPointExtension>
</extensions>
</trkpt>
<trkpt lat="58.63906737" lon="16.76917839">
<ele>57.1</ele>
<time>2026-03-22T11:18:25Z</time>
<extensions>
<tp1:TrackPointExtension>
<tp1:hr>158</tp1:hr>
</tp1:TrackPointExtension>
</extensions>
</trkpt>
<trkpt lat="58.63907056" lon="16.76920546">
<ele>56.9</ele>
<time>2026-03-22T11:18:26Z</time>
<extensions>
<tp1:TrackPointExtension>
<tp1:hr>158</tp1:hr>
</tp1:TrackPointExtension>
</extensions>
</trkpt>
<trkpt lat="58.63907265" lon="16.76924746">
<ele>56.7</ele>
<time>2026-03-22T11:18:27Z</time>
<extensions>
<tp1:TrackPointExtension>
<tp1:hr>158</tp1:hr>
</tp1:TrackPointExtension>
</extensions>
</trkpt>
<trkpt lat="58.63907509" lon="16.76929481">
<ele>56.5</ele>
<time>2026-03-22T11:18:28Z</time>
<extensions>
<tp1:TrackPointExtension>
<tp1:hr>159</tp1:hr>
</tp1:TrackPointExtension>
</extensions>
</trkpt>
<trkpt lat="58.63908137" lon="16.76933865">
<ele>56.1</ele>
<time>2026-03-22T11:18:29Z</time>
<extensions>
<tp1:TrackPointExtension>
<tp1:hr>159</tp1:hr>
</tp1:TrackPointExtension>
</extensions>
</trkpt>
<trkpt lat="58.63909495" lon="16.769356">
<ele>55.7</ele>
<time>2026-03-22T11:18:30Z</time>
<extensions>
<tp1:TrackPointExtension>
<tp1:hr>159</tp1:hr>
</tp1:TrackPointExtension>
</extensions>
</trkpt>
<trkpt lat="58.63911188" lon="16.76939347">
<ele>55.1</ele>
<time>2026-03-22T11:18:31Z</time>
<extensions>
<tp1:TrackPointExtension>
<tp1:hr>159</tp1:hr>
</tp1:TrackPointExtension>
</extensions>
</trkpt>
<trkpt lat="58.63912228" lon="16.76943521">
<ele>54.3</ele>
<time>2026-03-22T11:18:32Z</time>
<extensions>
<tp1:TrackPointExtension>
<tp1:hr>160</tp1:hr>
</tp1:TrackPointExtension>
</extensions>
</trkpt>
<trkpt lat="58.63913217" lon="16.76949053">
<ele>53.7</ele>
<time>2026-03-22T11:18:33Z</time>
<extensions>
<tp1:TrackPointExtension>
<tp1:hr>161</tp1:hr>
</tp1:TrackPointExtension>
</extensions>
</trkpt>
<trkpt lat="58.63913896" lon="16.76955272">
<ele>53.1</ele>
<time>2026-03-22T11:18:34Z</time>
<extensions>
<tp1:TrackPointExtension>
<tp1:hr>161</tp1:hr>
</tp1:TrackPointExtension>
</extensions>
</trkpt>
<trkpt lat="58.63914398" lon="16.76960838">
<ele>52.7</ele>
<time>2026-03-22T11:18:35Z</time>
<extensions>
<tp1:TrackPointExtension>
<tp1:hr>161</tp1:hr>
</tp1:TrackPointExtension>
</extensions>
</trkpt>
<trkpt lat="58.63914801" lon="16.76964032">
<ele>52.3</ele>
<time>2026-03-22T11:18:36Z</time>
<extensions>
<tp1:TrackPointExtension>
<tp1:hr>161</tp1:hr>
</tp1:TrackPointExtension>
</extensions>
</trkpt>
<trkpt lat="58.63915287" lon="16.76968784">
<ele>51.9</ele>
<time>2026-03-22T11:18:37Z</time>
<extensions>
<tp1:TrackPointExtension>
<tp1:hr>161</tp1:hr>
</tp1:TrackPointExtension>
</extensions>
</trkpt>
<trkpt lat="58.63916326" lon="16.76973579">
<ele>51.7</ele>
<time>2026-03-22T11:18:38Z</time>
<extensions>
<tp1:TrackPointExtension>
<tp1:hr>161</tp1:hr>
</tp1:TrackPointExtension>
</extensions>
</trkpt>
<trkpt lat="58.63916569" lon="16.76979228">
<ele>51.7</ele>
<time>2026-03-22T11:18:39Z</time>
<extensions>
<tp1:TrackPointExtension>
<tp1:hr>162</tp1:hr>
</tp1:TrackPointExtension>
</extensions>
</trkpt>
<trkpt lat="58.63916838" lon="16.76983947">
<ele>51.5</ele>
<time>2026-03-22T11:18:40Z</time>
<extensions>
<tp1:TrackPointExtension>
<tp1:hr>162</tp1:hr>
</tp1:TrackPointExtension>
</extensions>
</trkpt>
<trkpt lat="58.63916947" lon="16.76987987">
<ele>51.3</ele>
<time>2026-03-22T11:18:41Z</time>
<extensions>
<tp1:TrackPointExtension>
<tp1:hr>162</tp1:hr>
</tp1:TrackPointExtension>
</extensions>
</trkpt>
<trkpt lat="58.63918162" lon="16.76992614">
<ele>51.3</ele>
<time>2026-03-22T11:18:42Z</time>
<extensions>
<tp1:TrackPointExtension>
<tp1:hr>162</tp1:hr>
</tp1:TrackPointExtension>
</extensions>
</trkpt>
<trkpt lat="58.63919562" lon="16.76996478">
<ele>51.1</ele>
<time>2026-03-22T11:18:43Z</time>
<extensions>
<tp1:TrackPointExtension>
<tp1:hr>162</tp1:hr>
</tp1:TrackPointExtension>
</extensions>
</trkpt>
<trkpt lat="58.63920425" lon="16.77000149">
<ele>51.3</ele>
<time>2026-03-22T11:18:44Z</time>
<extensions>
<tp1:TrackPointExtension>
<tp1:hr>162</tp1:hr>
</tp1:TrackPointExtension>
</extensions>
</trkpt>
<trkpt lat="58.63921188" lon="16.77004307">
<ele>51.3</ele>
<time>2026-03-22T11:18:45Z</time>
<extensions>
<tp1:TrackPointExtension>
<tp1:hr>162</tp1:hr>
</tp1:TrackPointExtension>
</extensions>
</trkpt>
<trkpt lat="58.63922227" lon="16.77008187">
<ele>51.3</ele>
<time>2026-03-22T11:18:46Z</time>
<extensions>
<tp1:TrackPointExtension>
<tp1:hr>162</tp1:hr>
</tp1:TrackPointExtension>
</extensions>
</trkpt>
<trkpt lat="58.63923317" lon="16.77010576">
<ele>51.2</ele>
<time>2026-03-22T11:18:47Z</time>
<extensions>
<tp1:TrackPointExtension>
<tp1:hr>163</tp1:hr>
</tp1:TrackPointExtension>
</extensions>
</trkpt>
<trkpt lat="58.63924842" lon="16.77013602">
<ele>51.2</ele>
<time>2026-03-22T11:18:48Z</time>
<extensions>
<tp1:TrackPointExtension>
<tp1:hr>163</tp1:hr>
</tp1:TrackPointExtension>
</extensions>
</trkpt>
<trkpt lat="58.63925857" lon="16.7701921">
<ele>51.2</ele>
<time>2026-03-22T11:18:49Z</time>
<extensions>
<tp1:TrackPointExtension>
<tp1:hr>163</tp1:hr>
</tp1:TrackPointExtension>
</extensions>
</trkpt>
<trkpt lat="58.63926577" lon="16.77024641">
<ele>51.2</ele>
<time>2026-03-22T11:18:50Z</time>
<extensions>
<tp1:TrackPointExtension>
<tp1:hr>164</tp1:hr>
</tp1:TrackPointExtension>
</extensions>
</trkpt>
<trkpt lat="58.63927516" lon="16.77029452">
<ele>51.4</ele>
<time>2026-03-22T11:18:51Z</time>
<extensions>
<tp1:TrackPointExtension>
<tp1:hr>164</tp1:hr>
</tp1:TrackPointExtension>
</extensions>
</trkpt>
<trkpt lat="58.63928396" lon="16.77034146">
<ele>51.6</ele>
<time>2026-03-22T11:18:52Z</time>
<extensions>
<tp1:TrackPointExtension>
<tp1:hr>164</tp1:hr>
</tp1:TrackPointExtension>
</extensions>
</trkpt>
<trkpt lat="58.63929603" lon="16.77038044">
<ele>51.6</ele>
<time>2026-03-22T11:18:53Z</time>
<extensions>
<tp1:TrackPointExtension>
<tp1:hr>164</tp1:hr>
</tp1:TrackPointExtension>
</extensions>
</trkpt>
<trkpt lat="58.63930928" lon="16.77040483">
<ele>51.8</ele>
<time>2026-03-22T11:18:54Z</time>
<extensions>
<tp1:TrackPointExtension>
<tp1:hr>164</tp1:hr>
</tp1:TrackPointExtension>
</extensions>
</trkpt>
<trkpt lat="58.63932537" lon="16.77042997">
<ele>52.0</ele>
<time>2026-03-22T11:18:55Z</time>
<extensions>
<tp1:TrackPointExtension>
<tp1:hr>164</tp1:hr>
</tp1:TrackPointExtension>
</extensions>
</trkpt>
<trkpt lat="58.63934088" lon="16.7704811">
<ele>52.2</ele>
<time>2026-03-22T11:18:56Z</time>
<extensions>
<tp1:TrackPointExtension>
<tp1:hr>164</tp1:hr>
</tp1:TrackPointExtension>
</extensions>
</trkpt>
<trkpt lat="58.63935093" lon="16.77053089">
<ele>52.2</ele>
<time>2026-03-22T11:18:57Z</time>
<extensions>
<tp1:TrackPointExtension>
<tp1:hr>164</tp1:hr>
</tp1:TrackPointExtension>
</extensions>
</trkpt>
<trkpt lat="58.63936183" lon="16.7705759">
<ele>52.2</ele>
<time>2026-03-22T11:18:58Z</time>
<extensions>
<tp1:TrackPointExtension>
<tp1:hr>164</tp1:hr>
</tp1:TrackPointExtension>
</extensions>
</trkpt>
<trkpt lat="58.63936937" lon="16.77062402">
<ele>52.2</ele>
<time>2026-03-22T11:18:59Z</time>
<extensions>
<tp1:TrackPointExtension>
<tp1:hr>164</tp1:hr>
</tp1:TrackPointExtension>
</extensions>
</trkpt>
<trkpt lat="58.63937298" lon="16.7706728">
<ele>52.2</ele>
<time>2026-03-22T11:19:00Z</time>
<extensions>
<tp1:TrackPointExtension>
<tp1:hr>164</tp1:hr>
</tp1:TrackPointExtension>
</extensions>
</trkpt>
<trkpt lat="58.63937189" lon="16.77072083">
<ele>52.0</ele>
<time>2026-03-22T11:19:01Z</time>
<extensions>
<tp1:TrackPointExtension>
<tp1:hr>164</tp1:hr>
</tp1:TrackPointExtension>
</extensions>
</trkpt>
<trkpt lat="58.63935001" lon="16.77076911">
<ele>52.0</ele>
<time>2026-03-22T11:19:02Z</time>
<extensions>
<tp1:TrackPointExtension>
<tp1:hr>164</tp1:hr>
</tp1:TrackPointExtension>
</extensions>
</trkpt>
<trkpt lat="58.63933392" lon="16.77081428">
<ele>51.8</ele>
<time>2026-03-22T11:19:03Z</time>
<extensions>
<tp1:TrackPointExtension>
<tp1:hr>163</tp1:hr>
</tp1:TrackPointExtension>
</extensions>
</trkpt>
<trkpt lat="58.63932252" lon="16.77086558">
<ele>51.8</ele>
<time>2026-03-22T11:19:04Z</time>
<extensions>
<tp1:TrackPointExtension>
<tp1:hr>163</tp1:hr>
</tp1:TrackPointExtension>
</extensions>
</trkpt>
<trkpt lat="58.63930735" lon="16.77091084">
<ele>51.8</ele>
<time>2026-03-22T11:19:05Z</time>
<extensions>
<tp1:TrackPointExtension>
<tp1:hr>163</tp1:hr>
</tp1:TrackPointExtension>
</extensions>
</trkpt>
<trkpt lat="58.63927893" lon="16.77099676">
<ele>51.8</ele>
<time>2026-03-22T11:19:06Z</time>
<extensions>
<tp1:TrackPointExtension>
<tp1:hr>163</tp1:hr>
</tp1:TrackPointExtension>
</extensions>
</trkpt>
<trkpt lat="58.63926334" lon="16.77105074">
<ele>52.0</ele>
<time>2026-03-22T11:19:07Z</time>
<extensions>
<tp1:TrackPointExtension>
<tp1:hr>163</tp1:hr>
</tp1:TrackPointExtension>
</extensions>
</trkpt>
<trkpt lat="58.63924633" lon="16.7711074">
<ele>52.0</ele>
<time>2026-03-22T11:19:08Z</time>
<extensions>
<tp1:TrackPointExtension>
<tp1:hr>163</tp1:hr>
</tp1:TrackPointExtension>
</extensions>
</trkpt>
<trkpt lat="58.6392366" lon="16.7711789">
<ele>52.0</ele>
<time>2026-03-22T11:19:09Z</time>
<extensions>
<tp1:TrackPointExtension>
<tp1:hr>163</tp1:hr>
</tp1:TrackPointExtension>
</extensions>
</trkpt>
<trkpt lat="58.63921858" lon="16.77125844">
<ele>52.0</ele>
<time>2026-03-22T11:19:10Z</time>
<extensions>
<tp1:TrackPointExtension>
<tp1:hr>163</tp1:hr>
</tp1:TrackPointExtension>
</extensions>
</trkpt>
<trkpt lat="58.63921163" lon="16.77131619">
<ele>52.0</ele>
<time>2026-03-22T11:19:11Z</time>
<extensions>
<tp1:TrackPointExtension>
<tp1:hr>163</tp1:hr>
</tp1:TrackPointExtension>
</extensions>
</trkpt>
<trkpt lat="58.63920216" lon="16.77138794">
<ele>51.8</ele>
<time>2026-03-22T11:19:12Z</time>
<extensions>
<tp1:TrackPointExtension>
<tp1:hr>163</tp1:hr>
</tp1:TrackPointExtension>
</extensions>
</trkpt>
<trkpt lat="58.63919319" lon="16.77145416">
<ele>51.8</ele>
<time>2026-03-22T11:19:13Z</time>
<extensions>
<tp1:TrackPointExtension>
<tp1:hr>163</tp1:hr>
</tp1:TrackPointExtension>
</extensions>
</trkpt>
<trkpt lat="58.63918682" lon="16.77150428">
<ele>51.8</ele>
<time>2026-03-22T11:19:14Z</time>
<extensions>
<tp1:TrackPointExtension>
<tp1:hr>164</tp1:hr>
</tp1:TrackPointExtension>
</extensions>
</trkpt>
<trkpt lat="58.63919294" lon="16.77154418">
<ele>51.8</ele>
<time>2026-03-22T11:19:15Z</time>
<extensions>
<tp1:TrackPointExtension>
<tp1:hr>163</tp1:hr>
</tp1:TrackPointExtension>
</extensions>
</trkpt>
<trkpt lat="58.63920006" lon="16.77160579">
<ele>52.0</ele>
<time>2026-03-22T11:19:16Z</time>
<extensions>
<tp1:TrackPointExtension>
<tp1:hr>163</tp1:hr>
</tp1:TrackPointExtension>
</extensions>
</trkpt>
<trkpt lat="58.6392019" lon="16.77165247">
<ele>52.2</ele>
<time>2026-03-22T11:19:17Z</time>
<extensions>
<tp1:TrackPointExtension>
<tp1:hr>163</tp1:hr>
</tp1:TrackPointExtension>
</extensions>
</trkpt>
<trkpt lat="58.63920392" lon="16.77170092">
<ele>52.2</ele>
<time>2026-03-22T11:19:18Z</time>
<extensions>
<tp1:TrackPointExtension>
<tp1:hr>163</tp1:hr>
</tp1:TrackPointExtension>
</extensions>
</trkpt>
<trkpt lat="58.63920492" lon="16.77174116">
<ele>52.2</ele>
<time>2026-03-22T11:19:19Z</time>
<extensions>
<tp1:TrackPointExtension>
<tp1:hr>163</tp1:hr>
</tp1:TrackPointExtension>
</extensions>
</trkpt>
<trkpt lat="58.63920928" lon="16.7717865">
<ele>52.4</ele>
<time>2026-03-22T11:19:20Z</time>
<extensions>
<tp1:TrackPointExtension>
<tp1:hr>163</tp1:hr>
</tp1:TrackPointExtension>
</extensions>
</trkpt>
<trkpt lat="58.63921456" lon="16.7718445">
<ele>52.4</ele>
<time>2026-03-22T11:19:21Z</time>
<extensions>
<tp1:TrackPointExtension>
<tp1:hr>163</tp1:hr>
</tp1:TrackPointExtension>
</extensions>
</trkpt>
<trkpt lat="58.63921942" lon="16.77188105">
<ele>52.4</ele>
<time>2026-03-22T11:19:22Z</time>
<extensions>
<tp1:TrackPointExtension>
<tp1:hr>162</tp1:hr>
</tp1:TrackPointExtension>
</extensions>
</trkpt>
<trkpt lat="58.63922839" lon="16.77191843">
<ele>52.6</ele>
<time>2026-03-22T11:19:23Z</time>
<extensions>
<tp1:TrackPointExtension>
<tp1:hr>163</tp1:hr>
</tp1:TrackPointExtension>
</extensions>
</trkpt>
<trkpt lat="58.6392361" lon="16.7719595">
<ele>53.0</ele>
<time>2026-03-22T11:19:24Z</time>
<extensions>
<tp1:TrackPointExtension>
<tp1:hr>163</tp1:hr>
</tp1:TrackPointExtension>
</extensions>
</trkpt>
<trkpt lat="58.63924507" lon="16.77199404">
<ele>53.4</ele>
<time>2026-03-22T11:19:25Z</time>
<extensions>
<tp1:TrackPointExtension>
<tp1:hr>162</tp1:hr>
</tp1:TrackPointExtension>
</extensions>
</trkpt>
<trkpt lat="58.63925328" lon="16.77202622">
<ele>53.6</ele>
<time>2026-03-22T11:19:26Z</time>
<extensions>
<tp1:TrackPointExtension>
<tp1:hr>163</tp1:hr>
</tp1:TrackPointExtension>
</extensions>
</trkpt>
<trkpt lat="58.63926477" lon="16.77205925">
<ele>54.2</ele>
<time>2026-03-22T11:19:27Z</time>
<extensions>
<tp1:TrackPointExtension>
<tp1:hr>163</tp1:hr>
</tp1:TrackPointExtension>
</extensions>
</trkpt>
<trkpt lat="58.63927717" lon="16.77211004">
<ele>54.6</ele>
<time>2026-03-22T11:19:28Z</time>
<extensions>
<tp1:TrackPointExtension>
<tp1:hr>163</tp1:hr>
</tp1:TrackPointExtension>
</extensions>
</trkpt>
<trkpt lat="58.63928656" lon="16.7721543">
<ele>54.8</ele>
<time>2026-03-22T11:19:29Z</time>
<extensions>
<tp1:TrackPointExtension>
<tp1:hr>162</tp1:hr>
</tp1:TrackPointExtension>
</extensions>
</trkpt>
<trkpt lat="58.63929712" lon="16.77219596">
<ele>54.8</ele>
<time>2026-03-22T11:19:30Z</time>
<extensions>
<tp1:TrackPointExtension>
<tp1:hr>163</tp1:hr>
</tp1:TrackPointExtension>
</extensions>
</trkpt>
<trkpt lat="58.63931992" lon="16.77224876">
<ele>54.8</ele>
<time>2026-03-22T11:19:31Z</time>
<extensions>
<tp1:TrackPointExtension>
<tp1:hr>163</tp1:hr>
</tp1:TrackPointExtension>
</extensions>
</trkpt>
<trkpt lat="58.63933015" lon="16.77231817">
<ele>54.4</ele>
<time>2026-03-22T11:19:32Z</time>
<extensions>
<tp1:TrackPointExtension>
<tp1:hr>164</tp1:hr>
</tp1:TrackPointExtension>
</extensions>
</trkpt>
<trkpt lat="58.63934322" lon="16.772362">
<ele>54.2</ele>
<time>2026-03-22T11:19:33Z</time>
<extensions>
<tp1:TrackPointExtension>
<tp1:hr>164</tp1:hr>
</tp1:TrackPointExtension>
</extensions>
</trkpt>
<trkpt lat="58.63935445" lon="16.77241171">
<ele>54.0</ele>
<time>2026-03-22T11:19:34Z</time>
<extensions>
<tp1:TrackPointExtension>
<tp1:hr>164</tp1:hr>
</tp1:TrackPointExtension>
</extensions>
</trkpt>
<trkpt lat="58.63936317" lon="16.77246636">
<ele>53.8</ele>
<time>2026-03-22T11:19:35Z</time>
<extensions>
<tp1:TrackPointExtension>
<tp1:hr>163</tp1:hr>
</tp1:TrackPointExtension>
</extensions>
</trkpt>
<trkpt lat="58.63936988" lon="16.77252914">
<ele>53.8</ele>
<time>2026-03-22T11:19:36Z</time>
<extensions>
<tp1:TrackPointExtension>
<tp1:hr>164</tp1:hr>
</tp1:TrackPointExtension>
</extensions>
</trkpt>
<trkpt lat="58.63938295" lon="16.77257591">
<ele>54.0</ele>
<time>2026-03-22T11:19:37Z</time>
<extensions>
<tp1:TrackPointExtension>
<tp1:hr>164</tp1:hr>
</tp1:TrackPointExtension>
</extensions>
</trkpt>
<trkpt lat="58.63939393" lon="16.77261656">
<ele>53.8</ele>
<time>2026-03-22T11:19:38Z</time>
<extensions>
<tp1:TrackPointExtension>
<tp1:hr>163</tp1:hr>
</tp1:TrackPointExtension>
</extensions>
</trkpt>
<trkpt lat="58.63940726" lon="16.7726599">
<ele>53.8</ele>
<time>2026-03-22T11:19:39Z</time>
<extensions>
<tp1:TrackPointExtension>
<tp1:hr>163</tp1:hr>
</tp1:TrackPointExtension>
</extensions>
</trkpt>
<trkpt lat="58.63941916" lon="16.7727324">
<ele>53.6</ele>
<time>2026-03-22T11:19:40Z</time>
<extensions>
<tp1:TrackPointExtension>
<tp1:hr>163</tp1:hr>
</tp1:TrackPointExtension>
</extensions>
</trkpt>
<trkpt lat="58.63942587" lon="16.77278638">
<ele>53.6</ele>
<time>2026-03-22T11:19:41Z</time>
<extensions>
<tp1:TrackPointExtension>
<tp1:hr>163</tp1:hr>
</tp1:TrackPointExtension>
</extensions>
</trkpt>
<trkpt lat="58.63943123" lon="16.77283659">
<ele>53.6</ele>
<time>2026-03-22T11:19:42Z</time>
<extensions>
<tp1:TrackPointExtension>
<tp1:hr>163</tp1:hr>
</tp1:TrackPointExtension>
</extensions>
</trkpt>
<trkpt lat="58.63944179" lon="16.77287883">
<ele>53.6</ele>
<time>2026-03-22T11:19:43Z</time>
<extensions>
<tp1:TrackPointExtension>
<tp1:hr>163</tp1:hr>
</tp1:TrackPointExtension>
</extensions>
</trkpt>
<trkpt lat="58.63945889" lon="16.77292854">
<ele>53.6</ele>
<time>2026-03-22T11:19:44Z</time>
<extensions>
<tp1:TrackPointExtension>
<tp1:hr>163</tp1:hr>
</tp1:TrackPointExtension>
</extensions>
</trkpt>
<trkpt lat="58.63947457" lon="16.7729743">
<ele>53.8</ele>
<time>2026-03-22T11:19:45Z</time>
<extensions>
<tp1:TrackPointExtension>
<tp1:hr>163</tp1:hr>
</tp1:TrackPointExtension>
</extensions>
</trkpt>
<trkpt lat="58.6394858" lon="16.77300598">
<ele>53.8</ele>
<time>2026-03-22T11:19:46Z</time>
<extensions>
<tp1:TrackPointExtension>
<tp1:hr>162</tp1:hr>
</tp1:TrackPointExtension>
</extensions>
</trkpt>
<trkpt lat="58.63949611" lon="16.77303499">
<ele>54.0</ele>
<time>2026-03-22T11:19:47Z</time>
<extensions>
<tp1:TrackPointExtension>
<tp1:hr>161</tp1:hr>
</tp1:TrackPointExtension>
</extensions>
</trkpt>
<trkpt lat="58.63950298" lon="16.77308142">
<ele>54.2</ele>
<time>2026-03-22T11:19:48Z</time>
<extensions>
<tp1:TrackPointExtension>
<tp1:hr>162</tp1:hr>
</tp1:TrackPointExtension>
</extensions>
</trkpt>
<trkpt lat="58.63951346" lon="16.77313289">
<ele>54.4</ele>
<time>2026-03-22T11:19:49Z</time>
<extensions>
<tp1:TrackPointExtension>
<tp1:hr>162</tp1:hr>
</tp1:TrackPointExtension>
</extensions>
</trkpt>
<trkpt lat="58.63952368" lon="16.77318418">
<ele>54.4</ele>
<time>2026-03-22T11:19:50Z</time>
<extensions>
<tp1:TrackPointExtension>
<tp1:hr>162</tp1:hr>
</tp1:TrackPointExtension>
</extensions>
</trkpt>
<trkpt lat="58.63953349" lon="16.77323364">
<ele>54.4</ele>
<time>2026-03-22T11:19:51Z</time>
<extensions>
<tp1:TrackPointExtension>
<tp1:hr>163</tp1:hr>
</tp1:TrackPointExtension>
</extensions>
</trkpt>
<trkpt lat="58.63953081" lon="16.77328485">
<ele>54.2</ele>
<time>2026-03-22T11:19:52Z</time>
<extensions>
<tp1:TrackPointExtension>
<tp1:hr>163</tp1:hr>
</tp1:TrackPointExtension>
</extensions>
</trkpt>
<trkpt lat="58.63952503" lon="16.77333875">
<ele>54.4</ele>
<time>2026-03-22T11:19:53Z</time>
<extensions>
<tp1:TrackPointExtension>
<tp1:hr>164</tp1:hr>
</tp1:TrackPointExtension>
</extensions>
</trkpt>
<trkpt lat="58.63951958" lon="16.7733794">
<ele>54.4</ele>
<time>2026-03-22T11:19:54Z</time>
<extensions>
<tp1:TrackPointExtension>
<tp1:hr>164</tp1:hr>
</tp1:TrackPointExtension>
</extensions>
</trkpt>
<trkpt lat="58.63951296" lon="16.77343078">
<ele>54.6</ele>
<time>2026-03-22T11:19:55Z</time>
<extensions>
<tp1:TrackPointExtension>
<tp1:hr>164</tp1:hr>
</tp1:TrackPointExtension>
</extensions>
</trkpt>
<trkpt lat="58.63950642" lon="16.7734633">
<ele>54.8</ele>
<time>2026-03-22T11:19:56Z</time>
<extensions>
<tp1:TrackPointExtension>
<tp1:hr>164</tp1:hr>
</tp1:TrackPointExtension>
</extensions>
</trkpt>
<trkpt lat="58.63950617" lon="16.77350563">
<ele>55.0</ele>
<time>2026-03-22T11:19:57Z</time>
<extensions>
<tp1:TrackPointExtension>
<tp1:hr>164</tp1:hr>
</tp1:TrackPointExtension>
</extensions>
</trkpt>
<trkpt lat="58.63951346" lon="16.77355098">
<ele>55.0</ele>
<time>2026-03-22T11:19:58Z</time>
<extensions>
<tp1:TrackPointExtension>
<tp1:hr>164</tp1:hr>
</tp1:TrackPointExtension>
</extensions>
</trkpt>
<trkpt lat="58.63952016" lon="16.77360395">
<ele>55.2</ele>
<time>2026-03-22T11:19:59Z</time>
<extensions>
<tp1:TrackPointExtension>
<tp1:hr>164</tp1:hr>
</tp1:TrackPointExtension>
</extensions>
</trkpt>
<trkpt lat="58.63952737" lon="16.77364351">
<ele>55.4</ele>
<time>2026-03-22T11:20:00Z</time>
<extensions>
<tp1:TrackPointExtension>
<tp1:hr>164</tp1:hr>
</tp1:TrackPointExtension>
</extensions>
</trkpt>
<trkpt lat="58.63952905" lon="16.77367645">
<ele>55.6</ele>
<time>2026-03-22T11:20:01Z</time>
<extensions>
<tp1:TrackPointExtension>
<tp1:hr>164</tp1:hr>
</tp1:TrackPointExtension>
</extensions>
</trkpt>
<trkpt lat="58.63952603" lon="16.77370621">
<ele>56.0</ele>
<time>2026-03-22T11:20:02Z</time>
<extensions>
<tp1:TrackPointExtension>
<tp1:hr>164</tp1:hr>
</tp1:TrackPointExtension>
</extensions>
</trkpt>
<trkpt lat="58.63953626" lon="16.77373907">
<ele>56.4</ele>
<time>2026-03-22T11:20:03Z</time>
<extensions>
<tp1:TrackPointExtension>
<tp1:hr>164</tp1:hr>
</tp1:TrackPointExtension>
</extensions>
</trkpt>
<trkpt lat="58.63954615" lon="16.77379103">
<ele>56.6</ele>
<time>2026-03-22T11:20:04Z</time>
<extensions>
<tp1:TrackPointExtension>
<tp1:hr>165</tp1:hr>
</tp1:TrackPointExtension>
</extensions>
</trkpt>
<trkpt lat="58.63955302" lon="16.77383194">
<ele>56.8</ele>
<time>2026-03-22T11:20:05Z</time>
<extensions>
<tp1:TrackPointExtension>
<tp1:hr>164</tp1:hr>
</tp1:TrackPointExtension>
</extensions>
</trkpt>
<trkpt lat="58.63955679" lon="16.7738637">
<ele>57.2</ele>
<time>2026-03-22T11:20:06Z</time>
<extensions>
<tp1:TrackPointExtension>
<tp1:hr>164</tp1:hr>
</tp1:TrackPointExtension>
</extensions>
</trkpt>
<trkpt lat="58.63956216" lon="16.77388684">
<ele>57.4</ele>
<time>2026-03-22T11:20:07Z</time>
<extensions>
<tp1:TrackPointExtension>
<tp1:hr>164</tp1:hr>
</tp1:TrackPointExtension>
</extensions>
</trkpt>
<trkpt lat="58.63957322" lon="16.77392573">
<ele>57.6</ele>
<time>2026-03-22T11:20:08Z</time>
<extensions>
<tp1:TrackPointExtension>
<tp1:hr>164</tp1:hr>
</tp1:TrackPointExtension>
</extensions>
</trkpt>
<trkpt lat="58.63956559" lon="16.77398197">
<ele>58.0</ele>
<time>2026-03-22T11:20:09Z</time>
<extensions>
<tp1:TrackPointExtension>
<tp1:hr>164</tp1:hr>
</tp1:TrackPointExtension>
</extensions>
</trkpt>
<trkpt lat="58.63955579" lon="16.77401642">
<ele>58.4</ele>
<time>2026-03-22T11:20:10Z</time>
<extensions>
<tp1:TrackPointExtension>
<tp1:hr>164</tp1:hr>
</tp1:TrackPointExtension>
</extensions>
</trkpt>
<trkpt lat="58.63955042" lon="16.77404811">
<ele>58.8</ele>
<time>2026-03-22T11:20:11Z</time>
<extensions>
<tp1:TrackPointExtension>
<tp1:hr>164</tp1:hr>
</tp1:TrackPointExtension>
</extensions>
</trkpt>
<trkpt lat="58.6395469" lon="16.77406361">
<ele>59.4</ele>
<time>2026-03-22T11:20:12Z</time>
<extensions>
<tp1:TrackPointExtension>
<tp1:hr>164</tp1:hr>
</tp1:TrackPointExtension>
</extensions>
</trkpt>
<trkpt lat="58.63954967" lon="16.77410116">
<ele>59.8</ele>
<time>2026-03-22T11:20:13Z</time>
<extensions>
<tp1:TrackPointExtension>
<tp1:hr>164</tp1:hr>
</tp1:TrackPointExtension>
</extensions>
</trkpt>
<trkpt lat="58.63955026" lon="16.77415866">
<ele>60.4</ele>
<time>2026-03-22T11:20:14Z</time>
<extensions>
<tp1:TrackPointExtension>
<tp1:hr>165</tp1:hr>
</tp1:TrackPointExtension>
</extensions>
</trkpt>
<trkpt lat="58.63954875" lon="16.77421005">
<ele>60.8</ele>
<time>2026-03-22T11:20:15Z</time>
<extensions>
<tp1:TrackPointExtension>
<tp1:hr>165</tp1:hr>
</tp1:TrackPointExtension>
</extensions>
</trkpt>
<trkpt lat="58.63955612" lon="16.77425145">
<ele>61.2</ele>
<time>2026-03-22T11:20:16Z</time>
<extensions>
<tp1:TrackPointExtension>
<tp1:hr>165</tp1:hr>
</tp1:TrackPointExtension>
</extensions>
</trkpt>
<trkpt lat="58.63956534" lon="16.77428691">
<ele>61.4</ele>
<time>2026-03-22T11:20:17Z</time>
<extensions>
<tp1:TrackPointExtension>
<tp1:hr>165</tp1:hr>
</tp1:TrackPointExtension>
</extensions>
</trkpt>
<trkpt lat="58.63955059" lon="16.77432504">
<ele>61.6</ele>
<time>2026-03-22T11:20:18Z</time>
<extensions>
<tp1:TrackPointExtension>
<tp1:hr>165</tp1:hr>
</tp1:TrackPointExtension>
</extensions>
</trkpt>
<trkpt lat="58.63954992" lon="16.77433913">
<ele>61.8</ele>
<time>2026-03-22T11:20:19Z</time>
<extensions>
<tp1:TrackPointExtension>
<tp1:hr>164</tp1:hr>
</tp1:TrackPointExtension>
</extensions>
</trkpt>
<trkpt lat="58.63955227" lon="16.77436897">
<ele>62.2</ele>
<time>2026-03-22T11:20:20Z</time>
<extensions>
<tp1:TrackPointExtension>
<tp1:hr>165</tp1:hr>
</tp1:TrackPointExtension>
</extensions>
</trkpt>
<trkpt lat="58.63956182" lon="16.7743869">
<ele>62.8</ele>
<time>2026-03-22T11:20:21Z</time>
<extensions>
<tp1:TrackPointExtension>
<tp1:hr>165</tp1:hr>
</tp1:TrackPointExtension>
</extensions>
</trkpt>
<trkpt lat="58.63957247" lon="16.77440945">
<ele>63.4</ele>
<time>2026-03-22T11:20:22Z</time>
<extensions>
<tp1:TrackPointExtension>
<tp1:hr>165</tp1:hr>
</tp1:TrackPointExtension>
</extensions>
</trkpt>
<trkpt lat="58.6395889" lon="16.77443426">
<ele>63.8</ele>
<time>2026-03-22T11:20:23Z</time>
<extensions>
<tp1:TrackPointExtension>
<tp1:hr>165</tp1:hr>
</tp1:TrackPointExtension>
</extensions>
</trkpt>
<trkpt lat="58.63960918" lon="16.77445706">
<ele>64.0</ele>
<time>2026-03-22T11:20:24Z</time>
<extensions>
<tp1:TrackPointExtension>
<tp1:hr>165</tp1:hr>
</tp1:TrackPointExtension>
</extensions>
</trkpt>
<trkpt lat="58.63963055" lon="16.77449293">
<ele>63.9</ele>
<time>2026-03-22T11:20:25Z</time>
<extensions>
<tp1:TrackPointExtension>
<tp1:hr>165</tp1:hr>
</tp1:TrackPointExtension>
</extensions>
</trkpt>
<trkpt lat="58.63964832" lon="16.77452923">
<ele>63.7</ele>
<time>2026-03-22T11:20:26Z</time>
<extensions>
<tp1:TrackPointExtension>
<tp1:hr>165</tp1:hr>
</tp1:TrackPointExtension>
</extensions>
</trkpt>
<trkpt lat="58.63966224" lon="16.77455027">
<ele>63.3</ele>
<time>2026-03-22T11:20:27Z</time>
<extensions>
<tp1:TrackPointExtension>
<tp1:hr>165</tp1:hr>
</tp1:TrackPointExtension>
</extensions>
</trkpt>
<trkpt lat="58.63967473" lon="16.77455756">
<ele>63.1</ele>
<time>2026-03-22T11:20:28Z</time>
<extensions>
<tp1:TrackPointExtension>
<tp1:hr>166</tp1:hr>
</tp1:TrackPointExtension>
</extensions>
</trkpt>
<trkpt lat="58.63969183" lon="16.77457877">
<ele>62.9</ele>
<time>2026-03-22T11:20:29Z</time>
<extensions>
<tp1:TrackPointExtension>
<tp1:hr>166</tp1:hr>
</tp1:TrackPointExtension>
</extensions>
</trkpt>
<trkpt lat="58.63969317" lon="16.77460425">
<ele>62.7</ele>
<time>2026-03-22T11:20:30Z</time>
<extensions>
<tp1:TrackPointExtension>
<tp1:hr>166</tp1:hr>
</tp1:TrackPointExtension>
</extensions>
</trkpt>
<trkpt lat="58.63969401" lon="16.77462453">
<ele>62.5</ele>
<time>2026-03-22T11:20:31Z</time>
<extensions>
<tp1:TrackPointExtension>
<tp1:hr>166</tp1:hr>
</tp1:TrackPointExtension>
</extensions>
</trkpt>
<trkpt lat="58.63969509" lon="16.77464792">
<ele>62.5</ele>
<time>2026-03-22T11:20:32Z</time>
<extensions>
<tp1:TrackPointExtension>
<tp1:hr>166</tp1:hr>
</tp1:TrackPointExtension>
</extensions>
</trkpt>
<trkpt lat="58.63969367" lon="16.77467021">
<ele>62.7</ele>
<time>2026-03-22T11:20:33Z</time>
<extensions>
<tp1:TrackPointExtension>
<tp1:hr>166</tp1:hr>
</tp1:TrackPointExtension>
</extensions>
</trkpt>
<trkpt lat="58.63968998" lon="16.77469066">
<ele>62.7</ele>
<time>2026-03-22T11:20:34Z</time>
<extensions>
<tp1:TrackPointExtension>
<tp1:hr>166</tp1:hr>
</tp1:TrackPointExtension>
</extensions>
</trkpt>
<trkpt lat="58.6396821" lon="16.77472017">
<ele>62.7</ele>
<time>2026-03-22T11:20:35Z</time>
<extensions>
<tp1:TrackPointExtension>
<tp1:hr>165</tp1:hr>
</tp1:TrackPointExtension>
</extensions>
</trkpt>
<trkpt lat="58.63967481" lon="16.77475495">
<ele>62.9</ele>
<time>2026-03-22T11:20:36Z</time>
<extensions>
<tp1:TrackPointExtension>
<tp1:hr>166</tp1:hr>
</tp1:TrackPointExtension>
</extensions>
</trkpt>
<trkpt lat="58.63966316" lon="16.7747915">
<ele>63.3</ele>
<time>2026-03-22T11:20:37Z</time>
<extensions>
<tp1:TrackPointExtension>
<tp1:hr>166</tp1:hr>
</tp1:TrackPointExtension>
</extensions>
</trkpt>
<trkpt lat="58.63965235" lon="16.77483307">
<ele>63.7</ele>
<time>2026-03-22T11:20:38Z</time>
<extensions>
<tp1:TrackPointExtension>
<tp1:hr>165</tp1:hr>
</tp1:TrackPointExtension>
</extensions>
</trkpt>
<trkpt lat="58.63964514" lon="16.77487079">
<ele>63.9</ele>
<time>2026-03-22T11:20:39Z</time>
<extensions>
<tp1:TrackPointExtension>
<tp1:hr>165</tp1:hr>
</tp1:TrackPointExtension>
</extensions>
</trkpt>
<trkpt lat="58.63963332" lon="16.77492661">
<ele>64.1</ele>
<time>2026-03-22T11:20:40Z</time>
<extensions>
<tp1:TrackPointExtension>
<tp1:hr>165</tp1:hr>
</tp1:TrackPointExtension>
</extensions>
</trkpt>
<trkpt lat="58.63961999" lon="16.77497657">
<ele>64.3</ele>
<time>2026-03-22T11:20:41Z</time>
<extensions>
<tp1:TrackPointExtension>
<tp1:hr>165</tp1:hr>
</tp1:TrackPointExtension>
</extensions>
</trkpt>
<trkpt lat="58.63961337" lon="16.77501605">
<ele>64.3</ele>
<time>2026-03-22T11:20:42Z</time>
<extensions>
<tp1:TrackPointExtension>
<tp1:hr>165</tp1:hr>
</tp1:TrackPointExtension>
</extensions>
</trkpt>
<trkpt lat="58.6396148" lon="16.77505259">
<ele>64.5</ele>
<time>2026-03-22T11:20:43Z</time>
<extensions>
<tp1:TrackPointExtension>
<tp1:hr>165</tp1:hr>
</tp1:TrackPointExtension>
</extensions>
</trkpt>
<trkpt lat="58.63961807" lon="16.77510129">
<ele>64.5</ele>
<time>2026-03-22T11:20:44Z</time>
<extensions>
<tp1:TrackPointExtension>
<tp1:hr>165</tp1:hr>
</tp1:TrackPointExtension>
</extensions>
</trkpt>
<trkpt lat="58.63960935" lon="16.77514907">
<ele>64.7</ele>
<time>2026-03-22T11:20:45Z</time>
<extensions>
<tp1:TrackPointExtension>
<tp1:hr>165</tp1:hr>
</tp1:TrackPointExtension>
</extensions>
</trkpt>
<trkpt lat="58.63960273" lon="16.77520707">
<ele>64.7</ele>
<time>2026-03-22T11:20:46Z</time>
<extensions>
<tp1:TrackPointExtension>
<tp1:hr>165</tp1:hr>
</tp1:TrackPointExtension>
</extensions>
</trkpt>
<trkpt lat="58.63960222" lon="16.7752525">
<ele>64.9</ele>
<time>2026-03-22T11:20:47Z</time>
<extensions>
<tp1:TrackPointExtension>
<tp1:hr>165</tp1:hr>
</tp1:TrackPointExtension>
</extensions>
</trkpt>
<trkpt lat="58.639607" lon="16.77529575">
<ele>64.7</ele>
<time>2026-03-22T11:20:48Z</time>
<extensions>
<tp1:TrackPointExtension>
<tp1:hr>166</tp1:hr>
</tp1:TrackPointExtension>
</extensions>
</trkpt>
<trkpt lat="58.63961086" lon="16.77534194">
<ele>64.7</ele>
<time>2026-03-22T11:20:49Z</time>
<extensions>
<tp1:TrackPointExtension>
<tp1:hr>166</tp1:hr>
</tp1:TrackPointExtension>
</extensions>
</trkpt>
<trkpt lat="58.63960876" lon="16.77538946">
<ele>64.7</ele>
<time>2026-03-22T11:20:50Z</time>
<extensions>
<tp1:TrackPointExtension>
<tp1:hr>166</tp1:hr>
</tp1:TrackPointExtension>
</extensions>
</trkpt>
<trkpt lat="58.63960725" lon="16.77543757">
<ele>64.9</ele>
<time>2026-03-22T11:20:51Z</time>
<extensions>
<tp1:TrackPointExtension>
<tp1:hr>166</tp1:hr>
</tp1:TrackPointExtension>
</extensions>
</trkpt>
<trkpt lat="58.6396101" lon="16.77547135">
<ele>64.9</ele>
<time>2026-03-22T11:20:52Z</time>
<extensions>
<tp1:TrackPointExtension>
<tp1:hr>166</tp1:hr>
</tp1:TrackPointExtension>
</extensions>
</trkpt>
<trkpt lat="58.63961354" lon="16.77552634">
<ele>64.9</ele>
<time>2026-03-22T11:20:53Z</time>
<extensions>
<tp1:TrackPointExtension>
<tp1:hr>166</tp1:hr>
</tp1:TrackPointExtension>
</extensions>
</trkpt>
<trkpt lat="58.63961505" lon="16.77559398">
<ele>64.9</ele>
<time>2026-03-22T11:20:54Z</time>
<extensions>
<tp1:TrackPointExtension>
<tp1:hr>166</tp1:hr>
</tp1:TrackPointExtension>
</extensions>
</trkpt>
<trkpt lat="58.63960532" lon="16.77565509">
<ele>64.7</ele>
<time>2026-03-22T11:20:55Z</time>
<extensions>
<tp1:TrackPointExtension>
<tp1:hr>167</tp1:hr>
</tp1:TrackPointExtension>
</extensions>
</trkpt>
<trkpt lat="58.63959116" lon="16.77568677">
<ele>64.7</ele>
<time>2026-03-22T11:20:56Z</time>
<extensions>
<tp1:TrackPointExtension>
<tp1:hr>166</tp1:hr>
</tp1:TrackPointExtension>
</extensions>
</trkpt>
<trkpt lat="58.63957389" lon="16.77572021">
<ele>64.9</ele>
<time>2026-03-22T11:20:57Z</time>
<extensions>
<tp1:TrackPointExtension>
<tp1:hr>166</tp1:hr>
</tp1:TrackPointExtension>
</extensions>
</trkpt>
<trkpt lat="58.63956224" lon="16.7757591">
<ele>65.3</ele>
<time>2026-03-22T11:20:58Z</time>
<extensions>
<tp1:TrackPointExtension>
<tp1:hr>166</tp1:hr>
</tp1:TrackPointExtension>
</extensions>
</trkpt>
<trkpt lat="58.63954959" lon="16.77581409">
<ele>65.3</ele>
<time>2026-03-22T11:20:59Z</time>
<extensions>
<tp1:TrackPointExtension>
<tp1:hr>166</tp1:hr>
</tp1:TrackPointExtension>
</extensions>
</trkpt>
<trkpt lat="58.63953249" lon="16.77584477">
<ele>65.7</ele>
<time>2026-03-22T11:21:00Z</time>
<extensions>
<tp1:TrackPointExtension>
<tp1:hr>166</tp1:hr>
</tp1:TrackPointExtension>
</extensions>
</trkpt>
<trkpt lat="58.63951396" lon="16.77588056">
<ele>65.9</ele>
<time>2026-03-22T11:21:01Z</time>
<extensions>
<tp1:TrackPointExtension>
<tp1:hr>166</tp1:hr>
</tp1:TrackPointExtension>
</extensions>
</trkpt>
<trkpt lat="58.63949192" lon="16.77592188">
<ele>66.1</ele>
<time>2026-03-22T11:21:02Z</time>
<extensions>
<tp1:TrackPointExtension>
<tp1:hr>167</tp1:hr>
</tp1:TrackPointExtension>
</extensions>
</trkpt>
<trkpt lat="58.63947817" lon="16.77596354">
<ele>66.1</ele>
<time>2026-03-22T11:21:03Z</time>
<extensions>
<tp1:TrackPointExtension>
<tp1:hr>166</tp1:hr>
</tp1:TrackPointExtension>
</extensions>
</trkpt>
<trkpt lat="58.63946434" lon="16.77599254">
<ele>66.1</ele>
<time>2026-03-22T11:21:04Z</time>
<extensions>
<tp1:TrackPointExtension>
<tp1:hr>166</tp1:hr>
</tp1:TrackPointExtension>
</extensions>
</trkpt>
<trkpt lat="58.63945596" lon="16.77603361">
<ele>66.1</ele>
<time>2026-03-22T11:21:05Z</time>
<extensions>
<tp1:TrackPointExtension>
<tp1:hr>166</tp1:hr>
</tp1:TrackPointExtension>
</extensions>
</trkpt>
<trkpt lat="58.63944003" lon="16.77610192">
<ele>65.9</ele>
<time>2026-03-22T11:21:06Z</time>
<extensions>
<tp1:TrackPointExtension>
<tp1:hr>167</tp1:hr>
</tp1:TrackPointExtension>
</extensions>
</trkpt>
<trkpt lat="58.63941975" lon="16.77614107">
<ele>65.9</ele>
<time>2026-03-22T11:21:07Z</time>
<extensions>
<tp1:TrackPointExtension>
<tp1:hr>166</tp1:hr>
</tp1:TrackPointExtension>
</extensions>
</trkpt>
<trkpt lat="58.63939787" lon="16.77618231">
<ele>65.7</ele>
<time>2026-03-22T11:21:08Z</time>
<extensions>
<tp1:TrackPointExtension>
<tp1:hr>166</tp1:hr>
</tp1:TrackPointExtension>
</extensions>
</trkpt>
<trkpt lat="58.63937885" lon="16.7762207">
<ele>65.7</ele>
<time>2026-03-22T11:21:09Z</time>
<extensions>
<tp1:TrackPointExtension>
<tp1:hr>166</tp1:hr>
</tp1:TrackPointExtension>
</extensions>
</trkpt>
<trkpt lat="58.63935261" lon="16.77624844">
<ele>65.7</ele>
<time>2026-03-22T11:21:10Z</time>
<extensions>
<tp1:TrackPointExtension>
<tp1:hr>165</tp1:hr>
</tp1:TrackPointExtension>
</extensions>
</trkpt>
<trkpt lat="58.63933484" lon="16.77628071">
<ele>65.7</ele>
<time>2026-03-22T11:21:11Z</time>
<extensions>
<tp1:TrackPointExtension>
<tp1:hr>165</tp1:hr>
</tp1:TrackPointExtension>
</extensions>
</trkpt>
<trkpt lat="58.63931623" lon="16.77632279">
<ele>65.9</ele>
<time>2026-03-22T11:21:12Z</time>
<extensions>
<tp1:TrackPointExtension>
<tp1:hr>164</tp1:hr>
</tp1:TrackPointExtension>
</extensions>
</trkpt>
<trkpt lat="58.63928882" lon="16.77636989">
<ele>65.9</ele>
<time>2026-03-22T11:21:13Z</time>
<extensions>
<tp1:TrackPointExtension>
<tp1:hr>164</tp1:hr>
</tp1:TrackPointExtension>
</extensions>
</trkpt>
<trkpt lat="58.63927206" lon="16.77640744">
<ele>65.9</ele>
<time>2026-03-22T11:21:14Z</time>
<extensions>
<tp1:TrackPointExtension>
<tp1:hr>164</tp1:hr>
</tp1:TrackPointExtension>
</extensions>
</trkpt>
<trkpt lat="58.63925857" lon="16.7764781">
<ele>66.1</ele>
<time>2026-03-22T11:21:15Z</time>
<extensions>
<tp1:TrackPointExtension>
<tp1:hr>164</tp1:hr>
</tp1:TrackPointExtension>
</extensions>
</trkpt>
<trkpt lat="58.63924775" lon="16.77654332">
<ele>66.1</ele>
<time>2026-03-22T11:21:16Z</time>
<extensions>
<tp1:TrackPointExtension>
<tp1:hr>164</tp1:hr>
</tp1:TrackPointExtension>
</extensions>
</trkpt>
<trkpt lat="58.63924147" lon="16.77660308">
<ele>65.9</ele>
<time>2026-03-22T11:21:17Z</time>
<extensions>
<tp1:TrackPointExtension>
<tp1:hr>163</tp1:hr>
</tp1:TrackPointExtension>
</extensions>
</trkpt>
<trkpt lat="58.63921816" lon="16.77665924">
<ele>65.7</ele>
<time>2026-03-22T11:21:18Z</time>
<extensions>
<tp1:TrackPointExtension>
<tp1:hr>163</tp1:hr>
</tp1:TrackPointExtension>
</extensions>
</trkpt>
<trkpt lat="58.63918765" lon="16.77671012">
<ele>65.7</ele>
<time>2026-03-22T11:21:19Z</time>
<extensions>
<tp1:TrackPointExtension>
<tp1:hr>163</tp1:hr>
</tp1:TrackPointExtension>
</extensions>
</trkpt>
<trkpt lat="58.63916167" lon="16.77675001">
<ele>65.5</ele>
<time>2026-03-22T11:21:20Z</time>
<extensions>
<tp1:TrackPointExtension>
<tp1:hr>163</tp1:hr>
</tp1:TrackPointExtension>
</extensions>
</trkpt>
<trkpt lat="58.63914248" lon="16.77679117">
<ele>65.5</ele>
<time>2026-03-22T11:21:21Z</time>
<extensions>
<tp1:TrackPointExtension>
<tp1:hr>164</tp1:hr>
</tp1:TrackPointExtension>
</extensions>
</trkpt>
<trkpt lat="58.63912513" lon="16.77683978">
<ele>65.5</ele>
<time>2026-03-22T11:21:22Z</time>
<extensions>
<tp1:TrackPointExtension>
<tp1:hr>164</tp1:hr>
</tp1:TrackPointExtension>
</extensions>
</trkpt>
<trkpt lat="58.63910191" lon="16.77689158">
<ele>65.5</ele>
<time>2026-03-22T11:21:23Z</time>
<extensions>
<tp1:TrackPointExtension>
<tp1:hr>164</tp1:hr>
</tp1:TrackPointExtension>
</extensions>
</trkpt>
<trkpt lat="58.6390781" lon="16.77691765">
<ele>65.5</ele>
<time>2026-03-22T11:21:24Z</time>
<extensions>
<tp1:TrackPointExtension>
<tp1:hr>164</tp1:hr>
</tp1:TrackPointExtension>
</extensions>
</trkpt>
<trkpt lat="58.63906134" lon="16.77695168">
<ele>65.5</ele>
<time>2026-03-22T11:21:25Z</time>
<extensions>
<tp1:TrackPointExtension>
<tp1:hr>165</tp1:hr>
</tp1:TrackPointExtension>
</extensions>
</trkpt>
<trkpt lat="58.63905807" lon="16.77700918">
<ele>65.5</ele>
<time>2026-03-22T11:21:26Z</time>
<extensions>
<tp1:TrackPointExtension>
<tp1:hr>165</tp1:hr>
</tp1:TrackPointExtension>
</extensions>
</trkpt>
<trkpt lat="58.63906042" lon="16.77706249">
<ele>65.5</ele>
<time>2026-03-22T11:21:27Z</time>
<extensions>
<tp1:TrackPointExtension>
<tp1:hr>165</tp1:hr>
</tp1:TrackPointExtension>
</extensions>
</trkpt>
<trkpt lat="58.63904541" lon="16.7771184">
<ele>65.5</ele>
<time>2026-03-22T11:21:28Z</time>
<extensions>
<tp1:TrackPointExtension>
<tp1:hr>165</tp1:hr>
</tp1:TrackPointExtension>
</extensions>
</trkpt>
<trkpt lat="58.63903276" lon="16.77716592">
<ele>65.5</ele>
<time>2026-03-22T11:21:29Z</time>
<extensions>
<tp1:TrackPointExtension>
<tp1:hr>164</tp1:hr>
</tp1:TrackPointExtension>
</extensions>
</trkpt>
<trkpt lat="58.6390201" lon="16.77722091">
<ele>65.3</ele>
<time>2026-03-22T11:21:30Z</time>
<extensions>
<tp1:TrackPointExtension>
<tp1:hr>164</tp1:hr>
</tp1:TrackPointExtension>
</extensions>
</trkpt>
<trkpt lat="58.63900292" lon="16.77726835">
<ele>65.1</ele>
<time>2026-03-22T11:21:31Z</time>
<extensions>
<tp1:TrackPointExtension>
<tp1:hr>163</tp1:hr>
</tp1:TrackPointExtension>
</extensions>
</trkpt>
<trkpt lat="58.63898079" lon="16.77733071">
<ele>64.9</ele>
<time>2026-03-22T11:21:32Z</time>
<extensions>
<tp1:TrackPointExtension>
<tp1:hr>163</tp1:hr>
</tp1:TrackPointExtension>
</extensions>
</trkpt>
<trkpt lat="58.63895673" lon="16.77738897">
<ele>64.7</ele>
<time>2026-03-22T11:21:33Z</time>
<extensions>
<tp1:TrackPointExtension>
<tp1:hr>163</tp1:hr>
</tp1:TrackPointExtension>
</extensions>
</trkpt>
<trkpt lat="58.63893779" lon="16.77742442">
<ele>64.3</ele>
<time>2026-03-22T11:21:34Z</time>
<extensions>
<tp1:TrackPointExtension>
<tp1:hr>163</tp1:hr>
</tp1:TrackPointExtension>
</extensions>
</trkpt>
<trkpt lat="58.63891675" lon="16.77746415">
<ele>64.3</ele>
<time>2026-03-22T11:21:35Z</time>
<extensions>
<tp1:TrackPointExtension>
<tp1:hr>162</tp1:hr>
</tp1:TrackPointExtension>
</extensions>
</trkpt>
<trkpt lat="58.63889144" lon="16.77748477">
<ele>64.3</ele>
<time>2026-03-22T11:21:36Z</time>
<extensions>
<tp1:TrackPointExtension>
<tp1:hr>163</tp1:hr>
</tp1:TrackPointExtension>
</extensions>
</trkpt>
<trkpt lat="58.63886487" lon="16.77749282">
<ele>64.1</ele>
<time>2026-03-22T11:21:37Z</time>
<extensions>
<tp1:TrackPointExtension>
<tp1:hr>163</tp1:hr>
</tp1:TrackPointExtension>
</extensions>
</trkpt>
<trkpt lat="58.63883654" lon="16.77750497">
<ele>64.1</ele>
<time>2026-03-22T11:21:38Z</time>
<extensions>
<tp1:TrackPointExtension>
<tp1:hr>163</tp1:hr>
</tp1:TrackPointExtension>
</extensions>
</trkpt>
<trkpt lat="58.6388124" lon="16.77758762">
<ele>64.1</ele>
<time>2026-03-22T11:21:39Z</time>
<extensions>
<tp1:TrackPointExtension>
<tp1:hr>164</tp1:hr>
</tp1:TrackPointExtension>
</extensions>
</trkpt>
<trkpt lat="58.6387953" lon="16.7776281">
<ele>64.3</ele>
<time>2026-03-22T11:21:40Z</time>
<extensions>
<tp1:TrackPointExtension>
<tp1:hr>164</tp1:hr>
</tp1:TrackPointExtension>
</extensions>
</trkpt>
<trkpt lat="58.63878029" lon="16.77769189">
<ele>64.5</ele>
<time>2026-03-22T11:21:41Z</time>
<extensions>
<tp1:TrackPointExtension>
<tp1:hr>164</tp1:hr>
</tp1:TrackPointExtension>
</extensions>
</trkpt>
<trkpt lat="58.63876688" lon="16.77776028">
<ele>64.5</ele>
<time>2026-03-22T11:21:42Z</time>
<extensions>
<tp1:TrackPointExtension>
<tp1:hr>163</tp1:hr>
</tp1:TrackPointExtension>
</extensions>
</trkpt>
<trkpt lat="58.6387549" lon="16.77781845">
<ele>64.7</ele>
<time>2026-03-22T11:21:43Z</time>
<extensions>
<tp1:TrackPointExtension>
<tp1:hr>164</tp1:hr>
</tp1:TrackPointExtension>
</extensions>
</trkpt>
<trkpt lat="58.638744" lon="16.77787017">
<ele>64.7</ele>
<time>2026-03-22T11:21:44Z</time>
<extensions>
<tp1:TrackPointExtension>
<tp1:hr>164</tp1:hr>
</tp1:TrackPointExtension>
</extensions>
</trkpt>
<trkpt lat="58.63873562" lon="16.77791619">
<ele>64.7</ele>
<time>2026-03-22T11:21:45Z</time>
<extensions>
<tp1:TrackPointExtension>
<tp1:hr>164</tp1:hr>
</tp1:TrackPointExtension>
</extensions>
</trkpt>
<trkpt lat="58.63874392" lon="16.77800487">
<ele>64.5</ele>
<time>2026-03-22T11:21:46Z</time>
<extensions>
<tp1:TrackPointExtension>
<tp1:hr>164</tp1:hr>
</tp1:TrackPointExtension>
</extensions>
</trkpt>
<trkpt lat="58.63874836" lon="16.7780648">
<ele>64.3</ele>
<time>2026-03-22T11:21:47Z</time>
<extensions>
<tp1:TrackPointExtension>
<tp1:hr>164</tp1:hr>
</tp1:TrackPointExtension>
</extensions>
</trkpt>
<trkpt lat="58.63874023" lon="16.77812599">
<ele>63.9</ele>
<time>2026-03-22T11:21:48Z</time>
<extensions>
<tp1:TrackPointExtension>
<tp1:hr>164</tp1:hr>
</tp1:TrackPointExtension>
</extensions>
</trkpt>
<trkpt lat="58.63874056" lon="16.77819706">
<ele>63.5</ele>
<time>2026-03-22T11:21:49Z</time>
<extensions>
<tp1:TrackPointExtension>
<tp1:hr>164</tp1:hr>
</tp1:TrackPointExtension>
</extensions>
</trkpt>
<trkpt lat="58.63874509" lon="16.77825775">
<ele>63.3</ele>
<time>2026-03-22T11:21:50Z</time>
<extensions>
<tp1:TrackPointExtension>
<tp1:hr>164</tp1:hr>
</tp1:TrackPointExtension>
</extensions>
</trkpt>
<trkpt lat="58.63874526" lon="16.77830008">
<ele>63.1</ele>
<time>2026-03-22T11:21:51Z</time>
<extensions>
<tp1:TrackPointExtension>
<tp1:hr>164</tp1:hr>
</tp1:TrackPointExtension>
</extensions>
</trkpt>
<trkpt lat="58.63875322" lon="16.77835515">
<ele>63.1</ele>
<time>2026-03-22T11:21:52Z</time>
<extensions>
<tp1:TrackPointExtension>
<tp1:hr>163</tp1:hr>
</tp1:TrackPointExtension>
</extensions>
</trkpt>
<trkpt lat="58.63877728" lon="16.77841231">
<ele>63.1</ele>
<time>2026-03-22T11:21:53Z</time>
<extensions>
<tp1:TrackPointExtension>
<tp1:hr>164</tp1:hr>
</tp1:TrackPointExtension>
</extensions>
</trkpt>
<trkpt lat="58.63880175" lon="16.77845808">
<ele>63.1</ele>
<time>2026-03-22T11:21:54Z</time>
<extensions>
<tp1:TrackPointExtension>
<tp1:hr>164</tp1:hr>
</tp1:TrackPointExtension>
</extensions>
</trkpt>
<trkpt lat="58.63880879" lon="16.77849001">
<ele>63.3</ele>
<time>2026-03-22T11:21:55Z</time>
<extensions>
<tp1:TrackPointExtension>
<tp1:hr>163</tp1:hr>
</tp1:TrackPointExtension>
</extensions>
</trkpt>
<trkpt lat="58.63883285" lon="16.77853343">
<ele>63.5</ele>
<time>2026-03-22T11:21:56Z</time>
<extensions>
<tp1:TrackPointExtension>
<tp1:hr>164</tp1:hr>
</tp1:TrackPointExtension>
</extensions>
</trkpt>
<trkpt lat="58.63885053" lon="16.77858062">
<ele>63.9</ele>
<time>2026-03-22T11:21:57Z</time>
<extensions>
<tp1:TrackPointExtension>
<tp1:hr>164</tp1:hr>
</tp1:TrackPointExtension>
</extensions>
</trkpt>
<trkpt lat="58.63886185" lon="16.77861893">
<ele>64.1</ele>
<time>2026-03-22T11:21:58Z</time>
<extensions>
<tp1:TrackPointExtension>
<tp1:hr>163</tp1:hr>
</tp1:TrackPointExtension>
</extensions>
</trkpt>
<trkpt lat="58.63887006" lon="16.77866251">
<ele>64.5</ele>
<time>2026-03-22T11:21:59Z</time>
<extensions>
<tp1:TrackPointExtension>
<tp1:hr>164</tp1:hr>
</tp1:TrackPointExtension>
</extensions>
</trkpt>
<trkpt lat="58.63887358" lon="16.77871272">
<ele>64.5</ele>
<time>2026-03-22T11:22:00Z</time>
<extensions>
<tp1:TrackPointExtension>
<tp1:hr>164</tp1:hr>
</tp1:TrackPointExtension>
</extensions>
</trkpt>
<trkpt lat="58.63887669" lon="16.77876561">
<ele>64.7</ele>
<time>2026-03-22T11:22:01Z</time>
<extensions>
<tp1:TrackPointExtension>
<tp1:hr>163</tp1:hr>
</tp1:TrackPointExtension>
</extensions>
</trkpt>
<trkpt lat="58.63887551" lon="16.7788149">
<ele>64.4</ele>
<time>2026-03-22T11:22:02Z</time>
<extensions>
<tp1:TrackPointExtension>
<tp1:hr>164</tp1:hr>
</tp1:TrackPointExtension>
</extensions>
</trkpt>
<trkpt lat="58.63887761" lon="16.77885203">
<ele>64.2</ele>
<time>2026-03-22T11:22:03Z</time>
<extensions>
<tp1:TrackPointExtension>
<tp1:hr>164</tp1:hr>
</tp1:TrackPointExtension>
</extensions>
</trkpt>
<trkpt lat="58.63887887" lon="16.77889436">
<ele>64.0</ele>
<time>2026-03-22T11:22:04Z</time>
<extensions>
<tp1:TrackPointExtension>
<tp1:hr>164</tp1:hr>
</tp1:TrackPointExtension>
</extensions>
</trkpt>
<trkpt lat="58.63887434" lon="16.77893174">
<ele>64.0</ele>
<time>2026-03-22T11:22:05Z</time>
<extensions>
<tp1:TrackPointExtension>
<tp1:hr>163</tp1:hr>
</tp1:TrackPointExtension>
</extensions>
</trkpt>
<trkpt lat="58.6388678" lon="16.77897474">
<ele>64.0</ele>
<time>2026-03-22T11:22:06Z</time>
<extensions>
<tp1:TrackPointExtension>
<tp1:hr>163</tp1:hr>
</tp1:TrackPointExtension>
</extensions>
</trkpt>
<trkpt lat="58.6388538" lon="16.77900952">
<ele>64.0</ele>
<time>2026-03-22T11:22:07Z</time>
<extensions>
<tp1:TrackPointExtension>
<tp1:hr>163</tp1:hr>
</tp1:TrackPointExtension>
</extensions>
</trkpt>
<trkpt lat="58.63884676" lon="16.77905118">
<ele>64.0</ele>
<time>2026-03-22T11:22:08Z</time>
<extensions>
<tp1:TrackPointExtension>
<tp1:hr>164</tp1:hr>
</tp1:TrackPointExtension>
</extensions>
</trkpt>
<trkpt lat="58.63884274" lon="16.77909301">
<ele>64.2</ele>
<time>2026-03-22T11:22:09Z</time>
<extensions>
<tp1:TrackPointExtension>
<tp1:hr>164</tp1:hr>
</tp1:TrackPointExtension>
</extensions>
</trkpt>
<trkpt lat="58.63882757" lon="16.77912461">
<ele>64.0</ele>
<time>2026-03-22T11:22:10Z</time>
<extensions>
<tp1:TrackPointExtension>
<tp1:hr>164</tp1:hr>
</tp1:TrackPointExtension>
</extensions>
</trkpt>
<trkpt lat="58.63880443" lon="16.77916735">
<ele>64.0</ele>
<time>2026-03-22T11:22:11Z</time>
<extensions>
<tp1:TrackPointExtension>
<tp1:hr>164</tp1:hr>
</tp1:TrackPointExtension>
</extensions>
</trkpt>
<trkpt lat="58.63878801" lon="16.77919711">
<ele>63.8</ele>
<time>2026-03-22T11:22:12Z</time>
<extensions>
<tp1:TrackPointExtension>
<tp1:hr>164</tp1:hr>
</tp1:TrackPointExtension>
</extensions>
</trkpt>
<trkpt lat="58.63876068" lon="16.77923818">
<ele>63.4</ele>
<time>2026-03-22T11:22:13Z</time>
<extensions>
<tp1:TrackPointExtension>
<tp1:hr>164</tp1:hr>
</tp1:TrackPointExtension>
</extensions>
</trkpt>
<trkpt lat="58.63872665" lon="16.77927355">
<ele>62.8</ele>
<time>2026-03-22T11:22:14Z</time>
<extensions>
<tp1:TrackPointExtension>
<tp1:hr>165</tp1:hr>
</tp1:TrackPointExtension>
</extensions>
</trkpt>
<trkpt lat="58.63870008" lon="16.77931211">
<ele>62.4</ele>
<time>2026-03-22T11:22:15Z</time>
<extensions>
<tp1:TrackPointExtension>
<tp1:hr>164</tp1:hr>
</tp1:TrackPointExtension>
</extensions>
</trkpt>
<trkpt lat="58.63868407" lon="16.77935628">
<ele>62.2</ele>
<time>2026-03-22T11:22:16Z</time>
<extensions>
<tp1:TrackPointExtension>
<tp1:hr>164</tp1:hr>
</tp1:TrackPointExtension>
</extensions>
</trkpt>
<trkpt lat="58.63865649" lon="16.77940481">
<ele>62.0</ele>
<time>2026-03-22T11:22:17Z</time>
<extensions>
<tp1:TrackPointExtension>
<tp1:hr>164</tp1:hr>
</tp1:TrackPointExtension>
</extensions>
</trkpt>
<trkpt lat="58.6386285" lon="16.77942971">
<ele>61.6</ele>
<time>2026-03-22T11:22:18Z</time>
<extensions>
<tp1:TrackPointExtension>
<tp1:hr>164</tp1:hr>
</tp1:TrackPointExtension>
</extensions>
</trkpt>
<trkpt lat="58.63858935" lon="16.77945008">
<ele>61.4</ele>
<time>2026-03-22T11:22:19Z</time>
<extensions>
<tp1:TrackPointExtension>
<tp1:hr>164</tp1:hr>
</tp1:TrackPointExtension>
</extensions>
</trkpt>
<trkpt lat="58.63855683" lon="16.77945209">
<ele>61.4</ele>
<time>2026-03-22T11:22:20Z</time>
<extensions>
<tp1:TrackPointExtension>
<tp1:hr>164</tp1:hr>
</tp1:TrackPointExtension>
</extensions>
</trkpt>
<trkpt lat="58.63853127" lon="16.77947505">
<ele>61.2</ele>
<time>2026-03-22T11:22:21Z</time>
<extensions>
<tp1:TrackPointExtension>
<tp1:hr>164</tp1:hr>
</tp1:TrackPointExtension>
</extensions>
</trkpt>
<trkpt lat="58.63850319" lon="16.77950506">
<ele>61.2</ele>
<time>2026-03-22T11:22:22Z</time>
<extensions>
<tp1:TrackPointExtension>
<tp1:hr>163</tp1:hr>
</tp1:TrackPointExtension>
</extensions>
</trkpt>
<trkpt lat="58.63848324" lon="16.77953574">
<ele>61.2</ele>
<time>2026-03-22T11:22:23Z</time>
<extensions>
<tp1:TrackPointExtension>
<tp1:hr>163</tp1:hr>
</tp1:TrackPointExtension>
</extensions>
</trkpt>
<trkpt lat="58.63846254" lon="16.77957379">
<ele>61.2</ele>
<time>2026-03-22T11:22:24Z</time>
<extensions>
<tp1:TrackPointExtension>
<tp1:hr>163</tp1:hr>
</tp1:TrackPointExtension>
</extensions>
</trkpt>
<trkpt lat="58.63843286" lon="16.77960531">
<ele>61.0</ele>
<time>2026-03-22T11:22:25Z</time>
<extensions>
<tp1:TrackPointExtension>
<tp1:hr>163</tp1:hr>
</tp1:TrackPointExtension>
</extensions>
</trkpt>
<trkpt lat="58.63839045" lon="16.77964202">
<ele>60.8</ele>
<time>2026-03-22T11:22:26Z</time>
<extensions>
<tp1:TrackPointExtension>
<tp1:hr>163</tp1:hr>
</tp1:TrackPointExtension>
</extensions>
</trkpt>
<trkpt lat="58.63836288" lon="16.77966222">
<ele>60.8</ele>
<time>2026-03-22T11:22:27Z</time>
<extensions>
<tp1:TrackPointExtension>
<tp1:hr>162</tp1:hr>
</tp1:TrackPointExtension>
</extensions>
</trkpt>
<trkpt lat="58.63833798" lon="16.77969173">
<ele>61.0</ele>
<time>2026-03-22T11:22:28Z</time>
<extensions>
<tp1:TrackPointExtension>
<tp1:hr>161</tp1:hr>
</tp1:TrackPointExtension>
</extensions>
</trkpt>
<trkpt lat="58.63830118" lon="16.77971327">
<ele>61.2</ele>
<time>2026-03-22T11:22:29Z</time>
<extensions>
<tp1:TrackPointExtension>
<tp1:hr>160</tp1:hr>
</tp1:TrackPointExtension>
</extensions>
</trkpt>
<trkpt lat="58.63827813" lon="16.77972517">
<ele>61.4</ele>
<time>2026-03-22T11:22:30Z</time>
<extensions>
<tp1:TrackPointExtension>
<tp1:hr>160</tp1:hr>
</tp1:TrackPointExtension>
</extensions>
</trkpt>
<trkpt lat="58.63825324" lon="16.77974604">
<ele>61.8</ele>
<time>2026-03-22T11:22:31Z</time>
<extensions>
<tp1:TrackPointExtension>
<tp1:hr>160</tp1:hr>
</tp1:TrackPointExtension>
</extensions>
</trkpt>
<trkpt lat="58.63822415" lon="16.77976054">
<ele>61.8</ele>
<time>2026-03-22T11:22:32Z</time>
<extensions>
<tp1:TrackPointExtension>
<tp1:hr>160</tp1:hr>
</tp1:TrackPointExtension>
</extensions>
</trkpt>
<trkpt lat="58.6382011" lon="16.77978569">
<ele>62.0</ele>
<time>2026-03-22T11:22:33Z</time>
<extensions>
<tp1:TrackPointExtension>
<tp1:hr>159</tp1:hr>
</tp1:TrackPointExtension>
</extensions>
</trkpt>
<trkpt lat="58.63818007" lon="16.77981368">
<ele>62.0</ele>
<time>2026-03-22T11:22:34Z</time>
<extensions>
<tp1:TrackPointExtension>
<tp1:hr>159</tp1:hr>
</tp1:TrackPointExtension>
</extensions>
</trkpt>
<trkpt lat="58.63815475" lon="16.77982173">
<ele>62.2</ele>
<time>2026-03-22T11:22:35Z</time>
<extensions>
<tp1:TrackPointExtension>
<tp1:hr>159</tp1:hr>
</tp1:TrackPointExtension>
</extensions>
</trkpt>
<trkpt lat="58.63812349" lon="16.7798483">
<ele>62.2</ele>
<time>2026-03-22T11:22:36Z</time>
<extensions>
<tp1:TrackPointExtension>
<tp1:hr>158</tp1:hr>
</tp1:TrackPointExtension>
</extensions>
</trkpt>
<trkpt lat="58.63810538" lon="16.77985819">
<ele>62.4</ele>
<time>2026-03-22T11:22:37Z</time>
<extensions>
<tp1:TrackPointExtension>
<tp1:hr>159</tp1:hr>
</tp1:TrackPointExtension>
</extensions>
</trkpt>
<trkpt lat="58.63808527" lon="16.77986255">
<ele>62.6</ele>
<time>2026-03-22T11:22:38Z</time>
<extensions>
<tp1:TrackPointExtension>
<tp1:hr>159</tp1:hr>
</tp1:TrackPointExtension>
</extensions>
</trkpt>
<trkpt lat="58.63805702" lon="16.77984327">
<ele>62.8</ele>
<time>2026-03-22T11:22:39Z</time>
<extensions>
<tp1:TrackPointExtension>
<tp1:hr>160</tp1:hr>
</tp1:TrackPointExtension>
</extensions>
</trkpt>
<trkpt lat="58.63802877" lon="16.77984201">
<ele>63.0</ele>
<time>2026-03-22T11:22:40Z</time>
<extensions>
<tp1:TrackPointExtension>
<tp1:hr>161</tp1:hr>
</tp1:TrackPointExtension>
</extensions>
</trkpt>
<trkpt lat="58.63801218" lon="16.7798509">
<ele>63.2</ele>
<time>2026-03-22T11:22:41Z</time>
<extensions>
<tp1:TrackPointExtension>
<tp1:hr>161</tp1:hr>
</tp1:TrackPointExtension>
</extensions>
</trkpt>
<trkpt lat="58.63798879" lon="16.7798721">
<ele>63.4</ele>
<time>2026-03-22T11:22:42Z</time>
<extensions>
<tp1:TrackPointExtension>
<tp1:hr>162</tp1:hr>
</tp1:TrackPointExtension>
</extensions>
</trkpt>
<trkpt lat="58.63796834" lon="16.77989725">
<ele>63.8</ele>
<time>2026-03-22T11:22:43Z</time>
<extensions>
<tp1:TrackPointExtension>
<tp1:hr>162</tp1:hr>
</tp1:TrackPointExtension>
</extensions>
</trkpt>
<trkpt lat="58.63795007" lon="16.77991695">
<ele>64.2</ele>
<time>2026-03-22T11:22:44Z</time>
<extensions>
<tp1:TrackPointExtension>
<tp1:hr>162</tp1:hr>
</tp1:TrackPointExtension>
</extensions>
</trkpt>
<trkpt lat="58.63792844" lon="16.77993262">
<ele>64.6</ele>
<time>2026-03-22T11:22:45Z</time>
<extensions>
<tp1:TrackPointExtension>
<tp1:hr>162</tp1:hr>
</tp1:TrackPointExtension>
</extensions>
</trkpt>
<trkpt lat="58.63790589" lon="16.77995559">
<ele>65.0</ele>
<time>2026-03-22T11:22:46Z</time>
<extensions>
<tp1:TrackPointExtension>
<tp1:hr>162</tp1:hr>
</tp1:TrackPointExtension>
</extensions>
</trkpt>
<trkpt lat="58.63787899" lon="16.77998727">
<ele>65.0</ele>
<time>2026-03-22T11:22:47Z</time>
<extensions>
<tp1:TrackPointExtension>
<tp1:hr>162</tp1:hr>
</tp1:TrackPointExtension>
</extensions>
</trkpt>
<trkpt lat="58.63785736" lon="16.78000831">
<ele>65.2</ele>
<time>2026-03-22T11:22:48Z</time>
<extensions>
<tp1:TrackPointExtension>
<tp1:hr>162</tp1:hr>
</tp1:TrackPointExtension>
</extensions>
</trkpt>
<trkpt lat="58.63782912" lon="16.78003228">
<ele>65.0</ele>
<time>2026-03-22T11:22:49Z</time>
<extensions>
<tp1:TrackPointExtension>
<tp1:hr>163</tp1:hr>
</tp1:TrackPointExtension>
</extensions>
</trkpt>
<trkpt lat="58.6378028" lon="16.78004645">
<ele>65.0</ele>
<time>2026-03-22T11:22:50Z</time>
<extensions>
<tp1:TrackPointExtension>
<tp1:hr>163</tp1:hr>
</tp1:TrackPointExtension>
</extensions>
</trkpt>
<trkpt lat="58.63777312" lon="16.78005257">
<ele>65.0</ele>
<time>2026-03-22T11:22:51Z</time>
<extensions>
<tp1:TrackPointExtension>
<tp1:hr>163</tp1:hr>
</tp1:TrackPointExtension>
</extensions>
</trkpt>
<trkpt lat="58.63776022" lon="16.78006061">
<ele>65.0</ele>
<time>2026-03-22T11:22:52Z</time>
<extensions>
<tp1:TrackPointExtension>
<tp1:hr>164</tp1:hr>
</tp1:TrackPointExtension>
</extensions>
</trkpt>
<trkpt lat="58.63773666" lon="16.7800814">
<ele>65.0</ele>
<time>2026-03-22T11:22:53Z</time>
<extensions>
<tp1:TrackPointExtension>
<tp1:hr>164</tp1:hr>
</tp1:TrackPointExtension>
</extensions>
</trkpt>
<trkpt lat="58.63771101" lon="16.78011459">
<ele>65.2</ele>
<time>2026-03-22T11:22:54Z</time>
<extensions>
<tp1:TrackPointExtension>
<tp1:hr>164</tp1:hr>
</tp1:TrackPointExtension>
</extensions>
</trkpt>
<trkpt lat="58.63767891" lon="16.78013463">
<ele>65.0</ele>
<time>2026-03-22T11:22:55Z</time>
<extensions>
<tp1:TrackPointExtension>
<tp1:hr>165</tp1:hr>
</tp1:TrackPointExtension>
</extensions>
</trkpt>
<trkpt lat="58.63765595" lon="16.78014711">
<ele>65.0</ele>
<time>2026-03-22T11:22:56Z</time>
<extensions>
<tp1:TrackPointExtension>
<tp1:hr>165</tp1:hr>
</tp1:TrackPointExtension>
</extensions>
</trkpt>
<trkpt lat="58.63763742" lon="16.78016472">
<ele>65.2</ele>
<time>2026-03-22T11:22:57Z</time>
<extensions>
<tp1:TrackPointExtension>
<tp1:hr>165</tp1:hr>
</tp1:TrackPointExtension>
</extensions>
</trkpt>
<trkpt lat="58.63761546" lon="16.78017603">
<ele>65.2</ele>
<time>2026-03-22T11:22:58Z</time>
<extensions>
<tp1:TrackPointExtension>
<tp1:hr>165</tp1:hr>
</tp1:TrackPointExtension>
</extensions>
</trkpt>
<trkpt lat="58.63759903" lon="16.78018701">
<ele>65.4</ele>
<time>2026-03-22T11:22:59Z</time>
<extensions>
<tp1:TrackPointExtension>
<tp1:hr>165</tp1:hr>
</tp1:TrackPointExtension>
</extensions>
</trkpt>
<trkpt lat="58.63757774" lon="16.78019355">
<ele>65.6</ele>
<time>2026-03-22T11:23:00Z</time>
<extensions>
<tp1:TrackPointExtension>
<tp1:hr>165</tp1:hr>
</tp1:TrackPointExtension>
</extensions>
</trkpt>
<trkpt lat="58.63755553" lon="16.78020604">
<ele>66.0</ele>
<time>2026-03-22T11:23:01Z</time>
<extensions>
<tp1:TrackPointExtension>
<tp1:hr>164</tp1:hr>
</tp1:TrackPointExtension>
</extensions>
</trkpt>
<trkpt lat="58.63754547" lon="16.78022792">
<ele>66.2</ele>
<time>2026-03-22T11:23:02Z</time>
<extensions>
<tp1:TrackPointExtension>
<tp1:hr>163</tp1:hr>
</tp1:TrackPointExtension>
</extensions>
</trkpt>
<trkpt lat="58.63753139" lon="16.78026362">
<ele>66.6</ele>
<time>2026-03-22T11:23:03Z</time>
<extensions>
<tp1:TrackPointExtension>
<tp1:hr>163</tp1:hr>
</tp1:TrackPointExtension>
</extensions>
</trkpt>
<trkpt lat="58.63751253" lon="16.78029128">
<ele>67.0</ele>
<time>2026-03-22T11:23:04Z</time>
<extensions>
<tp1:TrackPointExtension>
<tp1:hr>162</tp1:hr>
</tp1:TrackPointExtension>
</extensions>
</trkpt>
<trkpt lat="58.63750138" lon="16.78031802">
<ele>67.2</ele>
<time>2026-03-22T11:23:05Z</time>
<extensions>
<tp1:TrackPointExtension>
<tp1:hr>162</tp1:hr>
</tp1:TrackPointExtension>
</extensions>
</trkpt>
<trkpt lat="58.63748713" lon="16.78034208">
<ele>67.4</ele>
<time>2026-03-22T11:23:06Z</time>
<extensions>
<tp1:TrackPointExtension>
<tp1:hr>162</tp1:hr>
</tp1:TrackPointExtension>
</extensions>
</trkpt>
<trkpt lat="58.63746702" lon="16.78036521">
<ele>67.8</ele>
<time>2026-03-22T11:23:07Z</time>
<extensions>
<tp1:TrackPointExtension>
<tp1:hr>162</tp1:hr>
</tp1:TrackPointExtension>
</extensions>
</trkpt>
<trkpt lat="58.63744724" lon="16.78038675">
<ele>68.0</ele>
<time>2026-03-22T11:23:08Z</time>
<extensions>
<tp1:TrackPointExtension>
<tp1:hr>162</tp1:hr>
</tp1:TrackPointExtension>
</extensions>
</trkpt>
<trkpt lat="58.63743592" lon="16.78040612">
<ele>68.2</ele>
<time>2026-03-22T11:23:09Z</time>
<extensions>
<tp1:TrackPointExtension>
<tp1:hr>162</tp1:hr>
</tp1:TrackPointExtension>
</extensions>
</trkpt>
<trkpt lat="58.63742452" lon="16.78044006">
<ele>68.4</ele>
<time>2026-03-22T11:23:10Z</time>
<extensions>
<tp1:TrackPointExtension>
<tp1:hr>163</tp1:hr>
</tp1:TrackPointExtension>
</extensions>
</trkpt>
<trkpt lat="58.63741119" lon="16.780487">
<ele>68.6</ele>
<time>2026-03-22T11:23:11Z</time>
<extensions>
<tp1:TrackPointExtension>
<tp1:hr>163</tp1:hr>
</tp1:TrackPointExtension>
</extensions>
</trkpt>
<trkpt lat="58.63740709" lon="16.78052145">
<ele>69.0</ele>
<time>2026-03-22T11:23:12Z</time>
<extensions>
<tp1:TrackPointExtension>
<tp1:hr>163</tp1:hr>
</tp1:TrackPointExtension>
</extensions>
</trkpt>
<trkpt lat="58.63740985" lon="16.78055154">
<ele>69.2</ele>
<time>2026-03-22T11:23:13Z</time>
<extensions>
<tp1:TrackPointExtension>
<tp1:hr>163</tp1:hr>
</tp1:TrackPointExtension>
</extensions>
</trkpt>
<trkpt lat="58.63741178" lon="16.78059907">
<ele>69.6</ele>
<time>2026-03-22T11:23:14Z</time>
<extensions>
<tp1:TrackPointExtension>
<tp1:hr>163</tp1:hr>
</tp1:TrackPointExtension>
</extensions>
</trkpt>
<trkpt lat="58.63741413" lon="16.78065472">
<ele>69.8</ele>
<time>2026-03-22T11:23:15Z</time>
<extensions>
<tp1:TrackPointExtension>
<tp1:hr>163</tp1:hr>
</tp1:TrackPointExtension>
</extensions>
</trkpt>
<trkpt lat="58.63742067" lon="16.78069747">
<ele>70.0</ele>
<time>2026-03-22T11:23:16Z</time>
<extensions>
<tp1:TrackPointExtension>
<tp1:hr>163</tp1:hr>
</tp1:TrackPointExtension>
</extensions>
</trkpt>
<trkpt lat="58.63741966" lon="16.7807517">
<ele>70.2</ele>
<time>2026-03-22T11:23:17Z</time>
<extensions>
<tp1:TrackPointExtension>
<tp1:hr>163</tp1:hr>
</tp1:TrackPointExtension>
</extensions>
</trkpt>
<trkpt lat="58.6374148" lon="16.78080183">
<ele>70.4</ele>
<time>2026-03-22T11:23:18Z</time>
<extensions>
<tp1:TrackPointExtension>
<tp1:hr>163</tp1:hr>
</tp1:TrackPointExtension>
</extensions>
</trkpt>
<trkpt lat="58.63740248" lon="16.78084432">
<ele>70.6</ele>
<time>2026-03-22T11:23:19Z</time>
<extensions>
<tp1:TrackPointExtension>
<tp1:hr>163</tp1:hr>
</tp1:TrackPointExtension>
</extensions>
</trkpt>
<trkpt lat="58.63738521" lon="16.78087433">
<ele>70.8</ele>
<time>2026-03-22T11:23:20Z</time>
<extensions>
<tp1:TrackPointExtension>
<tp1:hr>164</tp1:hr>
</tp1:TrackPointExtension>
</extensions>
</trkpt>
<trkpt lat="58.6373661" lon="16.78089646">
<ele>70.8</ele>
<time>2026-03-22T11:23:21Z</time>
<extensions>
<tp1:TrackPointExtension>
<tp1:hr>164</tp1:hr>
</tp1:TrackPointExtension>
</extensions>
</trkpt>
<trkpt lat="58.63734523" lon="16.78092923">
<ele>71.0</ele>
<time>2026-03-22T11:23:22Z</time>
<extensions>
<tp1:TrackPointExtension>
<tp1:hr>164</tp1:hr>
</tp1:TrackPointExtension>
</extensions>
</trkpt>
<trkpt lat="58.63732159" lon="16.78097357">
<ele>71.0</ele>
<time>2026-03-22T11:23:23Z</time>
<extensions>
<tp1:TrackPointExtension>
<tp1:hr>164</tp1:hr>
</tp1:TrackPointExtension>
</extensions>
</trkpt>
<trkpt lat="58.63730642" lon="16.7810102">
<ele>71.0</ele>
<time>2026-03-22T11:23:24Z</time>
<extensions>
<tp1:TrackPointExtension>
<tp1:hr>165</tp1:hr>
</tp1:TrackPointExtension>
</extensions>
</trkpt>
<trkpt lat="58.63729653" lon="16.78104582">
<ele>71.2</ele>
<time>2026-03-22T11:23:25Z</time>
<extensions>
<tp1:TrackPointExtension>
<tp1:hr>164</tp1:hr>
</tp1:TrackPointExtension>
</extensions>
</trkpt>
<trkpt lat="58.63728957" lon="16.78108656">
<ele>71.4</ele>
<time>2026-03-22T11:23:26Z</time>
<extensions>
<tp1:TrackPointExtension>
<tp1:hr>164</tp1:hr>
</tp1:TrackPointExtension>
</extensions>
</trkpt>
<trkpt lat="58.63728186" lon="16.7811257">
<ele>71.4</ele>
<time>2026-03-22T11:23:27Z</time>
<extensions>
<tp1:TrackPointExtension>
<tp1:hr>164</tp1:hr>
</tp1:TrackPointExtension>
</extensions>
</trkpt>
<trkpt lat="58.63727004" lon="16.7811656">
<ele>71.6</ele>
<time>2026-03-22T11:23:28Z</time>
<extensions>
<tp1:TrackPointExtension>
<tp1:hr>164</tp1:hr>
</tp1:TrackPointExtension>
</extensions>
</trkpt>
<trkpt lat="58.63725839" lon="16.78120877">
<ele>71.6</ele>
<time>2026-03-22T11:23:29Z</time>
<extensions>
<tp1:TrackPointExtension>
<tp1:hr>165</tp1:hr>
</tp1:TrackPointExtension>
</extensions>
</trkpt>
<trkpt lat="58.63724381" lon="16.78123852">
<ele>71.6</ele>
<time>2026-03-22T11:23:30Z</time>
<extensions>
<tp1:TrackPointExtension>
<tp1:hr>164</tp1:hr>
</tp1:TrackPointExtension>
</extensions>
</trkpt>
<trkpt lat="58.63722838" lon="16.78126803">
<ele>71.6</ele>
<time>2026-03-22T11:23:31Z</time>
<extensions>
<tp1:TrackPointExtension>
<tp1:hr>164</tp1:hr>
</tp1:TrackPointExtension>
</extensions>
</trkpt>
<trkpt lat="58.63721028" lon="16.78129644">
<ele>71.4</ele>
<time>2026-03-22T11:23:32Z</time>
<extensions>
<tp1:TrackPointExtension>
<tp1:hr>164</tp1:hr>
</tp1:TrackPointExtension>
</extensions>
</trkpt>
<trkpt lat="58.63719561" lon="16.78131823">
<ele>71.4</ele>
<time>2026-03-22T11:23:33Z</time>
<extensions>
<tp1:TrackPointExtension>
<tp1:hr>164</tp1:hr>
</tp1:TrackPointExtension>
</extensions>
</trkpt>
<trkpt lat="58.63717994" lon="16.78136065">
<ele>71.4</ele>
<time>2026-03-22T11:23:34Z</time>
<extensions>
<tp1:TrackPointExtension>
<tp1:hr>163</tp1:hr>
</tp1:TrackPointExtension>
</extensions>
</trkpt>
<trkpt lat="58.63715814" lon="16.78139057">
<ele>71.4</ele>
<time>2026-03-22T11:23:35Z</time>
<extensions>
<tp1:TrackPointExtension>
<tp1:hr>163</tp1:hr>
</tp1:TrackPointExtension>
</extensions>
</trkpt>
<trkpt lat="58.6371418" lon="16.78141756">
<ele>71.4</ele>
<time>2026-03-22T11:23:36Z</time>
<extensions>
<tp1:TrackPointExtension>
<tp1:hr>163</tp1:hr>
</tp1:TrackPointExtension>
</extensions>
</trkpt>
<trkpt lat="58.63712328" lon="16.78144765">
<ele>71.6</ele>
<time>2026-03-22T11:23:37Z</time>
<extensions>
<tp1:TrackPointExtension>
<tp1:hr>163</tp1:hr>
</tp1:TrackPointExtension>
</extensions>
</trkpt>
<trkpt lat="58.63710173" lon="16.78148629">
<ele>71.6</ele>
<time>2026-03-22T11:23:38Z</time>
<extensions>
<tp1:TrackPointExtension>
<tp1:hr>163</tp1:hr>
</tp1:TrackPointExtension>
</extensions>
</trkpt>
<trkpt lat="58.63707969" lon="16.78152242">
<ele>71.3</ele>
<time>2026-03-22T11:23:39Z</time>
<extensions>
<tp1:TrackPointExtension>
<tp1:hr>163</tp1:hr>
</tp1:TrackPointExtension>
</extensions>
</trkpt>
<trkpt lat="58.63705756" lon="16.78154899">
<ele>71.3</ele>
<time>2026-03-22T11:23:40Z</time>
<extensions>
<tp1:TrackPointExtension>
<tp1:hr>163</tp1:hr>
</tp1:TrackPointExtension>
</extensions>
</trkpt>
<trkpt lat="58.63703434" lon="16.78157757">
<ele>71.3</ele>
<time>2026-03-22T11:23:41Z</time>
<extensions>
<tp1:TrackPointExtension>
<tp1:hr>164</tp1:hr>
</tp1:TrackPointExtension>
</extensions>
</trkpt>
<trkpt lat="58.63701448" lon="16.78160791">
<ele>71.3</ele>
<time>2026-03-22T11:23:42Z</time>
<extensions>
<tp1:TrackPointExtension>
<tp1:hr>164</tp1:hr>
</tp1:TrackPointExtension>
</extensions>
</trkpt>
<trkpt lat="58.63699595" lon="16.78163373">
<ele>71.3</ele>
<time>2026-03-22T11:23:43Z</time>
<extensions>
<tp1:TrackPointExtension>
<tp1:hr>164</tp1:hr>
</tp1:TrackPointExtension>
</extensions>
</trkpt>
<trkpt lat="58.63696637" lon="16.78165804">
<ele>71.3</ele>
<time>2026-03-22T11:23:44Z</time>
<extensions>
<tp1:TrackPointExtension>
<tp1:hr>163</tp1:hr>
</tp1:TrackPointExtension>
</extensions>
</trkpt>
<trkpt lat="58.6369439" lon="16.78168151">
<ele>71.3</ele>
<time>2026-03-22T11:23:45Z</time>
<extensions>
<tp1:TrackPointExtension>
<tp1:hr>164</tp1:hr>
</tp1:TrackPointExtension>
</extensions>
</trkpt>
<trkpt lat="58.63692529" lon="16.7817033">
<ele>71.3</ele>
<time>2026-03-22T11:23:46Z</time>
<extensions>
<tp1:TrackPointExtension>
<tp1:hr>163</tp1:hr>
</tp1:TrackPointExtension>
</extensions>
</trkpt>
<trkpt lat="58.63691079" lon="16.78172308">
<ele>71.3</ele>
<time>2026-03-22T11:23:47Z</time>
<extensions>
<tp1:TrackPointExtension>
<tp1:hr>163</tp1:hr>
</tp1:TrackPointExtension>
</extensions>
</trkpt>
<trkpt lat="58.63689646" lon="16.78175091">
<ele>71.3</ele>
<time>2026-03-22T11:23:48Z</time>
<extensions>
<tp1:TrackPointExtension>
<tp1:hr>163</tp1:hr>
</tp1:TrackPointExtension>
</extensions>
</trkpt>
<trkpt lat="58.63687383" lon="16.78178318">
<ele>71.1</ele>
<time>2026-03-22T11:23:49Z</time>
<extensions>
<tp1:TrackPointExtension>
<tp1:hr>163</tp1:hr>
</tp1:TrackPointExtension>
</extensions>
</trkpt>
<trkpt lat="58.63685271" lon="16.78181738">
<ele>71.1</ele>
<time>2026-03-22T11:23:50Z</time>
<extensions>
<tp1:TrackPointExtension>
<tp1:hr>163</tp1:hr>
</tp1:TrackPointExtension>
</extensions>
</trkpt>
<trkpt lat="58.63684198" lon="16.78185451">
<ele>71.1</ele>
<time>2026-03-22T11:23:51Z</time>
<extensions>
<tp1:TrackPointExtension>
<tp1:hr>163</tp1:hr>
</tp1:TrackPointExtension>
</extensions>
</trkpt>
<trkpt lat="58.63682706" lon="16.78187965">
<ele>71.1</ele>
<time>2026-03-22T11:23:52Z</time>
<extensions>
<tp1:TrackPointExtension>
<tp1:hr>164</tp1:hr>
</tp1:TrackPointExtension>
</extensions>
</trkpt>
<trkpt lat="58.63680719" lon="16.7819027">
<ele>71.3</ele>
<time>2026-03-22T11:23:53Z</time>
<extensions>
<tp1:TrackPointExtension>
<tp1:hr>163</tp1:hr>
</tp1:TrackPointExtension>
</extensions>
</trkpt>
<trkpt lat="58.63678037" lon="16.78191444">
<ele>71.5</ele>
<time>2026-03-22T11:23:54Z</time>
<extensions>
<tp1:TrackPointExtension>
<tp1:hr>163</tp1:hr>
</tp1:TrackPointExtension>
</extensions>
</trkpt>
<trkpt lat="58.63675984" lon="16.78193481">
<ele>71.9</ele>
<time>2026-03-22T11:23:55Z</time>
<extensions>
<tp1:TrackPointExtension>
<tp1:hr>163</tp1:hr>
</tp1:TrackPointExtension>
</extensions>
</trkpt>
<trkpt lat="58.63674542" lon="16.78195417">
<ele>72.3</ele>
<time>2026-03-22T11:23:56Z</time>
<extensions>
<tp1:TrackPointExtension>
<tp1:hr>164</tp1:hr>
</tp1:TrackPointExtension>
</extensions>
</trkpt>
<trkpt lat="58.63672723" lon="16.78197613">
<ele>72.7</ele>
<time>2026-03-22T11:23:57Z</time>
<extensions>
<tp1:TrackPointExtension>
<tp1:hr>164</tp1:hr>
</tp1:TrackPointExtension>
</extensions>
</trkpt>
<trkpt lat="58.6367077" lon="16.78198015">
<ele>73.3</ele>
<time>2026-03-22T11:23:58Z</time>
<extensions>
<tp1:TrackPointExtension>
<tp1:hr>164</tp1:hr>
</tp1:TrackPointExtension>
</extensions>
</trkpt>
<trkpt lat="58.63669295" lon="16.7819944">
<ele>73.7</ele>
<time>2026-03-22T11:23:59Z</time>
<extensions>
<tp1:TrackPointExtension>
<tp1:hr>164</tp1:hr>
</tp1:TrackPointExtension>
</extensions>
</trkpt>
<trkpt lat="58.63667275" lon="16.78201368">
<ele>74.1</ele>
<time>2026-03-22T11:24:00Z</time>
<extensions>
<tp1:TrackPointExtension>
<tp1:hr>163</tp1:hr>
</tp1:TrackPointExtension>
</extensions>
</trkpt>
<trkpt lat="58.63665858" lon="16.78203053">
<ele>74.7</ele>
<time>2026-03-22T11:24:01Z</time>
<extensions>
<tp1:TrackPointExtension>
<tp1:hr>164</tp1:hr>
</tp1:TrackPointExtension>
</extensions>
</trkpt>
<trkpt lat="58.63664886" lon="16.78204738">
<ele>75.3</ele>
<time>2026-03-22T11:24:02Z</time>
<extensions>
<tp1:TrackPointExtension>
<tp1:hr>164</tp1:hr>
</tp1:TrackPointExtension>
</extensions>
</trkpt>
<trkpt lat="58.63663671" lon="16.78207344">
<ele>75.9</ele>
<time>2026-03-22T11:24:03Z</time>
<extensions>
<tp1:TrackPointExtension>
<tp1:hr>164</tp1:hr>
</tp1:TrackPointExtension>
</extensions>
</trkpt>
<trkpt lat="58.63662464" lon="16.78209834">
<ele>76.1</ele>
<time>2026-03-22T11:24:04Z</time>
<extensions>
<tp1:TrackPointExtension>
<tp1:hr>165</tp1:hr>
</tp1:TrackPointExtension>
</extensions>
</trkpt>
<trkpt lat="58.63661525" lon="16.78213589">
<ele>76.5</ele>
<time>2026-03-22T11:24:05Z</time>
<extensions>
<tp1:TrackPointExtension>
<tp1:hr>164</tp1:hr>
</tp1:TrackPointExtension>
</extensions>
</trkpt>
<trkpt lat="58.63661047" lon="16.78217361">
<ele>76.5</ele>
<time>2026-03-22T11:24:06Z</time>
<extensions>
<tp1:TrackPointExtension>
<tp1:hr>165</tp1:hr>
</tp1:TrackPointExtension>
</extensions>
</trkpt>
<trkpt lat="58.63659907" lon="16.78221116">
<ele>76.7</ele>
<time>2026-03-22T11:24:07Z</time>
<extensions>
<tp1:TrackPointExtension>
<tp1:hr>165</tp1:hr>
</tp1:TrackPointExtension>
</extensions>
</trkpt>
<trkpt lat="58.63658893" lon="16.7822731">
<ele>76.7</ele>
<time>2026-03-22T11:24:08Z</time>
<extensions>
<tp1:TrackPointExtension>
<tp1:hr>165</tp1:hr>
</tp1:TrackPointExtension>
</extensions>
</trkpt>
<trkpt lat="58.63658474" lon="16.78232566">
<ele>76.7</ele>
<time>2026-03-22T11:24:09Z</time>
<extensions>
<tp1:TrackPointExtension>
<tp1:hr>165</tp1:hr>
</tp1:TrackPointExtension>
</extensions>
</trkpt>
<trkpt lat="58.63658524" lon="16.78236539">
<ele>76.7</ele>
<time>2026-03-22T11:24:10Z</time>
<extensions>
<tp1:TrackPointExtension>
<tp1:hr>164</tp1:hr>
</tp1:TrackPointExtension>
</extensions>
</trkpt>
<trkpt lat="58.63658122" lon="16.78240872">
<ele>76.9</ele>
<time>2026-03-22T11:24:11Z</time>
<extensions>
<tp1:TrackPointExtension>
<tp1:hr>164</tp1:hr>
</tp1:TrackPointExtension>
</extensions>
</trkpt>
<trkpt lat="58.63657719" lon="16.78245516">
<ele>77.1</ele>
<time>2026-03-22T11:24:12Z</time>
<extensions>
<tp1:TrackPointExtension>
<tp1:hr>165</tp1:hr>
</tp1:TrackPointExtension>
</extensions>
</trkpt>
<trkpt lat="58.6365751" lon="16.78248743">
<ele>77.3</ele>
<time>2026-03-22T11:24:13Z</time>
<extensions>
<tp1:TrackPointExtension>
<tp1:hr>165</tp1:hr>
</tp1:TrackPointExtension>
</extensions>
</trkpt>
<trkpt lat="58.63657418" lon="16.78254124">
<ele>77.3</ele>
<time>2026-03-22T11:24:14Z</time>
<extensions>
<tp1:TrackPointExtension>
<tp1:hr>165</tp1:hr>
</tp1:TrackPointExtension>
</extensions>
</trkpt>
<trkpt lat="58.63656605" lon="16.78260008">
<ele>77.3</ele>
<time>2026-03-22T11:24:15Z</time>
<extensions>
<tp1:TrackPointExtension>
<tp1:hr>165</tp1:hr>
</tp1:TrackPointExtension>
</extensions>
</trkpt>
<trkpt lat="58.6365544" lon="16.78263092">
<ele>77.1</ele>
<time>2026-03-22T11:24:16Z</time>
<extensions>
<tp1:TrackPointExtension>
<tp1:hr>165</tp1:hr>
</tp1:TrackPointExtension>
</extensions>
</trkpt>
<trkpt lat="58.63654425" lon="16.78266387">
<ele>77.1</ele>
<time>2026-03-22T11:24:17Z</time>
<extensions>
<tp1:TrackPointExtension>
<tp1:hr>165</tp1:hr>
</tp1:TrackPointExtension>
</extensions>
</trkpt>
<trkpt lat="58.63653671" lon="16.78268583">
<ele>76.9</ele>
<time>2026-03-22T11:24:18Z</time>
<extensions>
<tp1:TrackPointExtension>
<tp1:hr>165</tp1:hr>
</tp1:TrackPointExtension>
</extensions>
</trkpt>
<trkpt lat="58.63652741" lon="16.78272807">
<ele>76.9</ele>
<time>2026-03-22T11:24:19Z</time>
<extensions>
<tp1:TrackPointExtension>
<tp1:hr>165</tp1:hr>
</tp1:TrackPointExtension>
</extensions>
</trkpt>
<trkpt lat="58.63651877" lon="16.78276579">
<ele>76.9</ele>
<time>2026-03-22T11:24:20Z</time>
<extensions>
<tp1:TrackPointExtension>
<tp1:hr>164</tp1:hr>
</tp1:TrackPointExtension>
</extensions>
</trkpt>
<trkpt lat="58.6365067" lon="16.78281256">
<ele>76.9</ele>
<time>2026-03-22T11:24:21Z</time>
<extensions>
<tp1:TrackPointExtension>
<tp1:hr>164</tp1:hr>
</tp1:TrackPointExtension>
</extensions>
</trkpt>
<trkpt lat="58.63649547" lon="16.78286076">
<ele>76.7</ele>
<time>2026-03-22T11:24:22Z</time>
<extensions>
<tp1:TrackPointExtension>
<tp1:hr>164</tp1:hr>
</tp1:TrackPointExtension>
</extensions>
</trkpt>
<trkpt lat="58.63648466" lon="16.78289973">
<ele>76.5</ele>
<time>2026-03-22T11:24:23Z</time>
<extensions>
<tp1:TrackPointExtension>
<tp1:hr>164</tp1:hr>
</tp1:TrackPointExtension>
</extensions>
</trkpt>
<trkpt lat="58.63647267" lon="16.78294692">
<ele>76.1</ele>
<time>2026-03-22T11:24:24Z</time>
<extensions>
<tp1:TrackPointExtension>
<tp1:hr>165</tp1:hr>
</tp1:TrackPointExtension>
</extensions>
</trkpt>
<trkpt lat="58.63645909" lon="16.78299638">
<ele>75.7</ele>
<time>2026-03-22T11:24:25Z</time>
<extensions>
<tp1:TrackPointExtension>
<tp1:hr>164</tp1:hr>
</tp1:TrackPointExtension>
</extensions>
</trkpt>
<trkpt lat="58.63644652" lon="16.78305488">
<ele>75.1</ele>
<time>2026-03-22T11:24:26Z</time>
<extensions>
<tp1:TrackPointExtension>
<tp1:hr>164</tp1:hr>
</tp1:TrackPointExtension>
</extensions>
</trkpt>
<trkpt lat="58.63643479" lon="16.78311775">
<ele>74.9</ele>
<time>2026-03-22T11:24:27Z</time>
<extensions>
<tp1:TrackPointExtension>
<tp1:hr>164</tp1:hr>
</tp1:TrackPointExtension>
</extensions>
</trkpt>
<trkpt lat="58.63642691" lon="16.78317063">
<ele>74.5</ele>
<time>2026-03-22T11:24:28Z</time>
<extensions>
<tp1:TrackPointExtension>
<tp1:hr>164</tp1:hr>
</tp1:TrackPointExtension>
</extensions>
</trkpt>
<trkpt lat="58.63641366" lon="16.78320793">
<ele>74.1</ele>
<time>2026-03-22T11:24:29Z</time>
<extensions>
<tp1:TrackPointExtension>
<tp1:hr>164</tp1:hr>
</tp1:TrackPointExtension>
</extensions>
</trkpt>
<trkpt lat="58.63641098" lon="16.78321967">
<ele>73.7</ele>
<time>2026-03-22T11:24:30Z</time>
<extensions>
<tp1:TrackPointExtension>
<tp1:hr>164</tp1:hr>
</tp1:TrackPointExtension>
</extensions>
</trkpt>
<trkpt lat="58.63640553" lon="16.78324901">
<ele>73.7</ele>
<time>2026-03-22T11:24:31Z</time>
<extensions>
<tp1:TrackPointExtension>
<tp1:hr>163</tp1:hr>
</tp1:TrackPointExtension>
</extensions>
</trkpt>
<trkpt lat="58.63639673" lon="16.78328027">
<ele>73.7</ele>
<time>2026-03-22T11:24:32Z</time>
<extensions>
<tp1:TrackPointExtension>
<tp1:hr>163</tp1:hr>
</tp1:TrackPointExtension>
</extensions>
</trkpt>
<trkpt lat="58.63638542" lon="16.78331698">
<ele>73.9</ele>
<time>2026-03-22T11:24:33Z</time>
<extensions>
<tp1:TrackPointExtension>
<tp1:hr>162</tp1:hr>
</tp1:TrackPointExtension>
</extensions>
</trkpt>
<trkpt lat="58.63638232" lon="16.78333735">
<ele>74.1</ele>
<time>2026-03-22T11:24:34Z</time>
<extensions>
<tp1:TrackPointExtension>
<tp1:hr>162</tp1:hr>
</tp1:TrackPointExtension>
</extensions>
</trkpt>
<trkpt lat="58.63638416" lon="16.78338421">
<ele>74.3</ele>
<time>2026-03-22T11:24:35Z</time>
<extensions>
<tp1:TrackPointExtension>
<tp1:hr>163</tp1:hr>
</tp1:TrackPointExtension>
</extensions>
</trkpt>
<trkpt lat="58.63638659" lon="16.78343768">
<ele>74.5</ele>
<time>2026-03-22T11:24:36Z</time>
<extensions>
<tp1:TrackPointExtension>
<tp1:hr>163</tp1:hr>
</tp1:TrackPointExtension>
</extensions>
</trkpt>
<trkpt lat="58.63640293" lon="16.78347331">
<ele>74.5</ele>
<time>2026-03-22T11:24:37Z</time>
<extensions>
<tp1:TrackPointExtension>
<tp1:hr>163</tp1:hr>
</tp1:TrackPointExtension>
</extensions>
</trkpt>
<trkpt lat="58.63640704" lon="16.78352863">
<ele>74.3</ele>
<time>2026-03-22T11:24:38Z</time>
<extensions>
<tp1:TrackPointExtension>
<tp1:hr>162</tp1:hr>
</tp1:TrackPointExtension>
</extensions>
</trkpt>
<trkpt lat="58.63641107" lon="16.7835733">
<ele>74.1</ele>
<time>2026-03-22T11:24:39Z</time>
<extensions>
<tp1:TrackPointExtension>
<tp1:hr>162</tp1:hr>
</tp1:TrackPointExtension>
</extensions>
</trkpt>
<trkpt lat="58.63641182" lon="16.78361831">
<ele>73.7</ele>
<time>2026-03-22T11:24:40Z</time>
<extensions>
<tp1:TrackPointExtension>
<tp1:hr>161</tp1:hr>
</tp1:TrackPointExtension>
</extensions>
</trkpt>
<trkpt lat="58.63641316" lon="16.78365704">
<ele>73.5</ele>
<time>2026-03-22T11:24:41Z</time>
<extensions>
<tp1:TrackPointExtension>
<tp1:hr>160</tp1:hr>
</tp1:TrackPointExtension>
</extensions>
</trkpt>
<trkpt lat="58.63641517" lon="16.7837033">
<ele>73.1</ele>
<time>2026-03-22T11:24:42Z</time>
<extensions>
<tp1:TrackPointExtension>
<tp1:hr>160</tp1:hr>
</tp1:TrackPointExtension>
</extensions>
</trkpt>
<trkpt lat="58.63641014" lon="16.78376005">
<ele>72.9</ele>
<time>2026-03-22T11:24:43Z</time>
<extensions>
<tp1:TrackPointExtension>
<tp1:hr>159</tp1:hr>
</tp1:TrackPointExtension>
</extensions>
</trkpt>
<trkpt lat="58.6364031" lon="16.78379844">
<ele>72.9</ele>
<time>2026-03-22T11:24:44Z</time>
<extensions>
<tp1:TrackPointExtension>
<tp1:hr>158</tp1:hr>
</tp1:TrackPointExtension>
</extensions>
</trkpt>
<trkpt lat="58.63639564" lon="16.78383037">
<ele>72.9</ele>
<time>2026-03-22T11:24:45Z</time>
<extensions>
<tp1:TrackPointExtension>
<tp1:hr>158</tp1:hr>
</tp1:TrackPointExtension>
</extensions>
</trkpt>
<trkpt lat="58.63639204" lon="16.78387882">
<ele>73.1</ele>
<time>2026-03-22T11:24:46Z</time>
<extensions>
<tp1:TrackPointExtension>
<tp1:hr>158</tp1:hr>
</tp1:TrackPointExtension>
</extensions>
</trkpt>
<trkpt lat="58.63638617" lon="16.78394294">
<ele>73.1</ele>
<time>2026-03-22T11:24:47Z</time>
<extensions>
<tp1:TrackPointExtension>
<tp1:hr>159</tp1:hr>
</tp1:TrackPointExtension>
</extensions>
</trkpt>
<trkpt lat="58.6363819" lon="16.7839929">
<ele>73.3</ele>
<time>2026-03-22T11:24:48Z</time>
<extensions>
<tp1:TrackPointExtension>
<tp1:hr>161</tp1:hr>
</tp1:TrackPointExtension>
</extensions>
</trkpt>
<trkpt lat="58.636371" lon="16.7840214">
<ele>73.5</ele>
<time>2026-03-22T11:24:49Z</time>
<extensions>
<tp1:TrackPointExtension>
<tp1:hr>162</tp1:hr>
</tp1:TrackPointExtension>
</extensions>
</trkpt>
<trkpt lat="58.63635792" lon="16.7840618">
<ele>73.9</ele>
<time>2026-03-22T11:24:50Z</time>
<extensions>
<tp1:TrackPointExtension>
<tp1:hr>162</tp1:hr>
</tp1:TrackPointExtension>
</extensions>
</trkpt>
<trkpt lat="58.63634317" lon="16.78409357">
<ele>74.3</ele>
<time>2026-03-22T11:24:51Z</time>
<extensions>
<tp1:TrackPointExtension>
<tp1:hr>163</tp1:hr>
</tp1:TrackPointExtension>
</extensions>
</trkpt>
<trkpt lat="58.63633295" lon="16.78412718">
<ele>74.9</ele>
<time>2026-03-22T11:24:52Z</time>
<extensions>
<tp1:TrackPointExtension>
<tp1:hr>163</tp1:hr>
</tp1:TrackPointExtension>
</extensions>
</trkpt>
<trkpt lat="58.6363197" lon="16.78414235">
<ele>75.3</ele>
<time>2026-03-22T11:24:53Z</time>
<extensions>
<tp1:TrackPointExtension>
<tp1:hr>162</tp1:hr>
</tp1:TrackPointExtension>
</extensions>
</trkpt>
<trkpt lat="58.63629196" lon="16.78415199">
<ele>75.5</ele>
<time>2026-03-22T11:24:54Z</time>
<extensions>
<tp1:TrackPointExtension>
<tp1:hr>162</tp1:hr>
</tp1:TrackPointExtension>
</extensions>
</trkpt>
<trkpt lat="58.63627737" lon="16.78417856">
<ele>75.9</ele>
<time>2026-03-22T11:24:55Z</time>
<extensions>
<tp1:TrackPointExtension>
<tp1:hr>162</tp1:hr>
</tp1:TrackPointExtension>
</extensions>
</trkpt>
<trkpt lat="58.63626488" lon="16.78421644">
<ele>76.1</ele>
<time>2026-03-22T11:24:56Z</time>
<extensions>
<tp1:TrackPointExtension>
<tp1:hr>161</tp1:hr>
</tp1:TrackPointExtension>
</extensions>
</trkpt>
<trkpt lat="58.63624946" lon="16.7842524">
<ele>76.3</ele>
<time>2026-03-22T11:24:57Z</time>
<extensions>
<tp1:TrackPointExtension>
<tp1:hr>161</tp1:hr>
</tp1:TrackPointExtension>
</extensions>
</trkpt>
<trkpt lat="58.63623295" lon="16.78429171">
<ele>76.5</ele>
<time>2026-03-22T11:24:58Z</time>
<extensions>
<tp1:TrackPointExtension>
<tp1:hr>161</tp1:hr>
</tp1:TrackPointExtension>
</extensions>
</trkpt>
<trkpt lat="58.63621317" lon="16.78433681">
<ele>76.7</ele>
<time>2026-03-22T11:24:59Z</time>
<extensions>
<tp1:TrackPointExtension>
<tp1:hr>161</tp1:hr>
</tp1:TrackPointExtension>
</extensions>
</trkpt>
<trkpt lat="58.63620169" lon="16.78436958">
<ele>76.9</ele>
<time>2026-03-22T11:25:00Z</time>
<extensions>
<tp1:TrackPointExtension>
<tp1:hr>162</tp1:hr>
</tp1:TrackPointExtension>
</extensions>
</trkpt>
<trkpt lat="58.63619054" lon="16.78440772">
<ele>77.1</ele>
<time>2026-03-22T11:25:01Z</time>
<extensions>
<tp1:TrackPointExtension>
<tp1:hr>162</tp1:hr>
</tp1:TrackPointExtension>
</extensions>
</trkpt>
<trkpt lat="58.63617629" lon="16.78445164">
<ele>77.3</ele>
<time>2026-03-22T11:25:02Z</time>
<extensions>
<tp1:TrackPointExtension>
<tp1:hr>162</tp1:hr>
</tp1:TrackPointExtension>
</extensions>
</trkpt>
<trkpt lat="58.63616782" lon="16.78449414">
<ele>77.5</ele>
<time>2026-03-22T11:25:03Z</time>
<extensions>
<tp1:TrackPointExtension>
<tp1:hr>163</tp1:hr>
</tp1:TrackPointExtension>
</extensions>
</trkpt>
<trkpt lat="58.63615567" lon="16.78453102">
<ele>77.5</ele>
<time>2026-03-22T11:25:04Z</time>
<extensions>
<tp1:TrackPointExtension>
<tp1:hr>163</tp1:hr>
</tp1:TrackPointExtension>
</extensions>
</trkpt>
<trkpt lat="58.63614301" lon="16.78457226">
<ele>77.5</ele>
<time>2026-03-22T11:25:05Z</time>
<extensions>
<tp1:TrackPointExtension>
<tp1:hr>164</tp1:hr>
</tp1:TrackPointExtension>
</extensions>
</trkpt>
<trkpt lat="58.63613253" lon="16.7846114">
<ele>77.3</ele>
<time>2026-03-22T11:25:06Z</time>
<extensions>
<tp1:TrackPointExtension>
<tp1:hr>164</tp1:hr>
</tp1:TrackPointExtension>
</extensions>
</trkpt>
<trkpt lat="58.63611267" lon="16.78468659">
<ele>77.1</ele>
<time>2026-03-22T11:25:07Z</time>
<extensions>
<tp1:TrackPointExtension>
<tp1:hr>164</tp1:hr>
</tp1:TrackPointExtension>
</extensions>
</trkpt>
<trkpt lat="58.63609079" lon="16.78474735">
<ele>76.5</ele>
<time>2026-03-22T11:25:08Z</time>
<extensions>
<tp1:TrackPointExtension>
<tp1:hr>165</tp1:hr>
</tp1:TrackPointExtension>
</extensions>
</trkpt>
<trkpt lat="58.63606749" lon="16.78480695">
<ele>75.9</ele>
<time>2026-03-22T11:25:09Z</time>
<extensions>
<tp1:TrackPointExtension>
<tp1:hr>165</tp1:hr>
</tp1:TrackPointExtension>
</extensions>
</trkpt>
<trkpt lat="58.63603581" lon="16.78484987">
<ele>75.3</ele>
<time>2026-03-22T11:25:10Z</time>
<extensions>
<tp1:TrackPointExtension>
<tp1:hr>165</tp1:hr>
</tp1:TrackPointExtension>
</extensions>
</trkpt>
<trkpt lat="58.63600798" lon="16.78488272">
<ele>74.7</ele>
<time>2026-03-22T11:25:11Z</time>
<extensions>
<tp1:TrackPointExtension>
<tp1:hr>165</tp1:hr>
</tp1:TrackPointExtension>
</extensions>
</trkpt>
<trkpt lat="58.63598878" lon="16.78491524">
<ele>74.7</ele>
<time>2026-03-22T11:25:12Z</time>
<extensions>
<tp1:TrackPointExtension>
<tp1:hr>165</tp1:hr>
</tp1:TrackPointExtension>
</extensions>
</trkpt>
<trkpt lat="58.63597713" lon="16.78494567">
<ele>74.5</ele>
<time>2026-03-22T11:25:13Z</time>
<extensions>
<tp1:TrackPointExtension>
<tp1:hr>165</tp1:hr>
</tp1:TrackPointExtension>
</extensions>
</trkpt>
<trkpt lat="58.63596573" lon="16.78497853">
<ele>74.5</ele>
<time>2026-03-22T11:25:14Z</time>
<extensions>
<tp1:TrackPointExtension>
<tp1:hr>164</tp1:hr>
</tp1:TrackPointExtension>
</extensions>
</trkpt>
<trkpt lat="58.63595216" lon="16.78501532">
<ele>74.5</ele>
<time>2026-03-22T11:25:15Z</time>
<extensions>
<tp1:TrackPointExtension>
<tp1:hr>165</tp1:hr>
</tp1:TrackPointExtension>
</extensions>
</trkpt>
<trkpt lat="58.6359369" lon="16.7850662">
<ele>73.9</ele>
<time>2026-03-22T11:25:16Z</time>
<extensions>
<tp1:TrackPointExtension>
<tp1:hr>165</tp1:hr>
</tp1:TrackPointExtension>
</extensions>
</trkpt>
<trkpt lat="58.6359245" lon="16.78512521">
<ele>73.2</ele>
<time>2026-03-22T11:25:17Z</time>
<extensions>
<tp1:TrackPointExtension>
<tp1:hr>164</tp1:hr>
</tp1:TrackPointExtension>
</extensions>
</trkpt>
<trkpt lat="58.63592785" lon="16.78517651">
<ele>72.6</ele>
<time>2026-03-22T11:25:18Z</time>
<extensions>
<tp1:TrackPointExtension>
<tp1:hr>165</tp1:hr>
</tp1:TrackPointExtension>
</extensions>
</trkpt>
<trkpt lat="58.63592265" lon="16.78521641">
<ele>72.0</ele>
<time>2026-03-22T11:25:19Z</time>
<extensions>
<tp1:TrackPointExtension>
<tp1:hr>164</tp1:hr>
</tp1:TrackPointExtension>
</extensions>
</trkpt>
<trkpt lat="58.63591528" lon="16.78526703">
<ele>71.6</ele>
<time>2026-03-22T11:25:20Z</time>
<extensions>
<tp1:TrackPointExtension>
<tp1:hr>164</tp1:hr>
</tp1:TrackPointExtension>
</extensions>
</trkpt>
<trkpt lat="58.63589449" lon="16.78532495">
<ele>71.2</ele>
<time>2026-03-22T11:25:21Z</time>
<extensions>
<tp1:TrackPointExtension>
<tp1:hr>164</tp1:hr>
</tp1:TrackPointExtension>
</extensions>
</trkpt>
<trkpt lat="58.63587404" lon="16.78536938">
<ele>71.2</ele>
<time>2026-03-22T11:25:22Z</time>
<extensions>
<tp1:TrackPointExtension>
<tp1:hr>164</tp1:hr>
</tp1:TrackPointExtension>
</extensions>
</trkpt>
<trkpt lat="58.63586155" lon="16.78541162">
<ele>71.2</ele>
<time>2026-03-22T11:25:23Z</time>
<extensions>
<tp1:TrackPointExtension>
<tp1:hr>164</tp1:hr>
</tp1:TrackPointExtension>
</extensions>
</trkpt>
<trkpt lat="58.63584998" lon="16.78545026">
<ele>71.0</ele>
<time>2026-03-22T11:25:24Z</time>
<extensions>
<tp1:TrackPointExtension>
<tp1:hr>164</tp1:hr>
</tp1:TrackPointExtension>
</extensions>
</trkpt>
<trkpt lat="58.63583724" lon="16.78548488">
<ele>71.0</ele>
<time>2026-03-22T11:25:25Z</time>
<extensions>
<tp1:TrackPointExtension>
<tp1:hr>164</tp1:hr>
</tp1:TrackPointExtension>
</extensions>
</trkpt>
<trkpt lat="58.63581964" lon="16.78551287">
<ele>71.2</ele>
<time>2026-03-22T11:25:26Z</time>
<extensions>
<tp1:TrackPointExtension>
<tp1:hr>164</tp1:hr>
</tp1:TrackPointExtension>
</extensions>
</trkpt>
<trkpt lat="58.63580086" lon="16.78555193">
<ele>71.2</ele>
<time>2026-03-22T11:25:27Z</time>
<extensions>
<tp1:TrackPointExtension>
<tp1:hr>164</tp1:hr>
</tp1:TrackPointExtension>
</extensions>
</trkpt>
<trkpt lat="58.63578293" lon="16.7855946">
<ele>71.4</ele>
<time>2026-03-22T11:25:28Z</time>
<extensions>
<tp1:TrackPointExtension>
<tp1:hr>164</tp1:hr>
</tp1:TrackPointExtension>
</extensions>
</trkpt>
<trkpt lat="58.63576541" lon="16.78561941">
<ele>71.6</ele>
<time>2026-03-22T11:25:29Z</time>
<extensions>
<tp1:TrackPointExtension>
<tp1:hr>164</tp1:hr>
</tp1:TrackPointExtension>
</extensions>
</trkpt>
<trkpt lat="58.63574529" lon="16.78565629">
<ele>71.6</ele>
<time>2026-03-22T11:25:30Z</time>
<extensions>
<tp1:TrackPointExtension>
<tp1:hr>164</tp1:hr>
</tp1:TrackPointExtension>
</extensions>
</trkpt>
<trkpt lat="58.63572392" lon="16.78568713">
<ele>71.8</ele>
<time>2026-03-22T11:25:31Z</time>
<extensions>
<tp1:TrackPointExtension>
<tp1:hr>164</tp1:hr>
</tp1:TrackPointExtension>
</extensions>
</trkpt>
<trkpt lat="58.63570992" lon="16.7857096">
<ele>71.8</ele>
<time>2026-03-22T11:25:32Z</time>
<extensions>
<tp1:TrackPointExtension>
<tp1:hr>163</tp1:hr>
</tp1:TrackPointExtension>
</extensions>
</trkpt>
<trkpt lat="58.6357017" lon="16.7857334">
<ele>72.0</ele>
<time>2026-03-22T11:25:33Z</time>
<extensions>
<tp1:TrackPointExtension>
<tp1:hr>163</tp1:hr>
</tp1:TrackPointExtension>
</extensions>
</trkpt>
<trkpt lat="58.6356841" lon="16.78577221">
<ele>72.4</ele>
<time>2026-03-22T11:25:34Z</time>
<extensions>
<tp1:TrackPointExtension>
<tp1:hr>162</tp1:hr>
</tp1:TrackPointExtension>
</extensions>
</trkpt>
<trkpt lat="58.63567522" lon="16.78581001">
<ele>72.8</ele>
<time>2026-03-22T11:25:35Z</time>
<extensions>
<tp1:TrackPointExtension>
<tp1:hr>161</tp1:hr>
</tp1:TrackPointExtension>
</extensions>
</trkpt>
<trkpt lat="58.63566918" lon="16.78585628">
<ele>73.2</ele>
<time>2026-03-22T11:25:36Z</time>
<extensions>
<tp1:TrackPointExtension>
<tp1:hr>161</tp1:hr>
</tp1:TrackPointExtension>
</extensions>
</trkpt>
<trkpt lat="58.63565309" lon="16.78591898">
<ele>73.2</ele>
<time>2026-03-22T11:25:37Z</time>
<extensions>
<tp1:TrackPointExtension>
<tp1:hr>161</tp1:hr>
</tp1:TrackPointExtension>
</extensions>
</trkpt>
<trkpt lat="58.63563247" lon="16.78597019">
<ele>73.2</ele>
<time>2026-03-22T11:25:38Z</time>
<extensions>
<tp1:TrackPointExtension>
<tp1:hr>161</tp1:hr>
</tp1:TrackPointExtension>
</extensions>
</trkpt>
<trkpt lat="58.63561596" lon="16.78601084">
<ele>73.2</ele>
<time>2026-03-22T11:25:39Z</time>
<extensions>
<tp1:TrackPointExtension>
<tp1:hr>162</tp1:hr>
</tp1:TrackPointExtension>
</extensions>
</trkpt>
<trkpt lat="58.63560179" lon="16.78604705">
<ele>73.0</ele>
<time>2026-03-22T11:25:40Z</time>
<extensions>
<tp1:TrackPointExtension>
<tp1:hr>162</tp1:hr>
</tp1:TrackPointExtension>
</extensions>
</trkpt>
<trkpt lat="58.63558285" lon="16.78609299">
<ele>73.2</ele>
<time>2026-03-22T11:25:41Z</time>
<extensions>
<tp1:TrackPointExtension>
<tp1:hr>163</tp1:hr>
</tp1:TrackPointExtension>
</extensions>
</trkpt>
<trkpt lat="58.63557681" lon="16.78613682">
<ele>73.6</ele>
<time>2026-03-22T11:25:42Z</time>
<extensions>
<tp1:TrackPointExtension>
<tp1:hr>163</tp1:hr>
</tp1:TrackPointExtension>
</extensions>
</trkpt>
<trkpt lat="58.63556894" lon="16.78618636">
<ele>73.8</ele>
<time>2026-03-22T11:25:43Z</time>
<extensions>
<tp1:TrackPointExtension>
<tp1:hr>163</tp1:hr>
</tp1:TrackPointExtension>
</extensions>
</trkpt>
<trkpt lat="58.63555586" lon="16.78623858">
<ele>74.4</ele>
<time>2026-03-22T11:25:44Z</time>
<extensions>
<tp1:TrackPointExtension>
<tp1:hr>164</tp1:hr>
</tp1:TrackPointExtension>
</extensions>
</trkpt>
<trkpt lat="58.63555888" lon="16.78628686">
<ele>74.8</ele>
<time>2026-03-22T11:25:45Z</time>
<extensions>
<tp1:TrackPointExtension>
<tp1:hr>164</tp1:hr>
</tp1:TrackPointExtension>
</extensions>
</trkpt>
<trkpt lat="58.63555779" lon="16.78633028">
<ele>75.0</ele>
<time>2026-03-22T11:25:46Z</time>
<extensions>
<tp1:TrackPointExtension>
<tp1:hr>164</tp1:hr>
</tp1:TrackPointExtension>
</extensions>
</trkpt>
<trkpt lat="58.63556374" lon="16.78638518">
<ele>75.0</ele>
<time>2026-03-22T11:25:47Z</time>
<extensions>
<tp1:TrackPointExtension>
<tp1:hr>164</tp1:hr>
</tp1:TrackPointExtension>
</extensions>
</trkpt>
<trkpt lat="58.63556449" lon="16.78645391">
<ele>74.8</ele>
<time>2026-03-22T11:25:48Z</time>
<extensions>
<tp1:TrackPointExtension>
<tp1:hr>165</tp1:hr>
</tp1:TrackPointExtension>
</extensions>
</trkpt>
<trkpt lat="58.63555829" lon="16.78651418">
<ele>74.4</ele>
<time>2026-03-22T11:25:49Z</time>
<extensions>
<tp1:TrackPointExtension>
<tp1:hr>165</tp1:hr>
</tp1:TrackPointExtension>
</extensions>
</trkpt>
<trkpt lat="58.63554446" lon="16.7865622">
<ele>74.2</ele>
<time>2026-03-22T11:25:50Z</time>
<extensions>
<tp1:TrackPointExtension>
<tp1:hr>165</tp1:hr>
</tp1:TrackPointExtension>
</extensions>
</trkpt>
<trkpt lat="58.63552728" lon="16.78660084">
<ele>73.8</ele>
<time>2026-03-22T11:25:51Z</time>
<extensions>
<tp1:TrackPointExtension>
<tp1:hr>166</tp1:hr>
</tp1:TrackPointExtension>
</extensions>
</trkpt>
<trkpt lat="58.63550708" lon="16.78663982">
<ele>73.4</ele>
<time>2026-03-22T11:25:52Z</time>
<extensions>
<tp1:TrackPointExtension>
<tp1:hr>166</tp1:hr>
</tp1:TrackPointExtension>
</extensions>
</trkpt>
<trkpt lat="58.6354847" lon="16.78665373">
<ele>73.0</ele>
<time>2026-03-22T11:25:53Z</time>
<extensions>
<tp1:TrackPointExtension>
<tp1:hr>166</tp1:hr>
</tp1:TrackPointExtension>
</extensions>
</trkpt>
<trkpt lat="58.63547363" lon="16.78667477">
<ele>72.4</ele>
<time>2026-03-22T11:25:54Z</time>
<extensions>
<tp1:TrackPointExtension>
<tp1:hr>166</tp1:hr>
</tp1:TrackPointExtension>
</extensions>
</trkpt>
<trkpt lat="58.63546039" lon="16.78671869">
<ele>72.0</ele>
<time>2026-03-22T11:25:55Z</time>
<extensions>
<tp1:TrackPointExtension>
<tp1:hr>166</tp1:hr>
</tp1:TrackPointExtension>
</extensions>
</trkpt>
<trkpt lat="58.63543625" lon="16.78674392">
<ele>71.0</ele>
<time>2026-03-22T11:25:56Z</time>
<extensions>
<tp1:TrackPointExtension>
<tp1:hr>166</tp1:hr>
</tp1:TrackPointExtension>
</extensions>
</trkpt>
<trkpt lat="58.63541999" lon="16.78676102">
<ele>70.4</ele>
<time>2026-03-22T11:25:57Z</time>
<extensions>
<tp1:TrackPointExtension>
<tp1:hr>165</tp1:hr>
</tp1:TrackPointExtension>
</extensions>
</trkpt>
<trkpt lat="58.63540968" lon="16.78678122">
<ele>69.8</ele>
<time>2026-03-22T11:25:58Z</time>
<extensions>
<tp1:TrackPointExtension>
<tp1:hr>165</tp1:hr>
</tp1:TrackPointExtension>
</extensions>
</trkpt>
<trkpt lat="58.63540348" lon="16.78681551">
<ele>69.6</ele>
<time>2026-03-22T11:25:59Z</time>
<extensions>
<tp1:TrackPointExtension>
<tp1:hr>165</tp1:hr>
</tp1:TrackPointExtension>
</extensions>
</trkpt>
<trkpt lat="58.63539945" lon="16.78684954">
<ele>69.6</ele>
<time>2026-03-22T11:26:00Z</time>
<extensions>
<tp1:TrackPointExtension>
<tp1:hr>165</tp1:hr>
</tp1:TrackPointExtension>
</extensions>
</trkpt>
<trkpt lat="58.63539401" lon="16.7868782">
<ele>69.8</ele>
<time>2026-03-22T11:26:01Z</time>
<extensions>
<tp1:TrackPointExtension>
<tp1:hr>165</tp1:hr>
</tp1:TrackPointExtension>
</extensions>
</trkpt>
<trkpt lat="58.6353837" lon="16.78691139">
<ele>70.0</ele>
<time>2026-03-22T11:26:02Z</time>
<extensions>
<tp1:TrackPointExtension>
<tp1:hr>165</tp1:hr>
</tp1:TrackPointExtension>
</extensions>
</trkpt>
<trkpt lat="58.63537406" lon="16.78695406">
<ele>70.4</ele>
<time>2026-03-22T11:26:03Z</time>
<extensions>
<tp1:TrackPointExtension>
<tp1:hr>165</tp1:hr>
</tp1:TrackPointExtension>
</extensions>
</trkpt>
<trkpt lat="58.63536282" lon="16.78699513">
<ele>70.6</ele>
<time>2026-03-22T11:26:04Z</time>
<extensions>
<tp1:TrackPointExtension>
<tp1:hr>164</tp1:hr>
</tp1:TrackPointExtension>
</extensions>
</trkpt>
<trkpt lat="58.63535059" lon="16.78703561">
<ele>70.8</ele>
<time>2026-03-22T11:26:05Z</time>
<extensions>
<tp1:TrackPointExtension>
<tp1:hr>164</tp1:hr>
</tp1:TrackPointExtension>
</extensions>
</trkpt>
<trkpt lat="58.63533399" lon="16.7870673">
<ele>70.8</ele>
<time>2026-03-22T11:26:06Z</time>
<extensions>
<tp1:TrackPointExtension>
<tp1:hr>164</tp1:hr>
</tp1:TrackPointExtension>
</extensions>
</trkpt>
<trkpt lat="58.63532058" lon="16.78710761">
<ele>70.8</ele>
<time>2026-03-22T11:26:07Z</time>
<extensions>
<tp1:TrackPointExtension>
<tp1:hr>164</tp1:hr>
</tp1:TrackPointExtension>
</extensions>
</trkpt>
<trkpt lat="58.63530918" lon="16.7871429">
<ele>70.6</ele>
<time>2026-03-22T11:26:08Z</time>
<extensions>
<tp1:TrackPointExtension>
<tp1:hr>164</tp1:hr>
</tp1:TrackPointExtension>
</extensions>
</trkpt>
<trkpt lat="58.63530315" lon="16.78719873">
<ele>70.4</ele>
<time>2026-03-22T11:26:09Z</time>
<extensions>
<tp1:TrackPointExtension>
<tp1:hr>164</tp1:hr>
</tp1:TrackPointExtension>
</extensions>
</trkpt>
<trkpt lat="58.63528018" lon="16.7872579">
<ele>70.2</ele>
<time>2026-03-22T11:26:10Z</time>
<extensions>
<tp1:TrackPointExtension>
<tp1:hr>163</tp1:hr>
</tp1:TrackPointExtension>
</extensions>
</trkpt>
<trkpt lat="58.63526165" lon="16.78729914">
<ele>70.0</ele>
<time>2026-03-22T11:26:11Z</time>
<extensions>
<tp1:TrackPointExtension>
<tp1:hr>164</tp1:hr>
</tp1:TrackPointExtension>
</extensions>
</trkpt>
<trkpt lat="58.63524154" lon="16.78733736">
<ele>69.8</ele>
<time>2026-03-22T11:26:12Z</time>
<extensions>
<tp1:TrackPointExtension>
<tp1:hr>163</tp1:hr>
</tp1:TrackPointExtension>
</extensions>
</trkpt>
<trkpt lat="58.63520382" lon="16.78739931">
<ele>69.4</ele>
<time>2026-03-22T11:26:13Z</time>
<extensions>
<tp1:TrackPointExtension>
<tp1:hr>163</tp1:hr>
</tp1:TrackPointExtension>
</extensions>
</trkpt>
<trkpt lat="58.63517473" lon="16.78742923">
<ele>68.8</ele>
<time>2026-03-22T11:26:14Z</time>
<extensions>
<tp1:TrackPointExtension>
<tp1:hr>163</tp1:hr>
</tp1:TrackPointExtension>
</extensions>
</trkpt>
<trkpt lat="58.63515009" lon="16.78743602">
<ele>68.0</ele>
<time>2026-03-22T11:26:15Z</time>
<extensions>
<tp1:TrackPointExtension>
<tp1:hr>163</tp1:hr>
</tp1:TrackPointExtension>
</extensions>
</trkpt>
<trkpt lat="58.63514699" lon="16.7874537">
<ele>67.4</ele>
<time>2026-03-22T11:26:16Z</time>
<extensions>
<tp1:TrackPointExtension>
<tp1:hr>164</tp1:hr>
</tp1:TrackPointExtension>
</extensions>
</trkpt>
<trkpt lat="58.63513668" lon="16.78748572">
<ele>66.8</ele>
<time>2026-03-22T11:26:17Z</time>
<extensions>
<tp1:TrackPointExtension>
<tp1:hr>163</tp1:hr>
</tp1:TrackPointExtension>
</extensions>
</trkpt>
<trkpt lat="58.63512143" lon="16.78752797">
<ele>66.0</ele>
<time>2026-03-22T11:26:18Z</time>
<extensions>
<tp1:TrackPointExtension>
<tp1:hr>163</tp1:hr>
</tp1:TrackPointExtension>
</extensions>
</trkpt>
<trkpt lat="58.63511078" lon="16.78757407">
<ele>65.2</ele>
<time>2026-03-22T11:26:19Z</time>
<extensions>
<tp1:TrackPointExtension>
<tp1:hr>163</tp1:hr>
</tp1:TrackPointExtension>
</extensions>
</trkpt>
<trkpt lat="58.63508932" lon="16.78759611">
<ele>64.4</ele>
<time>2026-03-22T11:26:20Z</time>
<extensions>
<tp1:TrackPointExtension>
<tp1:hr>163</tp1:hr>
</tp1:TrackPointExtension>
</extensions>
</trkpt>
<trkpt lat="58.63507038" lon="16.78761564">
<ele>63.6</ele>
<time>2026-03-22T11:26:21Z</time>
<extensions>
<tp1:TrackPointExtension>
<tp1:hr>163</tp1:hr>
</tp1:TrackPointExtension>
</extensions>
</trkpt>
<trkpt lat="58.63505244" lon="16.78764691">
<ele>63.0</ele>
<time>2026-03-22T11:26:22Z</time>
<extensions>
<tp1:TrackPointExtension>
<tp1:hr>163</tp1:hr>
</tp1:TrackPointExtension>
</extensions>
</trkpt>
<trkpt lat="58.63503937" lon="16.78766887">
<ele>62.4</ele>
<time>2026-03-22T11:26:23Z</time>
<extensions>
<tp1:TrackPointExtension>
<tp1:hr>162</tp1:hr>
</tp1:TrackPointExtension>
</extensions>
</trkpt>
<trkpt lat="58.63502436" lon="16.78769426">
<ele>62.0</ele>
<time>2026-03-22T11:26:24Z</time>
<extensions>
<tp1:TrackPointExtension>
<tp1:hr>161</tp1:hr>
</tp1:TrackPointExtension>
</extensions>
</trkpt>
<trkpt lat="58.63501732" lon="16.78771547">
<ele>61.4</ele>
<time>2026-03-22T11:26:25Z</time>
<extensions>
<tp1:TrackPointExtension>
<tp1:hr>161</tp1:hr>
</tp1:TrackPointExtension>
</extensions>
</trkpt>
<trkpt lat="58.6350102" lon="16.78772394">
<ele>60.8</ele>
<time>2026-03-22T11:26:26Z</time>
<extensions>
<tp1:TrackPointExtension>
<tp1:hr>161</tp1:hr>
</tp1:TrackPointExtension>
</extensions>
</trkpt>
<trkpt lat="58.63500341" lon="16.78775185">
<ele>60.2</ele>
<time>2026-03-22T11:26:27Z</time>
<extensions>
<tp1:TrackPointExtension>
<tp1:hr>160</tp1:hr>
</tp1:TrackPointExtension>
</extensions>
</trkpt>
<trkpt lat="58.63501389" lon="16.78779108">
<ele>59.6</ele>
<time>2026-03-22T11:26:28Z</time>
<extensions>
<tp1:TrackPointExtension>
<tp1:hr>161</tp1:hr>
</tp1:TrackPointExtension>
</extensions>
</trkpt>
<trkpt lat="58.63500777" lon="16.78782854">
<ele>59.2</ele>
<time>2026-03-22T11:26:29Z</time>
<extensions>
<tp1:TrackPointExtension>
<tp1:hr>161</tp1:hr>
</tp1:TrackPointExtension>
</extensions>
</trkpt>
<trkpt lat="58.6349998" lon="16.78785771">
<ele>58.6</ele>
<time>2026-03-22T11:26:30Z</time>
<extensions>
<tp1:TrackPointExtension>
<tp1:hr>161</tp1:hr>
</tp1:TrackPointExtension>
</extensions>
</trkpt>
<trkpt lat="58.63498807" lon="16.78786442">
<ele>57.8</ele>
<time>2026-03-22T11:26:31Z</time>
<extensions>
<tp1:TrackPointExtension>
<tp1:hr>161</tp1:hr>
</tp1:TrackPointExtension>
</extensions>
</trkpt>
<trkpt lat="58.63497751" lon="16.78789501">
<ele>56.8</ele>
<time>2026-03-22T11:26:32Z</time>
<extensions>
<tp1:TrackPointExtension>
<tp1:hr>160</tp1:hr>
</tp1:TrackPointExtension>
</extensions>
</trkpt>
<trkpt lat="58.63497072" lon="16.78792644">
<ele>55.8</ele>
<time>2026-03-22T11:26:33Z</time>
<extensions>
<tp1:TrackPointExtension>
<tp1:hr>160</tp1:hr>
</tp1:TrackPointExtension>
</extensions>
</trkpt>
<trkpt lat="58.63495815" lon="16.7879619">
<ele>54.6</ele>
<time>2026-03-22T11:26:34Z</time>
<extensions>
<tp1:TrackPointExtension>
<tp1:hr>160</tp1:hr>
</tp1:TrackPointExtension>
</extensions>
</trkpt>
<trkpt lat="58.63494834" lon="16.78800347">
<ele>54.0</ele>
<time>2026-03-22T11:26:35Z</time>
<extensions>
<tp1:TrackPointExtension>
<tp1:hr>160</tp1:hr>
</tp1:TrackPointExtension>
</extensions>
</trkpt>
<trkpt lat="58.63493644" lon="16.788051">
<ele>53.4</ele>
<time>2026-03-22T11:26:36Z</time>
<extensions>
<tp1:TrackPointExtension>
<tp1:hr>160</tp1:hr>
</tp1:TrackPointExtension>
</extensions>
</trkpt>
<trkpt lat="58.63492219" lon="16.78809861">
<ele>53.0</ele>
<time>2026-03-22T11:26:37Z</time>
<extensions>
<tp1:TrackPointExtension>
<tp1:hr>160</tp1:hr>
</tp1:TrackPointExtension>
</extensions>
</trkpt>
<trkpt lat="58.63490023" lon="16.78815519">
<ele>52.2</ele>
<time>2026-03-22T11:26:38Z</time>
<extensions>
<tp1:TrackPointExtension>
<tp1:hr>161</tp1:hr>
</tp1:TrackPointExtension>
</extensions>
</trkpt>
<trkpt lat="58.63488573" lon="16.78820313">
<ele>51.8</ele>
<time>2026-03-22T11:26:39Z</time>
<extensions>
<tp1:TrackPointExtension>
<tp1:hr>161</tp1:hr>
</tp1:TrackPointExtension>
</extensions>
</trkpt>
<trkpt lat="58.63487734" lon="16.7882525">
<ele>51.2</ele>
<time>2026-03-22T11:26:40Z</time>
<extensions>
<tp1:TrackPointExtension>
<tp1:hr>161</tp1:hr>
</tp1:TrackPointExtension>
</extensions>
</trkpt>
<trkpt lat="58.63486628" lon="16.7883012">
<ele>51.0</ele>
<time>2026-03-22T11:26:41Z</time>
<extensions>
<tp1:TrackPointExtension>
<tp1:hr>161</tp1:hr>
</tp1:TrackPointExtension>
</extensions>
</trkpt>
<trkpt lat="58.63486142" lon="16.78835526">
<ele>51.0</ele>
<time>2026-03-22T11:26:42Z</time>
<extensions>
<tp1:TrackPointExtension>
<tp1:hr>162</tp1:hr>
</tp1:TrackPointExtension>
</extensions>
</trkpt>
<trkpt lat="58.63486427" lon="16.78841041">
<ele>50.8</ele>
<time>2026-03-22T11:26:43Z</time>
<extensions>
<tp1:TrackPointExtension>
<tp1:hr>162</tp1:hr>
</tp1:TrackPointExtension>
</extensions>
</trkpt>
<trkpt lat="58.63487349" lon="16.78845719">
<ele>50.8</ele>
<time>2026-03-22T11:26:44Z</time>
<extensions>
<tp1:TrackPointExtension>
<tp1:hr>162</tp1:hr>
</tp1:TrackPointExtension>
</extensions>
</trkpt>
<trkpt lat="58.63488673" lon="16.78850488">
<ele>50.8</ele>
<time>2026-03-22T11:26:45Z</time>
<extensions>
<tp1:TrackPointExtension>
<tp1:hr>162</tp1:hr>
</tp1:TrackPointExtension>
</extensions>
</trkpt>
<trkpt lat="58.63490274" lon="16.78855911">
<ele>50.6</ele>
<time>2026-03-22T11:26:46Z</time>
<extensions>
<tp1:TrackPointExtension>
<tp1:hr>163</tp1:hr>
</tp1:TrackPointExtension>
</extensions>
</trkpt>
<trkpt lat="58.63491875" lon="16.78861443">
<ele>50.6</ele>
<time>2026-03-22T11:26:47Z</time>
<extensions>
<tp1:TrackPointExtension>
<tp1:hr>162</tp1:hr>
</tp1:TrackPointExtension>
</extensions>
</trkpt>
<trkpt lat="58.63493644" lon="16.78869196">
<ele>50.2</ele>
<time>2026-03-22T11:26:48Z</time>
<extensions>
<tp1:TrackPointExtension>
<tp1:hr>163</tp1:hr>
</tp1:TrackPointExtension>
</extensions>
</trkpt>
<trkpt lat="58.63495555" lon="16.78876874">
<ele>50.0</ele>
<time>2026-03-22T11:26:49Z</time>
<extensions>
<tp1:TrackPointExtension>
<tp1:hr>163</tp1:hr>
</tp1:TrackPointExtension>
</extensions>
</trkpt>
<trkpt lat="58.63497835" lon="16.78881275">
<ele>49.8</ele>
<time>2026-03-22T11:26:50Z</time>
<extensions>
<tp1:TrackPointExtension>
<tp1:hr>162</tp1:hr>
</tp1:TrackPointExtension>
</extensions>
</trkpt>
<trkpt lat="58.63499528" lon="16.78886731">
<ele>49.8</ele>
<time>2026-03-22T11:26:51Z</time>
<extensions>
<tp1:TrackPointExtension>
<tp1:hr>162</tp1:hr>
</tp1:TrackPointExtension>
</extensions>
</trkpt>
<trkpt lat="58.63501263" lon="16.78891266">
<ele>49.8</ele>
<time>2026-03-22T11:26:52Z</time>
<extensions>
<tp1:TrackPointExtension>
<tp1:hr>163</tp1:hr>
</tp1:TrackPointExtension>
</extensions>
</trkpt>
<trkpt lat="58.6350314" lon="16.78896387">
<ele>50.0</ele>
<time>2026-03-22T11:26:53Z</time>
<extensions>
<tp1:TrackPointExtension>
<tp1:hr>163</tp1:hr>
</tp1:TrackPointExtension>
</extensions>
</trkpt>
<trkpt lat="58.63505211" lon="16.78903386">
<ele>50.1</ele>
<time>2026-03-22T11:26:54Z</time>
<extensions>
<tp1:TrackPointExtension>
<tp1:hr>163</tp1:hr>
</tp1:TrackPointExtension>
</extensions>
</trkpt>
<trkpt lat="58.6350848" lon="16.78909656">
<ele>49.9</ele>
<time>2026-03-22T11:26:55Z</time>
<extensions>
<tp1:TrackPointExtension>
<tp1:hr>164</tp1:hr>
</tp1:TrackPointExtension>
</extensions>
</trkpt>
<trkpt lat="58.63510265" lon="16.78915825">
<ele>49.9</ele>
<time>2026-03-22T11:26:56Z</time>
<extensions>
<tp1:TrackPointExtension>
<tp1:hr>164</tp1:hr>
</tp1:TrackPointExtension>
</extensions>
</trkpt>
<trkpt lat="58.63512193" lon="16.78924626">
<ele>49.5</ele>
<time>2026-03-22T11:26:57Z</time>
<extensions>
<tp1:TrackPointExtension>
<tp1:hr>164</tp1:hr>
</tp1:TrackPointExtension>
</extensions>
</trkpt>
<trkpt lat="58.63512645" lon="16.78933242">
<ele>49.1</ele>
<time>2026-03-22T11:26:58Z</time>
<extensions>
<tp1:TrackPointExtension>
<tp1:hr>165</tp1:hr>
</tp1:TrackPointExtension>
</extensions>
</trkpt>
<trkpt lat="58.63511899" lon="16.78940459">
<ele>48.7</ele>
<time>2026-03-22T11:26:59Z</time>
<extensions>
<tp1:TrackPointExtension>
<tp1:hr>165</tp1:hr>
</tp1:TrackPointExtension>
</extensions>
</trkpt>
<trkpt lat="58.6351029" lon="16.78947609">
<ele>48.3</ele>
<time>2026-03-22T11:27:00Z</time>
<extensions>
<tp1:TrackPointExtension>
<tp1:hr>166</tp1:hr>
</tp1:TrackPointExtension>
</extensions>
</trkpt>
<trkpt lat="58.63508681" lon="16.78953929">
<ele>47.7</ele>
<time>2026-03-22T11:27:01Z</time>
<extensions>
<tp1:TrackPointExtension>
<tp1:hr>167</tp1:hr>
</tp1:TrackPointExtension>
</extensions>
</trkpt>
<trkpt lat="58.6350744" lon="16.7895983">
<ele>47.1</ele>
<time>2026-03-22T11:27:02Z</time>
<extensions>
<tp1:TrackPointExtension>
<tp1:hr>167</tp1:hr>
</tp1:TrackPointExtension>
</extensions>
</trkpt>
<trkpt lat="58.63505412" lon="16.78968924">
<ele>46.5</ele>
<time>2026-03-22T11:27:03Z</time>
<extensions>
<tp1:TrackPointExtension>
<tp1:hr>167</tp1:hr>
</tp1:TrackPointExtension>
</extensions>
</trkpt>
<trkpt lat="58.63503576" lon="16.78976359">
<ele>45.7</ele>
<time>2026-03-22T11:27:04Z</time>
<extensions>
<tp1:TrackPointExtension>
<tp1:hr>166</tp1:hr>
</tp1:TrackPointExtension>
</extensions>
</trkpt>
<trkpt lat="58.63501942" lon="16.78983475">
<ele>44.9</ele>
<time>2026-03-22T11:27:05Z</time>
<extensions>
<tp1:TrackPointExtension>
<tp1:hr>166</tp1:hr>
</tp1:TrackPointExtension>
</extensions>
</trkpt>
<trkpt lat="58.63500341" lon="16.78991421">
<ele>44.3</ele>
<time>2026-03-22T11:27:06Z</time>
<extensions>
<tp1:TrackPointExtension>
<tp1:hr>166</tp1:hr>
</tp1:TrackPointExtension>
</extensions>
</trkpt>
<trkpt lat="58.63498472" lon="16.78997976">
<ele>43.5</ele>
<time>2026-03-22T11:27:07Z</time>
<extensions>
<tp1:TrackPointExtension>
<tp1:hr>166</tp1:hr>
</tp1:TrackPointExtension>
</extensions>
</trkpt>
<trkpt lat="58.634961" lon="16.79003617">
<ele>43.1</ele>
<time>2026-03-22T11:27:08Z</time>
<extensions>
<tp1:TrackPointExtension>
<tp1:hr>166</tp1:hr>
</tp1:TrackPointExtension>
</extensions>
</trkpt>
<trkpt lat="58.63493225" lon="16.79009601">
<ele>42.5</ele>
<time>2026-03-22T11:27:09Z</time>
<extensions>
<tp1:TrackPointExtension>
<tp1:hr>167</tp1:hr>
</tp1:TrackPointExtension>
</extensions>
</trkpt>
<trkpt lat="58.63490417" lon="16.79017749">
<ele>41.7</ele>
<time>2026-03-22T11:27:10Z</time>
<extensions>
<tp1:TrackPointExtension>
<tp1:hr>167</tp1:hr>
</tp1:TrackPointExtension>
</extensions>
</trkpt>
<trkpt lat="58.63487282" lon="16.79023993">
<ele>41.1</ele>
<time>2026-03-22T11:27:11Z</time>
<extensions>
<tp1:TrackPointExtension>
<tp1:hr>167</tp1:hr>
</tp1:TrackPointExtension>
</extensions>
</trkpt>
<trkpt lat="58.63482429" lon="16.79027237">
<ele>40.7</ele>
<time>2026-03-22T11:27:12Z</time>
<extensions>
<tp1:TrackPointExtension>
<tp1:hr>168</tp1:hr>
</tp1:TrackPointExtension>
</extensions>
</trkpt>
<trkpt lat="58.63479051" lon="16.79029793">
<ele>40.5</ele>
<time>2026-03-22T11:27:13Z</time>
<extensions>
<tp1:TrackPointExtension>
<tp1:hr>168</tp1:hr>
</tp1:TrackPointExtension>
</extensions>
</trkpt>
<trkpt lat="58.63475229" lon="16.79033012">
<ele>40.5</ele>
<time>2026-03-22T11:27:14Z</time>
<extensions>
<tp1:TrackPointExtension>
<tp1:hr>169</tp1:hr>
</tp1:TrackPointExtension>
</extensions>
</trkpt>
<trkpt lat="58.63472144" lon="16.79036734">
<ele>40.5</ele>
<time>2026-03-22T11:27:15Z</time>
<extensions>
<tp1:TrackPointExtension>
<tp1:hr>169</tp1:hr>
</tp1:TrackPointExtension>
</extensions>
</trkpt>
<trkpt lat="58.63468942" lon="16.7904214">
<ele>40.1</ele>
<time>2026-03-22T11:27:16Z</time>
<extensions>
<tp1:TrackPointExtension>
<tp1:hr>169</tp1:hr>
</tp1:TrackPointExtension>
</extensions>
</trkpt>
<trkpt lat="58.6346688" lon="16.79046398">
<ele>39.9</ele>
<time>2026-03-22T11:27:17Z</time>
<extensions>
<tp1:TrackPointExtension>
<tp1:hr>168</tp1:hr>
</tp1:TrackPointExtension>
</extensions>
</trkpt>
<trkpt lat="58.63464433" lon="16.79051662">
<ele>39.7</ele>
<time>2026-03-22T11:27:18Z</time>
<extensions>
<tp1:TrackPointExtension>
<tp1:hr>169</tp1:hr>
</tp1:TrackPointExtension>
</extensions>
</trkpt>
<trkpt lat="58.63461005" lon="16.79058921">
<ele>39.5</ele>
<time>2026-03-22T11:27:19Z</time>
<extensions>
<tp1:TrackPointExtension>
<tp1:hr>169</tp1:hr>
</tp1:TrackPointExtension>
</extensions>
</trkpt>
<trkpt lat="58.63458524" lon="16.79062919">
<ele>39.3</ele>
<time>2026-03-22T11:27:20Z</time>
<extensions>
<tp1:TrackPointExtension>
<tp1:hr>169</tp1:hr>
</tp1:TrackPointExtension>
</extensions>
</trkpt>
<trkpt lat="58.6345564" lon="16.79068702">
<ele>39.1</ele>
<time>2026-03-22T11:27:21Z</time>
<extensions>
<tp1:TrackPointExtension>
<tp1:hr>170</tp1:hr>
</tp1:TrackPointExtension>
</extensions>
</trkpt>
<trkpt lat="58.63453109" lon="16.79073974">
<ele>38.7</ele>
<time>2026-03-22T11:27:22Z</time>
<extensions>
<tp1:TrackPointExtension>
<tp1:hr>170</tp1:hr>
</tp1:TrackPointExtension>
</extensions>
</trkpt>
<trkpt lat="58.63450401" lon="16.7907928">
<ele>38.5</ele>
<time>2026-03-22T11:27:23Z</time>
<extensions>
<tp1:TrackPointExtension>
<tp1:hr>170</tp1:hr>
</tp1:TrackPointExtension>
</extensions>
</trkpt>
<trkpt lat="58.6344725" lon="16.79084318">
<ele>38.5</ele>
<time>2026-03-22T11:27:24Z</time>
<extensions>
<tp1:TrackPointExtension>
<tp1:hr>170</tp1:hr>
</tp1:TrackPointExtension>
</extensions>
</trkpt>
<trkpt lat="58.63443713" lon="16.79089204">
<ele>38.3</ele>
<time>2026-03-22T11:27:25Z</time>
<extensions>
<tp1:TrackPointExtension>
<tp1:hr>171</tp1:hr>
</tp1:TrackPointExtension>
</extensions>
</trkpt>
<trkpt lat="58.63440033" lon="16.79092607">
<ele>38.1</ele>
<time>2026-03-22T11:27:26Z</time>
<extensions>
<tp1:TrackPointExtension>
<tp1:hr>171</tp1:hr>
</tp1:TrackPointExtension>
</extensions>
</trkpt>
<trkpt lat="58.63436253" lon="16.7909679">
<ele>38.1</ele>
<time>2026-03-22T11:27:27Z</time>
<extensions>
<tp1:TrackPointExtension>
<tp1:hr>171</tp1:hr>
</tp1:TrackPointExtension>
</extensions>
</trkpt>
<trkpt lat="58.63433604" lon="16.79100604">
<ele>37.9</ele>
<time>2026-03-22T11:27:28Z</time>
<extensions>
<tp1:TrackPointExtension>
<tp1:hr>171</tp1:hr>
</tp1:TrackPointExtension>
</extensions>
</trkpt>
<trkpt lat="58.63430453" lon="16.79104686">
<ele>37.9</ele>
<time>2026-03-22T11:27:29Z</time>
<extensions>
<tp1:TrackPointExtension>
<tp1:hr>170</tp1:hr>
</tp1:TrackPointExtension>
</extensions>
</trkpt>
<trkpt lat="58.63427276" lon="16.79108139">
<ele>37.9</ele>
<time>2026-03-22T11:27:30Z</time>
<extensions>
<tp1:TrackPointExtension>
<tp1:hr>171</tp1:hr>
</tp1:TrackPointExtension>
</extensions>
</trkpt>
<trkpt lat="58.63424233" lon="16.79112808">
<ele>37.7</ele>
<time>2026-03-22T11:27:31Z</time>
<extensions>
<tp1:TrackPointExtension>
<tp1:hr>170</tp1:hr>
</tp1:TrackPointExtension>
</extensions>
</trkpt>
<trkpt lat="58.63420646" lon="16.7911554">
<ele>37.5</ele>
<time>2026-03-22T11:27:32Z</time>
<extensions>
<tp1:TrackPointExtension>
<tp1:hr>170</tp1:hr>
</tp1:TrackPointExtension>
</extensions>
</trkpt>
<trkpt lat="58.63417762" lon="16.79118843">
<ele>37.1</ele>
<time>2026-03-22T11:27:33Z</time>
<extensions>
<tp1:TrackPointExtension>
<tp1:hr>170</tp1:hr>
</tp1:TrackPointExtension>
</extensions>
</trkpt>
<trkpt lat="58.63414091" lon="16.79123076">
<ele>37.1</ele>
<time>2026-03-22T11:27:34Z</time>
<extensions>
<tp1:TrackPointExtension>
<tp1:hr>169</tp1:hr>
</tp1:TrackPointExtension>
</extensions>
</trkpt>
<trkpt lat="58.63411484" lon="16.79126034">
<ele>37.1</ele>
<time>2026-03-22T11:27:35Z</time>
<extensions>
<tp1:TrackPointExtension>
<tp1:hr>169</tp1:hr>
</tp1:TrackPointExtension>
</extensions>
</trkpt>
<trkpt lat="58.63408844" lon="16.79129932">
<ele>37.1</ele>
<time>2026-03-22T11:27:36Z</time>
<extensions>
<tp1:TrackPointExtension>
<tp1:hr>168</tp1:hr>
</tp1:TrackPointExtension>
</extensions>
</trkpt>
<trkpt lat="58.6340612" lon="16.7913243">
<ele>37.3</ele>
<time>2026-03-22T11:27:37Z</time>
<extensions>
<tp1:TrackPointExtension>
<tp1:hr>168</tp1:hr>
</tp1:TrackPointExtension>
</extensions>
</trkpt>
<trkpt lat="58.6340291" lon="16.79136009">
<ele>37.5</ele>
<time>2026-03-22T11:27:38Z</time>
<extensions>
<tp1:TrackPointExtension>
<tp1:hr>167</tp1:hr>
</tp1:TrackPointExtension>
</extensions>
</trkpt>
<trkpt lat="58.63400504" lon="16.79141105">
<ele>37.5</ele>
<time>2026-03-22T11:27:39Z</time>
<extensions>
<tp1:TrackPointExtension>
<tp1:hr>167</tp1:hr>
</tp1:TrackPointExtension>
</extensions>
</trkpt>
<trkpt lat="58.63397906" lon="16.79148188">
<ele>37.3</ele>
<time>2026-03-22T11:27:40Z</time>
<extensions>
<tp1:TrackPointExtension>
<tp1:hr>167</tp1:hr>
</tp1:TrackPointExtension>
</extensions>
</trkpt>
<trkpt lat="58.63395693" lon="16.79155522">
<ele>36.9</ele>
<time>2026-03-22T11:27:41Z</time>
<extensions>
<tp1:TrackPointExtension>
<tp1:hr>164</tp1:hr>
</tp1:TrackPointExtension>
</extensions>
</trkpt>
<trkpt lat="58.63393698" lon="16.79162689">
<ele>36.7</ele>
<time>2026-03-22T11:27:42Z</time>
<extensions>
<tp1:TrackPointExtension>
<tp1:hr>161</tp1:hr>
</tp1:TrackPointExtension>
</extensions>
</trkpt>
<trkpt lat="58.63390781" lon="16.79170224">
<ele>36.7</ele>
<time>2026-03-22T11:27:43Z</time>
<extensions>
<tp1:TrackPointExtension>
<tp1:hr>160</tp1:hr>
</tp1:TrackPointExtension>
</extensions>
</trkpt>
<trkpt lat="58.63388862" lon="16.79175429">
<ele>36.5</ele>
<time>2026-03-22T11:27:44Z</time>
<extensions>
<tp1:TrackPointExtension>
<tp1:hr>160</tp1:hr>
</tp1:TrackPointExtension>
</extensions>
</trkpt>
<trkpt lat="58.63385467" lon="16.79177994">
<ele>36.5</ele>
<time>2026-03-22T11:27:45Z</time>
<extensions>
<tp1:TrackPointExtension>
<tp1:hr>160</tp1:hr>
</tp1:TrackPointExtension>
</extensions>
</trkpt>
<trkpt lat="58.63381754" lon="16.79178136">
<ele>36.7</ele>
<time>2026-03-22T11:27:46Z</time>
<extensions>
<tp1:TrackPointExtension>
<tp1:hr>160</tp1:hr>
</tp1:TrackPointExtension>
</extensions>
</trkpt>
<trkpt lat="58.63379734" lon="16.79178271">
<ele>36.9</ele>
<time>2026-03-22T11:27:47Z</time>
<extensions>
<tp1:TrackPointExtension>
<tp1:hr>160</tp1:hr>
</tp1:TrackPointExtension>
</extensions>
</trkpt>
<trkpt lat="58.63378577" lon="16.79179125">
<ele>37.3</ele>
<time>2026-03-22T11:27:48Z</time>
<extensions>
<tp1:TrackPointExtension>
<tp1:hr>160</tp1:hr>
</tp1:TrackPointExtension>
</extensions>
</trkpt>
<trkpt lat="58.63376632" lon="16.79180458">
<ele>37.9</ele>
<time>2026-03-22T11:27:49Z</time>
<extensions>
<tp1:TrackPointExtension>
<tp1:hr>160</tp1:hr>
</tp1:TrackPointExtension>
</extensions>
</trkpt>
<trkpt lat="58.63374839" lon="16.7918159">
<ele>38.5</ele>
<time>2026-03-22T11:27:50Z</time>
<extensions>
<tp1:TrackPointExtension>
<tp1:hr>160</tp1:hr>
</tp1:TrackPointExtension>
</extensions>
</trkpt>
<trkpt lat="58.63372768" lon="16.7918299">
<ele>38.9</ele>
<time>2026-03-22T11:27:51Z</time>
<extensions>
<tp1:TrackPointExtension>
<tp1:hr>161</tp1:hr>
</tp1:TrackPointExtension>
</extensions>
</trkpt>
<trkpt lat="58.63371125" lon="16.79184766">
<ele>39.5</ele>
<time>2026-03-22T11:27:52Z</time>
<extensions>
<tp1:TrackPointExtension>
<tp1:hr>161</tp1:hr>
</tp1:TrackPointExtension>
</extensions>
</trkpt>
<trkpt lat="58.63370405" lon="16.79186619">
<ele>40.1</ele>
<time>2026-03-22T11:27:53Z</time>
<extensions>
<tp1:TrackPointExtension>
<tp1:hr>161</tp1:hr>
</tp1:TrackPointExtension>
</extensions>
</trkpt>
<trkpt lat="58.63369139" lon="16.79188077">
<ele>40.7</ele>
<time>2026-03-22T11:27:54Z</time>
<extensions>
<tp1:TrackPointExtension>
<tp1:hr>161</tp1:hr>
</tp1:TrackPointExtension>
</extensions>
</trkpt>
<trkpt lat="58.63368628" lon="16.79190307">
<ele>41.1</ele>
<time>2026-03-22T11:27:55Z</time>
<extensions>
<tp1:TrackPointExtension>
<tp1:hr>161</tp1:hr>
</tp1:TrackPointExtension>
</extensions>
</trkpt>
<trkpt lat="58.6336753" lon="16.79192813">
<ele>41.5</ele>
<time>2026-03-22T11:27:56Z</time>
<extensions>
<tp1:TrackPointExtension>
<tp1:hr>161</tp1:hr>
</tp1:TrackPointExtension>
</extensions>
</trkpt>
<trkpt lat="58.63366339" lon="16.79195143">
<ele>41.7</ele>
<time>2026-03-22T11:27:57Z</time>
<extensions>
<tp1:TrackPointExtension>
<tp1:hr>160</tp1:hr>
</tp1:TrackPointExtension>
</extensions>
</trkpt>
<trkpt lat="58.6336566" lon="16.79198622">
<ele>41.9</ele>
<time>2026-03-22T11:27:58Z</time>
<extensions>
<tp1:TrackPointExtension>
<tp1:hr>160</tp1:hr>
</tp1:TrackPointExtension>
</extensions>
</trkpt>
<trkpt lat="58.63365166" lon="16.79203148">
<ele>42.1</ele>
<time>2026-03-22T11:27:59Z</time>
<extensions>
<tp1:TrackPointExtension>
<tp1:hr>160</tp1:hr>
</tp1:TrackPointExtension>
</extensions>
</trkpt>
<trkpt lat="58.63363942" lon="16.79207079">
<ele>42.3</ele>
<time>2026-03-22T11:28:00Z</time>
<extensions>
<tp1:TrackPointExtension>
<tp1:hr>160</tp1:hr>
</tp1:TrackPointExtension>
</extensions>
</trkpt>
<trkpt lat="58.63362417" lon="16.79210574">
<ele>42.3</ele>
<time>2026-03-22T11:28:01Z</time>
<extensions>
<tp1:TrackPointExtension>
<tp1:hr>161</tp1:hr>
</tp1:TrackPointExtension>
</extensions>
</trkpt>
<trkpt lat="58.63360631" lon="16.79213743">
<ele>42.5</ele>
<time>2026-03-22T11:28:02Z</time>
<extensions>
<tp1:TrackPointExtension>
<tp1:hr>160</tp1:hr>
</tp1:TrackPointExtension>
</extensions>
</trkpt>
<trkpt lat="58.63359005" lon="16.79215847">
<ele>42.5</ele>
<time>2026-03-22T11:28:03Z</time>
<extensions>
<tp1:TrackPointExtension>
<tp1:hr>161</tp1:hr>
</tp1:TrackPointExtension>
</extensions>
</trkpt>
<trkpt lat="58.63356776" lon="16.7921738">
<ele>42.7</ele>
<time>2026-03-22T11:28:04Z</time>
<extensions>
<tp1:TrackPointExtension>
<tp1:hr>161</tp1:hr>
</tp1:TrackPointExtension>
</extensions>
</trkpt>
<trkpt lat="58.63354714" lon="16.79218881">
<ele>42.9</ele>
<time>2026-03-22T11:28:05Z</time>
<extensions>
<tp1:TrackPointExtension>
<tp1:hr>161</tp1:hr>
</tp1:TrackPointExtension>
</extensions>
</trkpt>
<trkpt lat="58.63352425" lon="16.79219568">
<ele>42.9</ele>
<time>2026-03-22T11:28:06Z</time>
<extensions>
<tp1:TrackPointExtension>
<tp1:hr>162</tp1:hr>
</tp1:TrackPointExtension>
</extensions>
</trkpt>
<trkpt lat="58.63350531" lon="16.79218143">
<ele>42.9</ele>
<time>2026-03-22T11:28:07Z</time>
<extensions>
<tp1:TrackPointExtension>
<tp1:hr>162</tp1:hr>
</tp1:TrackPointExtension>
</extensions>
</trkpt>
<trkpt lat="58.6334826" lon="16.79217028">
<ele>42.9</ele>
<time>2026-03-22T11:28:08Z</time>
<extensions>
<tp1:TrackPointExtension>
<tp1:hr>163</tp1:hr>
</tp1:TrackPointExtension>
</extensions>
</trkpt>
<trkpt lat="58.6334634" lon="16.79215">
<ele>42.5</ele>
<time>2026-03-22T11:28:09Z</time>
<extensions>
<tp1:TrackPointExtension>
<tp1:hr>163</tp1:hr>
</tp1:TrackPointExtension>
</extensions>
</trkpt>
<trkpt lat="58.63344714" lon="16.79214531">
<ele>42.3</ele>
<time>2026-03-22T11:28:10Z</time>
<extensions>
<tp1:TrackPointExtension>
<tp1:hr>163</tp1:hr>
</tp1:TrackPointExtension>
</extensions>
</trkpt>
<trkpt lat="58.63343038" lon="16.79214832">
<ele>42.3</ele>
<time>2026-03-22T11:28:11Z</time>
<extensions>
<tp1:TrackPointExtension>
<tp1:hr>164</tp1:hr>
</tp1:TrackPointExtension>
</extensions>
</trkpt>
<trkpt lat="58.63341487" lon="16.79216626">
<ele>42.3</ele>
<time>2026-03-22T11:28:12Z</time>
<extensions>
<tp1:TrackPointExtension>
<tp1:hr>164</tp1:hr>
</tp1:TrackPointExtension>
</extensions>
</trkpt>
<trkpt lat="58.63340473" lon="16.79215654">
<ele>42.3</ele>
<time>2026-03-22T11:28:13Z</time>
<extensions>
<tp1:TrackPointExtension>
<tp1:hr>164</tp1:hr>
</tp1:TrackPointExtension>
</extensions>
</trkpt>
<trkpt lat="58.63339685" lon="16.79214992">
<ele>42.1</ele>
<time>2026-03-22T11:28:14Z</time>
<extensions>
<tp1:TrackPointExtension>
<tp1:hr>164</tp1:hr>
</tp1:TrackPointExtension>
</extensions>
</trkpt>
<trkpt lat="58.63339056" lon="16.79214749">
<ele>41.9</ele>
<time>2026-03-22T11:28:15Z</time>
<extensions>
<tp1:TrackPointExtension>
<tp1:hr>164</tp1:hr>
</tp1:TrackPointExtension>
</extensions>
</trkpt>
<trkpt lat="58.63338101" lon="16.79215034">
<ele>41.5</ele>
<time>2026-03-22T11:28:16Z</time>
<extensions>
<tp1:TrackPointExtension>
<tp1:hr>164</tp1:hr>
</tp1:TrackPointExtension>
</extensions>
</trkpt>
<trkpt lat="58.63337112" lon="16.7921536">
<ele>41.1</ele>
<time>2026-03-22T11:28:17Z</time>
<extensions>
<tp1:TrackPointExtension>
<tp1:hr>163</tp1:hr>
</tp1:TrackPointExtension>
</extensions>
</trkpt>
<trkpt lat="58.63335771" lon="16.79216316">
<ele>40.9</ele>
<time>2026-03-22T11:28:18Z</time>
<extensions>
<tp1:TrackPointExtension>
<tp1:hr>163</tp1:hr>
</tp1:TrackPointExtension>
</extensions>
</trkpt>
<trkpt lat="58.63333524" lon="16.79219208">
<ele>40.7</ele>
<time>2026-03-22T11:28:19Z</time>
<extensions>
<tp1:TrackPointExtension>
<tp1:hr>163</tp1:hr>
</tp1:TrackPointExtension>
</extensions>
</trkpt>
<trkpt lat="58.63332611" lon="16.792236">
<ele>40.7</ele>
<time>2026-03-22T11:28:20Z</time>
<extensions>
<tp1:TrackPointExtension>
<tp1:hr>163</tp1:hr>
</tp1:TrackPointExtension>
</extensions>
</trkpt>
<trkpt lat="58.63330641" lon="16.79226341">
<ele>40.3</ele>
<time>2026-03-22T11:28:21Z</time>
<extensions>
<tp1:TrackPointExtension>
<tp1:hr>164</tp1:hr>
</tp1:TrackPointExtension>
</extensions>
</trkpt>
<trkpt lat="58.63328797" lon="16.792308">
<ele>39.9</ele>
<time>2026-03-22T11:28:22Z</time>
<extensions>
<tp1:TrackPointExtension>
<tp1:hr>164</tp1:hr>
</tp1:TrackPointExtension>
</extensions>
</trkpt>
<trkpt lat="58.63325771" lon="16.79236692">
<ele>39.7</ele>
<time>2026-03-22T11:28:23Z</time>
<extensions>
<tp1:TrackPointExtension>
<tp1:hr>164</tp1:hr>
</tp1:TrackPointExtension>
</extensions>
</trkpt>
<trkpt lat="58.63323701" lon="16.79241763">
<ele>39.1</ele>
<time>2026-03-22T11:28:24Z</time>
<extensions>
<tp1:TrackPointExtension>
<tp1:hr>164</tp1:hr>
</tp1:TrackPointExtension>
</extensions>
</trkpt>
<trkpt lat="58.63320591" lon="16.79245493">
<ele>38.5</ele>
<time>2026-03-22T11:28:25Z</time>
<extensions>
<tp1:TrackPointExtension>
<tp1:hr>164</tp1:hr>
</tp1:TrackPointExtension>
</extensions>
</trkpt>
<trkpt lat="58.6331604" lon="16.79248553">
<ele>37.9</ele>
<time>2026-03-22T11:28:26Z</time>
<extensions>
<tp1:TrackPointExtension>
<tp1:hr>165</tp1:hr>
</tp1:TrackPointExtension>
</extensions>
</trkpt>
<trkpt lat="58.63312863" lon="16.79251453">
<ele>37.3</ele>
<time>2026-03-22T11:28:27Z</time>
<extensions>
<tp1:TrackPointExtension>
<tp1:hr>164</tp1:hr>
</tp1:TrackPointExtension>
</extensions>
</trkpt>
<trkpt lat="58.6331044" lon="16.79255476">
<ele>37.1</ele>
<time>2026-03-22T11:28:28Z</time>
<extensions>
<tp1:TrackPointExtension>
<tp1:hr>164</tp1:hr>
</tp1:TrackPointExtension>
</extensions>
</trkpt>
<trkpt lat="58.63308722" lon="16.79262551">
<ele>36.9</ele>
<time>2026-03-22T11:28:29Z</time>
<extensions>
<tp1:TrackPointExtension>
<tp1:hr>163</tp1:hr>
</tp1:TrackPointExtension>
</extensions>
</trkpt>
<trkpt lat="58.63307348" lon="16.79268619">
<ele>36.9</ele>
<time>2026-03-22T11:28:30Z</time>
<extensions>
<tp1:TrackPointExtension>
<tp1:hr>163</tp1:hr>
</tp1:TrackPointExtension>
</extensions>
</trkpt>
<trkpt lat="58.63306023" lon="16.79275207">
<ele>36.8</ele>
<time>2026-03-22T11:28:31Z</time>
<extensions>
<tp1:TrackPointExtension>
<tp1:hr>163</tp1:hr>
</tp1:TrackPointExtension>
</extensions>
</trkpt>
<trkpt lat="58.6330464" lon="16.79282097">
<ele>36.8</ele>
<time>2026-03-22T11:28:32Z</time>
<extensions>
<tp1:TrackPointExtension>
<tp1:hr>163</tp1:hr>
</tp1:TrackPointExtension>
</extensions>
</trkpt>
<trkpt lat="58.63302394" lon="16.79287755">
<ele>36.8</ele>
<time>2026-03-22T11:28:33Z</time>
<extensions>
<tp1:TrackPointExtension>
<tp1:hr>163</tp1:hr>
</tp1:TrackPointExtension>
</extensions>
</trkpt>
<trkpt lat="58.63296887" lon="16.79286581">
<ele>36.6</ele>
<time>2026-03-22T11:28:34Z</time>
<extensions>
<tp1:TrackPointExtension>
<tp1:hr>163</tp1:hr>
</tp1:TrackPointExtension>
</extensions>
</trkpt>
<trkpt lat="58.63292444" lon="16.79284679">
<ele>36.2</ele>
<time>2026-03-22T11:28:35Z</time>
<extensions>
<tp1:TrackPointExtension>
<tp1:hr>163</tp1:hr>
</tp1:TrackPointExtension>
</extensions>
</trkpt>
<trkpt lat="58.63288455" lon="16.79280865">
<ele>36.0</ele>
<time>2026-03-22T11:28:36Z</time>
<extensions>
<tp1:TrackPointExtension>
<tp1:hr>163</tp1:hr>
</tp1:TrackPointExtension>
</extensions>
</trkpt>
<trkpt lat="58.63285001" lon="16.79277956">
<ele>35.6</ele>
<time>2026-03-22T11:28:37Z</time>
<extensions>
<tp1:TrackPointExtension>
<tp1:hr>164</tp1:hr>
</tp1:TrackPointExtension>
</extensions>
</trkpt>
<trkpt lat="58.63281313" lon="16.79275559">
<ele>35.2</ele>
<time>2026-03-22T11:28:38Z</time>
<extensions>
<tp1:TrackPointExtension>
<tp1:hr>165</tp1:hr>
</tp1:TrackPointExtension>
</extensions>
</trkpt>
<trkpt lat="58.63279436" lon="16.79276825">
<ele>34.8</ele>
<time>2026-03-22T11:28:39Z</time>
<extensions>
<tp1:TrackPointExtension>
<tp1:hr>165</tp1:hr>
</tp1:TrackPointExtension>
</extensions>
</trkpt>
<trkpt lat="58.63280014" lon="16.79279381">
<ele>34.4</ele>
<time>2026-03-22T11:28:40Z</time>
<extensions>
<tp1:TrackPointExtension>
<tp1:hr>166</tp1:hr>
</tp1:TrackPointExtension>
</extensions>
</trkpt>
<trkpt lat="58.63280836" lon="16.79285961">
<ele>34.2</ele>
<time>2026-03-22T11:28:41Z</time>
<extensions>
<tp1:TrackPointExtension>
<tp1:hr>166</tp1:hr>
</tp1:TrackPointExtension>
</extensions>
</trkpt>
<trkpt lat="58.63281305" lon="16.7929472">
<ele>34.0</ele>
<time>2026-03-22T11:28:42Z</time>
<extensions>
<tp1:TrackPointExtension>
<tp1:hr>166</tp1:hr>
</tp1:TrackPointExtension>
</extensions>
</trkpt>
<trkpt lat="58.63281263" lon="16.79302214">
<ele>34.2</ele>
<time>2026-03-22T11:28:43Z</time>
<extensions>
<tp1:TrackPointExtension>
<tp1:hr>165</tp1:hr>
</tp1:TrackPointExtension>
</extensions>
</trkpt>
<trkpt lat="58.63281422" lon="16.79310864">
<ele>34.2</ele>
<time>2026-03-22T11:28:44Z</time>
<extensions>
<tp1:TrackPointExtension>
<tp1:hr>164</tp1:hr>
</tp1:TrackPointExtension>
</extensions>
</trkpt>
<trkpt lat="58.63281263" lon="16.79320428">
<ele>34.2</ele>
<time>2026-03-22T11:28:45Z</time>
<extensions>
<tp1:TrackPointExtension>
<tp1:hr>164</tp1:hr>
</tp1:TrackPointExtension>
</extensions>
</trkpt>
<trkpt lat="58.63280986" lon="16.79331089">
<ele>34.4</ele>
<time>2026-03-22T11:28:46Z</time>
<extensions>
<tp1:TrackPointExtension>
<tp1:hr>163</tp1:hr>
</tp1:TrackPointExtension>
</extensions>
</trkpt>
<trkpt lat="58.63281473" lon="16.79340335">
<ele>34.2</ele>
<time>2026-03-22T11:28:47Z</time>
<extensions>
<tp1:TrackPointExtension>
<tp1:hr>163</tp1:hr>
</tp1:TrackPointExtension>
</extensions>
</trkpt>
<trkpt lat="58.63282026" lon="16.79350317">
<ele>34.2</ele>
<time>2026-03-22T11:28:48Z</time>
<extensions>
<tp1:TrackPointExtension>
<tp1:hr>164</tp1:hr>
</tp1:TrackPointExtension>
</extensions>
</trkpt>
<trkpt lat="58.63281833" lon="16.79360753">
<ele>34.4</ele>
<time>2026-03-22T11:28:49Z</time>
<extensions>
<tp1:TrackPointExtension>
<tp1:hr>165</tp1:hr>
</tp1:TrackPointExtension>
</extensions>
</trkpt>
<trkpt lat="58.63281649" lon="16.79369302">
<ele>34.6</ele>
<time>2026-03-22T11:28:50Z</time>
<extensions>
<tp1:TrackPointExtension>
<tp1:hr>166</tp1:hr>
</tp1:TrackPointExtension>
</extensions>
</trkpt>
<trkpt lat="58.6328159" lon="16.79377542">
<ele>34.8</ele>
<time>2026-03-22T11:28:51Z</time>
<extensions>
<tp1:TrackPointExtension>
<tp1:hr>167</tp1:hr>
</tp1:TrackPointExtension>
</extensions>
</trkpt>
<trkpt lat="58.63281783" lon="16.79384457">
<ele>34.8</ele>
<time>2026-03-22T11:28:52Z</time>
<extensions>
<tp1:TrackPointExtension>
<tp1:hr>167</tp1:hr>
</tp1:TrackPointExtension>
</extensions>
</trkpt>
<trkpt lat="58.63281875" lon="16.79389461">
<ele>34.8</ele>
<time>2026-03-22T11:28:53Z</time>
<extensions>
<tp1:TrackPointExtension>
<tp1:hr>167</tp1:hr>
</tp1:TrackPointExtension>
</extensions>
</trkpt>
<trkpt lat="58.63281389" lon="16.79391867">
<ele>34.8</ele>
<time>2026-03-22T11:28:54Z</time>
<extensions>
<tp1:TrackPointExtension>
<tp1:hr>168</tp1:hr>
</tp1:TrackPointExtension>
</extensions>
</trkpt>
<trkpt lat="58.63280978" lon="16.79393752">
<ele>34.8</ele>
<time>2026-03-22T11:28:55Z</time>
<extensions>
<tp1:TrackPointExtension>
<tp1:hr>168</tp1:hr>
</tp1:TrackPointExtension>
</extensions>
</trkpt>
</trkseg>
</trk>
</gpx>

