<?xml version="1.0" encoding="UTF-8" ?>
<gpx xmlns="http://www.topografix.com/GPX/1/1" version="1.1" creator="Attackpoint - http://www.attackpoint.org" xmlns:xsi="http://www.w3.org/2001/XMLSchema-instance" xmlns:tp1="http://www.garmin.com/xmlschemas/TrackPointExtension/v1" xsi:schemaLocation="http://www.topografix.com/GPX/1/1 http://www.topografix.com/GPX/1/1/gpx.xsd http://www.garmin.com/xmlschemas/TrackPointExtension/v1 http://www.garmin.com/xmlschemas/TrackPointExtensionv1.xsd">
<trk>
<trkseg>
<trkpt lat="59.12246824" lon="17.43969368">
<ele>72.2</ele>
<time>2026-09-20T09:52:00Z</time>
<extensions>
<tp1:TrackPointExtension>
<tp1:hr>85</tp1:hr>
</tp1:TrackPointExtension>
</extensions>
</trkpt>
<trkpt lat="59.1224576" lon="17.43970064">
<ele>72.4</ele>
<time>2026-09-20T09:52:01Z</time>
<extensions>
<tp1:TrackPointExtension>
<tp1:hr>84</tp1:hr>
</tp1:TrackPointExtension>
</extensions>
</trkpt>
<trkpt lat="59.12243061" lon="17.43969544">
<ele>72.4</ele>
<time>2026-09-20T09:52:02Z</time>
<extensions>
<tp1:TrackPointExtension>
<tp1:hr>85</tp1:hr>
</tp1:TrackPointExtension>
</extensions>
</trkpt>
<trkpt lat="59.12239691" lon="17.43968655">
<ele>72.8</ele>
<time>2026-09-20T09:52:03Z</time>
<extensions>
<tp1:TrackPointExtension>
<tp1:hr>85</tp1:hr>
</tp1:TrackPointExtension>
</extensions>
</trkpt>
<trkpt lat="59.12235651" lon="17.43966292">
<ele>73.0</ele>
<time>2026-09-20T09:52:04Z</time>
<extensions>
<tp1:TrackPointExtension>
<tp1:hr>85</tp1:hr>
</tp1:TrackPointExtension>
</extensions>
</trkpt>
<trkpt lat="59.12231737" lon="17.4396428">
<ele>73.2</ele>
<time>2026-09-20T09:52:05Z</time>
<extensions>
<tp1:TrackPointExtension>
<tp1:hr>85</tp1:hr>
</tp1:TrackPointExtension>
</extensions>
</trkpt>
<trkpt lat="59.12227881" lon="17.43962143">
<ele>73.4</ele>
<time>2026-09-20T09:52:06Z</time>
<extensions>
<tp1:TrackPointExtension>
<tp1:hr>87</tp1:hr>
</tp1:TrackPointExtension>
</extensions>
</trkpt>
<trkpt lat="59.12223958" lon="17.43960123">
<ele>73.6</ele>
<time>2026-09-20T09:52:07Z</time>
<extensions>
<tp1:TrackPointExtension>
<tp1:hr>88</tp1:hr>
</tp1:TrackPointExtension>
</extensions>
</trkpt>
<trkpt lat="59.12220036" lon="17.43958304">
<ele>73.8</ele>
<time>2026-09-20T09:52:08Z</time>
<extensions>
<tp1:TrackPointExtension>
<tp1:hr>89</tp1:hr>
</tp1:TrackPointExtension>
</extensions>
</trkpt>
<trkpt lat="59.12216423" lon="17.43956862">
<ele>74.0</ele>
<time>2026-09-20T09:52:09Z</time>
<extensions>
<tp1:TrackPointExtension>
<tp1:hr>90</tp1:hr>
</tp1:TrackPointExtension>
</extensions>
</trkpt>
<trkpt lat="59.1221281" lon="17.43954808">
<ele>74.4</ele>
<time>2026-09-20T09:52:10Z</time>
<extensions>
<tp1:TrackPointExtension>
<tp1:hr>91</tp1:hr>
</tp1:TrackPointExtension>
</extensions>
</trkpt>
<trkpt lat="59.12209625" lon="17.43951665">
<ele>74.4</ele>
<time>2026-09-20T09:52:11Z</time>
<extensions>
<tp1:TrackPointExtension>
<tp1:hr>92</tp1:hr>
</tp1:TrackPointExtension>
</extensions>
</trkpt>
<trkpt lat="59.12207798" lon="17.43945722">
<ele>75.4</ele>
<time>2026-09-20T09:52:12Z</time>
<extensions>
<tp1:TrackPointExtension>
<tp1:hr>92</tp1:hr>
</tp1:TrackPointExtension>
</extensions>
</trkpt>
<trkpt lat="59.12205275" lon="17.43941884">
<ele>76.2</ele>
<time>2026-09-20T09:52:13Z</time>
<extensions>
<tp1:TrackPointExtension>
<tp1:hr>93</tp1:hr>
</tp1:TrackPointExtension>
</extensions>
</trkpt>
<trkpt lat="59.12202769" lon="17.43937123">
<ele>77.0</ele>
<time>2026-09-20T09:52:14Z</time>
<extensions>
<tp1:TrackPointExtension>
<tp1:hr>93</tp1:hr>
</tp1:TrackPointExtension>
</extensions>
</trkpt>
<trkpt lat="59.12200489" lon="17.43932605">
<ele>77.4</ele>
<time>2026-09-20T09:52:15Z</time>
<extensions>
<tp1:TrackPointExtension>
<tp1:hr>94</tp1:hr>
</tp1:TrackPointExtension>
</extensions>
</trkpt>
<trkpt lat="59.12197874" lon="17.43926193">
<ele>77.6</ele>
<time>2026-09-20T09:52:16Z</time>
<extensions>
<tp1:TrackPointExtension>
<tp1:hr>95</tp1:hr>
</tp1:TrackPointExtension>
</extensions>
</trkpt>
<trkpt lat="59.12195745" lon="17.43921809">
<ele>77.8</ele>
<time>2026-09-20T09:52:17Z</time>
<extensions>
<tp1:TrackPointExtension>
<tp1:hr>95</tp1:hr>
</tp1:TrackPointExtension>
</extensions>
</trkpt>
<trkpt lat="59.12193239" lon="17.43915824">
<ele>78.0</ele>
<time>2026-09-20T09:52:18Z</time>
<extensions>
<tp1:TrackPointExtension>
<tp1:hr>96</tp1:hr>
</tp1:TrackPointExtension>
</extensions>
</trkpt>
<trkpt lat="59.12192216" lon="17.439116">
<ele>78.2</ele>
<time>2026-09-20T09:52:19Z</time>
<extensions>
<tp1:TrackPointExtension>
<tp1:hr>97</tp1:hr>
</tp1:TrackPointExtension>
</extensions>
</trkpt>
<trkpt lat="59.12190448" lon="17.43904299">
<ele>78.6</ele>
<time>2026-09-20T09:52:20Z</time>
<extensions>
<tp1:TrackPointExtension>
<tp1:hr>97</tp1:hr>
</tp1:TrackPointExtension>
</extensions>
</trkpt>
<trkpt lat="59.12189936" lon="17.43898884">
<ele>78.8</ele>
<time>2026-09-20T09:52:21Z</time>
<extensions>
<tp1:TrackPointExtension>
<tp1:hr>99</tp1:hr>
</tp1:TrackPointExtension>
</extensions>
</trkpt>
<trkpt lat="59.12189484" lon="17.43891768">
<ele>79.0</ele>
<time>2026-09-20T09:52:22Z</time>
<extensions>
<tp1:TrackPointExtension>
<tp1:hr>100</tp1:hr>
</tp1:TrackPointExtension>
</extensions>
</trkpt>
<trkpt lat="59.12189174" lon="17.43885783">
<ele>79.0</ele>
<time>2026-09-20T09:52:23Z</time>
<extensions>
<tp1:TrackPointExtension>
<tp1:hr>101</tp1:hr>
</tp1:TrackPointExtension>
</extensions>
</trkpt>
<trkpt lat="59.12187715" lon="17.43879589">
<ele>79.2</ele>
<time>2026-09-20T09:52:24Z</time>
<extensions>
<tp1:TrackPointExtension>
<tp1:hr>102</tp1:hr>
</tp1:TrackPointExtension>
</extensions>
</trkpt>
<trkpt lat="59.12186315" lon="17.43874141">
<ele>79.4</ele>
<time>2026-09-20T09:52:25Z</time>
<extensions>
<tp1:TrackPointExtension>
<tp1:hr>104</tp1:hr>
</tp1:TrackPointExtension>
</extensions>
</trkpt>
<trkpt lat="59.12184538" lon="17.43868626">
<ele>79.8</ele>
<time>2026-09-20T09:52:26Z</time>
<extensions>
<tp1:TrackPointExtension>
<tp1:hr>105</tp1:hr>
</tp1:TrackPointExtension>
</extensions>
</trkpt>
<trkpt lat="59.12182434" lon="17.43865415">
<ele>80.0</ele>
<time>2026-09-20T09:52:27Z</time>
<extensions>
<tp1:TrackPointExtension>
<tp1:hr>106</tp1:hr>
</tp1:TrackPointExtension>
</extensions>
</trkpt>
<trkpt lat="59.12180741" lon="17.4386016">
<ele>80.2</ele>
<time>2026-09-20T09:52:28Z</time>
<extensions>
<tp1:TrackPointExtension>
<tp1:hr>107</tp1:hr>
</tp1:TrackPointExtension>
</extensions>
</trkpt>
<trkpt lat="59.12179559" lon="17.43853781">
<ele>80.6</ele>
<time>2026-09-20T09:52:29Z</time>
<extensions>
<tp1:TrackPointExtension>
<tp1:hr>108</tp1:hr>
</tp1:TrackPointExtension>
</extensions>
</trkpt>
<trkpt lat="59.12179199" lon="17.43846514">
<ele>81.4</ele>
<time>2026-09-20T09:52:30Z</time>
<extensions>
<tp1:TrackPointExtension>
<tp1:hr>110</tp1:hr>
</tp1:TrackPointExtension>
</extensions>
</trkpt>
<trkpt lat="59.12178839" lon="17.43841435">
<ele>81.8</ele>
<time>2026-09-20T09:52:31Z</time>
<extensions>
<tp1:TrackPointExtension>
<tp1:hr>111</tp1:hr>
</tp1:TrackPointExtension>
</extensions>
</trkpt>
<trkpt lat="59.12178512" lon="17.43833992">
<ele>82.6</ele>
<time>2026-09-20T09:52:32Z</time>
<extensions>
<tp1:TrackPointExtension>
<tp1:hr>112</tp1:hr>
</tp1:TrackPointExtension>
</extensions>
</trkpt>
<trkpt lat="59.12177498" lon="17.43828233">
<ele>83.0</ele>
<time>2026-09-20T09:52:33Z</time>
<extensions>
<tp1:TrackPointExtension>
<tp1:hr>114</tp1:hr>
</tp1:TrackPointExtension>
</extensions>
</trkpt>
<trkpt lat="59.12176969" lon="17.4382395">
<ele>83.2</ele>
<time>2026-09-20T09:52:34Z</time>
<extensions>
<tp1:TrackPointExtension>
<tp1:hr>115</tp1:hr>
</tp1:TrackPointExtension>
</extensions>
</trkpt>
<trkpt lat="59.1217624" lon="17.43817446">
<ele>83.6</ele>
<time>2026-09-20T09:52:35Z</time>
<extensions>
<tp1:TrackPointExtension>
<tp1:hr>117</tp1:hr>
</tp1:TrackPointExtension>
</extensions>
</trkpt>
<trkpt lat="59.12175712" lon="17.43810774">
<ele>83.6</ele>
<time>2026-09-20T09:52:36Z</time>
<extensions>
<tp1:TrackPointExtension>
<tp1:hr>119</tp1:hr>
</tp1:TrackPointExtension>
</extensions>
</trkpt>
<trkpt lat="59.12175033" lon="17.43803934">
<ele>84.0</ele>
<time>2026-09-20T09:52:37Z</time>
<extensions>
<tp1:TrackPointExtension>
<tp1:hr>120</tp1:hr>
</tp1:TrackPointExtension>
</extensions>
</trkpt>
<trkpt lat="59.12174044" lon="17.43799936">
<ele>84.0</ele>
<time>2026-09-20T09:52:38Z</time>
<extensions>
<tp1:TrackPointExtension>
<tp1:hr>122</tp1:hr>
</tp1:TrackPointExtension>
</extensions>
</trkpt>
<trkpt lat="59.12172762" lon="17.43795661">
<ele>84.2</ele>
<time>2026-09-20T09:52:39Z</time>
<extensions>
<tp1:TrackPointExtension>
<tp1:hr>124</tp1:hr>
</tp1:TrackPointExtension>
</extensions>
</trkpt>
<trkpt lat="59.12171764" lon="17.43790657">
<ele>84.6</ele>
<time>2026-09-20T09:52:40Z</time>
<extensions>
<tp1:TrackPointExtension>
<tp1:hr>125</tp1:hr>
</tp1:TrackPointExtension>
</extensions>
</trkpt>
<trkpt lat="59.12171035" lon="17.4378453">
<ele>85.0</ele>
<time>2026-09-20T09:52:41Z</time>
<extensions>
<tp1:TrackPointExtension>
<tp1:hr>127</tp1:hr>
</tp1:TrackPointExtension>
</extensions>
</trkpt>
<trkpt lat="59.12170038" lon="17.4378018">
<ele>85.6</ele>
<time>2026-09-20T09:52:42Z</time>
<extensions>
<tp1:TrackPointExtension>
<tp1:hr>127</tp1:hr>
</tp1:TrackPointExtension>
</extensions>
</trkpt>
<trkpt lat="59.12168764" lon="17.43774874">
<ele>86.0</ele>
<time>2026-09-20T09:52:43Z</time>
<extensions>
<tp1:TrackPointExtension>
<tp1:hr>128</tp1:hr>
</tp1:TrackPointExtension>
</extensions>
</trkpt>
<trkpt lat="59.1216894" lon="17.43769258">
<ele>86.2</ele>
<time>2026-09-20T09:52:44Z</time>
<extensions>
<tp1:TrackPointExtension>
<tp1:hr>130</tp1:hr>
</tp1:TrackPointExtension>
</extensions>
</trkpt>
<trkpt lat="59.12168898" lon="17.4376412">
<ele>86.4</ele>
<time>2026-09-20T09:52:45Z</time>
<extensions>
<tp1:TrackPointExtension>
<tp1:hr>131</tp1:hr>
</tp1:TrackPointExtension>
</extensions>
</trkpt>
<trkpt lat="59.12168185" lon="17.4375884">
<ele>86.6</ele>
<time>2026-09-20T09:52:46Z</time>
<extensions>
<tp1:TrackPointExtension>
<tp1:hr>133</tp1:hr>
</tp1:TrackPointExtension>
</extensions>
</trkpt>
<trkpt lat="59.12167573" lon="17.43752486">
<ele>86.6</ele>
<time>2026-09-20T09:52:47Z</time>
<extensions>
<tp1:TrackPointExtension>
<tp1:hr>134</tp1:hr>
</tp1:TrackPointExtension>
</extensions>
</trkpt>
<trkpt lat="59.12167238" lon="17.43746443">
<ele>86.8</ele>
<time>2026-09-20T09:52:48Z</time>
<extensions>
<tp1:TrackPointExtension>
<tp1:hr>135</tp1:hr>
</tp1:TrackPointExtension>
</extensions>
</trkpt>
<trkpt lat="59.1216645" lon="17.43742855">
<ele>87.0</ele>
<time>2026-09-20T09:52:49Z</time>
<extensions>
<tp1:TrackPointExtension>
<tp1:hr>136</tp1:hr>
</tp1:TrackPointExtension>
</extensions>
</trkpt>
<trkpt lat="59.12166165" lon="17.43738874">
<ele>87.2</ele>
<time>2026-09-20T09:52:50Z</time>
<extensions>
<tp1:TrackPointExtension>
<tp1:hr>137</tp1:hr>
</tp1:TrackPointExtension>
</extensions>
</trkpt>
<trkpt lat="59.1216609" lon="17.43732881">
<ele>87.6</ele>
<time>2026-09-20T09:52:51Z</time>
<extensions>
<tp1:TrackPointExtension>
<tp1:hr>137</tp1:hr>
</tp1:TrackPointExtension>
</extensions>
</trkpt>
<trkpt lat="59.12165972" lon="17.43725874">
<ele>87.8</ele>
<time>2026-09-20T09:52:52Z</time>
<extensions>
<tp1:TrackPointExtension>
<tp1:hr>138</tp1:hr>
</tp1:TrackPointExtension>
</extensions>
</trkpt>
<trkpt lat="59.12165402" lon="17.43718875">
<ele>88.2</ele>
<time>2026-09-20T09:52:53Z</time>
<extensions>
<tp1:TrackPointExtension>
<tp1:hr>139</tp1:hr>
</tp1:TrackPointExtension>
</extensions>
</trkpt>
<trkpt lat="59.12165176" lon="17.43713426">
<ele>88.8</ele>
<time>2026-09-20T09:52:54Z</time>
<extensions>
<tp1:TrackPointExtension>
<tp1:hr>139</tp1:hr>
</tp1:TrackPointExtension>
</extensions>
</trkpt>
<trkpt lat="59.12164573" lon="17.43709126">
<ele>88.9</ele>
<time>2026-09-20T09:52:55Z</time>
<extensions>
<tp1:TrackPointExtension>
<tp1:hr>140</tp1:hr>
</tp1:TrackPointExtension>
</extensions>
</trkpt>
<trkpt lat="59.12164204" lon="17.43703217">
<ele>89.3</ele>
<time>2026-09-20T09:52:56Z</time>
<extensions>
<tp1:TrackPointExtension>
<tp1:hr>140</tp1:hr>
</tp1:TrackPointExtension>
</extensions>
</trkpt>
<trkpt lat="59.12163181" lon="17.43695875">
<ele>89.7</ele>
<time>2026-09-20T09:52:57Z</time>
<extensions>
<tp1:TrackPointExtension>
<tp1:hr>141</tp1:hr>
</tp1:TrackPointExtension>
</extensions>
</trkpt>
<trkpt lat="59.12162058" lon="17.43690326">
<ele>89.7</ele>
<time>2026-09-20T09:52:58Z</time>
<extensions>
<tp1:TrackPointExtension>
<tp1:hr>142</tp1:hr>
</tp1:TrackPointExtension>
</extensions>
</trkpt>
<trkpt lat="59.12160742" lon="17.43684526">
<ele>89.7</ele>
<time>2026-09-20T09:52:59Z</time>
<extensions>
<tp1:TrackPointExtension>
<tp1:hr>141</tp1:hr>
</tp1:TrackPointExtension>
</extensions>
</trkpt>
<trkpt lat="59.12159275" lon="17.43679094">
<ele>89.7</ele>
<time>2026-09-20T09:53:00Z</time>
<extensions>
<tp1:TrackPointExtension>
<tp1:hr>141</tp1:hr>
</tp1:TrackPointExtension>
</extensions>
</trkpt>
<trkpt lat="59.12158127" lon="17.43674794">
<ele>89.9</ele>
<time>2026-09-20T09:53:01Z</time>
<extensions>
<tp1:TrackPointExtension>
<tp1:hr>142</tp1:hr>
</tp1:TrackPointExtension>
</extensions>
</trkpt>
<trkpt lat="59.12156518" lon="17.43669019">
<ele>90.3</ele>
<time>2026-09-20T09:53:02Z</time>
<extensions>
<tp1:TrackPointExtension>
<tp1:hr>142</tp1:hr>
</tp1:TrackPointExtension>
</extensions>
</trkpt>
<trkpt lat="59.12155285" lon="17.43663554">
<ele>90.7</ele>
<time>2026-09-20T09:53:03Z</time>
<extensions>
<tp1:TrackPointExtension>
<tp1:hr>142</tp1:hr>
</tp1:TrackPointExtension>
</extensions>
</trkpt>
<trkpt lat="59.12153676" lon="17.43659539">
<ele>91.3</ele>
<time>2026-09-20T09:53:04Z</time>
<extensions>
<tp1:TrackPointExtension>
<tp1:hr>143</tp1:hr>
</tp1:TrackPointExtension>
</extensions>
</trkpt>
<trkpt lat="59.12152234" lon="17.43653697">
<ele>91.9</ele>
<time>2026-09-20T09:53:05Z</time>
<extensions>
<tp1:TrackPointExtension>
<tp1:hr>143</tp1:hr>
</tp1:TrackPointExtension>
</extensions>
</trkpt>
<trkpt lat="59.12150625" lon="17.43651459">
<ele>92.3</ele>
<time>2026-09-20T09:53:06Z</time>
<extensions>
<tp1:TrackPointExtension>
<tp1:hr>143</tp1:hr>
</tp1:TrackPointExtension>
</extensions>
</trkpt>
<trkpt lat="59.12148186" lon="17.43645432">
<ele>92.5</ele>
<time>2026-09-20T09:53:07Z</time>
<extensions>
<tp1:TrackPointExtension>
<tp1:hr>144</tp1:hr>
</tp1:TrackPointExtension>
</extensions>
</trkpt>
<trkpt lat="59.12146199" lon="17.43639557">
<ele>92.5</ele>
<time>2026-09-20T09:53:08Z</time>
<extensions>
<tp1:TrackPointExtension>
<tp1:hr>145</tp1:hr>
</tp1:TrackPointExtension>
</extensions>
</trkpt>
<trkpt lat="59.12144766" lon="17.43635232">
<ele>92.7</ele>
<time>2026-09-20T09:53:09Z</time>
<extensions>
<tp1:TrackPointExtension>
<tp1:hr>146</tp1:hr>
</tp1:TrackPointExtension>
</extensions>
</trkpt>
<trkpt lat="59.12144624" lon="17.43627965">
<ele>92.9</ele>
<time>2026-09-20T09:53:10Z</time>
<extensions>
<tp1:TrackPointExtension>
<tp1:hr>146</tp1:hr>
</tp1:TrackPointExtension>
</extensions>
</trkpt>
<trkpt lat="59.1214392" lon="17.43623539">
<ele>93.3</ele>
<time>2026-09-20T09:53:11Z</time>
<extensions>
<tp1:TrackPointExtension>
<tp1:hr>147</tp1:hr>
</tp1:TrackPointExtension>
</extensions>
</trkpt>
<trkpt lat="59.12143744" lon="17.43617563">
<ele>93.5</ele>
<time>2026-09-20T09:53:12Z</time>
<extensions>
<tp1:TrackPointExtension>
<tp1:hr>148</tp1:hr>
</tp1:TrackPointExtension>
</extensions>
</trkpt>
<trkpt lat="59.12143819" lon="17.43611276">
<ele>94.1</ele>
<time>2026-09-20T09:53:13Z</time>
<extensions>
<tp1:TrackPointExtension>
<tp1:hr>148</tp1:hr>
</tp1:TrackPointExtension>
</extensions>
</trkpt>
<trkpt lat="59.12142746" lon="17.43606666">
<ele>94.3</ele>
<time>2026-09-20T09:53:14Z</time>
<extensions>
<tp1:TrackPointExtension>
<tp1:hr>149</tp1:hr>
</tp1:TrackPointExtension>
</extensions>
</trkpt>
<trkpt lat="59.12141019" lon="17.4360038">
<ele>94.5</ele>
<time>2026-09-20T09:53:15Z</time>
<extensions>
<tp1:TrackPointExtension>
<tp1:hr>150</tp1:hr>
</tp1:TrackPointExtension>
</extensions>
</trkpt>
<trkpt lat="59.12139603" lon="17.43593766">
<ele>94.5</ele>
<time>2026-09-20T09:53:16Z</time>
<extensions>
<tp1:TrackPointExtension>
<tp1:hr>150</tp1:hr>
</tp1:TrackPointExtension>
</extensions>
</trkpt>
<trkpt lat="59.12138069" lon="17.43588611">
<ele>94.3</ele>
<time>2026-09-20T09:53:17Z</time>
<extensions>
<tp1:TrackPointExtension>
<tp1:hr>148</tp1:hr>
</tp1:TrackPointExtension>
</extensions>
</trkpt>
<trkpt lat="59.12136552" lon="17.43581956">
<ele>94.1</ele>
<time>2026-09-20T09:53:18Z</time>
<extensions>
<tp1:TrackPointExtension>
<tp1:hr>148</tp1:hr>
</tp1:TrackPointExtension>
</extensions>
</trkpt>
<trkpt lat="59.12135177" lon="17.43575569">
<ele>93.7</ele>
<time>2026-09-20T09:53:19Z</time>
<extensions>
<tp1:TrackPointExtension>
<tp1:hr>148</tp1:hr>
</tp1:TrackPointExtension>
</extensions>
</trkpt>
<trkpt lat="59.12133895" lon="17.43570716">
<ele>93.5</ele>
<time>2026-09-20T09:53:20Z</time>
<extensions>
<tp1:TrackPointExtension>
<tp1:hr>149</tp1:hr>
</tp1:TrackPointExtension>
</extensions>
</trkpt>
<trkpt lat="59.12132428" lon="17.43565653">
<ele>93.3</ele>
<time>2026-09-20T09:53:21Z</time>
<extensions>
<tp1:TrackPointExtension>
<tp1:hr>149</tp1:hr>
</tp1:TrackPointExtension>
</extensions>
</trkpt>
<trkpt lat="59.12131221" lon="17.43559828">
<ele>93.1</ele>
<time>2026-09-20T09:53:22Z</time>
<extensions>
<tp1:TrackPointExtension>
<tp1:hr>149</tp1:hr>
</tp1:TrackPointExtension>
</extensions>
</trkpt>
<trkpt lat="59.12130592" lon="17.43554908">
<ele>92.9</ele>
<time>2026-09-20T09:53:23Z</time>
<extensions>
<tp1:TrackPointExtension>
<tp1:hr>149</tp1:hr>
</tp1:TrackPointExtension>
</extensions>
</trkpt>
<trkpt lat="59.12129276" lon="17.43548068">
<ele>92.7</ele>
<time>2026-09-20T09:53:24Z</time>
<extensions>
<tp1:TrackPointExtension>
<tp1:hr>150</tp1:hr>
</tp1:TrackPointExtension>
</extensions>
</trkpt>
<trkpt lat="59.12127399" lon="17.43542721">
<ele>92.7</ele>
<time>2026-09-20T09:53:25Z</time>
<extensions>
<tp1:TrackPointExtension>
<tp1:hr>150</tp1:hr>
</tp1:TrackPointExtension>
</extensions>
</trkpt>
<trkpt lat="59.121261" lon="17.43539502">
<ele>92.7</ele>
<time>2026-09-20T09:53:26Z</time>
<extensions>
<tp1:TrackPointExtension>
<tp1:hr>150</tp1:hr>
</tp1:TrackPointExtension>
</extensions>
</trkpt>
<trkpt lat="59.12124977" lon="17.43534263">
<ele>93.1</ele>
<time>2026-09-20T09:53:27Z</time>
<extensions>
<tp1:TrackPointExtension>
<tp1:hr>150</tp1:hr>
</tp1:TrackPointExtension>
</extensions>
</trkpt>
<trkpt lat="59.12123728" lon="17.43530072">
<ele>93.5</ele>
<time>2026-09-20T09:53:28Z</time>
<extensions>
<tp1:TrackPointExtension>
<tp1:hr>149</tp1:hr>
</tp1:TrackPointExtension>
</extensions>
</trkpt>
<trkpt lat="59.12122512" lon="17.43526116">
<ele>94.1</ele>
<time>2026-09-20T09:53:29Z</time>
<extensions>
<tp1:TrackPointExtension>
<tp1:hr>149</tp1:hr>
</tp1:TrackPointExtension>
</extensions>
</trkpt>
<trkpt lat="59.12121247" lon="17.43521355">
<ele>94.5</ele>
<time>2026-09-20T09:53:30Z</time>
<extensions>
<tp1:TrackPointExtension>
<tp1:hr>149</tp1:hr>
</tp1:TrackPointExtension>
</extensions>
</trkpt>
<trkpt lat="59.12120107" lon="17.43516854">
<ele>94.9</ele>
<time>2026-09-20T09:53:31Z</time>
<extensions>
<tp1:TrackPointExtension>
<tp1:hr>149</tp1:hr>
</tp1:TrackPointExtension>
</extensions>
</trkpt>
<trkpt lat="59.12117508" lon="17.43513317">
<ele>95.1</ele>
<time>2026-09-20T09:53:32Z</time>
<extensions>
<tp1:TrackPointExtension>
<tp1:hr>148</tp1:hr>
</tp1:TrackPointExtension>
</extensions>
</trkpt>
<trkpt lat="59.12116284" lon="17.43508522">
<ele>95.1</ele>
<time>2026-09-20T09:53:33Z</time>
<extensions>
<tp1:TrackPointExtension>
<tp1:hr>148</tp1:hr>
</tp1:TrackPointExtension>
</extensions>
</trkpt>
<trkpt lat="59.12116234" lon="17.43504407">
<ele>95.1</ele>
<time>2026-09-20T09:53:34Z</time>
<extensions>
<tp1:TrackPointExtension>
<tp1:hr>148</tp1:hr>
</tp1:TrackPointExtension>
</extensions>
</trkpt>
<trkpt lat="59.12115379" lon="17.43501423">
<ele>95.3</ele>
<time>2026-09-20T09:53:35Z</time>
<extensions>
<tp1:TrackPointExtension>
<tp1:hr>149</tp1:hr>
</tp1:TrackPointExtension>
</extensions>
</trkpt>
<trkpt lat="59.12114717" lon="17.43494885">
<ele>95.3</ele>
<time>2026-09-20T09:53:36Z</time>
<extensions>
<tp1:TrackPointExtension>
<tp1:hr>148</tp1:hr>
</tp1:TrackPointExtension>
</extensions>
</trkpt>
<trkpt lat="59.12113125" lon="17.43490669">
<ele>95.3</ele>
<time>2026-09-20T09:53:37Z</time>
<extensions>
<tp1:TrackPointExtension>
<tp1:hr>148</tp1:hr>
</tp1:TrackPointExtension>
</extensions>
</trkpt>
<trkpt lat="59.12111909" lon="17.43485992">
<ele>95.3</ele>
<time>2026-09-20T09:53:38Z</time>
<extensions>
<tp1:TrackPointExtension>
<tp1:hr>149</tp1:hr>
</tp1:TrackPointExtension>
</extensions>
</trkpt>
<trkpt lat="59.12111348" lon="17.43480083">
<ele>95.5</ele>
<time>2026-09-20T09:53:39Z</time>
<extensions>
<tp1:TrackPointExtension>
<tp1:hr>149</tp1:hr>
</tp1:TrackPointExtension>
</extensions>
</trkpt>
<trkpt lat="59.12111515" lon="17.43474693">
<ele>95.7</ele>
<time>2026-09-20T09:53:40Z</time>
<extensions>
<tp1:TrackPointExtension>
<tp1:hr>148</tp1:hr>
</tp1:TrackPointExtension>
</extensions>
</trkpt>
<trkpt lat="59.1211118" lon="17.434715">
<ele>95.9</ele>
<time>2026-09-20T09:53:41Z</time>
<extensions>
<tp1:TrackPointExtension>
<tp1:hr>148</tp1:hr>
</tp1:TrackPointExtension>
</extensions>
</trkpt>
<trkpt lat="59.12111088" lon="17.43466244">
<ele>96.1</ele>
<time>2026-09-20T09:53:42Z</time>
<extensions>
<tp1:TrackPointExtension>
<tp1:hr>148</tp1:hr>
</tp1:TrackPointExtension>
</extensions>
</trkpt>
<trkpt lat="59.12110342" lon="17.43461257">
<ele>96.3</ele>
<time>2026-09-20T09:53:43Z</time>
<extensions>
<tp1:TrackPointExtension>
<tp1:hr>148</tp1:hr>
</tp1:TrackPointExtension>
</extensions>
</trkpt>
<trkpt lat="59.1210978" lon="17.43459237">
<ele>96.5</ele>
<time>2026-09-20T09:53:44Z</time>
<extensions>
<tp1:TrackPointExtension>
<tp1:hr>149</tp1:hr>
</tp1:TrackPointExtension>
</extensions>
</trkpt>
<trkpt lat="59.12110141" lon="17.43457351">
<ele>96.7</ele>
<time>2026-09-20T09:53:45Z</time>
<extensions>
<tp1:TrackPointExtension>
<tp1:hr>148</tp1:hr>
</tp1:TrackPointExtension>
</extensions>
</trkpt>
<trkpt lat="59.12110845" lon="17.43457586">
<ele>96.9</ele>
<time>2026-09-20T09:53:46Z</time>
<extensions>
<tp1:TrackPointExtension>
<tp1:hr>148</tp1:hr>
</tp1:TrackPointExtension>
</extensions>
</trkpt>
<trkpt lat="59.12112462" lon="17.43455985">
<ele>96.9</ele>
<time>2026-09-20T09:53:47Z</time>
<extensions>
<tp1:TrackPointExtension>
<tp1:hr>148</tp1:hr>
</tp1:TrackPointExtension>
</extensions>
</trkpt>
<trkpt lat="59.12114449" lon="17.43457678">
<ele>96.9</ele>
<time>2026-09-20T09:53:48Z</time>
<extensions>
<tp1:TrackPointExtension>
<tp1:hr>148</tp1:hr>
</tp1:TrackPointExtension>
</extensions>
</trkpt>
<trkpt lat="59.12116846" lon="17.43458139">
<ele>96.9</ele>
<time>2026-09-20T09:53:49Z</time>
<extensions>
<tp1:TrackPointExtension>
<tp1:hr>148</tp1:hr>
</tp1:TrackPointExtension>
</extensions>
</trkpt>
<trkpt lat="59.12118983" lon="17.43459731">
<ele>96.7</ele>
<time>2026-09-20T09:53:50Z</time>
<extensions>
<tp1:TrackPointExtension>
<tp1:hr>147</tp1:hr>
</tp1:TrackPointExtension>
</extensions>
</trkpt>
<trkpt lat="59.12120333" lon="17.43460134">
<ele>96.5</ele>
<time>2026-09-20T09:53:51Z</time>
<extensions>
<tp1:TrackPointExtension>
<tp1:hr>147</tp1:hr>
</tp1:TrackPointExtension>
</extensions>
</trkpt>
<trkpt lat="59.12120492" lon="17.43459765">
<ele>96.5</ele>
<time>2026-09-20T09:53:52Z</time>
<extensions>
<tp1:TrackPointExtension>
<tp1:hr>147</tp1:hr>
</tp1:TrackPointExtension>
</extensions>
</trkpt>
<trkpt lat="59.12120509" lon="17.43459748">
<ele>96.5</ele>
<time>2026-09-20T09:53:53Z</time>
<extensions>
<tp1:TrackPointExtension>
<tp1:hr>146</tp1:hr>
</tp1:TrackPointExtension>
</extensions>
</trkpt>
<trkpt lat="59.12120526" lon="17.43459731">
<ele>96.5</ele>
<time>2026-09-20T09:53:54Z</time>
<extensions>
<tp1:TrackPointExtension>
<tp1:hr>146</tp1:hr>
</tp1:TrackPointExtension>
</extensions>
</trkpt>
<trkpt lat="59.1212092" lon="17.43458734">
<ele>96.7</ele>
<time>2026-09-20T09:53:55Z</time>
<extensions>
<tp1:TrackPointExtension>
<tp1:hr>145</tp1:hr>
</tp1:TrackPointExtension>
</extensions>
</trkpt>
<trkpt lat="59.12120593" lon="17.43458072">
<ele>96.7</ele>
<time>2026-09-20T09:53:56Z</time>
<extensions>
<tp1:TrackPointExtension>
<tp1:hr>145</tp1:hr>
</tp1:TrackPointExtension>
</extensions>
</trkpt>
<trkpt lat="59.12119444" lon="17.43456479">
<ele>96.7</ele>
<time>2026-09-20T09:53:57Z</time>
<extensions>
<tp1:TrackPointExtension>
<tp1:hr>145</tp1:hr>
</tp1:TrackPointExtension>
</extensions>
</trkpt>
<trkpt lat="59.12115647" lon="17.43455859">
<ele>96.7</ele>
<time>2026-09-20T09:53:58Z</time>
<extensions>
<tp1:TrackPointExtension>
<tp1:hr>145</tp1:hr>
</tp1:TrackPointExtension>
</extensions>
</trkpt>
<trkpt lat="59.12113728" lon="17.43456169">
<ele>96.5</ele>
<time>2026-09-20T09:53:59Z</time>
<extensions>
<tp1:TrackPointExtension>
<tp1:hr>146</tp1:hr>
</tp1:TrackPointExtension>
</extensions>
</trkpt>
<trkpt lat="59.12111104" lon="17.43457912">
<ele>96.5</ele>
<time>2026-09-20T09:54:00Z</time>
<extensions>
<tp1:TrackPointExtension>
<tp1:hr>146</tp1:hr>
</tp1:TrackPointExtension>
</extensions>
</trkpt>
<trkpt lat="59.12109789" lon="17.43460922">
<ele>96.5</ele>
<time>2026-09-20T09:54:01Z</time>
<extensions>
<tp1:TrackPointExtension>
<tp1:hr>146</tp1:hr>
</tp1:TrackPointExtension>
</extensions>
</trkpt>
<trkpt lat="59.12109713" lon="17.43463755">
<ele>96.5</ele>
<time>2026-09-20T09:54:02Z</time>
<extensions>
<tp1:TrackPointExtension>
<tp1:hr>146</tp1:hr>
</tp1:TrackPointExtension>
</extensions>
</trkpt>
<trkpt lat="59.12108003" lon="17.4346777">
<ele>96.5</ele>
<time>2026-09-20T09:54:03Z</time>
<extensions>
<tp1:TrackPointExtension>
<tp1:hr>145</tp1:hr>
</tp1:TrackPointExtension>
</extensions>
</trkpt>
<trkpt lat="59.12106168" lon="17.43472111">
<ele>96.2</ele>
<time>2026-09-20T09:54:04Z</time>
<extensions>
<tp1:TrackPointExtension>
<tp1:hr>145</tp1:hr>
</tp1:TrackPointExtension>
</extensions>
</trkpt>
<trkpt lat="59.12103804" lon="17.43476763">
<ele>96.0</ele>
<time>2026-09-20T09:54:05Z</time>
<extensions>
<tp1:TrackPointExtension>
<tp1:hr>144</tp1:hr>
</tp1:TrackPointExtension>
</extensions>
</trkpt>
<trkpt lat="59.12102111" lon="17.43481516">
<ele>95.8</ele>
<time>2026-09-20T09:54:06Z</time>
<extensions>
<tp1:TrackPointExtension>
<tp1:hr>144</tp1:hr>
</tp1:TrackPointExtension>
</extensions>
</trkpt>
<trkpt lat="59.12100577" lon="17.43486034">
<ele>95.8</ele>
<time>2026-09-20T09:54:07Z</time>
<extensions>
<tp1:TrackPointExtension>
<tp1:hr>143</tp1:hr>
</tp1:TrackPointExtension>
</extensions>
</trkpt>
<trkpt lat="59.12098565" lon="17.43490987">
<ele>95.6</ele>
<time>2026-09-20T09:54:08Z</time>
<extensions>
<tp1:TrackPointExtension>
<tp1:hr>143</tp1:hr>
</tp1:TrackPointExtension>
</extensions>
</trkpt>
<trkpt lat="59.12097048" lon="17.43493795">
<ele>95.6</ele>
<time>2026-09-20T09:54:09Z</time>
<extensions>
<tp1:TrackPointExtension>
<tp1:hr>143</tp1:hr>
</tp1:TrackPointExtension>
</extensions>
</trkpt>
<trkpt lat="59.12097157" lon="17.43494416">
<ele>95.6</ele>
<time>2026-09-20T09:54:10Z</time>
<extensions>
<tp1:TrackPointExtension>
<tp1:hr>143</tp1:hr>
</tp1:TrackPointExtension>
</extensions>
</trkpt>
<trkpt lat="59.12097853" lon="17.43493737">
<ele>95.4</ele>
<time>2026-09-20T09:54:11Z</time>
<extensions>
<tp1:TrackPointExtension>
<tp1:hr>143</tp1:hr>
</tp1:TrackPointExtension>
</extensions>
</trkpt>
<trkpt lat="59.12098104" lon="17.43493301">
<ele>95.4</ele>
<time>2026-09-20T09:54:12Z</time>
<extensions>
<tp1:TrackPointExtension>
<tp1:hr>143</tp1:hr>
</tp1:TrackPointExtension>
</extensions>
</trkpt>
<trkpt lat="59.12098154" lon="17.4349258">
<ele>95.2</ele>
<time>2026-09-20T09:54:13Z</time>
<extensions>
<tp1:TrackPointExtension>
<tp1:hr>142</tp1:hr>
</tp1:TrackPointExtension>
</extensions>
</trkpt>
<trkpt lat="59.1209818" lon="17.43492982">
<ele>95.2</ele>
<time>2026-09-20T09:54:14Z</time>
<extensions>
<tp1:TrackPointExtension>
<tp1:hr>142</tp1:hr>
</tp1:TrackPointExtension>
</extensions>
</trkpt>
<trkpt lat="59.1209833" lon="17.43492982">
<ele>95.0</ele>
<time>2026-09-20T09:54:15Z</time>
<extensions>
<tp1:TrackPointExtension>
<tp1:hr>141</tp1:hr>
</tp1:TrackPointExtension>
</extensions>
</trkpt>
<trkpt lat="59.12098297" lon="17.43493234">
<ele>95.0</ele>
<time>2026-09-20T09:54:16Z</time>
<extensions>
<tp1:TrackPointExtension>
<tp1:hr>140</tp1:hr>
</tp1:TrackPointExtension>
</extensions>
</trkpt>
<trkpt lat="59.12098314" lon="17.43493225">
<ele>95.0</ele>
<time>2026-09-20T09:54:17Z</time>
<extensions>
<tp1:TrackPointExtension>
<tp1:hr>140</tp1:hr>
</tp1:TrackPointExtension>
</extensions>
</trkpt>
<trkpt lat="59.12098314" lon="17.43493225">
<ele>95.0</ele>
<time>2026-09-20T09:54:18Z</time>
<extensions>
<tp1:TrackPointExtension>
<tp1:hr>139</tp1:hr>
</tp1:TrackPointExtension>
</extensions>
</trkpt>
<trkpt lat="59.1209833" lon="17.43493209">
<ele>95.0</ele>
<time>2026-09-20T09:54:19Z</time>
<extensions>
<tp1:TrackPointExtension>
<tp1:hr>139</tp1:hr>
</tp1:TrackPointExtension>
</extensions>
</trkpt>
<trkpt lat="59.12099118" lon="17.43495958">
<ele>95.0</ele>
<time>2026-09-20T09:54:20Z</time>
<extensions>
<tp1:TrackPointExtension>
<tp1:hr>142</tp1:hr>
</tp1:TrackPointExtension>
</extensions>
</trkpt>
<trkpt lat="59.12101247" lon="17.43499059">
<ele>95.0</ele>
<time>2026-09-20T09:54:21Z</time>
<extensions>
<tp1:TrackPointExtension>
<tp1:hr>145</tp1:hr>
</tp1:TrackPointExtension>
</extensions>
</trkpt>
<trkpt lat="59.12102932" lon="17.43500073">
<ele>94.8</ele>
<time>2026-09-20T09:54:22Z</time>
<extensions>
<tp1:TrackPointExtension>
<tp1:hr>145</tp1:hr>
</tp1:TrackPointExtension>
</extensions>
</trkpt>
<trkpt lat="59.12105715" lon="17.43501708">
<ele>94.6</ele>
<time>2026-09-20T09:54:23Z</time>
<extensions>
<tp1:TrackPointExtension>
<tp1:hr>145</tp1:hr>
</tp1:TrackPointExtension>
</extensions>
</trkpt>
<trkpt lat="59.12109143" lon="17.43506092">
<ele>94.4</ele>
<time>2026-09-20T09:54:24Z</time>
<extensions>
<tp1:TrackPointExtension>
<tp1:hr>145</tp1:hr>
</tp1:TrackPointExtension>
</extensions>
</trkpt>
<trkpt lat="59.1211201" lon="17.43509361">
<ele>94.6</ele>
<time>2026-09-20T09:54:25Z</time>
<extensions>
<tp1:TrackPointExtension>
<tp1:hr>145</tp1:hr>
</tp1:TrackPointExtension>
</extensions>
</trkpt>
<trkpt lat="59.12114399" lon="17.435119">
<ele>94.6</ele>
<time>2026-09-20T09:54:26Z</time>
<extensions>
<tp1:TrackPointExtension>
<tp1:hr>145</tp1:hr>
</tp1:TrackPointExtension>
</extensions>
</trkpt>
<trkpt lat="59.12116377" lon="17.43511716">
<ele>95.0</ele>
<time>2026-09-20T09:54:27Z</time>
<extensions>
<tp1:TrackPointExtension>
<tp1:hr>145</tp1:hr>
</tp1:TrackPointExtension>
</extensions>
</trkpt>
<trkpt lat="59.12117986" lon="17.43511364">
<ele>95.2</ele>
<time>2026-09-20T09:54:28Z</time>
<extensions>
<tp1:TrackPointExtension>
<tp1:hr>145</tp1:hr>
</tp1:TrackPointExtension>
</extensions>
</trkpt>
<trkpt lat="59.12118874" lon="17.43509755">
<ele>95.4</ele>
<time>2026-09-20T09:54:29Z</time>
<extensions>
<tp1:TrackPointExtension>
<tp1:hr>145</tp1:hr>
</tp1:TrackPointExtension>
</extensions>
</trkpt>
<trkpt lat="59.12120216" lon="17.43508145">
<ele>95.4</ele>
<time>2026-09-20T09:54:30Z</time>
<extensions>
<tp1:TrackPointExtension>
<tp1:hr>145</tp1:hr>
</tp1:TrackPointExtension>
</extensions>
</trkpt>
<trkpt lat="59.12121045" lon="17.43505924">
<ele>95.6</ele>
<time>2026-09-20T09:54:31Z</time>
<extensions>
<tp1:TrackPointExtension>
<tp1:hr>145</tp1:hr>
</tp1:TrackPointExtension>
</extensions>
</trkpt>
<trkpt lat="59.12121708" lon="17.43503602">
<ele>95.4</ele>
<time>2026-09-20T09:54:32Z</time>
<extensions>
<tp1:TrackPointExtension>
<tp1:hr>145</tp1:hr>
</tp1:TrackPointExtension>
</extensions>
</trkpt>
<trkpt lat="59.1212325" lon="17.43502236">
<ele>95.4</ele>
<time>2026-09-20T09:54:33Z</time>
<extensions>
<tp1:TrackPointExtension>
<tp1:hr>144</tp1:hr>
</tp1:TrackPointExtension>
</extensions>
</trkpt>
<trkpt lat="59.12125094" lon="17.43501959">
<ele>95.2</ele>
<time>2026-09-20T09:54:34Z</time>
<extensions>
<tp1:TrackPointExtension>
<tp1:hr>144</tp1:hr>
</tp1:TrackPointExtension>
</extensions>
</trkpt>
<trkpt lat="59.12126678" lon="17.43500945">
<ele>95.2</ele>
<time>2026-09-20T09:54:35Z</time>
<extensions>
<tp1:TrackPointExtension>
<tp1:hr>143</tp1:hr>
</tp1:TrackPointExtension>
</extensions>
</trkpt>
<trkpt lat="59.12129712" lon="17.4349854">
<ele>95.0</ele>
<time>2026-09-20T09:54:36Z</time>
<extensions>
<tp1:TrackPointExtension>
<tp1:hr>142</tp1:hr>
</tp1:TrackPointExtension>
</extensions>
</trkpt>
<trkpt lat="59.12132839" lon="17.43495639">
<ele>95.0</ele>
<time>2026-09-20T09:54:37Z</time>
<extensions>
<tp1:TrackPointExtension>
<tp1:hr>142</tp1:hr>
</tp1:TrackPointExtension>
</extensions>
</trkpt>
<trkpt lat="59.1213563" lon="17.43493678">
<ele>95.0</ele>
<time>2026-09-20T09:54:38Z</time>
<extensions>
<tp1:TrackPointExtension>
<tp1:hr>141</tp1:hr>
</tp1:TrackPointExtension>
</extensions>
</trkpt>
<trkpt lat="59.12136787" lon="17.43492018">
<ele>95.0</ele>
<time>2026-09-20T09:54:39Z</time>
<extensions>
<tp1:TrackPointExtension>
<tp1:hr>141</tp1:hr>
</tp1:TrackPointExtension>
</extensions>
</trkpt>
<trkpt lat="59.12138346" lon="17.43489655">
<ele>94.8</ele>
<time>2026-09-20T09:54:40Z</time>
<extensions>
<tp1:TrackPointExtension>
<tp1:hr>140</tp1:hr>
</tp1:TrackPointExtension>
</extensions>
</trkpt>
<trkpt lat="59.12139779" lon="17.43487777">
<ele>94.8</ele>
<time>2026-09-20T09:54:41Z</time>
<extensions>
<tp1:TrackPointExtension>
<tp1:hr>140</tp1:hr>
</tp1:TrackPointExtension>
</extensions>
</trkpt>
<trkpt lat="59.12140508" lon="17.43486109">
<ele>94.6</ele>
<time>2026-09-20T09:54:42Z</time>
<extensions>
<tp1:TrackPointExtension>
<tp1:hr>139</tp1:hr>
</tp1:TrackPointExtension>
</extensions>
</trkpt>
<trkpt lat="59.12141279" lon="17.43485313">
<ele>94.6</ele>
<time>2026-09-20T09:54:43Z</time>
<extensions>
<tp1:TrackPointExtension>
<tp1:hr>138</tp1:hr>
</tp1:TrackPointExtension>
</extensions>
</trkpt>
<trkpt lat="59.1214148" lon="17.43485296">
<ele>94.6</ele>
<time>2026-09-20T09:54:44Z</time>
<extensions>
<tp1:TrackPointExtension>
<tp1:hr>138</tp1:hr>
</tp1:TrackPointExtension>
</extensions>
</trkpt>
<trkpt lat="59.12141665" lon="17.43485556">
<ele>94.6</ele>
<time>2026-09-20T09:54:45Z</time>
<extensions>
<tp1:TrackPointExtension>
<tp1:hr>137</tp1:hr>
</tp1:TrackPointExtension>
</extensions>
</trkpt>
<trkpt lat="59.1214148" lon="17.43485263">
<ele>94.6</ele>
<time>2026-09-20T09:54:46Z</time>
<extensions>
<tp1:TrackPointExtension>
<tp1:hr>137</tp1:hr>
</tp1:TrackPointExtension>
</extensions>
</trkpt>
<trkpt lat="59.12140609" lon="17.43483905">
<ele>94.8</ele>
<time>2026-09-20T09:54:47Z</time>
<extensions>
<tp1:TrackPointExtension>
<tp1:hr>137</tp1:hr>
</tp1:TrackPointExtension>
</extensions>
</trkpt>
<trkpt lat="59.12138807" lon="17.43482974">
<ele>95.0</ele>
<time>2026-09-20T09:54:48Z</time>
<extensions>
<tp1:TrackPointExtension>
<tp1:hr>137</tp1:hr>
</tp1:TrackPointExtension>
</extensions>
</trkpt>
<trkpt lat="59.12136158" lon="17.43482036">
<ele>95.2</ele>
<time>2026-09-20T09:54:49Z</time>
<extensions>
<tp1:TrackPointExtension>
<tp1:hr>138</tp1:hr>
</tp1:TrackPointExtension>
</extensions>
</trkpt>
<trkpt lat="59.12133132" lon="17.43481332">
<ele>95.6</ele>
<time>2026-09-20T09:54:50Z</time>
<extensions>
<tp1:TrackPointExtension>
<tp1:hr>138</tp1:hr>
</tp1:TrackPointExtension>
</extensions>
</trkpt>
<trkpt lat="59.12130584" lon="17.43481332">
<ele>95.8</ele>
<time>2026-09-20T09:54:51Z</time>
<extensions>
<tp1:TrackPointExtension>
<tp1:hr>137</tp1:hr>
</tp1:TrackPointExtension>
</extensions>
</trkpt>
<trkpt lat="59.12127114" lon="17.43484617">
<ele>96.0</ele>
<time>2026-09-20T09:54:52Z</time>
<extensions>
<tp1:TrackPointExtension>
<tp1:hr>137</tp1:hr>
</tp1:TrackPointExtension>
</extensions>
</trkpt>
<trkpt lat="59.1212418" lon="17.43486294">
<ele>96.0</ele>
<time>2026-09-20T09:54:53Z</time>
<extensions>
<tp1:TrackPointExtension>
<tp1:hr>137</tp1:hr>
</tp1:TrackPointExtension>
</extensions>
</trkpt>
<trkpt lat="59.12122252" lon="17.43490091">
<ele>95.8</ele>
<time>2026-09-20T09:54:54Z</time>
<extensions>
<tp1:TrackPointExtension>
<tp1:hr>137</tp1:hr>
</tp1:TrackPointExtension>
</extensions>
</trkpt>
<trkpt lat="59.12121397" lon="17.43494466">
<ele>95.6</ele>
<time>2026-09-20T09:54:55Z</time>
<extensions>
<tp1:TrackPointExtension>
<tp1:hr>138</tp1:hr>
</tp1:TrackPointExtension>
</extensions>
</trkpt>
<trkpt lat="59.12120568" lon="17.4349911">
<ele>95.6</ele>
<time>2026-09-20T09:54:56Z</time>
<extensions>
<tp1:TrackPointExtension>
<tp1:hr>138</tp1:hr>
</tp1:TrackPointExtension>
</extensions>
</trkpt>
<trkpt lat="59.12118531" lon="17.43501456">
<ele>95.6</ele>
<time>2026-09-20T09:54:57Z</time>
<extensions>
<tp1:TrackPointExtension>
<tp1:hr>139</tp1:hr>
</tp1:TrackPointExtension>
</extensions>
</trkpt>
<trkpt lat="59.12116184" lon="17.43504306">
<ele>95.8</ele>
<time>2026-09-20T09:54:58Z</time>
<extensions>
<tp1:TrackPointExtension>
<tp1:hr>138</tp1:hr>
</tp1:TrackPointExtension>
</extensions>
</trkpt>
<trkpt lat="59.12115287" lon="17.43507793">
<ele>95.8</ele>
<time>2026-09-20T09:54:59Z</time>
<extensions>
<tp1:TrackPointExtension>
<tp1:hr>138</tp1:hr>
</tp1:TrackPointExtension>
</extensions>
</trkpt>
<trkpt lat="59.12113845" lon="17.43511724">
<ele>96.0</ele>
<time>2026-09-20T09:55:00Z</time>
<extensions>
<tp1:TrackPointExtension>
<tp1:hr>135</tp1:hr>
</tp1:TrackPointExtension>
</extensions>
</trkpt>
<trkpt lat="59.12112462" lon="17.43515714">
<ele>96.0</ele>
<time>2026-09-20T09:55:01Z</time>
<extensions>
<tp1:TrackPointExtension>
<tp1:hr>134</tp1:hr>
</tp1:TrackPointExtension>
</extensions>
</trkpt>
<trkpt lat="59.12111859" lon="17.43519645">
<ele>96.2</ele>
<time>2026-09-20T09:55:02Z</time>
<extensions>
<tp1:TrackPointExtension>
<tp1:hr>134</tp1:hr>
</tp1:TrackPointExtension>
</extensions>
</trkpt>
<trkpt lat="59.12111591" lon="17.43524582">
<ele>96.0</ele>
<time>2026-09-20T09:55:03Z</time>
<extensions>
<tp1:TrackPointExtension>
<tp1:hr>133</tp1:hr>
</tp1:TrackPointExtension>
</extensions>
</trkpt>
<trkpt lat="59.12111289" lon="17.43529854">
<ele>95.8</ele>
<time>2026-09-20T09:55:04Z</time>
<extensions>
<tp1:TrackPointExtension>
<tp1:hr>133</tp1:hr>
</tp1:TrackPointExtension>
</extensions>
</trkpt>
<trkpt lat="59.12110367" lon="17.43536887">
<ele>95.8</ele>
<time>2026-09-20T09:55:05Z</time>
<extensions>
<tp1:TrackPointExtension>
<tp1:hr>134</tp1:hr>
</tp1:TrackPointExtension>
</extensions>
</trkpt>
<trkpt lat="59.12108665" lon="17.43542913">
<ele>95.6</ele>
<time>2026-09-20T09:55:06Z</time>
<extensions>
<tp1:TrackPointExtension>
<tp1:hr>134</tp1:hr>
</tp1:TrackPointExtension>
</extensions>
</trkpt>
<trkpt lat="59.12107165" lon="17.43547465">
<ele>95.2</ele>
<time>2026-09-20T09:55:07Z</time>
<extensions>
<tp1:TrackPointExtension>
<tp1:hr>134</tp1:hr>
</tp1:TrackPointExtension>
</extensions>
</trkpt>
<trkpt lat="59.12106017" lon="17.43551823">
<ele>95.2</ele>
<time>2026-09-20T09:55:08Z</time>
<extensions>
<tp1:TrackPointExtension>
<tp1:hr>135</tp1:hr>
</tp1:TrackPointExtension>
</extensions>
</trkpt>
<trkpt lat="59.12104525" lon="17.4355583">
<ele>95.2</ele>
<time>2026-09-20T09:55:09Z</time>
<extensions>
<tp1:TrackPointExtension>
<tp1:hr>136</tp1:hr>
</tp1:TrackPointExtension>
</extensions>
</trkpt>
<trkpt lat="59.12103167" lon="17.4355951">
<ele>95.0</ele>
<time>2026-09-20T09:55:10Z</time>
<extensions>
<tp1:TrackPointExtension>
<tp1:hr>136</tp1:hr>
</tp1:TrackPointExtension>
</extensions>
</trkpt>
<trkpt lat="59.12101507" lon="17.43559769">
<ele>95.0</ele>
<time>2026-09-20T09:55:11Z</time>
<extensions>
<tp1:TrackPointExtension>
<tp1:hr>136</tp1:hr>
</tp1:TrackPointExtension>
</extensions>
</trkpt>
<trkpt lat="59.12100065" lon="17.4355795">
<ele>94.8</ele>
<time>2026-09-20T09:55:12Z</time>
<extensions>
<tp1:TrackPointExtension>
<tp1:hr>136</tp1:hr>
</tp1:TrackPointExtension>
</extensions>
</trkpt>
<trkpt lat="59.12098498" lon="17.43555713">
<ele>94.6</ele>
<time>2026-09-20T09:55:13Z</time>
<extensions>
<tp1:TrackPointExtension>
<tp1:hr>136</tp1:hr>
</tp1:TrackPointExtension>
</extensions>
</trkpt>
<trkpt lat="59.12097149" lon="17.43551756">
<ele>94.1</ele>
<time>2026-09-20T09:55:14Z</time>
<extensions>
<tp1:TrackPointExtension>
<tp1:hr>136</tp1:hr>
</tp1:TrackPointExtension>
</extensions>
</trkpt>
<trkpt lat="59.12094852" lon="17.43547146">
<ele>93.7</ele>
<time>2026-09-20T09:55:15Z</time>
<extensions>
<tp1:TrackPointExtension>
<tp1:hr>136</tp1:hr>
</tp1:TrackPointExtension>
</extensions>
</trkpt>
<trkpt lat="59.12092547" lon="17.43544925">
<ele>93.7</ele>
<time>2026-09-20T09:55:16Z</time>
<extensions>
<tp1:TrackPointExtension>
<tp1:hr>136</tp1:hr>
</tp1:TrackPointExtension>
</extensions>
</trkpt>
<trkpt lat="59.12089236" lon="17.43539192">
<ele>93.5</ele>
<time>2026-09-20T09:55:17Z</time>
<extensions>
<tp1:TrackPointExtension>
<tp1:hr>136</tp1:hr>
</tp1:TrackPointExtension>
</extensions>
</trkpt>
<trkpt lat="59.12086277" lon="17.43533618">
<ele>93.5</ele>
<time>2026-09-20T09:55:18Z</time>
<extensions>
<tp1:TrackPointExtension>
<tp1:hr>136</tp1:hr>
</tp1:TrackPointExtension>
</extensions>
</trkpt>
<trkpt lat="59.12084266" lon="17.43529527">
<ele>93.5</ele>
<time>2026-09-20T09:55:19Z</time>
<extensions>
<tp1:TrackPointExtension>
<tp1:hr>137</tp1:hr>
</tp1:TrackPointExtension>
</extensions>
</trkpt>
<trkpt lat="59.12081474" lon="17.43525127">
<ele>93.5</ele>
<time>2026-09-20T09:55:20Z</time>
<extensions>
<tp1:TrackPointExtension>
<tp1:hr>136</tp1:hr>
</tp1:TrackPointExtension>
</extensions>
</trkpt>
<trkpt lat="59.12079941" lon="17.43519905">
<ele>93.1</ele>
<time>2026-09-20T09:55:21Z</time>
<extensions>
<tp1:TrackPointExtension>
<tp1:hr>137</tp1:hr>
</tp1:TrackPointExtension>
</extensions>
</trkpt>
<trkpt lat="59.12077736" lon="17.4351584">
<ele>92.7</ele>
<time>2026-09-20T09:55:22Z</time>
<extensions>
<tp1:TrackPointExtension>
<tp1:hr>138</tp1:hr>
</tp1:TrackPointExtension>
</extensions>
</trkpt>
<trkpt lat="59.12074903" lon="17.43511423">
<ele>92.5</ele>
<time>2026-09-20T09:55:23Z</time>
<extensions>
<tp1:TrackPointExtension>
<tp1:hr>137</tp1:hr>
</tp1:TrackPointExtension>
</extensions>
</trkpt>
<trkpt lat="59.12072229" lon="17.43507273">
<ele>92.1</ele>
<time>2026-09-20T09:55:24Z</time>
<extensions>
<tp1:TrackPointExtension>
<tp1:hr>137</tp1:hr>
</tp1:TrackPointExtension>
</extensions>
</trkpt>
<trkpt lat="59.12069589" lon="17.4350434">
<ele>91.9</ele>
<time>2026-09-20T09:55:25Z</time>
<extensions>
<tp1:TrackPointExtension>
<tp1:hr>136</tp1:hr>
</tp1:TrackPointExtension>
</extensions>
</trkpt>
<trkpt lat="59.12067401" lon="17.43503778">
<ele>92.1</ele>
<time>2026-09-20T09:55:26Z</time>
<extensions>
<tp1:TrackPointExtension>
<tp1:hr>136</tp1:hr>
</tp1:TrackPointExtension>
</extensions>
</trkpt>
<trkpt lat="59.12065792" lon="17.43502689">
<ele>92.5</ele>
<time>2026-09-20T09:55:27Z</time>
<extensions>
<tp1:TrackPointExtension>
<tp1:hr>136</tp1:hr>
</tp1:TrackPointExtension>
</extensions>
</trkpt>
<trkpt lat="59.12064551" lon="17.4350123">
<ele>92.5</ele>
<time>2026-09-20T09:55:28Z</time>
<extensions>
<tp1:TrackPointExtension>
<tp1:hr>136</tp1:hr>
</tp1:TrackPointExtension>
</extensions>
</trkpt>
<trkpt lat="59.12064593" lon="17.43499135">
<ele>92.5</ele>
<time>2026-09-20T09:55:29Z</time>
<extensions>
<tp1:TrackPointExtension>
<tp1:hr>136</tp1:hr>
</tp1:TrackPointExtension>
</extensions>
</trkpt>
<trkpt lat="59.12066152" lon="17.43497358">
<ele>92.3</ele>
<time>2026-09-20T09:55:30Z</time>
<extensions>
<tp1:TrackPointExtension>
<tp1:hr>136</tp1:hr>
</tp1:TrackPointExtension>
</extensions>
</trkpt>
<trkpt lat="59.12068365" lon="17.43495774">
<ele>92.1</ele>
<time>2026-09-20T09:55:31Z</time>
<extensions>
<tp1:TrackPointExtension>
<tp1:hr>136</tp1:hr>
</tp1:TrackPointExtension>
</extensions>
</trkpt>
<trkpt lat="59.12071173" lon="17.43494147">
<ele>91.9</ele>
<time>2026-09-20T09:55:32Z</time>
<extensions>
<tp1:TrackPointExtension>
<tp1:hr>136</tp1:hr>
</tp1:TrackPointExtension>
</extensions>
</trkpt>
<trkpt lat="59.12074392" lon="17.43491239">
<ele>92.1</ele>
<time>2026-09-20T09:55:33Z</time>
<extensions>
<tp1:TrackPointExtension>
<tp1:hr>136</tp1:hr>
</tp1:TrackPointExtension>
</extensions>
</trkpt>
<trkpt lat="59.1207704" lon="17.43488465">
<ele>92.3</ele>
<time>2026-09-20T09:55:34Z</time>
<extensions>
<tp1:TrackPointExtension>
<tp1:hr>136</tp1:hr>
</tp1:TrackPointExtension>
</extensions>
</trkpt>
<trkpt lat="59.12078767" lon="17.43484491">
<ele>92.7</ele>
<time>2026-09-20T09:55:35Z</time>
<extensions>
<tp1:TrackPointExtension>
<tp1:hr>135</tp1:hr>
</tp1:TrackPointExtension>
</extensions>
</trkpt>
<trkpt lat="59.12081734" lon="17.43480292">
<ele>93.1</ele>
<time>2026-09-20T09:55:36Z</time>
<extensions>
<tp1:TrackPointExtension>
<tp1:hr>135</tp1:hr>
</tp1:TrackPointExtension>
</extensions>
</trkpt>
<trkpt lat="59.12083419" lon="17.43475908">
<ele>93.7</ele>
<time>2026-09-20T09:55:37Z</time>
<extensions>
<tp1:TrackPointExtension>
<tp1:hr>134</tp1:hr>
</tp1:TrackPointExtension>
</extensions>
</trkpt>
<trkpt lat="59.1208528" lon="17.43470829">
<ele>94.3</ele>
<time>2026-09-20T09:55:38Z</time>
<extensions>
<tp1:TrackPointExtension>
<tp1:hr>133</tp1:hr>
</tp1:TrackPointExtension>
</extensions>
</trkpt>
<trkpt lat="59.12086898" lon="17.43466638">
<ele>94.7</ele>
<time>2026-09-20T09:55:39Z</time>
<extensions>
<tp1:TrackPointExtension>
<tp1:hr>132</tp1:hr>
</tp1:TrackPointExtension>
</extensions>
</trkpt>
<trkpt lat="59.1209015" lon="17.43458524">
<ele>95.3</ele>
<time>2026-09-20T09:55:40Z</time>
<extensions>
<tp1:TrackPointExtension>
<tp1:hr>131</tp1:hr>
</tp1:TrackPointExtension>
</extensions>
</trkpt>
<trkpt lat="59.12091834" lon="17.43452162">
<ele>95.7</ele>
<time>2026-09-20T09:55:41Z</time>
<extensions>
<tp1:TrackPointExtension>
<tp1:hr>131</tp1:hr>
</tp1:TrackPointExtension>
</extensions>
</trkpt>
<trkpt lat="59.12094844" lon="17.43445558">
<ele>95.9</ele>
<time>2026-09-20T09:55:42Z</time>
<extensions>
<tp1:TrackPointExtension>
<tp1:hr>131</tp1:hr>
</tp1:TrackPointExtension>
</extensions>
</trkpt>
<trkpt lat="59.1209657" lon="17.43439958">
<ele>95.9</ele>
<time>2026-09-20T09:55:43Z</time>
<extensions>
<tp1:TrackPointExtension>
<tp1:hr>132</tp1:hr>
</tp1:TrackPointExtension>
</extensions>
</trkpt>
<trkpt lat="59.12099646" lon="17.43433798">
<ele>95.9</ele>
<time>2026-09-20T09:55:44Z</time>
<extensions>
<tp1:TrackPointExtension>
<tp1:hr>133</tp1:hr>
</tp1:TrackPointExtension>
</extensions>
</trkpt>
<trkpt lat="59.12102228" lon="17.43427327">
<ele>95.7</ele>
<time>2026-09-20T09:55:45Z</time>
<extensions>
<tp1:TrackPointExtension>
<tp1:hr>134</tp1:hr>
</tp1:TrackPointExtension>
</extensions>
</trkpt>
<trkpt lat="59.12103938" lon="17.43421501">
<ele>95.7</ele>
<time>2026-09-20T09:55:46Z</time>
<extensions>
<tp1:TrackPointExtension>
<tp1:hr>135</tp1:hr>
</tp1:TrackPointExtension>
</extensions>
</trkpt>
<trkpt lat="59.12106075" lon="17.43414972">
<ele>95.7</ele>
<time>2026-09-20T09:55:47Z</time>
<extensions>
<tp1:TrackPointExtension>
<tp1:hr>136</tp1:hr>
</tp1:TrackPointExtension>
</extensions>
</trkpt>
<trkpt lat="59.12107559" lon="17.43408711">
<ele>95.7</ele>
<time>2026-09-20T09:55:48Z</time>
<extensions>
<tp1:TrackPointExtension>
<tp1:hr>136</tp1:hr>
</tp1:TrackPointExtension>
</extensions>
</trkpt>
<trkpt lat="59.12109663" lon="17.43403086">
<ele>95.7</ele>
<time>2026-09-20T09:55:49Z</time>
<extensions>
<tp1:TrackPointExtension>
<tp1:hr>136</tp1:hr>
</tp1:TrackPointExtension>
</extensions>
</trkpt>
<trkpt lat="59.12110803" lon="17.43398041">
<ele>95.9</ele>
<time>2026-09-20T09:55:50Z</time>
<extensions>
<tp1:TrackPointExtension>
<tp1:hr>136</tp1:hr>
</tp1:TrackPointExtension>
</extensions>
</trkpt>
<trkpt lat="59.12112881" lon="17.43390572">
<ele>96.3</ele>
<time>2026-09-20T09:55:51Z</time>
<extensions>
<tp1:TrackPointExtension>
<tp1:hr>135</tp1:hr>
</tp1:TrackPointExtension>
</extensions>
</trkpt>
<trkpt lat="59.12114047" lon="17.43385158">
<ele>96.7</ele>
<time>2026-09-20T09:55:52Z</time>
<extensions>
<tp1:TrackPointExtension>
<tp1:hr>135</tp1:hr>
</tp1:TrackPointExtension>
</extensions>
</trkpt>
<trkpt lat="59.12116108" lon="17.43377731">
<ele>97.1</ele>
<time>2026-09-20T09:55:53Z</time>
<extensions>
<tp1:TrackPointExtension>
<tp1:hr>136</tp1:hr>
</tp1:TrackPointExtension>
</extensions>
</trkpt>
<trkpt lat="59.12117768" lon="17.43371277">
<ele>97.1</ele>
<time>2026-09-20T09:55:54Z</time>
<extensions>
<tp1:TrackPointExtension>
<tp1:hr>137</tp1:hr>
</tp1:TrackPointExtension>
</extensions>
</trkpt>
<trkpt lat="59.12119478" lon="17.43364194">
<ele>97.3</ele>
<time>2026-09-20T09:55:55Z</time>
<extensions>
<tp1:TrackPointExtension>
<tp1:hr>141</tp1:hr>
</tp1:TrackPointExtension>
</extensions>
</trkpt>
<trkpt lat="59.12121406" lon="17.43357841">
<ele>97.1</ele>
<time>2026-09-20T09:55:56Z</time>
<extensions>
<tp1:TrackPointExtension>
<tp1:hr>145</tp1:hr>
</tp1:TrackPointExtension>
</extensions>
</trkpt>
<trkpt lat="59.12122956" lon="17.4335215">
<ele>96.9</ele>
<time>2026-09-20T09:55:57Z</time>
<extensions>
<tp1:TrackPointExtension>
<tp1:hr>147</tp1:hr>
</tp1:TrackPointExtension>
</extensions>
</trkpt>
<trkpt lat="59.12124943" lon="17.43344245">
<ele>97.1</ele>
<time>2026-09-20T09:55:58Z</time>
<extensions>
<tp1:TrackPointExtension>
<tp1:hr>148</tp1:hr>
</tp1:TrackPointExtension>
</extensions>
</trkpt>
<trkpt lat="59.12125379" lon="17.43338864">
<ele>97.1</ele>
<time>2026-09-20T09:55:59Z</time>
<extensions>
<tp1:TrackPointExtension>
<tp1:hr>149</tp1:hr>
</tp1:TrackPointExtension>
</extensions>
</trkpt>
<trkpt lat="59.12125622" lon="17.4333319">
<ele>97.1</ele>
<time>2026-09-20T09:56:00Z</time>
<extensions>
<tp1:TrackPointExtension>
<tp1:hr>150</tp1:hr>
</tp1:TrackPointExtension>
</extensions>
</trkpt>
<trkpt lat="59.12126276" lon="17.43326685">
<ele>97.3</ele>
<time>2026-09-20T09:56:01Z</time>
<extensions>
<tp1:TrackPointExtension>
<tp1:hr>151</tp1:hr>
</tp1:TrackPointExtension>
</extensions>
</trkpt>
<trkpt lat="59.1212781" lon="17.43323064">
<ele>97.3</ele>
<time>2026-09-20T09:56:02Z</time>
<extensions>
<tp1:TrackPointExtension>
<tp1:hr>152</tp1:hr>
</tp1:TrackPointExtension>
</extensions>
</trkpt>
<trkpt lat="59.12130215" lon="17.43321883">
<ele>97.5</ele>
<time>2026-09-20T09:56:03Z</time>
<extensions>
<tp1:TrackPointExtension>
<tp1:hr>153</tp1:hr>
</tp1:TrackPointExtension>
</extensions>
</trkpt>
<trkpt lat="59.12132311" lon="17.43320986">
<ele>97.5</ele>
<time>2026-09-20T09:56:04Z</time>
<extensions>
<tp1:TrackPointExtension>
<tp1:hr>153</tp1:hr>
</tp1:TrackPointExtension>
</extensions>
</trkpt>
<trkpt lat="59.12134691" lon="17.43318639">
<ele>97.7</ele>
<time>2026-09-20T09:56:05Z</time>
<extensions>
<tp1:TrackPointExtension>
<tp1:hr>154</tp1:hr>
</tp1:TrackPointExtension>
</extensions>
</trkpt>
<trkpt lat="59.1213599" lon="17.43317088">
<ele>97.7</ele>
<time>2026-09-20T09:56:06Z</time>
<extensions>
<tp1:TrackPointExtension>
<tp1:hr>154</tp1:hr>
</tp1:TrackPointExtension>
</extensions>
</trkpt>
<trkpt lat="59.12138052" lon="17.43314129">
<ele>97.7</ele>
<time>2026-09-20T09:56:07Z</time>
<extensions>
<tp1:TrackPointExtension>
<tp1:hr>154</tp1:hr>
</tp1:TrackPointExtension>
</extensions>
</trkpt>
<trkpt lat="59.12141095" lon="17.43310114">
<ele>97.9</ele>
<time>2026-09-20T09:56:08Z</time>
<extensions>
<tp1:TrackPointExtension>
<tp1:hr>154</tp1:hr>
</tp1:TrackPointExtension>
</extensions>
</trkpt>
<trkpt lat="59.12142989" lon="17.43306544">
<ele>97.7</ele>
<time>2026-09-20T09:56:09Z</time>
<extensions>
<tp1:TrackPointExtension>
<tp1:hr>154</tp1:hr>
</tp1:TrackPointExtension>
</extensions>
</trkpt>
<trkpt lat="59.12145018" lon="17.4330221">
<ele>97.5</ele>
<time>2026-09-20T09:56:10Z</time>
<extensions>
<tp1:TrackPointExtension>
<tp1:hr>154</tp1:hr>
</tp1:TrackPointExtension>
</extensions>
</trkpt>
<trkpt lat="59.12147247" lon="17.43297969">
<ele>97.1</ele>
<time>2026-09-20T09:56:11Z</time>
<extensions>
<tp1:TrackPointExtension>
<tp1:hr>154</tp1:hr>
</tp1:TrackPointExtension>
</extensions>
</trkpt>
<trkpt lat="59.12149267" lon="17.43293594">
<ele>96.7</ele>
<time>2026-09-20T09:56:12Z</time>
<extensions>
<tp1:TrackPointExtension>
<tp1:hr>153</tp1:hr>
</tp1:TrackPointExtension>
</extensions>
</trkpt>
<trkpt lat="59.12150642" lon="17.43289403">
<ele>96.5</ele>
<time>2026-09-20T09:56:13Z</time>
<extensions>
<tp1:TrackPointExtension>
<tp1:hr>154</tp1:hr>
</tp1:TrackPointExtension>
</extensions>
</trkpt>
<trkpt lat="59.1215174" lon="17.43286779">
<ele>96.3</ele>
<time>2026-09-20T09:56:14Z</time>
<extensions>
<tp1:TrackPointExtension>
<tp1:hr>153</tp1:hr>
</tp1:TrackPointExtension>
</extensions>
</trkpt>
<trkpt lat="59.12153793" lon="17.4328377">
<ele>96.1</ele>
<time>2026-09-20T09:56:15Z</time>
<extensions>
<tp1:TrackPointExtension>
<tp1:hr>153</tp1:hr>
</tp1:TrackPointExtension>
</extensions>
</trkpt>
<trkpt lat="59.12155269" lon="17.4328035">
<ele>95.7</ele>
<time>2026-09-20T09:56:16Z</time>
<extensions>
<tp1:TrackPointExtension>
<tp1:hr>153</tp1:hr>
</tp1:TrackPointExtension>
</extensions>
</trkpt>
<trkpt lat="59.12157649" lon="17.43276964">
<ele>95.5</ele>
<time>2026-09-20T09:56:17Z</time>
<extensions>
<tp1:TrackPointExtension>
<tp1:hr>153</tp1:hr>
</tp1:TrackPointExtension>
</extensions>
</trkpt>
<trkpt lat="59.12160675" lon="17.43276143">
<ele>95.9</ele>
<time>2026-09-20T09:56:18Z</time>
<extensions>
<tp1:TrackPointExtension>
<tp1:hr>153</tp1:hr>
</tp1:TrackPointExtension>
</extensions>
</trkpt>
<trkpt lat="59.12163181" lon="17.43274868">
<ele>96.1</ele>
<time>2026-09-20T09:56:19Z</time>
<extensions>
<tp1:TrackPointExtension>
<tp1:hr>152</tp1:hr>
</tp1:TrackPointExtension>
</extensions>
</trkpt>
<trkpt lat="59.12165268" lon="17.43273284">
<ele>96.3</ele>
<time>2026-09-20T09:56:20Z</time>
<extensions>
<tp1:TrackPointExtension>
<tp1:hr>152</tp1:hr>
</tp1:TrackPointExtension>
</extensions>
</trkpt>
<trkpt lat="59.1216759" lon="17.43271021">
<ele>96.3</ele>
<time>2026-09-20T09:56:21Z</time>
<extensions>
<tp1:TrackPointExtension>
<tp1:hr>152</tp1:hr>
</tp1:TrackPointExtension>
</extensions>
</trkpt>
<trkpt lat="59.12169853" lon="17.4326823">
<ele>96.3</ele>
<time>2026-09-20T09:56:22Z</time>
<extensions>
<tp1:TrackPointExtension>
<tp1:hr>151</tp1:hr>
</tp1:TrackPointExtension>
</extensions>
</trkpt>
<trkpt lat="59.12172544" lon="17.4326559">
<ele>96.0</ele>
<time>2026-09-20T09:56:23Z</time>
<extensions>
<tp1:TrackPointExtension>
<tp1:hr>151</tp1:hr>
</tp1:TrackPointExtension>
</extensions>
</trkpt>
<trkpt lat="59.12176416" lon="17.43263561">
<ele>96.0</ele>
<time>2026-09-20T09:56:24Z</time>
<extensions>
<tp1:TrackPointExtension>
<tp1:hr>151</tp1:hr>
</tp1:TrackPointExtension>
</extensions>
</trkpt>
<trkpt lat="59.12179702" lon="17.43260946">
<ele>95.8</ele>
<time>2026-09-20T09:56:25Z</time>
<extensions>
<tp1:TrackPointExtension>
<tp1:hr>150</tp1:hr>
</tp1:TrackPointExtension>
</extensions>
</trkpt>
<trkpt lat="59.12182787" lon="17.43260854">
<ele>95.6</ele>
<time>2026-09-20T09:56:26Z</time>
<extensions>
<tp1:TrackPointExtension>
<tp1:hr>150</tp1:hr>
</tp1:TrackPointExtension>
</extensions>
</trkpt>
<trkpt lat="59.12187313" lon="17.43261944">
<ele>95.6</ele>
<time>2026-09-20T09:56:27Z</time>
<extensions>
<tp1:TrackPointExtension>
<tp1:hr>150</tp1:hr>
</tp1:TrackPointExtension>
</extensions>
</trkpt>
<trkpt lat="59.12190096" lon="17.43261374">
<ele>95.8</ele>
<time>2026-09-20T09:56:28Z</time>
<extensions>
<tp1:TrackPointExtension>
<tp1:hr>149</tp1:hr>
</tp1:TrackPointExtension>
</extensions>
</trkpt>
<trkpt lat="59.1219282" lon="17.43260024">
<ele>95.8</ele>
<time>2026-09-20T09:56:29Z</time>
<extensions>
<tp1:TrackPointExtension>
<tp1:hr>149</tp1:hr>
</tp1:TrackPointExtension>
</extensions>
</trkpt>
<trkpt lat="59.12195284" lon="17.43259102">
<ele>96.0</ele>
<time>2026-09-20T09:56:30Z</time>
<extensions>
<tp1:TrackPointExtension>
<tp1:hr>150</tp1:hr>
</tp1:TrackPointExtension>
</extensions>
</trkpt>
<trkpt lat="59.12197581" lon="17.43258985">
<ele>95.8</ele>
<time>2026-09-20T09:56:31Z</time>
<extensions>
<tp1:TrackPointExtension>
<tp1:hr>149</tp1:hr>
</tp1:TrackPointExtension>
</extensions>
</trkpt>
<trkpt lat="59.12201193" lon="17.43258767">
<ele>95.8</ele>
<time>2026-09-20T09:56:32Z</time>
<extensions>
<tp1:TrackPointExtension>
<tp1:hr>149</tp1:hr>
</tp1:TrackPointExtension>
</extensions>
</trkpt>
<trkpt lat="59.1220447" lon="17.43260343">
<ele>95.4</ele>
<time>2026-09-20T09:56:33Z</time>
<extensions>
<tp1:TrackPointExtension>
<tp1:hr>149</tp1:hr>
</tp1:TrackPointExtension>
</extensions>
</trkpt>
<trkpt lat="59.12206884" lon="17.43263159">
<ele>95.0</ele>
<time>2026-09-20T09:56:34Z</time>
<extensions>
<tp1:TrackPointExtension>
<tp1:hr>148</tp1:hr>
</tp1:TrackPointExtension>
</extensions>
</trkpt>
<trkpt lat="59.12208762" lon="17.43264919">
<ele>94.8</ele>
<time>2026-09-20T09:56:35Z</time>
<extensions>
<tp1:TrackPointExtension>
<tp1:hr>148</tp1:hr>
</tp1:TrackPointExtension>
</extensions>
</trkpt>
<trkpt lat="59.1221136" lon="17.43265162">
<ele>94.4</ele>
<time>2026-09-20T09:56:36Z</time>
<extensions>
<tp1:TrackPointExtension>
<tp1:hr>148</tp1:hr>
</tp1:TrackPointExtension>
</extensions>
</trkpt>
<trkpt lat="59.12214638" lon="17.43263704">
<ele>94.2</ele>
<time>2026-09-20T09:56:37Z</time>
<extensions>
<tp1:TrackPointExtension>
<tp1:hr>148</tp1:hr>
</tp1:TrackPointExtension>
</extensions>
</trkpt>
<trkpt lat="59.12216314" lon="17.43260812">
<ele>94.2</ele>
<time>2026-09-20T09:56:38Z</time>
<extensions>
<tp1:TrackPointExtension>
<tp1:hr>148</tp1:hr>
</tp1:TrackPointExtension>
</extensions>
</trkpt>
<trkpt lat="59.12217798" lon="17.43258608">
<ele>94.0</ele>
<time>2026-09-20T09:56:39Z</time>
<extensions>
<tp1:TrackPointExtension>
<tp1:hr>148</tp1:hr>
</tp1:TrackPointExtension>
</extensions>
</trkpt>
<trkpt lat="59.122197" lon="17.43253243">
<ele>94.0</ele>
<time>2026-09-20T09:56:40Z</time>
<extensions>
<tp1:TrackPointExtension>
<tp1:hr>148</tp1:hr>
</tp1:TrackPointExtension>
</extensions>
</trkpt>
<trkpt lat="59.1222172" lon="17.43248222">
<ele>93.8</ele>
<time>2026-09-20T09:56:41Z</time>
<extensions>
<tp1:TrackPointExtension>
<tp1:hr>148</tp1:hr>
</tp1:TrackPointExtension>
</extensions>
</trkpt>
<trkpt lat="59.12223724" lon="17.43243604">
<ele>93.6</ele>
<time>2026-09-20T09:56:42Z</time>
<extensions>
<tp1:TrackPointExtension>
<tp1:hr>147</tp1:hr>
</tp1:TrackPointExtension>
</extensions>
</trkpt>
<trkpt lat="59.12225769" lon="17.432415">
<ele>93.0</ele>
<time>2026-09-20T09:56:43Z</time>
<extensions>
<tp1:TrackPointExtension>
<tp1:hr>147</tp1:hr>
</tp1:TrackPointExtension>
</extensions>
</trkpt>
<trkpt lat="59.12228342" lon="17.43240637">
<ele>92.6</ele>
<time>2026-09-20T09:56:44Z</time>
<extensions>
<tp1:TrackPointExtension>
<tp1:hr>147</tp1:hr>
</tp1:TrackPointExtension>
</extensions>
</trkpt>
<trkpt lat="59.12230982" lon="17.43239849">
<ele>92.2</ele>
<time>2026-09-20T09:56:45Z</time>
<extensions>
<tp1:TrackPointExtension>
<tp1:hr>147</tp1:hr>
</tp1:TrackPointExtension>
</extensions>
</trkpt>
<trkpt lat="59.12233137" lon="17.43239329">
<ele>91.8</ele>
<time>2026-09-20T09:56:46Z</time>
<extensions>
<tp1:TrackPointExtension>
<tp1:hr>147</tp1:hr>
</tp1:TrackPointExtension>
</extensions>
</trkpt>
<trkpt lat="59.12236867" lon="17.43238734">
<ele>91.0</ele>
<time>2026-09-20T09:56:47Z</time>
<extensions>
<tp1:TrackPointExtension>
<tp1:hr>147</tp1:hr>
</tp1:TrackPointExtension>
</extensions>
</trkpt>
<trkpt lat="59.12240722" lon="17.4324088">
<ele>90.2</ele>
<time>2026-09-20T09:56:48Z</time>
<extensions>
<tp1:TrackPointExtension>
<tp1:hr>146</tp1:hr>
</tp1:TrackPointExtension>
</extensions>
</trkpt>
<trkpt lat="59.1224415" lon="17.43243562">
<ele>89.0</ele>
<time>2026-09-20T09:56:49Z</time>
<extensions>
<tp1:TrackPointExtension>
<tp1:hr>146</tp1:hr>
</tp1:TrackPointExtension>
</extensions>
</trkpt>
<trkpt lat="59.12246028" lon="17.43244953">
<ele>88.8</ele>
<time>2026-09-20T09:56:50Z</time>
<extensions>
<tp1:TrackPointExtension>
<tp1:hr>146</tp1:hr>
</tp1:TrackPointExtension>
</extensions>
</trkpt>
<trkpt lat="59.1224747" lon="17.43246722">
<ele>88.8</ele>
<time>2026-09-20T09:56:51Z</time>
<extensions>
<tp1:TrackPointExtension>
<tp1:hr>146</tp1:hr>
</tp1:TrackPointExtension>
</extensions>
</trkpt>
<trkpt lat="59.12248685" lon="17.43247217">
<ele>89.0</ele>
<time>2026-09-20T09:56:52Z</time>
<extensions>
<tp1:TrackPointExtension>
<tp1:hr>146</tp1:hr>
</tp1:TrackPointExtension>
</extensions>
</trkpt>
<trkpt lat="59.12249867" lon="17.43247292">
<ele>89.4</ele>
<time>2026-09-20T09:56:53Z</time>
<extensions>
<tp1:TrackPointExtension>
<tp1:hr>146</tp1:hr>
</tp1:TrackPointExtension>
</extensions>
</trkpt>
<trkpt lat="59.12251895" lon="17.43248046">
<ele>90.0</ele>
<time>2026-09-20T09:56:54Z</time>
<extensions>
<tp1:TrackPointExtension>
<tp1:hr>145</tp1:hr>
</tp1:TrackPointExtension>
</extensions>
</trkpt>
<trkpt lat="59.12253966" lon="17.43249471">
<ele>90.4</ele>
<time>2026-09-20T09:56:55Z</time>
<extensions>
<tp1:TrackPointExtension>
<tp1:hr>145</tp1:hr>
</tp1:TrackPointExtension>
</extensions>
</trkpt>
<trkpt lat="59.12256874" lon="17.43250586">
<ele>91.0</ele>
<time>2026-09-20T09:56:56Z</time>
<extensions>
<tp1:TrackPointExtension>
<tp1:hr>145</tp1:hr>
</tp1:TrackPointExtension>
</extensions>
</trkpt>
<trkpt lat="59.1225985" lon="17.43252053">
<ele>91.4</ele>
<time>2026-09-20T09:56:57Z</time>
<extensions>
<tp1:TrackPointExtension>
<tp1:hr>144</tp1:hr>
</tp1:TrackPointExtension>
</extensions>
</trkpt>
<trkpt lat="59.12262239" lon="17.4325388">
<ele>91.8</ele>
<time>2026-09-20T09:56:58Z</time>
<extensions>
<tp1:TrackPointExtension>
<tp1:hr>144</tp1:hr>
</tp1:TrackPointExtension>
</extensions>
</trkpt>
<trkpt lat="59.12264426" lon="17.43255691">
<ele>92.0</ele>
<time>2026-09-20T09:56:59Z</time>
<extensions>
<tp1:TrackPointExtension>
<tp1:hr>144</tp1:hr>
</tp1:TrackPointExtension>
</extensions>
</trkpt>
<trkpt lat="59.1226627" lon="17.43254785">
<ele>91.8</ele>
<time>2026-09-20T09:57:00Z</time>
<extensions>
<tp1:TrackPointExtension>
<tp1:hr>144</tp1:hr>
</tp1:TrackPointExtension>
</extensions>
</trkpt>
<trkpt lat="59.12268123" lon="17.4325409">
<ele>91.6</ele>
<time>2026-09-20T09:57:01Z</time>
<extensions>
<tp1:TrackPointExtension>
<tp1:hr>144</tp1:hr>
</tp1:TrackPointExtension>
</extensions>
</trkpt>
<trkpt lat="59.12269003" lon="17.43253713">
<ele>91.0</ele>
<time>2026-09-20T09:57:02Z</time>
<extensions>
<tp1:TrackPointExtension>
<tp1:hr>144</tp1:hr>
</tp1:TrackPointExtension>
</extensions>
</trkpt>
<trkpt lat="59.12270176" lon="17.43251726">
<ele>90.4</ele>
<time>2026-09-20T09:57:03Z</time>
<extensions>
<tp1:TrackPointExtension>
<tp1:hr>144</tp1:hr>
</tp1:TrackPointExtension>
</extensions>
</trkpt>
<trkpt lat="59.12271408" lon="17.43250452">
<ele>90.0</ele>
<time>2026-09-20T09:57:04Z</time>
<extensions>
<tp1:TrackPointExtension>
<tp1:hr>144</tp1:hr>
</tp1:TrackPointExtension>
</extensions>
</trkpt>
<trkpt lat="59.12272741" lon="17.43247351">
<ele>89.2</ele>
<time>2026-09-20T09:57:05Z</time>
<extensions>
<tp1:TrackPointExtension>
<tp1:hr>143</tp1:hr>
</tp1:TrackPointExtension>
</extensions>
</trkpt>
<trkpt lat="59.12274208" lon="17.43245096">
<ele>88.6</ele>
<time>2026-09-20T09:57:06Z</time>
<extensions>
<tp1:TrackPointExtension>
<tp1:hr>142</tp1:hr>
</tp1:TrackPointExtension>
</extensions>
</trkpt>
<trkpt lat="59.12274971" lon="17.43242917">
<ele>88.0</ele>
<time>2026-09-20T09:57:07Z</time>
<extensions>
<tp1:TrackPointExtension>
<tp1:hr>141</tp1:hr>
</tp1:TrackPointExtension>
</extensions>
</trkpt>
<trkpt lat="59.1227513" lon="17.43240922">
<ele>87.2</ele>
<time>2026-09-20T09:57:08Z</time>
<extensions>
<tp1:TrackPointExtension>
<tp1:hr>140</tp1:hr>
</tp1:TrackPointExtension>
</extensions>
</trkpt>
<trkpt lat="59.1227565" lon="17.43238851">
<ele>86.4</ele>
<time>2026-09-20T09:57:09Z</time>
<extensions>
<tp1:TrackPointExtension>
<tp1:hr>140</tp1:hr>
</tp1:TrackPointExtension>
</extensions>
</trkpt>
<trkpt lat="59.12276153" lon="17.43237334">
<ele>85.8</ele>
<time>2026-09-20T09:57:10Z</time>
<extensions>
<tp1:TrackPointExtension>
<tp1:hr>140</tp1:hr>
</tp1:TrackPointExtension>
</extensions>
</trkpt>
<trkpt lat="59.12276329" lon="17.43237066">
<ele>85.2</ele>
<time>2026-09-20T09:57:11Z</time>
<extensions>
<tp1:TrackPointExtension>
<tp1:hr>140</tp1:hr>
</tp1:TrackPointExtension>
</extensions>
</trkpt>
<trkpt lat="59.12276672" lon="17.43238851">
<ele>84.8</ele>
<time>2026-09-20T09:57:12Z</time>
<extensions>
<tp1:TrackPointExtension>
<tp1:hr>139</tp1:hr>
</tp1:TrackPointExtension>
</extensions>
</trkpt>
<trkpt lat="59.12276781" lon="17.43240553">
<ele>84.6</ele>
<time>2026-09-20T09:57:13Z</time>
<extensions>
<tp1:TrackPointExtension>
<tp1:hr>139</tp1:hr>
</tp1:TrackPointExtension>
</extensions>
</trkpt>
<trkpt lat="59.12277108" lon="17.43242296">
<ele>84.4</ele>
<time>2026-09-20T09:57:14Z</time>
<extensions>
<tp1:TrackPointExtension>
<tp1:hr>139</tp1:hr>
</tp1:TrackPointExtension>
</extensions>
</trkpt>
<trkpt lat="59.12277267" lon="17.43245456">
<ele>84.4</ele>
<time>2026-09-20T09:57:15Z</time>
<extensions>
<tp1:TrackPointExtension>
<tp1:hr>139</tp1:hr>
</tp1:TrackPointExtension>
</extensions>
</trkpt>
<trkpt lat="59.12277075" lon="17.43247468">
<ele>84.6</ele>
<time>2026-09-20T09:57:16Z</time>
<extensions>
<tp1:TrackPointExtension>
<tp1:hr>140</tp1:hr>
</tp1:TrackPointExtension>
</extensions>
</trkpt>
<trkpt lat="59.12276211" lon="17.4324715">
<ele>85.0</ele>
<time>2026-09-20T09:57:17Z</time>
<extensions>
<tp1:TrackPointExtension>
<tp1:hr>140</tp1:hr>
</tp1:TrackPointExtension>
</extensions>
</trkpt>
<trkpt lat="59.12275063" lon="17.43245465">
<ele>85.4</ele>
<time>2026-09-20T09:57:18Z</time>
<extensions>
<tp1:TrackPointExtension>
<tp1:hr>141</tp1:hr>
</tp1:TrackPointExtension>
</extensions>
</trkpt>
<trkpt lat="59.12273789" lon="17.4324285">
<ele>86.0</ele>
<time>2026-09-20T09:57:19Z</time>
<extensions>
<tp1:TrackPointExtension>
<tp1:hr>140</tp1:hr>
</tp1:TrackPointExtension>
</extensions>
</trkpt>
<trkpt lat="59.12272163" lon="17.43240687">
<ele>86.8</ele>
<time>2026-09-20T09:57:20Z</time>
<extensions>
<tp1:TrackPointExtension>
<tp1:hr>141</tp1:hr>
</tp1:TrackPointExtension>
</extensions>
</trkpt>
<trkpt lat="59.12270478" lon="17.43237988">
<ele>87.4</ele>
<time>2026-09-20T09:57:21Z</time>
<extensions>
<tp1:TrackPointExtension>
<tp1:hr>140</tp1:hr>
</tp1:TrackPointExtension>
</extensions>
</trkpt>
<trkpt lat="59.12268911" lon="17.43236605">
<ele>88.0</ele>
<time>2026-09-20T09:57:22Z</time>
<extensions>
<tp1:TrackPointExtension>
<tp1:hr>140</tp1:hr>
</tp1:TrackPointExtension>
</extensions>
</trkpt>
<trkpt lat="59.12267343" lon="17.43234543">
<ele>88.2</ele>
<time>2026-09-20T09:57:23Z</time>
<extensions>
<tp1:TrackPointExtension>
<tp1:hr>140</tp1:hr>
</tp1:TrackPointExtension>
</extensions>
</trkpt>
<trkpt lat="59.12265759" lon="17.43232498">
<ele>88.6</ele>
<time>2026-09-20T09:57:24Z</time>
<extensions>
<tp1:TrackPointExtension>
<tp1:hr>139</tp1:hr>
</tp1:TrackPointExtension>
</extensions>
</trkpt>
<trkpt lat="59.122642" lon="17.43229028">
<ele>89.0</ele>
<time>2026-09-20T09:57:25Z</time>
<extensions>
<tp1:TrackPointExtension>
<tp1:hr>139</tp1:hr>
</tp1:TrackPointExtension>
</extensions>
</trkpt>
<trkpt lat="59.12261711" lon="17.43226522">
<ele>89.2</ele>
<time>2026-09-20T09:57:26Z</time>
<extensions>
<tp1:TrackPointExtension>
<tp1:hr>139</tp1:hr>
</tp1:TrackPointExtension>
</extensions>
</trkpt>
<trkpt lat="59.12259062" lon="17.43224409">
<ele>89.2</ele>
<time>2026-09-20T09:57:27Z</time>
<extensions>
<tp1:TrackPointExtension>
<tp1:hr>139</tp1:hr>
</tp1:TrackPointExtension>
</extensions>
</trkpt>
<trkpt lat="59.12257084" lon="17.43221392">
<ele>89.4</ele>
<time>2026-09-20T09:57:28Z</time>
<extensions>
<tp1:TrackPointExtension>
<tp1:hr>139</tp1:hr>
</tp1:TrackPointExtension>
</extensions>
</trkpt>
<trkpt lat="59.12254854" lon="17.43219347">
<ele>89.4</ele>
<time>2026-09-20T09:57:29Z</time>
<extensions>
<tp1:TrackPointExtension>
<tp1:hr>139</tp1:hr>
</tp1:TrackPointExtension>
</extensions>
</trkpt>
<trkpt lat="59.12252541" lon="17.43218986">
<ele>89.4</ele>
<time>2026-09-20T09:57:30Z</time>
<extensions>
<tp1:TrackPointExtension>
<tp1:hr>138</tp1:hr>
</tp1:TrackPointExtension>
</extensions>
</trkpt>
<trkpt lat="59.12250177" lon="17.43217872">
<ele>89.0</ele>
<time>2026-09-20T09:57:31Z</time>
<extensions>
<tp1:TrackPointExtension>
<tp1:hr>139</tp1:hr>
</tp1:TrackPointExtension>
</extensions>
</trkpt>
<trkpt lat="59.1224788" lon="17.43215642">
<ele>88.6</ele>
<time>2026-09-20T09:57:32Z</time>
<extensions>
<tp1:TrackPointExtension>
<tp1:hr>139</tp1:hr>
</tp1:TrackPointExtension>
</extensions>
</trkpt>
<trkpt lat="59.1224576" lon="17.43210345">
<ele>88.1</ele>
<time>2026-09-20T09:57:33Z</time>
<extensions>
<tp1:TrackPointExtension>
<tp1:hr>138</tp1:hr>
</tp1:TrackPointExtension>
</extensions>
</trkpt>
<trkpt lat="59.12244285" lon="17.4320524">
<ele>87.7</ele>
<time>2026-09-20T09:57:34Z</time>
<extensions>
<tp1:TrackPointExtension>
<tp1:hr>138</tp1:hr>
</tp1:TrackPointExtension>
</extensions>
</trkpt>
<trkpt lat="59.12241192" lon="17.43199373">
<ele>87.3</ele>
<time>2026-09-20T09:57:35Z</time>
<extensions>
<tp1:TrackPointExtension>
<tp1:hr>137</tp1:hr>
</tp1:TrackPointExtension>
</extensions>
</trkpt>
<trkpt lat="59.12239884" lon="17.43195433">
<ele>87.1</ele>
<time>2026-09-20T09:57:36Z</time>
<extensions>
<tp1:TrackPointExtension>
<tp1:hr>136</tp1:hr>
</tp1:TrackPointExtension>
</extensions>
</trkpt>
<trkpt lat="59.12238325" lon="17.43192323">
<ele>87.5</ele>
<time>2026-09-20T09:57:37Z</time>
<extensions>
<tp1:TrackPointExtension>
<tp1:hr>137</tp1:hr>
</tp1:TrackPointExtension>
</extensions>
</trkpt>
<trkpt lat="59.12237043" lon="17.43189038">
<ele>87.7</ele>
<time>2026-09-20T09:57:38Z</time>
<extensions>
<tp1:TrackPointExtension>
<tp1:hr>137</tp1:hr>
</tp1:TrackPointExtension>
</extensions>
</trkpt>
<trkpt lat="59.12236121" lon="17.43186154">
<ele>88.3</ele>
<time>2026-09-20T09:57:39Z</time>
<extensions>
<tp1:TrackPointExtension>
<tp1:hr>138</tp1:hr>
</tp1:TrackPointExtension>
</extensions>
</trkpt>
<trkpt lat="59.12234796" lon="17.43181905">
<ele>89.1</ele>
<time>2026-09-20T09:57:40Z</time>
<extensions>
<tp1:TrackPointExtension>
<tp1:hr>138</tp1:hr>
</tp1:TrackPointExtension>
</extensions>
</trkpt>
<trkpt lat="59.1223307" lon="17.43176993">
<ele>89.5</ele>
<time>2026-09-20T09:57:41Z</time>
<extensions>
<tp1:TrackPointExtension>
<tp1:hr>139</tp1:hr>
</tp1:TrackPointExtension>
</extensions>
</trkpt>
<trkpt lat="59.12231343" lon="17.43174277">
<ele>89.9</ele>
<time>2026-09-20T09:57:42Z</time>
<extensions>
<tp1:TrackPointExtension>
<tp1:hr>139</tp1:hr>
</tp1:TrackPointExtension>
</extensions>
</trkpt>
<trkpt lat="59.12229231" lon="17.4316955">
<ele>90.1</ele>
<time>2026-09-20T09:57:43Z</time>
<extensions>
<tp1:TrackPointExtension>
<tp1:hr>138</tp1:hr>
</tp1:TrackPointExtension>
</extensions>
</trkpt>
<trkpt lat="59.12227747" lon="17.43167186">
<ele>90.5</ele>
<time>2026-09-20T09:57:44Z</time>
<extensions>
<tp1:TrackPointExtension>
<tp1:hr>137</tp1:hr>
</tp1:TrackPointExtension>
</extensions>
</trkpt>
<trkpt lat="59.12226113" lon="17.43164705">
<ele>90.9</ele>
<time>2026-09-20T09:57:45Z</time>
<extensions>
<tp1:TrackPointExtension>
<tp1:hr>137</tp1:hr>
</tp1:TrackPointExtension>
</extensions>
</trkpt>
<trkpt lat="59.12224235" lon="17.43162224">
<ele>91.1</ele>
<time>2026-09-20T09:57:46Z</time>
<extensions>
<tp1:TrackPointExtension>
<tp1:hr>136</tp1:hr>
</tp1:TrackPointExtension>
</extensions>
</trkpt>
<trkpt lat="59.12222668" lon="17.43159852">
<ele>91.3</ele>
<time>2026-09-20T09:57:47Z</time>
<extensions>
<tp1:TrackPointExtension>
<tp1:hr>136</tp1:hr>
</tp1:TrackPointExtension>
</extensions>
</trkpt>
<trkpt lat="59.1222048" lon="17.43158033">
<ele>91.5</ele>
<time>2026-09-20T09:57:48Z</time>
<extensions>
<tp1:TrackPointExtension>
<tp1:hr>137</tp1:hr>
</tp1:TrackPointExtension>
</extensions>
</trkpt>
<trkpt lat="59.12218703" lon="17.43154429">
<ele>91.5</ele>
<time>2026-09-20T09:57:49Z</time>
<extensions>
<tp1:TrackPointExtension>
<tp1:hr>138</tp1:hr>
</tp1:TrackPointExtension>
</extensions>
</trkpt>
<trkpt lat="59.12215828" lon="17.4315354">
<ele>91.5</ele>
<time>2026-09-20T09:57:50Z</time>
<extensions>
<tp1:TrackPointExtension>
<tp1:hr>139</tp1:hr>
</tp1:TrackPointExtension>
</extensions>
</trkpt>
<trkpt lat="59.12214185" lon="17.43153524">
<ele>91.7</ele>
<time>2026-09-20T09:57:51Z</time>
<extensions>
<tp1:TrackPointExtension>
<tp1:hr>139</tp1:hr>
</tp1:TrackPointExtension>
</extensions>
</trkpt>
<trkpt lat="59.12211671" lon="17.43152317">
<ele>91.9</ele>
<time>2026-09-20T09:57:52Z</time>
<extensions>
<tp1:TrackPointExtension>
<tp1:hr>140</tp1:hr>
</tp1:TrackPointExtension>
</extensions>
</trkpt>
<trkpt lat="59.12208804" lon="17.43150313">
<ele>92.1</ele>
<time>2026-09-20T09:57:53Z</time>
<extensions>
<tp1:TrackPointExtension>
<tp1:hr>140</tp1:hr>
</tp1:TrackPointExtension>
</extensions>
</trkpt>
<trkpt lat="59.12206725" lon="17.43148779">
<ele>92.1</ele>
<time>2026-09-20T09:57:54Z</time>
<extensions>
<tp1:TrackPointExtension>
<tp1:hr>141</tp1:hr>
</tp1:TrackPointExtension>
</extensions>
</trkpt>
<trkpt lat="59.12205367" lon="17.43148729">
<ele>92.3</ele>
<time>2026-09-20T09:57:55Z</time>
<extensions>
<tp1:TrackPointExtension>
<tp1:hr>142</tp1:hr>
</tp1:TrackPointExtension>
</extensions>
</trkpt>
<trkpt lat="59.12203867" lon="17.43148637">
<ele>92.3</ele>
<time>2026-09-20T09:57:56Z</time>
<extensions>
<tp1:TrackPointExtension>
<tp1:hr>142</tp1:hr>
</tp1:TrackPointExtension>
</extensions>
</trkpt>
<trkpt lat="59.12201746" lon="17.43147606">
<ele>92.5</ele>
<time>2026-09-20T09:57:57Z</time>
<extensions>
<tp1:TrackPointExtension>
<tp1:hr>142</tp1:hr>
</tp1:TrackPointExtension>
</extensions>
</trkpt>
<trkpt lat="59.12198259" lon="17.43144999">
<ele>92.7</ele>
<time>2026-09-20T09:57:58Z</time>
<extensions>
<tp1:TrackPointExtension>
<tp1:hr>141</tp1:hr>
</tp1:TrackPointExtension>
</extensions>
</trkpt>
<trkpt lat="59.12196097" lon="17.43143323">
<ele>92.9</ele>
<time>2026-09-20T09:57:59Z</time>
<extensions>
<tp1:TrackPointExtension>
<tp1:hr>141</tp1:hr>
</tp1:TrackPointExtension>
</extensions>
</trkpt>
<trkpt lat="59.12194169" lon="17.43141219">
<ele>93.1</ele>
<time>2026-09-20T09:58:00Z</time>
<extensions>
<tp1:TrackPointExtension>
<tp1:hr>140</tp1:hr>
</tp1:TrackPointExtension>
</extensions>
</trkpt>
<trkpt lat="59.12193155" lon="17.4313593">
<ele>93.3</ele>
<time>2026-09-20T09:58:01Z</time>
<extensions>
<tp1:TrackPointExtension>
<tp1:hr>140</tp1:hr>
</tp1:TrackPointExtension>
</extensions>
</trkpt>
<trkpt lat="59.12192602" lon="17.43131136">
<ele>93.3</ele>
<time>2026-09-20T09:58:02Z</time>
<extensions>
<tp1:TrackPointExtension>
<tp1:hr>140</tp1:hr>
</tp1:TrackPointExtension>
</extensions>
</trkpt>
<trkpt lat="59.1219178" lon="17.43127733">
<ele>93.1</ele>
<time>2026-09-20T09:58:03Z</time>
<extensions>
<tp1:TrackPointExtension>
<tp1:hr>141</tp1:hr>
</tp1:TrackPointExtension>
</extensions>
</trkpt>
<trkpt lat="59.12190372" lon="17.43121052">
<ele>92.9</ele>
<time>2026-09-20T09:58:04Z</time>
<extensions>
<tp1:TrackPointExtension>
<tp1:hr>141</tp1:hr>
</tp1:TrackPointExtension>
</extensions>
</trkpt>
<trkpt lat="59.12189341" lon="17.4311438">
<ele>92.5</ele>
<time>2026-09-20T09:58:05Z</time>
<extensions>
<tp1:TrackPointExtension>
<tp1:hr>142</tp1:hr>
</tp1:TrackPointExtension>
</extensions>
</trkpt>
<trkpt lat="59.12187899" lon="17.43109317">
<ele>92.3</ele>
<time>2026-09-20T09:58:06Z</time>
<extensions>
<tp1:TrackPointExtension>
<tp1:hr>142</tp1:hr>
</tp1:TrackPointExtension>
</extensions>
</trkpt>
<trkpt lat="59.12187958" lon="17.4310257">
<ele>92.1</ele>
<time>2026-09-20T09:58:07Z</time>
<extensions>
<tp1:TrackPointExtension>
<tp1:hr>142</tp1:hr>
</tp1:TrackPointExtension>
</extensions>
</trkpt>
<trkpt lat="59.12188545" lon="17.4309532">
<ele>91.9</ele>
<time>2026-09-20T09:58:08Z</time>
<extensions>
<tp1:TrackPointExtension>
<tp1:hr>142</tp1:hr>
</tp1:TrackPointExtension>
</extensions>
</trkpt>
<trkpt lat="59.12188453" lon="17.43089302">
<ele>92.1</ele>
<time>2026-09-20T09:58:09Z</time>
<extensions>
<tp1:TrackPointExtension>
<tp1:hr>142</tp1:hr>
</tp1:TrackPointExtension>
</extensions>
</trkpt>
<trkpt lat="59.12187036" lon="17.43083199">
<ele>92.1</ele>
<time>2026-09-20T09:58:10Z</time>
<extensions>
<tp1:TrackPointExtension>
<tp1:hr>142</tp1:hr>
</tp1:TrackPointExtension>
</extensions>
</trkpt>
<trkpt lat="59.12185502" lon="17.43075983">
<ele>92.1</ele>
<time>2026-09-20T09:58:11Z</time>
<extensions>
<tp1:TrackPointExtension>
<tp1:hr>142</tp1:hr>
</tp1:TrackPointExtension>
</extensions>
</trkpt>
<trkpt lat="59.12183993" lon="17.43070425">
<ele>92.1</ele>
<time>2026-09-20T09:58:12Z</time>
<extensions>
<tp1:TrackPointExtension>
<tp1:hr>142</tp1:hr>
</tp1:TrackPointExtension>
</extensions>
</trkpt>
<trkpt lat="59.12182367" lon="17.43066033">
<ele>92.3</ele>
<time>2026-09-20T09:58:13Z</time>
<extensions>
<tp1:TrackPointExtension>
<tp1:hr>142</tp1:hr>
</tp1:TrackPointExtension>
</extensions>
</trkpt>
<trkpt lat="59.12181093" lon="17.43060862">
<ele>92.5</ele>
<time>2026-09-20T09:58:14Z</time>
<extensions>
<tp1:TrackPointExtension>
<tp1:hr>142</tp1:hr>
</tp1:TrackPointExtension>
</extensions>
</trkpt>
<trkpt lat="59.12181311" lon="17.43055045">
<ele>92.9</ele>
<time>2026-09-20T09:58:15Z</time>
<extensions>
<tp1:TrackPointExtension>
<tp1:hr>142</tp1:hr>
</tp1:TrackPointExtension>
</extensions>
</trkpt>
<trkpt lat="59.12180406" lon="17.43050451">
<ele>93.3</ele>
<time>2026-09-20T09:58:16Z</time>
<extensions>
<tp1:TrackPointExtension>
<tp1:hr>142</tp1:hr>
</tp1:TrackPointExtension>
</extensions>
</trkpt>
<trkpt lat="59.12179199" lon="17.43045858">
<ele>93.5</ele>
<time>2026-09-20T09:58:17Z</time>
<extensions>
<tp1:TrackPointExtension>
<tp1:hr>142</tp1:hr>
</tp1:TrackPointExtension>
</extensions>
</trkpt>
<trkpt lat="59.1217842" lon="17.43042757">
<ele>93.1</ele>
<time>2026-09-20T09:58:18Z</time>
<extensions>
<tp1:TrackPointExtension>
<tp1:hr>142</tp1:hr>
</tp1:TrackPointExtension>
</extensions>
</trkpt>
<trkpt lat="59.12177288" lon="17.43039002">
<ele>92.5</ele>
<time>2026-09-20T09:58:19Z</time>
<extensions>
<tp1:TrackPointExtension>
<tp1:hr>142</tp1:hr>
</tp1:TrackPointExtension>
</extensions>
</trkpt>
<trkpt lat="59.12176156" lon="17.43033621">
<ele>91.9</ele>
<time>2026-09-20T09:58:20Z</time>
<extensions>
<tp1:TrackPointExtension>
<tp1:hr>142</tp1:hr>
</tp1:TrackPointExtension>
</extensions>
</trkpt>
<trkpt lat="59.12175662" lon="17.43030243">
<ele>90.9</ele>
<time>2026-09-20T09:58:21Z</time>
<extensions>
<tp1:TrackPointExtension>
<tp1:hr>142</tp1:hr>
</tp1:TrackPointExtension>
</extensions>
</trkpt>
<trkpt lat="59.12175503" lon="17.43025641">
<ele>90.3</ele>
<time>2026-09-20T09:58:22Z</time>
<extensions>
<tp1:TrackPointExtension>
<tp1:hr>142</tp1:hr>
</tp1:TrackPointExtension>
</extensions>
</trkpt>
<trkpt lat="59.12173726" lon="17.43021986">
<ele>89.7</ele>
<time>2026-09-20T09:58:23Z</time>
<extensions>
<tp1:TrackPointExtension>
<tp1:hr>142</tp1:hr>
</tp1:TrackPointExtension>
</extensions>
</trkpt>
<trkpt lat="59.12171831" lon="17.43017687">
<ele>89.1</ele>
<time>2026-09-20T09:58:24Z</time>
<extensions>
<tp1:TrackPointExtension>
<tp1:hr>142</tp1:hr>
</tp1:TrackPointExtension>
</extensions>
</trkpt>
<trkpt lat="59.12171303" lon="17.43011652">
<ele>88.5</ele>
<time>2026-09-20T09:58:25Z</time>
<extensions>
<tp1:TrackPointExtension>
<tp1:hr>142</tp1:hr>
</tp1:TrackPointExtension>
</extensions>
</trkpt>
<trkpt lat="59.1217153" lon="17.43006145">
<ele>88.1</ele>
<time>2026-09-20T09:58:26Z</time>
<extensions>
<tp1:TrackPointExtension>
<tp1:hr>141</tp1:hr>
</tp1:TrackPointExtension>
</extensions>
</trkpt>
<trkpt lat="59.12171605" lon="17.43000722">
<ele>87.3</ele>
<time>2026-09-20T09:58:27Z</time>
<extensions>
<tp1:TrackPointExtension>
<tp1:hr>141</tp1:hr>
</tp1:TrackPointExtension>
</extensions>
</trkpt>
<trkpt lat="59.12172494" lon="17.42995768">
<ele>86.9</ele>
<time>2026-09-20T09:58:28Z</time>
<extensions>
<tp1:TrackPointExtension>
<tp1:hr>141</tp1:hr>
</tp1:TrackPointExtension>
</extensions>
</trkpt>
<trkpt lat="59.12173181" lon="17.42990806">
<ele>86.7</ele>
<time>2026-09-20T09:58:29Z</time>
<extensions>
<tp1:TrackPointExtension>
<tp1:hr>140</tp1:hr>
</tp1:TrackPointExtension>
</extensions>
</trkpt>
<trkpt lat="59.12173818" lon="17.42984687">
<ele>86.5</ele>
<time>2026-09-20T09:58:30Z</time>
<extensions>
<tp1:TrackPointExtension>
<tp1:hr>140</tp1:hr>
</tp1:TrackPointExtension>
</extensions>
</trkpt>
<trkpt lat="59.12174497" lon="17.42978258">
<ele>86.5</ele>
<time>2026-09-20T09:58:31Z</time>
<extensions>
<tp1:TrackPointExtension>
<tp1:hr>140</tp1:hr>
</tp1:TrackPointExtension>
</extensions>
</trkpt>
<trkpt lat="59.12175016" lon="17.42973296">
<ele>86.5</ele>
<time>2026-09-20T09:58:32Z</time>
<extensions>
<tp1:TrackPointExtension>
<tp1:hr>140</tp1:hr>
</tp1:TrackPointExtension>
</extensions>
</trkpt>
<trkpt lat="59.12174396" lon="17.4297048">
<ele>86.5</ele>
<time>2026-09-20T09:58:33Z</time>
<extensions>
<tp1:TrackPointExtension>
<tp1:hr>140</tp1:hr>
</tp1:TrackPointExtension>
</extensions>
</trkpt>
<trkpt lat="59.12173717" lon="17.42967739">
<ele>86.7</ele>
<time>2026-09-20T09:58:34Z</time>
<extensions>
<tp1:TrackPointExtension>
<tp1:hr>139</tp1:hr>
</tp1:TrackPointExtension>
</extensions>
</trkpt>
<trkpt lat="59.12174287" lon="17.42961771">
<ele>86.7</ele>
<time>2026-09-20T09:58:35Z</time>
<extensions>
<tp1:TrackPointExtension>
<tp1:hr>139</tp1:hr>
</tp1:TrackPointExtension>
</extensions>
</trkpt>
<trkpt lat="59.12174363" lon="17.42957588">
<ele>87.1</ele>
<time>2026-09-20T09:58:36Z</time>
<extensions>
<tp1:TrackPointExtension>
<tp1:hr>139</tp1:hr>
</tp1:TrackPointExtension>
</extensions>
</trkpt>
<trkpt lat="59.12174363" lon="17.4295359">
<ele>87.3</ele>
<time>2026-09-20T09:58:37Z</time>
<extensions>
<tp1:TrackPointExtension>
<tp1:hr>139</tp1:hr>
</tp1:TrackPointExtension>
</extensions>
</trkpt>
<trkpt lat="59.12174405" lon="17.42949282">
<ele>87.5</ele>
<time>2026-09-20T09:58:38Z</time>
<extensions>
<tp1:TrackPointExtension>
<tp1:hr>139</tp1:hr>
</tp1:TrackPointExtension>
</extensions>
</trkpt>
<trkpt lat="59.1217479" lon="17.42945267">
<ele>88.3</ele>
<time>2026-09-20T09:58:39Z</time>
<extensions>
<tp1:TrackPointExtension>
<tp1:hr>139</tp1:hr>
</tp1:TrackPointExtension>
</extensions>
</trkpt>
<trkpt lat="59.12174488" lon="17.42941889">
<ele>88.9</ele>
<time>2026-09-20T09:58:40Z</time>
<extensions>
<tp1:TrackPointExtension>
<tp1:hr>138</tp1:hr>
</tp1:TrackPointExtension>
</extensions>
</trkpt>
<trkpt lat="59.12174329" lon="17.42936608">
<ele>89.5</ele>
<time>2026-09-20T09:58:41Z</time>
<extensions>
<tp1:TrackPointExtension>
<tp1:hr>138</tp1:hr>
</tp1:TrackPointExtension>
</extensions>
</trkpt>
<trkpt lat="59.12174815" lon="17.42929216">
<ele>90.0</ele>
<time>2026-09-20T09:58:42Z</time>
<extensions>
<tp1:TrackPointExtension>
<tp1:hr>138</tp1:hr>
</tp1:TrackPointExtension>
</extensions>
</trkpt>
<trkpt lat="59.12174539" lon="17.42923482">
<ele>90.2</ele>
<time>2026-09-20T09:58:43Z</time>
<extensions>
<tp1:TrackPointExtension>
<tp1:hr>138</tp1:hr>
</tp1:TrackPointExtension>
</extensions>
</trkpt>
<trkpt lat="59.12174673" lon="17.42919032">
<ele>90.4</ele>
<time>2026-09-20T09:58:44Z</time>
<extensions>
<tp1:TrackPointExtension>
<tp1:hr>138</tp1:hr>
</tp1:TrackPointExtension>
</extensions>
</trkpt>
<trkpt lat="59.12174782" lon="17.42912577">
<ele>90.6</ele>
<time>2026-09-20T09:58:45Z</time>
<extensions>
<tp1:TrackPointExtension>
<tp1:hr>138</tp1:hr>
</tp1:TrackPointExtension>
</extensions>
</trkpt>
<trkpt lat="59.12175813" lon="17.42905838">
<ele>90.8</ele>
<time>2026-09-20T09:58:46Z</time>
<extensions>
<tp1:TrackPointExtension>
<tp1:hr>137</tp1:hr>
</tp1:TrackPointExtension>
</extensions>
</trkpt>
<trkpt lat="59.12175008" lon="17.42902461">
<ele>91.0</ele>
<time>2026-09-20T09:58:47Z</time>
<extensions>
<tp1:TrackPointExtension>
<tp1:hr>136</tp1:hr>
</tp1:TrackPointExtension>
</extensions>
</trkpt>
<trkpt lat="59.12174262" lon="17.42897222">
<ele>91.4</ele>
<time>2026-09-20T09:58:48Z</time>
<extensions>
<tp1:TrackPointExtension>
<tp1:hr>136</tp1:hr>
</tp1:TrackPointExtension>
</extensions>
</trkpt>
<trkpt lat="59.1217365" lon="17.42891933">
<ele>91.8</ele>
<time>2026-09-20T09:58:49Z</time>
<extensions>
<tp1:TrackPointExtension>
<tp1:hr>135</tp1:hr>
</tp1:TrackPointExtension>
</extensions>
</trkpt>
<trkpt lat="59.12173332" lon="17.42887004">
<ele>91.8</ele>
<time>2026-09-20T09:58:50Z</time>
<extensions>
<tp1:TrackPointExtension>
<tp1:hr>135</tp1:hr>
</tp1:TrackPointExtension>
</extensions>
</trkpt>
<trkpt lat="59.12174371" lon="17.42880357">
<ele>91.8</ele>
<time>2026-09-20T09:58:51Z</time>
<extensions>
<tp1:TrackPointExtension>
<tp1:hr>135</tp1:hr>
</tp1:TrackPointExtension>
</extensions>
</trkpt>
<trkpt lat="59.12175327" lon="17.42875789">
<ele>91.8</ele>
<time>2026-09-20T09:58:52Z</time>
<extensions>
<tp1:TrackPointExtension>
<tp1:hr>135</tp1:hr>
</tp1:TrackPointExtension>
</extensions>
</trkpt>
<trkpt lat="59.12175528" lon="17.4287076">
<ele>91.8</ele>
<time>2026-09-20T09:58:53Z</time>
<extensions>
<tp1:TrackPointExtension>
<tp1:hr>136</tp1:hr>
</tp1:TrackPointExtension>
</extensions>
</trkpt>
<trkpt lat="59.12176173" lon="17.42867726">
<ele>91.8</ele>
<time>2026-09-20T09:58:54Z</time>
<extensions>
<tp1:TrackPointExtension>
<tp1:hr>136</tp1:hr>
</tp1:TrackPointExtension>
</extensions>
</trkpt>
<trkpt lat="59.12177271" lon="17.42863644">
<ele>91.8</ele>
<time>2026-09-20T09:58:55Z</time>
<extensions>
<tp1:TrackPointExtension>
<tp1:hr>137</tp1:hr>
</tp1:TrackPointExtension>
</extensions>
</trkpt>
<trkpt lat="59.12179618" lon="17.42858615">
<ele>91.6</ele>
<time>2026-09-20T09:58:56Z</time>
<extensions>
<tp1:TrackPointExtension>
<tp1:hr>138</tp1:hr>
</tp1:TrackPointExtension>
</extensions>
</trkpt>
<trkpt lat="59.1218158" lon="17.42854432">
<ele>91.4</ele>
<time>2026-09-20T09:58:57Z</time>
<extensions>
<tp1:TrackPointExtension>
<tp1:hr>137</tp1:hr>
</tp1:TrackPointExtension>
</extensions>
</trkpt>
<trkpt lat="59.12183784" lon="17.42849789">
<ele>90.8</ele>
<time>2026-09-20T09:58:58Z</time>
<extensions>
<tp1:TrackPointExtension>
<tp1:hr>138</tp1:hr>
</tp1:TrackPointExtension>
</extensions>
</trkpt>
<trkpt lat="59.12186198" lon="17.4284652">
<ele>90.2</ele>
<time>2026-09-20T09:58:59Z</time>
<extensions>
<tp1:TrackPointExtension>
<tp1:hr>138</tp1:hr>
</tp1:TrackPointExtension>
</extensions>
</trkpt>
<trkpt lat="59.12189274" lon="17.4284367">
<ele>89.6</ele>
<time>2026-09-20T09:59:00Z</time>
<extensions>
<tp1:TrackPointExtension>
<tp1:hr>138</tp1:hr>
</tp1:TrackPointExtension>
</extensions>
</trkpt>
<trkpt lat="59.12191344" lon="17.42839814">
<ele>89.4</ele>
<time>2026-09-20T09:59:01Z</time>
<extensions>
<tp1:TrackPointExtension>
<tp1:hr>138</tp1:hr>
</tp1:TrackPointExtension>
</extensions>
</trkpt>
<trkpt lat="59.12192903" lon="17.42836562">
<ele>89.4</ele>
<time>2026-09-20T09:59:02Z</time>
<extensions>
<tp1:TrackPointExtension>
<tp1:hr>139</tp1:hr>
</tp1:TrackPointExtension>
</extensions>
</trkpt>
<trkpt lat="59.12194362" lon="17.42833469">
<ele>89.4</ele>
<time>2026-09-20T09:59:03Z</time>
<extensions>
<tp1:TrackPointExtension>
<tp1:hr>138</tp1:hr>
</tp1:TrackPointExtension>
</extensions>
</trkpt>
<trkpt lat="59.12195669" lon="17.42829228">
<ele>89.4</ele>
<time>2026-09-20T09:59:04Z</time>
<extensions>
<tp1:TrackPointExtension>
<tp1:hr>138</tp1:hr>
</tp1:TrackPointExtension>
</extensions>
</trkpt>
<trkpt lat="59.12197053" lon="17.42824886">
<ele>89.6</ele>
<time>2026-09-20T09:59:05Z</time>
<extensions>
<tp1:TrackPointExtension>
<tp1:hr>138</tp1:hr>
</tp1:TrackPointExtension>
</extensions>
</trkpt>
<trkpt lat="59.12199282" lon="17.42818776">
<ele>89.8</ele>
<time>2026-09-20T09:59:06Z</time>
<extensions>
<tp1:TrackPointExtension>
<tp1:hr>138</tp1:hr>
</tp1:TrackPointExtension>
</extensions>
</trkpt>
<trkpt lat="59.12200154" lon="17.42814057">
<ele>89.8</ele>
<time>2026-09-20T09:59:07Z</time>
<extensions>
<tp1:TrackPointExtension>
<tp1:hr>138</tp1:hr>
</tp1:TrackPointExtension>
</extensions>
</trkpt>
<trkpt lat="59.12201579" lon="17.42810721">
<ele>89.6</ele>
<time>2026-09-20T09:59:08Z</time>
<extensions>
<tp1:TrackPointExtension>
<tp1:hr>137</tp1:hr>
</tp1:TrackPointExtension>
</extensions>
</trkpt>
<trkpt lat="59.12203113" lon="17.428086">
<ele>89.6</ele>
<time>2026-09-20T09:59:09Z</time>
<extensions>
<tp1:TrackPointExtension>
<tp1:hr>137</tp1:hr>
</tp1:TrackPointExtension>
</extensions>
</trkpt>
<trkpt lat="59.12205636" lon="17.42807829">
<ele>89.4</ele>
<time>2026-09-20T09:59:10Z</time>
<extensions>
<tp1:TrackPointExtension>
<tp1:hr>137</tp1:hr>
</tp1:TrackPointExtension>
</extensions>
</trkpt>
<trkpt lat="59.12208267" lon="17.42810184">
<ele>89.0</ele>
<time>2026-09-20T09:59:11Z</time>
<extensions>
<tp1:TrackPointExtension>
<tp1:hr>137</tp1:hr>
</tp1:TrackPointExtension>
</extensions>
</trkpt>
<trkpt lat="59.12211159" lon="17.4281378">
<ele>88.4</ele>
<time>2026-09-20T09:59:12Z</time>
<extensions>
<tp1:TrackPointExtension>
<tp1:hr>137</tp1:hr>
</tp1:TrackPointExtension>
</extensions>
</trkpt>
<trkpt lat="59.1221364" lon="17.42817652">
<ele>88.0</ele>
<time>2026-09-20T09:59:13Z</time>
<extensions>
<tp1:TrackPointExtension>
<tp1:hr>137</tp1:hr>
</tp1:TrackPointExtension>
</extensions>
</trkpt>
<trkpt lat="59.12215417" lon="17.42820502">
<ele>87.4</ele>
<time>2026-09-20T09:59:14Z</time>
<extensions>
<tp1:TrackPointExtension>
<tp1:hr>137</tp1:hr>
</tp1:TrackPointExtension>
</extensions>
</trkpt>
<trkpt lat="59.12217236" lon="17.42820016">
<ele>87.0</ele>
<time>2026-09-20T09:59:15Z</time>
<extensions>
<tp1:TrackPointExtension>
<tp1:hr>137</tp1:hr>
</tp1:TrackPointExtension>
</extensions>
</trkpt>
<trkpt lat="59.12218602" lon="17.42818457">
<ele>86.8</ele>
<time>2026-09-20T09:59:16Z</time>
<extensions>
<tp1:TrackPointExtension>
<tp1:hr>138</tp1:hr>
</tp1:TrackPointExtension>
</extensions>
</trkpt>
<trkpt lat="59.1221934" lon="17.42815959">
<ele>86.8</ele>
<time>2026-09-20T09:59:17Z</time>
<extensions>
<tp1:TrackPointExtension>
<tp1:hr>138</tp1:hr>
</tp1:TrackPointExtension>
</extensions>
</trkpt>
<trkpt lat="59.12220061" lon="17.4281316">
<ele>86.8</ele>
<time>2026-09-20T09:59:18Z</time>
<extensions>
<tp1:TrackPointExtension>
<tp1:hr>138</tp1:hr>
</tp1:TrackPointExtension>
</extensions>
</trkpt>
<trkpt lat="59.12220882" lon="17.42809447">
<ele>87.2</ele>
<time>2026-09-20T09:59:19Z</time>
<extensions>
<tp1:TrackPointExtension>
<tp1:hr>137</tp1:hr>
</tp1:TrackPointExtension>
</extensions>
</trkpt>
<trkpt lat="59.12221444" lon="17.428058">
<ele>87.4</ele>
<time>2026-09-20T09:59:20Z</time>
<extensions>
<tp1:TrackPointExtension>
<tp1:hr>137</tp1:hr>
</tp1:TrackPointExtension>
</extensions>
</trkpt>
<trkpt lat="59.1222193" lon="17.42801618">
<ele>87.4</ele>
<time>2026-09-20T09:59:21Z</time>
<extensions>
<tp1:TrackPointExtension>
<tp1:hr>137</tp1:hr>
</tp1:TrackPointExtension>
</extensions>
</trkpt>
<trkpt lat="59.12221964" lon="17.42795734">
<ele>87.4</ele>
<time>2026-09-20T09:59:22Z</time>
<extensions>
<tp1:TrackPointExtension>
<tp1:hr>136</tp1:hr>
</tp1:TrackPointExtension>
</extensions>
</trkpt>
<trkpt lat="59.12221947" lon="17.42789707">
<ele>87.2</ele>
<time>2026-09-20T09:59:23Z</time>
<extensions>
<tp1:TrackPointExtension>
<tp1:hr>136</tp1:hr>
</tp1:TrackPointExtension>
</extensions>
</trkpt>
<trkpt lat="59.12221402" lon="17.42783018">
<ele>87.2</ele>
<time>2026-09-20T09:59:24Z</time>
<extensions>
<tp1:TrackPointExtension>
<tp1:hr>136</tp1:hr>
</tp1:TrackPointExtension>
</extensions>
</trkpt>
<trkpt lat="59.12221352" lon="17.42775424">
<ele>87.0</ele>
<time>2026-09-20T09:59:25Z</time>
<extensions>
<tp1:TrackPointExtension>
<tp1:hr>136</tp1:hr>
</tp1:TrackPointExtension>
</extensions>
</trkpt>
<trkpt lat="59.12220874" lon="17.42769842">
<ele>87.2</ele>
<time>2026-09-20T09:59:26Z</time>
<extensions>
<tp1:TrackPointExtension>
<tp1:hr>136</tp1:hr>
</tp1:TrackPointExtension>
</extensions>
</trkpt>
<trkpt lat="59.1222053" lon="17.42763564">
<ele>87.6</ele>
<time>2026-09-20T09:59:27Z</time>
<extensions>
<tp1:TrackPointExtension>
<tp1:hr>136</tp1:hr>
</tp1:TrackPointExtension>
</extensions>
</trkpt>
<trkpt lat="59.12220907" lon="17.42757839">
<ele>88.2</ele>
<time>2026-09-20T09:59:28Z</time>
<extensions>
<tp1:TrackPointExtension>
<tp1:hr>136</tp1:hr>
</tp1:TrackPointExtension>
</extensions>
</trkpt>
<trkpt lat="59.12220589" lon="17.42753397">
<ele>88.6</ele>
<time>2026-09-20T09:59:29Z</time>
<extensions>
<tp1:TrackPointExtension>
<tp1:hr>137</tp1:hr>
</tp1:TrackPointExtension>
</extensions>
</trkpt>
<trkpt lat="59.12220396" lon="17.42748192">
<ele>89.0</ele>
<time>2026-09-20T09:59:30Z</time>
<extensions>
<tp1:TrackPointExtension>
<tp1:hr>138</tp1:hr>
</tp1:TrackPointExtension>
</extensions>
</trkpt>
<trkpt lat="59.12219751" lon="17.42743389">
<ele>89.2</ele>
<time>2026-09-20T09:59:31Z</time>
<extensions>
<tp1:TrackPointExtension>
<tp1:hr>139</tp1:hr>
</tp1:TrackPointExtension>
</extensions>
</trkpt>
<trkpt lat="59.12219558" lon="17.42738066">
<ele>89.2</ele>
<time>2026-09-20T09:59:32Z</time>
<extensions>
<tp1:TrackPointExtension>
<tp1:hr>141</tp1:hr>
</tp1:TrackPointExtension>
</extensions>
</trkpt>
<trkpt lat="59.12220195" lon="17.42732241">
<ele>89.2</ele>
<time>2026-09-20T09:59:33Z</time>
<extensions>
<tp1:TrackPointExtension>
<tp1:hr>142</tp1:hr>
</tp1:TrackPointExtension>
</extensions>
</trkpt>
<trkpt lat="59.12219684" lon="17.42726952">
<ele>88.8</ele>
<time>2026-09-20T09:59:34Z</time>
<extensions>
<tp1:TrackPointExtension>
<tp1:hr>143</tp1:hr>
</tp1:TrackPointExtension>
</extensions>
</trkpt>
<trkpt lat="59.12219223" lon="17.42721395">
<ele>88.4</ele>
<time>2026-09-20T09:59:35Z</time>
<extensions>
<tp1:TrackPointExtension>
<tp1:hr>144</tp1:hr>
</tp1:TrackPointExtension>
</extensions>
</trkpt>
<trkpt lat="59.12218636" lon="17.4271308">
<ele>88.6</ele>
<time>2026-09-20T09:59:36Z</time>
<extensions>
<tp1:TrackPointExtension>
<tp1:hr>145</tp1:hr>
</tp1:TrackPointExtension>
</extensions>
</trkpt>
<trkpt lat="59.12218016" lon="17.42707179">
<ele>88.8</ele>
<time>2026-09-20T09:59:37Z</time>
<extensions>
<tp1:TrackPointExtension>
<tp1:hr>146</tp1:hr>
</tp1:TrackPointExtension>
</extensions>
</trkpt>
<trkpt lat="59.1221711" lon="17.42700348">
<ele>89.0</ele>
<time>2026-09-20T09:59:38Z</time>
<extensions>
<tp1:TrackPointExtension>
<tp1:hr>146</tp1:hr>
</tp1:TrackPointExtension>
</extensions>
</trkpt>
<trkpt lat="59.12215903" lon="17.42695151">
<ele>89.2</ele>
<time>2026-09-20T09:59:39Z</time>
<extensions>
<tp1:TrackPointExtension>
<tp1:hr>146</tp1:hr>
</tp1:TrackPointExtension>
</extensions>
</trkpt>
<trkpt lat="59.1221473" lon="17.42689971">
<ele>89.4</ele>
<time>2026-09-20T09:59:40Z</time>
<extensions>
<tp1:TrackPointExtension>
<tp1:hr>147</tp1:hr>
</tp1:TrackPointExtension>
</extensions>
</trkpt>
<trkpt lat="59.12213431" lon="17.4268402">
<ele>89.6</ele>
<time>2026-09-20T09:59:41Z</time>
<extensions>
<tp1:TrackPointExtension>
<tp1:hr>146</tp1:hr>
</tp1:TrackPointExtension>
</extensions>
</trkpt>
<trkpt lat="59.12211947" lon="17.42679276">
<ele>89.6</ele>
<time>2026-09-20T09:59:42Z</time>
<extensions>
<tp1:TrackPointExtension>
<tp1:hr>145</tp1:hr>
</tp1:TrackPointExtension>
</extensions>
</trkpt>
<trkpt lat="59.12211117" lon="17.4267345">
<ele>89.6</ele>
<time>2026-09-20T09:59:43Z</time>
<extensions>
<tp1:TrackPointExtension>
<tp1:hr>145</tp1:hr>
</tp1:TrackPointExtension>
</extensions>
</trkpt>
<trkpt lat="59.12210656" lon="17.42666451">
<ele>89.6</ele>
<time>2026-09-20T09:59:44Z</time>
<extensions>
<tp1:TrackPointExtension>
<tp1:hr>145</tp1:hr>
</tp1:TrackPointExtension>
</extensions>
</trkpt>
<trkpt lat="59.12208762" lon="17.42662956">
<ele>89.6</ele>
<time>2026-09-20T09:59:45Z</time>
<extensions>
<tp1:TrackPointExtension>
<tp1:hr>146</tp1:hr>
</tp1:TrackPointExtension>
</extensions>
</trkpt>
<trkpt lat="59.12207203" lon="17.42658849">
<ele>89.4</ele>
<time>2026-09-20T09:59:46Z</time>
<extensions>
<tp1:TrackPointExtension>
<tp1:hr>146</tp1:hr>
</tp1:TrackPointExtension>
</extensions>
</trkpt>
<trkpt lat="59.12205577" lon="17.42651615">
<ele>89.0</ele>
<time>2026-09-20T09:59:47Z</time>
<extensions>
<tp1:TrackPointExtension>
<tp1:hr>147</tp1:hr>
</tp1:TrackPointExtension>
</extensions>
</trkpt>
<trkpt lat="59.12204429" lon="17.42645681">
<ele>88.8</ele>
<time>2026-09-20T09:59:48Z</time>
<extensions>
<tp1:TrackPointExtension>
<tp1:hr>147</tp1:hr>
</tp1:TrackPointExtension>
</extensions>
</trkpt>
<trkpt lat="59.12202702" lon="17.42640803">
<ele>88.6</ele>
<time>2026-09-20T09:59:49Z</time>
<extensions>
<tp1:TrackPointExtension>
<tp1:hr>147</tp1:hr>
</tp1:TrackPointExtension>
</extensions>
</trkpt>
<trkpt lat="59.12200162" lon="17.42635665">
<ele>88.6</ele>
<time>2026-09-20T09:59:50Z</time>
<extensions>
<tp1:TrackPointExtension>
<tp1:hr>148</tp1:hr>
</tp1:TrackPointExtension>
</extensions>
</trkpt>
<trkpt lat="59.121966" lon="17.42629353">
<ele>88.3</ele>
<time>2026-09-20T09:59:51Z</time>
<extensions>
<tp1:TrackPointExtension>
<tp1:hr>148</tp1:hr>
</tp1:TrackPointExtension>
</extensions>
</trkpt>
<trkpt lat="59.12194186" lon="17.42624156">
<ele>87.9</ele>
<time>2026-09-20T09:59:52Z</time>
<extensions>
<tp1:TrackPointExtension>
<tp1:hr>148</tp1:hr>
</tp1:TrackPointExtension>
</extensions>
</trkpt>
<trkpt lat="59.12192333" lon="17.42618809">
<ele>87.7</ele>
<time>2026-09-20T09:59:53Z</time>
<extensions>
<tp1:TrackPointExtension>
<tp1:hr>148</tp1:hr>
</tp1:TrackPointExtension>
</extensions>
</trkpt>
<trkpt lat="59.12190816" lon="17.4261331">
<ele>87.5</ele>
<time>2026-09-20T09:59:54Z</time>
<extensions>
<tp1:TrackPointExtension>
<tp1:hr>148</tp1:hr>
</tp1:TrackPointExtension>
</extensions>
</trkpt>
<trkpt lat="59.12188277" lon="17.42611055">
<ele>87.5</ele>
<time>2026-09-20T09:59:55Z</time>
<extensions>
<tp1:TrackPointExtension>
<tp1:hr>149</tp1:hr>
</tp1:TrackPointExtension>
</extensions>
</trkpt>
<trkpt lat="59.12186206" lon="17.42606244">
<ele>87.7</ele>
<time>2026-09-20T09:59:56Z</time>
<extensions>
<tp1:TrackPointExtension>
<tp1:hr>149</tp1:hr>
</tp1:TrackPointExtension>
</extensions>
</trkpt>
<trkpt lat="59.12183893" lon="17.42600033">
<ele>87.9</ele>
<time>2026-09-20T09:59:57Z</time>
<extensions>
<tp1:TrackPointExtension>
<tp1:hr>149</tp1:hr>
</tp1:TrackPointExtension>
</extensions>
</trkpt>
<trkpt lat="59.12181839" lon="17.42594593">
<ele>87.9</ele>
<time>2026-09-20T09:59:58Z</time>
<extensions>
<tp1:TrackPointExtension>
<tp1:hr>149</tp1:hr>
</tp1:TrackPointExtension>
</extensions>
</trkpt>
<trkpt lat="59.12179635" lon="17.42591048">
<ele>87.9</ele>
<time>2026-09-20T09:59:59Z</time>
<extensions>
<tp1:TrackPointExtension>
<tp1:hr>149</tp1:hr>
</tp1:TrackPointExtension>
</extensions>
</trkpt>
<trkpt lat="59.121779" lon="17.42588441">
<ele>87.9</ele>
<time>2026-09-20T10:00:00Z</time>
<extensions>
<tp1:TrackPointExtension>
<tp1:hr>149</tp1:hr>
</tp1:TrackPointExtension>
</extensions>
</trkpt>
<trkpt lat="59.12175519" lon="17.42585666">
<ele>87.9</ele>
<time>2026-09-20T10:00:01Z</time>
<extensions>
<tp1:TrackPointExtension>
<tp1:hr>150</tp1:hr>
</tp1:TrackPointExtension>
</extensions>
</trkpt>
<trkpt lat="59.12174807" lon="17.42583621">
<ele>87.5</ele>
<time>2026-09-20T10:00:02Z</time>
<extensions>
<tp1:TrackPointExtension>
<tp1:hr>150</tp1:hr>
</tp1:TrackPointExtension>
</extensions>
</trkpt>
<trkpt lat="59.12175159" lon="17.4258026">
<ele>87.1</ele>
<time>2026-09-20T10:00:03Z</time>
<extensions>
<tp1:TrackPointExtension>
<tp1:hr>150</tp1:hr>
</tp1:TrackPointExtension>
</extensions>
</trkpt>
<trkpt lat="59.12174857" lon="17.42575977">
<ele>86.9</ele>
<time>2026-09-20T10:00:04Z</time>
<extensions>
<tp1:TrackPointExtension>
<tp1:hr>150</tp1:hr>
</tp1:TrackPointExtension>
</extensions>
</trkpt>
<trkpt lat="59.1217386" lon="17.42572482">
<ele>85.9</ele>
<time>2026-09-20T10:00:05Z</time>
<extensions>
<tp1:TrackPointExtension>
<tp1:hr>150</tp1:hr>
</tp1:TrackPointExtension>
</extensions>
</trkpt>
<trkpt lat="59.12173181" lon="17.4256762">
<ele>84.5</ele>
<time>2026-09-20T10:00:06Z</time>
<extensions>
<tp1:TrackPointExtension>
<tp1:hr>150</tp1:hr>
</tp1:TrackPointExtension>
</extensions>
</trkpt>
<trkpt lat="59.12171748" lon="17.42560638">
<ele>83.7</ele>
<time>2026-09-20T10:00:07Z</time>
<extensions>
<tp1:TrackPointExtension>
<tp1:hr>150</tp1:hr>
</tp1:TrackPointExtension>
</extensions>
</trkpt>
<trkpt lat="59.12170054" lon="17.42556464">
<ele>82.7</ele>
<time>2026-09-20T10:00:08Z</time>
<extensions>
<tp1:TrackPointExtension>
<tp1:hr>149</tp1:hr>
</tp1:TrackPointExtension>
</extensions>
</trkpt>
<trkpt lat="59.12168982" lon="17.4255172">
<ele>82.7</ele>
<time>2026-09-20T10:00:09Z</time>
<extensions>
<tp1:TrackPointExtension>
<tp1:hr>149</tp1:hr>
</tp1:TrackPointExtension>
</extensions>
</trkpt>
<trkpt lat="59.12169191" lon="17.4254633">
<ele>82.9</ele>
<time>2026-09-20T10:00:10Z</time>
<extensions>
<tp1:TrackPointExtension>
<tp1:hr>148</tp1:hr>
</tp1:TrackPointExtension>
</extensions>
</trkpt>
<trkpt lat="59.12169602" lon="17.42541309">
<ele>83.5</ele>
<time>2026-09-20T10:00:11Z</time>
<extensions>
<tp1:TrackPointExtension>
<tp1:hr>147</tp1:hr>
</tp1:TrackPointExtension>
</extensions>
</trkpt>
<trkpt lat="59.12170557" lon="17.42534931">
<ele>84.1</ele>
<time>2026-09-20T10:00:12Z</time>
<extensions>
<tp1:TrackPointExtension>
<tp1:hr>147</tp1:hr>
</tp1:TrackPointExtension>
</extensions>
</trkpt>
<trkpt lat="59.12171127" lon="17.42530103">
<ele>84.7</ele>
<time>2026-09-20T10:00:13Z</time>
<extensions>
<tp1:TrackPointExtension>
<tp1:hr>146</tp1:hr>
</tp1:TrackPointExtension>
</extensions>
</trkpt>
<trkpt lat="59.12170951" lon="17.42524998">
<ele>85.1</ele>
<time>2026-09-20T10:00:14Z</time>
<extensions>
<tp1:TrackPointExtension>
<tp1:hr>145</tp1:hr>
</tp1:TrackPointExtension>
</extensions>
</trkpt>
<trkpt lat="59.12170482" lon="17.42520883">
<ele>85.7</ele>
<time>2026-09-20T10:00:15Z</time>
<extensions>
<tp1:TrackPointExtension>
<tp1:hr>145</tp1:hr>
</tp1:TrackPointExtension>
</extensions>
</trkpt>
<trkpt lat="59.12170432" lon="17.42516013">
<ele>85.9</ele>
<time>2026-09-20T10:00:16Z</time>
<extensions>
<tp1:TrackPointExtension>
<tp1:hr>145</tp1:hr>
</tp1:TrackPointExtension>
</extensions>
</trkpt>
<trkpt lat="59.12170406" lon="17.42511235">
<ele>86.3</ele>
<time>2026-09-20T10:00:17Z</time>
<extensions>
<tp1:TrackPointExtension>
<tp1:hr>145</tp1:hr>
</tp1:TrackPointExtension>
</extensions>
</trkpt>
<trkpt lat="59.12170465" lon="17.42508302">
<ele>86.7</ele>
<time>2026-09-20T10:00:18Z</time>
<extensions>
<tp1:TrackPointExtension>
<tp1:hr>144</tp1:hr>
</tp1:TrackPointExtension>
</extensions>
</trkpt>
<trkpt lat="59.12170658" lon="17.42503004">
<ele>87.1</ele>
<time>2026-09-20T10:00:19Z</time>
<extensions>
<tp1:TrackPointExtension>
<tp1:hr>144</tp1:hr>
</tp1:TrackPointExtension>
</extensions>
</trkpt>
<trkpt lat="59.1216935" lon="17.42496902">
<ele>87.3</ele>
<time>2026-09-20T10:00:20Z</time>
<extensions>
<tp1:TrackPointExtension>
<tp1:hr>144</tp1:hr>
</tp1:TrackPointExtension>
</extensions>
</trkpt>
<trkpt lat="59.12167816" lon="17.42493633">
<ele>87.3</ele>
<time>2026-09-20T10:00:21Z</time>
<extensions>
<tp1:TrackPointExtension>
<tp1:hr>144</tp1:hr>
</tp1:TrackPointExtension>
</extensions>
</trkpt>
<trkpt lat="59.12166467" lon="17.42486559">
<ele>87.5</ele>
<time>2026-09-20T10:00:22Z</time>
<extensions>
<tp1:TrackPointExtension>
<tp1:hr>144</tp1:hr>
</tp1:TrackPointExtension>
</extensions>
</trkpt>
<trkpt lat="59.12165344" lon="17.4247982">
<ele>87.5</ele>
<time>2026-09-20T10:00:23Z</time>
<extensions>
<tp1:TrackPointExtension>
<tp1:hr>144</tp1:hr>
</tp1:TrackPointExtension>
</extensions>
</trkpt>
<trkpt lat="59.12164908" lon="17.42473667">
<ele>87.7</ele>
<time>2026-09-20T10:00:24Z</time>
<extensions>
<tp1:TrackPointExtension>
<tp1:hr>144</tp1:hr>
</tp1:TrackPointExtension>
</extensions>
</trkpt>
<trkpt lat="59.12164304" lon="17.4246775">
<ele>87.9</ele>
<time>2026-09-20T10:00:25Z</time>
<extensions>
<tp1:TrackPointExtension>
<tp1:hr>143</tp1:hr>
</tp1:TrackPointExtension>
</extensions>
</trkpt>
<trkpt lat="59.12162879" lon="17.42463467">
<ele>88.1</ele>
<time>2026-09-20T10:00:26Z</time>
<extensions>
<tp1:TrackPointExtension>
<tp1:hr>144</tp1:hr>
</tp1:TrackPointExtension>
</extensions>
</trkpt>
<trkpt lat="59.1216179" lon="17.42459091">
<ele>88.5</ele>
<time>2026-09-20T10:00:27Z</time>
<extensions>
<tp1:TrackPointExtension>
<tp1:hr>145</tp1:hr>
</tp1:TrackPointExtension>
</extensions>
</trkpt>
<trkpt lat="59.12161161" lon="17.42455454">
<ele>88.7</ele>
<time>2026-09-20T10:00:28Z</time>
<extensions>
<tp1:TrackPointExtension>
<tp1:hr>145</tp1:hr>
</tp1:TrackPointExtension>
</extensions>
</trkpt>
<trkpt lat="59.12160608" lon="17.42452939">
<ele>88.7</ele>
<time>2026-09-20T10:00:29Z</time>
<extensions>
<tp1:TrackPointExtension>
<tp1:hr>146</tp1:hr>
</tp1:TrackPointExtension>
</extensions>
</trkpt>
<trkpt lat="59.12159937" lon="17.42449502">
<ele>88.5</ele>
<time>2026-09-20T10:00:30Z</time>
<extensions>
<tp1:TrackPointExtension>
<tp1:hr>146</tp1:hr>
</tp1:TrackPointExtension>
</extensions>
</trkpt>
<trkpt lat="59.12159066" lon="17.42445353">
<ele>88.1</ele>
<time>2026-09-20T10:00:31Z</time>
<extensions>
<tp1:TrackPointExtension>
<tp1:hr>146</tp1:hr>
</tp1:TrackPointExtension>
</extensions>
</trkpt>
<trkpt lat="59.12157984" lon="17.42441221">
<ele>87.7</ele>
<time>2026-09-20T10:00:32Z</time>
<extensions>
<tp1:TrackPointExtension>
<tp1:hr>147</tp1:hr>
</tp1:TrackPointExtension>
</extensions>
</trkpt>
<trkpt lat="59.12157968" lon="17.42435019">
<ele>86.7</ele>
<time>2026-09-20T10:00:33Z</time>
<extensions>
<tp1:TrackPointExtension>
<tp1:hr>147</tp1:hr>
</tp1:TrackPointExtension>
</extensions>
</trkpt>
<trkpt lat="59.12156492" lon="17.42431062">
<ele>85.5</ele>
<time>2026-09-20T10:00:34Z</time>
<extensions>
<tp1:TrackPointExtension>
<tp1:hr>146</tp1:hr>
</tp1:TrackPointExtension>
</extensions>
</trkpt>
<trkpt lat="59.12155068" lon="17.42426167">
<ele>84.5</ele>
<time>2026-09-20T10:00:35Z</time>
<extensions>
<tp1:TrackPointExtension>
<tp1:hr>146</tp1:hr>
</tp1:TrackPointExtension>
</extensions>
</trkpt>
<trkpt lat="59.12153894" lon="17.42420836">
<ele>84.1</ele>
<time>2026-09-20T10:00:36Z</time>
<extensions>
<tp1:TrackPointExtension>
<tp1:hr>147</tp1:hr>
</tp1:TrackPointExtension>
</extensions>
</trkpt>
<trkpt lat="59.12153207" lon="17.42415497">
<ele>83.7</ele>
<time>2026-09-20T10:00:37Z</time>
<extensions>
<tp1:TrackPointExtension>
<tp1:hr>150</tp1:hr>
</tp1:TrackPointExtension>
</extensions>
</trkpt>
<trkpt lat="59.12151799" lon="17.42410543">
<ele>83.7</ele>
<time>2026-09-20T10:00:38Z</time>
<extensions>
<tp1:TrackPointExtension>
<tp1:hr>150</tp1:hr>
</tp1:TrackPointExtension>
</extensions>
</trkpt>
<trkpt lat="59.12151405" lon="17.42405305">
<ele>83.7</ele>
<time>2026-09-20T10:00:39Z</time>
<extensions>
<tp1:TrackPointExtension>
<tp1:hr>149</tp1:hr>
</tp1:TrackPointExtension>
</extensions>
</trkpt>
<trkpt lat="59.12151547" lon="17.42401524">
<ele>83.7</ele>
<time>2026-09-20T10:00:40Z</time>
<extensions>
<tp1:TrackPointExtension>
<tp1:hr>149</tp1:hr>
</tp1:TrackPointExtension>
</extensions>
</trkpt>
<trkpt lat="59.12152947" lon="17.42399773">
<ele>83.3</ele>
<time>2026-09-20T10:00:41Z</time>
<extensions>
<tp1:TrackPointExtension>
<tp1:hr>148</tp1:hr>
</tp1:TrackPointExtension>
</extensions>
</trkpt>
<trkpt lat="59.12153735" lon="17.42395179">
<ele>82.7</ele>
<time>2026-09-20T10:00:42Z</time>
<extensions>
<tp1:TrackPointExtension>
<tp1:hr>148</tp1:hr>
</tp1:TrackPointExtension>
</extensions>
</trkpt>
<trkpt lat="59.12154699" lon="17.42391005">
<ele>81.9</ele>
<time>2026-09-20T10:00:43Z</time>
<extensions>
<tp1:TrackPointExtension>
<tp1:hr>147</tp1:hr>
</tp1:TrackPointExtension>
</extensions>
</trkpt>
<trkpt lat="59.12154925" lon="17.42386219">
<ele>81.1</ele>
<time>2026-09-20T10:00:44Z</time>
<extensions>
<tp1:TrackPointExtension>
<tp1:hr>147</tp1:hr>
</tp1:TrackPointExtension>
</extensions>
</trkpt>
<trkpt lat="59.12154816" lon="17.42380905">
<ele>79.9</ele>
<time>2026-09-20T10:00:45Z</time>
<extensions>
<tp1:TrackPointExtension>
<tp1:hr>147</tp1:hr>
</tp1:TrackPointExtension>
</extensions>
</trkpt>
<trkpt lat="59.12155436" lon="17.42376823">
<ele>79.1</ele>
<time>2026-09-20T10:00:46Z</time>
<extensions>
<tp1:TrackPointExtension>
<tp1:hr>147</tp1:hr>
</tp1:TrackPointExtension>
</extensions>
</trkpt>
<trkpt lat="59.12155529" lon="17.42372758">
<ele>78.5</ele>
<time>2026-09-20T10:00:47Z</time>
<extensions>
<tp1:TrackPointExtension>
<tp1:hr>147</tp1:hr>
</tp1:TrackPointExtension>
</extensions>
</trkpt>
<trkpt lat="59.12155487" lon="17.4236834">
<ele>77.9</ele>
<time>2026-09-20T10:00:48Z</time>
<extensions>
<tp1:TrackPointExtension>
<tp1:hr>147</tp1:hr>
</tp1:TrackPointExtension>
</extensions>
</trkpt>
<trkpt lat="59.12156015" lon="17.4236192">
<ele>77.7</ele>
<time>2026-09-20T10:00:49Z</time>
<extensions>
<tp1:TrackPointExtension>
<tp1:hr>147</tp1:hr>
</tp1:TrackPointExtension>
</extensions>
</trkpt>
<trkpt lat="59.12156291" lon="17.42356975">
<ele>77.3</ele>
<time>2026-09-20T10:00:50Z</time>
<extensions>
<tp1:TrackPointExtension>
<tp1:hr>148</tp1:hr>
</tp1:TrackPointExtension>
</extensions>
</trkpt>
<trkpt lat="59.12156769" lon="17.42353857">
<ele>76.7</ele>
<time>2026-09-20T10:00:51Z</time>
<extensions>
<tp1:TrackPointExtension>
<tp1:hr>149</tp1:hr>
</tp1:TrackPointExtension>
</extensions>
</trkpt>
<trkpt lat="59.12157565" lon="17.42351158">
<ele>76.3</ele>
<time>2026-09-20T10:00:52Z</time>
<extensions>
<tp1:TrackPointExtension>
<tp1:hr>150</tp1:hr>
</tp1:TrackPointExtension>
</extensions>
</trkpt>
<trkpt lat="59.12158596" lon="17.42349297">
<ele>75.5</ele>
<time>2026-09-20T10:00:53Z</time>
<extensions>
<tp1:TrackPointExtension>
<tp1:hr>151</tp1:hr>
</tp1:TrackPointExtension>
</extensions>
</trkpt>
<trkpt lat="59.12158865" lon="17.42345399">
<ele>74.7</ele>
<time>2026-09-20T10:00:54Z</time>
<extensions>
<tp1:TrackPointExtension>
<tp1:hr>152</tp1:hr>
</tp1:TrackPointExtension>
</extensions>
</trkpt>
<trkpt lat="59.12157951" lon="17.42342549">
<ele>73.9</ele>
<time>2026-09-20T10:00:55Z</time>
<extensions>
<tp1:TrackPointExtension>
<tp1:hr>153</tp1:hr>
</tp1:TrackPointExtension>
</extensions>
</trkpt>
<trkpt lat="59.12157381" lon="17.42337755">
<ele>73.3</ele>
<time>2026-09-20T10:00:56Z</time>
<extensions>
<tp1:TrackPointExtension>
<tp1:hr>154</tp1:hr>
</tp1:TrackPointExtension>
</extensions>
</trkpt>
<trkpt lat="59.1215666" lon="17.4233348">
<ele>72.7</ele>
<time>2026-09-20T10:00:57Z</time>
<extensions>
<tp1:TrackPointExtension>
<tp1:hr>155</tp1:hr>
</tp1:TrackPointExtension>
</extensions>
</trkpt>
<trkpt lat="59.12156895" lon="17.42328669">
<ele>72.3</ele>
<time>2026-09-20T10:00:58Z</time>
<extensions>
<tp1:TrackPointExtension>
<tp1:hr>155</tp1:hr>
</tp1:TrackPointExtension>
</extensions>
</trkpt>
<trkpt lat="59.12157624" lon="17.42324428">
<ele>71.5</ele>
<time>2026-09-20T10:00:59Z</time>
<extensions>
<tp1:TrackPointExtension>
<tp1:hr>156</tp1:hr>
</tp1:TrackPointExtension>
</extensions>
</trkpt>
<trkpt lat="59.12158278" lon="17.42320974">
<ele>71.1</ele>
<time>2026-09-20T10:01:00Z</time>
<extensions>
<tp1:TrackPointExtension>
<tp1:hr>157</tp1:hr>
</tp1:TrackPointExtension>
</extensions>
</trkpt>
<trkpt lat="59.12158865" lon="17.4231706">
<ele>70.4</ele>
<time>2026-09-20T10:01:01Z</time>
<extensions>
<tp1:TrackPointExtension>
<tp1:hr>157</tp1:hr>
</tp1:TrackPointExtension>
</extensions>
</trkpt>
<trkpt lat="59.12159108" lon="17.42313112">
<ele>70.0</ele>
<time>2026-09-20T10:01:02Z</time>
<extensions>
<tp1:TrackPointExtension>
<tp1:hr>157</tp1:hr>
</tp1:TrackPointExtension>
</extensions>
</trkpt>
<trkpt lat="59.12159611" lon="17.4230893">
<ele>69.6</ele>
<time>2026-09-20T10:01:03Z</time>
<extensions>
<tp1:TrackPointExtension>
<tp1:hr>157</tp1:hr>
</tp1:TrackPointExtension>
</extensions>
</trkpt>
<trkpt lat="59.12160415" lon="17.42305627">
<ele>69.2</ele>
<time>2026-09-20T10:01:04Z</time>
<extensions>
<tp1:TrackPointExtension>
<tp1:hr>157</tp1:hr>
</tp1:TrackPointExtension>
</extensions>
</trkpt>
<trkpt lat="59.12161237" lon="17.42302266">
<ele>68.8</ele>
<time>2026-09-20T10:01:05Z</time>
<extensions>
<tp1:TrackPointExtension>
<tp1:hr>157</tp1:hr>
</tp1:TrackPointExtension>
</extensions>
</trkpt>
<trkpt lat="59.12162268" lon="17.42299357">
<ele>68.6</ele>
<time>2026-09-20T10:01:06Z</time>
<extensions>
<tp1:TrackPointExtension>
<tp1:hr>157</tp1:hr>
</tp1:TrackPointExtension>
</extensions>
</trkpt>
<trkpt lat="59.12162276" lon="17.42296248">
<ele>68.2</ele>
<time>2026-09-20T10:01:07Z</time>
<extensions>
<tp1:TrackPointExtension>
<tp1:hr>157</tp1:hr>
</tp1:TrackPointExtension>
</extensions>
</trkpt>
<trkpt lat="59.12161253" lon="17.42292845">
<ele>68.0</ele>
<time>2026-09-20T10:01:08Z</time>
<extensions>
<tp1:TrackPointExtension>
<tp1:hr>157</tp1:hr>
</tp1:TrackPointExtension>
</extensions>
</trkpt>
<trkpt lat="59.12161094" lon="17.42288847">
<ele>68.0</ele>
<time>2026-09-20T10:01:09Z</time>
<extensions>
<tp1:TrackPointExtension>
<tp1:hr>157</tp1:hr>
</tp1:TrackPointExtension>
</extensions>
</trkpt>
<trkpt lat="59.12161614" lon="17.42285821">
<ele>68.0</ele>
<time>2026-09-20T10:01:10Z</time>
<extensions>
<tp1:TrackPointExtension>
<tp1:hr>156</tp1:hr>
</tp1:TrackPointExtension>
</extensions>
</trkpt>
<trkpt lat="59.12163433" lon="17.42281563">
<ele>68.0</ele>
<time>2026-09-20T10:01:11Z</time>
<extensions>
<tp1:TrackPointExtension>
<tp1:hr>156</tp1:hr>
</tp1:TrackPointExtension>
</extensions>
</trkpt>
<trkpt lat="59.12164975" lon="17.42277699">
<ele>68.0</ele>
<time>2026-09-20T10:01:12Z</time>
<extensions>
<tp1:TrackPointExtension>
<tp1:hr>155</tp1:hr>
</tp1:TrackPointExtension>
</extensions>
</trkpt>
<trkpt lat="59.12166526" lon="17.42274203">
<ele>68.2</ele>
<time>2026-09-20T10:01:13Z</time>
<extensions>
<tp1:TrackPointExtension>
<tp1:hr>154</tp1:hr>
</tp1:TrackPointExtension>
</extensions>
</trkpt>
<trkpt lat="59.12167942" lon="17.42270876">
<ele>68.2</ele>
<time>2026-09-20T10:01:14Z</time>
<extensions>
<tp1:TrackPointExtension>
<tp1:hr>154</tp1:hr>
</tp1:TrackPointExtension>
</extensions>
</trkpt>
<trkpt lat="59.12168839" lon="17.4226738">
<ele>68.2</ele>
<time>2026-09-20T10:01:15Z</time>
<extensions>
<tp1:TrackPointExtension>
<tp1:hr>154</tp1:hr>
</tp1:TrackPointExtension>
</extensions>
</trkpt>
<trkpt lat="59.12168789" lon="17.42262117">
<ele>68.4</ele>
<time>2026-09-20T10:01:16Z</time>
<extensions>
<tp1:TrackPointExtension>
<tp1:hr>154</tp1:hr>
</tp1:TrackPointExtension>
</extensions>
</trkpt>
<trkpt lat="59.12168236" lon="17.4225723">
<ele>68.6</ele>
<time>2026-09-20T10:01:17Z</time>
<extensions>
<tp1:TrackPointExtension>
<tp1:hr>153</tp1:hr>
</tp1:TrackPointExtension>
</extensions>
</trkpt>
<trkpt lat="59.12167263" lon="17.4225433">
<ele>68.6</ele>
<time>2026-09-20T10:01:18Z</time>
<extensions>
<tp1:TrackPointExtension>
<tp1:hr>154</tp1:hr>
</tp1:TrackPointExtension>
</extensions>
</trkpt>
<trkpt lat="59.12166492" lon="17.42248781">
<ele>68.8</ele>
<time>2026-09-20T10:01:19Z</time>
<extensions>
<tp1:TrackPointExtension>
<tp1:hr>154</tp1:hr>
</tp1:TrackPointExtension>
</extensions>
</trkpt>
<trkpt lat="59.12165185" lon="17.4224283">
<ele>69.0</ele>
<time>2026-09-20T10:01:20Z</time>
<extensions>
<tp1:TrackPointExtension>
<tp1:hr>153</tp1:hr>
</tp1:TrackPointExtension>
</extensions>
</trkpt>
<trkpt lat="59.12163709" lon="17.42239385">
<ele>69.2</ele>
<time>2026-09-20T10:01:21Z</time>
<extensions>
<tp1:TrackPointExtension>
<tp1:hr>153</tp1:hr>
</tp1:TrackPointExtension>
</extensions>
</trkpt>
<trkpt lat="59.12162603" lon="17.42236837">
<ele>69.4</ele>
<time>2026-09-20T10:01:22Z</time>
<extensions>
<tp1:TrackPointExtension>
<tp1:hr>153</tp1:hr>
</tp1:TrackPointExtension>
</extensions>
</trkpt>
<trkpt lat="59.12161589" lon="17.42232654">
<ele>69.4</ele>
<time>2026-09-20T10:01:23Z</time>
<extensions>
<tp1:TrackPointExtension>
<tp1:hr>153</tp1:hr>
</tp1:TrackPointExtension>
</extensions>
</trkpt>
<trkpt lat="59.12160952" lon="17.4222874">
<ele>69.4</ele>
<time>2026-09-20T10:01:24Z</time>
<extensions>
<tp1:TrackPointExtension>
<tp1:hr>153</tp1:hr>
</tp1:TrackPointExtension>
</extensions>
</trkpt>
<trkpt lat="59.12159502" lon="17.42223585">
<ele>69.4</ele>
<time>2026-09-20T10:01:25Z</time>
<extensions>
<tp1:TrackPointExtension>
<tp1:hr>153</tp1:hr>
</tp1:TrackPointExtension>
</extensions>
</trkpt>
<trkpt lat="59.12158169" lon="17.42218455">
<ele>69.0</ele>
<time>2026-09-20T10:01:26Z</time>
<extensions>
<tp1:TrackPointExtension>
<tp1:hr>153</tp1:hr>
</tp1:TrackPointExtension>
</extensions>
</trkpt>
<trkpt lat="59.12157071" lon="17.42211976">
<ele>68.6</ele>
<time>2026-09-20T10:01:27Z</time>
<extensions>
<tp1:TrackPointExtension>
<tp1:hr>153</tp1:hr>
</tp1:TrackPointExtension>
</extensions>
</trkpt>
<trkpt lat="59.12156048" lon="17.42204877">
<ele>68.4</ele>
<time>2026-09-20T10:01:28Z</time>
<extensions>
<tp1:TrackPointExtension>
<tp1:hr>153</tp1:hr>
</tp1:TrackPointExtension>
</extensions>
</trkpt>
<trkpt lat="59.1215583" lon="17.4219947">
<ele>68.4</ele>
<time>2026-09-20T10:01:29Z</time>
<extensions>
<tp1:TrackPointExtension>
<tp1:hr>153</tp1:hr>
</tp1:TrackPointExtension>
</extensions>
</trkpt>
<trkpt lat="59.12154548" lon="17.42190418">
<ele>68.4</ele>
<time>2026-09-20T10:01:30Z</time>
<extensions>
<tp1:TrackPointExtension>
<tp1:hr>153</tp1:hr>
</tp1:TrackPointExtension>
</extensions>
</trkpt>
<trkpt lat="59.12153332" lon="17.42183654">
<ele>68.6</ele>
<time>2026-09-20T10:01:31Z</time>
<extensions>
<tp1:TrackPointExtension>
<tp1:hr>154</tp1:hr>
</tp1:TrackPointExtension>
</extensions>
</trkpt>
<trkpt lat="59.12152251" lon="17.4217647">
<ele>68.8</ele>
<time>2026-09-20T10:01:32Z</time>
<extensions>
<tp1:TrackPointExtension>
<tp1:hr>154</tp1:hr>
</tp1:TrackPointExtension>
</extensions>
</trkpt>
<trkpt lat="59.1215153" lon="17.42168642">
<ele>69.0</ele>
<time>2026-09-20T10:01:33Z</time>
<extensions>
<tp1:TrackPointExtension>
<tp1:hr>154</tp1:hr>
</tp1:TrackPointExtension>
</extensions>
</trkpt>
<trkpt lat="59.12150541" lon="17.42161819">
<ele>69.0</ele>
<time>2026-09-20T10:01:34Z</time>
<extensions>
<tp1:TrackPointExtension>
<tp1:hr>154</tp1:hr>
</tp1:TrackPointExtension>
</extensions>
</trkpt>
<trkpt lat="59.12150022" lon="17.42156614">
<ele>69.0</ele>
<time>2026-09-20T10:01:35Z</time>
<extensions>
<tp1:TrackPointExtension>
<tp1:hr>154</tp1:hr>
</tp1:TrackPointExtension>
</extensions>
</trkpt>
<trkpt lat="59.12149452" lon="17.42150369">
<ele>69.2</ele>
<time>2026-09-20T10:01:36Z</time>
<extensions>
<tp1:TrackPointExtension>
<tp1:hr>154</tp1:hr>
</tp1:TrackPointExtension>
</extensions>
</trkpt>
<trkpt lat="59.12148354" lon="17.42146321">
<ele>69.4</ele>
<time>2026-09-20T10:01:37Z</time>
<extensions>
<tp1:TrackPointExtension>
<tp1:hr>155</tp1:hr>
</tp1:TrackPointExtension>
</extensions>
</trkpt>
<trkpt lat="59.12147331" lon="17.42141493">
<ele>69.8</ele>
<time>2026-09-20T10:01:38Z</time>
<extensions>
<tp1:TrackPointExtension>
<tp1:hr>156</tp1:hr>
</tp1:TrackPointExtension>
</extensions>
</trkpt>
<trkpt lat="59.12146216" lon="17.4213612">
<ele>70.0</ele>
<time>2026-09-20T10:01:39Z</time>
<extensions>
<tp1:TrackPointExtension>
<tp1:hr>156</tp1:hr>
</tp1:TrackPointExtension>
</extensions>
</trkpt>
<trkpt lat="59.12145512" lon="17.42130672">
<ele>70.6</ele>
<time>2026-09-20T10:01:40Z</time>
<extensions>
<tp1:TrackPointExtension>
<tp1:hr>157</tp1:hr>
</tp1:TrackPointExtension>
</extensions>
</trkpt>
<trkpt lat="59.121449" lon="17.42126657">
<ele>71.0</ele>
<time>2026-09-20T10:01:41Z</time>
<extensions>
<tp1:TrackPointExtension>
<tp1:hr>157</tp1:hr>
</tp1:TrackPointExtension>
</extensions>
</trkpt>
<trkpt lat="59.12144649" lon="17.42123606">
<ele>71.6</ele>
<time>2026-09-20T10:01:42Z</time>
<extensions>
<tp1:TrackPointExtension>
<tp1:hr>158</tp1:hr>
</tp1:TrackPointExtension>
</extensions>
</trkpt>
<trkpt lat="59.12144381" lon="17.42118157">
<ele>72.0</ele>
<time>2026-09-20T10:01:43Z</time>
<extensions>
<tp1:TrackPointExtension>
<tp1:hr>158</tp1:hr>
</tp1:TrackPointExtension>
</extensions>
</trkpt>
<trkpt lat="59.12144179" lon="17.42114134">
<ele>72.6</ele>
<time>2026-09-20T10:01:44Z</time>
<extensions>
<tp1:TrackPointExtension>
<tp1:hr>159</tp1:hr>
</tp1:TrackPointExtension>
</extensions>
</trkpt>
<trkpt lat="59.12144045" lon="17.42109331">
<ele>73.2</ele>
<time>2026-09-20T10:01:45Z</time>
<extensions>
<tp1:TrackPointExtension>
<tp1:hr>159</tp1:hr>
</tp1:TrackPointExtension>
</extensions>
</trkpt>
<trkpt lat="59.12144003" lon="17.42103858">
<ele>73.6</ele>
<time>2026-09-20T10:01:46Z</time>
<extensions>
<tp1:TrackPointExtension>
<tp1:hr>160</tp1:hr>
</tp1:TrackPointExtension>
</extensions>
</trkpt>
<trkpt lat="59.12144322" lon="17.42099499">
<ele>74.2</ele>
<time>2026-09-20T10:01:47Z</time>
<extensions>
<tp1:TrackPointExtension>
<tp1:hr>161</tp1:hr>
</tp1:TrackPointExtension>
</extensions>
</trkpt>
<trkpt lat="59.12143031" lon="17.42097714">
<ele>74.6</ele>
<time>2026-09-20T10:01:48Z</time>
<extensions>
<tp1:TrackPointExtension>
<tp1:hr>162</tp1:hr>
</tp1:TrackPointExtension>
</extensions>
</trkpt>
<trkpt lat="59.12142687" lon="17.42092978">
<ele>75.0</ele>
<time>2026-09-20T10:01:49Z</time>
<extensions>
<tp1:TrackPointExtension>
<tp1:hr>163</tp1:hr>
</tp1:TrackPointExtension>
</extensions>
</trkpt>
<trkpt lat="59.12142344" lon="17.42088335">
<ele>75.4</ele>
<time>2026-09-20T10:01:50Z</time>
<extensions>
<tp1:TrackPointExtension>
<tp1:hr>163</tp1:hr>
</tp1:TrackPointExtension>
</extensions>
</trkpt>
<trkpt lat="59.12140843" lon="17.42084219">
<ele>75.6</ele>
<time>2026-09-20T10:01:51Z</time>
<extensions>
<tp1:TrackPointExtension>
<tp1:hr>164</tp1:hr>
</tp1:TrackPointExtension>
</extensions>
</trkpt>
<trkpt lat="59.12139595" lon="17.4208126">
<ele>75.8</ele>
<time>2026-09-20T10:01:52Z</time>
<extensions>
<tp1:TrackPointExtension>
<tp1:hr>165</tp1:hr>
</tp1:TrackPointExtension>
</extensions>
</trkpt>
<trkpt lat="59.12138849" lon="17.42077027">
<ele>76.2</ele>
<time>2026-09-20T10:01:53Z</time>
<extensions>
<tp1:TrackPointExtension>
<tp1:hr>165</tp1:hr>
</tp1:TrackPointExtension>
</extensions>
</trkpt>
<trkpt lat="59.12138899" lon="17.42073742">
<ele>76.8</ele>
<time>2026-09-20T10:01:54Z</time>
<extensions>
<tp1:TrackPointExtension>
<tp1:hr>165</tp1:hr>
</tp1:TrackPointExtension>
</extensions>
</trkpt>
<trkpt lat="59.1213993" lon="17.42070355">
<ele>77.2</ele>
<time>2026-09-20T10:01:55Z</time>
<extensions>
<tp1:TrackPointExtension>
<tp1:hr>165</tp1:hr>
</tp1:TrackPointExtension>
</extensions>
</trkpt>
<trkpt lat="59.12140047" lon="17.42067296">
<ele>77.8</ele>
<time>2026-09-20T10:01:56Z</time>
<extensions>
<tp1:TrackPointExtension>
<tp1:hr>166</tp1:hr>
</tp1:TrackPointExtension>
</extensions>
</trkpt>
<trkpt lat="59.12139963" lon="17.42062191">
<ele>78.2</ele>
<time>2026-09-20T10:01:57Z</time>
<extensions>
<tp1:TrackPointExtension>
<tp1:hr>166</tp1:hr>
</tp1:TrackPointExtension>
</extensions>
</trkpt>
<trkpt lat="59.12139259" lon="17.42056634">
<ele>78.6</ele>
<time>2026-09-20T10:01:58Z</time>
<extensions>
<tp1:TrackPointExtension>
<tp1:hr>166</tp1:hr>
</tp1:TrackPointExtension>
</extensions>
</trkpt>
<trkpt lat="59.12137818" lon="17.4205251">
<ele>78.8</ele>
<time>2026-09-20T10:01:59Z</time>
<extensions>
<tp1:TrackPointExtension>
<tp1:hr>165</tp1:hr>
</tp1:TrackPointExtension>
</extensions>
</trkpt>
<trkpt lat="59.12136862" lon="17.42047858">
<ele>78.6</ele>
<time>2026-09-20T10:02:00Z</time>
<extensions>
<tp1:TrackPointExtension>
<tp1:hr>165</tp1:hr>
</tp1:TrackPointExtension>
</extensions>
</trkpt>
<trkpt lat="59.12136476" lon="17.42040943">
<ele>78.6</ele>
<time>2026-09-20T10:02:01Z</time>
<extensions>
<tp1:TrackPointExtension>
<tp1:hr>165</tp1:hr>
</tp1:TrackPointExtension>
</extensions>
</trkpt>
<trkpt lat="59.12135605" lon="17.42035495">
<ele>78.2</ele>
<time>2026-09-20T10:02:02Z</time>
<extensions>
<tp1:TrackPointExtension>
<tp1:hr>166</tp1:hr>
</tp1:TrackPointExtension>
</extensions>
</trkpt>
<trkpt lat="59.12134783" lon="17.42029368">
<ele>78.0</ele>
<time>2026-09-20T10:02:03Z</time>
<extensions>
<tp1:TrackPointExtension>
<tp1:hr>166</tp1:hr>
</tp1:TrackPointExtension>
</extensions>
</trkpt>
<trkpt lat="59.121348" lon="17.42020894">
<ele>77.6</ele>
<time>2026-09-20T10:02:04Z</time>
<extensions>
<tp1:TrackPointExtension>
<tp1:hr>166</tp1:hr>
</tp1:TrackPointExtension>
</extensions>
</trkpt>
<trkpt lat="59.1213366" lon="17.42014096">
<ele>77.4</ele>
<time>2026-09-20T10:02:05Z</time>
<extensions>
<tp1:TrackPointExtension>
<tp1:hr>167</tp1:hr>
</tp1:TrackPointExtension>
</extensions>
</trkpt>
<trkpt lat="59.12132889" lon="17.42008396">
<ele>77.6</ele>
<time>2026-09-20T10:02:06Z</time>
<extensions>
<tp1:TrackPointExtension>
<tp1:hr>168</tp1:hr>
</tp1:TrackPointExtension>
</extensions>
</trkpt>
<trkpt lat="59.12132051" lon="17.42002202">
<ele>78.0</ele>
<time>2026-09-20T10:02:07Z</time>
<extensions>
<tp1:TrackPointExtension>
<tp1:hr>168</tp1:hr>
</tp1:TrackPointExtension>
</extensions>
</trkpt>
<trkpt lat="59.12131347" lon="17.41997978">
<ele>78.4</ele>
<time>2026-09-20T10:02:08Z</time>
<extensions>
<tp1:TrackPointExtension>
<tp1:hr>169</tp1:hr>
</tp1:TrackPointExtension>
</extensions>
</trkpt>
<trkpt lat="59.12130442" lon="17.41993544">
<ele>78.8</ele>
<time>2026-09-20T10:02:09Z</time>
<extensions>
<tp1:TrackPointExtension>
<tp1:hr>170</tp1:hr>
</tp1:TrackPointExtension>
</extensions>
</trkpt>
<trkpt lat="59.12129201" lon="17.41987123">
<ele>79.1</ele>
<time>2026-09-20T10:02:10Z</time>
<extensions>
<tp1:TrackPointExtension>
<tp1:hr>170</tp1:hr>
</tp1:TrackPointExtension>
</extensions>
</trkpt>
<trkpt lat="59.12127499" lon="17.41983695">
<ele>79.1</ele>
<time>2026-09-20T10:02:11Z</time>
<extensions>
<tp1:TrackPointExtension>
<tp1:hr>171</tp1:hr>
</tp1:TrackPointExtension>
</extensions>
</trkpt>
<trkpt lat="59.12125899" lon="17.4197797">
<ele>79.3</ele>
<time>2026-09-20T10:02:12Z</time>
<extensions>
<tp1:TrackPointExtension>
<tp1:hr>171</tp1:hr>
</tp1:TrackPointExtension>
</extensions>
</trkpt>
<trkpt lat="59.12125136" lon="17.41972824">
<ele>79.5</ele>
<time>2026-09-20T10:02:13Z</time>
<extensions>
<tp1:TrackPointExtension>
<tp1:hr>171</tp1:hr>
</tp1:TrackPointExtension>
</extensions>
</trkpt>
<trkpt lat="59.12124432" lon="17.41968499">
<ele>79.7</ele>
<time>2026-09-20T10:02:14Z</time>
<extensions>
<tp1:TrackPointExtension>
<tp1:hr>172</tp1:hr>
</tp1:TrackPointExtension>
</extensions>
</trkpt>
<trkpt lat="59.12123862" lon="17.41962866">
<ele>79.9</ele>
<time>2026-09-20T10:02:15Z</time>
<extensions>
<tp1:TrackPointExtension>
<tp1:hr>174</tp1:hr>
</tp1:TrackPointExtension>
</extensions>
</trkpt>
<trkpt lat="59.12124909" lon="17.41955708">
<ele>80.1</ele>
<time>2026-09-20T10:02:16Z</time>
<extensions>
<tp1:TrackPointExtension>
<tp1:hr>175</tp1:hr>
</tp1:TrackPointExtension>
</extensions>
</trkpt>
<trkpt lat="59.12126116" lon="17.41948994">
<ele>80.1</ele>
<time>2026-09-20T10:02:17Z</time>
<extensions>
<tp1:TrackPointExtension>
<tp1:hr>176</tp1:hr>
</tp1:TrackPointExtension>
</extensions>
</trkpt>
<trkpt lat="59.12127399" lon="17.41939791">
<ele>80.1</ele>
<time>2026-09-20T10:02:18Z</time>
<extensions>
<tp1:TrackPointExtension>
<tp1:hr>176</tp1:hr>
</tp1:TrackPointExtension>
</extensions>
</trkpt>
<trkpt lat="59.12128933" lon="17.41931358">
<ele>79.9</ele>
<time>2026-09-20T10:02:19Z</time>
<extensions>
<tp1:TrackPointExtension>
<tp1:hr>177</tp1:hr>
</tp1:TrackPointExtension>
</extensions>
</trkpt>
<trkpt lat="59.1212879" lon="17.41926262">
<ele>79.9</ele>
<time>2026-09-20T10:02:20Z</time>
<extensions>
<tp1:TrackPointExtension>
<tp1:hr>177</tp1:hr>
</tp1:TrackPointExtension>
</extensions>
</trkpt>
<trkpt lat="59.12128405" lon="17.41920085">
<ele>79.9</ele>
<time>2026-09-20T10:02:21Z</time>
<extensions>
<tp1:TrackPointExtension>
<tp1:hr>178</tp1:hr>
</tp1:TrackPointExtension>
</extensions>
</trkpt>
<trkpt lat="59.12127852" lon="17.41913756">
<ele>79.9</ele>
<time>2026-09-20T10:02:22Z</time>
<extensions>
<tp1:TrackPointExtension>
<tp1:hr>178</tp1:hr>
</tp1:TrackPointExtension>
</extensions>
</trkpt>
<trkpt lat="59.12126636" lon="17.41908333">
<ele>79.9</ele>
<time>2026-09-20T10:02:23Z</time>
<extensions>
<tp1:TrackPointExtension>
<tp1:hr>179</tp1:hr>
</tp1:TrackPointExtension>
</extensions>
</trkpt>
<trkpt lat="59.121248" lon="17.41904268">
<ele>79.9</ele>
<time>2026-09-20T10:02:24Z</time>
<extensions>
<tp1:TrackPointExtension>
<tp1:hr>179</tp1:hr>
</tp1:TrackPointExtension>
</extensions>
</trkpt>
<trkpt lat="59.12124323" lon="17.41900295">
<ele>79.9</ele>
<time>2026-09-20T10:02:25Z</time>
<extensions>
<tp1:TrackPointExtension>
<tp1:hr>179</tp1:hr>
</tp1:TrackPointExtension>
</extensions>
</trkpt>
<trkpt lat="59.12124331" lon="17.41893657">
<ele>79.7</ele>
<time>2026-09-20T10:02:26Z</time>
<extensions>
<tp1:TrackPointExtension>
<tp1:hr>179</tp1:hr>
</tp1:TrackPointExtension>
</extensions>
</trkpt>
<trkpt lat="59.12124708" lon="17.41888544">
<ele>79.5</ele>
<time>2026-09-20T10:02:27Z</time>
<extensions>
<tp1:TrackPointExtension>
<tp1:hr>179</tp1:hr>
</tp1:TrackPointExtension>
</extensions>
</trkpt>
<trkpt lat="59.12126997" lon="17.41885811">
<ele>79.7</ele>
<time>2026-09-20T10:02:28Z</time>
<extensions>
<tp1:TrackPointExtension>
<tp1:hr>179</tp1:hr>
</tp1:TrackPointExtension>
</extensions>
</trkpt>
<trkpt lat="59.12129276" lon="17.41882928">
<ele>79.7</ele>
<time>2026-09-20T10:02:29Z</time>
<extensions>
<tp1:TrackPointExtension>
<tp1:hr>179</tp1:hr>
</tp1:TrackPointExtension>
</extensions>
</trkpt>
<trkpt lat="59.12131665" lon="17.41880413">
<ele>79.5</ele>
<time>2026-09-20T10:02:30Z</time>
<extensions>
<tp1:TrackPointExtension>
<tp1:hr>179</tp1:hr>
</tp1:TrackPointExtension>
</extensions>
</trkpt>
<trkpt lat="59.12134205" lon="17.41876423">
<ele>79.5</ele>
<time>2026-09-20T10:02:31Z</time>
<extensions>
<tp1:TrackPointExtension>
<tp1:hr>178</tp1:hr>
</tp1:TrackPointExtension>
</extensions>
</trkpt>
<trkpt lat="59.121362" lon="17.4187292">
<ele>79.3</ele>
<time>2026-09-20T10:02:32Z</time>
<extensions>
<tp1:TrackPointExtension>
<tp1:hr>178</tp1:hr>
</tp1:TrackPointExtension>
</extensions>
</trkpt>
<trkpt lat="59.12137843" lon="17.41871277">
<ele>79.1</ele>
<time>2026-09-20T10:02:33Z</time>
<extensions>
<tp1:TrackPointExtension>
<tp1:hr>178</tp1:hr>
</tp1:TrackPointExtension>
</extensions>
</trkpt>
<trkpt lat="59.12137189" lon="17.41872576">
<ele>78.7</ele>
<time>2026-09-20T10:02:34Z</time>
<extensions>
<tp1:TrackPointExtension>
<tp1:hr>178</tp1:hr>
</tp1:TrackPointExtension>
</extensions>
</trkpt>
<trkpt lat="59.12136217" lon="17.41873951">
<ele>78.5</ele>
<time>2026-09-20T10:02:35Z</time>
<extensions>
<tp1:TrackPointExtension>
<tp1:hr>178</tp1:hr>
</tp1:TrackPointExtension>
</extensions>
</trkpt>
<trkpt lat="59.1213454" lon="17.41876876">
<ele>78.5</ele>
<time>2026-09-20T10:02:36Z</time>
<extensions>
<tp1:TrackPointExtension>
<tp1:hr>177</tp1:hr>
</tp1:TrackPointExtension>
</extensions>
</trkpt>
<trkpt lat="59.12132319" lon="17.41878686">
<ele>78.5</ele>
<time>2026-09-20T10:02:37Z</time>
<extensions>
<tp1:TrackPointExtension>
<tp1:hr>177</tp1:hr>
</tp1:TrackPointExtension>
</extensions>
</trkpt>
<trkpt lat="59.12129972" lon="17.41880991">
<ele>78.7</ele>
<time>2026-09-20T10:02:38Z</time>
<extensions>
<tp1:TrackPointExtension>
<tp1:hr>177</tp1:hr>
</tp1:TrackPointExtension>
</extensions>
</trkpt>
<trkpt lat="59.12128002" lon="17.41883364">
<ele>78.9</ele>
<time>2026-09-20T10:02:39Z</time>
<extensions>
<tp1:TrackPointExtension>
<tp1:hr>176</tp1:hr>
</tp1:TrackPointExtension>
</extensions>
</trkpt>
<trkpt lat="59.1212594" lon="17.41883213">
<ele>79.1</ele>
<time>2026-09-20T10:02:40Z</time>
<extensions>
<tp1:TrackPointExtension>
<tp1:hr>175</tp1:hr>
</tp1:TrackPointExtension>
</extensions>
</trkpt>
<trkpt lat="59.12123652" lon="17.41881704">
<ele>79.5</ele>
<time>2026-09-20T10:02:41Z</time>
<extensions>
<tp1:TrackPointExtension>
<tp1:hr>174</tp1:hr>
</tp1:TrackPointExtension>
</extensions>
</trkpt>
<trkpt lat="59.12121967" lon="17.41879759">
<ele>79.7</ele>
<time>2026-09-20T10:02:42Z</time>
<extensions>
<tp1:TrackPointExtension>
<tp1:hr>169</tp1:hr>
</tp1:TrackPointExtension>
</extensions>
</trkpt>
<trkpt lat="59.12119478" lon="17.41879307">
<ele>79.7</ele>
<time>2026-09-20T10:02:43Z</time>
<extensions>
<tp1:TrackPointExtension>
<tp1:hr>164</tp1:hr>
</tp1:TrackPointExtension>
</extensions>
</trkpt>
<trkpt lat="59.12116653" lon="17.41879391">
<ele>79.7</ele>
<time>2026-09-20T10:02:44Z</time>
<extensions>
<tp1:TrackPointExtension>
<tp1:hr>162</tp1:hr>
</tp1:TrackPointExtension>
</extensions>
</trkpt>
<trkpt lat="59.12113619" lon="17.41878041">
<ele>79.7</ele>
<time>2026-09-20T10:02:45Z</time>
<extensions>
<tp1:TrackPointExtension>
<tp1:hr>162</tp1:hr>
</tp1:TrackPointExtension>
</extensions>
</trkpt>
<trkpt lat="59.12111381" lon="17.4187649">
<ele>79.7</ele>
<time>2026-09-20T10:02:46Z</time>
<extensions>
<tp1:TrackPointExtension>
<tp1:hr>161</tp1:hr>
</tp1:TrackPointExtension>
</extensions>
</trkpt>
<trkpt lat="59.12109872" lon="17.41875174">
<ele>79.7</ele>
<time>2026-09-20T10:02:47Z</time>
<extensions>
<tp1:TrackPointExtension>
<tp1:hr>161</tp1:hr>
</tp1:TrackPointExtension>
</extensions>
</trkpt>
<trkpt lat="59.12108112" lon="17.41873289">
<ele>79.7</ele>
<time>2026-09-20T10:02:48Z</time>
<extensions>
<tp1:TrackPointExtension>
<tp1:hr>161</tp1:hr>
</tp1:TrackPointExtension>
</extensions>
</trkpt>
<trkpt lat="59.12105522" lon="17.41869994">
<ele>80.1</ele>
<time>2026-09-20T10:02:49Z</time>
<extensions>
<tp1:TrackPointExtension>
<tp1:hr>161</tp1:hr>
</tp1:TrackPointExtension>
</extensions>
</trkpt>
<trkpt lat="59.12103351" lon="17.4186629">
<ele>80.3</ele>
<time>2026-09-20T10:02:50Z</time>
<extensions>
<tp1:TrackPointExtension>
<tp1:hr>160</tp1:hr>
</tp1:TrackPointExtension>
</extensions>
</trkpt>
<trkpt lat="59.12099982" lon="17.41862518">
<ele>80.5</ele>
<time>2026-09-20T10:02:51Z</time>
<extensions>
<tp1:TrackPointExtension>
<tp1:hr>160</tp1:hr>
</tp1:TrackPointExtension>
</extensions>
</trkpt>
<trkpt lat="59.1209771" lon="17.41859551">
<ele>80.7</ele>
<time>2026-09-20T10:02:52Z</time>
<extensions>
<tp1:TrackPointExtension>
<tp1:hr>160</tp1:hr>
</tp1:TrackPointExtension>
</extensions>
</trkpt>
<trkpt lat="59.12094709" lon="17.41857078">
<ele>80.7</ele>
<time>2026-09-20T10:02:53Z</time>
<extensions>
<tp1:TrackPointExtension>
<tp1:hr>159</tp1:hr>
</tp1:TrackPointExtension>
</extensions>
</trkpt>
<trkpt lat="59.12091197" lon="17.41855209">
<ele>80.5</ele>
<time>2026-09-20T10:02:54Z</time>
<extensions>
<tp1:TrackPointExtension>
<tp1:hr>159</tp1:hr>
</tp1:TrackPointExtension>
</extensions>
</trkpt>
<trkpt lat="59.12088348" lon="17.41852778">
<ele>80.5</ele>
<time>2026-09-20T10:02:55Z</time>
<extensions>
<tp1:TrackPointExtension>
<tp1:hr>159</tp1:hr>
</tp1:TrackPointExtension>
</extensions>
</trkpt>
<trkpt lat="59.12086839" lon="17.41848361">
<ele>80.5</ele>
<time>2026-09-20T10:02:56Z</time>
<extensions>
<tp1:TrackPointExtension>
<tp1:hr>159</tp1:hr>
</tp1:TrackPointExtension>
</extensions>
</trkpt>
<trkpt lat="59.12085397" lon="17.41844949">
<ele>80.5</ele>
<time>2026-09-20T10:02:57Z</time>
<extensions>
<tp1:TrackPointExtension>
<tp1:hr>159</tp1:hr>
</tp1:TrackPointExtension>
</extensions>
</trkpt>
<trkpt lat="59.12084182" lon="17.41840934">
<ele>80.9</ele>
<time>2026-09-20T10:02:58Z</time>
<extensions>
<tp1:TrackPointExtension>
<tp1:hr>159</tp1:hr>
</tp1:TrackPointExtension>
</extensions>
</trkpt>
<trkpt lat="59.12082941" lon="17.41837825">
<ele>81.1</ele>
<time>2026-09-20T10:02:59Z</time>
<extensions>
<tp1:TrackPointExtension>
<tp1:hr>160</tp1:hr>
</tp1:TrackPointExtension>
</extensions>
</trkpt>
<trkpt lat="59.12081391" lon="17.41833961">
<ele>81.3</ele>
<time>2026-09-20T10:03:00Z</time>
<extensions>
<tp1:TrackPointExtension>
<tp1:hr>159</tp1:hr>
</tp1:TrackPointExtension>
</extensions>
</trkpt>
<trkpt lat="59.12080569" lon="17.41828797">
<ele>81.5</ele>
<time>2026-09-20T10:03:01Z</time>
<extensions>
<tp1:TrackPointExtension>
<tp1:hr>159</tp1:hr>
</tp1:TrackPointExtension>
</extensions>
</trkpt>
<trkpt lat="59.12079421" lon="17.41825478">
<ele>81.5</ele>
<time>2026-09-20T10:03:02Z</time>
<extensions>
<tp1:TrackPointExtension>
<tp1:hr>159</tp1:hr>
</tp1:TrackPointExtension>
</extensions>
</trkpt>
<trkpt lat="59.12078516" lon="17.41823995">
<ele>81.3</ele>
<time>2026-09-20T10:03:03Z</time>
<extensions>
<tp1:TrackPointExtension>
<tp1:hr>159</tp1:hr>
</tp1:TrackPointExtension>
</extensions>
</trkpt>
<trkpt lat="59.1207663" lon="17.41819913">
<ele>81.1</ele>
<time>2026-09-20T10:03:04Z</time>
<extensions>
<tp1:TrackPointExtension>
<tp1:hr>158</tp1:hr>
</tp1:TrackPointExtension>
</extensions>
</trkpt>
<trkpt lat="59.12074802" lon="17.41815336">
<ele>80.1</ele>
<time>2026-09-20T10:03:05Z</time>
<extensions>
<tp1:TrackPointExtension>
<tp1:hr>159</tp1:hr>
</tp1:TrackPointExtension>
</extensions>
</trkpt>
<trkpt lat="59.12073235" lon="17.41810868">
<ele>79.1</ele>
<time>2026-09-20T10:03:06Z</time>
<extensions>
<tp1:TrackPointExtension>
<tp1:hr>158</tp1:hr>
</tp1:TrackPointExtension>
</extensions>
</trkpt>
<trkpt lat="59.12072011" lon="17.41806384">
<ele>78.5</ele>
<time>2026-09-20T10:03:07Z</time>
<extensions>
<tp1:TrackPointExtension>
<tp1:hr>158</tp1:hr>
</tp1:TrackPointExtension>
</extensions>
</trkpt>
<trkpt lat="59.12071307" lon="17.41801154">
<ele>77.9</ele>
<time>2026-09-20T10:03:08Z</time>
<extensions>
<tp1:TrackPointExtension>
<tp1:hr>157</tp1:hr>
</tp1:TrackPointExtension>
</extensions>
</trkpt>
<trkpt lat="59.12071148" lon="17.41794557">
<ele>77.7</ele>
<time>2026-09-20T10:03:09Z</time>
<extensions>
<tp1:TrackPointExtension>
<tp1:hr>157</tp1:hr>
</tp1:TrackPointExtension>
</extensions>
</trkpt>
<trkpt lat="59.12070729" lon="17.417875">
<ele>77.3</ele>
<time>2026-09-20T10:03:10Z</time>
<extensions>
<tp1:TrackPointExtension>
<tp1:hr>157</tp1:hr>
</tp1:TrackPointExtension>
</extensions>
</trkpt>
<trkpt lat="59.12069706" lon="17.41782286">
<ele>77.1</ele>
<time>2026-09-20T10:03:11Z</time>
<extensions>
<tp1:TrackPointExtension>
<tp1:hr>157</tp1:hr>
</tp1:TrackPointExtension>
</extensions>
</trkpt>
<trkpt lat="59.12068147" lon="17.41776712">
<ele>77.1</ele>
<time>2026-09-20T10:03:12Z</time>
<extensions>
<tp1:TrackPointExtension>
<tp1:hr>157</tp1:hr>
</tp1:TrackPointExtension>
</extensions>
</trkpt>
<trkpt lat="59.12066613" lon="17.41771909">
<ele>77.1</ele>
<time>2026-09-20T10:03:13Z</time>
<extensions>
<tp1:TrackPointExtension>
<tp1:hr>157</tp1:hr>
</tp1:TrackPointExtension>
</extensions>
</trkpt>
<trkpt lat="59.12065038" lon="17.41768129">
<ele>77.1</ele>
<time>2026-09-20T10:03:14Z</time>
<extensions>
<tp1:TrackPointExtension>
<tp1:hr>158</tp1:hr>
</tp1:TrackPointExtension>
</extensions>
</trkpt>
<trkpt lat="59.12062196" lon="17.41763108">
<ele>76.9</ele>
<time>2026-09-20T10:03:15Z</time>
<extensions>
<tp1:TrackPointExtension>
<tp1:hr>157</tp1:hr>
</tp1:TrackPointExtension>
</extensions>
</trkpt>
<trkpt lat="59.12061484" lon="17.41755548">
<ele>76.5</ele>
<time>2026-09-20T10:03:16Z</time>
<extensions>
<tp1:TrackPointExtension>
<tp1:hr>157</tp1:hr>
</tp1:TrackPointExtension>
</extensions>
</trkpt>
<trkpt lat="59.1206026" lon="17.41750075">
<ele>76.1</ele>
<time>2026-09-20T10:03:17Z</time>
<extensions>
<tp1:TrackPointExtension>
<tp1:hr>157</tp1:hr>
</tp1:TrackPointExtension>
</extensions>
</trkpt>
<trkpt lat="59.12058416" lon="17.41746688">
<ele>75.7</ele>
<time>2026-09-20T10:03:18Z</time>
<extensions>
<tp1:TrackPointExtension>
<tp1:hr>158</tp1:hr>
</tp1:TrackPointExtension>
</extensions>
</trkpt>
<trkpt lat="59.12056119" lon="17.41742623">
<ele>75.6</ele>
<time>2026-09-20T10:03:19Z</time>
<extensions>
<tp1:TrackPointExtension>
<tp1:hr>157</tp1:hr>
</tp1:TrackPointExtension>
</extensions>
</trkpt>
<trkpt lat="59.12054971" lon="17.4173606">
<ele>75.4</ele>
<time>2026-09-20T10:03:20Z</time>
<extensions>
<tp1:TrackPointExtension>
<tp1:hr>157</tp1:hr>
</tp1:TrackPointExtension>
</extensions>
</trkpt>
<trkpt lat="59.12053973" lon="17.41731609">
<ele>75.6</ele>
<time>2026-09-20T10:03:21Z</time>
<extensions>
<tp1:TrackPointExtension>
<tp1:hr>157</tp1:hr>
</tp1:TrackPointExtension>
</extensions>
</trkpt>
<trkpt lat="59.12053336" lon="17.41727225">
<ele>75.6</ele>
<time>2026-09-20T10:03:22Z</time>
<extensions>
<tp1:TrackPointExtension>
<tp1:hr>158</tp1:hr>
</tp1:TrackPointExtension>
</extensions>
</trkpt>
<trkpt lat="59.12052833" lon="17.41722297">
<ele>75.8</ele>
<time>2026-09-20T10:03:23Z</time>
<extensions>
<tp1:TrackPointExtension>
<tp1:hr>157</tp1:hr>
</tp1:TrackPointExtension>
</extensions>
</trkpt>
<trkpt lat="59.12051149" lon="17.41718131">
<ele>76.2</ele>
<time>2026-09-20T10:03:24Z</time>
<extensions>
<tp1:TrackPointExtension>
<tp1:hr>157</tp1:hr>
</tp1:TrackPointExtension>
</extensions>
</trkpt>
<trkpt lat="59.12049992" lon="17.41714108">
<ele>76.4</ele>
<time>2026-09-20T10:03:25Z</time>
<extensions>
<tp1:TrackPointExtension>
<tp1:hr>157</tp1:hr>
</tp1:TrackPointExtension>
</extensions>
</trkpt>
<trkpt lat="59.12049238" lon="17.41707838">
<ele>76.6</ele>
<time>2026-09-20T10:03:26Z</time>
<extensions>
<tp1:TrackPointExtension>
<tp1:hr>158</tp1:hr>
</tp1:TrackPointExtension>
</extensions>
</trkpt>
<trkpt lat="59.12048643" lon="17.41701703">
<ele>76.6</ele>
<time>2026-09-20T10:03:27Z</time>
<extensions>
<tp1:TrackPointExtension>
<tp1:hr>157</tp1:hr>
</tp1:TrackPointExtension>
</extensions>
</trkpt>
<trkpt lat="59.1204731" lon="17.41695902">
<ele>76.8</ele>
<time>2026-09-20T10:03:28Z</time>
<extensions>
<tp1:TrackPointExtension>
<tp1:hr>157</tp1:hr>
</tp1:TrackPointExtension>
</extensions>
</trkpt>
<trkpt lat="59.12045902" lon="17.41691116">
<ele>76.6</ele>
<time>2026-09-20T10:03:29Z</time>
<extensions>
<tp1:TrackPointExtension>
<tp1:hr>156</tp1:hr>
</tp1:TrackPointExtension>
</extensions>
</trkpt>
<trkpt lat="59.12044485" lon="17.41684461">
<ele>76.6</ele>
<time>2026-09-20T10:03:30Z</time>
<extensions>
<tp1:TrackPointExtension>
<tp1:hr>154</tp1:hr>
</tp1:TrackPointExtension>
</extensions>
</trkpt>
<trkpt lat="59.12042063" lon="17.41679113">
<ele>76.4</ele>
<time>2026-09-20T10:03:31Z</time>
<extensions>
<tp1:TrackPointExtension>
<tp1:hr>152</tp1:hr>
</tp1:TrackPointExtension>
</extensions>
</trkpt>
<trkpt lat="59.12040085" lon="17.41674679">
<ele>76.2</ele>
<time>2026-09-20T10:03:32Z</time>
<extensions>
<tp1:TrackPointExtension>
<tp1:hr>151</tp1:hr>
</tp1:TrackPointExtension>
</extensions>
</trkpt>
<trkpt lat="59.1203809" lon="17.41668217">
<ele>76.0</ele>
<time>2026-09-20T10:03:33Z</time>
<extensions>
<tp1:TrackPointExtension>
<tp1:hr>151</tp1:hr>
</tp1:TrackPointExtension>
</extensions>
</trkpt>
<trkpt lat="59.1203674" lon="17.41662744">
<ele>76.0</ele>
<time>2026-09-20T10:03:34Z</time>
<extensions>
<tp1:TrackPointExtension>
<tp1:hr>151</tp1:hr>
</tp1:TrackPointExtension>
</extensions>
</trkpt>
<trkpt lat="59.12035257" lon="17.41657538">
<ele>76.0</ele>
<time>2026-09-20T10:03:35Z</time>
<extensions>
<tp1:TrackPointExtension>
<tp1:hr>151</tp1:hr>
</tp1:TrackPointExtension>
</extensions>
</trkpt>
<trkpt lat="59.12034201" lon="17.4165209">
<ele>76.0</ele>
<time>2026-09-20T10:03:36Z</time>
<extensions>
<tp1:TrackPointExtension>
<tp1:hr>152</tp1:hr>
</tp1:TrackPointExtension>
</extensions>
</trkpt>
<trkpt lat="59.12033605" lon="17.41645862">
<ele>76.2</ele>
<time>2026-09-20T10:03:37Z</time>
<extensions>
<tp1:TrackPointExtension>
<tp1:hr>152</tp1:hr>
</tp1:TrackPointExtension>
</extensions>
</trkpt>
<trkpt lat="59.12031879" lon="17.41641353">
<ele>76.2</ele>
<time>2026-09-20T10:03:38Z</time>
<extensions>
<tp1:TrackPointExtension>
<tp1:hr>153</tp1:hr>
</tp1:TrackPointExtension>
</extensions>
</trkpt>
<trkpt lat="59.12030747" lon="17.41636273">
<ele>76.2</ele>
<time>2026-09-20T10:03:39Z</time>
<extensions>
<tp1:TrackPointExtension>
<tp1:hr>154</tp1:hr>
</tp1:TrackPointExtension>
</extensions>
</trkpt>
<trkpt lat="59.12029574" lon="17.41632191">
<ele>76.2</ele>
<time>2026-09-20T10:03:40Z</time>
<extensions>
<tp1:TrackPointExtension>
<tp1:hr>155</tp1:hr>
</tp1:TrackPointExtension>
</extensions>
</trkpt>
<trkpt lat="59.12028484" lon="17.41626902">
<ele>76.4</ele>
<time>2026-09-20T10:03:41Z</time>
<extensions>
<tp1:TrackPointExtension>
<tp1:hr>158</tp1:hr>
</tp1:TrackPointExtension>
</extensions>
</trkpt>
<trkpt lat="59.1202716" lon="17.41621622">
<ele>76.4</ele>
<time>2026-09-20T10:03:42Z</time>
<extensions>
<tp1:TrackPointExtension>
<tp1:hr>160</tp1:hr>
</tp1:TrackPointExtension>
</extensions>
</trkpt>
<trkpt lat="59.12024972" lon="17.41619149">
<ele>76.6</ele>
<time>2026-09-20T10:03:43Z</time>
<extensions>
<tp1:TrackPointExtension>
<tp1:hr>160</tp1:hr>
</tp1:TrackPointExtension>
</extensions>
</trkpt>
<trkpt lat="59.12022382" lon="17.41617565">
<ele>76.6</ele>
<time>2026-09-20T10:03:44Z</time>
<extensions>
<tp1:TrackPointExtension>
<tp1:hr>160</tp1:hr>
</tp1:TrackPointExtension>
</extensions>
</trkpt>
<trkpt lat="59.12018853" lon="17.41615838">
<ele>76.8</ele>
<time>2026-09-20T10:03:45Z</time>
<extensions>
<tp1:TrackPointExtension>
<tp1:hr>160</tp1:hr>
</tp1:TrackPointExtension>
</extensions>
</trkpt>
<trkpt lat="59.12016473" lon="17.41614983">
<ele>76.8</ele>
<time>2026-09-20T10:03:46Z</time>
<extensions>
<tp1:TrackPointExtension>
<tp1:hr>161</tp1:hr>
</tp1:TrackPointExtension>
</extensions>
</trkpt>
<trkpt lat="59.12013807" lon="17.41612427">
<ele>76.6</ele>
<time>2026-09-20T10:03:47Z</time>
<extensions>
<tp1:TrackPointExtension>
<tp1:hr>160</tp1:hr>
</tp1:TrackPointExtension>
</extensions>
</trkpt>
<trkpt lat="59.12011343" lon="17.41607917">
<ele>76.6</ele>
<time>2026-09-20T10:03:48Z</time>
<extensions>
<tp1:TrackPointExtension>
<tp1:hr>161</tp1:hr>
</tp1:TrackPointExtension>
</extensions>
</trkpt>
<trkpt lat="59.12009323" lon="17.4160397">
<ele>76.8</ele>
<time>2026-09-20T10:03:49Z</time>
<extensions>
<tp1:TrackPointExtension>
<tp1:hr>161</tp1:hr>
</tp1:TrackPointExtension>
</extensions>
</trkpt>
<trkpt lat="59.12007169" lon="17.41602838">
<ele>77.0</ele>
<time>2026-09-20T10:03:50Z</time>
<extensions>
<tp1:TrackPointExtension>
<tp1:hr>161</tp1:hr>
</tp1:TrackPointExtension>
</extensions>
</trkpt>
<trkpt lat="59.12004311" lon="17.4159894">
<ele>77.0</ele>
<time>2026-09-20T10:03:51Z</time>
<extensions>
<tp1:TrackPointExtension>
<tp1:hr>162</tp1:hr>
</tp1:TrackPointExtension>
</extensions>
</trkpt>
<trkpt lat="59.12002131" lon="17.41594808">
<ele>77.0</ele>
<time>2026-09-20T10:03:52Z</time>
<extensions>
<tp1:TrackPointExtension>
<tp1:hr>162</tp1:hr>
</tp1:TrackPointExtension>
</extensions>
</trkpt>
<trkpt lat="59.119996" lon="17.41591472">
<ele>76.8</ele>
<time>2026-09-20T10:03:53Z</time>
<extensions>
<tp1:TrackPointExtension>
<tp1:hr>162</tp1:hr>
</tp1:TrackPointExtension>
</extensions>
</trkpt>
<trkpt lat="59.1199789" lon="17.4158972">
<ele>76.4</ele>
<time>2026-09-20T10:03:54Z</time>
<extensions>
<tp1:TrackPointExtension>
<tp1:hr>161</tp1:hr>
</tp1:TrackPointExtension>
</extensions>
</trkpt>
<trkpt lat="59.11995334" lon="17.41587927">
<ele>76.2</ele>
<time>2026-09-20T10:03:55Z</time>
<extensions>
<tp1:TrackPointExtension>
<tp1:hr>161</tp1:hr>
</tp1:TrackPointExtension>
</extensions>
</trkpt>
<trkpt lat="59.11993171" lon="17.41586225">
<ele>76.0</ele>
<time>2026-09-20T10:03:56Z</time>
<extensions>
<tp1:TrackPointExtension>
<tp1:hr>161</tp1:hr>
</tp1:TrackPointExtension>
</extensions>
</trkpt>
<trkpt lat="59.11990246" lon="17.41586418">
<ele>76.0</ele>
<time>2026-09-20T10:03:57Z</time>
<extensions>
<tp1:TrackPointExtension>
<tp1:hr>161</tp1:hr>
</tp1:TrackPointExtension>
</extensions>
</trkpt>
<trkpt lat="59.11988041" lon="17.41586233">
<ele>76.0</ele>
<time>2026-09-20T10:03:58Z</time>
<extensions>
<tp1:TrackPointExtension>
<tp1:hr>161</tp1:hr>
</tp1:TrackPointExtension>
</extensions>
</trkpt>
<trkpt lat="59.11985259" lon="17.41583761">
<ele>76.0</ele>
<time>2026-09-20T10:03:59Z</time>
<extensions>
<tp1:TrackPointExtension>
<tp1:hr>161</tp1:hr>
</tp1:TrackPointExtension>
</extensions>
</trkpt>
<trkpt lat="59.11982484" lon="17.41581791">
<ele>76.0</ele>
<time>2026-09-20T10:04:00Z</time>
<extensions>
<tp1:TrackPointExtension>
<tp1:hr>161</tp1:hr>
</tp1:TrackPointExtension>
</extensions>
</trkpt>
<trkpt lat="59.11979869" lon="17.41580307">
<ele>75.8</ele>
<time>2026-09-20T10:04:01Z</time>
<extensions>
<tp1:TrackPointExtension>
<tp1:hr>161</tp1:hr>
</tp1:TrackPointExtension>
</extensions>
</trkpt>
<trkpt lat="59.11977841" lon="17.41580768">
<ele>75.8</ele>
<time>2026-09-20T10:04:02Z</time>
<extensions>
<tp1:TrackPointExtension>
<tp1:hr>161</tp1:hr>
</tp1:TrackPointExtension>
</extensions>
</trkpt>
<trkpt lat="59.11975091" lon="17.41581028">
<ele>76.0</ele>
<time>2026-09-20T10:04:03Z</time>
<extensions>
<tp1:TrackPointExtension>
<tp1:hr>161</tp1:hr>
</tp1:TrackPointExtension>
</extensions>
</trkpt>
<trkpt lat="59.11971345" lon="17.41582411">
<ele>76.0</ele>
<time>2026-09-20T10:04:04Z</time>
<extensions>
<tp1:TrackPointExtension>
<tp1:hr>161</tp1:hr>
</tp1:TrackPointExtension>
</extensions>
</trkpt>
<trkpt lat="59.11969551" lon="17.41583954">
<ele>76.2</ele>
<time>2026-09-20T10:04:05Z</time>
<extensions>
<tp1:TrackPointExtension>
<tp1:hr>161</tp1:hr>
</tp1:TrackPointExtension>
</extensions>
</trkpt>
<trkpt lat="59.11966668" lon="17.41584029">
<ele>76.2</ele>
<time>2026-09-20T10:04:06Z</time>
<extensions>
<tp1:TrackPointExtension>
<tp1:hr>160</tp1:hr>
</tp1:TrackPointExtension>
</extensions>
</trkpt>
<trkpt lat="59.11963055" lon="17.41582872">
<ele>76.4</ele>
<time>2026-09-20T10:04:07Z</time>
<extensions>
<tp1:TrackPointExtension>
<tp1:hr>161</tp1:hr>
</tp1:TrackPointExtension>
</extensions>
</trkpt>
<trkpt lat="59.11960297" lon="17.41582814">
<ele>76.6</ele>
<time>2026-09-20T10:04:08Z</time>
<extensions>
<tp1:TrackPointExtension>
<tp1:hr>161</tp1:hr>
</tp1:TrackPointExtension>
</extensions>
</trkpt>
<trkpt lat="59.11957229" lon="17.41582998">
<ele>76.6</ele>
<time>2026-09-20T10:04:09Z</time>
<extensions>
<tp1:TrackPointExtension>
<tp1:hr>161</tp1:hr>
</tp1:TrackPointExtension>
</extensions>
</trkpt>
<trkpt lat="59.11954011" lon="17.41581313">
<ele>76.6</ele>
<time>2026-09-20T10:04:10Z</time>
<extensions>
<tp1:TrackPointExtension>
<tp1:hr>161</tp1:hr>
</tp1:TrackPointExtension>
</extensions>
</trkpt>
<trkpt lat="59.11951027" lon="17.41577474">
<ele>76.4</ele>
<time>2026-09-20T10:04:11Z</time>
<extensions>
<tp1:TrackPointExtension>
<tp1:hr>161</tp1:hr>
</tp1:TrackPointExtension>
</extensions>
</trkpt>
<trkpt lat="59.11949292" lon="17.41573392">
<ele>76.2</ele>
<time>2026-09-20T10:04:12Z</time>
<extensions>
<tp1:TrackPointExtension>
<tp1:hr>161</tp1:hr>
</tp1:TrackPointExtension>
</extensions>
</trkpt>
<trkpt lat="59.11946853" lon="17.41573384">
<ele>76.0</ele>
<time>2026-09-20T10:04:13Z</time>
<extensions>
<tp1:TrackPointExtension>
<tp1:hr>161</tp1:hr>
</tp1:TrackPointExtension>
</extensions>
</trkpt>
<trkpt lat="59.11944397" lon="17.41572252">
<ele>76.0</ele>
<time>2026-09-20T10:04:14Z</time>
<extensions>
<tp1:TrackPointExtension>
<tp1:hr>162</tp1:hr>
</tp1:TrackPointExtension>
</extensions>
</trkpt>
<trkpt lat="59.11941011" lon="17.41571314">
<ele>76.2</ele>
<time>2026-09-20T10:04:15Z</time>
<extensions>
<tp1:TrackPointExtension>
<tp1:hr>161</tp1:hr>
</tp1:TrackPointExtension>
</extensions>
</trkpt>
<trkpt lat="59.11938387" lon="17.41572051">
<ele>76.4</ele>
<time>2026-09-20T10:04:16Z</time>
<extensions>
<tp1:TrackPointExtension>
<tp1:hr>161</tp1:hr>
</tp1:TrackPointExtension>
</extensions>
</trkpt>
<trkpt lat="59.11935504" lon="17.41571465">
<ele>76.4</ele>
<time>2026-09-20T10:04:17Z</time>
<extensions>
<tp1:TrackPointExtension>
<tp1:hr>161</tp1:hr>
</tp1:TrackPointExtension>
</extensions>
</trkpt>
<trkpt lat="59.11932637" lon="17.41567961">
<ele>76.4</ele>
<time>2026-09-20T10:04:18Z</time>
<extensions>
<tp1:TrackPointExtension>
<tp1:hr>161</tp1:hr>
</tp1:TrackPointExtension>
</extensions>
</trkpt>
<trkpt lat="59.11929636" lon="17.41563158">
<ele>76.2</ele>
<time>2026-09-20T10:04:19Z</time>
<extensions>
<tp1:TrackPointExtension>
<tp1:hr>161</tp1:hr>
</tp1:TrackPointExtension>
</extensions>
</trkpt>
<trkpt lat="59.11927306" lon="17.41559512">
<ele>76.2</ele>
<time>2026-09-20T10:04:20Z</time>
<extensions>
<tp1:TrackPointExtension>
<tp1:hr>161</tp1:hr>
</tp1:TrackPointExtension>
</extensions>
</trkpt>
<trkpt lat="59.11925085" lon="17.41556712">
<ele>76.4</ele>
<time>2026-09-20T10:04:21Z</time>
<extensions>
<tp1:TrackPointExtension>
<tp1:hr>161</tp1:hr>
</tp1:TrackPointExtension>
</extensions>
</trkpt>
<trkpt lat="59.11922696" lon="17.41552178">
<ele>76.6</ele>
<time>2026-09-20T10:04:22Z</time>
<extensions>
<tp1:TrackPointExtension>
<tp1:hr>161</tp1:hr>
</tp1:TrackPointExtension>
</extensions>
</trkpt>
<trkpt lat="59.11920232" lon="17.41549219">
<ele>76.6</ele>
<time>2026-09-20T10:04:23Z</time>
<extensions>
<tp1:TrackPointExtension>
<tp1:hr>161</tp1:hr>
</tp1:TrackPointExtension>
</extensions>
</trkpt>
<trkpt lat="59.11917407" lon="17.41546294">
<ele>76.8</ele>
<time>2026-09-20T10:04:24Z</time>
<extensions>
<tp1:TrackPointExtension>
<tp1:hr>161</tp1:hr>
</tp1:TrackPointExtension>
</extensions>
</trkpt>
<trkpt lat="59.11914079" lon="17.41543435">
<ele>76.8</ele>
<time>2026-09-20T10:04:25Z</time>
<extensions>
<tp1:TrackPointExtension>
<tp1:hr>161</tp1:hr>
</tp1:TrackPointExtension>
</extensions>
</trkpt>
<trkpt lat="59.11910869" lon="17.41541231">
<ele>76.8</ele>
<time>2026-09-20T10:04:26Z</time>
<extensions>
<tp1:TrackPointExtension>
<tp1:hr>161</tp1:hr>
</tp1:TrackPointExtension>
</extensions>
</trkpt>
<trkpt lat="59.11908237" lon="17.4153911">
<ele>76.6</ele>
<time>2026-09-20T10:04:27Z</time>
<extensions>
<tp1:TrackPointExtension>
<tp1:hr>161</tp1:hr>
</tp1:TrackPointExtension>
</extensions>
</trkpt>
<trkpt lat="59.11905128" lon="17.41539052">
<ele>76.8</ele>
<time>2026-09-20T10:04:28Z</time>
<extensions>
<tp1:TrackPointExtension>
<tp1:hr>160</tp1:hr>
</tp1:TrackPointExtension>
</extensions>
</trkpt>
<trkpt lat="59.11902152" lon="17.41538867">
<ele>76.7</ele>
<time>2026-09-20T10:04:29Z</time>
<extensions>
<tp1:TrackPointExtension>
<tp1:hr>161</tp1:hr>
</tp1:TrackPointExtension>
</extensions>
</trkpt>
<trkpt lat="59.11899679" lon="17.41540326">
<ele>76.7</ele>
<time>2026-09-20T10:04:30Z</time>
<extensions>
<tp1:TrackPointExtension>
<tp1:hr>161</tp1:hr>
</tp1:TrackPointExtension>
</extensions>
</trkpt>
<trkpt lat="59.11897123" lon="17.41542027">
<ele>76.9</ele>
<time>2026-09-20T10:04:31Z</time>
<extensions>
<tp1:TrackPointExtension>
<tp1:hr>161</tp1:hr>
</tp1:TrackPointExtension>
</extensions>
</trkpt>
<trkpt lat="59.11894432" lon="17.41541826">
<ele>77.1</ele>
<time>2026-09-20T10:04:32Z</time>
<extensions>
<tp1:TrackPointExtension>
<tp1:hr>161</tp1:hr>
</tp1:TrackPointExtension>
</extensions>
</trkpt>
<trkpt lat="59.11891482" lon="17.41541767">
<ele>77.1</ele>
<time>2026-09-20T10:04:33Z</time>
<extensions>
<tp1:TrackPointExtension>
<tp1:hr>161</tp1:hr>
</tp1:TrackPointExtension>
</extensions>
</trkpt>
<trkpt lat="59.11888557" lon="17.41542731">
<ele>77.1</ele>
<time>2026-09-20T10:04:34Z</time>
<extensions>
<tp1:TrackPointExtension>
<tp1:hr>161</tp1:hr>
</tp1:TrackPointExtension>
</extensions>
</trkpt>
<trkpt lat="59.11885556" lon="17.41541918">
<ele>77.1</ele>
<time>2026-09-20T10:04:35Z</time>
<extensions>
<tp1:TrackPointExtension>
<tp1:hr>161</tp1:hr>
</tp1:TrackPointExtension>
</extensions>
</trkpt>
<trkpt lat="59.11882346" lon="17.41542337">
<ele>77.1</ele>
<time>2026-09-20T10:04:36Z</time>
<extensions>
<tp1:TrackPointExtension>
<tp1:hr>161</tp1:hr>
</tp1:TrackPointExtension>
</extensions>
</trkpt>
<trkpt lat="59.11879781" lon="17.41543645">
<ele>77.1</ele>
<time>2026-09-20T10:04:37Z</time>
<extensions>
<tp1:TrackPointExtension>
<tp1:hr>162</tp1:hr>
</tp1:TrackPointExtension>
</extensions>
</trkpt>
<trkpt lat="59.1187683" lon="17.4154455">
<ele>77.3</ele>
<time>2026-09-20T10:04:38Z</time>
<extensions>
<tp1:TrackPointExtension>
<tp1:hr>161</tp1:hr>
</tp1:TrackPointExtension>
</extensions>
</trkpt>
<trkpt lat="59.11873343" lon="17.41546319">
<ele>77.1</ele>
<time>2026-09-20T10:04:39Z</time>
<extensions>
<tp1:TrackPointExtension>
<tp1:hr>162</tp1:hr>
</tp1:TrackPointExtension>
</extensions>
</trkpt>
<trkpt lat="59.11870318" lon="17.41546763">
<ele>77.1</ele>
<time>2026-09-20T10:04:40Z</time>
<extensions>
<tp1:TrackPointExtension>
<tp1:hr>162</tp1:hr>
</tp1:TrackPointExtension>
</extensions>
</trkpt>
<trkpt lat="59.11867677" lon="17.41548129">
<ele>77.1</ele>
<time>2026-09-20T10:04:41Z</time>
<extensions>
<tp1:TrackPointExtension>
<tp1:hr>162</tp1:hr>
</tp1:TrackPointExtension>
</extensions>
</trkpt>
<trkpt lat="59.11864769" lon="17.41549588">
<ele>76.9</ele>
<time>2026-09-20T10:04:42Z</time>
<extensions>
<tp1:TrackPointExtension>
<tp1:hr>162</tp1:hr>
</tp1:TrackPointExtension>
</extensions>
</trkpt>
<trkpt lat="59.11861148" lon="17.41548582">
<ele>76.7</ele>
<time>2026-09-20T10:04:43Z</time>
<extensions>
<tp1:TrackPointExtension>
<tp1:hr>161</tp1:hr>
</tp1:TrackPointExtension>
</extensions>
</trkpt>
<trkpt lat="59.11856848" lon="17.41545824">
<ele>76.3</ele>
<time>2026-09-20T10:04:44Z</time>
<extensions>
<tp1:TrackPointExtension>
<tp1:hr>162</tp1:hr>
</tp1:TrackPointExtension>
</extensions>
</trkpt>
<trkpt lat="59.11854006" lon="17.41544802">
<ele>76.1</ele>
<time>2026-09-20T10:04:45Z</time>
<extensions>
<tp1:TrackPointExtension>
<tp1:hr>162</tp1:hr>
</tp1:TrackPointExtension>
</extensions>
</trkpt>
<trkpt lat="59.11850855" lon="17.41541776">
<ele>75.7</ele>
<time>2026-09-20T10:04:46Z</time>
<extensions>
<tp1:TrackPointExtension>
<tp1:hr>162</tp1:hr>
</tp1:TrackPointExtension>
</extensions>
</trkpt>
<trkpt lat="59.11847183" lon="17.41538943">
<ele>75.1</ele>
<time>2026-09-20T10:04:47Z</time>
<extensions>
<tp1:TrackPointExtension>
<tp1:hr>162</tp1:hr>
</tp1:TrackPointExtension>
</extensions>
</trkpt>
<trkpt lat="59.11844258" lon="17.41536194">
<ele>74.9</ele>
<time>2026-09-20T10:04:48Z</time>
<extensions>
<tp1:TrackPointExtension>
<tp1:hr>162</tp1:hr>
</tp1:TrackPointExtension>
</extensions>
</trkpt>
<trkpt lat="59.11842565" lon="17.41535397">
<ele>74.9</ele>
<time>2026-09-20T10:04:49Z</time>
<extensions>
<tp1:TrackPointExtension>
<tp1:hr>162</tp1:hr>
</tp1:TrackPointExtension>
</extensions>
</trkpt>
<trkpt lat="59.11838709" lon="17.4153621">
<ele>74.9</ele>
<time>2026-09-20T10:04:50Z</time>
<extensions>
<tp1:TrackPointExtension>
<tp1:hr>162</tp1:hr>
</tp1:TrackPointExtension>
</extensions>
</trkpt>
<trkpt lat="59.11836899" lon="17.41537535">
<ele>75.1</ele>
<time>2026-09-20T10:04:51Z</time>
<extensions>
<tp1:TrackPointExtension>
<tp1:hr>162</tp1:hr>
</tp1:TrackPointExtension>
</extensions>
</trkpt>
<trkpt lat="59.11834627" lon="17.41538934">
<ele>75.5</ele>
<time>2026-09-20T10:04:52Z</time>
<extensions>
<tp1:TrackPointExtension>
<tp1:hr>162</tp1:hr>
</tp1:TrackPointExtension>
</extensions>
</trkpt>
<trkpt lat="59.11831778" lon="17.41541466">
<ele>75.5</ele>
<time>2026-09-20T10:04:53Z</time>
<extensions>
<tp1:TrackPointExtension>
<tp1:hr>162</tp1:hr>
</tp1:TrackPointExtension>
</extensions>
</trkpt>
<trkpt lat="59.11827494" lon="17.4154414">
<ele>75.1</ele>
<time>2026-09-20T10:04:54Z</time>
<extensions>
<tp1:TrackPointExtension>
<tp1:hr>162</tp1:hr>
</tp1:TrackPointExtension>
</extensions>
</trkpt>
<trkpt lat="59.11825684" lon="17.41546101">
<ele>75.3</ele>
<time>2026-09-20T10:04:55Z</time>
<extensions>
<tp1:TrackPointExtension>
<tp1:hr>161</tp1:hr>
</tp1:TrackPointExtension>
</extensions>
</trkpt>
<trkpt lat="59.11821057" lon="17.41549605">
<ele>75.1</ele>
<time>2026-09-20T10:04:56Z</time>
<extensions>
<tp1:TrackPointExtension>
<tp1:hr>161</tp1:hr>
</tp1:TrackPointExtension>
</extensions>
</trkpt>
<trkpt lat="59.11818601" lon="17.41552203">
<ele>74.9</ele>
<time>2026-09-20T10:04:57Z</time>
<extensions>
<tp1:TrackPointExtension>
<tp1:hr>161</tp1:hr>
</tp1:TrackPointExtension>
</extensions>
</trkpt>
<trkpt lat="59.11815207" lon="17.41554801">
<ele>74.9</ele>
<time>2026-09-20T10:04:58Z</time>
<extensions>
<tp1:TrackPointExtension>
<tp1:hr>162</tp1:hr>
</tp1:TrackPointExtension>
</extensions>
</trkpt>
<trkpt lat="59.11812231" lon="17.41553033">
<ele>74.7</ele>
<time>2026-09-20T10:04:59Z</time>
<extensions>
<tp1:TrackPointExtension>
<tp1:hr>162</tp1:hr>
</tp1:TrackPointExtension>
</extensions>
</trkpt>
<trkpt lat="59.11809683" lon="17.41551574">
<ele>74.5</ele>
<time>2026-09-20T10:05:00Z</time>
<extensions>
<tp1:TrackPointExtension>
<tp1:hr>163</tp1:hr>
</tp1:TrackPointExtension>
</extensions>
</trkpt>
<trkpt lat="59.11805618" lon="17.41547517">
<ele>74.7</ele>
<time>2026-09-20T10:05:01Z</time>
<extensions>
<tp1:TrackPointExtension>
<tp1:hr>163</tp1:hr>
</tp1:TrackPointExtension>
</extensions>
</trkpt>
<trkpt lat="59.11802592" lon="17.41546478">
<ele>75.3</ele>
<time>2026-09-20T10:05:02Z</time>
<extensions>
<tp1:TrackPointExtension>
<tp1:hr>163</tp1:hr>
</tp1:TrackPointExtension>
</extensions>
</trkpt>
<trkpt lat="59.11800052" lon="17.41546051">
<ele>75.7</ele>
<time>2026-09-20T10:05:03Z</time>
<extensions>
<tp1:TrackPointExtension>
<tp1:hr>163</tp1:hr>
</tp1:TrackPointExtension>
</extensions>
</trkpt>
<trkpt lat="59.11797429" lon="17.41543536">
<ele>76.3</ele>
<time>2026-09-20T10:05:04Z</time>
<extensions>
<tp1:TrackPointExtension>
<tp1:hr>163</tp1:hr>
</tp1:TrackPointExtension>
</extensions>
</trkpt>
<trkpt lat="59.11795073" lon="17.41541617">
<ele>76.5</ele>
<time>2026-09-20T10:05:05Z</time>
<extensions>
<tp1:TrackPointExtension>
<tp1:hr>163</tp1:hr>
</tp1:TrackPointExtension>
</extensions>
</trkpt>
<trkpt lat="59.11793078" lon="17.41540326">
<ele>76.5</ele>
<time>2026-09-20T10:05:06Z</time>
<extensions>
<tp1:TrackPointExtension>
<tp1:hr>163</tp1:hr>
</tp1:TrackPointExtension>
</extensions>
</trkpt>
<trkpt lat="59.11789876" lon="17.41539261">
<ele>76.5</ele>
<time>2026-09-20T10:05:07Z</time>
<extensions>
<tp1:TrackPointExtension>
<tp1:hr>164</tp1:hr>
</tp1:TrackPointExtension>
</extensions>
</trkpt>
<trkpt lat="59.11785778" lon="17.41538557">
<ele>76.1</ele>
<time>2026-09-20T10:05:08Z</time>
<extensions>
<tp1:TrackPointExtension>
<tp1:hr>164</tp1:hr>
</tp1:TrackPointExtension>
</extensions>
</trkpt>
<trkpt lat="59.11783389" lon="17.41538473">
<ele>75.7</ele>
<time>2026-09-20T10:05:09Z</time>
<extensions>
<tp1:TrackPointExtension>
<tp1:hr>164</tp1:hr>
</tp1:TrackPointExtension>
</extensions>
</trkpt>
<trkpt lat="59.11780019" lon="17.41538264">
<ele>75.5</ele>
<time>2026-09-20T10:05:10Z</time>
<extensions>
<tp1:TrackPointExtension>
<tp1:hr>164</tp1:hr>
</tp1:TrackPointExtension>
</extensions>
</trkpt>
<trkpt lat="59.11775979" lon="17.415373">
<ele>75.1</ele>
<time>2026-09-20T10:05:11Z</time>
<extensions>
<tp1:TrackPointExtension>
<tp1:hr>164</tp1:hr>
</tp1:TrackPointExtension>
</extensions>
</trkpt>
<trkpt lat="59.11771973" lon="17.41536579">
<ele>74.9</ele>
<time>2026-09-20T10:05:12Z</time>
<extensions>
<tp1:TrackPointExtension>
<tp1:hr>163</tp1:hr>
</tp1:TrackPointExtension>
</extensions>
</trkpt>
<trkpt lat="59.11767857" lon="17.41534794">
<ele>74.7</ele>
<time>2026-09-20T10:05:13Z</time>
<extensions>
<tp1:TrackPointExtension>
<tp1:hr>163</tp1:hr>
</tp1:TrackPointExtension>
</extensions>
</trkpt>
<trkpt lat="59.117638" lon="17.41532095">
<ele>74.5</ele>
<time>2026-09-20T10:05:14Z</time>
<extensions>
<tp1:TrackPointExtension>
<tp1:hr>162</tp1:hr>
</tp1:TrackPointExtension>
</extensions>
</trkpt>
<trkpt lat="59.11760925" lon="17.41529672">
<ele>74.3</ele>
<time>2026-09-20T10:05:15Z</time>
<extensions>
<tp1:TrackPointExtension>
<tp1:hr>161</tp1:hr>
</tp1:TrackPointExtension>
</extensions>
</trkpt>
<trkpt lat="59.11757975" lon="17.41527862">
<ele>74.1</ele>
<time>2026-09-20T10:05:16Z</time>
<extensions>
<tp1:TrackPointExtension>
<tp1:hr>161</tp1:hr>
</tp1:TrackPointExtension>
</extensions>
</trkpt>
<trkpt lat="59.11755494" lon="17.41519807">
<ele>74.1</ele>
<time>2026-09-20T10:05:17Z</time>
<extensions>
<tp1:TrackPointExtension>
<tp1:hr>160</tp1:hr>
</tp1:TrackPointExtension>
</extensions>
</trkpt>
<trkpt lat="59.11753247" lon="17.41516035">
<ele>74.1</ele>
<time>2026-09-20T10:05:18Z</time>
<extensions>
<tp1:TrackPointExtension>
<tp1:hr>160</tp1:hr>
</tp1:TrackPointExtension>
</extensions>
</trkpt>
<trkpt lat="59.1175111" lon="17.41515582">
<ele>74.1</ele>
<time>2026-09-20T10:05:19Z</time>
<extensions>
<tp1:TrackPointExtension>
<tp1:hr>160</tp1:hr>
</tp1:TrackPointExtension>
</extensions>
</trkpt>
<trkpt lat="59.11748797" lon="17.41513688">
<ele>73.9</ele>
<time>2026-09-20T10:05:20Z</time>
<extensions>
<tp1:TrackPointExtension>
<tp1:hr>160</tp1:hr>
</tp1:TrackPointExtension>
</extensions>
</trkpt>
<trkpt lat="59.11745117" lon="17.41510369">
<ele>74.1</ele>
<time>2026-09-20T10:05:21Z</time>
<extensions>
<tp1:TrackPointExtension>
<tp1:hr>160</tp1:hr>
</tp1:TrackPointExtension>
</extensions>
</trkpt>
<trkpt lat="59.11743089" lon="17.41508173">
<ele>73.9</ele>
<time>2026-09-20T10:05:22Z</time>
<extensions>
<tp1:TrackPointExtension>
<tp1:hr>161</tp1:hr>
</tp1:TrackPointExtension>
</extensions>
</trkpt>
<trkpt lat="59.11739954" lon="17.41502884">
<ele>73.7</ele>
<time>2026-09-20T10:05:23Z</time>
<extensions>
<tp1:TrackPointExtension>
<tp1:hr>161</tp1:hr>
</tp1:TrackPointExtension>
</extensions>
</trkpt>
<trkpt lat="59.11737682" lon="17.41498089">
<ele>73.7</ele>
<time>2026-09-20T10:05:24Z</time>
<extensions>
<tp1:TrackPointExtension>
<tp1:hr>161</tp1:hr>
</tp1:TrackPointExtension>
</extensions>
</trkpt>
<trkpt lat="59.11734824" lon="17.41495633">
<ele>73.9</ele>
<time>2026-09-20T10:05:25Z</time>
<extensions>
<tp1:TrackPointExtension>
<tp1:hr>161</tp1:hr>
</tp1:TrackPointExtension>
</extensions>
</trkpt>
<trkpt lat="59.11731664" lon="17.41490504">
<ele>74.1</ele>
<time>2026-09-20T10:05:26Z</time>
<extensions>
<tp1:TrackPointExtension>
<tp1:hr>160</tp1:hr>
</tp1:TrackPointExtension>
</extensions>
</trkpt>
<trkpt lat="59.117292" lon="17.41488291">
<ele>74.5</ele>
<time>2026-09-20T10:05:27Z</time>
<extensions>
<tp1:TrackPointExtension>
<tp1:hr>160</tp1:hr>
</tp1:TrackPointExtension>
</extensions>
</trkpt>
<trkpt lat="59.11726534" lon="17.41487436">
<ele>74.9</ele>
<time>2026-09-20T10:05:28Z</time>
<extensions>
<tp1:TrackPointExtension>
<tp1:hr>159</tp1:hr>
</tp1:TrackPointExtension>
</extensions>
</trkpt>
<trkpt lat="59.11723835" lon="17.41484888">
<ele>75.1</ele>
<time>2026-09-20T10:05:29Z</time>
<extensions>
<tp1:TrackPointExtension>
<tp1:hr>159</tp1:hr>
</tp1:TrackPointExtension>
</extensions>
</trkpt>
<trkpt lat="59.11720064" lon="17.41483069">
<ele>75.1</ele>
<time>2026-09-20T10:05:30Z</time>
<extensions>
<tp1:TrackPointExtension>
<tp1:hr>158</tp1:hr>
</tp1:TrackPointExtension>
</extensions>
</trkpt>
<trkpt lat="59.11717298" lon="17.41481225">
<ele>74.9</ele>
<time>2026-09-20T10:05:31Z</time>
<extensions>
<tp1:TrackPointExtension>
<tp1:hr>158</tp1:hr>
</tp1:TrackPointExtension>
</extensions>
</trkpt>
<trkpt lat="59.11713618" lon="17.41475601">
<ele>74.5</ele>
<time>2026-09-20T10:05:32Z</time>
<extensions>
<tp1:TrackPointExtension>
<tp1:hr>158</tp1:hr>
</tp1:TrackPointExtension>
</extensions>
</trkpt>
<trkpt lat="59.11711103" lon="17.41472198">
<ele>74.5</ele>
<time>2026-09-20T10:05:33Z</time>
<extensions>
<tp1:TrackPointExtension>
<tp1:hr>158</tp1:hr>
</tp1:TrackPointExtension>
</extensions>
</trkpt>
<trkpt lat="59.11709385" lon="17.41469742">
<ele>74.5</ele>
<time>2026-09-20T10:05:34Z</time>
<extensions>
<tp1:TrackPointExtension>
<tp1:hr>158</tp1:hr>
</tp1:TrackPointExtension>
</extensions>
</trkpt>
<trkpt lat="59.11706904" lon="17.41467386">
<ele>74.1</ele>
<time>2026-09-20T10:05:35Z</time>
<extensions>
<tp1:TrackPointExtension>
<tp1:hr>159</tp1:hr>
</tp1:TrackPointExtension>
</extensions>
</trkpt>
<trkpt lat="59.11704783" lon="17.41461343">
<ele>73.9</ele>
<time>2026-09-20T10:05:36Z</time>
<extensions>
<tp1:TrackPointExtension>
<tp1:hr>159</tp1:hr>
</tp1:TrackPointExtension>
</extensions>
</trkpt>
<trkpt lat="59.11702093" lon="17.41457814">
<ele>73.7</ele>
<time>2026-09-20T10:05:37Z</time>
<extensions>
<tp1:TrackPointExtension>
<tp1:hr>159</tp1:hr>
</tp1:TrackPointExtension>
</extensions>
</trkpt>
<trkpt lat="59.11700651" lon="17.41452693">
<ele>73.2</ele>
<time>2026-09-20T10:05:38Z</time>
<extensions>
<tp1:TrackPointExtension>
<tp1:hr>159</tp1:hr>
</tp1:TrackPointExtension>
</extensions>
</trkpt>
<trkpt lat="59.11698882" lon="17.41446164">
<ele>72.8</ele>
<time>2026-09-20T10:05:39Z</time>
<extensions>
<tp1:TrackPointExtension>
<tp1:hr>159</tp1:hr>
</tp1:TrackPointExtension>
</extensions>
</trkpt>
<trkpt lat="59.11697717" lon="17.41440715">
<ele>72.2</ele>
<time>2026-09-20T10:05:40Z</time>
<extensions>
<tp1:TrackPointExtension>
<tp1:hr>160</tp1:hr>
</tp1:TrackPointExtension>
</extensions>
</trkpt>
<trkpt lat="59.11696821" lon="17.41435292">
<ele>71.8</ele>
<time>2026-09-20T10:05:41Z</time>
<extensions>
<tp1:TrackPointExtension>
<tp1:hr>160</tp1:hr>
</tp1:TrackPointExtension>
</extensions>
</trkpt>
<trkpt lat="59.1169636" lon="17.41428411">
<ele>71.8</ele>
<time>2026-09-20T10:05:42Z</time>
<extensions>
<tp1:TrackPointExtension>
<tp1:hr>160</tp1:hr>
</tp1:TrackPointExtension>
</extensions>
</trkpt>
<trkpt lat="59.1169641" lon="17.4142365">
<ele>71.6</ele>
<time>2026-09-20T10:05:43Z</time>
<extensions>
<tp1:TrackPointExtension>
<tp1:hr>160</tp1:hr>
</tp1:TrackPointExtension>
</extensions>
</trkpt>
<trkpt lat="59.11696251" lon="17.41417908">
<ele>71.4</ele>
<time>2026-09-20T10:05:44Z</time>
<extensions>
<tp1:TrackPointExtension>
<tp1:hr>160</tp1:hr>
</tp1:TrackPointExtension>
</extensions>
</trkpt>
<trkpt lat="59.11695303" lon="17.41412099">
<ele>71.4</ele>
<time>2026-09-20T10:05:45Z</time>
<extensions>
<tp1:TrackPointExtension>
<tp1:hr>161</tp1:hr>
</tp1:TrackPointExtension>
</extensions>
</trkpt>
<trkpt lat="59.11694289" lon="17.41405578">
<ele>71.6</ele>
<time>2026-09-20T10:05:46Z</time>
<extensions>
<tp1:TrackPointExtension>
<tp1:hr>161</tp1:hr>
</tp1:TrackPointExtension>
</extensions>
</trkpt>
<trkpt lat="59.11693208" lon="17.41399778">
<ele>72.4</ele>
<time>2026-09-20T10:05:47Z</time>
<extensions>
<tp1:TrackPointExtension>
<tp1:hr>161</tp1:hr>
</tp1:TrackPointExtension>
</extensions>
</trkpt>
<trkpt lat="59.11692345" lon="17.41393819">
<ele>72.8</ele>
<time>2026-09-20T10:05:48Z</time>
<extensions>
<tp1:TrackPointExtension>
<tp1:hr>160</tp1:hr>
</tp1:TrackPointExtension>
</extensions>
</trkpt>
<trkpt lat="59.11691649" lon="17.41386325">
<ele>73.0</ele>
<time>2026-09-20T10:05:49Z</time>
<extensions>
<tp1:TrackPointExtension>
<tp1:hr>161</tp1:hr>
</tp1:TrackPointExtension>
</extensions>
</trkpt>
<trkpt lat="59.11691163" lon="17.41378211">
<ele>73.0</ele>
<time>2026-09-20T10:05:50Z</time>
<extensions>
<tp1:TrackPointExtension>
<tp1:hr>161</tp1:hr>
</tp1:TrackPointExtension>
</extensions>
</trkpt>
<trkpt lat="59.11690568" lon="17.41372596">
<ele>73.0</ele>
<time>2026-09-20T10:05:51Z</time>
<extensions>
<tp1:TrackPointExtension>
<tp1:hr>160</tp1:hr>
</tp1:TrackPointExtension>
</extensions>
</trkpt>
<trkpt lat="59.11689855" lon="17.4136672">
<ele>72.8</ele>
<time>2026-09-20T10:05:52Z</time>
<extensions>
<tp1:TrackPointExtension>
<tp1:hr>161</tp1:hr>
</tp1:TrackPointExtension>
</extensions>
</trkpt>
<trkpt lat="59.11689235" lon="17.41360048">
<ele>72.8</ele>
<time>2026-09-20T10:05:53Z</time>
<extensions>
<tp1:TrackPointExtension>
<tp1:hr>161</tp1:hr>
</tp1:TrackPointExtension>
</extensions>
</trkpt>
<trkpt lat="59.11688464" lon="17.41353619">
<ele>73.0</ele>
<time>2026-09-20T10:05:54Z</time>
<extensions>
<tp1:TrackPointExtension>
<tp1:hr>160</tp1:hr>
</tp1:TrackPointExtension>
</extensions>
</trkpt>
<trkpt lat="59.11687835" lon="17.41347953">
<ele>73.0</ele>
<time>2026-09-20T10:05:55Z</time>
<extensions>
<tp1:TrackPointExtension>
<tp1:hr>161</tp1:hr>
</tp1:TrackPointExtension>
</extensions>
</trkpt>
<trkpt lat="59.11686092" lon="17.41341826">
<ele>73.0</ele>
<time>2026-09-20T10:05:56Z</time>
<extensions>
<tp1:TrackPointExtension>
<tp1:hr>161</tp1:hr>
</tp1:TrackPointExtension>
</extensions>
</trkpt>
<trkpt lat="59.11684466" lon="17.41335087">
<ele>73.2</ele>
<time>2026-09-20T10:05:57Z</time>
<extensions>
<tp1:TrackPointExtension>
<tp1:hr>161</tp1:hr>
</tp1:TrackPointExtension>
</extensions>
</trkpt>
<trkpt lat="59.11683057" lon="17.41330971">
<ele>73.4</ele>
<time>2026-09-20T10:05:58Z</time>
<extensions>
<tp1:TrackPointExtension>
<tp1:hr>161</tp1:hr>
</tp1:TrackPointExtension>
</extensions>
</trkpt>
<trkpt lat="59.11681633" lon="17.41325632">
<ele>73.6</ele>
<time>2026-09-20T10:05:59Z</time>
<extensions>
<tp1:TrackPointExtension>
<tp1:hr>160</tp1:hr>
</tp1:TrackPointExtension>
</extensions>
</trkpt>
<trkpt lat="59.11679931" lon="17.41319211">
<ele>74.0</ele>
<time>2026-09-20T10:06:00Z</time>
<extensions>
<tp1:TrackPointExtension>
<tp1:hr>161</tp1:hr>
</tp1:TrackPointExtension>
</extensions>
</trkpt>
<trkpt lat="59.11678045" lon="17.41315959">
<ele>74.2</ele>
<time>2026-09-20T10:06:01Z</time>
<extensions>
<tp1:TrackPointExtension>
<tp1:hr>161</tp1:hr>
</tp1:TrackPointExtension>
</extensions>
</trkpt>
<trkpt lat="59.11676629" lon="17.41312975">
<ele>74.2</ele>
<time>2026-09-20T10:06:02Z</time>
<extensions>
<tp1:TrackPointExtension>
<tp1:hr>161</tp1:hr>
</tp1:TrackPointExtension>
</extensions>
</trkpt>
<trkpt lat="59.11675053" lon="17.41307175">
<ele>74.2</ele>
<time>2026-09-20T10:06:03Z</time>
<extensions>
<tp1:TrackPointExtension>
<tp1:hr>160</tp1:hr>
</tp1:TrackPointExtension>
</extensions>
</trkpt>
<trkpt lat="59.11673326" lon="17.4130197">
<ele>74.2</ele>
<time>2026-09-20T10:06:04Z</time>
<extensions>
<tp1:TrackPointExtension>
<tp1:hr>161</tp1:hr>
</tp1:TrackPointExtension>
</extensions>
</trkpt>
<trkpt lat="59.11671499" lon="17.41299447">
<ele>74.0</ele>
<time>2026-09-20T10:06:05Z</time>
<extensions>
<tp1:TrackPointExtension>
<tp1:hr>161</tp1:hr>
</tp1:TrackPointExtension>
</extensions>
</trkpt>
<trkpt lat="59.11669588" lon="17.41294292">
<ele>74.0</ele>
<time>2026-09-20T10:06:06Z</time>
<extensions>
<tp1:TrackPointExtension>
<tp1:hr>161</tp1:hr>
</tp1:TrackPointExtension>
</extensions>
</trkpt>
<trkpt lat="59.11669051" lon="17.41288207">
<ele>73.8</ele>
<time>2026-09-20T10:06:07Z</time>
<extensions>
<tp1:TrackPointExtension>
<tp1:hr>161</tp1:hr>
</tp1:TrackPointExtension>
</extensions>
</trkpt>
<trkpt lat="59.11668532" lon="17.41284032">
<ele>73.6</ele>
<time>2026-09-20T10:06:08Z</time>
<extensions>
<tp1:TrackPointExtension>
<tp1:hr>161</tp1:hr>
</tp1:TrackPointExtension>
</extensions>
</trkpt>
<trkpt lat="59.11668037" lon="17.41279322">
<ele>73.6</ele>
<time>2026-09-20T10:06:09Z</time>
<extensions>
<tp1:TrackPointExtension>
<tp1:hr>162</tp1:hr>
</tp1:TrackPointExtension>
</extensions>
</trkpt>
<trkpt lat="59.11666134" lon="17.41274946">
<ele>73.8</ele>
<time>2026-09-20T10:06:10Z</time>
<extensions>
<tp1:TrackPointExtension>
<tp1:hr>162</tp1:hr>
</tp1:TrackPointExtension>
</extensions>
</trkpt>
<trkpt lat="59.11665279" lon="17.41267914">
<ele>73.8</ele>
<time>2026-09-20T10:06:11Z</time>
<extensions>
<tp1:TrackPointExtension>
<tp1:hr>162</tp1:hr>
</tp1:TrackPointExtension>
</extensions>
</trkpt>
<trkpt lat="59.11663519" lon="17.41263656">
<ele>74.0</ele>
<time>2026-09-20T10:06:12Z</time>
<extensions>
<tp1:TrackPointExtension>
<tp1:hr>162</tp1:hr>
</tp1:TrackPointExtension>
</extensions>
</trkpt>
<trkpt lat="59.1166082" lon="17.41257789">
<ele>74.0</ele>
<time>2026-09-20T10:06:13Z</time>
<extensions>
<tp1:TrackPointExtension>
<tp1:hr>162</tp1:hr>
</tp1:TrackPointExtension>
</extensions>
</trkpt>
<trkpt lat="59.11657585" lon="17.4125348">
<ele>74.2</ele>
<time>2026-09-20T10:06:14Z</time>
<extensions>
<tp1:TrackPointExtension>
<tp1:hr>162</tp1:hr>
</tp1:TrackPointExtension>
</extensions>
</trkpt>
<trkpt lat="59.1165414" lon="17.41250605">
<ele>73.8</ele>
<time>2026-09-20T10:06:15Z</time>
<extensions>
<tp1:TrackPointExtension>
<tp1:hr>162</tp1:hr>
</tp1:TrackPointExtension>
</extensions>
</trkpt>
<trkpt lat="59.11650863" lon="17.41248594">
<ele>73.4</ele>
<time>2026-09-20T10:06:16Z</time>
<extensions>
<tp1:TrackPointExtension>
<tp1:hr>162</tp1:hr>
</tp1:TrackPointExtension>
</extensions>
</trkpt>
<trkpt lat="59.11648038" lon="17.41246196">
<ele>73.0</ele>
<time>2026-09-20T10:06:17Z</time>
<extensions>
<tp1:TrackPointExtension>
<tp1:hr>162</tp1:hr>
</tp1:TrackPointExtension>
</extensions>
</trkpt>
<trkpt lat="59.11643964" lon="17.41244428">
<ele>72.2</ele>
<time>2026-09-20T10:06:18Z</time>
<extensions>
<tp1:TrackPointExtension>
<tp1:hr>162</tp1:hr>
</tp1:TrackPointExtension>
</extensions>
</trkpt>
<trkpt lat="59.11641215" lon="17.41243506">
<ele>71.4</ele>
<time>2026-09-20T10:06:19Z</time>
<extensions>
<tp1:TrackPointExtension>
<tp1:hr>162</tp1:hr>
</tp1:TrackPointExtension>
</extensions>
</trkpt>
<trkpt lat="59.1163834" lon="17.41242802">
<ele>71.0</ele>
<time>2026-09-20T10:06:20Z</time>
<extensions>
<tp1:TrackPointExtension>
<tp1:hr>161</tp1:hr>
</tp1:TrackPointExtension>
</extensions>
</trkpt>
<trkpt lat="59.11636018" lon="17.41240824">
<ele>70.6</ele>
<time>2026-09-20T10:06:21Z</time>
<extensions>
<tp1:TrackPointExtension>
<tp1:hr>161</tp1:hr>
</tp1:TrackPointExtension>
</extensions>
</trkpt>
<trkpt lat="59.11633654" lon="17.41238175">
<ele>70.6</ele>
<time>2026-09-20T10:06:22Z</time>
<extensions>
<tp1:TrackPointExtension>
<tp1:hr>161</tp1:hr>
</tp1:TrackPointExtension>
</extensions>
</trkpt>
<trkpt lat="59.11631173" lon="17.41236348">
<ele>70.6</ele>
<time>2026-09-20T10:06:23Z</time>
<extensions>
<tp1:TrackPointExtension>
<tp1:hr>161</tp1:hr>
</tp1:TrackPointExtension>
</extensions>
</trkpt>
<trkpt lat="59.11628215" lon="17.4123333">
<ele>70.6</ele>
<time>2026-09-20T10:06:24Z</time>
<extensions>
<tp1:TrackPointExtension>
<tp1:hr>160</tp1:hr>
</tp1:TrackPointExtension>
</extensions>
</trkpt>
<trkpt lat="59.11625717" lon="17.41230179">
<ele>70.8</ele>
<time>2026-09-20T10:06:25Z</time>
<extensions>
<tp1:TrackPointExtension>
<tp1:hr>160</tp1:hr>
</tp1:TrackPointExtension>
</extensions>
</trkpt>
<trkpt lat="59.11623529" lon="17.4122924">
<ele>70.8</ele>
<time>2026-09-20T10:06:26Z</time>
<extensions>
<tp1:TrackPointExtension>
<tp1:hr>160</tp1:hr>
</tp1:TrackPointExtension>
</extensions>
</trkpt>
<trkpt lat="59.11620788" lon="17.41230472">
<ele>71.0</ele>
<time>2026-09-20T10:06:27Z</time>
<extensions>
<tp1:TrackPointExtension>
<tp1:hr>160</tp1:hr>
</tp1:TrackPointExtension>
</extensions>
</trkpt>
<trkpt lat="59.11617846" lon="17.41231017">
<ele>71.0</ele>
<time>2026-09-20T10:06:28Z</time>
<extensions>
<tp1:TrackPointExtension>
<tp1:hr>161</tp1:hr>
</tp1:TrackPointExtension>
</extensions>
</trkpt>
<trkpt lat="59.11615181" lon="17.41230296">
<ele>71.4</ele>
<time>2026-09-20T10:06:29Z</time>
<extensions>
<tp1:TrackPointExtension>
<tp1:hr>160</tp1:hr>
</tp1:TrackPointExtension>
</extensions>
</trkpt>
<trkpt lat="59.11612825" lon="17.4123131">
<ele>71.6</ele>
<time>2026-09-20T10:06:30Z</time>
<extensions>
<tp1:TrackPointExtension>
<tp1:hr>159</tp1:hr>
</tp1:TrackPointExtension>
</extensions>
</trkpt>
<trkpt lat="59.11609967" lon="17.41232911">
<ele>71.6</ele>
<time>2026-09-20T10:06:31Z</time>
<extensions>
<tp1:TrackPointExtension>
<tp1:hr>159</tp1:hr>
</tp1:TrackPointExtension>
</extensions>
</trkpt>
<trkpt lat="59.11606799" lon="17.41234185">
<ele>71.8</ele>
<time>2026-09-20T10:06:32Z</time>
<extensions>
<tp1:TrackPointExtension>
<tp1:hr>160</tp1:hr>
</tp1:TrackPointExtension>
</extensions>
</trkpt>
<trkpt lat="59.11602926" lon="17.41236658">
<ele>71.8</ele>
<time>2026-09-20T10:06:33Z</time>
<extensions>
<tp1:TrackPointExtension>
<tp1:hr>160</tp1:hr>
</tp1:TrackPointExtension>
</extensions>
</trkpt>
<trkpt lat="59.11600127" lon="17.41237823">
<ele>71.4</ele>
<time>2026-09-20T10:06:34Z</time>
<extensions>
<tp1:TrackPointExtension>
<tp1:hr>160</tp1:hr>
</tp1:TrackPointExtension>
</extensions>
</trkpt>
<trkpt lat="59.11596464" lon="17.41239063">
<ele>71.0</ele>
<time>2026-09-20T10:06:35Z</time>
<extensions>
<tp1:TrackPointExtension>
<tp1:hr>159</tp1:hr>
</tp1:TrackPointExtension>
</extensions>
</trkpt>
<trkpt lat="59.11592575" lon="17.41240807">
<ele>70.8</ele>
<time>2026-09-20T10:06:36Z</time>
<extensions>
<tp1:TrackPointExtension>
<tp1:hr>160</tp1:hr>
</tp1:TrackPointExtension>
</extensions>
</trkpt>
<trkpt lat="59.11589507" lon="17.41241519">
<ele>70.8</ele>
<time>2026-09-20T10:06:37Z</time>
<extensions>
<tp1:TrackPointExtension>
<tp1:hr>160</tp1:hr>
</tp1:TrackPointExtension>
</extensions>
</trkpt>
<trkpt lat="59.11585978" lon="17.41242223">
<ele>70.8</ele>
<time>2026-09-20T10:06:38Z</time>
<extensions>
<tp1:TrackPointExtension>
<tp1:hr>160</tp1:hr>
</tp1:TrackPointExtension>
</extensions>
</trkpt>
<trkpt lat="59.11581888" lon="17.41243321">
<ele>71.0</ele>
<time>2026-09-20T10:06:39Z</time>
<extensions>
<tp1:TrackPointExtension>
<tp1:hr>159</tp1:hr>
</tp1:TrackPointExtension>
</extensions>
</trkpt>
<trkpt lat="59.11579323" lon="17.41242047">
<ele>71.2</ele>
<time>2026-09-20T10:06:40Z</time>
<extensions>
<tp1:TrackPointExtension>
<tp1:hr>160</tp1:hr>
</tp1:TrackPointExtension>
</extensions>
</trkpt>
<trkpt lat="59.11577068" lon="17.41241536">
<ele>71.4</ele>
<time>2026-09-20T10:06:41Z</time>
<extensions>
<tp1:TrackPointExtension>
<tp1:hr>160</tp1:hr>
</tp1:TrackPointExtension>
</extensions>
</trkpt>
<trkpt lat="59.11574143" lon="17.4124048">
<ele>71.6</ele>
<time>2026-09-20T10:06:42Z</time>
<extensions>
<tp1:TrackPointExtension>
<tp1:hr>160</tp1:hr>
</tp1:TrackPointExtension>
</extensions>
</trkpt>
<trkpt lat="59.11571855" lon="17.41241226">
<ele>71.8</ele>
<time>2026-09-20T10:06:43Z</time>
<extensions>
<tp1:TrackPointExtension>
<tp1:hr>160</tp1:hr>
</tp1:TrackPointExtension>
</extensions>
</trkpt>
<trkpt lat="59.11569349" lon="17.41239558">
<ele>72.2</ele>
<time>2026-09-20T10:06:44Z</time>
<extensions>
<tp1:TrackPointExtension>
<tp1:hr>160</tp1:hr>
</tp1:TrackPointExtension>
</extensions>
</trkpt>
<trkpt lat="59.1156696" lon="17.41239055">
<ele>72.4</ele>
<time>2026-09-20T10:06:45Z</time>
<extensions>
<tp1:TrackPointExtension>
<tp1:hr>159</tp1:hr>
</tp1:TrackPointExtension>
</extensions>
</trkpt>
<trkpt lat="59.11564579" lon="17.41239902">
<ele>72.6</ele>
<time>2026-09-20T10:06:46Z</time>
<extensions>
<tp1:TrackPointExtension>
<tp1:hr>159</tp1:hr>
</tp1:TrackPointExtension>
</extensions>
</trkpt>
<trkpt lat="59.11561453" lon="17.41237815">
<ele>73.0</ele>
<time>2026-09-20T10:06:47Z</time>
<extensions>
<tp1:TrackPointExtension>
<tp1:hr>159</tp1:hr>
</tp1:TrackPointExtension>
</extensions>
</trkpt>
<trkpt lat="59.11559366" lon="17.41237597">
<ele>73.5</ele>
<time>2026-09-20T10:06:48Z</time>
<extensions>
<tp1:TrackPointExtension>
<tp1:hr>158</tp1:hr>
</tp1:TrackPointExtension>
</extensions>
</trkpt>
<trkpt lat="59.11557287" lon="17.41237756">
<ele>73.9</ele>
<time>2026-09-20T10:06:49Z</time>
<extensions>
<tp1:TrackPointExtension>
<tp1:hr>157</tp1:hr>
</tp1:TrackPointExtension>
</extensions>
</trkpt>
<trkpt lat="59.11554823" lon="17.41237722">
<ele>74.3</ele>
<time>2026-09-20T10:06:50Z</time>
<extensions>
<tp1:TrackPointExtension>
<tp1:hr>157</tp1:hr>
</tp1:TrackPointExtension>
</extensions>
</trkpt>
<trkpt lat="59.11552601" lon="17.41237471">
<ele>74.7</ele>
<time>2026-09-20T10:06:51Z</time>
<extensions>
<tp1:TrackPointExtension>
<tp1:hr>157</tp1:hr>
</tp1:TrackPointExtension>
</extensions>
</trkpt>
<trkpt lat="59.1155085" lon="17.41235887">
<ele>74.9</ele>
<time>2026-09-20T10:06:52Z</time>
<extensions>
<tp1:TrackPointExtension>
<tp1:hr>156</tp1:hr>
</tp1:TrackPointExtension>
</extensions>
</trkpt>
<trkpt lat="59.11548494" lon="17.4123235">
<ele>75.1</ele>
<time>2026-09-20T10:06:53Z</time>
<extensions>
<tp1:TrackPointExtension>
<tp1:hr>157</tp1:hr>
</tp1:TrackPointExtension>
</extensions>
</trkpt>
<trkpt lat="59.11545837" lon="17.41228167">
<ele>75.5</ele>
<time>2026-09-20T10:06:54Z</time>
<extensions>
<tp1:TrackPointExtension>
<tp1:hr>157</tp1:hr>
</tp1:TrackPointExtension>
</extensions>
</trkpt>
<trkpt lat="59.11543583" lon="17.41225602">
<ele>75.7</ele>
<time>2026-09-20T10:06:55Z</time>
<extensions>
<tp1:TrackPointExtension>
<tp1:hr>158</tp1:hr>
</tp1:TrackPointExtension>
</extensions>
</trkpt>
<trkpt lat="59.11541772" lon="17.41224412">
<ele>76.1</ele>
<time>2026-09-20T10:06:56Z</time>
<extensions>
<tp1:TrackPointExtension>
<tp1:hr>158</tp1:hr>
</tp1:TrackPointExtension>
</extensions>
</trkpt>
<trkpt lat="59.11539224" lon="17.41221671">
<ele>76.3</ele>
<time>2026-09-20T10:06:57Z</time>
<extensions>
<tp1:TrackPointExtension>
<tp1:hr>159</tp1:hr>
</tp1:TrackPointExtension>
</extensions>
</trkpt>
<trkpt lat="59.11536089" lon="17.41220087">
<ele>76.5</ele>
<time>2026-09-20T10:06:58Z</time>
<extensions>
<tp1:TrackPointExtension>
<tp1:hr>160</tp1:hr>
</tp1:TrackPointExtension>
</extensions>
</trkpt>
<trkpt lat="59.11534505" lon="17.41220942">
<ele>76.7</ele>
<time>2026-09-20T10:06:59Z</time>
<extensions>
<tp1:TrackPointExtension>
<tp1:hr>160</tp1:hr>
</tp1:TrackPointExtension>
</extensions>
</trkpt>
<trkpt lat="59.11532133" lon="17.41220715">
<ele>76.9</ele>
<time>2026-09-20T10:07:00Z</time>
<extensions>
<tp1:TrackPointExtension>
<tp1:hr>161</tp1:hr>
</tp1:TrackPointExtension>
</extensions>
</trkpt>
<trkpt lat="59.11528797" lon="17.41219349">
<ele>77.1</ele>
<time>2026-09-20T10:07:01Z</time>
<extensions>
<tp1:TrackPointExtension>
<tp1:hr>162</tp1:hr>
</tp1:TrackPointExtension>
</extensions>
</trkpt>
<trkpt lat="59.11527288" lon="17.41218226">
<ele>77.3</ele>
<time>2026-09-20T10:07:02Z</time>
<extensions>
<tp1:TrackPointExtension>
<tp1:hr>162</tp1:hr>
</tp1:TrackPointExtension>
</extensions>
</trkpt>
<trkpt lat="59.11525352" lon="17.41218067">
<ele>77.5</ele>
<time>2026-09-20T10:07:03Z</time>
<extensions>
<tp1:TrackPointExtension>
<tp1:hr>163</tp1:hr>
</tp1:TrackPointExtension>
</extensions>
</trkpt>
<trkpt lat="59.11523407" lon="17.41215644">
<ele>77.7</ele>
<time>2026-09-20T10:07:04Z</time>
<extensions>
<tp1:TrackPointExtension>
<tp1:hr>163</tp1:hr>
</tp1:TrackPointExtension>
</extensions>
</trkpt>
<trkpt lat="59.11521798" lon="17.41214622">
<ele>78.1</ele>
<time>2026-09-20T10:07:05Z</time>
<extensions>
<tp1:TrackPointExtension>
<tp1:hr>164</tp1:hr>
</tp1:TrackPointExtension>
</extensions>
</trkpt>
<trkpt lat="59.11521035" lon="17.41213976">
<ele>78.3</ele>
<time>2026-09-20T10:07:06Z</time>
<extensions>
<tp1:TrackPointExtension>
<tp1:hr>164</tp1:hr>
</tp1:TrackPointExtension>
</extensions>
</trkpt>
<trkpt lat="59.11519065" lon="17.41212359">
<ele>78.9</ele>
<time>2026-09-20T10:07:07Z</time>
<extensions>
<tp1:TrackPointExtension>
<tp1:hr>165</tp1:hr>
</tp1:TrackPointExtension>
</extensions>
</trkpt>
<trkpt lat="59.11517481" lon="17.41209283">
<ele>79.1</ele>
<time>2026-09-20T10:07:08Z</time>
<extensions>
<tp1:TrackPointExtension>
<tp1:hr>166</tp1:hr>
</tp1:TrackPointExtension>
</extensions>
</trkpt>
<trkpt lat="59.11515981" lon="17.4120738">
<ele>79.5</ele>
<time>2026-09-20T10:07:09Z</time>
<extensions>
<tp1:TrackPointExtension>
<tp1:hr>166</tp1:hr>
</tp1:TrackPointExtension>
</extensions>
</trkpt>
<trkpt lat="59.11513885" lon="17.41205745">
<ele>79.7</ele>
<time>2026-09-20T10:07:10Z</time>
<extensions>
<tp1:TrackPointExtension>
<tp1:hr>167</tp1:hr>
</tp1:TrackPointExtension>
</extensions>
</trkpt>
<trkpt lat="59.11512595" lon="17.41204631">
<ele>79.9</ele>
<time>2026-09-20T10:07:11Z</time>
<extensions>
<tp1:TrackPointExtension>
<tp1:hr>167</tp1:hr>
</tp1:TrackPointExtension>
</extensions>
</trkpt>
<trkpt lat="59.11510876" lon="17.41202518">
<ele>79.9</ele>
<time>2026-09-20T10:07:12Z</time>
<extensions>
<tp1:TrackPointExtension>
<tp1:hr>167</tp1:hr>
</tp1:TrackPointExtension>
</extensions>
</trkpt>
<trkpt lat="59.11509736" lon="17.41201328">
<ele>80.1</ele>
<time>2026-09-20T10:07:13Z</time>
<extensions>
<tp1:TrackPointExtension>
<tp1:hr>168</tp1:hr>
</tp1:TrackPointExtension>
</extensions>
</trkpt>
<trkpt lat="59.11509401" lon="17.41201454">
<ele>80.3</ele>
<time>2026-09-20T10:07:14Z</time>
<extensions>
<tp1:TrackPointExtension>
<tp1:hr>168</tp1:hr>
</tp1:TrackPointExtension>
</extensions>
</trkpt>
<trkpt lat="59.11508404" lon="17.4120049">
<ele>80.7</ele>
<time>2026-09-20T10:07:15Z</time>
<extensions>
<tp1:TrackPointExtension>
<tp1:hr>168</tp1:hr>
</tp1:TrackPointExtension>
</extensions>
</trkpt>
<trkpt lat="59.11506291" lon="17.41199115">
<ele>81.1</ele>
<time>2026-09-20T10:07:16Z</time>
<extensions>
<tp1:TrackPointExtension>
<tp1:hr>169</tp1:hr>
</tp1:TrackPointExtension>
</extensions>
</trkpt>
<trkpt lat="59.11503802" lon="17.4119676">
<ele>81.5</ele>
<time>2026-09-20T10:07:17Z</time>
<extensions>
<tp1:TrackPointExtension>
<tp1:hr>168</tp1:hr>
</tp1:TrackPointExtension>
</extensions>
</trkpt>
<trkpt lat="59.11501128" lon="17.4119303">
<ele>81.7</ele>
<time>2026-09-20T10:07:18Z</time>
<extensions>
<tp1:TrackPointExtension>
<tp1:hr>168</tp1:hr>
</tp1:TrackPointExtension>
</extensions>
</trkpt>
<trkpt lat="59.11499075" lon="17.41190717">
<ele>81.9</ele>
<time>2026-09-20T10:07:19Z</time>
<extensions>
<tp1:TrackPointExtension>
<tp1:hr>167</tp1:hr>
</tp1:TrackPointExtension>
</extensions>
</trkpt>
<trkpt lat="59.11497667" lon="17.41187238">
<ele>82.1</ele>
<time>2026-09-20T10:07:20Z</time>
<extensions>
<tp1:TrackPointExtension>
<tp1:hr>167</tp1:hr>
</tp1:TrackPointExtension>
</extensions>
</trkpt>
<trkpt lat="59.11495605" lon="17.41184765">
<ele>81.9</ele>
<time>2026-09-20T10:07:21Z</time>
<extensions>
<tp1:TrackPointExtension>
<tp1:hr>167</tp1:hr>
</tp1:TrackPointExtension>
</extensions>
</trkpt>
<trkpt lat="59.11493769" lon="17.41183064">
<ele>82.1</ele>
<time>2026-09-20T10:07:22Z</time>
<extensions>
<tp1:TrackPointExtension>
<tp1:hr>167</tp1:hr>
</tp1:TrackPointExtension>
</extensions>
</trkpt>
<trkpt lat="59.11491154" lon="17.41182234">
<ele>81.9</ele>
<time>2026-09-20T10:07:23Z</time>
<extensions>
<tp1:TrackPointExtension>
<tp1:hr>167</tp1:hr>
</tp1:TrackPointExtension>
</extensions>
</trkpt>
<trkpt lat="59.11489318" lon="17.41182201">
<ele>82.1</ele>
<time>2026-09-20T10:07:24Z</time>
<extensions>
<tp1:TrackPointExtension>
<tp1:hr>166</tp1:hr>
</tp1:TrackPointExtension>
</extensions>
</trkpt>
<trkpt lat="59.11487667" lon="17.41179552">
<ele>82.3</ele>
<time>2026-09-20T10:07:25Z</time>
<extensions>
<tp1:TrackPointExtension>
<tp1:hr>166</tp1:hr>
</tp1:TrackPointExtension>
</extensions>
</trkpt>
<trkpt lat="59.11485312" lon="17.41177012">
<ele>82.7</ele>
<time>2026-09-20T10:07:26Z</time>
<extensions>
<tp1:TrackPointExtension>
<tp1:hr>165</tp1:hr>
</tp1:TrackPointExtension>
</extensions>
</trkpt>
<trkpt lat="59.11483166" lon="17.41174632">
<ele>82.9</ele>
<time>2026-09-20T10:07:27Z</time>
<extensions>
<tp1:TrackPointExtension>
<tp1:hr>165</tp1:hr>
</tp1:TrackPointExtension>
</extensions>
</trkpt>
<trkpt lat="59.11481062" lon="17.41172167">
<ele>83.1</ele>
<time>2026-09-20T10:07:28Z</time>
<extensions>
<tp1:TrackPointExtension>
<tp1:hr>164</tp1:hr>
</tp1:TrackPointExtension>
</extensions>
</trkpt>
<trkpt lat="59.11478254" lon="17.41169259">
<ele>83.1</ele>
<time>2026-09-20T10:07:29Z</time>
<extensions>
<tp1:TrackPointExtension>
<tp1:hr>163</tp1:hr>
</tp1:TrackPointExtension>
</extensions>
</trkpt>
<trkpt lat="59.11475966" lon="17.41166627">
<ele>83.1</ele>
<time>2026-09-20T10:07:30Z</time>
<extensions>
<tp1:TrackPointExtension>
<tp1:hr>163</tp1:hr>
</tp1:TrackPointExtension>
</extensions>
</trkpt>
<trkpt lat="59.11474105" lon="17.41164263">
<ele>83.3</ele>
<time>2026-09-20T10:07:31Z</time>
<extensions>
<tp1:TrackPointExtension>
<tp1:hr>163</tp1:hr>
</tp1:TrackPointExtension>
</extensions>
</trkpt>
<trkpt lat="59.11472236" lon="17.41160248">
<ele>83.5</ele>
<time>2026-09-20T10:07:32Z</time>
<extensions>
<tp1:TrackPointExtension>
<tp1:hr>163</tp1:hr>
</tp1:TrackPointExtension>
</extensions>
</trkpt>
<trkpt lat="59.1147014" lon="17.41156552">
<ele>83.7</ele>
<time>2026-09-20T10:07:33Z</time>
<extensions>
<tp1:TrackPointExtension>
<tp1:hr>163</tp1:hr>
</tp1:TrackPointExtension>
</extensions>
</trkpt>
<trkpt lat="59.11467659" lon="17.41156192">
<ele>84.1</ele>
<time>2026-09-20T10:07:34Z</time>
<extensions>
<tp1:TrackPointExtension>
<tp1:hr>164</tp1:hr>
</tp1:TrackPointExtension>
</extensions>
</trkpt>
<trkpt lat="59.11464508" lon="17.4115542">
<ele>84.3</ele>
<time>2026-09-20T10:07:35Z</time>
<extensions>
<tp1:TrackPointExtension>
<tp1:hr>164</tp1:hr>
</tp1:TrackPointExtension>
</extensions>
</trkpt>
<trkpt lat="59.11462504" lon="17.41155018">
<ele>84.7</ele>
<time>2026-09-20T10:07:36Z</time>
<extensions>
<tp1:TrackPointExtension>
<tp1:hr>164</tp1:hr>
</tp1:TrackPointExtension>
</extensions>
</trkpt>
<trkpt lat="59.11461465" lon="17.4115501">
<ele>85.1</ele>
<time>2026-09-20T10:07:37Z</time>
<extensions>
<tp1:TrackPointExtension>
<tp1:hr>165</tp1:hr>
</tp1:TrackPointExtension>
</extensions>
</trkpt>
<trkpt lat="59.11459453" lon="17.41153618">
<ele>85.5</ele>
<time>2026-09-20T10:07:38Z</time>
<extensions>
<tp1:TrackPointExtension>
<tp1:hr>165</tp1:hr>
</tp1:TrackPointExtension>
</extensions>
</trkpt>
<trkpt lat="59.11456796" lon="17.41151875">
<ele>85.9</ele>
<time>2026-09-20T10:07:39Z</time>
<extensions>
<tp1:TrackPointExtension>
<tp1:hr>165</tp1:hr>
</tp1:TrackPointExtension>
</extensions>
</trkpt>
<trkpt lat="59.1145491" lon="17.4115221">
<ele>86.1</ele>
<time>2026-09-20T10:07:40Z</time>
<extensions>
<tp1:TrackPointExtension>
<tp1:hr>164</tp1:hr>
</tp1:TrackPointExtension>
</extensions>
</trkpt>
<trkpt lat="59.1145305" lon="17.41152252">
<ele>86.1</ele>
<time>2026-09-20T10:07:41Z</time>
<extensions>
<tp1:TrackPointExtension>
<tp1:hr>164</tp1:hr>
</tp1:TrackPointExtension>
</extensions>
</trkpt>
<trkpt lat="59.11451868" lon="17.41149285">
<ele>86.1</ele>
<time>2026-09-20T10:07:42Z</time>
<extensions>
<tp1:TrackPointExtension>
<tp1:hr>164</tp1:hr>
</tp1:TrackPointExtension>
</extensions>
</trkpt>
<trkpt lat="59.11450175" lon="17.41146242">
<ele>85.9</ele>
<time>2026-09-20T10:07:43Z</time>
<extensions>
<tp1:TrackPointExtension>
<tp1:hr>164</tp1:hr>
</tp1:TrackPointExtension>
</extensions>
</trkpt>
<trkpt lat="59.11448431" lon="17.41143468">
<ele>85.9</ele>
<time>2026-09-20T10:07:44Z</time>
<extensions>
<tp1:TrackPointExtension>
<tp1:hr>164</tp1:hr>
</tp1:TrackPointExtension>
</extensions>
</trkpt>
<trkpt lat="59.11446227" lon="17.41142839">
<ele>86.1</ele>
<time>2026-09-20T10:07:45Z</time>
<extensions>
<tp1:TrackPointExtension>
<tp1:hr>164</tp1:hr>
</tp1:TrackPointExtension>
</extensions>
</trkpt>
<trkpt lat="59.11444475" lon="17.41143661">
<ele>86.3</ele>
<time>2026-09-20T10:07:46Z</time>
<extensions>
<tp1:TrackPointExtension>
<tp1:hr>164</tp1:hr>
</tp1:TrackPointExtension>
</extensions>
</trkpt>
<trkpt lat="59.11441776" lon="17.4114522">
<ele>86.7</ele>
<time>2026-09-20T10:07:47Z</time>
<extensions>
<tp1:TrackPointExtension>
<tp1:hr>164</tp1:hr>
</tp1:TrackPointExtension>
</extensions>
</trkpt>
<trkpt lat="59.11439379" lon="17.41147282">
<ele>86.7</ele>
<time>2026-09-20T10:07:48Z</time>
<extensions>
<tp1:TrackPointExtension>
<tp1:hr>164</tp1:hr>
</tp1:TrackPointExtension>
</extensions>
</trkpt>
<trkpt lat="59.11437174" lon="17.4114532">
<ele>86.7</ele>
<time>2026-09-20T10:07:49Z</time>
<extensions>
<tp1:TrackPointExtension>
<tp1:hr>164</tp1:hr>
</tp1:TrackPointExtension>
</extensions>
</trkpt>
<trkpt lat="59.1143502" lon="17.41141791">
<ele>86.5</ele>
<time>2026-09-20T10:07:50Z</time>
<extensions>
<tp1:TrackPointExtension>
<tp1:hr>164</tp1:hr>
</tp1:TrackPointExtension>
</extensions>
</trkpt>
<trkpt lat="59.11432598" lon="17.41140291">
<ele>86.3</ele>
<time>2026-09-20T10:07:51Z</time>
<extensions>
<tp1:TrackPointExtension>
<tp1:hr>164</tp1:hr>
</tp1:TrackPointExtension>
</extensions>
</trkpt>
<trkpt lat="59.11430678" lon="17.41139864">
<ele>86.1</ele>
<time>2026-09-20T10:07:52Z</time>
<extensions>
<tp1:TrackPointExtension>
<tp1:hr>163</tp1:hr>
</tp1:TrackPointExtension>
</extensions>
</trkpt>
<trkpt lat="59.11427678" lon="17.41138942">
<ele>86.1</ele>
<time>2026-09-20T10:07:53Z</time>
<extensions>
<tp1:TrackPointExtension>
<tp1:hr>163</tp1:hr>
</tp1:TrackPointExtension>
</extensions>
</trkpt>
<trkpt lat="59.11424702" lon="17.41134734">
<ele>86.1</ele>
<time>2026-09-20T10:07:54Z</time>
<extensions>
<tp1:TrackPointExtension>
<tp1:hr>163</tp1:hr>
</tp1:TrackPointExtension>
</extensions>
</trkpt>
<trkpt lat="59.11421978" lon="17.41131641">
<ele>86.1</ele>
<time>2026-09-20T10:07:55Z</time>
<extensions>
<tp1:TrackPointExtension>
<tp1:hr>163</tp1:hr>
</tp1:TrackPointExtension>
</extensions>
</trkpt>
<trkpt lat="59.11420193" lon="17.41129529">
<ele>85.9</ele>
<time>2026-09-20T10:07:56Z</time>
<extensions>
<tp1:TrackPointExtension>
<tp1:hr>163</tp1:hr>
</tp1:TrackPointExtension>
</extensions>
</trkpt>
<trkpt lat="59.11417837" lon="17.4112911">
<ele>85.4</ele>
<time>2026-09-20T10:07:57Z</time>
<extensions>
<tp1:TrackPointExtension>
<tp1:hr>162</tp1:hr>
</tp1:TrackPointExtension>
</extensions>
</trkpt>
<trkpt lat="59.11414828" lon="17.41129613">
<ele>85.0</ele>
<time>2026-09-20T10:07:58Z</time>
<extensions>
<tp1:TrackPointExtension>
<tp1:hr>162</tp1:hr>
</tp1:TrackPointExtension>
</extensions>
</trkpt>
<trkpt lat="59.11412322" lon="17.41128322">
<ele>84.6</ele>
<time>2026-09-20T10:07:59Z</time>
<extensions>
<tp1:TrackPointExtension>
<tp1:hr>162</tp1:hr>
</tp1:TrackPointExtension>
</extensions>
</trkpt>
<trkpt lat="59.11409522" lon="17.41127048">
<ele>84.2</ele>
<time>2026-09-20T10:08:00Z</time>
<extensions>
<tp1:TrackPointExtension>
<tp1:hr>162</tp1:hr>
</tp1:TrackPointExtension>
</extensions>
</trkpt>
<trkpt lat="59.11407511" lon="17.41129068">
<ele>84.0</ele>
<time>2026-09-20T10:08:01Z</time>
<extensions>
<tp1:TrackPointExtension>
<tp1:hr>161</tp1:hr>
</tp1:TrackPointExtension>
</extensions>
</trkpt>
<trkpt lat="59.11405449" lon="17.41129956">
<ele>83.6</ele>
<time>2026-09-20T10:08:02Z</time>
<extensions>
<tp1:TrackPointExtension>
<tp1:hr>162</tp1:hr>
</tp1:TrackPointExtension>
</extensions>
</trkpt>
<trkpt lat="59.11402146" lon="17.41129562">
<ele>83.4</ele>
<time>2026-09-20T10:08:03Z</time>
<extensions>
<tp1:TrackPointExtension>
<tp1:hr>162</tp1:hr>
</tp1:TrackPointExtension>
</extensions>
</trkpt>
<trkpt lat="59.11399012" lon="17.41127953">
<ele>83.2</ele>
<time>2026-09-20T10:08:04Z</time>
<extensions>
<tp1:TrackPointExtension>
<tp1:hr>162</tp1:hr>
</tp1:TrackPointExtension>
</extensions>
</trkpt>
<trkpt lat="59.11396748" lon="17.41126293">
<ele>82.8</ele>
<time>2026-09-20T10:08:05Z</time>
<extensions>
<tp1:TrackPointExtension>
<tp1:hr>162</tp1:hr>
</tp1:TrackPointExtension>
</extensions>
</trkpt>
<trkpt lat="59.11394435" lon="17.41124114">
<ele>82.0</ele>
<time>2026-09-20T10:08:06Z</time>
<extensions>
<tp1:TrackPointExtension>
<tp1:hr>162</tp1:hr>
</tp1:TrackPointExtension>
</extensions>
</trkpt>
<trkpt lat="59.11392272" lon="17.41121683">
<ele>81.6</ele>
<time>2026-09-20T10:08:07Z</time>
<extensions>
<tp1:TrackPointExtension>
<tp1:hr>162</tp1:hr>
</tp1:TrackPointExtension>
</extensions>
</trkpt>
<trkpt lat="59.11389708" lon="17.41119278">
<ele>81.4</ele>
<time>2026-09-20T10:08:08Z</time>
<extensions>
<tp1:TrackPointExtension>
<tp1:hr>162</tp1:hr>
</tp1:TrackPointExtension>
</extensions>
</trkpt>
<trkpt lat="59.1138674" lon="17.41116797">
<ele>81.4</ele>
<time>2026-09-20T10:08:09Z</time>
<extensions>
<tp1:TrackPointExtension>
<tp1:hr>162</tp1:hr>
</tp1:TrackPointExtension>
</extensions>
</trkpt>
<trkpt lat="59.11384419" lon="17.41114701">
<ele>81.4</ele>
<time>2026-09-20T10:08:10Z</time>
<extensions>
<tp1:TrackPointExtension>
<tp1:hr>161</tp1:hr>
</tp1:TrackPointExtension>
</extensions>
</trkpt>
<trkpt lat="59.11382164" lon="17.4111212">
<ele>81.4</ele>
<time>2026-09-20T10:08:11Z</time>
<extensions>
<tp1:TrackPointExtension>
<tp1:hr>161</tp1:hr>
</tp1:TrackPointExtension>
</extensions>
</trkpt>
<trkpt lat="59.11380613" lon="17.41109194">
<ele>81.4</ele>
<time>2026-09-20T10:08:12Z</time>
<extensions>
<tp1:TrackPointExtension>
<tp1:hr>161</tp1:hr>
</tp1:TrackPointExtension>
</extensions>
</trkpt>
<trkpt lat="59.1137835" lon="17.41107518">
<ele>81.4</ele>
<time>2026-09-20T10:08:13Z</time>
<extensions>
<tp1:TrackPointExtension>
<tp1:hr>160</tp1:hr>
</tp1:TrackPointExtension>
</extensions>
</trkpt>
<trkpt lat="59.11376523" lon="17.41107074">
<ele>81.2</ele>
<time>2026-09-20T10:08:14Z</time>
<extensions>
<tp1:TrackPointExtension>
<tp1:hr>160</tp1:hr>
</tp1:TrackPointExtension>
</extensions>
</trkpt>
<trkpt lat="59.1137405" lon="17.41106336">
<ele>81.2</ele>
<time>2026-09-20T10:08:15Z</time>
<extensions>
<tp1:TrackPointExtension>
<tp1:hr>160</tp1:hr>
</tp1:TrackPointExtension>
</extensions>
</trkpt>
<trkpt lat="59.1137193" lon="17.41102849">
<ele>81.0</ele>
<time>2026-09-20T10:08:16Z</time>
<extensions>
<tp1:TrackPointExtension>
<tp1:hr>160</tp1:hr>
</tp1:TrackPointExtension>
</extensions>
</trkpt>
<trkpt lat="59.11370044" lon="17.41100435">
<ele>81.0</ele>
<time>2026-09-20T10:08:17Z</time>
<extensions>
<tp1:TrackPointExtension>
<tp1:hr>160</tp1:hr>
</tp1:TrackPointExtension>
</extensions>
</trkpt>
<trkpt lat="59.11367487" lon="17.41097745">
<ele>80.8</ele>
<time>2026-09-20T10:08:18Z</time>
<extensions>
<tp1:TrackPointExtension>
<tp1:hr>159</tp1:hr>
</tp1:TrackPointExtension>
</extensions>
</trkpt>
<trkpt lat="59.11365031" lon="17.41095372">
<ele>80.8</ele>
<time>2026-09-20T10:08:19Z</time>
<extensions>
<tp1:TrackPointExtension>
<tp1:hr>160</tp1:hr>
</tp1:TrackPointExtension>
</extensions>
</trkpt>
<trkpt lat="59.11362802" lon="17.41092816">
<ele>80.8</ele>
<time>2026-09-20T10:08:20Z</time>
<extensions>
<tp1:TrackPointExtension>
<tp1:hr>160</tp1:hr>
</tp1:TrackPointExtension>
</extensions>
</trkpt>
<trkpt lat="59.11360891" lon="17.41090016">
<ele>80.8</ele>
<time>2026-09-20T10:08:21Z</time>
<extensions>
<tp1:TrackPointExtension>
<tp1:hr>160</tp1:hr>
</tp1:TrackPointExtension>
</extensions>
</trkpt>
<trkpt lat="59.1135898" lon="17.4108725">
<ele>81.0</ele>
<time>2026-09-20T10:08:22Z</time>
<extensions>
<tp1:TrackPointExtension>
<tp1:hr>160</tp1:hr>
</tp1:TrackPointExtension>
</extensions>
</trkpt>
<trkpt lat="59.11357714" lon="17.41085884">
<ele>81.0</ele>
<time>2026-09-20T10:08:23Z</time>
<extensions>
<tp1:TrackPointExtension>
<tp1:hr>159</tp1:hr>
</tp1:TrackPointExtension>
</extensions>
</trkpt>
<trkpt lat="59.11358166" lon="17.41085071">
<ele>81.0</ele>
<time>2026-09-20T10:08:24Z</time>
<extensions>
<tp1:TrackPointExtension>
<tp1:hr>159</tp1:hr>
</tp1:TrackPointExtension>
</extensions>
</trkpt>
<trkpt lat="59.11361167" lon="17.41082833">
<ele>81.0</ele>
<time>2026-09-20T10:08:25Z</time>
<extensions>
<tp1:TrackPointExtension>
<tp1:hr>159</tp1:hr>
</tp1:TrackPointExtension>
</extensions>
</trkpt>
<trkpt lat="59.11363372" lon="17.41082716">
<ele>81.0</ele>
<time>2026-09-20T10:08:26Z</time>
<extensions>
<tp1:TrackPointExtension>
<tp1:hr>159</tp1:hr>
</tp1:TrackPointExtension>
</extensions>
</trkpt>
<trkpt lat="59.11365492" lon="17.41082741">
<ele>80.8</ele>
<time>2026-09-20T10:08:27Z</time>
<extensions>
<tp1:TrackPointExtension>
<tp1:hr>159</tp1:hr>
</tp1:TrackPointExtension>
</extensions>
</trkpt>
<trkpt lat="59.11368568" lon="17.41080293">
<ele>80.8</ele>
<time>2026-09-20T10:08:28Z</time>
<extensions>
<tp1:TrackPointExtension>
<tp1:hr>158</tp1:hr>
</tp1:TrackPointExtension>
</extensions>
</trkpt>
<trkpt lat="59.11371242" lon="17.41078416">
<ele>81.0</ele>
<time>2026-09-20T10:08:29Z</time>
<extensions>
<tp1:TrackPointExtension>
<tp1:hr>159</tp1:hr>
</tp1:TrackPointExtension>
</extensions>
</trkpt>
<trkpt lat="59.11373153" lon="17.41076798">
<ele>81.2</ele>
<time>2026-09-20T10:08:30Z</time>
<extensions>
<tp1:TrackPointExtension>
<tp1:hr>159</tp1:hr>
</tp1:TrackPointExtension>
</extensions>
</trkpt>
<trkpt lat="59.11375869" lon="17.41075817">
<ele>81.4</ele>
<time>2026-09-20T10:08:31Z</time>
<extensions>
<tp1:TrackPointExtension>
<tp1:hr>159</tp1:hr>
</tp1:TrackPointExtension>
</extensions>
</trkpt>
<trkpt lat="59.11377747" lon="17.41074426">
<ele>81.6</ele>
<time>2026-09-20T10:08:32Z</time>
<extensions>
<tp1:TrackPointExtension>
<tp1:hr>159</tp1:hr>
</tp1:TrackPointExtension>
</extensions>
</trkpt>
<trkpt lat="59.11379113" lon="17.41073286">
<ele>81.6</ele>
<time>2026-09-20T10:08:33Z</time>
<extensions>
<tp1:TrackPointExtension>
<tp1:hr>159</tp1:hr>
</tp1:TrackPointExtension>
</extensions>
</trkpt>
<trkpt lat="59.11381099" lon="17.41070948">
<ele>81.8</ele>
<time>2026-09-20T10:08:34Z</time>
<extensions>
<tp1:TrackPointExtension>
<tp1:hr>159</tp1:hr>
</tp1:TrackPointExtension>
</extensions>
</trkpt>
<trkpt lat="59.11382013" lon="17.41065935">
<ele>82.0</ele>
<time>2026-09-20T10:08:35Z</time>
<extensions>
<tp1:TrackPointExtension>
<tp1:hr>160</tp1:hr>
</tp1:TrackPointExtension>
</extensions>
</trkpt>
<trkpt lat="59.11382969" lon="17.41061644">
<ele>82.0</ele>
<time>2026-09-20T10:08:36Z</time>
<extensions>
<tp1:TrackPointExtension>
<tp1:hr>160</tp1:hr>
</tp1:TrackPointExtension>
</extensions>
</trkpt>
<trkpt lat="59.11383882" lon="17.41057076">
<ele>82.2</ele>
<time>2026-09-20T10:08:37Z</time>
<extensions>
<tp1:TrackPointExtension>
<tp1:hr>160</tp1:hr>
</tp1:TrackPointExtension>
</extensions>
</trkpt>
<trkpt lat="59.11385232" lon="17.41053195">
<ele>82.4</ele>
<time>2026-09-20T10:08:38Z</time>
<extensions>
<tp1:TrackPointExtension>
<tp1:hr>160</tp1:hr>
</tp1:TrackPointExtension>
</extensions>
</trkpt>
<trkpt lat="59.11386615" lon="17.41048987">
<ele>82.4</ele>
<time>2026-09-20T10:08:39Z</time>
<extensions>
<tp1:TrackPointExtension>
<tp1:hr>160</tp1:hr>
</tp1:TrackPointExtension>
</extensions>
</trkpt>
<trkpt lat="59.11387889" lon="17.4104467">
<ele>82.6</ele>
<time>2026-09-20T10:08:40Z</time>
<extensions>
<tp1:TrackPointExtension>
<tp1:hr>160</tp1:hr>
</tp1:TrackPointExtension>
</extensions>
</trkpt>
<trkpt lat="59.1138918" lon="17.41039884">
<ele>83.0</ele>
<time>2026-09-20T10:08:41Z</time>
<extensions>
<tp1:TrackPointExtension>
<tp1:hr>160</tp1:hr>
</tp1:TrackPointExtension>
</extensions>
</trkpt>
<trkpt lat="59.11389875" lon="17.41035526">
<ele>83.4</ele>
<time>2026-09-20T10:08:42Z</time>
<extensions>
<tp1:TrackPointExtension>
<tp1:hr>160</tp1:hr>
</tp1:TrackPointExtension>
</extensions>
</trkpt>
<trkpt lat="59.11390554" lon="17.41031519">
<ele>83.6</ele>
<time>2026-09-20T10:08:43Z</time>
<extensions>
<tp1:TrackPointExtension>
<tp1:hr>160</tp1:hr>
</tp1:TrackPointExtension>
</extensions>
</trkpt>
<trkpt lat="59.11391887" lon="17.41025769">
<ele>84.0</ele>
<time>2026-09-20T10:08:44Z</time>
<extensions>
<tp1:TrackPointExtension>
<tp1:hr>160</tp1:hr>
</tp1:TrackPointExtension>
</extensions>
</trkpt>
<trkpt lat="59.11392977" lon="17.41019793">
<ele>84.2</ele>
<time>2026-09-20T10:08:45Z</time>
<extensions>
<tp1:TrackPointExtension>
<tp1:hr>160</tp1:hr>
</tp1:TrackPointExtension>
</extensions>
</trkpt>
<trkpt lat="59.11393622" lon="17.41014739">
<ele>84.2</ele>
<time>2026-09-20T10:08:46Z</time>
<extensions>
<tp1:TrackPointExtension>
<tp1:hr>160</tp1:hr>
</tp1:TrackPointExtension>
</extensions>
</trkpt>
<trkpt lat="59.11394116" lon="17.41009399">
<ele>84.2</ele>
<time>2026-09-20T10:08:47Z</time>
<extensions>
<tp1:TrackPointExtension>
<tp1:hr>160</tp1:hr>
</tp1:TrackPointExtension>
</extensions>
</trkpt>
<trkpt lat="59.1139332" lon="17.41000992">
<ele>84.2</ele>
<time>2026-09-20T10:08:48Z</time>
<extensions>
<tp1:TrackPointExtension>
<tp1:hr>159</tp1:hr>
</tp1:TrackPointExtension>
</extensions>
</trkpt>
<trkpt lat="59.11392616" lon="17.40995594">
<ele>84.4</ele>
<time>2026-09-20T10:08:49Z</time>
<extensions>
<tp1:TrackPointExtension>
<tp1:hr>160</tp1:hr>
</tp1:TrackPointExtension>
</extensions>
</trkpt>
<trkpt lat="59.11391845" lon="17.40989325">
<ele>84.6</ele>
<time>2026-09-20T10:08:50Z</time>
<extensions>
<tp1:TrackPointExtension>
<tp1:hr>160</tp1:hr>
</tp1:TrackPointExtension>
</extensions>
</trkpt>
<trkpt lat="59.11391124" lon="17.40982904">
<ele>84.8</ele>
<time>2026-09-20T10:08:51Z</time>
<extensions>
<tp1:TrackPointExtension>
<tp1:hr>161</tp1:hr>
</tp1:TrackPointExtension>
</extensions>
</trkpt>
<trkpt lat="59.11390219" lon="17.40976945">
<ele>84.8</ele>
<time>2026-09-20T10:08:52Z</time>
<extensions>
<tp1:TrackPointExtension>
<tp1:hr>161</tp1:hr>
</tp1:TrackPointExtension>
</extensions>
</trkpt>
<trkpt lat="59.11390076" lon="17.40971999">
<ele>85.0</ele>
<time>2026-09-20T10:08:53Z</time>
<extensions>
<tp1:TrackPointExtension>
<tp1:hr>162</tp1:hr>
</tp1:TrackPointExtension>
</extensions>
</trkpt>
<trkpt lat="59.11389624" lon="17.40968194">
<ele>85.0</ele>
<time>2026-09-20T10:08:54Z</time>
<extensions>
<tp1:TrackPointExtension>
<tp1:hr>163</tp1:hr>
</tp1:TrackPointExtension>
</extensions>
</trkpt>
<trkpt lat="59.11389959" lon="17.40962645">
<ele>84.8</ele>
<time>2026-09-20T10:08:55Z</time>
<extensions>
<tp1:TrackPointExtension>
<tp1:hr>164</tp1:hr>
</tp1:TrackPointExtension>
</extensions>
</trkpt>
<trkpt lat="59.11389682" lon="17.40958764">
<ele>84.4</ele>
<time>2026-09-20T10:08:56Z</time>
<extensions>
<tp1:TrackPointExtension>
<tp1:hr>165</tp1:hr>
</tp1:TrackPointExtension>
</extensions>
</trkpt>
<trkpt lat="59.11389439" lon="17.40954883">
<ele>84.4</ele>
<time>2026-09-20T10:08:57Z</time>
<extensions>
<tp1:TrackPointExtension>
<tp1:hr>165</tp1:hr>
</tp1:TrackPointExtension>
</extensions>
</trkpt>
<trkpt lat="59.11389012" lon="17.40950583">
<ele>84.2</ele>
<time>2026-09-20T10:08:58Z</time>
<extensions>
<tp1:TrackPointExtension>
<tp1:hr>165</tp1:hr>
</tp1:TrackPointExtension>
</extensions>
</trkpt>
<trkpt lat="59.11388375" lon="17.40944146">
<ele>84.0</ele>
<time>2026-09-20T10:08:59Z</time>
<extensions>
<tp1:TrackPointExtension>
<tp1:hr>164</tp1:hr>
</tp1:TrackPointExtension>
</extensions>
</trkpt>
<trkpt lat="59.11387989" lon="17.40937742">
<ele>83.8</ele>
<time>2026-09-20T10:09:00Z</time>
<extensions>
<tp1:TrackPointExtension>
<tp1:hr>164</tp1:hr>
</tp1:TrackPointExtension>
</extensions>
</trkpt>
<trkpt lat="59.11387788" lon="17.40934021">
<ele>83.8</ele>
<time>2026-09-20T10:09:01Z</time>
<extensions>
<tp1:TrackPointExtension>
<tp1:hr>164</tp1:hr>
</tp1:TrackPointExtension>
</extensions>
</trkpt>
<trkpt lat="59.11388827" lon="17.40930207">
<ele>83.8</ele>
<time>2026-09-20T10:09:02Z</time>
<extensions>
<tp1:TrackPointExtension>
<tp1:hr>163</tp1:hr>
</tp1:TrackPointExtension>
</extensions>
</trkpt>
<trkpt lat="59.11389381" lon="17.40926871">
<ele>83.6</ele>
<time>2026-09-20T10:09:03Z</time>
<extensions>
<tp1:TrackPointExtension>
<tp1:hr>162</tp1:hr>
</tp1:TrackPointExtension>
</extensions>
</trkpt>
<trkpt lat="59.11389599" lon="17.40922521">
<ele>83.6</ele>
<time>2026-09-20T10:09:04Z</time>
<extensions>
<tp1:TrackPointExtension>
<tp1:hr>162</tp1:hr>
</tp1:TrackPointExtension>
</extensions>
</trkpt>
<trkpt lat="59.11389506" lon="17.40921272">
<ele>83.2</ele>
<time>2026-09-20T10:09:05Z</time>
<extensions>
<tp1:TrackPointExtension>
<tp1:hr>161</tp1:hr>
</tp1:TrackPointExtension>
</extensions>
</trkpt>
<trkpt lat="59.11390169" lon="17.40918523">
<ele>82.7</ele>
<time>2026-09-20T10:09:06Z</time>
<extensions>
<tp1:TrackPointExtension>
<tp1:hr>161</tp1:hr>
</tp1:TrackPointExtension>
</extensions>
</trkpt>
<trkpt lat="59.11391778" lon="17.40916193">
<ele>82.3</ele>
<time>2026-09-20T10:09:07Z</time>
<extensions>
<tp1:TrackPointExtension>
<tp1:hr>161</tp1:hr>
</tp1:TrackPointExtension>
</extensions>
</trkpt>
<trkpt lat="59.11393094" lon="17.4091434">
<ele>81.5</ele>
<time>2026-09-20T10:09:08Z</time>
<extensions>
<tp1:TrackPointExtension>
<tp1:hr>161</tp1:hr>
</tp1:TrackPointExtension>
</extensions>
</trkpt>
<trkpt lat="59.11394594" lon="17.40913871">
<ele>80.7</ele>
<time>2026-09-20T10:09:09Z</time>
<extensions>
<tp1:TrackPointExtension>
<tp1:hr>160</tp1:hr>
</tp1:TrackPointExtension>
</extensions>
</trkpt>
<trkpt lat="59.11396111" lon="17.40913737">
<ele>80.3</ele>
<time>2026-09-20T10:09:10Z</time>
<extensions>
<tp1:TrackPointExtension>
<tp1:hr>160</tp1:hr>
</tp1:TrackPointExtension>
</extensions>
</trkpt>
<trkpt lat="59.11397075" lon="17.40914742">
<ele>79.9</ele>
<time>2026-09-20T10:09:11Z</time>
<extensions>
<tp1:TrackPointExtension>
<tp1:hr>160</tp1:hr>
</tp1:TrackPointExtension>
</extensions>
</trkpt>
<trkpt lat="59.11397838" lon="17.40915514">
<ele>79.7</ele>
<time>2026-09-20T10:09:12Z</time>
<extensions>
<tp1:TrackPointExtension>
<tp1:hr>160</tp1:hr>
</tp1:TrackPointExtension>
</extensions>
</trkpt>
<trkpt lat="59.1139902" lon="17.40916737">
<ele>79.7</ele>
<time>2026-09-20T10:09:13Z</time>
<extensions>
<tp1:TrackPointExtension>
<tp1:hr>160</tp1:hr>
</tp1:TrackPointExtension>
</extensions>
</trkpt>
<trkpt lat="59.11400235" lon="17.40918288">
<ele>79.9</ele>
<time>2026-09-20T10:09:14Z</time>
<extensions>
<tp1:TrackPointExtension>
<tp1:hr>159</tp1:hr>
</tp1:TrackPointExtension>
</extensions>
</trkpt>
<trkpt lat="59.11401861" lon="17.40920627">
<ele>80.1</ele>
<time>2026-09-20T10:09:15Z</time>
<extensions>
<tp1:TrackPointExtension>
<tp1:hr>159</tp1:hr>
</tp1:TrackPointExtension>
</extensions>
</trkpt>
<trkpt lat="59.11403789" lon="17.40922487">
<ele>80.1</ele>
<time>2026-09-20T10:09:16Z</time>
<extensions>
<tp1:TrackPointExtension>
<tp1:hr>160</tp1:hr>
</tp1:TrackPointExtension>
</extensions>
</trkpt>
<trkpt lat="59.11405876" lon="17.40924633">
<ele>80.3</ele>
<time>2026-09-20T10:09:17Z</time>
<extensions>
<tp1:TrackPointExtension>
<tp1:hr>159</tp1:hr>
</tp1:TrackPointExtension>
</extensions>
</trkpt>
<trkpt lat="59.11407494" lon="17.40925463">
<ele>80.1</ele>
<time>2026-09-20T10:09:18Z</time>
<extensions>
<tp1:TrackPointExtension>
<tp1:hr>159</tp1:hr>
</tp1:TrackPointExtension>
</extensions>
</trkpt>
<trkpt lat="59.11409196" lon="17.40924809">
<ele>79.9</ele>
<time>2026-09-20T10:09:19Z</time>
<extensions>
<tp1:TrackPointExtension>
<tp1:hr>159</tp1:hr>
</tp1:TrackPointExtension>
</extensions>
</trkpt>
<trkpt lat="59.11411568" lon="17.40925354">
<ele>79.3</ele>
<time>2026-09-20T10:09:20Z</time>
<extensions>
<tp1:TrackPointExtension>
<tp1:hr>159</tp1:hr>
</tp1:TrackPointExtension>
</extensions>
</trkpt>
<trkpt lat="59.1141373" lon="17.40925111">
<ele>78.7</ele>
<time>2026-09-20T10:09:21Z</time>
<extensions>
<tp1:TrackPointExtension>
<tp1:hr>160</tp1:hr>
</tp1:TrackPointExtension>
</extensions>
</trkpt>
<trkpt lat="59.11414904" lon="17.40922705">
<ele>78.1</ele>
<time>2026-09-20T10:09:22Z</time>
<extensions>
<tp1:TrackPointExtension>
<tp1:hr>159</tp1:hr>
</tp1:TrackPointExtension>
</extensions>
</trkpt>
<trkpt lat="59.11415784" lon="17.40919872">
<ele>77.5</ele>
<time>2026-09-20T10:09:23Z</time>
<extensions>
<tp1:TrackPointExtension>
<tp1:hr>159</tp1:hr>
</tp1:TrackPointExtension>
</extensions>
</trkpt>
<trkpt lat="59.11417343" lon="17.40916176">
<ele>76.7</ele>
<time>2026-09-20T10:09:24Z</time>
<extensions>
<tp1:TrackPointExtension>
<tp1:hr>159</tp1:hr>
</tp1:TrackPointExtension>
</extensions>
</trkpt>
<trkpt lat="59.11419572" lon="17.40913225">
<ele>76.3</ele>
<time>2026-09-20T10:09:25Z</time>
<extensions>
<tp1:TrackPointExtension>
<tp1:hr>159</tp1:hr>
</tp1:TrackPointExtension>
</extensions>
</trkpt>
<trkpt lat="59.11421668" lon="17.40912354">
<ele>75.7</ele>
<time>2026-09-20T10:09:26Z</time>
<extensions>
<tp1:TrackPointExtension>
<tp1:hr>159</tp1:hr>
</tp1:TrackPointExtension>
</extensions>
</trkpt>
<trkpt lat="59.11423973" lon="17.40912479">
<ele>75.1</ele>
<time>2026-09-20T10:09:27Z</time>
<extensions>
<tp1:TrackPointExtension>
<tp1:hr>159</tp1:hr>
</tp1:TrackPointExtension>
</extensions>
</trkpt>
<trkpt lat="59.11425984" lon="17.40912278">
<ele>74.7</ele>
<time>2026-09-20T10:09:28Z</time>
<extensions>
<tp1:TrackPointExtension>
<tp1:hr>159</tp1:hr>
</tp1:TrackPointExtension>
</extensions>
</trkpt>
<trkpt lat="59.11427728" lon="17.40914105">
<ele>74.1</ele>
<time>2026-09-20T10:09:29Z</time>
<extensions>
<tp1:TrackPointExtension>
<tp1:hr>158</tp1:hr>
</tp1:TrackPointExtension>
</extensions>
</trkpt>
<trkpt lat="59.11430008" lon="17.40915346">
<ele>73.7</ele>
<time>2026-09-20T10:09:30Z</time>
<extensions>
<tp1:TrackPointExtension>
<tp1:hr>158</tp1:hr>
</tp1:TrackPointExtension>
</extensions>
</trkpt>
<trkpt lat="59.1143217" lon="17.40917861">
<ele>73.5</ele>
<time>2026-09-20T10:09:31Z</time>
<extensions>
<tp1:TrackPointExtension>
<tp1:hr>158</tp1:hr>
</tp1:TrackPointExtension>
</extensions>
</trkpt>
<trkpt lat="59.11434484" lon="17.4091983">
<ele>73.1</ele>
<time>2026-09-20T10:09:32Z</time>
<extensions>
<tp1:TrackPointExtension>
<tp1:hr>158</tp1:hr>
</tp1:TrackPointExtension>
</extensions>
</trkpt>
<trkpt lat="59.11437476" lon="17.40921909">
<ele>72.7</ele>
<time>2026-09-20T10:09:33Z</time>
<extensions>
<tp1:TrackPointExtension>
<tp1:hr>159</tp1:hr>
</tp1:TrackPointExtension>
</extensions>
</trkpt>
<trkpt lat="59.11440066" lon="17.40925513">
<ele>72.1</ele>
<time>2026-09-20T10:09:34Z</time>
<extensions>
<tp1:TrackPointExtension>
<tp1:hr>158</tp1:hr>
</tp1:TrackPointExtension>
</extensions>
</trkpt>
<trkpt lat="59.11443058" lon="17.40931188">
<ele>71.7</ele>
<time>2026-09-20T10:09:35Z</time>
<extensions>
<tp1:TrackPointExtension>
<tp1:hr>158</tp1:hr>
</tp1:TrackPointExtension>
</extensions>
</trkpt>
<trkpt lat="59.11445648" lon="17.40935303">
<ele>71.5</ele>
<time>2026-09-20T10:09:36Z</time>
<extensions>
<tp1:TrackPointExtension>
<tp1:hr>158</tp1:hr>
</tp1:TrackPointExtension>
</extensions>
</trkpt>
<trkpt lat="59.11447895" lon="17.40938991">
<ele>71.5</ele>
<time>2026-09-20T10:09:37Z</time>
<extensions>
<tp1:TrackPointExtension>
<tp1:hr>157</tp1:hr>
</tp1:TrackPointExtension>
</extensions>
</trkpt>
<trkpt lat="59.11450686" lon="17.4094247">
<ele>71.5</ele>
<time>2026-09-20T10:09:38Z</time>
<extensions>
<tp1:TrackPointExtension>
<tp1:hr>157</tp1:hr>
</tp1:TrackPointExtension>
</extensions>
</trkpt>
<trkpt lat="59.11453184" lon="17.40944222">
<ele>71.5</ele>
<time>2026-09-20T10:09:39Z</time>
<extensions>
<tp1:TrackPointExtension>
<tp1:hr>157</tp1:hr>
</tp1:TrackPointExtension>
</extensions>
</trkpt>
<trkpt lat="59.11456201" lon="17.40946166">
<ele>71.5</ele>
<time>2026-09-20T10:09:40Z</time>
<extensions>
<tp1:TrackPointExtension>
<tp1:hr>157</tp1:hr>
</tp1:TrackPointExtension>
</extensions>
</trkpt>
<trkpt lat="59.1145911" lon="17.4094532">
<ele>71.3</ele>
<time>2026-09-20T10:09:41Z</time>
<extensions>
<tp1:TrackPointExtension>
<tp1:hr>158</tp1:hr>
</tp1:TrackPointExtension>
</extensions>
</trkpt>
<trkpt lat="59.11462261" lon="17.40943937">
<ele>71.3</ele>
<time>2026-09-20T10:09:42Z</time>
<extensions>
<tp1:TrackPointExtension>
<tp1:hr>158</tp1:hr>
</tp1:TrackPointExtension>
</extensions>
</trkpt>
<trkpt lat="59.11464675" lon="17.40942956">
<ele>71.3</ele>
<time>2026-09-20T10:09:43Z</time>
<extensions>
<tp1:TrackPointExtension>
<tp1:hr>157</tp1:hr>
</tp1:TrackPointExtension>
</extensions>
</trkpt>
<trkpt lat="59.11467894" lon="17.40941556">
<ele>71.3</ele>
<time>2026-09-20T10:09:44Z</time>
<extensions>
<tp1:TrackPointExtension>
<tp1:hr>157</tp1:hr>
</tp1:TrackPointExtension>
</extensions>
</trkpt>
<trkpt lat="59.11470777" lon="17.40938648">
<ele>71.1</ele>
<time>2026-09-20T10:09:45Z</time>
<extensions>
<tp1:TrackPointExtension>
<tp1:hr>156</tp1:hr>
</tp1:TrackPointExtension>
</extensions>
</trkpt>
<trkpt lat="59.11473258" lon="17.40936812">
<ele>71.1</ele>
<time>2026-09-20T10:09:46Z</time>
<extensions>
<tp1:TrackPointExtension>
<tp1:hr>156</tp1:hr>
</tp1:TrackPointExtension>
</extensions>
</trkpt>
<trkpt lat="59.11476913" lon="17.40934624">
<ele>71.3</ele>
<time>2026-09-20T10:09:47Z</time>
<extensions>
<tp1:TrackPointExtension>
<tp1:hr>156</tp1:hr>
</tp1:TrackPointExtension>
</extensions>
</trkpt>
<trkpt lat="59.11479997" lon="17.40933367">
<ele>71.5</ele>
<time>2026-09-20T10:09:48Z</time>
<extensions>
<tp1:TrackPointExtension>
<tp1:hr>156</tp1:hr>
</tp1:TrackPointExtension>
</extensions>
</trkpt>
<trkpt lat="59.1148237" lon="17.40932973">
<ele>71.5</ele>
<time>2026-09-20T10:09:49Z</time>
<extensions>
<tp1:TrackPointExtension>
<tp1:hr>156</tp1:hr>
</tp1:TrackPointExtension>
</extensions>
</trkpt>
<trkpt lat="59.1148418" lon="17.40933057">
<ele>71.7</ele>
<time>2026-09-20T10:09:50Z</time>
<extensions>
<tp1:TrackPointExtension>
<tp1:hr>157</tp1:hr>
</tp1:TrackPointExtension>
</extensions>
</trkpt>
<trkpt lat="59.11487097" lon="17.40934256">
<ele>71.7</ele>
<time>2026-09-20T10:09:51Z</time>
<extensions>
<tp1:TrackPointExtension>
<tp1:hr>157</tp1:hr>
</tp1:TrackPointExtension>
</extensions>
</trkpt>
<trkpt lat="59.11490047" lon="17.40934004">
<ele>71.7</ele>
<time>2026-09-20T10:09:52Z</time>
<extensions>
<tp1:TrackPointExtension>
<tp1:hr>157</tp1:hr>
</tp1:TrackPointExtension>
</extensions>
</trkpt>
<trkpt lat="59.11491975" lon="17.4093475">
<ele>71.5</ele>
<time>2026-09-20T10:09:53Z</time>
<extensions>
<tp1:TrackPointExtension>
<tp1:hr>157</tp1:hr>
</tp1:TrackPointExtension>
</extensions>
</trkpt>
<trkpt lat="59.11494297" lon="17.40935974">
<ele>71.5</ele>
<time>2026-09-20T10:09:54Z</time>
<extensions>
<tp1:TrackPointExtension>
<tp1:hr>157</tp1:hr>
</tp1:TrackPointExtension>
</extensions>
</trkpt>
<trkpt lat="59.11497667" lon="17.40936343">
<ele>71.3</ele>
<time>2026-09-20T10:09:55Z</time>
<extensions>
<tp1:TrackPointExtension>
<tp1:hr>157</tp1:hr>
</tp1:TrackPointExtension>
</extensions>
</trkpt>
<trkpt lat="59.11500801" lon="17.40936477">
<ele>71.5</ele>
<time>2026-09-20T10:09:56Z</time>
<extensions>
<tp1:TrackPointExtension>
<tp1:hr>157</tp1:hr>
</tp1:TrackPointExtension>
</extensions>
</trkpt>
<trkpt lat="59.11503542" lon="17.40936175">
<ele>71.5</ele>
<time>2026-09-20T10:09:57Z</time>
<extensions>
<tp1:TrackPointExtension>
<tp1:hr>157</tp1:hr>
</tp1:TrackPointExtension>
</extensions>
</trkpt>
<trkpt lat="59.1150749" lon="17.40935613">
<ele>71.5</ele>
<time>2026-09-20T10:09:58Z</time>
<extensions>
<tp1:TrackPointExtension>
<tp1:hr>157</tp1:hr>
</tp1:TrackPointExtension>
</extensions>
</trkpt>
<trkpt lat="59.11510256" lon="17.40934524">
<ele>71.5</ele>
<time>2026-09-20T10:09:59Z</time>
<extensions>
<tp1:TrackPointExtension>
<tp1:hr>157</tp1:hr>
</tp1:TrackPointExtension>
</extensions>
</trkpt>
<trkpt lat="59.11513642" lon="17.40933384">
<ele>71.5</ele>
<time>2026-09-20T10:10:00Z</time>
<extensions>
<tp1:TrackPointExtension>
<tp1:hr>157</tp1:hr>
</tp1:TrackPointExtension>
</extensions>
</trkpt>
<trkpt lat="59.11516643" lon="17.40932319">
<ele>71.7</ele>
<time>2026-09-20T10:10:01Z</time>
<extensions>
<tp1:TrackPointExtension>
<tp1:hr>157</tp1:hr>
</tp1:TrackPointExtension>
</extensions>
</trkpt>
<trkpt lat="59.11520407" lon="17.4093123">
<ele>71.7</ele>
<time>2026-09-20T10:10:02Z</time>
<extensions>
<tp1:TrackPointExtension>
<tp1:hr>156</tp1:hr>
</tp1:TrackPointExtension>
</extensions>
</trkpt>
<trkpt lat="59.11523801" lon="17.40930274">
<ele>71.7</ele>
<time>2026-09-20T10:10:03Z</time>
<extensions>
<tp1:TrackPointExtension>
<tp1:hr>157</tp1:hr>
</tp1:TrackPointExtension>
</extensions>
</trkpt>
<trkpt lat="59.11527121" lon="17.40928832">
<ele>71.7</ele>
<time>2026-09-20T10:10:04Z</time>
<extensions>
<tp1:TrackPointExtension>
<tp1:hr>156</tp1:hr>
</tp1:TrackPointExtension>
</extensions>
</trkpt>
<trkpt lat="59.11530364" lon="17.40926871">
<ele>71.9</ele>
<time>2026-09-20T10:10:05Z</time>
<extensions>
<tp1:TrackPointExtension>
<tp1:hr>154</tp1:hr>
</tp1:TrackPointExtension>
</extensions>
</trkpt>
<trkpt lat="59.11532594" lon="17.40925547">
<ele>71.9</ele>
<time>2026-09-20T10:10:06Z</time>
<extensions>
<tp1:TrackPointExtension>
<tp1:hr>152</tp1:hr>
</tp1:TrackPointExtension>
</extensions>
</trkpt>
<trkpt lat="59.11536064" lon="17.40923996">
<ele>71.7</ele>
<time>2026-09-20T10:10:07Z</time>
<extensions>
<tp1:TrackPointExtension>
<tp1:hr>151</tp1:hr>
</tp1:TrackPointExtension>
</extensions>
</trkpt>
<trkpt lat="59.11539626" lon="17.40921322">
<ele>71.5</ele>
<time>2026-09-20T10:10:08Z</time>
<extensions>
<tp1:TrackPointExtension>
<tp1:hr>151</tp1:hr>
</tp1:TrackPointExtension>
</extensions>
</trkpt>
<trkpt lat="59.11541596" lon="17.40919461">
<ele>71.5</ele>
<time>2026-09-20T10:10:09Z</time>
<extensions>
<tp1:TrackPointExtension>
<tp1:hr>151</tp1:hr>
</tp1:TrackPointExtension>
</extensions>
</trkpt>
<trkpt lat="59.11543465" lon="17.40916494">
<ele>71.1</ele>
<time>2026-09-20T10:10:10Z</time>
<extensions>
<tp1:TrackPointExtension>
<tp1:hr>151</tp1:hr>
</tp1:TrackPointExtension>
</extensions>
</trkpt>
<trkpt lat="59.11546147" lon="17.40910845">
<ele>71.1</ele>
<time>2026-09-20T10:10:11Z</time>
<extensions>
<tp1:TrackPointExtension>
<tp1:hr>151</tp1:hr>
</tp1:TrackPointExtension>
</extensions>
</trkpt>
<trkpt lat="59.115481" lon="17.40906461">
<ele>71.1</ele>
<time>2026-09-20T10:10:12Z</time>
<extensions>
<tp1:TrackPointExtension>
<tp1:hr>151</tp1:hr>
</tp1:TrackPointExtension>
</extensions>
</trkpt>
<trkpt lat="59.1154976" lon="17.40902505">
<ele>70.9</ele>
<time>2026-09-20T10:10:13Z</time>
<extensions>
<tp1:TrackPointExtension>
<tp1:hr>151</tp1:hr>
</tp1:TrackPointExtension>
</extensions>
</trkpt>
<trkpt lat="59.11552995" lon="17.40898071">
<ele>71.1</ele>
<time>2026-09-20T10:10:14Z</time>
<extensions>
<tp1:TrackPointExtension>
<tp1:hr>151</tp1:hr>
</tp1:TrackPointExtension>
</extensions>
</trkpt>
<trkpt lat="59.11555627" lon="17.40896143">
<ele>71.1</ele>
<time>2026-09-20T10:10:15Z</time>
<extensions>
<tp1:TrackPointExtension>
<tp1:hr>151</tp1:hr>
</tp1:TrackPointExtension>
</extensions>
</trkpt>
<trkpt lat="59.11558041" lon="17.40893519">
<ele>71.2</ele>
<time>2026-09-20T10:10:16Z</time>
<extensions>
<tp1:TrackPointExtension>
<tp1:hr>152</tp1:hr>
</tp1:TrackPointExtension>
</extensions>
</trkpt>
<trkpt lat="59.11561168" lon="17.40893478">
<ele>71.2</ele>
<time>2026-09-20T10:10:17Z</time>
<extensions>
<tp1:TrackPointExtension>
<tp1:hr>152</tp1:hr>
</tp1:TrackPointExtension>
</extensions>
</trkpt>
<trkpt lat="59.11563263" lon="17.40891349">
<ele>71.6</ele>
<time>2026-09-20T10:10:18Z</time>
<extensions>
<tp1:TrackPointExtension>
<tp1:hr>153</tp1:hr>
</tp1:TrackPointExtension>
</extensions>
</trkpt>
<trkpt lat="59.11565359" lon="17.40891064">
<ele>71.8</ele>
<time>2026-09-20T10:10:19Z</time>
<extensions>
<tp1:TrackPointExtension>
<tp1:hr>154</tp1:hr>
</tp1:TrackPointExtension>
</extensions>
</trkpt>
<trkpt lat="59.11568183" lon="17.40894366">
<ele>72.0</ele>
<time>2026-09-20T10:10:20Z</time>
<extensions>
<tp1:TrackPointExtension>
<tp1:hr>155</tp1:hr>
</tp1:TrackPointExtension>
</extensions>
</trkpt>
<trkpt lat="59.11570698" lon="17.40896855">
<ele>72.2</ele>
<time>2026-09-20T10:10:21Z</time>
<extensions>
<tp1:TrackPointExtension>
<tp1:hr>155</tp1:hr>
</tp1:TrackPointExtension>
</extensions>
</trkpt>
<trkpt lat="59.11573171" lon="17.40898415">
<ele>72.8</ele>
<time>2026-09-20T10:10:22Z</time>
<extensions>
<tp1:TrackPointExtension>
<tp1:hr>155</tp1:hr>
</tp1:TrackPointExtension>
</extensions>
</trkpt>
<trkpt lat="59.11574688" lon="17.4089911">
<ele>73.2</ele>
<time>2026-09-20T10:10:23Z</time>
<extensions>
<tp1:TrackPointExtension>
<tp1:hr>155</tp1:hr>
</tp1:TrackPointExtension>
</extensions>
</trkpt>
<trkpt lat="59.11577236" lon="17.4089844">
<ele>73.4</ele>
<time>2026-09-20T10:10:24Z</time>
<extensions>
<tp1:TrackPointExtension>
<tp1:hr>155</tp1:hr>
</tp1:TrackPointExtension>
</extensions>
</trkpt>
<trkpt lat="59.11580832" lon="17.40899102">
<ele>74.0</ele>
<time>2026-09-20T10:10:25Z</time>
<extensions>
<tp1:TrackPointExtension>
<tp1:hr>155</tp1:hr>
</tp1:TrackPointExtension>
</extensions>
</trkpt>
<trkpt lat="59.11583221" lon="17.40899093">
<ele>74.0</ele>
<time>2026-09-20T10:10:26Z</time>
<extensions>
<tp1:TrackPointExtension>
<tp1:hr>154</tp1:hr>
</tp1:TrackPointExtension>
</extensions>
</trkpt>
<trkpt lat="59.11585777" lon="17.40897677">
<ele>74.2</ele>
<time>2026-09-20T10:10:27Z</time>
<extensions>
<tp1:TrackPointExtension>
<tp1:hr>154</tp1:hr>
</tp1:TrackPointExtension>
</extensions>
</trkpt>
<trkpt lat="59.11588602" lon="17.40896713">
<ele>74.0</ele>
<time>2026-09-20T10:10:28Z</time>
<extensions>
<tp1:TrackPointExtension>
<tp1:hr>153</tp1:hr>
</tp1:TrackPointExtension>
</extensions>
</trkpt>
<trkpt lat="59.115912" lon="17.4089533">
<ele>74.0</ele>
<time>2026-09-20T10:10:29Z</time>
<extensions>
<tp1:TrackPointExtension>
<tp1:hr>153</tp1:hr>
</tp1:TrackPointExtension>
</extensions>
</trkpt>
<trkpt lat="59.11593438" lon="17.40894416">
<ele>74.0</ele>
<time>2026-09-20T10:10:30Z</time>
<extensions>
<tp1:TrackPointExtension>
<tp1:hr>153</tp1:hr>
</tp1:TrackPointExtension>
</extensions>
</trkpt>
<trkpt lat="59.11596347" lon="17.40896009">
<ele>74.0</ele>
<time>2026-09-20T10:10:31Z</time>
<extensions>
<tp1:TrackPointExtension>
<tp1:hr>154</tp1:hr>
</tp1:TrackPointExtension>
</extensions>
</trkpt>
<trkpt lat="59.11599012" lon="17.40896009">
<ele>74.2</ele>
<time>2026-09-20T10:10:32Z</time>
<extensions>
<tp1:TrackPointExtension>
<tp1:hr>155</tp1:hr>
</tp1:TrackPointExtension>
</extensions>
</trkpt>
<trkpt lat="59.1160099" lon="17.40896378">
<ele>74.4</ele>
<time>2026-09-20T10:10:33Z</time>
<extensions>
<tp1:TrackPointExtension>
<tp1:hr>156</tp1:hr>
</tp1:TrackPointExtension>
</extensions>
</trkpt>
<trkpt lat="59.11602717" lon="17.40894668">
<ele>74.6</ele>
<time>2026-09-20T10:10:34Z</time>
<extensions>
<tp1:TrackPointExtension>
<tp1:hr>157</tp1:hr>
</tp1:TrackPointExtension>
</extensions>
</trkpt>
<trkpt lat="59.11604812" lon="17.40894291">
<ele>75.0</ele>
<time>2026-09-20T10:10:35Z</time>
<extensions>
<tp1:TrackPointExtension>
<tp1:hr>158</tp1:hr>
</tp1:TrackPointExtension>
</extensions>
</trkpt>
<trkpt lat="59.11606925" lon="17.40894936">
<ele>75.4</ele>
<time>2026-09-20T10:10:36Z</time>
<extensions>
<tp1:TrackPointExtension>
<tp1:hr>159</tp1:hr>
</tp1:TrackPointExtension>
</extensions>
</trkpt>
<trkpt lat="59.11609163" lon="17.40893947">
<ele>75.8</ele>
<time>2026-09-20T10:10:37Z</time>
<extensions>
<tp1:TrackPointExtension>
<tp1:hr>159</tp1:hr>
</tp1:TrackPointExtension>
</extensions>
</trkpt>
<trkpt lat="59.11611082" lon="17.40893788">
<ele>76.2</ele>
<time>2026-09-20T10:10:38Z</time>
<extensions>
<tp1:TrackPointExtension>
<tp1:hr>160</tp1:hr>
</tp1:TrackPointExtension>
</extensions>
</trkpt>
<trkpt lat="59.11614208" lon="17.40893729">
<ele>76.8</ele>
<time>2026-09-20T10:10:39Z</time>
<extensions>
<tp1:TrackPointExtension>
<tp1:hr>161</tp1:hr>
</tp1:TrackPointExtension>
</extensions>
</trkpt>
<trkpt lat="59.11616757" lon="17.40894249">
<ele>77.0</ele>
<time>2026-09-20T10:10:40Z</time>
<extensions>
<tp1:TrackPointExtension>
<tp1:hr>162</tp1:hr>
</tp1:TrackPointExtension>
</extensions>
</trkpt>
<trkpt lat="59.1162047" lon="17.40894902">
<ele>77.0</ele>
<time>2026-09-20T10:10:41Z</time>
<extensions>
<tp1:TrackPointExtension>
<tp1:hr>162</tp1:hr>
</tp1:TrackPointExtension>
</extensions>
</trkpt>
<trkpt lat="59.11622666" lon="17.40894358">
<ele>77.0</ele>
<time>2026-09-20T10:10:42Z</time>
<extensions>
<tp1:TrackPointExtension>
<tp1:hr>163</tp1:hr>
</tp1:TrackPointExtension>
</extensions>
</trkpt>
<trkpt lat="59.11625516" lon="17.40893042">
<ele>76.8</ele>
<time>2026-09-20T10:10:43Z</time>
<extensions>
<tp1:TrackPointExtension>
<tp1:hr>163</tp1:hr>
</tp1:TrackPointExtension>
</extensions>
</trkpt>
<trkpt lat="59.1162824" lon="17.40894785">
<ele>76.6</ele>
<time>2026-09-20T10:10:44Z</time>
<extensions>
<tp1:TrackPointExtension>
<tp1:hr>163</tp1:hr>
</tp1:TrackPointExtension>
</extensions>
</trkpt>
<trkpt lat="59.11630184" lon="17.40896495">
<ele>76.4</ele>
<time>2026-09-20T10:10:45Z</time>
<extensions>
<tp1:TrackPointExtension>
<tp1:hr>162</tp1:hr>
</tp1:TrackPointExtension>
</extensions>
</trkpt>
<trkpt lat="59.11632003" lon="17.40897995">
<ele>76.4</ele>
<time>2026-09-20T10:10:46Z</time>
<extensions>
<tp1:TrackPointExtension>
<tp1:hr>162</tp1:hr>
</tp1:TrackPointExtension>
</extensions>
</trkpt>
<trkpt lat="59.11634551" lon="17.40898951">
<ele>76.4</ele>
<time>2026-09-20T10:10:47Z</time>
<extensions>
<tp1:TrackPointExtension>
<tp1:hr>161</tp1:hr>
</tp1:TrackPointExtension>
</extensions>
</trkpt>
<trkpt lat="59.1163699" lon="17.40898792">
<ele>76.4</ele>
<time>2026-09-20T10:10:48Z</time>
<extensions>
<tp1:TrackPointExtension>
<tp1:hr>161</tp1:hr>
</tp1:TrackPointExtension>
</extensions>
</trkpt>
<trkpt lat="59.1163974" lon="17.40898649">
<ele>76.2</ele>
<time>2026-09-20T10:10:49Z</time>
<extensions>
<tp1:TrackPointExtension>
<tp1:hr>160</tp1:hr>
</tp1:TrackPointExtension>
</extensions>
</trkpt>
<trkpt lat="59.11642078" lon="17.40897526">
<ele>76.0</ele>
<time>2026-09-20T10:10:50Z</time>
<extensions>
<tp1:TrackPointExtension>
<tp1:hr>160</tp1:hr>
</tp1:TrackPointExtension>
</extensions>
</trkpt>
<trkpt lat="59.11644719" lon="17.40895422">
<ele>75.2</ele>
<time>2026-09-20T10:10:51Z</time>
<extensions>
<tp1:TrackPointExtension>
<tp1:hr>161</tp1:hr>
</tp1:TrackPointExtension>
</extensions>
</trkpt>
<trkpt lat="59.11647468" lon="17.4089274">
<ele>74.8</ele>
<time>2026-09-20T10:10:52Z</time>
<extensions>
<tp1:TrackPointExtension>
<tp1:hr>161</tp1:hr>
</tp1:TrackPointExtension>
</extensions>
</trkpt>
<trkpt lat="59.11649345" lon="17.40889857">
<ele>74.2</ele>
<time>2026-09-20T10:10:53Z</time>
<extensions>
<tp1:TrackPointExtension>
<tp1:hr>161</tp1:hr>
</tp1:TrackPointExtension>
</extensions>
</trkpt>
<trkpt lat="59.11650888" lon="17.40886638">
<ele>74.0</ele>
<time>2026-09-20T10:10:54Z</time>
<extensions>
<tp1:TrackPointExtension>
<tp1:hr>160</tp1:hr>
</tp1:TrackPointExtension>
</extensions>
</trkpt>
<trkpt lat="59.11652681" lon="17.40885087">
<ele>74.0</ele>
<time>2026-09-20T10:10:55Z</time>
<extensions>
<tp1:TrackPointExtension>
<tp1:hr>160</tp1:hr>
</tp1:TrackPointExtension>
</extensions>
</trkpt>
<trkpt lat="59.11655858" lon="17.40882422">
<ele>74.0</ele>
<time>2026-09-20T10:10:56Z</time>
<extensions>
<tp1:TrackPointExtension>
<tp1:hr>161</tp1:hr>
</tp1:TrackPointExtension>
</extensions>
</trkpt>
<trkpt lat="59.11657526" lon="17.40882715">
<ele>74.2</ele>
<time>2026-09-20T10:10:57Z</time>
<extensions>
<tp1:TrackPointExtension>
<tp1:hr>161</tp1:hr>
</tp1:TrackPointExtension>
</extensions>
</trkpt>
<trkpt lat="59.11659957" lon="17.4088145">
<ele>74.4</ele>
<time>2026-09-20T10:10:58Z</time>
<extensions>
<tp1:TrackPointExtension>
<tp1:hr>161</tp1:hr>
</tp1:TrackPointExtension>
</extensions>
</trkpt>
<trkpt lat="59.11662715" lon="17.40880989">
<ele>74.6</ele>
<time>2026-09-20T10:10:59Z</time>
<extensions>
<tp1:TrackPointExtension>
<tp1:hr>160</tp1:hr>
</tp1:TrackPointExtension>
</extensions>
</trkpt>
<trkpt lat="59.11666755" lon="17.4087943">
<ele>74.8</ele>
<time>2026-09-20T10:11:00Z</time>
<extensions>
<tp1:TrackPointExtension>
<tp1:hr>160</tp1:hr>
</tp1:TrackPointExtension>
</extensions>
</trkpt>
<trkpt lat="59.11668381" lon="17.40878172">
<ele>74.8</ele>
<time>2026-09-20T10:11:01Z</time>
<extensions>
<tp1:TrackPointExtension>
<tp1:hr>159</tp1:hr>
</tp1:TrackPointExtension>
</extensions>
</trkpt>
<trkpt lat="59.11670585" lon="17.40877225">
<ele>75.0</ele>
<time>2026-09-20T10:11:02Z</time>
<extensions>
<tp1:TrackPointExtension>
<tp1:hr>159</tp1:hr>
</tp1:TrackPointExtension>
</extensions>
</trkpt>
<trkpt lat="59.11674248" lon="17.40875624">
<ele>75.0</ele>
<time>2026-09-20T10:11:03Z</time>
<extensions>
<tp1:TrackPointExtension>
<tp1:hr>159</tp1:hr>
</tp1:TrackPointExtension>
</extensions>
</trkpt>
<trkpt lat="59.11675623" lon="17.40875381">
<ele>75.2</ele>
<time>2026-09-20T10:11:04Z</time>
<extensions>
<tp1:TrackPointExtension>
<tp1:hr>158</tp1:hr>
</tp1:TrackPointExtension>
</extensions>
</trkpt>
<trkpt lat="59.11677928" lon="17.40873621">
<ele>75.6</ele>
<time>2026-09-20T10:11:05Z</time>
<extensions>
<tp1:TrackPointExtension>
<tp1:hr>158</tp1:hr>
</tp1:TrackPointExtension>
</extensions>
</trkpt>
<trkpt lat="59.11679663" lon="17.40873126">
<ele>76.0</ele>
<time>2026-09-20T10:11:06Z</time>
<extensions>
<tp1:TrackPointExtension>
<tp1:hr>158</tp1:hr>
</tp1:TrackPointExtension>
</extensions>
</trkpt>
<trkpt lat="59.11681674" lon="17.40872866">
<ele>76.4</ele>
<time>2026-09-20T10:11:07Z</time>
<extensions>
<tp1:TrackPointExtension>
<tp1:hr>158</tp1:hr>
</tp1:TrackPointExtension>
</extensions>
</trkpt>
<trkpt lat="59.1168289" lon="17.40872297">
<ele>77.0</ele>
<time>2026-09-20T10:11:08Z</time>
<extensions>
<tp1:TrackPointExtension>
<tp1:hr>158</tp1:hr>
</tp1:TrackPointExtension>
</extensions>
</trkpt>
<trkpt lat="59.11685731" lon="17.40872338">
<ele>77.2</ele>
<time>2026-09-20T10:11:09Z</time>
<extensions>
<tp1:TrackPointExtension>
<tp1:hr>158</tp1:hr>
</tp1:TrackPointExtension>
</extensions>
</trkpt>
<trkpt lat="59.11688464" lon="17.40871274">
<ele>77.6</ele>
<time>2026-09-20T10:11:10Z</time>
<extensions>
<tp1:TrackPointExtension>
<tp1:hr>158</tp1:hr>
</tp1:TrackPointExtension>
</extensions>
</trkpt>
<trkpt lat="59.1169061" lon="17.40870134">
<ele>77.8</ele>
<time>2026-09-20T10:11:11Z</time>
<extensions>
<tp1:TrackPointExtension>
<tp1:hr>157</tp1:hr>
</tp1:TrackPointExtension>
</extensions>
</trkpt>
<trkpt lat="59.11692931" lon="17.40870813">
<ele>78.0</ele>
<time>2026-09-20T10:11:12Z</time>
<extensions>
<tp1:TrackPointExtension>
<tp1:hr>157</tp1:hr>
</tp1:TrackPointExtension>
</extensions>
</trkpt>
<trkpt lat="59.11695806" lon="17.4087088">
<ele>77.8</ele>
<time>2026-09-20T10:11:13Z</time>
<extensions>
<tp1:TrackPointExtension>
<tp1:hr>157</tp1:hr>
</tp1:TrackPointExtension>
</extensions>
</trkpt>
<trkpt lat="59.11698195" lon="17.40873227">
<ele>78.0</ele>
<time>2026-09-20T10:11:14Z</time>
<extensions>
<tp1:TrackPointExtension>
<tp1:hr>157</tp1:hr>
</tp1:TrackPointExtension>
</extensions>
</trkpt>
<trkpt lat="59.11700307" lon="17.40874241">
<ele>78.2</ele>
<time>2026-09-20T10:11:15Z</time>
<extensions>
<tp1:TrackPointExtension>
<tp1:hr>156</tp1:hr>
</tp1:TrackPointExtension>
</extensions>
</trkpt>
<trkpt lat="59.11702998" lon="17.40875113">
<ele>78.2</ele>
<time>2026-09-20T10:11:16Z</time>
<extensions>
<tp1:TrackPointExtension>
<tp1:hr>157</tp1:hr>
</tp1:TrackPointExtension>
</extensions>
</trkpt>
<trkpt lat="59.11705798" lon="17.40873914">
<ele>78.4</ele>
<time>2026-09-20T10:11:17Z</time>
<extensions>
<tp1:TrackPointExtension>
<tp1:hr>158</tp1:hr>
</tp1:TrackPointExtension>
</extensions>
</trkpt>
<trkpt lat="59.11709167" lon="17.40875205">
<ele>78.6</ele>
<time>2026-09-20T10:11:18Z</time>
<extensions>
<tp1:TrackPointExtension>
<tp1:hr>158</tp1:hr>
</tp1:TrackPointExtension>
</extensions>
</trkpt>
<trkpt lat="59.11711179" lon="17.40875859">
<ele>78.8</ele>
<time>2026-09-20T10:11:19Z</time>
<extensions>
<tp1:TrackPointExtension>
<tp1:hr>159</tp1:hr>
</tp1:TrackPointExtension>
</extensions>
</trkpt>
<trkpt lat="59.11713576" lon="17.40875842">
<ele>78.4</ele>
<time>2026-09-20T10:11:20Z</time>
<extensions>
<tp1:TrackPointExtension>
<tp1:hr>160</tp1:hr>
</tp1:TrackPointExtension>
</extensions>
</trkpt>
<trkpt lat="59.11716518" lon="17.40874149">
<ele>78.0</ele>
<time>2026-09-20T10:11:21Z</time>
<extensions>
<tp1:TrackPointExtension>
<tp1:hr>160</tp1:hr>
</tp1:TrackPointExtension>
</extensions>
</trkpt>
<trkpt lat="59.11718857" lon="17.40871299">
<ele>77.6</ele>
<time>2026-09-20T10:11:22Z</time>
<extensions>
<tp1:TrackPointExtension>
<tp1:hr>161</tp1:hr>
</tp1:TrackPointExtension>
</extensions>
</trkpt>
<trkpt lat="59.11721187" lon="17.40870645">
<ele>77.4</ele>
<time>2026-09-20T10:11:23Z</time>
<extensions>
<tp1:TrackPointExtension>
<tp1:hr>162</tp1:hr>
</tp1:TrackPointExtension>
</extensions>
</trkpt>
<trkpt lat="59.117234" lon="17.40869245">
<ele>77.2</ele>
<time>2026-09-20T10:11:24Z</time>
<extensions>
<tp1:TrackPointExtension>
<tp1:hr>162</tp1:hr>
</tp1:TrackPointExtension>
</extensions>
</trkpt>
<trkpt lat="59.11726434" lon="17.40867368">
<ele>77.1</ele>
<time>2026-09-20T10:11:25Z</time>
<extensions>
<tp1:TrackPointExtension>
<tp1:hr>162</tp1:hr>
</tp1:TrackPointExtension>
</extensions>
</trkpt>
<trkpt lat="59.11728278" lon="17.40865675">
<ele>77.1</ele>
<time>2026-09-20T10:11:26Z</time>
<extensions>
<tp1:TrackPointExtension>
<tp1:hr>163</tp1:hr>
</tp1:TrackPointExtension>
</extensions>
</trkpt>
<trkpt lat="59.11730281" lon="17.40862699">
<ele>77.1</ele>
<time>2026-09-20T10:11:27Z</time>
<extensions>
<tp1:TrackPointExtension>
<tp1:hr>163</tp1:hr>
</tp1:TrackPointExtension>
</extensions>
</trkpt>
<trkpt lat="59.11733139" lon="17.40860042">
<ele>77.3</ele>
<time>2026-09-20T10:11:28Z</time>
<extensions>
<tp1:TrackPointExtension>
<tp1:hr>163</tp1:hr>
</tp1:TrackPointExtension>
</extensions>
</trkpt>
<trkpt lat="59.11733919" lon="17.40859279">
<ele>77.5</ele>
<time>2026-09-20T10:11:29Z</time>
<extensions>
<tp1:TrackPointExtension>
<tp1:hr>163</tp1:hr>
</tp1:TrackPointExtension>
</extensions>
</trkpt>
<trkpt lat="59.11735495" lon="17.40856983">
<ele>77.7</ele>
<time>2026-09-20T10:11:30Z</time>
<extensions>
<tp1:TrackPointExtension>
<tp1:hr>163</tp1:hr>
</tp1:TrackPointExtension>
</extensions>
</trkpt>
<trkpt lat="59.11738412" lon="17.40854066">
<ele>78.1</ele>
<time>2026-09-20T10:11:31Z</time>
<extensions>
<tp1:TrackPointExtension>
<tp1:hr>163</tp1:hr>
</tp1:TrackPointExtension>
</extensions>
</trkpt>
<trkpt lat="59.11740943" lon="17.40851761">
<ele>78.5</ele>
<time>2026-09-20T10:11:32Z</time>
<extensions>
<tp1:TrackPointExtension>
<tp1:hr>163</tp1:hr>
</tp1:TrackPointExtension>
</extensions>
</trkpt>
<trkpt lat="59.11742636" lon="17.40850537">
<ele>79.1</ele>
<time>2026-09-20T10:11:33Z</time>
<extensions>
<tp1:TrackPointExtension>
<tp1:hr>163</tp1:hr>
</tp1:TrackPointExtension>
</extensions>
</trkpt>
<trkpt lat="59.11744924" lon="17.40851501">
<ele>79.3</ele>
<time>2026-09-20T10:11:34Z</time>
<extensions>
<tp1:TrackPointExtension>
<tp1:hr>163</tp1:hr>
</tp1:TrackPointExtension>
</extensions>
</trkpt>
<trkpt lat="59.11747481" lon="17.40854225">
<ele>79.7</ele>
<time>2026-09-20T10:11:35Z</time>
<extensions>
<tp1:TrackPointExtension>
<tp1:hr>163</tp1:hr>
</tp1:TrackPointExtension>
</extensions>
</trkpt>
<trkpt lat="59.11749593" lon="17.40856103">
<ele>79.7</ele>
<time>2026-09-20T10:11:36Z</time>
<extensions>
<tp1:TrackPointExtension>
<tp1:hr>163</tp1:hr>
</tp1:TrackPointExtension>
</extensions>
</trkpt>
<trkpt lat="59.11751697" lon="17.40858072">
<ele>79.7</ele>
<time>2026-09-20T10:11:37Z</time>
<extensions>
<tp1:TrackPointExtension>
<tp1:hr>163</tp1:hr>
</tp1:TrackPointExtension>
</extensions>
</trkpt>
<trkpt lat="59.11755142" lon="17.40860461">
<ele>79.9</ele>
<time>2026-09-20T10:11:38Z</time>
<extensions>
<tp1:TrackPointExtension>
<tp1:hr>164</tp1:hr>
</tp1:TrackPointExtension>
</extensions>
</trkpt>
<trkpt lat="59.11757531" lon="17.40860637">
<ele>79.9</ele>
<time>2026-09-20T10:11:39Z</time>
<extensions>
<tp1:TrackPointExtension>
<tp1:hr>164</tp1:hr>
</tp1:TrackPointExtension>
</extensions>
</trkpt>
<trkpt lat="59.11759526" lon="17.40860973">
<ele>80.1</ele>
<time>2026-09-20T10:11:40Z</time>
<extensions>
<tp1:TrackPointExtension>
<tp1:hr>164</tp1:hr>
</tp1:TrackPointExtension>
</extensions>
</trkpt>
<trkpt lat="59.1176121" lon="17.40863873">
<ele>80.3</ele>
<time>2026-09-20T10:11:41Z</time>
<extensions>
<tp1:TrackPointExtension>
<tp1:hr>164</tp1:hr>
</tp1:TrackPointExtension>
</extensions>
</trkpt>
<trkpt lat="59.1176354" lon="17.40865407">
<ele>80.5</ele>
<time>2026-09-20T10:11:42Z</time>
<extensions>
<tp1:TrackPointExtension>
<tp1:hr>164</tp1:hr>
</tp1:TrackPointExtension>
</extensions>
</trkpt>
<trkpt lat="59.11765795" lon="17.40865214">
<ele>80.9</ele>
<time>2026-09-20T10:11:43Z</time>
<extensions>
<tp1:TrackPointExtension>
<tp1:hr>165</tp1:hr>
</tp1:TrackPointExtension>
</extensions>
</trkpt>
<trkpt lat="59.11767815" lon="17.40867779">
<ele>81.1</ele>
<time>2026-09-20T10:11:44Z</time>
<extensions>
<tp1:TrackPointExtension>
<tp1:hr>165</tp1:hr>
</tp1:TrackPointExtension>
</extensions>
</trkpt>
<trkpt lat="59.11769718" lon="17.4087114">
<ele>81.5</ele>
<time>2026-09-20T10:11:45Z</time>
<extensions>
<tp1:TrackPointExtension>
<tp1:hr>166</tp1:hr>
</tp1:TrackPointExtension>
</extensions>
</trkpt>
<trkpt lat="59.11772073" lon="17.40873529">
<ele>81.7</ele>
<time>2026-09-20T10:11:46Z</time>
<extensions>
<tp1:TrackPointExtension>
<tp1:hr>166</tp1:hr>
</tp1:TrackPointExtension>
</extensions>
</trkpt>
<trkpt lat="59.1177406" lon="17.40875456">
<ele>81.9</ele>
<time>2026-09-20T10:11:47Z</time>
<extensions>
<tp1:TrackPointExtension>
<tp1:hr>166</tp1:hr>
</tp1:TrackPointExtension>
</extensions>
</trkpt>
<trkpt lat="59.11776658" lon="17.40879203">
<ele>82.1</ele>
<time>2026-09-20T10:11:48Z</time>
<extensions>
<tp1:TrackPointExtension>
<tp1:hr>166</tp1:hr>
</tp1:TrackPointExtension>
</extensions>
</trkpt>
<trkpt lat="59.11778988" lon="17.40882346">
<ele>82.1</ele>
<time>2026-09-20T10:11:49Z</time>
<extensions>
<tp1:TrackPointExtension>
<tp1:hr>166</tp1:hr>
</tp1:TrackPointExtension>
</extensions>
</trkpt>
<trkpt lat="59.11781318" lon="17.40884442">
<ele>82.1</ele>
<time>2026-09-20T10:11:50Z</time>
<extensions>
<tp1:TrackPointExtension>
<tp1:hr>166</tp1:hr>
</tp1:TrackPointExtension>
</extensions>
</trkpt>
<trkpt lat="59.1178328" lon="17.40884802">
<ele>81.9</ele>
<time>2026-09-20T10:11:51Z</time>
<extensions>
<tp1:TrackPointExtension>
<tp1:hr>166</tp1:hr>
</tp1:TrackPointExtension>
</extensions>
</trkpt>
<trkpt lat="59.11785736" lon="17.40885842">
<ele>81.7</ele>
<time>2026-09-20T10:11:52Z</time>
<extensions>
<tp1:TrackPointExtension>
<tp1:hr>165</tp1:hr>
</tp1:TrackPointExtension>
</extensions>
</trkpt>
<trkpt lat="59.11788091" lon="17.40887409">
<ele>81.7</ele>
<time>2026-09-20T10:11:53Z</time>
<extensions>
<tp1:TrackPointExtension>
<tp1:hr>165</tp1:hr>
</tp1:TrackPointExtension>
</extensions>
</trkpt>
<trkpt lat="59.11790296" lon="17.40888993">
<ele>81.7</ele>
<time>2026-09-20T10:11:54Z</time>
<extensions>
<tp1:TrackPointExtension>
<tp1:hr>165</tp1:hr>
</tp1:TrackPointExtension>
</extensions>
</trkpt>
<trkpt lat="59.11792567" lon="17.40891743">
<ele>81.7</ele>
<time>2026-09-20T10:11:55Z</time>
<extensions>
<tp1:TrackPointExtension>
<tp1:hr>165</tp1:hr>
</tp1:TrackPointExtension>
</extensions>
</trkpt>
<trkpt lat="59.11794243" lon="17.40894777">
<ele>81.5</ele>
<time>2026-09-20T10:11:56Z</time>
<extensions>
<tp1:TrackPointExtension>
<tp1:hr>165</tp1:hr>
</tp1:TrackPointExtension>
</extensions>
</trkpt>
<trkpt lat="59.11796255" lon="17.40897836">
<ele>81.5</ele>
<time>2026-09-20T10:11:57Z</time>
<extensions>
<tp1:TrackPointExtension>
<tp1:hr>166</tp1:hr>
</tp1:TrackPointExtension>
</extensions>
</trkpt>
<trkpt lat="59.11798485" lon="17.40900393">
<ele>81.1</ele>
<time>2026-09-20T10:11:58Z</time>
<extensions>
<tp1:TrackPointExtension>
<tp1:hr>165</tp1:hr>
</tp1:TrackPointExtension>
</extensions>
</trkpt>
<trkpt lat="59.11800597" lon="17.4090196">
<ele>80.5</ele>
<time>2026-09-20T10:11:59Z</time>
<extensions>
<tp1:TrackPointExtension>
<tp1:hr>165</tp1:hr>
</tp1:TrackPointExtension>
</extensions>
</trkpt>
<trkpt lat="59.11803396" lon="17.40903628">
<ele>79.9</ele>
<time>2026-09-20T10:12:00Z</time>
<extensions>
<tp1:TrackPointExtension>
<tp1:hr>164</tp1:hr>
</tp1:TrackPointExtension>
</extensions>
</trkpt>
<trkpt lat="59.11805232" lon="17.40906302">
<ele>79.3</ele>
<time>2026-09-20T10:12:01Z</time>
<extensions>
<tp1:TrackPointExtension>
<tp1:hr>164</tp1:hr>
</tp1:TrackPointExtension>
</extensions>
</trkpt>
<trkpt lat="59.11807302" lon="17.4090678">
<ele>79.1</ele>
<time>2026-09-20T10:12:02Z</time>
<extensions>
<tp1:TrackPointExtension>
<tp1:hr>163</tp1:hr>
</tp1:TrackPointExtension>
</extensions>
</trkpt>
<trkpt lat="59.11810211" lon="17.40909839">
<ele>78.3</ele>
<time>2026-09-20T10:12:03Z</time>
<extensions>
<tp1:TrackPointExtension>
<tp1:hr>162</tp1:hr>
</tp1:TrackPointExtension>
</extensions>
</trkpt>
<trkpt lat="59.11812105" lon="17.40911817">
<ele>77.9</ele>
<time>2026-09-20T10:12:04Z</time>
<extensions>
<tp1:TrackPointExtension>
<tp1:hr>162</tp1:hr>
</tp1:TrackPointExtension>
</extensions>
</trkpt>
<trkpt lat="59.11814469" lon="17.40914357">
<ele>78.1</ele>
<time>2026-09-20T10:12:05Z</time>
<extensions>
<tp1:TrackPointExtension>
<tp1:hr>162</tp1:hr>
</tp1:TrackPointExtension>
</extensions>
</trkpt>
<trkpt lat="59.11815466" lon="17.40914625">
<ele>78.5</ele>
<time>2026-09-20T10:12:06Z</time>
<extensions>
<tp1:TrackPointExtension>
<tp1:hr>162</tp1:hr>
</tp1:TrackPointExtension>
</extensions>
</trkpt>
<trkpt lat="59.11816833" lon="17.4091351">
<ele>78.9</ele>
<time>2026-09-20T10:12:07Z</time>
<extensions>
<tp1:TrackPointExtension>
<tp1:hr>161</tp1:hr>
</tp1:TrackPointExtension>
</extensions>
</trkpt>
<trkpt lat="59.11817755" lon="17.40914181">
<ele>79.5</ele>
<time>2026-09-20T10:12:08Z</time>
<extensions>
<tp1:TrackPointExtension>
<tp1:hr>161</tp1:hr>
</tp1:TrackPointExtension>
</extensions>
</trkpt>
<trkpt lat="59.11818207" lon="17.40916737">
<ele>80.1</ele>
<time>2026-09-20T10:12:09Z</time>
<extensions>
<tp1:TrackPointExtension>
<tp1:hr>161</tp1:hr>
</tp1:TrackPointExtension>
</extensions>
</trkpt>
<trkpt lat="59.11818802" lon="17.40919269">
<ele>80.3</ele>
<time>2026-09-20T10:12:10Z</time>
<extensions>
<tp1:TrackPointExtension>
<tp1:hr>161</tp1:hr>
</tp1:TrackPointExtension>
</extensions>
</trkpt>
<trkpt lat="59.11819716" lon="17.40921004">
<ele>80.5</ele>
<time>2026-09-20T10:12:11Z</time>
<extensions>
<tp1:TrackPointExtension>
<tp1:hr>161</tp1:hr>
</tp1:TrackPointExtension>
</extensions>
</trkpt>
<trkpt lat="59.11820839" lon="17.40924122">
<ele>80.7</ele>
<time>2026-09-20T10:12:12Z</time>
<extensions>
<tp1:TrackPointExtension>
<tp1:hr>161</tp1:hr>
</tp1:TrackPointExtension>
</extensions>
</trkpt>
<trkpt lat="59.11821661" lon="17.40925211">
<ele>81.3</ele>
<time>2026-09-20T10:12:13Z</time>
<extensions>
<tp1:TrackPointExtension>
<tp1:hr>161</tp1:hr>
</tp1:TrackPointExtension>
</extensions>
</trkpt>
<trkpt lat="59.11822029" lon="17.40925924">
<ele>81.7</ele>
<time>2026-09-20T10:12:14Z</time>
<extensions>
<tp1:TrackPointExtension>
<tp1:hr>161</tp1:hr>
</tp1:TrackPointExtension>
</extensions>
</trkpt>
<trkpt lat="59.11822901" lon="17.40926896">
<ele>82.3</ele>
<time>2026-09-20T10:12:15Z</time>
<extensions>
<tp1:TrackPointExtension>
<tp1:hr>161</tp1:hr>
</tp1:TrackPointExtension>
</extensions>
</trkpt>
<trkpt lat="59.11824594" lon="17.40928195">
<ele>82.7</ele>
<time>2026-09-20T10:12:16Z</time>
<extensions>
<tp1:TrackPointExtension>
<tp1:hr>160</tp1:hr>
</tp1:TrackPointExtension>
</extensions>
</trkpt>
<trkpt lat="59.11826195" lon="17.4092838">
<ele>83.3</ele>
<time>2026-09-20T10:12:17Z</time>
<extensions>
<tp1:TrackPointExtension>
<tp1:hr>160</tp1:hr>
</tp1:TrackPointExtension>
</extensions>
</trkpt>
<trkpt lat="59.11827813" lon="17.40928858">
<ele>83.7</ele>
<time>2026-09-20T10:12:18Z</time>
<extensions>
<tp1:TrackPointExtension>
<tp1:hr>160</tp1:hr>
</tp1:TrackPointExtension>
</extensions>
</trkpt>
<trkpt lat="59.11829866" lon="17.40929176">
<ele>84.3</ele>
<time>2026-09-20T10:12:19Z</time>
<extensions>
<tp1:TrackPointExtension>
<tp1:hr>160</tp1:hr>
</tp1:TrackPointExtension>
</extensions>
</trkpt>
<trkpt lat="59.11831149" lon="17.40929956">
<ele>84.7</ele>
<time>2026-09-20T10:12:20Z</time>
<extensions>
<tp1:TrackPointExtension>
<tp1:hr>160</tp1:hr>
</tp1:TrackPointExtension>
</extensions>
</trkpt>
<trkpt lat="59.11833412" lon="17.40930031">
<ele>85.1</ele>
<time>2026-09-20T10:12:21Z</time>
<extensions>
<tp1:TrackPointExtension>
<tp1:hr>159</tp1:hr>
</tp1:TrackPointExtension>
</extensions>
</trkpt>
<trkpt lat="59.11836203" lon="17.40930283">
<ele>85.3</ele>
<time>2026-09-20T10:12:22Z</time>
<extensions>
<tp1:TrackPointExtension>
<tp1:hr>160</tp1:hr>
</tp1:TrackPointExtension>
</extensions>
</trkpt>
<trkpt lat="59.11837947" lon="17.409304">
<ele>85.3</ele>
<time>2026-09-20T10:12:23Z</time>
<extensions>
<tp1:TrackPointExtension>
<tp1:hr>160</tp1:hr>
</tp1:TrackPointExtension>
</extensions>
</trkpt>
<trkpt lat="59.11839112" lon="17.40929645">
<ele>85.3</ele>
<time>2026-09-20T10:12:24Z</time>
<extensions>
<tp1:TrackPointExtension>
<tp1:hr>161</tp1:hr>
</tp1:TrackPointExtension>
</extensions>
</trkpt>
<trkpt lat="59.118414" lon="17.40928137">
<ele>85.5</ele>
<time>2026-09-20T10:12:25Z</time>
<extensions>
<tp1:TrackPointExtension>
<tp1:hr>161</tp1:hr>
</tp1:TrackPointExtension>
</extensions>
</trkpt>
<trkpt lat="59.11843747" lon="17.40926846">
<ele>85.5</ele>
<time>2026-09-20T10:12:26Z</time>
<extensions>
<tp1:TrackPointExtension>
<tp1:hr>161</tp1:hr>
</tp1:TrackPointExtension>
</extensions>
</trkpt>
<trkpt lat="59.11846639" lon="17.40926284">
<ele>85.5</ele>
<time>2026-09-20T10:12:27Z</time>
<extensions>
<tp1:TrackPointExtension>
<tp1:hr>160</tp1:hr>
</tp1:TrackPointExtension>
</extensions>
</trkpt>
<trkpt lat="59.11848642" lon="17.40925128">
<ele>85.1</ele>
<time>2026-09-20T10:12:28Z</time>
<extensions>
<tp1:TrackPointExtension>
<tp1:hr>161</tp1:hr>
</tp1:TrackPointExtension>
</extensions>
</trkpt>
<trkpt lat="59.11851333" lon="17.40923367">
<ele>84.7</ele>
<time>2026-09-20T10:12:29Z</time>
<extensions>
<tp1:TrackPointExtension>
<tp1:hr>161</tp1:hr>
</tp1:TrackPointExtension>
</extensions>
</trkpt>
<trkpt lat="59.11854744" lon="17.40925002">
<ele>84.5</ele>
<time>2026-09-20T10:12:30Z</time>
<extensions>
<tp1:TrackPointExtension>
<tp1:hr>162</tp1:hr>
</tp1:TrackPointExtension>
</extensions>
</trkpt>
<trkpt lat="59.11857326" lon="17.40926703">
<ele>84.3</ele>
<time>2026-09-20T10:12:31Z</time>
<extensions>
<tp1:TrackPointExtension>
<tp1:hr>162</tp1:hr>
</tp1:TrackPointExtension>
</extensions>
</trkpt>
<trkpt lat="59.11859002" lon="17.40927139">
<ele>84.5</ele>
<time>2026-09-20T10:12:32Z</time>
<extensions>
<tp1:TrackPointExtension>
<tp1:hr>162</tp1:hr>
</tp1:TrackPointExtension>
</extensions>
</trkpt>
<trkpt lat="59.11860544" lon="17.40924834">
<ele>84.7</ele>
<time>2026-09-20T10:12:33Z</time>
<extensions>
<tp1:TrackPointExtension>
<tp1:hr>163</tp1:hr>
</tp1:TrackPointExtension>
</extensions>
</trkpt>
<trkpt lat="59.11862648" lon="17.40921909">
<ele>84.6</ele>
<time>2026-09-20T10:12:34Z</time>
<extensions>
<tp1:TrackPointExtension>
<tp1:hr>163</tp1:hr>
</tp1:TrackPointExtension>
</extensions>
</trkpt>
<trkpt lat="59.11864098" lon="17.40919772">
<ele>84.6</ele>
<time>2026-09-20T10:12:35Z</time>
<extensions>
<tp1:TrackPointExtension>
<tp1:hr>163</tp1:hr>
</tp1:TrackPointExtension>
</extensions>
</trkpt>
<trkpt lat="59.11865037" lon="17.40918539">
<ele>84.4</ele>
<time>2026-09-20T10:12:36Z</time>
<extensions>
<tp1:TrackPointExtension>
<tp1:hr>163</tp1:hr>
</tp1:TrackPointExtension>
</extensions>
</trkpt>
<trkpt lat="59.11865875" lon="17.4091828">
<ele>84.2</ele>
<time>2026-09-20T10:12:37Z</time>
<extensions>
<tp1:TrackPointExtension>
<tp1:hr>163</tp1:hr>
</tp1:TrackPointExtension>
</extensions>
</trkpt>
<trkpt lat="59.11867409" lon="17.409175">
<ele>84.2</ele>
<time>2026-09-20T10:12:38Z</time>
<extensions>
<tp1:TrackPointExtension>
<tp1:hr>163</tp1:hr>
</tp1:TrackPointExtension>
</extensions>
</trkpt>
<trkpt lat="59.11868582" lon="17.40916645">
<ele>84.2</ele>
<time>2026-09-20T10:12:39Z</time>
<extensions>
<tp1:TrackPointExtension>
<tp1:hr>163</tp1:hr>
</tp1:TrackPointExtension>
</extensions>
</trkpt>
<trkpt lat="59.11869789" lon="17.40916972">
<ele>84.6</ele>
<time>2026-09-20T10:12:40Z</time>
<extensions>
<tp1:TrackPointExtension>
<tp1:hr>162</tp1:hr>
</tp1:TrackPointExtension>
</extensions>
</trkpt>
<trkpt lat="59.11871525" lon="17.40917215">
<ele>85.0</ele>
<time>2026-09-20T10:12:41Z</time>
<extensions>
<tp1:TrackPointExtension>
<tp1:hr>162</tp1:hr>
</tp1:TrackPointExtension>
</extensions>
</trkpt>
<trkpt lat="59.11872941" lon="17.40917969">
<ele>85.4</ele>
<time>2026-09-20T10:12:42Z</time>
<extensions>
<tp1:TrackPointExtension>
<tp1:hr>162</tp1:hr>
</tp1:TrackPointExtension>
</extensions>
</trkpt>
<trkpt lat="59.11874056" lon="17.40919009">
<ele>85.8</ele>
<time>2026-09-20T10:12:43Z</time>
<extensions>
<tp1:TrackPointExtension>
<tp1:hr>162</tp1:hr>
</tp1:TrackPointExtension>
</extensions>
</trkpt>
<trkpt lat="59.11875154" lon="17.40920048">
<ele>85.8</ele>
<time>2026-09-20T10:12:44Z</time>
<extensions>
<tp1:TrackPointExtension>
<tp1:hr>162</tp1:hr>
</tp1:TrackPointExtension>
</extensions>
</trkpt>
<trkpt lat="59.11876227" lon="17.40921272">
<ele>85.8</ele>
<time>2026-09-20T10:12:45Z</time>
<extensions>
<tp1:TrackPointExtension>
<tp1:hr>161</tp1:hr>
</tp1:TrackPointExtension>
</extensions>
</trkpt>
<trkpt lat="59.11877886" lon="17.40923342">
<ele>85.8</ele>
<time>2026-09-20T10:12:46Z</time>
<extensions>
<tp1:TrackPointExtension>
<tp1:hr>161</tp1:hr>
</tp1:TrackPointExtension>
</extensions>
</trkpt>
<trkpt lat="59.11880041" lon="17.40925916">
<ele>85.8</ele>
<time>2026-09-20T10:12:47Z</time>
<extensions>
<tp1:TrackPointExtension>
<tp1:hr>161</tp1:hr>
</tp1:TrackPointExtension>
</extensions>
</trkpt>
<trkpt lat="59.11882413" lon="17.40930123">
<ele>85.8</ele>
<time>2026-09-20T10:12:48Z</time>
<extensions>
<tp1:TrackPointExtension>
<tp1:hr>162</tp1:hr>
</tp1:TrackPointExtension>
</extensions>
</trkpt>
<trkpt lat="59.1188424" lon="17.40933769">
<ele>85.8</ele>
<time>2026-09-20T10:12:49Z</time>
<extensions>
<tp1:TrackPointExtension>
<tp1:hr>162</tp1:hr>
</tp1:TrackPointExtension>
</extensions>
</trkpt>
<trkpt lat="59.11886721" lon="17.40936988">
<ele>85.8</ele>
<time>2026-09-20T10:12:50Z</time>
<extensions>
<tp1:TrackPointExtension>
<tp1:hr>162</tp1:hr>
</tp1:TrackPointExtension>
</extensions>
</trkpt>
<trkpt lat="59.11888925" lon="17.40938086">
<ele>86.0</ele>
<time>2026-09-20T10:12:51Z</time>
<extensions>
<tp1:TrackPointExtension>
<tp1:hr>161</tp1:hr>
</tp1:TrackPointExtension>
</extensions>
</trkpt>
<trkpt lat="59.11890761" lon="17.4093791">
<ele>86.4</ele>
<time>2026-09-20T10:12:52Z</time>
<extensions>
<tp1:TrackPointExtension>
<tp1:hr>162</tp1:hr>
</tp1:TrackPointExtension>
</extensions>
</trkpt>
<trkpt lat="59.11893225" lon="17.40936619">
<ele>86.6</ele>
<time>2026-09-20T10:12:53Z</time>
<extensions>
<tp1:TrackPointExtension>
<tp1:hr>161</tp1:hr>
</tp1:TrackPointExtension>
</extensions>
</trkpt>
<trkpt lat="59.11895581" lon="17.40936116">
<ele>87.0</ele>
<time>2026-09-20T10:12:54Z</time>
<extensions>
<tp1:TrackPointExtension>
<tp1:hr>161</tp1:hr>
</tp1:TrackPointExtension>
</extensions>
</trkpt>
<trkpt lat="59.11897089" lon="17.40935756">
<ele>87.2</ele>
<time>2026-09-20T10:12:55Z</time>
<extensions>
<tp1:TrackPointExtension>
<tp1:hr>161</tp1:hr>
</tp1:TrackPointExtension>
</extensions>
</trkpt>
<trkpt lat="59.11899981" lon="17.40936829">
<ele>87.6</ele>
<time>2026-09-20T10:12:56Z</time>
<extensions>
<tp1:TrackPointExtension>
<tp1:hr>161</tp1:hr>
</tp1:TrackPointExtension>
</extensions>
</trkpt>
<trkpt lat="59.11902244" lon="17.40938379">
<ele>88.0</ele>
<time>2026-09-20T10:12:57Z</time>
<extensions>
<tp1:TrackPointExtension>
<tp1:hr>161</tp1:hr>
</tp1:TrackPointExtension>
</extensions>
</trkpt>
<trkpt lat="59.11904616" lon="17.40940064">
<ele>88.4</ele>
<time>2026-09-20T10:12:58Z</time>
<extensions>
<tp1:TrackPointExtension>
<tp1:hr>162</tp1:hr>
</tp1:TrackPointExtension>
</extensions>
</trkpt>
<trkpt lat="59.11906787" lon="17.40941925">
<ele>88.8</ele>
<time>2026-09-20T10:12:59Z</time>
<extensions>
<tp1:TrackPointExtension>
<tp1:hr>162</tp1:hr>
</tp1:TrackPointExtension>
</extensions>
</trkpt>
<trkpt lat="59.11909042" lon="17.40944029">
<ele>89.0</ele>
<time>2026-09-20T10:13:00Z</time>
<extensions>
<tp1:TrackPointExtension>
<tp1:hr>162</tp1:hr>
</tp1:TrackPointExtension>
</extensions>
</trkpt>
<trkpt lat="59.11911263" lon="17.40944884">
<ele>89.2</ele>
<time>2026-09-20T10:13:01Z</time>
<extensions>
<tp1:TrackPointExtension>
<tp1:hr>162</tp1:hr>
</tp1:TrackPointExtension>
</extensions>
</trkpt>
<trkpt lat="59.11913442" lon="17.40946292">
<ele>89.4</ele>
<time>2026-09-20T10:13:02Z</time>
<extensions>
<tp1:TrackPointExtension>
<tp1:hr>162</tp1:hr>
</tp1:TrackPointExtension>
</extensions>
</trkpt>
<trkpt lat="59.11915152" lon="17.40946929">
<ele>89.4</ele>
<time>2026-09-20T10:13:03Z</time>
<extensions>
<tp1:TrackPointExtension>
<tp1:hr>163</tp1:hr>
</tp1:TrackPointExtension>
</extensions>
</trkpt>
<trkpt lat="59.11916904" lon="17.40946988">
<ele>89.4</ele>
<time>2026-09-20T10:13:04Z</time>
<extensions>
<tp1:TrackPointExtension>
<tp1:hr>163</tp1:hr>
</tp1:TrackPointExtension>
</extensions>
</trkpt>
<trkpt lat="59.11919754" lon="17.40946275">
<ele>89.4</ele>
<time>2026-09-20T10:13:05Z</time>
<extensions>
<tp1:TrackPointExtension>
<tp1:hr>163</tp1:hr>
</tp1:TrackPointExtension>
</extensions>
</trkpt>
<trkpt lat="59.11922101" lon="17.40942872">
<ele>89.2</ele>
<time>2026-09-20T10:13:06Z</time>
<extensions>
<tp1:TrackPointExtension>
<tp1:hr>163</tp1:hr>
</tp1:TrackPointExtension>
</extensions>
</trkpt>
<trkpt lat="59.11924515" lon="17.40940743">
<ele>89.2</ele>
<time>2026-09-20T10:13:07Z</time>
<extensions>
<tp1:TrackPointExtension>
<tp1:hr>162</tp1:hr>
</tp1:TrackPointExtension>
</extensions>
</trkpt>
<trkpt lat="59.11926761" lon="17.40938405">
<ele>88.8</ele>
<time>2026-09-20T10:13:08Z</time>
<extensions>
<tp1:TrackPointExtension>
<tp1:hr>162</tp1:hr>
</tp1:TrackPointExtension>
</extensions>
</trkpt>
<trkpt lat="59.11929385" lon="17.40937474">
<ele>88.4</ele>
<time>2026-09-20T10:13:09Z</time>
<extensions>
<tp1:TrackPointExtension>
<tp1:hr>162</tp1:hr>
</tp1:TrackPointExtension>
</extensions>
</trkpt>
<trkpt lat="59.11932637" lon="17.40937801">
<ele>88.2</ele>
<time>2026-09-20T10:13:10Z</time>
<extensions>
<tp1:TrackPointExtension>
<tp1:hr>162</tp1:hr>
</tp1:TrackPointExtension>
</extensions>
</trkpt>
<trkpt lat="59.11934992" lon="17.40937902">
<ele>88.0</ele>
<time>2026-09-20T10:13:11Z</time>
<extensions>
<tp1:TrackPointExtension>
<tp1:hr>163</tp1:hr>
</tp1:TrackPointExtension>
</extensions>
</trkpt>
<trkpt lat="59.11936861" lon="17.40936829">
<ele>87.8</ele>
<time>2026-09-20T10:13:12Z</time>
<extensions>
<tp1:TrackPointExtension>
<tp1:hr>162</tp1:hr>
</tp1:TrackPointExtension>
</extensions>
</trkpt>
<trkpt lat="59.1193868" lon="17.40935907">
<ele>87.4</ele>
<time>2026-09-20T10:13:13Z</time>
<extensions>
<tp1:TrackPointExtension>
<tp1:hr>162</tp1:hr>
</tp1:TrackPointExtension>
</extensions>
</trkpt>
<trkpt lat="59.11941396" lon="17.40935521">
<ele>87.2</ele>
<time>2026-09-20T10:13:14Z</time>
<extensions>
<tp1:TrackPointExtension>
<tp1:hr>162</tp1:hr>
</tp1:TrackPointExtension>
</extensions>
</trkpt>
<trkpt lat="59.11944162" lon="17.4093361">
<ele>86.6</ele>
<time>2026-09-20T10:13:15Z</time>
<extensions>
<tp1:TrackPointExtension>
<tp1:hr>162</tp1:hr>
</tp1:TrackPointExtension>
</extensions>
</trkpt>
<trkpt lat="59.11946249" lon="17.40931481">
<ele>86.2</ele>
<time>2026-09-20T10:13:16Z</time>
<extensions>
<tp1:TrackPointExtension>
<tp1:hr>162</tp1:hr>
</tp1:TrackPointExtension>
</extensions>
</trkpt>
<trkpt lat="59.119478" lon="17.40928673">
<ele>85.6</ele>
<time>2026-09-20T10:13:17Z</time>
<extensions>
<tp1:TrackPointExtension>
<tp1:hr>162</tp1:hr>
</tp1:TrackPointExtension>
</extensions>
</trkpt>
<trkpt lat="59.11950859" lon="17.40924398">
<ele>84.8</ele>
<time>2026-09-20T10:13:18Z</time>
<extensions>
<tp1:TrackPointExtension>
<tp1:hr>162</tp1:hr>
</tp1:TrackPointExtension>
</extensions>
</trkpt>
<trkpt lat="59.11952762" lon="17.40921465">
<ele>84.6</ele>
<time>2026-09-20T10:13:19Z</time>
<extensions>
<tp1:TrackPointExtension>
<tp1:hr>162</tp1:hr>
</tp1:TrackPointExtension>
</extensions>
</trkpt>
<trkpt lat="59.11954036" lon="17.4092014">
<ele>84.6</ele>
<time>2026-09-20T10:13:20Z</time>
<extensions>
<tp1:TrackPointExtension>
<tp1:hr>161</tp1:hr>
</tp1:TrackPointExtension>
</extensions>
</trkpt>
<trkpt lat="59.11956232" lon="17.40918942">
<ele>84.6</ele>
<time>2026-09-20T10:13:21Z</time>
<extensions>
<tp1:TrackPointExtension>
<tp1:hr>162</tp1:hr>
</tp1:TrackPointExtension>
</extensions>
</trkpt>
<trkpt lat="59.11958093" lon="17.40918322">
<ele>84.8</ele>
<time>2026-09-20T10:13:22Z</time>
<extensions>
<tp1:TrackPointExtension>
<tp1:hr>161</tp1:hr>
</tp1:TrackPointExtension>
</extensions>
</trkpt>
<trkpt lat="59.11959769" lon="17.40919277">
<ele>85.4</ele>
<time>2026-09-20T10:13:23Z</time>
<extensions>
<tp1:TrackPointExtension>
<tp1:hr>161</tp1:hr>
</tp1:TrackPointExtension>
</extensions>
</trkpt>
<trkpt lat="59.11960834" lon="17.40920677">
<ele>86.0</ele>
<time>2026-09-20T10:13:24Z</time>
<extensions>
<tp1:TrackPointExtension>
<tp1:hr>161</tp1:hr>
</tp1:TrackPointExtension>
</extensions>
</trkpt>
<trkpt lat="59.11961806" lon="17.40922437">
<ele>86.6</ele>
<time>2026-09-20T10:13:25Z</time>
<extensions>
<tp1:TrackPointExtension>
<tp1:hr>160</tp1:hr>
</tp1:TrackPointExtension>
</extensions>
</trkpt>
<trkpt lat="59.11962477" lon="17.4092439">
<ele>86.8</ele>
<time>2026-09-20T10:13:26Z</time>
<extensions>
<tp1:TrackPointExtension>
<tp1:hr>160</tp1:hr>
</tp1:TrackPointExtension>
</extensions>
</trkpt>
<trkpt lat="59.11963491" lon="17.40925949">
<ele>87.2</ele>
<time>2026-09-20T10:13:27Z</time>
<extensions>
<tp1:TrackPointExtension>
<tp1:hr>159</tp1:hr>
</tp1:TrackPointExtension>
</extensions>
</trkpt>
<trkpt lat="59.11964832" lon="17.40929796">
<ele>87.4</ele>
<time>2026-09-20T10:13:28Z</time>
<extensions>
<tp1:TrackPointExtension>
<tp1:hr>159</tp1:hr>
</tp1:TrackPointExtension>
</extensions>
</trkpt>
<trkpt lat="59.11966248" lon="17.4093423">
<ele>87.4</ele>
<time>2026-09-20T10:13:29Z</time>
<extensions>
<tp1:TrackPointExtension>
<tp1:hr>159</tp1:hr>
</tp1:TrackPointExtension>
</extensions>
</trkpt>
<trkpt lat="59.1196733" lon="17.40938958">
<ele>87.6</ele>
<time>2026-09-20T10:13:30Z</time>
<extensions>
<tp1:TrackPointExtension>
<tp1:hr>159</tp1:hr>
</tp1:TrackPointExtension>
</extensions>
</trkpt>
<trkpt lat="59.11968126" lon="17.4094454">
<ele>87.6</ele>
<time>2026-09-20T10:13:31Z</time>
<extensions>
<tp1:TrackPointExtension>
<tp1:hr>159</tp1:hr>
</tp1:TrackPointExtension>
</extensions>
</trkpt>
<trkpt lat="59.11969165" lon="17.40950634">
<ele>87.6</ele>
<time>2026-09-20T10:13:32Z</time>
<extensions>
<tp1:TrackPointExtension>
<tp1:hr>159</tp1:hr>
</tp1:TrackPointExtension>
</extensions>
</trkpt>
<trkpt lat="59.11969802" lon="17.40956602">
<ele>87.6</ele>
<time>2026-09-20T10:13:33Z</time>
<extensions>
<tp1:TrackPointExtension>
<tp1:hr>160</tp1:hr>
</tp1:TrackPointExtension>
</extensions>
</trkpt>
<trkpt lat="59.11969819" lon="17.40960944">
<ele>87.6</ele>
<time>2026-09-20T10:13:34Z</time>
<extensions>
<tp1:TrackPointExtension>
<tp1:hr>159</tp1:hr>
</tp1:TrackPointExtension>
</extensions>
</trkpt>
<trkpt lat="59.11969475" lon="17.40964883">
<ele>87.8</ele>
<time>2026-09-20T10:13:35Z</time>
<extensions>
<tp1:TrackPointExtension>
<tp1:hr>158</tp1:hr>
</tp1:TrackPointExtension>
</extensions>
</trkpt>
<trkpt lat="59.11969392" lon="17.40968848">
<ele>87.8</ele>
<time>2026-09-20T10:13:36Z</time>
<extensions>
<tp1:TrackPointExtension>
<tp1:hr>158</tp1:hr>
</tp1:TrackPointExtension>
</extensions>
</trkpt>
<trkpt lat="59.11969693" lon="17.4097293">
<ele>87.6</ele>
<time>2026-09-20T10:13:37Z</time>
<extensions>
<tp1:TrackPointExtension>
<tp1:hr>158</tp1:hr>
</tp1:TrackPointExtension>
</extensions>
</trkpt>
<trkpt lat="59.11970414" lon="17.40977556">
<ele>87.2</ele>
<time>2026-09-20T10:13:38Z</time>
<extensions>
<tp1:TrackPointExtension>
<tp1:hr>158</tp1:hr>
</tp1:TrackPointExtension>
</extensions>
</trkpt>
<trkpt lat="59.11971646" lon="17.4098225">
<ele>87.0</ele>
<time>2026-09-20T10:13:39Z</time>
<extensions>
<tp1:TrackPointExtension>
<tp1:hr>159</tp1:hr>
</tp1:TrackPointExtension>
</extensions>
</trkpt>
<trkpt lat="59.11972677" lon="17.40986223">
<ele>86.6</ele>
<time>2026-09-20T10:13:40Z</time>
<extensions>
<tp1:TrackPointExtension>
<tp1:hr>160</tp1:hr>
</tp1:TrackPointExtension>
</extensions>
</trkpt>
<trkpt lat="59.11974161" lon="17.40990842">
<ele>85.8</ele>
<time>2026-09-20T10:13:41Z</time>
<extensions>
<tp1:TrackPointExtension>
<tp1:hr>160</tp1:hr>
</tp1:TrackPointExtension>
</extensions>
</trkpt>
<trkpt lat="59.11975385" lon="17.40995963">
<ele>85.4</ele>
<time>2026-09-20T10:13:42Z</time>
<extensions>
<tp1:TrackPointExtension>
<tp1:hr>160</tp1:hr>
</tp1:TrackPointExtension>
</extensions>
</trkpt>
<trkpt lat="59.11976273" lon="17.41001185">
<ele>85.0</ele>
<time>2026-09-20T10:13:43Z</time>
<extensions>
<tp1:TrackPointExtension>
<tp1:hr>160</tp1:hr>
</tp1:TrackPointExtension>
</extensions>
</trkpt>
<trkpt lat="59.11976902" lon="17.41006415">
<ele>84.9</ele>
<time>2026-09-20T10:13:44Z</time>
<extensions>
<tp1:TrackPointExtension>
<tp1:hr>159</tp1:hr>
</tp1:TrackPointExtension>
</extensions>
</trkpt>
<trkpt lat="59.11977489" lon="17.41011704">
<ele>84.9</ele>
<time>2026-09-20T10:13:45Z</time>
<extensions>
<tp1:TrackPointExtension>
<tp1:hr>160</tp1:hr>
</tp1:TrackPointExtension>
</extensions>
</trkpt>
<trkpt lat="59.11978126" lon="17.41015946">
<ele>84.9</ele>
<time>2026-09-20T10:13:46Z</time>
<extensions>
<tp1:TrackPointExtension>
<tp1:hr>160</tp1:hr>
</tp1:TrackPointExtension>
</extensions>
</trkpt>
<trkpt lat="59.11979307" lon="17.41021184">
<ele>85.1</ele>
<time>2026-09-20T10:13:47Z</time>
<extensions>
<tp1:TrackPointExtension>
<tp1:hr>159</tp1:hr>
</tp1:TrackPointExtension>
</extensions>
</trkpt>
<trkpt lat="59.11980975" lon="17.41026079">
<ele>85.1</ele>
<time>2026-09-20T10:13:48Z</time>
<extensions>
<tp1:TrackPointExtension>
<tp1:hr>158</tp1:hr>
</tp1:TrackPointExtension>
</extensions>
</trkpt>
<trkpt lat="59.11982727" lon="17.41029751">
<ele>85.3</ele>
<time>2026-09-20T10:13:49Z</time>
<extensions>
<tp1:TrackPointExtension>
<tp1:hr>158</tp1:hr>
</tp1:TrackPointExtension>
</extensions>
</trkpt>
<trkpt lat="59.11984529" lon="17.41035115">
<ele>85.3</ele>
<time>2026-09-20T10:13:50Z</time>
<extensions>
<tp1:TrackPointExtension>
<tp1:hr>157</tp1:hr>
</tp1:TrackPointExtension>
</extensions>
</trkpt>
<trkpt lat="59.11986432" lon="17.41041544">
<ele>85.3</ele>
<time>2026-09-20T10:13:51Z</time>
<extensions>
<tp1:TrackPointExtension>
<tp1:hr>156</tp1:hr>
</tp1:TrackPointExtension>
</extensions>
</trkpt>
<trkpt lat="59.11987404" lon="17.41051175">
<ele>85.3</ele>
<time>2026-09-20T10:13:52Z</time>
<extensions>
<tp1:TrackPointExtension>
<tp1:hr>157</tp1:hr>
</tp1:TrackPointExtension>
</extensions>
</trkpt>
<trkpt lat="59.11988335" lon="17.41057612">
<ele>85.1</ele>
<time>2026-09-20T10:13:53Z</time>
<extensions>
<tp1:TrackPointExtension>
<tp1:hr>157</tp1:hr>
</tp1:TrackPointExtension>
</extensions>
</trkpt>
<trkpt lat="59.1198862" lon="17.41065776">
<ele>84.5</ele>
<time>2026-09-20T10:13:54Z</time>
<extensions>
<tp1:TrackPointExtension>
<tp1:hr>157</tp1:hr>
</tp1:TrackPointExtension>
</extensions>
</trkpt>
<trkpt lat="59.11988854" lon="17.41071777">
<ele>83.9</ele>
<time>2026-09-20T10:13:55Z</time>
<extensions>
<tp1:TrackPointExtension>
<tp1:hr>157</tp1:hr>
</tp1:TrackPointExtension>
</extensions>
</trkpt>
<trkpt lat="59.11988787" lon="17.41077326">
<ele>83.7</ele>
<time>2026-09-20T10:13:56Z</time>
<extensions>
<tp1:TrackPointExtension>
<tp1:hr>157</tp1:hr>
</tp1:TrackPointExtension>
</extensions>
</trkpt>
<trkpt lat="59.11988276" lon="17.41082691">
<ele>83.3</ele>
<time>2026-09-20T10:13:57Z</time>
<extensions>
<tp1:TrackPointExtension>
<tp1:hr>157</tp1:hr>
</tp1:TrackPointExtension>
</extensions>
</trkpt>
<trkpt lat="59.1198758" lon="17.41089027">
<ele>83.3</ele>
<time>2026-09-20T10:13:58Z</time>
<extensions>
<tp1:TrackPointExtension>
<tp1:hr>157</tp1:hr>
</tp1:TrackPointExtension>
</extensions>
</trkpt>
<trkpt lat="59.11986759" lon="17.41094409">
<ele>83.1</ele>
<time>2026-09-20T10:13:59Z</time>
<extensions>
<tp1:TrackPointExtension>
<tp1:hr>158</tp1:hr>
</tp1:TrackPointExtension>
</extensions>
</trkpt>
<trkpt lat="59.11986818" lon="17.41099086">
<ele>82.9</ele>
<time>2026-09-20T10:14:00Z</time>
<extensions>
<tp1:TrackPointExtension>
<tp1:hr>158</tp1:hr>
</tp1:TrackPointExtension>
</extensions>
</trkpt>
<trkpt lat="59.11986751" lon="17.41103771">
<ele>82.7</ele>
<time>2026-09-20T10:14:01Z</time>
<extensions>
<tp1:TrackPointExtension>
<tp1:hr>158</tp1:hr>
</tp1:TrackPointExtension>
</extensions>
</trkpt>
<trkpt lat="59.11986675" lon="17.41108038">
<ele>82.5</ele>
<time>2026-09-20T10:14:02Z</time>
<extensions>
<tp1:TrackPointExtension>
<tp1:hr>158</tp1:hr>
</tp1:TrackPointExtension>
</extensions>
</trkpt>
<trkpt lat="59.11987497" lon="17.41112916">
<ele>82.3</ele>
<time>2026-09-20T10:14:03Z</time>
<extensions>
<tp1:TrackPointExtension>
<tp1:hr>159</tp1:hr>
</tp1:TrackPointExtension>
</extensions>
</trkpt>
<trkpt lat="59.11987413" lon="17.41118792">
<ele>82.3</ele>
<time>2026-09-20T10:14:04Z</time>
<extensions>
<tp1:TrackPointExtension>
<tp1:hr>159</tp1:hr>
</tp1:TrackPointExtension>
</extensions>
</trkpt>
<trkpt lat="59.11986331" lon="17.41126101">
<ele>82.1</ele>
<time>2026-09-20T10:14:05Z</time>
<extensions>
<tp1:TrackPointExtension>
<tp1:hr>160</tp1:hr>
</tp1:TrackPointExtension>
</extensions>
</trkpt>
<trkpt lat="59.11985493" lon="17.41130543">
<ele>81.9</ele>
<time>2026-09-20T10:14:06Z</time>
<extensions>
<tp1:TrackPointExtension>
<tp1:hr>160</tp1:hr>
</tp1:TrackPointExtension>
</extensions>
</trkpt>
<trkpt lat="59.11985233" lon="17.41133678">
<ele>81.9</ele>
<time>2026-09-20T10:14:07Z</time>
<extensions>
<tp1:TrackPointExtension>
<tp1:hr>159</tp1:hr>
</tp1:TrackPointExtension>
</extensions>
</trkpt>
<trkpt lat="59.11985669" lon="17.41140023">
<ele>82.1</ele>
<time>2026-09-20T10:14:08Z</time>
<extensions>
<tp1:TrackPointExtension>
<tp1:hr>160</tp1:hr>
</tp1:TrackPointExtension>
</extensions>
</trkpt>
<trkpt lat="59.11986876" lon="17.41143325">
<ele>82.3</ele>
<time>2026-09-20T10:14:09Z</time>
<extensions>
<tp1:TrackPointExtension>
<tp1:hr>160</tp1:hr>
</tp1:TrackPointExtension>
</extensions>
</trkpt>
<trkpt lat="59.11988544" lon="17.41147751">
<ele>82.7</ele>
<time>2026-09-20T10:14:10Z</time>
<extensions>
<tp1:TrackPointExtension>
<tp1:hr>160</tp1:hr>
</tp1:TrackPointExtension>
</extensions>
</trkpt>
<trkpt lat="59.1198981" lon="17.41151405">
<ele>83.1</ele>
<time>2026-09-20T10:14:11Z</time>
<extensions>
<tp1:TrackPointExtension>
<tp1:hr>160</tp1:hr>
</tp1:TrackPointExtension>
</extensions>
</trkpt>
<trkpt lat="59.11991159" lon="17.41155387">
<ele>83.3</ele>
<time>2026-09-20T10:14:12Z</time>
<extensions>
<tp1:TrackPointExtension>
<tp1:hr>160</tp1:hr>
</tp1:TrackPointExtension>
</extensions>
</trkpt>
<trkpt lat="59.11992501" lon="17.41157197">
<ele>83.5</ele>
<time>2026-09-20T10:14:13Z</time>
<extensions>
<tp1:TrackPointExtension>
<tp1:hr>160</tp1:hr>
</tp1:TrackPointExtension>
</extensions>
</trkpt>
<trkpt lat="59.11992962" lon="17.41160844">
<ele>83.7</ele>
<time>2026-09-20T10:14:14Z</time>
<extensions>
<tp1:TrackPointExtension>
<tp1:hr>160</tp1:hr>
</tp1:TrackPointExtension>
</extensions>
</trkpt>
<trkpt lat="59.11992501" lon="17.41165764">
<ele>83.7</ele>
<time>2026-09-20T10:14:15Z</time>
<extensions>
<tp1:TrackPointExtension>
<tp1:hr>160</tp1:hr>
</tp1:TrackPointExtension>
</extensions>
</trkpt>
<trkpt lat="59.11991939" lon="17.41171178">
<ele>83.5</ele>
<time>2026-09-20T10:14:16Z</time>
<extensions>
<tp1:TrackPointExtension>
<tp1:hr>160</tp1:hr>
</tp1:TrackPointExtension>
</extensions>
</trkpt>
<trkpt lat="59.11991788" lon="17.41174942">
<ele>83.3</ele>
<time>2026-09-20T10:14:17Z</time>
<extensions>
<tp1:TrackPointExtension>
<tp1:hr>161</tp1:hr>
</tp1:TrackPointExtension>
</extensions>
</trkpt>
<trkpt lat="59.11993054" lon="17.41179267">
<ele>82.7</ele>
<time>2026-09-20T10:14:18Z</time>
<extensions>
<tp1:TrackPointExtension>
<tp1:hr>160</tp1:hr>
</tp1:TrackPointExtension>
</extensions>
</trkpt>
<trkpt lat="59.11994504" lon="17.41181782">
<ele>81.9</ele>
<time>2026-09-20T10:14:19Z</time>
<extensions>
<tp1:TrackPointExtension>
<tp1:hr>161</tp1:hr>
</tp1:TrackPointExtension>
</extensions>
</trkpt>
<trkpt lat="59.11996524" lon="17.41186358">
<ele>81.3</ele>
<time>2026-09-20T10:14:20Z</time>
<extensions>
<tp1:TrackPointExtension>
<tp1:hr>161</tp1:hr>
</tp1:TrackPointExtension>
</extensions>
</trkpt>
<trkpt lat="59.11997069" lon="17.41187942">
<ele>81.1</ele>
<time>2026-09-20T10:14:21Z</time>
<extensions>
<tp1:TrackPointExtension>
<tp1:hr>160</tp1:hr>
</tp1:TrackPointExtension>
</extensions>
</trkpt>
<trkpt lat="59.11997999" lon="17.41189769">
<ele>81.1</ele>
<time>2026-09-20T10:14:22Z</time>
<extensions>
<tp1:TrackPointExtension>
<tp1:hr>159</tp1:hr>
</tp1:TrackPointExtension>
</extensions>
</trkpt>
<trkpt lat="59.11999692" lon="17.41193156">
<ele>81.5</ele>
<time>2026-09-20T10:14:23Z</time>
<extensions>
<tp1:TrackPointExtension>
<tp1:hr>159</tp1:hr>
</tp1:TrackPointExtension>
</extensions>
</trkpt>
<trkpt lat="59.12001193" lon="17.4119536">
<ele>82.1</ele>
<time>2026-09-20T10:14:24Z</time>
<extensions>
<tp1:TrackPointExtension>
<tp1:hr>159</tp1:hr>
</tp1:TrackPointExtension>
</extensions>
</trkpt>
<trkpt lat="59.12002475" lon="17.41198344">
<ele>82.7</ele>
<time>2026-09-20T10:14:25Z</time>
<extensions>
<tp1:TrackPointExtension>
<tp1:hr>159</tp1:hr>
</tp1:TrackPointExtension>
</extensions>
</trkpt>
<trkpt lat="59.12002844" lon="17.41202175">
<ele>83.1</ele>
<time>2026-09-20T10:14:26Z</time>
<extensions>
<tp1:TrackPointExtension>
<tp1:hr>159</tp1:hr>
</tp1:TrackPointExtension>
</extensions>
</trkpt>
<trkpt lat="59.12003866" lon="17.41207992">
<ele>83.5</ele>
<time>2026-09-20T10:14:27Z</time>
<extensions>
<tp1:TrackPointExtension>
<tp1:hr>159</tp1:hr>
</tp1:TrackPointExtension>
</extensions>
</trkpt>
<trkpt lat="59.12005157" lon="17.41213297">
<ele>83.7</ele>
<time>2026-09-20T10:14:28Z</time>
<extensions>
<tp1:TrackPointExtension>
<tp1:hr>158</tp1:hr>
</tp1:TrackPointExtension>
</extensions>
</trkpt>
<trkpt lat="59.1200618" lon="17.41216944">
<ele>83.9</ele>
<time>2026-09-20T10:14:29Z</time>
<extensions>
<tp1:TrackPointExtension>
<tp1:hr>158</tp1:hr>
</tp1:TrackPointExtension>
</extensions>
</trkpt>
<trkpt lat="59.12005551" lon="17.41222174">
<ele>84.1</ele>
<time>2026-09-20T10:14:30Z</time>
<extensions>
<tp1:TrackPointExtension>
<tp1:hr>159</tp1:hr>
</tp1:TrackPointExtension>
</extensions>
</trkpt>
<trkpt lat="59.12005031" lon="17.41226373">
<ele>84.3</ele>
<time>2026-09-20T10:14:31Z</time>
<extensions>
<tp1:TrackPointExtension>
<tp1:hr>159</tp1:hr>
</tp1:TrackPointExtension>
</extensions>
</trkpt>
<trkpt lat="59.12004629" lon="17.41229919">
<ele>84.3</ele>
<time>2026-09-20T10:14:32Z</time>
<extensions>
<tp1:TrackPointExtension>
<tp1:hr>159</tp1:hr>
</tp1:TrackPointExtension>
</extensions>
</trkpt>
<trkpt lat="59.12004378" lon="17.41234386">
<ele>84.3</ele>
<time>2026-09-20T10:14:33Z</time>
<extensions>
<tp1:TrackPointExtension>
<tp1:hr>159</tp1:hr>
</tp1:TrackPointExtension>
</extensions>
</trkpt>
<trkpt lat="59.12004193" lon="17.41239323">
<ele>84.1</ele>
<time>2026-09-20T10:14:34Z</time>
<extensions>
<tp1:TrackPointExtension>
<tp1:hr>158</tp1:hr>
</tp1:TrackPointExtension>
</extensions>
</trkpt>
<trkpt lat="59.1200571" lon="17.41243229">
<ele>83.9</ele>
<time>2026-09-20T10:14:35Z</time>
<extensions>
<tp1:TrackPointExtension>
<tp1:hr>159</tp1:hr>
</tp1:TrackPointExtension>
</extensions>
</trkpt>
<trkpt lat="59.12007052" lon="17.41248334">
<ele>83.7</ele>
<time>2026-09-20T10:14:36Z</time>
<extensions>
<tp1:TrackPointExtension>
<tp1:hr>159</tp1:hr>
</tp1:TrackPointExtension>
</extensions>
</trkpt>
<trkpt lat="59.12007823" lon="17.41252508">
<ele>83.5</ele>
<time>2026-09-20T10:14:37Z</time>
<extensions>
<tp1:TrackPointExtension>
<tp1:hr>159</tp1:hr>
</tp1:TrackPointExtension>
</extensions>
</trkpt>
<trkpt lat="59.12009181" lon="17.41260613">
<ele>83.1</ele>
<time>2026-09-20T10:14:38Z</time>
<extensions>
<tp1:TrackPointExtension>
<tp1:hr>159</tp1:hr>
</tp1:TrackPointExtension>
</extensions>
</trkpt>
<trkpt lat="59.12009625" lon="17.41267855">
<ele>82.7</ele>
<time>2026-09-20T10:14:39Z</time>
<extensions>
<tp1:TrackPointExtension>
<tp1:hr>159</tp1:hr>
</tp1:TrackPointExtension>
</extensions>
</trkpt>
<trkpt lat="59.12010983" lon="17.41270973">
<ele>82.1</ele>
<time>2026-09-20T10:14:40Z</time>
<extensions>
<tp1:TrackPointExtension>
<tp1:hr>159</tp1:hr>
</tp1:TrackPointExtension>
</extensions>
</trkpt>
<trkpt lat="59.12011913" lon="17.41274997">
<ele>81.7</ele>
<time>2026-09-20T10:14:41Z</time>
<extensions>
<tp1:TrackPointExtension>
<tp1:hr>160</tp1:hr>
</tp1:TrackPointExtension>
</extensions>
</trkpt>
<trkpt lat="59.12012131" lon="17.41281727">
<ele>81.1</ele>
<time>2026-09-20T10:14:42Z</time>
<extensions>
<tp1:TrackPointExtension>
<tp1:hr>160</tp1:hr>
</tp1:TrackPointExtension>
</extensions>
</trkpt>
<trkpt lat="59.12012416" lon="17.41288835">
<ele>80.9</ele>
<time>2026-09-20T10:14:43Z</time>
<extensions>
<tp1:TrackPointExtension>
<tp1:hr>160</tp1:hr>
</tp1:TrackPointExtension>
</extensions>
</trkpt>
<trkpt lat="59.12013162" lon="17.41294233">
<ele>80.9</ele>
<time>2026-09-20T10:14:44Z</time>
<extensions>
<tp1:TrackPointExtension>
<tp1:hr>160</tp1:hr>
</tp1:TrackPointExtension>
</extensions>
</trkpt>
<trkpt lat="59.12014293" lon="17.41298818">
<ele>80.9</ele>
<time>2026-09-20T10:14:45Z</time>
<extensions>
<tp1:TrackPointExtension>
<tp1:hr>160</tp1:hr>
</tp1:TrackPointExtension>
</extensions>
</trkpt>
<trkpt lat="59.12015484" lon="17.41303872">
<ele>80.9</ele>
<time>2026-09-20T10:14:46Z</time>
<extensions>
<tp1:TrackPointExtension>
<tp1:hr>160</tp1:hr>
</tp1:TrackPointExtension>
</extensions>
</trkpt>
<trkpt lat="59.12016305" lon="17.4130715">
<ele>81.3</ele>
<time>2026-09-20T10:14:47Z</time>
<extensions>
<tp1:TrackPointExtension>
<tp1:hr>160</tp1:hr>
</tp1:TrackPointExtension>
</extensions>
</trkpt>
<trkpt lat="59.12017068" lon="17.41310159">
<ele>81.3</ele>
<time>2026-09-20T10:14:48Z</time>
<extensions>
<tp1:TrackPointExtension>
<tp1:hr>160</tp1:hr>
</tp1:TrackPointExtension>
</extensions>
</trkpt>
<trkpt lat="59.12017906" lon="17.41313973">
<ele>81.5</ele>
<time>2026-09-20T10:14:49Z</time>
<extensions>
<tp1:TrackPointExtension>
<tp1:hr>161</tp1:hr>
</tp1:TrackPointExtension>
</extensions>
</trkpt>
<trkpt lat="59.1201892" lon="17.41318658">
<ele>81.5</ele>
<time>2026-09-20T10:14:50Z</time>
<extensions>
<tp1:TrackPointExtension>
<tp1:hr>160</tp1:hr>
</tp1:TrackPointExtension>
</extensions>
</trkpt>
<trkpt lat="59.12020538" lon="17.41322237">
<ele>81.5</ele>
<time>2026-09-20T10:14:51Z</time>
<extensions>
<tp1:TrackPointExtension>
<tp1:hr>160</tp1:hr>
</tp1:TrackPointExtension>
</extensions>
</trkpt>
<trkpt lat="59.12022558" lon="17.41325892">
<ele>80.9</ele>
<time>2026-09-20T10:14:52Z</time>
<extensions>
<tp1:TrackPointExtension>
<tp1:hr>161</tp1:hr>
</tp1:TrackPointExtension>
</extensions>
</trkpt>
<trkpt lat="59.1202514" lon="17.41328976">
<ele>80.4</ele>
<time>2026-09-20T10:14:53Z</time>
<extensions>
<tp1:TrackPointExtension>
<tp1:hr>160</tp1:hr>
</tp1:TrackPointExtension>
</extensions>
</trkpt>
<trkpt lat="59.12029222" lon="17.41327568">
<ele>80.0</ele>
<time>2026-09-20T10:14:54Z</time>
<extensions>
<tp1:TrackPointExtension>
<tp1:hr>160</tp1:hr>
</tp1:TrackPointExtension>
</extensions>
</trkpt>
<trkpt lat="59.12031569" lon="17.41327627">
<ele>79.4</ele>
<time>2026-09-20T10:14:55Z</time>
<extensions>
<tp1:TrackPointExtension>
<tp1:hr>160</tp1:hr>
</tp1:TrackPointExtension>
</extensions>
</trkpt>
<trkpt lat="59.12033974" lon="17.41327937">
<ele>78.8</ele>
<time>2026-09-20T10:14:56Z</time>
<extensions>
<tp1:TrackPointExtension>
<tp1:hr>161</tp1:hr>
</tp1:TrackPointExtension>
</extensions>
</trkpt>
<trkpt lat="59.12036078" lon="17.41328523">
<ele>78.4</ele>
<time>2026-09-20T10:14:57Z</time>
<extensions>
<tp1:TrackPointExtension>
<tp1:hr>160</tp1:hr>
</tp1:TrackPointExtension>
</extensions>
</trkpt>
<trkpt lat="59.12038165" lon="17.41331709">
<ele>78.2</ele>
<time>2026-09-20T10:14:58Z</time>
<extensions>
<tp1:TrackPointExtension>
<tp1:hr>160</tp1:hr>
</tp1:TrackPointExtension>
</extensions>
</trkpt>
<trkpt lat="59.12039783" lon="17.41336503">
<ele>78.0</ele>
<time>2026-09-20T10:14:59Z</time>
<extensions>
<tp1:TrackPointExtension>
<tp1:hr>161</tp1:hr>
</tp1:TrackPointExtension>
</extensions>
</trkpt>
<trkpt lat="59.12041401" lon="17.41339814">
<ele>78.2</ele>
<time>2026-09-20T10:15:00Z</time>
<extensions>
<tp1:TrackPointExtension>
<tp1:hr>161</tp1:hr>
</tp1:TrackPointExtension>
</extensions>
</trkpt>
<trkpt lat="59.1204301" lon="17.41342463">
<ele>78.4</ele>
<time>2026-09-20T10:15:01Z</time>
<extensions>
<tp1:TrackPointExtension>
<tp1:hr>160</tp1:hr>
</tp1:TrackPointExtension>
</extensions>
</trkpt>
<trkpt lat="59.12044577" lon="17.41345136">
<ele>78.6</ele>
<time>2026-09-20T10:15:02Z</time>
<extensions>
<tp1:TrackPointExtension>
<tp1:hr>160</tp1:hr>
</tp1:TrackPointExtension>
</extensions>
</trkpt>
<trkpt lat="59.12046832" lon="17.41349051">
<ele>78.8</ele>
<time>2026-09-20T10:15:03Z</time>
<extensions>
<tp1:TrackPointExtension>
<tp1:hr>160</tp1:hr>
</tp1:TrackPointExtension>
</extensions>
</trkpt>
<trkpt lat="59.12049187" lon="17.41352261">
<ele>78.6</ele>
<time>2026-09-20T10:15:04Z</time>
<extensions>
<tp1:TrackPointExtension>
<tp1:hr>161</tp1:hr>
</tp1:TrackPointExtension>
</extensions>
</trkpt>
<trkpt lat="59.12051425" lon="17.41354289">
<ele>78.4</ele>
<time>2026-09-20T10:15:05Z</time>
<extensions>
<tp1:TrackPointExtension>
<tp1:hr>160</tp1:hr>
</tp1:TrackPointExtension>
</extensions>
</trkpt>
<trkpt lat="59.12054267" lon="17.41357919">
<ele>78.4</ele>
<time>2026-09-20T10:15:06Z</time>
<extensions>
<tp1:TrackPointExtension>
<tp1:hr>160</tp1:hr>
</tp1:TrackPointExtension>
</extensions>
</trkpt>
<trkpt lat="59.12057276" lon="17.41360232">
<ele>78.0</ele>
<time>2026-09-20T10:15:07Z</time>
<extensions>
<tp1:TrackPointExtension>
<tp1:hr>161</tp1:hr>
</tp1:TrackPointExtension>
</extensions>
</trkpt>
<trkpt lat="59.12059891" lon="17.41362202">
<ele>78.0</ele>
<time>2026-09-20T10:15:08Z</time>
<extensions>
<tp1:TrackPointExtension>
<tp1:hr>160</tp1:hr>
</tp1:TrackPointExtension>
</extensions>
</trkpt>
<trkpt lat="59.12062196" lon="17.41364163">
<ele>78.2</ele>
<time>2026-09-20T10:15:09Z</time>
<extensions>
<tp1:TrackPointExtension>
<tp1:hr>160</tp1:hr>
</tp1:TrackPointExtension>
</extensions>
</trkpt>
<trkpt lat="59.12064023" lon="17.41366443">
<ele>78.2</ele>
<time>2026-09-20T10:15:10Z</time>
<extensions>
<tp1:TrackPointExtension>
<tp1:hr>161</tp1:hr>
</tp1:TrackPointExtension>
</extensions>
</trkpt>
<trkpt lat="59.12066245" lon="17.41369863">
<ele>78.0</ele>
<time>2026-09-20T10:15:11Z</time>
<extensions>
<tp1:TrackPointExtension>
<tp1:hr>161</tp1:hr>
</tp1:TrackPointExtension>
</extensions>
</trkpt>
<trkpt lat="59.12068122" lon="17.41375496">
<ele>77.8</ele>
<time>2026-09-20T10:15:12Z</time>
<extensions>
<tp1:TrackPointExtension>
<tp1:hr>161</tp1:hr>
</tp1:TrackPointExtension>
</extensions>
</trkpt>
<trkpt lat="59.12069195" lon="17.41380475">
<ele>77.4</ele>
<time>2026-09-20T10:15:13Z</time>
<extensions>
<tp1:TrackPointExtension>
<tp1:hr>161</tp1:hr>
</tp1:TrackPointExtension>
</extensions>
</trkpt>
<trkpt lat="59.12069036" lon="17.41388655">
<ele>77.2</ele>
<time>2026-09-20T10:15:14Z</time>
<extensions>
<tp1:TrackPointExtension>
<tp1:hr>162</tp1:hr>
</tp1:TrackPointExtension>
</extensions>
</trkpt>
<trkpt lat="59.12069891" lon="17.41393232">
<ele>77.0</ele>
<time>2026-09-20T10:15:15Z</time>
<extensions>
<tp1:TrackPointExtension>
<tp1:hr>162</tp1:hr>
</tp1:TrackPointExtension>
</extensions>
</trkpt>
<trkpt lat="59.12071425" lon="17.41395227">
<ele>77.0</ele>
<time>2026-09-20T10:15:16Z</time>
<extensions>
<tp1:TrackPointExtension>
<tp1:hr>162</tp1:hr>
</tp1:TrackPointExtension>
</extensions>
</trkpt>
<trkpt lat="59.12073051" lon="17.41398412">
<ele>77.2</ele>
<time>2026-09-20T10:15:17Z</time>
<extensions>
<tp1:TrackPointExtension>
<tp1:hr>162</tp1:hr>
</tp1:TrackPointExtension>
</extensions>
</trkpt>
<trkpt lat="59.12074769" lon="17.41403072">
<ele>77.6</ele>
<time>2026-09-20T10:15:18Z</time>
<extensions>
<tp1:TrackPointExtension>
<tp1:hr>162</tp1:hr>
</tp1:TrackPointExtension>
</extensions>
</trkpt>
<trkpt lat="59.12076185" lon="17.41405427">
<ele>78.0</ele>
<time>2026-09-20T10:15:19Z</time>
<extensions>
<tp1:TrackPointExtension>
<tp1:hr>161</tp1:hr>
</tp1:TrackPointExtension>
</extensions>
</trkpt>
<trkpt lat="59.12077518" lon="17.41408344">
<ele>78.6</ele>
<time>2026-09-20T10:15:20Z</time>
<extensions>
<tp1:TrackPointExtension>
<tp1:hr>161</tp1:hr>
</tp1:TrackPointExtension>
</extensions>
</trkpt>
<trkpt lat="59.12078583" lon="17.41411798">
<ele>79.0</ele>
<time>2026-09-20T10:15:21Z</time>
<extensions>
<tp1:TrackPointExtension>
<tp1:hr>161</tp1:hr>
</tp1:TrackPointExtension>
</extensions>
</trkpt>
<trkpt lat="59.12079656" lon="17.41416156">
<ele>79.6</ele>
<time>2026-09-20T10:15:22Z</time>
<extensions>
<tp1:TrackPointExtension>
<tp1:hr>161</tp1:hr>
</tp1:TrackPointExtension>
</extensions>
</trkpt>
<trkpt lat="59.12079639" lon="17.41421169">
<ele>80.0</ele>
<time>2026-09-20T10:15:23Z</time>
<extensions>
<tp1:TrackPointExtension>
<tp1:hr>161</tp1:hr>
</tp1:TrackPointExtension>
</extensions>
</trkpt>
<trkpt lat="59.12079463" lon="17.41428084">
<ele>80.4</ele>
<time>2026-09-20T10:15:24Z</time>
<extensions>
<tp1:TrackPointExtension>
<tp1:hr>161</tp1:hr>
</tp1:TrackPointExtension>
</extensions>
</trkpt>
<trkpt lat="59.12078625" lon="17.41431763">
<ele>80.4</ele>
<time>2026-09-20T10:15:25Z</time>
<extensions>
<tp1:TrackPointExtension>
<tp1:hr>161</tp1:hr>
</tp1:TrackPointExtension>
</extensions>
</trkpt>
<trkpt lat="59.12077225" lon="17.41433926">
<ele>80.6</ele>
<time>2026-09-20T10:15:26Z</time>
<extensions>
<tp1:TrackPointExtension>
<tp1:hr>161</tp1:hr>
</tp1:TrackPointExtension>
</extensions>
</trkpt>
<trkpt lat="59.1207606" lon="17.41436063">
<ele>80.6</ele>
<time>2026-09-20T10:15:27Z</time>
<extensions>
<tp1:TrackPointExtension>
<tp1:hr>161</tp1:hr>
</tp1:TrackPointExtension>
</extensions>
</trkpt>
<trkpt lat="59.12074425" lon="17.41437228">
<ele>80.6</ele>
<time>2026-09-20T10:15:28Z</time>
<extensions>
<tp1:TrackPointExtension>
<tp1:hr>161</tp1:hr>
</tp1:TrackPointExtension>
</extensions>
</trkpt>
<trkpt lat="59.12072221" lon="17.41439022">
<ele>80.8</ele>
<time>2026-09-20T10:15:29Z</time>
<extensions>
<tp1:TrackPointExtension>
<tp1:hr>161</tp1:hr>
</tp1:TrackPointExtension>
</extensions>
</trkpt>
<trkpt lat="59.12070972" lon="17.41440657">
<ele>81.0</ele>
<time>2026-09-20T10:15:30Z</time>
<extensions>
<tp1:TrackPointExtension>
<tp1:hr>162</tp1:hr>
</tp1:TrackPointExtension>
</extensions>
</trkpt>
<trkpt lat="59.12069581" lon="17.41441386">
<ele>81.2</ele>
<time>2026-09-20T10:15:31Z</time>
<extensions>
<tp1:TrackPointExtension>
<tp1:hr>162</tp1:hr>
</tp1:TrackPointExtension>
</extensions>
</trkpt>
<trkpt lat="59.12068382" lon="17.41442115">
<ele>81.4</ele>
<time>2026-09-20T10:15:32Z</time>
<extensions>
<tp1:TrackPointExtension>
<tp1:hr>163</tp1:hr>
</tp1:TrackPointExtension>
</extensions>
</trkpt>
<trkpt lat="59.12066739" lon="17.41443439">
<ele>81.6</ele>
<time>2026-09-20T10:15:33Z</time>
<extensions>
<tp1:TrackPointExtension>
<tp1:hr>163</tp1:hr>
</tp1:TrackPointExtension>
</extensions>
</trkpt>
<trkpt lat="59.12065616" lon="17.41446298">
<ele>81.8</ele>
<time>2026-09-20T10:15:34Z</time>
<extensions>
<tp1:TrackPointExtension>
<tp1:hr>164</tp1:hr>
</tp1:TrackPointExtension>
</extensions>
</trkpt>
<trkpt lat="59.1206352" lon="17.41449818">
<ele>81.6</ele>
<time>2026-09-20T10:15:35Z</time>
<extensions>
<tp1:TrackPointExtension>
<tp1:hr>164</tp1:hr>
</tp1:TrackPointExtension>
</extensions>
</trkpt>
<trkpt lat="59.12062624" lon="17.41453917">
<ele>81.6</ele>
<time>2026-09-20T10:15:36Z</time>
<extensions>
<tp1:TrackPointExtension>
<tp1:hr>165</tp1:hr>
</tp1:TrackPointExtension>
</extensions>
</trkpt>
<trkpt lat="59.1206171" lon="17.41458669">
<ele>81.8</ele>
<time>2026-09-20T10:15:37Z</time>
<extensions>
<tp1:TrackPointExtension>
<tp1:hr>165</tp1:hr>
</tp1:TrackPointExtension>
</extensions>
</trkpt>
<trkpt lat="59.12060436" lon="17.4146162">
<ele>82.0</ele>
<time>2026-09-20T10:15:38Z</time>
<extensions>
<tp1:TrackPointExtension>
<tp1:hr>166</tp1:hr>
</tp1:TrackPointExtension>
</extensions>
</trkpt>
<trkpt lat="59.12058994" lon="17.414654">
<ele>82.2</ele>
<time>2026-09-20T10:15:39Z</time>
<extensions>
<tp1:TrackPointExtension>
<tp1:hr>166</tp1:hr>
</tp1:TrackPointExtension>
</extensions>
</trkpt>
<trkpt lat="59.12057536" lon="17.41469046">
<ele>82.4</ele>
<time>2026-09-20T10:15:40Z</time>
<extensions>
<tp1:TrackPointExtension>
<tp1:hr>166</tp1:hr>
</tp1:TrackPointExtension>
</extensions>
</trkpt>
<trkpt lat="59.12055071" lon="17.41474134">
<ele>82.6</ele>
<time>2026-09-20T10:15:41Z</time>
<extensions>
<tp1:TrackPointExtension>
<tp1:hr>167</tp1:hr>
</tp1:TrackPointExtension>
</extensions>
</trkpt>
<trkpt lat="59.12053378" lon="17.41478023">
<ele>82.6</ele>
<time>2026-09-20T10:15:42Z</time>
<extensions>
<tp1:TrackPointExtension>
<tp1:hr>167</tp1:hr>
</tp1:TrackPointExtension>
</extensions>
</trkpt>
<trkpt lat="59.12051023" lon="17.41484636">
<ele>82.6</ele>
<time>2026-09-20T10:15:43Z</time>
<extensions>
<tp1:TrackPointExtension>
<tp1:hr>168</tp1:hr>
</tp1:TrackPointExtension>
</extensions>
</trkpt>
<trkpt lat="59.12048735" lon="17.41490806">
<ele>82.4</ele>
<time>2026-09-20T10:15:44Z</time>
<extensions>
<tp1:TrackPointExtension>
<tp1:hr>169</tp1:hr>
</tp1:TrackPointExtension>
</extensions>
</trkpt>
<trkpt lat="59.12047897" lon="17.41495139">
<ele>82.2</ele>
<time>2026-09-20T10:15:45Z</time>
<extensions>
<tp1:TrackPointExtension>
<tp1:hr>170</tp1:hr>
</tp1:TrackPointExtension>
</extensions>
</trkpt>
<trkpt lat="59.1204736" lon="17.41500277">
<ele>82.2</ele>
<time>2026-09-20T10:15:46Z</time>
<extensions>
<tp1:TrackPointExtension>
<tp1:hr>170</tp1:hr>
</tp1:TrackPointExtension>
</extensions>
</trkpt>
<trkpt lat="59.12045935" lon="17.41507008">
<ele>82.2</ele>
<time>2026-09-20T10:15:47Z</time>
<extensions>
<tp1:TrackPointExtension>
<tp1:hr>171</tp1:hr>
</tp1:TrackPointExtension>
</extensions>
</trkpt>
<trkpt lat="59.12044778" lon="17.41511459">
<ele>82.2</ele>
<time>2026-09-20T10:15:48Z</time>
<extensions>
<tp1:TrackPointExtension>
<tp1:hr>171</tp1:hr>
</tp1:TrackPointExtension>
</extensions>
</trkpt>
<trkpt lat="59.12042909" lon="17.41514593">
<ele>82.0</ele>
<time>2026-09-20T10:15:49Z</time>
<extensions>
<tp1:TrackPointExtension>
<tp1:hr>172</tp1:hr>
</tp1:TrackPointExtension>
</extensions>
</trkpt>
<trkpt lat="59.12039037" lon="17.41516764">
<ele>82.0</ele>
<time>2026-09-20T10:15:50Z</time>
<extensions>
<tp1:TrackPointExtension>
<tp1:hr>172</tp1:hr>
</tp1:TrackPointExtension>
</extensions>
</trkpt>
<trkpt lat="59.12036397" lon="17.41518592">
<ele>82.0</ele>
<time>2026-09-20T10:15:51Z</time>
<extensions>
<tp1:TrackPointExtension>
<tp1:hr>172</tp1:hr>
</tp1:TrackPointExtension>
</extensions>
</trkpt>
<trkpt lat="59.12034209" lon="17.41521567">
<ele>81.8</ele>
<time>2026-09-20T10:15:52Z</time>
<extensions>
<tp1:TrackPointExtension>
<tp1:hr>173</tp1:hr>
</tp1:TrackPointExtension>
</extensions>
</trkpt>
<trkpt lat="59.12031904" lon="17.41525775">
<ele>82.0</ele>
<time>2026-09-20T10:15:53Z</time>
<extensions>
<tp1:TrackPointExtension>
<tp1:hr>173</tp1:hr>
</tp1:TrackPointExtension>
</extensions>
</trkpt>
<trkpt lat="59.12030823" lon="17.41530921">
<ele>82.0</ele>
<time>2026-09-20T10:15:54Z</time>
<extensions>
<tp1:TrackPointExtension>
<tp1:hr>173</tp1:hr>
</tp1:TrackPointExtension>
</extensions>
</trkpt>
<trkpt lat="59.12030127" lon="17.41535573">
<ele>82.0</ele>
<time>2026-09-20T10:15:55Z</time>
<extensions>
<tp1:TrackPointExtension>
<tp1:hr>173</tp1:hr>
</tp1:TrackPointExtension>
</extensions>
</trkpt>
<trkpt lat="59.12029029" lon="17.41540192">
<ele>81.8</ele>
<time>2026-09-20T10:15:56Z</time>
<extensions>
<tp1:TrackPointExtension>
<tp1:hr>173</tp1:hr>
</tp1:TrackPointExtension>
</extensions>
</trkpt>
<trkpt lat="59.12027889" lon="17.41545732">
<ele>81.6</ele>
<time>2026-09-20T10:15:57Z</time>
<extensions>
<tp1:TrackPointExtension>
<tp1:hr>173</tp1:hr>
</tp1:TrackPointExtension>
</extensions>
</trkpt>
<trkpt lat="59.12026573" lon="17.4154999">
<ele>81.2</ele>
<time>2026-09-20T10:15:58Z</time>
<extensions>
<tp1:TrackPointExtension>
<tp1:hr>173</tp1:hr>
</tp1:TrackPointExtension>
</extensions>
</trkpt>
<trkpt lat="59.12024477" lon="17.41554391">
<ele>80.8</ele>
<time>2026-09-20T10:15:59Z</time>
<extensions>
<tp1:TrackPointExtension>
<tp1:hr>172</tp1:hr>
</tp1:TrackPointExtension>
</extensions>
</trkpt>
<trkpt lat="59.12022038" lon="17.41558615">
<ele>80.6</ele>
<time>2026-09-20T10:16:00Z</time>
<extensions>
<tp1:TrackPointExtension>
<tp1:hr>172</tp1:hr>
</tp1:TrackPointExtension>
</extensions>
</trkpt>
<trkpt lat="59.12020194" lon="17.41563376">
<ele>80.2</ele>
<time>2026-09-20T10:16:01Z</time>
<extensions>
<tp1:TrackPointExtension>
<tp1:hr>172</tp1:hr>
</tp1:TrackPointExtension>
</extensions>
</trkpt>
<trkpt lat="59.12018686" lon="17.41566829">
<ele>79.4</ele>
<time>2026-09-20T10:16:02Z</time>
<extensions>
<tp1:TrackPointExtension>
<tp1:hr>171</tp1:hr>
</tp1:TrackPointExtension>
</extensions>
</trkpt>
<trkpt lat="59.12018099" lon="17.41570023">
<ele>78.9</ele>
<time>2026-09-20T10:16:03Z</time>
<extensions>
<tp1:TrackPointExtension>
<tp1:hr>171</tp1:hr>
</tp1:TrackPointExtension>
</extensions>
</trkpt>
<trkpt lat="59.12016255" lon="17.41575622">
<ele>78.5</ele>
<time>2026-09-20T10:16:04Z</time>
<extensions>
<tp1:TrackPointExtension>
<tp1:hr>171</tp1:hr>
</tp1:TrackPointExtension>
</extensions>
</trkpt>
<trkpt lat="59.12014419" lon="17.41579285">
<ele>77.9</ele>
<time>2026-09-20T10:16:05Z</time>
<extensions>
<tp1:TrackPointExtension>
<tp1:hr>170</tp1:hr>
</tp1:TrackPointExtension>
</extensions>
</trkpt>
<trkpt lat="59.12012776" lon="17.41584247">
<ele>77.7</ele>
<time>2026-09-20T10:16:06Z</time>
<extensions>
<tp1:TrackPointExtension>
<tp1:hr>169</tp1:hr>
</tp1:TrackPointExtension>
</extensions>
</trkpt>
<trkpt lat="59.12011033" lon="17.41589989">
<ele>77.5</ele>
<time>2026-09-20T10:16:07Z</time>
<extensions>
<tp1:TrackPointExtension>
<tp1:hr>168</tp1:hr>
</tp1:TrackPointExtension>
</extensions>
</trkpt>
<trkpt lat="59.12009474" lon="17.41594247">
<ele>77.3</ele>
<time>2026-09-20T10:16:08Z</time>
<extensions>
<tp1:TrackPointExtension>
<tp1:hr>168</tp1:hr>
</tp1:TrackPointExtension>
</extensions>
</trkpt>
<trkpt lat="59.12007202" lon="17.41599695">
<ele>77.3</ele>
<time>2026-09-20T10:16:09Z</time>
<extensions>
<tp1:TrackPointExtension>
<tp1:hr>168</tp1:hr>
</tp1:TrackPointExtension>
</extensions>
</trkpt>
<trkpt lat="59.12005048" lon="17.4160262">
<ele>77.1</ele>
<time>2026-09-20T10:16:10Z</time>
<extensions>
<tp1:TrackPointExtension>
<tp1:hr>167</tp1:hr>
</tp1:TrackPointExtension>
</extensions>
</trkpt>
<trkpt lat="59.12002768" lon="17.4160454">
<ele>76.9</ele>
<time>2026-09-20T10:16:11Z</time>
<extensions>
<tp1:TrackPointExtension>
<tp1:hr>167</tp1:hr>
</tp1:TrackPointExtension>
</extensions>
</trkpt>
<trkpt lat="59.12001167" lon="17.41605537">
<ele>76.7</ele>
<time>2026-09-20T10:16:12Z</time>
<extensions>
<tp1:TrackPointExtension>
<tp1:hr>167</tp1:hr>
</tp1:TrackPointExtension>
</extensions>
</trkpt>
<trkpt lat="59.1199929" lon="17.41607029">
<ele>76.5</ele>
<time>2026-09-20T10:16:13Z</time>
<extensions>
<tp1:TrackPointExtension>
<tp1:hr>167</tp1:hr>
</tp1:TrackPointExtension>
</extensions>
</trkpt>
<trkpt lat="59.11996968" lon="17.41609761">
<ele>76.3</ele>
<time>2026-09-20T10:16:14Z</time>
<extensions>
<tp1:TrackPointExtension>
<tp1:hr>167</tp1:hr>
</tp1:TrackPointExtension>
</extensions>
</trkpt>
<trkpt lat="59.11995996" lon="17.41612175">
<ele>76.5</ele>
<time>2026-09-20T10:16:15Z</time>
<extensions>
<tp1:TrackPointExtension>
<tp1:hr>166</tp1:hr>
</tp1:TrackPointExtension>
</extensions>
</trkpt>
<trkpt lat="59.11993573" lon="17.41615134">
<ele>76.9</ele>
<time>2026-09-20T10:16:16Z</time>
<extensions>
<tp1:TrackPointExtension>
<tp1:hr>165</tp1:hr>
</tp1:TrackPointExtension>
</extensions>
</trkpt>
<trkpt lat="59.11991989" lon="17.41617775">
<ele>77.3</ele>
<time>2026-09-20T10:16:17Z</time>
<extensions>
<tp1:TrackPointExtension>
<tp1:hr>165</tp1:hr>
</tp1:TrackPointExtension>
</extensions>
</trkpt>
<trkpt lat="59.11990028" lon="17.41623131">
<ele>77.5</ele>
<time>2026-09-20T10:16:18Z</time>
<extensions>
<tp1:TrackPointExtension>
<tp1:hr>165</tp1:hr>
</tp1:TrackPointExtension>
</extensions>
</trkpt>
<trkpt lat="59.11988469" lon="17.41626902">
<ele>77.7</ele>
<time>2026-09-20T10:16:19Z</time>
<extensions>
<tp1:TrackPointExtension>
<tp1:hr>164</tp1:hr>
</tp1:TrackPointExtension>
</extensions>
</trkpt>
<trkpt lat="59.11986575" lon="17.41631429">
<ele>77.5</ele>
<time>2026-09-20T10:16:20Z</time>
<extensions>
<tp1:TrackPointExtension>
<tp1:hr>163</tp1:hr>
</tp1:TrackPointExtension>
</extensions>
</trkpt>
<trkpt lat="59.11984387" lon="17.41635393">
<ele>77.1</ele>
<time>2026-09-20T10:16:21Z</time>
<extensions>
<tp1:TrackPointExtension>
<tp1:hr>163</tp1:hr>
</tp1:TrackPointExtension>
</extensions>
</trkpt>
<trkpt lat="59.11981897" lon="17.41640473">
<ele>76.5</ele>
<time>2026-09-20T10:16:22Z</time>
<extensions>
<tp1:TrackPointExtension>
<tp1:hr>162</tp1:hr>
</tp1:TrackPointExtension>
</extensions>
</trkpt>
<trkpt lat="59.11979425" lon="17.41644857">
<ele>76.1</ele>
<time>2026-09-20T10:16:23Z</time>
<extensions>
<tp1:TrackPointExtension>
<tp1:hr>162</tp1:hr>
</tp1:TrackPointExtension>
</extensions>
</trkpt>
<trkpt lat="59.11977354" lon="17.41648704">
<ele>75.7</ele>
<time>2026-09-20T10:16:24Z</time>
<extensions>
<tp1:TrackPointExtension>
<tp1:hr>161</tp1:hr>
</tp1:TrackPointExtension>
</extensions>
</trkpt>
<trkpt lat="59.11974915" lon="17.41652082">
<ele>75.5</ele>
<time>2026-09-20T10:16:25Z</time>
<extensions>
<tp1:TrackPointExtension>
<tp1:hr>161</tp1:hr>
</tp1:TrackPointExtension>
</extensions>
</trkpt>
<trkpt lat="59.11972568" lon="17.41654479">
<ele>75.5</ele>
<time>2026-09-20T10:16:26Z</time>
<extensions>
<tp1:TrackPointExtension>
<tp1:hr>161</tp1:hr>
</tp1:TrackPointExtension>
</extensions>
</trkpt>
<trkpt lat="59.11969794" lon="17.41657337">
<ele>75.7</ele>
<time>2026-09-20T10:16:27Z</time>
<extensions>
<tp1:TrackPointExtension>
<tp1:hr>161</tp1:hr>
</tp1:TrackPointExtension>
</extensions>
</trkpt>
<trkpt lat="59.11967187" lon="17.41659676">
<ele>75.9</ele>
<time>2026-09-20T10:16:28Z</time>
<extensions>
<tp1:TrackPointExtension>
<tp1:hr>161</tp1:hr>
</tp1:TrackPointExtension>
</extensions>
</trkpt>
<trkpt lat="59.11964983" lon="17.41662626">
<ele>76.3</ele>
<time>2026-09-20T10:16:29Z</time>
<extensions>
<tp1:TrackPointExtension>
<tp1:hr>161</tp1:hr>
</tp1:TrackPointExtension>
</extensions>
</trkpt>
<trkpt lat="59.1196282" lon="17.41666339">
<ele>76.5</ele>
<time>2026-09-20T10:16:30Z</time>
<extensions>
<tp1:TrackPointExtension>
<tp1:hr>161</tp1:hr>
</tp1:TrackPointExtension>
</extensions>
</trkpt>
<trkpt lat="59.11960909" lon="17.41669533">
<ele>76.7</ele>
<time>2026-09-20T10:16:31Z</time>
<extensions>
<tp1:TrackPointExtension>
<tp1:hr>161</tp1:hr>
</tp1:TrackPointExtension>
</extensions>
</trkpt>
<trkpt lat="59.11958856" lon="17.41672425">
<ele>76.9</ele>
<time>2026-09-20T10:16:32Z</time>
<extensions>
<tp1:TrackPointExtension>
<tp1:hr>161</tp1:hr>
</tp1:TrackPointExtension>
</extensions>
</trkpt>
<trkpt lat="59.11956609" lon="17.41674746">
<ele>77.1</ele>
<time>2026-09-20T10:16:33Z</time>
<extensions>
<tp1:TrackPointExtension>
<tp1:hr>161</tp1:hr>
</tp1:TrackPointExtension>
</extensions>
</trkpt>
<trkpt lat="59.11953994" lon="17.41679071">
<ele>77.5</ele>
<time>2026-09-20T10:16:34Z</time>
<extensions>
<tp1:TrackPointExtension>
<tp1:hr>161</tp1:hr>
</tp1:TrackPointExtension>
</extensions>
</trkpt>
<trkpt lat="59.11952619" lon="17.41681846">
<ele>77.9</ele>
<time>2026-09-20T10:16:35Z</time>
<extensions>
<tp1:TrackPointExtension>
<tp1:hr>161</tp1:hr>
</tp1:TrackPointExtension>
</extensions>
</trkpt>
<trkpt lat="59.1195044" lon="17.41685232">
<ele>78.3</ele>
<time>2026-09-20T10:16:36Z</time>
<extensions>
<tp1:TrackPointExtension>
<tp1:hr>161</tp1:hr>
</tp1:TrackPointExtension>
</extensions>
</trkpt>
<trkpt lat="59.11947733" lon="17.41687638">
<ele>78.5</ele>
<time>2026-09-20T10:16:37Z</time>
<extensions>
<tp1:TrackPointExtension>
<tp1:hr>161</tp1:hr>
</tp1:TrackPointExtension>
</extensions>
</trkpt>
<trkpt lat="59.11945771" lon="17.41689725">
<ele>78.5</ele>
<time>2026-09-20T10:16:38Z</time>
<extensions>
<tp1:TrackPointExtension>
<tp1:hr>162</tp1:hr>
</tp1:TrackPointExtension>
</extensions>
</trkpt>
<trkpt lat="59.11944355" lon="17.41692139">
<ele>78.5</ele>
<time>2026-09-20T10:16:39Z</time>
<extensions>
<tp1:TrackPointExtension>
<tp1:hr>161</tp1:hr>
</tp1:TrackPointExtension>
</extensions>
</trkpt>
<trkpt lat="59.11942226" lon="17.41696187">
<ele>78.5</ele>
<time>2026-09-20T10:16:40Z</time>
<extensions>
<tp1:TrackPointExtension>
<tp1:hr>161</tp1:hr>
</tp1:TrackPointExtension>
</extensions>
</trkpt>
<trkpt lat="59.1193977" lon="17.41698073">
<ele>78.5</ele>
<time>2026-09-20T10:16:41Z</time>
<extensions>
<tp1:TrackPointExtension>
<tp1:hr>161</tp1:hr>
</tp1:TrackPointExtension>
</extensions>
</trkpt>
<trkpt lat="59.11937255" lon="17.41699984">
<ele>78.7</ele>
<time>2026-09-20T10:16:42Z</time>
<extensions>
<tp1:TrackPointExtension>
<tp1:hr>160</tp1:hr>
</tp1:TrackPointExtension>
</extensions>
</trkpt>
<trkpt lat="59.11934355" lon="17.41701476">
<ele>78.9</ele>
<time>2026-09-20T10:16:43Z</time>
<extensions>
<tp1:TrackPointExtension>
<tp1:hr>160</tp1:hr>
</tp1:TrackPointExtension>
</extensions>
</trkpt>
<trkpt lat="59.11931899" lon="17.41704276">
<ele>78.9</ele>
<time>2026-09-20T10:16:44Z</time>
<extensions>
<tp1:TrackPointExtension>
<tp1:hr>160</tp1:hr>
</tp1:TrackPointExtension>
</extensions>
</trkpt>
<trkpt lat="59.11930148" lon="17.41707545">
<ele>78.9</ele>
<time>2026-09-20T10:16:45Z</time>
<extensions>
<tp1:TrackPointExtension>
<tp1:hr>160</tp1:hr>
</tp1:TrackPointExtension>
</extensions>
</trkpt>
<trkpt lat="59.11928941" lon="17.41710403">
<ele>78.9</ele>
<time>2026-09-20T10:16:46Z</time>
<extensions>
<tp1:TrackPointExtension>
<tp1:hr>161</tp1:hr>
</tp1:TrackPointExtension>
</extensions>
</trkpt>
<trkpt lat="59.11928186" lon="17.41713907">
<ele>78.7</ele>
<time>2026-09-20T10:16:47Z</time>
<extensions>
<tp1:TrackPointExtension>
<tp1:hr>162</tp1:hr>
</tp1:TrackPointExtension>
</extensions>
</trkpt>
<trkpt lat="59.11925965" lon="17.41717695">
<ele>78.3</ele>
<time>2026-09-20T10:16:48Z</time>
<extensions>
<tp1:TrackPointExtension>
<tp1:hr>162</tp1:hr>
</tp1:TrackPointExtension>
</extensions>
</trkpt>
<trkpt lat="59.11924071" lon="17.41719816">
<ele>78.3</ele>
<time>2026-09-20T10:16:49Z</time>
<extensions>
<tp1:TrackPointExtension>
<tp1:hr>162</tp1:hr>
</tp1:TrackPointExtension>
</extensions>
</trkpt>
<trkpt lat="59.11921749" lon="17.41723219">
<ele>77.9</ele>
<time>2026-09-20T10:16:50Z</time>
<extensions>
<tp1:TrackPointExtension>
<tp1:hr>162</tp1:hr>
</tp1:TrackPointExtension>
</extensions>
</trkpt>
<trkpt lat="59.11919218" lon="17.41727586">
<ele>77.5</ele>
<time>2026-09-20T10:16:51Z</time>
<extensions>
<tp1:TrackPointExtension>
<tp1:hr>162</tp1:hr>
</tp1:TrackPointExtension>
</extensions>
</trkpt>
<trkpt lat="59.11916401" lon="17.41733235">
<ele>77.3</ele>
<time>2026-09-20T10:16:52Z</time>
<extensions>
<tp1:TrackPointExtension>
<tp1:hr>162</tp1:hr>
</tp1:TrackPointExtension>
</extensions>
</trkpt>
<trkpt lat="59.11914666" lon="17.41736219">
<ele>76.9</ele>
<time>2026-09-20T10:16:53Z</time>
<extensions>
<tp1:TrackPointExtension>
<tp1:hr>162</tp1:hr>
</tp1:TrackPointExtension>
</extensions>
</trkpt>
<trkpt lat="59.11911934" lon="17.417401">
<ele>76.7</ele>
<time>2026-09-20T10:16:54Z</time>
<extensions>
<tp1:TrackPointExtension>
<tp1:hr>162</tp1:hr>
</tp1:TrackPointExtension>
</extensions>
</trkpt>
<trkpt lat="59.11909168" lon="17.41744098">
<ele>76.7</ele>
<time>2026-09-20T10:16:55Z</time>
<extensions>
<tp1:TrackPointExtension>
<tp1:hr>162</tp1:hr>
</tp1:TrackPointExtension>
</extensions>
</trkpt>
<trkpt lat="59.11907759" lon="17.41747837">
<ele>77.1</ele>
<time>2026-09-20T10:16:56Z</time>
<extensions>
<tp1:TrackPointExtension>
<tp1:hr>161</tp1:hr>
</tp1:TrackPointExtension>
</extensions>
</trkpt>
<trkpt lat="59.11905765" lon="17.41751491">
<ele>77.3</ele>
<time>2026-09-20T10:16:57Z</time>
<extensions>
<tp1:TrackPointExtension>
<tp1:hr>161</tp1:hr>
</tp1:TrackPointExtension>
</extensions>
</trkpt>
<trkpt lat="59.11903175" lon="17.41756428">
<ele>77.3</ele>
<time>2026-09-20T10:16:58Z</time>
<extensions>
<tp1:TrackPointExtension>
<tp1:hr>161</tp1:hr>
</tp1:TrackPointExtension>
</extensions>
</trkpt>
<trkpt lat="59.11900392" lon="17.4175932">
<ele>77.7</ele>
<time>2026-09-20T10:16:59Z</time>
<extensions>
<tp1:TrackPointExtension>
<tp1:hr>161</tp1:hr>
</tp1:TrackPointExtension>
</extensions>
</trkpt>
<trkpt lat="59.11898095" lon="17.417617">
<ele>77.7</ele>
<time>2026-09-20T10:17:00Z</time>
<extensions>
<tp1:TrackPointExtension>
<tp1:hr>161</tp1:hr>
</tp1:TrackPointExtension>
</extensions>
</trkpt>
<trkpt lat="59.11895296" lon="17.41764483">
<ele>77.7</ele>
<time>2026-09-20T10:17:01Z</time>
<extensions>
<tp1:TrackPointExtension>
<tp1:hr>161</tp1:hr>
</tp1:TrackPointExtension>
</extensions>
</trkpt>
<trkpt lat="59.11892479" lon="17.41769445">
<ele>77.7</ele>
<time>2026-09-20T10:17:02Z</time>
<extensions>
<tp1:TrackPointExtension>
<tp1:hr>160</tp1:hr>
</tp1:TrackPointExtension>
</extensions>
</trkpt>
<trkpt lat="59.11889445" lon="17.41774617">
<ele>77.5</ele>
<time>2026-09-20T10:17:03Z</time>
<extensions>
<tp1:TrackPointExtension>
<tp1:hr>161</tp1:hr>
</tp1:TrackPointExtension>
</extensions>
</trkpt>
<trkpt lat="59.11886" lon="17.41780794">
<ele>77.5</ele>
<time>2026-09-20T10:17:04Z</time>
<extensions>
<tp1:TrackPointExtension>
<tp1:hr>161</tp1:hr>
</tp1:TrackPointExtension>
</extensions>
</trkpt>
<trkpt lat="59.11884231" lon="17.41784985">
<ele>77.7</ele>
<time>2026-09-20T10:17:05Z</time>
<extensions>
<tp1:TrackPointExtension>
<tp1:hr>161</tp1:hr>
</tp1:TrackPointExtension>
</extensions>
</trkpt>
<trkpt lat="59.11882664" lon="17.41789159">
<ele>77.9</ele>
<time>2026-09-20T10:17:06Z</time>
<extensions>
<tp1:TrackPointExtension>
<tp1:hr>160</tp1:hr>
</tp1:TrackPointExtension>
</extensions>
</trkpt>
<trkpt lat="59.11880971" lon="17.41792185">
<ele>77.9</ele>
<time>2026-09-20T10:17:07Z</time>
<extensions>
<tp1:TrackPointExtension>
<tp1:hr>161</tp1:hr>
</tp1:TrackPointExtension>
</extensions>
</trkpt>
<trkpt lat="59.11879739" lon="17.41797986">
<ele>78.1</ele>
<time>2026-09-20T10:17:08Z</time>
<extensions>
<tp1:TrackPointExtension>
<tp1:hr>161</tp1:hr>
</tp1:TrackPointExtension>
</extensions>
</trkpt>
<trkpt lat="59.11878574" lon="17.41803308">
<ele>78.3</ele>
<time>2026-09-20T10:17:09Z</time>
<extensions>
<tp1:TrackPointExtension>
<tp1:hr>161</tp1:hr>
</tp1:TrackPointExtension>
</extensions>
</trkpt>
<trkpt lat="59.11877358" lon="17.41808798">
<ele>78.1</ele>
<time>2026-09-20T10:17:10Z</time>
<extensions>
<tp1:TrackPointExtension>
<tp1:hr>161</tp1:hr>
</tp1:TrackPointExtension>
</extensions>
</trkpt>
<trkpt lat="59.11876009" lon="17.41813308">
<ele>77.9</ele>
<time>2026-09-20T10:17:11Z</time>
<extensions>
<tp1:TrackPointExtension>
<tp1:hr>162</tp1:hr>
</tp1:TrackPointExtension>
</extensions>
</trkpt>
<trkpt lat="59.11874324" lon="17.41817364">
<ele>77.4</ele>
<time>2026-09-20T10:17:12Z</time>
<extensions>
<tp1:TrackPointExtension>
<tp1:hr>162</tp1:hr>
</tp1:TrackPointExtension>
</extensions>
</trkpt>
<trkpt lat="59.11872036" lon="17.41821304">
<ele>77.0</ele>
<time>2026-09-20T10:17:13Z</time>
<extensions>
<tp1:TrackPointExtension>
<tp1:hr>162</tp1:hr>
</tp1:TrackPointExtension>
</extensions>
</trkpt>
<trkpt lat="59.11869714" lon="17.41826526">
<ele>76.6</ele>
<time>2026-09-20T10:17:14Z</time>
<extensions>
<tp1:TrackPointExtension>
<tp1:hr>161</tp1:hr>
</tp1:TrackPointExtension>
</extensions>
</trkpt>
<trkpt lat="59.11867753" lon="17.41829845">
<ele>76.4</ele>
<time>2026-09-20T10:17:15Z</time>
<extensions>
<tp1:TrackPointExtension>
<tp1:hr>162</tp1:hr>
</tp1:TrackPointExtension>
</extensions>
</trkpt>
<trkpt lat="59.11865473" lon="17.41833935">
<ele>76.0</ele>
<time>2026-09-20T10:17:16Z</time>
<extensions>
<tp1:TrackPointExtension>
<tp1:hr>162</tp1:hr>
</tp1:TrackPointExtension>
</extensions>
</trkpt>
<trkpt lat="59.1186321" lon="17.41837204">
<ele>75.8</ele>
<time>2026-09-20T10:17:17Z</time>
<extensions>
<tp1:TrackPointExtension>
<tp1:hr>161</tp1:hr>
</tp1:TrackPointExtension>
</extensions>
</trkpt>
<trkpt lat="59.11860812" lon="17.41839635">
<ele>75.6</ele>
<time>2026-09-20T10:17:18Z</time>
<extensions>
<tp1:TrackPointExtension>
<tp1:hr>161</tp1:hr>
</tp1:TrackPointExtension>
</extensions>
</trkpt>
<trkpt lat="59.11859119" lon="17.41842041">
<ele>75.4</ele>
<time>2026-09-20T10:17:19Z</time>
<extensions>
<tp1:TrackPointExtension>
<tp1:hr>161</tp1:hr>
</tp1:TrackPointExtension>
</extensions>
</trkpt>
<trkpt lat="59.11857175" lon="17.41845561">
<ele>75.4</ele>
<time>2026-09-20T10:17:20Z</time>
<extensions>
<tp1:TrackPointExtension>
<tp1:hr>161</tp1:hr>
</tp1:TrackPointExtension>
</extensions>
</trkpt>
<trkpt lat="59.11855104" lon="17.41849727">
<ele>75.6</ele>
<time>2026-09-20T10:17:21Z</time>
<extensions>
<tp1:TrackPointExtension>
<tp1:hr>161</tp1:hr>
</tp1:TrackPointExtension>
</extensions>
</trkpt>
<trkpt lat="59.11852288" lon="17.41854429">
<ele>75.8</ele>
<time>2026-09-20T10:17:22Z</time>
<extensions>
<tp1:TrackPointExtension>
<tp1:hr>161</tp1:hr>
</tp1:TrackPointExtension>
</extensions>
</trkpt>
<trkpt lat="59.11850352" lon="17.41857547">
<ele>76.0</ele>
<time>2026-09-20T10:17:23Z</time>
<extensions>
<tp1:TrackPointExtension>
<tp1:hr>161</tp1:hr>
</tp1:TrackPointExtension>
</extensions>
</trkpt>
<trkpt lat="59.11848583" lon="17.41859668">
<ele>76.2</ele>
<time>2026-09-20T10:17:24Z</time>
<extensions>
<tp1:TrackPointExtension>
<tp1:hr>161</tp1:hr>
</tp1:TrackPointExtension>
</extensions>
</trkpt>
<trkpt lat="59.11846555" lon="17.4186199">
<ele>76.4</ele>
<time>2026-09-20T10:17:25Z</time>
<extensions>
<tp1:TrackPointExtension>
<tp1:hr>161</tp1:hr>
</tp1:TrackPointExtension>
</extensions>
</trkpt>
<trkpt lat="59.11843437" lon="17.41865217">
<ele>76.4</ele>
<time>2026-09-20T10:17:26Z</time>
<extensions>
<tp1:TrackPointExtension>
<tp1:hr>161</tp1:hr>
</tp1:TrackPointExtension>
</extensions>
</trkpt>
<trkpt lat="59.11840931" lon="17.41867044">
<ele>76.6</ele>
<time>2026-09-20T10:17:27Z</time>
<extensions>
<tp1:TrackPointExtension>
<tp1:hr>162</tp1:hr>
</tp1:TrackPointExtension>
</extensions>
</trkpt>
<trkpt lat="59.11838332" lon="17.4187017">
<ele>76.8</ele>
<time>2026-09-20T10:17:28Z</time>
<extensions>
<tp1:TrackPointExtension>
<tp1:hr>162</tp1:hr>
</tp1:TrackPointExtension>
</extensions>
</trkpt>
<trkpt lat="59.11835206" lon="17.41873037">
<ele>77.0</ele>
<time>2026-09-20T10:17:29Z</time>
<extensions>
<tp1:TrackPointExtension>
<tp1:hr>162</tp1:hr>
</tp1:TrackPointExtension>
</extensions>
</trkpt>
<trkpt lat="59.11832264" lon="17.41875032">
<ele>77.2</ele>
<time>2026-09-20T10:17:30Z</time>
<extensions>
<tp1:TrackPointExtension>
<tp1:hr>162</tp1:hr>
</tp1:TrackPointExtension>
</extensions>
</trkpt>
<trkpt lat="59.11829766" lon="17.41876155">
<ele>77.4</ele>
<time>2026-09-20T10:17:31Z</time>
<extensions>
<tp1:TrackPointExtension>
<tp1:hr>163</tp1:hr>
</tp1:TrackPointExtension>
</extensions>
</trkpt>
<trkpt lat="59.11827142" lon="17.41877521">
<ele>77.8</ele>
<time>2026-09-20T10:17:32Z</time>
<extensions>
<tp1:TrackPointExtension>
<tp1:hr>163</tp1:hr>
</tp1:TrackPointExtension>
</extensions>
</trkpt>
<trkpt lat="59.11824217" lon="17.41879173">
<ele>78.2</ele>
<time>2026-09-20T10:17:33Z</time>
<extensions>
<tp1:TrackPointExtension>
<tp1:hr>163</tp1:hr>
</tp1:TrackPointExtension>
</extensions>
</trkpt>
<trkpt lat="59.11822105" lon="17.41879617">
<ele>78.6</ele>
<time>2026-09-20T10:17:34Z</time>
<extensions>
<tp1:TrackPointExtension>
<tp1:hr>163</tp1:hr>
</tp1:TrackPointExtension>
</extensions>
</trkpt>
<trkpt lat="59.11819892" lon="17.41880807">
<ele>78.8</ele>
<time>2026-09-20T10:17:35Z</time>
<extensions>
<tp1:TrackPointExtension>
<tp1:hr>164</tp1:hr>
</tp1:TrackPointExtension>
</extensions>
</trkpt>
<trkpt lat="59.11817797" lon="17.41881545">
<ele>79.2</ele>
<time>2026-09-20T10:17:36Z</time>
<extensions>
<tp1:TrackPointExtension>
<tp1:hr>164</tp1:hr>
</tp1:TrackPointExtension>
</extensions>
</trkpt>
<trkpt lat="59.11815525" lon="17.41883833">
<ele>79.2</ele>
<time>2026-09-20T10:17:37Z</time>
<extensions>
<tp1:TrackPointExtension>
<tp1:hr>164</tp1:hr>
</tp1:TrackPointExtension>
</extensions>
</trkpt>
<trkpt lat="59.11814134" lon="17.41886993">
<ele>79.4</ele>
<time>2026-09-20T10:17:38Z</time>
<extensions>
<tp1:TrackPointExtension>
<tp1:hr>164</tp1:hr>
</tp1:TrackPointExtension>
</extensions>
</trkpt>
<trkpt lat="59.11812901" lon="17.41892223">
<ele>79.4</ele>
<time>2026-09-20T10:17:39Z</time>
<extensions>
<tp1:TrackPointExtension>
<tp1:hr>165</tp1:hr>
</tp1:TrackPointExtension>
</extensions>
</trkpt>
<trkpt lat="59.1181156" lon="17.41898208">
<ele>79.6</ele>
<time>2026-09-20T10:17:40Z</time>
<extensions>
<tp1:TrackPointExtension>
<tp1:hr>165</tp1:hr>
</tp1:TrackPointExtension>
</extensions>
</trkpt>
<trkpt lat="59.1181115" lon="17.41903489">
<ele>79.6</ele>
<time>2026-09-20T10:17:41Z</time>
<extensions>
<tp1:TrackPointExtension>
<tp1:hr>165</tp1:hr>
</tp1:TrackPointExtension>
</extensions>
</trkpt>
<trkpt lat="59.11810244" lon="17.41907244">
<ele>79.6</ele>
<time>2026-09-20T10:17:42Z</time>
<extensions>
<tp1:TrackPointExtension>
<tp1:hr>165</tp1:hr>
</tp1:TrackPointExtension>
</extensions>
</trkpt>
<trkpt lat="59.11808828" lon="17.4191327">
<ele>79.8</ele>
<time>2026-09-20T10:17:43Z</time>
<extensions>
<tp1:TrackPointExtension>
<tp1:hr>166</tp1:hr>
</tp1:TrackPointExtension>
</extensions>
</trkpt>
<trkpt lat="59.11807168" lon="17.41917889">
<ele>79.8</ele>
<time>2026-09-20T10:17:44Z</time>
<extensions>
<tp1:TrackPointExtension>
<tp1:hr>166</tp1:hr>
</tp1:TrackPointExtension>
</extensions>
</trkpt>
<trkpt lat="59.11806121" lon="17.41921811">
<ele>80.0</ele>
<time>2026-09-20T10:17:45Z</time>
<extensions>
<tp1:TrackPointExtension>
<tp1:hr>166</tp1:hr>
</tp1:TrackPointExtension>
</extensions>
</trkpt>
<trkpt lat="59.11805375" lon="17.41925927">
<ele>80.2</ele>
<time>2026-09-20T10:17:46Z</time>
<extensions>
<tp1:TrackPointExtension>
<tp1:hr>167</tp1:hr>
</tp1:TrackPointExtension>
</extensions>
</trkpt>
<trkpt lat="59.11804302" lon="17.41928986">
<ele>80.4</ele>
<time>2026-09-20T10:17:47Z</time>
<extensions>
<tp1:TrackPointExtension>
<tp1:hr>167</tp1:hr>
</tp1:TrackPointExtension>
</extensions>
</trkpt>
<trkpt lat="59.11803958" lon="17.41933387">
<ele>80.6</ele>
<time>2026-09-20T10:17:48Z</time>
<extensions>
<tp1:TrackPointExtension>
<tp1:hr>167</tp1:hr>
</tp1:TrackPointExtension>
</extensions>
</trkpt>
<trkpt lat="59.11802449" lon="17.41935155">
<ele>80.8</ele>
<time>2026-09-20T10:17:49Z</time>
<extensions>
<tp1:TrackPointExtension>
<tp1:hr>166</tp1:hr>
</tp1:TrackPointExtension>
</extensions>
</trkpt>
<trkpt lat="59.11799574" lon="17.4193653">
<ele>81.0</ele>
<time>2026-09-20T10:17:50Z</time>
<extensions>
<tp1:TrackPointExtension>
<tp1:hr>166</tp1:hr>
</tp1:TrackPointExtension>
</extensions>
</trkpt>
<trkpt lat="59.11797412" lon="17.41937477">
<ele>81.2</ele>
<time>2026-09-20T10:17:51Z</time>
<extensions>
<tp1:TrackPointExtension>
<tp1:hr>165</tp1:hr>
</tp1:TrackPointExtension>
</extensions>
</trkpt>
<trkpt lat="59.11795987" lon="17.41938625">
<ele>81.4</ele>
<time>2026-09-20T10:17:52Z</time>
<extensions>
<tp1:TrackPointExtension>
<tp1:hr>165</tp1:hr>
</tp1:TrackPointExtension>
</extensions>
</trkpt>
<trkpt lat="59.11793875" lon="17.41938936">
<ele>81.6</ele>
<time>2026-09-20T10:17:53Z</time>
<extensions>
<tp1:TrackPointExtension>
<tp1:hr>165</tp1:hr>
</tp1:TrackPointExtension>
</extensions>
</trkpt>
<trkpt lat="59.11791125" lon="17.41938919">
<ele>81.8</ele>
<time>2026-09-20T10:17:54Z</time>
<extensions>
<tp1:TrackPointExtension>
<tp1:hr>166</tp1:hr>
</tp1:TrackPointExtension>
</extensions>
</trkpt>
<trkpt lat="59.1178898" lon="17.41939279">
<ele>82.2</ele>
<time>2026-09-20T10:17:55Z</time>
<extensions>
<tp1:TrackPointExtension>
<tp1:hr>166</tp1:hr>
</tp1:TrackPointExtension>
</extensions>
</trkpt>
<trkpt lat="59.11787177" lon="17.41939304">
<ele>82.4</ele>
<time>2026-09-20T10:17:56Z</time>
<extensions>
<tp1:TrackPointExtension>
<tp1:hr>165</tp1:hr>
</tp1:TrackPointExtension>
</extensions>
</trkpt>
<trkpt lat="59.11784998" lon="17.4193969">
<ele>82.6</ele>
<time>2026-09-20T10:17:57Z</time>
<extensions>
<tp1:TrackPointExtension>
<tp1:hr>165</tp1:hr>
</tp1:TrackPointExtension>
</extensions>
</trkpt>
<trkpt lat="59.11782467" lon="17.41939757">
<ele>82.6</ele>
<time>2026-09-20T10:17:58Z</time>
<extensions>
<tp1:TrackPointExtension>
<tp1:hr>165</tp1:hr>
</tp1:TrackPointExtension>
</extensions>
</trkpt>
<trkpt lat="59.11780296" lon="17.41940444">
<ele>83.0</ele>
<time>2026-09-20T10:17:59Z</time>
<extensions>
<tp1:TrackPointExtension>
<tp1:hr>166</tp1:hr>
</tp1:TrackPointExtension>
</extensions>
</trkpt>
<trkpt lat="59.11778368" lon="17.41941819">
<ele>83.0</ele>
<time>2026-09-20T10:18:00Z</time>
<extensions>
<tp1:TrackPointExtension>
<tp1:hr>166</tp1:hr>
</tp1:TrackPointExtension>
</extensions>
</trkpt>
<trkpt lat="59.11776516" lon="17.41944476">
<ele>83.0</ele>
<time>2026-09-20T10:18:01Z</time>
<extensions>
<tp1:TrackPointExtension>
<tp1:hr>166</tp1:hr>
</tp1:TrackPointExtension>
</extensions>
</trkpt>
<trkpt lat="59.11774521" lon="17.41946588">
<ele>83.4</ele>
<time>2026-09-20T10:18:02Z</time>
<extensions>
<tp1:TrackPointExtension>
<tp1:hr>165</tp1:hr>
</tp1:TrackPointExtension>
</extensions>
</trkpt>
<trkpt lat="59.11771646" lon="17.41944241">
<ele>83.6</ele>
<time>2026-09-20T10:18:03Z</time>
<extensions>
<tp1:TrackPointExtension>
<tp1:hr>166</tp1:hr>
</tp1:TrackPointExtension>
</extensions>
</trkpt>
<trkpt lat="59.11769265" lon="17.4194337">
<ele>83.8</ele>
<time>2026-09-20T10:18:04Z</time>
<extensions>
<tp1:TrackPointExtension>
<tp1:hr>165</tp1:hr>
</tp1:TrackPointExtension>
</extensions>
</trkpt>
<trkpt lat="59.11766684" lon="17.41943562">
<ele>84.2</ele>
<time>2026-09-20T10:18:05Z</time>
<extensions>
<tp1:TrackPointExtension>
<tp1:hr>164</tp1:hr>
</tp1:TrackPointExtension>
</extensions>
</trkpt>
<trkpt lat="59.11764228" lon="17.41941827">
<ele>84.4</ele>
<time>2026-09-20T10:18:06Z</time>
<extensions>
<tp1:TrackPointExtension>
<tp1:hr>164</tp1:hr>
</tp1:TrackPointExtension>
</extensions>
</trkpt>
<trkpt lat="59.11762308" lon="17.41942791">
<ele>84.8</ele>
<time>2026-09-20T10:18:07Z</time>
<extensions>
<tp1:TrackPointExtension>
<tp1:hr>164</tp1:hr>
</tp1:TrackPointExtension>
</extensions>
</trkpt>
<trkpt lat="59.11761462" lon="17.41944216">
<ele>85.2</ele>
<time>2026-09-20T10:18:08Z</time>
<extensions>
<tp1:TrackPointExtension>
<tp1:hr>163</tp1:hr>
</tp1:TrackPointExtension>
</extensions>
</trkpt>
<trkpt lat="59.11759886" lon="17.41947418">
<ele>85.4</ele>
<time>2026-09-20T10:18:09Z</time>
<extensions>
<tp1:TrackPointExtension>
<tp1:hr>164</tp1:hr>
</tp1:TrackPointExtension>
</extensions>
</trkpt>
<trkpt lat="59.11757179" lon="17.41948868">
<ele>85.6</ele>
<time>2026-09-20T10:18:10Z</time>
<extensions>
<tp1:TrackPointExtension>
<tp1:hr>164</tp1:hr>
</tp1:TrackPointExtension>
</extensions>
</trkpt>
<trkpt lat="59.11755469" lon="17.41949731">
<ele>85.8</ele>
<time>2026-09-20T10:18:11Z</time>
<extensions>
<tp1:TrackPointExtension>
<tp1:hr>165</tp1:hr>
</tp1:TrackPointExtension>
</extensions>
</trkpt>
<trkpt lat="59.11754094" lon="17.41951215">
<ele>86.0</ele>
<time>2026-09-20T10:18:12Z</time>
<extensions>
<tp1:TrackPointExtension>
<tp1:hr>165</tp1:hr>
</tp1:TrackPointExtension>
</extensions>
</trkpt>
<trkpt lat="59.11752946" lon="17.41954166">
<ele>86.4</ele>
<time>2026-09-20T10:18:13Z</time>
<extensions>
<tp1:TrackPointExtension>
<tp1:hr>165</tp1:hr>
</tp1:TrackPointExtension>
</extensions>
</trkpt>
<trkpt lat="59.11752208" lon="17.41957443">
<ele>86.6</ele>
<time>2026-09-20T10:18:14Z</time>
<extensions>
<tp1:TrackPointExtension>
<tp1:hr>165</tp1:hr>
</tp1:TrackPointExtension>
</extensions>
</trkpt>
<trkpt lat="59.11750071" lon="17.41962011">
<ele>87.0</ele>
<time>2026-09-20T10:18:15Z</time>
<extensions>
<tp1:TrackPointExtension>
<tp1:hr>165</tp1:hr>
</tp1:TrackPointExtension>
</extensions>
</trkpt>
<trkpt lat="59.11748495" lon="17.41965096">
<ele>87.0</ele>
<time>2026-09-20T10:18:16Z</time>
<extensions>
<tp1:TrackPointExtension>
<tp1:hr>166</tp1:hr>
</tp1:TrackPointExtension>
</extensions>
</trkpt>
<trkpt lat="59.11745561" lon="17.41966814">
<ele>86.6</ele>
<time>2026-09-20T10:18:17Z</time>
<extensions>
<tp1:TrackPointExtension>
<tp1:hr>166</tp1:hr>
</tp1:TrackPointExtension>
</extensions>
</trkpt>
<trkpt lat="59.11742971" lon="17.41966269">
<ele>86.4</ele>
<time>2026-09-20T10:18:18Z</time>
<extensions>
<tp1:TrackPointExtension>
<tp1:hr>166</tp1:hr>
</tp1:TrackPointExtension>
</extensions>
</trkpt>
<trkpt lat="59.11740147" lon="17.41965674">
<ele>86.2</ele>
<time>2026-09-20T10:18:19Z</time>
<extensions>
<tp1:TrackPointExtension>
<tp1:hr>166</tp1:hr>
</tp1:TrackPointExtension>
</extensions>
</trkpt>
<trkpt lat="59.11738319" lon="17.41966738">
<ele>86.0</ele>
<time>2026-09-20T10:18:20Z</time>
<extensions>
<tp1:TrackPointExtension>
<tp1:hr>165</tp1:hr>
</tp1:TrackPointExtension>
</extensions>
</trkpt>
<trkpt lat="59.11735872" lon="17.41968356">
<ele>86.3</ele>
<time>2026-09-20T10:18:21Z</time>
<extensions>
<tp1:TrackPointExtension>
<tp1:hr>164</tp1:hr>
</tp1:TrackPointExtension>
</extensions>
</trkpt>
<trkpt lat="59.11734086" lon="17.41969613">
<ele>86.7</ele>
<time>2026-09-20T10:18:22Z</time>
<extensions>
<tp1:TrackPointExtension>
<tp1:hr>164</tp1:hr>
</tp1:TrackPointExtension>
</extensions>
</trkpt>
<trkpt lat="59.11732234" lon="17.41972044">
<ele>86.9</ele>
<time>2026-09-20T10:18:23Z</time>
<extensions>
<tp1:TrackPointExtension>
<tp1:hr>163</tp1:hr>
</tp1:TrackPointExtension>
</extensions>
</trkpt>
<trkpt lat="59.11730943" lon="17.41972933">
<ele>87.1</ele>
<time>2026-09-20T10:18:24Z</time>
<extensions>
<tp1:TrackPointExtension>
<tp1:hr>163</tp1:hr>
</tp1:TrackPointExtension>
</extensions>
</trkpt>
<trkpt lat="59.11729644" lon="17.41975414">
<ele>87.3</ele>
<time>2026-09-20T10:18:25Z</time>
<extensions>
<tp1:TrackPointExtension>
<tp1:hr>163</tp1:hr>
</tp1:TrackPointExtension>
</extensions>
</trkpt>
<trkpt lat="59.11727398" lon="17.41979722">
<ele>87.1</ele>
<time>2026-09-20T10:18:26Z</time>
<extensions>
<tp1:TrackPointExtension>
<tp1:hr>163</tp1:hr>
</tp1:TrackPointExtension>
</extensions>
</trkpt>
<trkpt lat="59.11725537" lon="17.41983251">
<ele>87.1</ele>
<time>2026-09-20T10:18:27Z</time>
<extensions>
<tp1:TrackPointExtension>
<tp1:hr>164</tp1:hr>
</tp1:TrackPointExtension>
</extensions>
</trkpt>
<trkpt lat="59.11724472" lon="17.41986251">
<ele>86.9</ele>
<time>2026-09-20T10:18:28Z</time>
<extensions>
<tp1:TrackPointExtension>
<tp1:hr>165</tp1:hr>
</tp1:TrackPointExtension>
</extensions>
</trkpt>
<trkpt lat="59.11722955" lon="17.41987375">
<ele>86.9</ele>
<time>2026-09-20T10:18:29Z</time>
<extensions>
<tp1:TrackPointExtension>
<tp1:hr>165</tp1:hr>
</tp1:TrackPointExtension>
</extensions>
</trkpt>
<trkpt lat="59.11720684" lon="17.41989043">
<ele>86.9</ele>
<time>2026-09-20T10:18:30Z</time>
<extensions>
<tp1:TrackPointExtension>
<tp1:hr>165</tp1:hr>
</tp1:TrackPointExtension>
</extensions>
</trkpt>
<trkpt lat="59.11719301" lon="17.41991473">
<ele>87.1</ele>
<time>2026-09-20T10:18:31Z</time>
<extensions>
<tp1:TrackPointExtension>
<tp1:hr>165</tp1:hr>
</tp1:TrackPointExtension>
</extensions>
</trkpt>
<trkpt lat="59.11718127" lon="17.41990602">
<ele>87.3</ele>
<time>2026-09-20T10:18:32Z</time>
<extensions>
<tp1:TrackPointExtension>
<tp1:hr>165</tp1:hr>
</tp1:TrackPointExtension>
</extensions>
</trkpt>
<trkpt lat="59.11716493" lon="17.41991239">
<ele>87.3</ele>
<time>2026-09-20T10:18:33Z</time>
<extensions>
<tp1:TrackPointExtension>
<tp1:hr>165</tp1:hr>
</tp1:TrackPointExtension>
</extensions>
</trkpt>
<trkpt lat="59.11714858" lon="17.41989152">
<ele>87.3</ele>
<time>2026-09-20T10:18:34Z</time>
<extensions>
<tp1:TrackPointExtension>
<tp1:hr>164</tp1:hr>
</tp1:TrackPointExtension>
</extensions>
</trkpt>
<trkpt lat="59.1171423" lon="17.41987802">
<ele>86.9</ele>
<time>2026-09-20T10:18:35Z</time>
<extensions>
<tp1:TrackPointExtension>
<tp1:hr>164</tp1:hr>
</tp1:TrackPointExtension>
</extensions>
</trkpt>
<trkpt lat="59.11713568" lon="17.41985765">
<ele>86.3</ele>
<time>2026-09-20T10:18:36Z</time>
<extensions>
<tp1:TrackPointExtension>
<tp1:hr>164</tp1:hr>
</tp1:TrackPointExtension>
</extensions>
</trkpt>
<trkpt lat="59.1171376" lon="17.41983955">
<ele>85.5</ele>
<time>2026-09-20T10:18:37Z</time>
<extensions>
<tp1:TrackPointExtension>
<tp1:hr>164</tp1:hr>
</tp1:TrackPointExtension>
</extensions>
</trkpt>
<trkpt lat="59.11713668" lon="17.41980786">
<ele>84.9</ele>
<time>2026-09-20T10:18:38Z</time>
<extensions>
<tp1:TrackPointExtension>
<tp1:hr>163</tp1:hr>
</tp1:TrackPointExtension>
</extensions>
</trkpt>
<trkpt lat="59.11713718" lon="17.41976495">
<ele>84.9</ele>
<time>2026-09-20T10:18:39Z</time>
<extensions>
<tp1:TrackPointExtension>
<tp1:hr>163</tp1:hr>
</tp1:TrackPointExtension>
</extensions>
</trkpt>
<trkpt lat="59.11713568" lon="17.41972748">
<ele>84.7</ele>
<time>2026-09-20T10:18:40Z</time>
<extensions>
<tp1:TrackPointExtension>
<tp1:hr>163</tp1:hr>
</tp1:TrackPointExtension>
</extensions>
</trkpt>
<trkpt lat="59.11713324" lon="17.41969555">
<ele>84.5</ele>
<time>2026-09-20T10:18:41Z</time>
<extensions>
<tp1:TrackPointExtension>
<tp1:hr>163</tp1:hr>
</tp1:TrackPointExtension>
</extensions>
</trkpt>
<trkpt lat="59.11711665" lon="17.41965816">
<ele>84.3</ele>
<time>2026-09-20T10:18:42Z</time>
<extensions>
<tp1:TrackPointExtension>
<tp1:hr>163</tp1:hr>
</tp1:TrackPointExtension>
</extensions>
</trkpt>
<trkpt lat="59.11709854" lon="17.41961164">
<ele>83.9</ele>
<time>2026-09-20T10:18:43Z</time>
<extensions>
<tp1:TrackPointExtension>
<tp1:hr>163</tp1:hr>
</tp1:TrackPointExtension>
</extensions>
</trkpt>
<trkpt lat="59.11707943" lon="17.4195808">
<ele>83.3</ele>
<time>2026-09-20T10:18:44Z</time>
<extensions>
<tp1:TrackPointExtension>
<tp1:hr>162</tp1:hr>
</tp1:TrackPointExtension>
</extensions>
</trkpt>
<trkpt lat="59.11706217" lon="17.41955188">
<ele>82.7</ele>
<time>2026-09-20T10:18:45Z</time>
<extensions>
<tp1:TrackPointExtension>
<tp1:hr>162</tp1:hr>
</tp1:TrackPointExtension>
</extensions>
</trkpt>
<trkpt lat="59.11704825" lon="17.41954006">
<ele>82.3</ele>
<time>2026-09-20T10:18:46Z</time>
<extensions>
<tp1:TrackPointExtension>
<tp1:hr>162</tp1:hr>
</tp1:TrackPointExtension>
</extensions>
</trkpt>
<trkpt lat="59.11703493" lon="17.41954912">
<ele>81.9</ele>
<time>2026-09-20T10:18:47Z</time>
<extensions>
<tp1:TrackPointExtension>
<tp1:hr>162</tp1:hr>
</tp1:TrackPointExtension>
</extensions>
</trkpt>
<trkpt lat="59.11702135" lon="17.41956538">
<ele>81.7</ele>
<time>2026-09-20T10:18:48Z</time>
<extensions>
<tp1:TrackPointExtension>
<tp1:hr>162</tp1:hr>
</tp1:TrackPointExtension>
</extensions>
</trkpt>
<trkpt lat="59.1170138" lon="17.41958641">
<ele>81.7</ele>
<time>2026-09-20T10:18:49Z</time>
<extensions>
<tp1:TrackPointExtension>
<tp1:hr>162</tp1:hr>
</tp1:TrackPointExtension>
</extensions>
</trkpt>
<trkpt lat="59.11700861" lon="17.41961055">
<ele>81.9</ele>
<time>2026-09-20T10:18:50Z</time>
<extensions>
<tp1:TrackPointExtension>
<tp1:hr>162</tp1:hr>
</tp1:TrackPointExtension>
</extensions>
</trkpt>
<trkpt lat="59.11700425" lon="17.41964417">
<ele>82.3</ele>
<time>2026-09-20T10:18:51Z</time>
<extensions>
<tp1:TrackPointExtension>
<tp1:hr>162</tp1:hr>
</tp1:TrackPointExtension>
</extensions>
</trkpt>
<trkpt lat="59.11699654" lon="17.41968356">
<ele>82.7</ele>
<time>2026-09-20T10:18:52Z</time>
<extensions>
<tp1:TrackPointExtension>
<tp1:hr>163</tp1:hr>
</tp1:TrackPointExtension>
</extensions>
</trkpt>
<trkpt lat="59.11698489" lon="17.41972522">
<ele>82.7</ele>
<time>2026-09-20T10:18:53Z</time>
<extensions>
<tp1:TrackPointExtension>
<tp1:hr>162</tp1:hr>
</tp1:TrackPointExtension>
</extensions>
</trkpt>
<trkpt lat="59.11697592" lon="17.4197595">
<ele>82.7</ele>
<time>2026-09-20T10:18:54Z</time>
<extensions>
<tp1:TrackPointExtension>
<tp1:hr>163</tp1:hr>
</tp1:TrackPointExtension>
</extensions>
</trkpt>
<trkpt lat="59.11696862" lon="17.41979898">
<ele>82.5</ele>
<time>2026-09-20T10:18:55Z</time>
<extensions>
<tp1:TrackPointExtension>
<tp1:hr>162</tp1:hr>
</tp1:TrackPointExtension>
</extensions>
</trkpt>
<trkpt lat="59.11696594" lon="17.41984349">
<ele>82.3</ele>
<time>2026-09-20T10:18:56Z</time>
<extensions>
<tp1:TrackPointExtension>
<tp1:hr>162</tp1:hr>
</tp1:TrackPointExtension>
</extensions>
</trkpt>
<trkpt lat="59.11696586" lon="17.41989001">
<ele>82.3</ele>
<time>2026-09-20T10:18:57Z</time>
<extensions>
<tp1:TrackPointExtension>
<tp1:hr>162</tp1:hr>
</tp1:TrackPointExtension>
</extensions>
</trkpt>
<trkpt lat="59.11696888" lon="17.41993468">
<ele>82.5</ele>
<time>2026-09-20T10:18:58Z</time>
<extensions>
<tp1:TrackPointExtension>
<tp1:hr>161</tp1:hr>
</tp1:TrackPointExtension>
</extensions>
</trkpt>
<trkpt lat="59.11697139" lon="17.41999285">
<ele>82.9</ele>
<time>2026-09-20T10:18:59Z</time>
<extensions>
<tp1:TrackPointExtension>
<tp1:hr>161</tp1:hr>
</tp1:TrackPointExtension>
</extensions>
</trkpt>
<trkpt lat="59.11697701" lon="17.42003971">
<ele>83.1</ele>
<time>2026-09-20T10:19:00Z</time>
<extensions>
<tp1:TrackPointExtension>
<tp1:hr>161</tp1:hr>
</tp1:TrackPointExtension>
</extensions>
</trkpt>
<trkpt lat="59.11697801" lon="17.42009033">
<ele>83.3</ele>
<time>2026-09-20T10:19:01Z</time>
<extensions>
<tp1:TrackPointExtension>
<tp1:hr>161</tp1:hr>
</tp1:TrackPointExtension>
</extensions>
</trkpt>
<trkpt lat="59.11697231" lon="17.42013375">
<ele>83.5</ele>
<time>2026-09-20T10:19:02Z</time>
<extensions>
<tp1:TrackPointExtension>
<tp1:hr>161</tp1:hr>
</tp1:TrackPointExtension>
</extensions>
</trkpt>
<trkpt lat="59.1169615" lon="17.42017281">
<ele>83.5</ele>
<time>2026-09-20T10:19:03Z</time>
<extensions>
<tp1:TrackPointExtension>
<tp1:hr>161</tp1:hr>
</tp1:TrackPointExtension>
</extensions>
</trkpt>
<trkpt lat="59.11694817" lon="17.42021405">
<ele>83.3</ele>
<time>2026-09-20T10:19:04Z</time>
<extensions>
<tp1:TrackPointExtension>
<tp1:hr>161</tp1:hr>
</tp1:TrackPointExtension>
</extensions>
</trkpt>
<trkpt lat="59.11691925" lon="17.42025487">
<ele>83.1</ele>
<time>2026-09-20T10:19:05Z</time>
<extensions>
<tp1:TrackPointExtension>
<tp1:hr>161</tp1:hr>
</tp1:TrackPointExtension>
</extensions>
</trkpt>
<trkpt lat="59.11689629" lon="17.42028127">
<ele>83.1</ele>
<time>2026-09-20T10:19:06Z</time>
<extensions>
<tp1:TrackPointExtension>
<tp1:hr>161</tp1:hr>
</tp1:TrackPointExtension>
</extensions>
</trkpt>
<trkpt lat="59.11688045" lon="17.4203065">
<ele>82.9</ele>
<time>2026-09-20T10:19:07Z</time>
<extensions>
<tp1:TrackPointExtension>
<tp1:hr>161</tp1:hr>
</tp1:TrackPointExtension>
</extensions>
</trkpt>
<trkpt lat="59.11685388" lon="17.42033643">
<ele>82.5</ele>
<time>2026-09-20T10:19:08Z</time>
<extensions>
<tp1:TrackPointExtension>
<tp1:hr>161</tp1:hr>
</tp1:TrackPointExtension>
</extensions>
</trkpt>
<trkpt lat="59.11683359" lon="17.42038622">
<ele>81.9</ele>
<time>2026-09-20T10:19:09Z</time>
<extensions>
<tp1:TrackPointExtension>
<tp1:hr>161</tp1:hr>
</tp1:TrackPointExtension>
</extensions>
</trkpt>
<trkpt lat="59.11681348" lon="17.42043466">
<ele>81.5</ele>
<time>2026-09-20T10:19:10Z</time>
<extensions>
<tp1:TrackPointExtension>
<tp1:hr>161</tp1:hr>
</tp1:TrackPointExtension>
</extensions>
</trkpt>
<trkpt lat="59.11679453" lon="17.42048646">
<ele>81.1</ele>
<time>2026-09-20T10:19:11Z</time>
<extensions>
<tp1:TrackPointExtension>
<tp1:hr>161</tp1:hr>
</tp1:TrackPointExtension>
</extensions>
</trkpt>
<trkpt lat="59.11677081" lon="17.42055553">
<ele>80.7</ele>
<time>2026-09-20T10:19:12Z</time>
<extensions>
<tp1:TrackPointExtension>
<tp1:hr>161</tp1:hr>
</tp1:TrackPointExtension>
</extensions>
</trkpt>
<trkpt lat="59.11674868" lon="17.42060121">
<ele>80.3</ele>
<time>2026-09-20T10:19:13Z</time>
<extensions>
<tp1:TrackPointExtension>
<tp1:hr>161</tp1:hr>
</tp1:TrackPointExtension>
</extensions>
</trkpt>
<trkpt lat="59.1167289" lon="17.42064136">
<ele>80.1</ele>
<time>2026-09-20T10:19:14Z</time>
<extensions>
<tp1:TrackPointExtension>
<tp1:hr>161</tp1:hr>
</tp1:TrackPointExtension>
</extensions>
</trkpt>
<trkpt lat="59.11670795" lon="17.42068646">
<ele>79.9</ele>
<time>2026-09-20T10:19:15Z</time>
<extensions>
<tp1:TrackPointExtension>
<tp1:hr>161</tp1:hr>
</tp1:TrackPointExtension>
</extensions>
</trkpt>
<trkpt lat="59.11668372" lon="17.42074328">
<ele>79.7</ele>
<time>2026-09-20T10:19:16Z</time>
<extensions>
<tp1:TrackPointExtension>
<tp1:hr>161</tp1:hr>
</tp1:TrackPointExtension>
</extensions>
</trkpt>
<trkpt lat="59.11667123" lon="17.4207924">
<ele>79.3</ele>
<time>2026-09-20T10:19:17Z</time>
<extensions>
<tp1:TrackPointExtension>
<tp1:hr>160</tp1:hr>
</tp1:TrackPointExtension>
</extensions>
</trkpt>
<trkpt lat="59.11666235" lon="17.42083708">
<ele>79.1</ele>
<time>2026-09-20T10:19:18Z</time>
<extensions>
<tp1:TrackPointExtension>
<tp1:hr>161</tp1:hr>
</tp1:TrackPointExtension>
</extensions>
</trkpt>
<trkpt lat="59.11665481" lon="17.42087228">
<ele>78.9</ele>
<time>2026-09-20T10:19:19Z</time>
<extensions>
<tp1:TrackPointExtension>
<tp1:hr>161</tp1:hr>
</tp1:TrackPointExtension>
</extensions>
</trkpt>
<trkpt lat="59.11666227" lon="17.42092039">
<ele>78.7</ele>
<time>2026-09-20T10:19:20Z</time>
<extensions>
<tp1:TrackPointExtension>
<tp1:hr>161</tp1:hr>
</tp1:TrackPointExtension>
</extensions>
</trkpt>
<trkpt lat="59.11666461" lon="17.42098544">
<ele>78.5</ele>
<time>2026-09-20T10:19:21Z</time>
<extensions>
<tp1:TrackPointExtension>
<tp1:hr>160</tp1:hr>
</tp1:TrackPointExtension>
</extensions>
</trkpt>
<trkpt lat="59.11666478" lon="17.42102877">
<ele>78.3</ele>
<time>2026-09-20T10:19:22Z</time>
<extensions>
<tp1:TrackPointExtension>
<tp1:hr>160</tp1:hr>
</tp1:TrackPointExtension>
</extensions>
</trkpt>
<trkpt lat="59.11665623" lon="17.42109373">
<ele>78.1</ele>
<time>2026-09-20T10:19:23Z</time>
<extensions>
<tp1:TrackPointExtension>
<tp1:hr>160</tp1:hr>
</tp1:TrackPointExtension>
</extensions>
</trkpt>
<trkpt lat="59.11663645" lon="17.42115618">
<ele>77.5</ele>
<time>2026-09-20T10:19:24Z</time>
<extensions>
<tp1:TrackPointExtension>
<tp1:hr>160</tp1:hr>
</tp1:TrackPointExtension>
</extensions>
</trkpt>
<trkpt lat="59.11662237" lon="17.42120211">
<ele>76.9</ele>
<time>2026-09-20T10:19:25Z</time>
<extensions>
<tp1:TrackPointExtension>
<tp1:hr>160</tp1:hr>
</tp1:TrackPointExtension>
</extensions>
</trkpt>
<trkpt lat="59.11660594" lon="17.42122063">
<ele>76.3</ele>
<time>2026-09-20T10:19:26Z</time>
<extensions>
<tp1:TrackPointExtension>
<tp1:hr>160</tp1:hr>
</tp1:TrackPointExtension>
</extensions>
</trkpt>
<trkpt lat="59.11658909" lon="17.42126212">
<ele>76.1</ele>
<time>2026-09-20T10:19:27Z</time>
<extensions>
<tp1:TrackPointExtension>
<tp1:hr>160</tp1:hr>
</tp1:TrackPointExtension>
</extensions>
</trkpt>
<trkpt lat="59.11658389" lon="17.42129364">
<ele>76.1</ele>
<time>2026-09-20T10:19:28Z</time>
<extensions>
<tp1:TrackPointExtension>
<tp1:hr>160</tp1:hr>
</tp1:TrackPointExtension>
</extensions>
</trkpt>
<trkpt lat="59.1165932" lon="17.42134234">
<ele>76.1</ele>
<time>2026-09-20T10:19:29Z</time>
<extensions>
<tp1:TrackPointExtension>
<tp1:hr>159</tp1:hr>
</tp1:TrackPointExtension>
</extensions>
</trkpt>
<trkpt lat="59.11659689" lon="17.42142004">
<ele>76.1</ele>
<time>2026-09-20T10:19:30Z</time>
<extensions>
<tp1:TrackPointExtension>
<tp1:hr>159</tp1:hr>
</tp1:TrackPointExtension>
</extensions>
</trkpt>
<trkpt lat="59.1165942" lon="17.42146279">
<ele>75.6</ele>
<time>2026-09-20T10:19:31Z</time>
<extensions>
<tp1:TrackPointExtension>
<tp1:hr>159</tp1:hr>
</tp1:TrackPointExtension>
</extensions>
</trkpt>
<trkpt lat="59.11658088" lon="17.42151777">
<ele>75.2</ele>
<time>2026-09-20T10:19:32Z</time>
<extensions>
<tp1:TrackPointExtension>
<tp1:hr>160</tp1:hr>
</tp1:TrackPointExtension>
</extensions>
</trkpt>
<trkpt lat="59.1165642" lon="17.42156195">
<ele>75.0</ele>
<time>2026-09-20T10:19:33Z</time>
<extensions>
<tp1:TrackPointExtension>
<tp1:hr>159</tp1:hr>
</tp1:TrackPointExtension>
</extensions>
</trkpt>
<trkpt lat="59.11655531" lon="17.42160075">
<ele>74.8</ele>
<time>2026-09-20T10:19:34Z</time>
<extensions>
<tp1:TrackPointExtension>
<tp1:hr>159</tp1:hr>
</tp1:TrackPointExtension>
</extensions>
</trkpt>
<trkpt lat="59.11654844" lon="17.42163822">
<ele>75.0</ele>
<time>2026-09-20T10:19:35Z</time>
<extensions>
<tp1:TrackPointExtension>
<tp1:hr>159</tp1:hr>
</tp1:TrackPointExtension>
</extensions>
</trkpt>
<trkpt lat="59.11653587" lon="17.42165817">
<ele>75.2</ele>
<time>2026-09-20T10:19:36Z</time>
<extensions>
<tp1:TrackPointExtension>
<tp1:hr>160</tp1:hr>
</tp1:TrackPointExtension>
</extensions>
</trkpt>
<trkpt lat="59.11651659" lon="17.42165834">
<ele>75.4</ele>
<time>2026-09-20T10:19:37Z</time>
<extensions>
<tp1:TrackPointExtension>
<tp1:hr>159</tp1:hr>
</tp1:TrackPointExtension>
</extensions>
</trkpt>
<trkpt lat="59.11649647" lon="17.4216497">
<ele>75.6</ele>
<time>2026-09-20T10:19:38Z</time>
<extensions>
<tp1:TrackPointExtension>
<tp1:hr>159</tp1:hr>
</tp1:TrackPointExtension>
</extensions>
</trkpt>
<trkpt lat="59.1164777" lon="17.42164115">
<ele>75.6</ele>
<time>2026-09-20T10:19:39Z</time>
<extensions>
<tp1:TrackPointExtension>
<tp1:hr>159</tp1:hr>
</tp1:TrackPointExtension>
</extensions>
</trkpt>
<trkpt lat="59.11644928" lon="17.42163152">
<ele>75.6</ele>
<time>2026-09-20T10:19:40Z</time>
<extensions>
<tp1:TrackPointExtension>
<tp1:hr>159</tp1:hr>
</tp1:TrackPointExtension>
</extensions>
</trkpt>
<trkpt lat="59.11642573" lon="17.42163294">
<ele>75.8</ele>
<time>2026-09-20T10:19:41Z</time>
<extensions>
<tp1:TrackPointExtension>
<tp1:hr>158</tp1:hr>
</tp1:TrackPointExtension>
</extensions>
</trkpt>
<trkpt lat="59.11640528" lon="17.42165431">
<ele>76.0</ele>
<time>2026-09-20T10:19:42Z</time>
<extensions>
<tp1:TrackPointExtension>
<tp1:hr>158</tp1:hr>
</tp1:TrackPointExtension>
</extensions>
</trkpt>
<trkpt lat="59.11638684" lon="17.42167099">
<ele>76.0</ele>
<time>2026-09-20T10:19:43Z</time>
<extensions>
<tp1:TrackPointExtension>
<tp1:hr>158</tp1:hr>
</tp1:TrackPointExtension>
</extensions>
</trkpt>
<trkpt lat="59.11636068" lon="17.42173109">
<ele>76.2</ele>
<time>2026-09-20T10:19:44Z</time>
<extensions>
<tp1:TrackPointExtension>
<tp1:hr>158</tp1:hr>
</tp1:TrackPointExtension>
</extensions>
</trkpt>
<trkpt lat="59.11634602" lon="17.42176613">
<ele>76.2</ele>
<time>2026-09-20T10:19:45Z</time>
<extensions>
<tp1:TrackPointExtension>
<tp1:hr>157</tp1:hr>
</tp1:TrackPointExtension>
</extensions>
</trkpt>
<trkpt lat="59.11632246" lon="17.42182388">
<ele>76.4</ele>
<time>2026-09-20T10:19:46Z</time>
<extensions>
<tp1:TrackPointExtension>
<tp1:hr>158</tp1:hr>
</tp1:TrackPointExtension>
</extensions>
</trkpt>
<trkpt lat="59.11629422" lon="17.42187702">
<ele>76.6</ele>
<time>2026-09-20T10:19:47Z</time>
<extensions>
<tp1:TrackPointExtension>
<tp1:hr>158</tp1:hr>
</tp1:TrackPointExtension>
</extensions>
</trkpt>
<trkpt lat="59.11627879" lon="17.42192103">
<ele>76.8</ele>
<time>2026-09-20T10:19:48Z</time>
<extensions>
<tp1:TrackPointExtension>
<tp1:hr>157</tp1:hr>
</tp1:TrackPointExtension>
</extensions>
</trkpt>
<trkpt lat="59.1162575" lon="17.42198129">
<ele>77.0</ele>
<time>2026-09-20T10:19:49Z</time>
<extensions>
<tp1:TrackPointExtension>
<tp1:hr>158</tp1:hr>
</tp1:TrackPointExtension>
</extensions>
</trkpt>
<trkpt lat="59.11624057" lon="17.42204659">
<ele>77.2</ele>
<time>2026-09-20T10:19:50Z</time>
<extensions>
<tp1:TrackPointExtension>
<tp1:hr>159</tp1:hr>
</tp1:TrackPointExtension>
</extensions>
</trkpt>
<trkpt lat="59.11622875" lon="17.42209847">
<ele>77.2</ele>
<time>2026-09-20T10:19:51Z</time>
<extensions>
<tp1:TrackPointExtension>
<tp1:hr>160</tp1:hr>
</tp1:TrackPointExtension>
</extensions>
</trkpt>
<trkpt lat="59.11621895" lon="17.42215471">
<ele>77.2</ele>
<time>2026-09-20T10:19:52Z</time>
<extensions>
<tp1:TrackPointExtension>
<tp1:hr>160</tp1:hr>
</tp1:TrackPointExtension>
</extensions>
</trkpt>
<trkpt lat="59.11621098" lon="17.42222001">
<ele>77.0</ele>
<time>2026-09-20T10:19:53Z</time>
<extensions>
<tp1:TrackPointExtension>
<tp1:hr>161</tp1:hr>
</tp1:TrackPointExtension>
</extensions>
</trkpt>
<trkpt lat="59.11620436" lon="17.42229243">
<ele>76.8</ele>
<time>2026-09-20T10:19:54Z</time>
<extensions>
<tp1:TrackPointExtension>
<tp1:hr>161</tp1:hr>
</tp1:TrackPointExtension>
</extensions>
</trkpt>
<trkpt lat="59.116199" lon="17.42235077">
<ele>76.6</ele>
<time>2026-09-20T10:19:55Z</time>
<extensions>
<tp1:TrackPointExtension>
<tp1:hr>162</tp1:hr>
</tp1:TrackPointExtension>
</extensions>
</trkpt>
<trkpt lat="59.11619598" lon="17.42240902">
<ele>76.6</ele>
<time>2026-09-20T10:19:56Z</time>
<extensions>
<tp1:TrackPointExtension>
<tp1:hr>162</tp1:hr>
</tp1:TrackPointExtension>
</extensions>
</trkpt>
<trkpt lat="59.11619154" lon="17.42249678">
<ele>76.6</ele>
<time>2026-09-20T10:19:57Z</time>
<extensions>
<tp1:TrackPointExtension>
<tp1:hr>162</tp1:hr>
</tp1:TrackPointExtension>
</extensions>
</trkpt>
<trkpt lat="59.11619707" lon="17.42256149">
<ele>76.6</ele>
<time>2026-09-20T10:19:58Z</time>
<extensions>
<tp1:TrackPointExtension>
<tp1:hr>163</tp1:hr>
</tp1:TrackPointExtension>
</extensions>
</trkpt>
<trkpt lat="59.11619171" lon="17.42262963">
<ele>76.4</ele>
<time>2026-09-20T10:19:59Z</time>
<extensions>
<tp1:TrackPointExtension>
<tp1:hr>163</tp1:hr>
</tp1:TrackPointExtension>
</extensions>
</trkpt>
<trkpt lat="59.11618659" lon="17.42271588">
<ele>76.4</ele>
<time>2026-09-20T10:20:00Z</time>
<extensions>
<tp1:TrackPointExtension>
<tp1:hr>163</tp1:hr>
</tp1:TrackPointExtension>
</extensions>
</trkpt>
<trkpt lat="59.11619514" lon="17.42277531">
<ele>76.4</ele>
<time>2026-09-20T10:20:01Z</time>
<extensions>
<tp1:TrackPointExtension>
<tp1:hr>164</tp1:hr>
</tp1:TrackPointExtension>
</extensions>
</trkpt>
<trkpt lat="59.11619799" lon="17.42284505">
<ele>76.4</ele>
<time>2026-09-20T10:20:02Z</time>
<extensions>
<tp1:TrackPointExtension>
<tp1:hr>164</tp1:hr>
</tp1:TrackPointExtension>
</extensions>
</trkpt>
<trkpt lat="59.11619732" lon="17.42293683">
<ele>76.6</ele>
<time>2026-09-20T10:20:03Z</time>
<extensions>
<tp1:TrackPointExtension>
<tp1:hr>165</tp1:hr>
</tp1:TrackPointExtension>
</extensions>
</trkpt>
<trkpt lat="59.11619405" lon="17.42299852">
<ele>76.6</ele>
<time>2026-09-20T10:20:04Z</time>
<extensions>
<tp1:TrackPointExtension>
<tp1:hr>165</tp1:hr>
</tp1:TrackPointExtension>
</extensions>
</trkpt>
<trkpt lat="59.11618902" lon="17.42305107">
<ele>76.6</ele>
<time>2026-09-20T10:20:05Z</time>
<extensions>
<tp1:TrackPointExtension>
<tp1:hr>164</tp1:hr>
</tp1:TrackPointExtension>
</extensions>
</trkpt>
<trkpt lat="59.11618165" lon="17.42310966">
<ele>76.6</ele>
<time>2026-09-20T10:20:06Z</time>
<extensions>
<tp1:TrackPointExtension>
<tp1:hr>163</tp1:hr>
</tp1:TrackPointExtension>
</extensions>
</trkpt>
<trkpt lat="59.11617813" lon="17.42316783">
<ele>76.8</ele>
<time>2026-09-20T10:20:07Z</time>
<extensions>
<tp1:TrackPointExtension>
<tp1:hr>161</tp1:hr>
</tp1:TrackPointExtension>
</extensions>
</trkpt>
<trkpt lat="59.11618559" lon="17.42321176">
<ele>76.8</ele>
<time>2026-09-20T10:20:08Z</time>
<extensions>
<tp1:TrackPointExtension>
<tp1:hr>160</tp1:hr>
</tp1:TrackPointExtension>
</extensions>
</trkpt>
<trkpt lat="59.11618785" lon="17.42327554">
<ele>76.8</ele>
<time>2026-09-20T10:20:09Z</time>
<extensions>
<tp1:TrackPointExtension>
<tp1:hr>160</tp1:hr>
</tp1:TrackPointExtension>
</extensions>
</trkpt>
<trkpt lat="59.11618425" lon="17.42333329">
<ele>76.8</ele>
<time>2026-09-20T10:20:10Z</time>
<extensions>
<tp1:TrackPointExtension>
<tp1:hr>160</tp1:hr>
</tp1:TrackPointExtension>
</extensions>
</trkpt>
<trkpt lat="59.11618106" lon="17.42338317">
<ele>76.6</ele>
<time>2026-09-20T10:20:11Z</time>
<extensions>
<tp1:TrackPointExtension>
<tp1:hr>160</tp1:hr>
</tp1:TrackPointExtension>
</extensions>
</trkpt>
<trkpt lat="59.11617695" lon="17.4234431">
<ele>76.4</ele>
<time>2026-09-20T10:20:12Z</time>
<extensions>
<tp1:TrackPointExtension>
<tp1:hr>159</tp1:hr>
</tp1:TrackPointExtension>
</extensions>
</trkpt>
<trkpt lat="59.11617134" lon="17.42350965">
<ele>76.0</ele>
<time>2026-09-20T10:20:13Z</time>
<extensions>
<tp1:TrackPointExtension>
<tp1:hr>159</tp1:hr>
</tp1:TrackPointExtension>
</extensions>
</trkpt>
<trkpt lat="59.11616849" lon="17.42356103">
<ele>75.8</ele>
<time>2026-09-20T10:20:14Z</time>
<extensions>
<tp1:TrackPointExtension>
<tp1:hr>159</tp1:hr>
</tp1:TrackPointExtension>
</extensions>
</trkpt>
<trkpt lat="59.11616907" lon="17.42361987">
<ele>75.8</ele>
<time>2026-09-20T10:20:15Z</time>
<extensions>
<tp1:TrackPointExtension>
<tp1:hr>160</tp1:hr>
</tp1:TrackPointExtension>
</extensions>
</trkpt>
<trkpt lat="59.11616941" lon="17.42370034">
<ele>75.6</ele>
<time>2026-09-20T10:20:16Z</time>
<extensions>
<tp1:TrackPointExtension>
<tp1:hr>160</tp1:hr>
</tp1:TrackPointExtension>
</extensions>
</trkpt>
<trkpt lat="59.1161653" lon="17.42375968">
<ele>75.4</ele>
<time>2026-09-20T10:20:17Z</time>
<extensions>
<tp1:TrackPointExtension>
<tp1:hr>160</tp1:hr>
</tp1:TrackPointExtension>
</extensions>
</trkpt>
<trkpt lat="59.11615952" lon="17.42381324">
<ele>75.2</ele>
<time>2026-09-20T10:20:18Z</time>
<extensions>
<tp1:TrackPointExtension>
<tp1:hr>160</tp1:hr>
</tp1:TrackPointExtension>
</extensions>
</trkpt>
<trkpt lat="59.11615483" lon="17.42387552">
<ele>75.0</ele>
<time>2026-09-20T10:20:19Z</time>
<extensions>
<tp1:TrackPointExtension>
<tp1:hr>160</tp1:hr>
</tp1:TrackPointExtension>
</extensions>
</trkpt>
<trkpt lat="59.11615231" lon="17.42392816">
<ele>74.8</ele>
<time>2026-09-20T10:20:20Z</time>
<extensions>
<tp1:TrackPointExtension>
<tp1:hr>160</tp1:hr>
</tp1:TrackPointExtension>
</extensions>
</trkpt>
<trkpt lat="59.11615256" lon="17.42397602">
<ele>74.6</ele>
<time>2026-09-20T10:20:21Z</time>
<extensions>
<tp1:TrackPointExtension>
<tp1:hr>160</tp1:hr>
</tp1:TrackPointExtension>
</extensions>
</trkpt>
<trkpt lat="59.11615164" lon="17.42405204">
<ele>74.4</ele>
<time>2026-09-20T10:20:22Z</time>
<extensions>
<tp1:TrackPointExtension>
<tp1:hr>160</tp1:hr>
</tp1:TrackPointExtension>
</extensions>
</trkpt>
<trkpt lat="59.1161415" lon="17.42412027">
<ele>74.2</ele>
<time>2026-09-20T10:20:23Z</time>
<extensions>
<tp1:TrackPointExtension>
<tp1:hr>160</tp1:hr>
</tp1:TrackPointExtension>
</extensions>
</trkpt>
<trkpt lat="59.11613354" lon="17.42418163">
<ele>74.0</ele>
<time>2026-09-20T10:20:24Z</time>
<extensions>
<tp1:TrackPointExtension>
<tp1:hr>160</tp1:hr>
</tp1:TrackPointExtension>
</extensions>
</trkpt>
<trkpt lat="59.11613278" lon="17.42426184">
<ele>73.8</ele>
<time>2026-09-20T10:20:25Z</time>
<extensions>
<tp1:TrackPointExtension>
<tp1:hr>160</tp1:hr>
</tp1:TrackPointExtension>
</extensions>
</trkpt>
<trkpt lat="59.11613312" lon="17.42434901">
<ele>73.6</ele>
<time>2026-09-20T10:20:26Z</time>
<extensions>
<tp1:TrackPointExtension>
<tp1:hr>160</tp1:hr>
</tp1:TrackPointExtension>
</extensions>
</trkpt>
<trkpt lat="59.11614183" lon="17.4244133">
<ele>73.4</ele>
<time>2026-09-20T10:20:27Z</time>
<extensions>
<tp1:TrackPointExtension>
<tp1:hr>160</tp1:hr>
</tp1:TrackPointExtension>
</extensions>
</trkpt>
<trkpt lat="59.11614125" lon="17.4244905">
<ele>73.0</ele>
<time>2026-09-20T10:20:28Z</time>
<extensions>
<tp1:TrackPointExtension>
<tp1:hr>160</tp1:hr>
</tp1:TrackPointExtension>
</extensions>
</trkpt>
<trkpt lat="59.11613747" lon="17.4245594">
<ele>72.8</ele>
<time>2026-09-20T10:20:29Z</time>
<extensions>
<tp1:TrackPointExtension>
<tp1:hr>160</tp1:hr>
</tp1:TrackPointExtension>
</extensions>
</trkpt>
<trkpt lat="59.11613773" lon="17.42461899">
<ele>72.8</ele>
<time>2026-09-20T10:20:30Z</time>
<extensions>
<tp1:TrackPointExtension>
<tp1:hr>160</tp1:hr>
</tp1:TrackPointExtension>
</extensions>
</trkpt>
<trkpt lat="59.11613882" lon="17.42466727">
<ele>72.6</ele>
<time>2026-09-20T10:20:31Z</time>
<extensions>
<tp1:TrackPointExtension>
<tp1:hr>160</tp1:hr>
</tp1:TrackPointExtension>
</extensions>
</trkpt>
<trkpt lat="59.11613773" lon="17.42472444">
<ele>72.6</ele>
<time>2026-09-20T10:20:32Z</time>
<extensions>
<tp1:TrackPointExtension>
<tp1:hr>161</tp1:hr>
</tp1:TrackPointExtension>
</extensions>
</trkpt>
<trkpt lat="59.11613152" lon="17.42479669">
<ele>72.6</ele>
<time>2026-09-20T10:20:33Z</time>
<extensions>
<tp1:TrackPointExtension>
<tp1:hr>160</tp1:hr>
</tp1:TrackPointExtension>
</extensions>
</trkpt>
<trkpt lat="59.11612532" lon="17.42486165">
<ele>72.2</ele>
<time>2026-09-20T10:20:34Z</time>
<extensions>
<tp1:TrackPointExtension>
<tp1:hr>160</tp1:hr>
</tp1:TrackPointExtension>
</extensions>
</trkpt>
<trkpt lat="59.11612205" lon="17.42491613">
<ele>72.0</ele>
<time>2026-09-20T10:20:35Z</time>
<extensions>
<tp1:TrackPointExtension>
<tp1:hr>160</tp1:hr>
</tp1:TrackPointExtension>
</extensions>
</trkpt>
<trkpt lat="59.11611258" lon="17.42496391">
<ele>71.8</ele>
<time>2026-09-20T10:20:36Z</time>
<extensions>
<tp1:TrackPointExtension>
<tp1:hr>159</tp1:hr>
</tp1:TrackPointExtension>
</extensions>
</trkpt>
<trkpt lat="59.11609456" lon="17.42502795">
<ele>71.6</ele>
<time>2026-09-20T10:20:37Z</time>
<extensions>
<tp1:TrackPointExtension>
<tp1:hr>158</tp1:hr>
</tp1:TrackPointExtension>
</extensions>
</trkpt>
<trkpt lat="59.116085" lon="17.4250681">
<ele>71.4</ele>
<time>2026-09-20T10:20:38Z</time>
<extensions>
<tp1:TrackPointExtension>
<tp1:hr>158</tp1:hr>
</tp1:TrackPointExtension>
</extensions>
</trkpt>
<trkpt lat="59.11607578" lon="17.42512534">
<ele>71.4</ele>
<time>2026-09-20T10:20:39Z</time>
<extensions>
<tp1:TrackPointExtension>
<tp1:hr>158</tp1:hr>
</tp1:TrackPointExtension>
</extensions>
</trkpt>
<trkpt lat="59.11607176" lon="17.42518159">
<ele>71.3</ele>
<time>2026-09-20T10:20:40Z</time>
<extensions>
<tp1:TrackPointExtension>
<tp1:hr>158</tp1:hr>
</tp1:TrackPointExtension>
</extensions>
</trkpt>
<trkpt lat="59.11606246" lon="17.42526641">
<ele>71.1</ele>
<time>2026-09-20T10:20:41Z</time>
<extensions>
<tp1:TrackPointExtension>
<tp1:hr>157</tp1:hr>
</tp1:TrackPointExtension>
</extensions>
</trkpt>
<trkpt lat="59.11605466" lon="17.42533715">
<ele>71.1</ele>
<time>2026-09-20T10:20:42Z</time>
<extensions>
<tp1:TrackPointExtension>
<tp1:hr>157</tp1:hr>
</tp1:TrackPointExtension>
</extensions>
</trkpt>
<trkpt lat="59.11604418" lon="17.42539901">
<ele>71.3</ele>
<time>2026-09-20T10:20:43Z</time>
<extensions>
<tp1:TrackPointExtension>
<tp1:hr>157</tp1:hr>
</tp1:TrackPointExtension>
</extensions>
</trkpt>
<trkpt lat="59.11603857" lon="17.42545375">
<ele>71.5</ele>
<time>2026-09-20T10:20:44Z</time>
<extensions>
<tp1:TrackPointExtension>
<tp1:hr>157</tp1:hr>
</tp1:TrackPointExtension>
</extensions>
</trkpt>
<trkpt lat="59.11603354" lon="17.42551569">
<ele>71.5</ele>
<time>2026-09-20T10:20:45Z</time>
<extensions>
<tp1:TrackPointExtension>
<tp1:hr>158</tp1:hr>
</tp1:TrackPointExtension>
</extensions>
</trkpt>
<trkpt lat="59.11603019" lon="17.42556313">
<ele>71.7</ele>
<time>2026-09-20T10:20:46Z</time>
<extensions>
<tp1:TrackPointExtension>
<tp1:hr>158</tp1:hr>
</tp1:TrackPointExtension>
</extensions>
</trkpt>
<trkpt lat="59.11603496" lon="17.42560118">
<ele>71.7</ele>
<time>2026-09-20T10:20:47Z</time>
<extensions>
<tp1:TrackPointExtension>
<tp1:hr>159</tp1:hr>
</tp1:TrackPointExtension>
</extensions>
</trkpt>
<trkpt lat="59.11604511" lon="17.42562817">
<ele>71.7</ele>
<time>2026-09-20T10:20:48Z</time>
<extensions>
<tp1:TrackPointExtension>
<tp1:hr>159</tp1:hr>
</tp1:TrackPointExtension>
</extensions>
</trkpt>
<trkpt lat="59.11605625" lon="17.42566589">
<ele>71.9</ele>
<time>2026-09-20T10:20:49Z</time>
<extensions>
<tp1:TrackPointExtension>
<tp1:hr>159</tp1:hr>
</tp1:TrackPointExtension>
</extensions>
</trkpt>
<trkpt lat="59.11606623" lon="17.42572859">
<ele>71.9</ele>
<time>2026-09-20T10:20:50Z</time>
<extensions>
<tp1:TrackPointExtension>
<tp1:hr>160</tp1:hr>
</tp1:TrackPointExtension>
</extensions>
</trkpt>
<trkpt lat="59.11607252" lon="17.42579606">
<ele>71.9</ele>
<time>2026-09-20T10:20:51Z</time>
<extensions>
<tp1:TrackPointExtension>
<tp1:hr>160</tp1:hr>
</tp1:TrackPointExtension>
</extensions>
</trkpt>
<trkpt lat="59.11607629" lon="17.42584292">
<ele>71.7</ele>
<time>2026-09-20T10:20:52Z</time>
<extensions>
<tp1:TrackPointExtension>
<tp1:hr>160</tp1:hr>
</tp1:TrackPointExtension>
</extensions>
</trkpt>
<trkpt lat="59.11607528" lon="17.42590746">
<ele>71.5</ele>
<time>2026-09-20T10:20:53Z</time>
<extensions>
<tp1:TrackPointExtension>
<tp1:hr>160</tp1:hr>
</tp1:TrackPointExtension>
</extensions>
</trkpt>
<trkpt lat="59.11605508" lon="17.42597619">
<ele>71.3</ele>
<time>2026-09-20T10:20:54Z</time>
<extensions>
<tp1:TrackPointExtension>
<tp1:hr>160</tp1:hr>
</tp1:TrackPointExtension>
</extensions>
</trkpt>
<trkpt lat="59.11603832" lon="17.42602715">
<ele>71.1</ele>
<time>2026-09-20T10:20:55Z</time>
<extensions>
<tp1:TrackPointExtension>
<tp1:hr>160</tp1:hr>
</tp1:TrackPointExtension>
</extensions>
</trkpt>
<trkpt lat="59.11602088" lon="17.4260694">
<ele>70.9</ele>
<time>2026-09-20T10:20:56Z</time>
<extensions>
<tp1:TrackPointExtension>
<tp1:hr>160</tp1:hr>
</tp1:TrackPointExtension>
</extensions>
</trkpt>
<trkpt lat="59.11600831" lon="17.42610184">
<ele>70.9</ele>
<time>2026-09-20T10:20:57Z</time>
<extensions>
<tp1:TrackPointExtension>
<tp1:hr>159</tp1:hr>
</tp1:TrackPointExtension>
</extensions>
</trkpt>
<trkpt lat="59.11599867" lon="17.42614039">
<ele>70.7</ele>
<time>2026-09-20T10:20:58Z</time>
<extensions>
<tp1:TrackPointExtension>
<tp1:hr>159</tp1:hr>
</tp1:TrackPointExtension>
</extensions>
</trkpt>
<trkpt lat="59.11600219" lon="17.42618599">
<ele>70.7</ele>
<time>2026-09-20T10:20:59Z</time>
<extensions>
<tp1:TrackPointExtension>
<tp1:hr>159</tp1:hr>
</tp1:TrackPointExtension>
</extensions>
</trkpt>
<trkpt lat="59.11600839" lon="17.42623125">
<ele>70.7</ele>
<time>2026-09-20T10:21:00Z</time>
<extensions>
<tp1:TrackPointExtension>
<tp1:hr>159</tp1:hr>
</tp1:TrackPointExtension>
</extensions>
</trkpt>
<trkpt lat="59.11600613" lon="17.42629386">
<ele>70.7</ele>
<time>2026-09-20T10:21:01Z</time>
<extensions>
<tp1:TrackPointExtension>
<tp1:hr>159</tp1:hr>
</tp1:TrackPointExtension>
</extensions>
</trkpt>
<trkpt lat="59.11599465" lon="17.42634022">
<ele>70.7</ele>
<time>2026-09-20T10:21:02Z</time>
<extensions>
<tp1:TrackPointExtension>
<tp1:hr>159</tp1:hr>
</tp1:TrackPointExtension>
</extensions>
</trkpt>
<trkpt lat="59.11598266" lon="17.42638322">
<ele>70.7</ele>
<time>2026-09-20T10:21:03Z</time>
<extensions>
<tp1:TrackPointExtension>
<tp1:hr>159</tp1:hr>
</tp1:TrackPointExtension>
</extensions>
</trkpt>
<trkpt lat="59.11597235" lon="17.4264237">
<ele>70.7</ele>
<time>2026-09-20T10:21:04Z</time>
<extensions>
<tp1:TrackPointExtension>
<tp1:hr>159</tp1:hr>
</tp1:TrackPointExtension>
</extensions>
</trkpt>
<trkpt lat="59.1159628" lon="17.42645471">
<ele>70.9</ele>
<time>2026-09-20T10:21:05Z</time>
<extensions>
<tp1:TrackPointExtension>
<tp1:hr>159</tp1:hr>
</tp1:TrackPointExtension>
</extensions>
</trkpt>
<trkpt lat="59.1159628" lon="17.42649344">
<ele>70.9</ele>
<time>2026-09-20T10:21:06Z</time>
<extensions>
<tp1:TrackPointExtension>
<tp1:hr>159</tp1:hr>
</tp1:TrackPointExtension>
</extensions>
</trkpt>
<trkpt lat="59.11596925" lon="17.42655781">
<ele>71.1</ele>
<time>2026-09-20T10:21:07Z</time>
<extensions>
<tp1:TrackPointExtension>
<tp1:hr>160</tp1:hr>
</tp1:TrackPointExtension>
</extensions>
</trkpt>
<trkpt lat="59.11598559" lon="17.42660014">
<ele>71.1</ele>
<time>2026-09-20T10:21:08Z</time>
<extensions>
<tp1:TrackPointExtension>
<tp1:hr>160</tp1:hr>
</tp1:TrackPointExtension>
</extensions>
</trkpt>
<trkpt lat="59.11600085" lon="17.42663761">
<ele>71.1</ele>
<time>2026-09-20T10:21:09Z</time>
<extensions>
<tp1:TrackPointExtension>
<tp1:hr>159</tp1:hr>
</tp1:TrackPointExtension>
</extensions>
</trkpt>
<trkpt lat="59.11602273" lon="17.42667004">
<ele>71.3</ele>
<time>2026-09-20T10:21:10Z</time>
<extensions>
<tp1:TrackPointExtension>
<tp1:hr>159</tp1:hr>
</tp1:TrackPointExtension>
</extensions>
</trkpt>
<trkpt lat="59.11603823" lon="17.42672453">
<ele>71.3</ele>
<time>2026-09-20T10:21:11Z</time>
<extensions>
<tp1:TrackPointExtension>
<tp1:hr>159</tp1:hr>
</tp1:TrackPointExtension>
</extensions>
</trkpt>
<trkpt lat="59.11605081" lon="17.42676702">
<ele>71.3</ele>
<time>2026-09-20T10:21:12Z</time>
<extensions>
<tp1:TrackPointExtension>
<tp1:hr>159</tp1:hr>
</tp1:TrackPointExtension>
</extensions>
</trkpt>
<trkpt lat="59.11606355" lon="17.42679921">
<ele>71.3</ele>
<time>2026-09-20T10:21:13Z</time>
<extensions>
<tp1:TrackPointExtension>
<tp1:hr>159</tp1:hr>
</tp1:TrackPointExtension>
</extensions>
</trkpt>
<trkpt lat="59.11607897" lon="17.42681882">
<ele>71.1</ele>
<time>2026-09-20T10:21:14Z</time>
<extensions>
<tp1:TrackPointExtension>
<tp1:hr>159</tp1:hr>
</tp1:TrackPointExtension>
</extensions>
</trkpt>
<trkpt lat="59.11610504" lon="17.42685981">
<ele>71.1</ele>
<time>2026-09-20T10:21:15Z</time>
<extensions>
<tp1:TrackPointExtension>
<tp1:hr>159</tp1:hr>
</tp1:TrackPointExtension>
</extensions>
</trkpt>
<trkpt lat="59.11611493" lon="17.42690776">
<ele>71.1</ele>
<time>2026-09-20T10:21:16Z</time>
<extensions>
<tp1:TrackPointExtension>
<tp1:hr>159</tp1:hr>
</tp1:TrackPointExtension>
</extensions>
</trkpt>
<trkpt lat="59.1161182" lon="17.42695629">
<ele>71.1</ele>
<time>2026-09-20T10:21:17Z</time>
<extensions>
<tp1:TrackPointExtension>
<tp1:hr>159</tp1:hr>
</tp1:TrackPointExtension>
</extensions>
</trkpt>
<trkpt lat="59.11612582" lon="17.42699635">
<ele>71.1</ele>
<time>2026-09-20T10:21:18Z</time>
<extensions>
<tp1:TrackPointExtension>
<tp1:hr>159</tp1:hr>
</tp1:TrackPointExtension>
</extensions>
</trkpt>
<trkpt lat="59.11613848" lon="17.42703441">
<ele>70.9</ele>
<time>2026-09-20T10:21:19Z</time>
<extensions>
<tp1:TrackPointExtension>
<tp1:hr>159</tp1:hr>
</tp1:TrackPointExtension>
</extensions>
</trkpt>
<trkpt lat="59.1161508" lon="17.42708562">
<ele>70.9</ele>
<time>2026-09-20T10:21:20Z</time>
<extensions>
<tp1:TrackPointExtension>
<tp1:hr>159</tp1:hr>
</tp1:TrackPointExtension>
</extensions>
</trkpt>
<trkpt lat="59.11615047" lon="17.42714656">
<ele>70.9</ele>
<time>2026-09-20T10:21:21Z</time>
<extensions>
<tp1:TrackPointExtension>
<tp1:hr>159</tp1:hr>
</tp1:TrackPointExtension>
</extensions>
</trkpt>
<trkpt lat="59.11615843" lon="17.42718754">
<ele>70.7</ele>
<time>2026-09-20T10:21:22Z</time>
<extensions>
<tp1:TrackPointExtension>
<tp1:hr>159</tp1:hr>
</tp1:TrackPointExtension>
</extensions>
</trkpt>
<trkpt lat="59.11616581" lon="17.42723121">
<ele>70.7</ele>
<time>2026-09-20T10:21:23Z</time>
<extensions>
<tp1:TrackPointExtension>
<tp1:hr>159</tp1:hr>
</tp1:TrackPointExtension>
</extensions>
</trkpt>
<trkpt lat="59.11616849" lon="17.42728402">
<ele>70.9</ele>
<time>2026-09-20T10:21:24Z</time>
<extensions>
<tp1:TrackPointExtension>
<tp1:hr>158</tp1:hr>
</tp1:TrackPointExtension>
</extensions>
</trkpt>
<trkpt lat="59.11616798" lon="17.42733808">
<ele>71.1</ele>
<time>2026-09-20T10:21:25Z</time>
<extensions>
<tp1:TrackPointExtension>
<tp1:hr>158</tp1:hr>
</tp1:TrackPointExtension>
</extensions>
</trkpt>
<trkpt lat="59.11616379" lon="17.42739885">
<ele>71.3</ele>
<time>2026-09-20T10:21:26Z</time>
<extensions>
<tp1:TrackPointExtension>
<tp1:hr>158</tp1:hr>
</tp1:TrackPointExtension>
</extensions>
</trkpt>
<trkpt lat="59.11616757" lon="17.42744051">
<ele>71.5</ele>
<time>2026-09-20T10:21:27Z</time>
<extensions>
<tp1:TrackPointExtension>
<tp1:hr>159</tp1:hr>
</tp1:TrackPointExtension>
</extensions>
</trkpt>
<trkpt lat="59.11617771" lon="17.42749415">
<ele>71.7</ele>
<time>2026-09-20T10:21:28Z</time>
<extensions>
<tp1:TrackPointExtension>
<tp1:hr>159</tp1:hr>
</tp1:TrackPointExtension>
</extensions>
</trkpt>
<trkpt lat="59.11618634" lon="17.42755417">
<ele>71.9</ele>
<time>2026-09-20T10:21:29Z</time>
<extensions>
<tp1:TrackPointExtension>
<tp1:hr>159</tp1:hr>
</tp1:TrackPointExtension>
</extensions>
</trkpt>
<trkpt lat="59.11619456" lon="17.42760513">
<ele>72.1</ele>
<time>2026-09-20T10:21:30Z</time>
<extensions>
<tp1:TrackPointExtension>
<tp1:hr>158</tp1:hr>
</tp1:TrackPointExtension>
</extensions>
</trkpt>
<trkpt lat="59.11620252" lon="17.42765844">
<ele>72.3</ele>
<time>2026-09-20T10:21:31Z</time>
<extensions>
<tp1:TrackPointExtension>
<tp1:hr>157</tp1:hr>
</tp1:TrackPointExtension>
</extensions>
</trkpt>
<trkpt lat="59.11620386" lon="17.42771669">
<ele>72.7</ele>
<time>2026-09-20T10:21:32Z</time>
<extensions>
<tp1:TrackPointExtension>
<tp1:hr>157</tp1:hr>
</tp1:TrackPointExtension>
</extensions>
</trkpt>
<trkpt lat="59.11620537" lon="17.42776992">
<ele>72.9</ele>
<time>2026-09-20T10:21:33Z</time>
<extensions>
<tp1:TrackPointExtension>
<tp1:hr>157</tp1:hr>
</tp1:TrackPointExtension>
</extensions>
</trkpt>
<trkpt lat="59.11621886" lon="17.42781769">
<ele>73.1</ele>
<time>2026-09-20T10:21:34Z</time>
<extensions>
<tp1:TrackPointExtension>
<tp1:hr>157</tp1:hr>
</tp1:TrackPointExtension>
</extensions>
</trkpt>
<trkpt lat="59.11624669" lon="17.42787771">
<ele>73.1</ele>
<time>2026-09-20T10:21:35Z</time>
<extensions>
<tp1:TrackPointExtension>
<tp1:hr>158</tp1:hr>
</tp1:TrackPointExtension>
</extensions>
</trkpt>
<trkpt lat="59.11626798" lon="17.42790814">
<ele>73.3</ele>
<time>2026-09-20T10:21:36Z</time>
<extensions>
<tp1:TrackPointExtension>
<tp1:hr>158</tp1:hr>
</tp1:TrackPointExtension>
</extensions>
</trkpt>
<trkpt lat="59.11628852" lon="17.42794066">
<ele>73.3</ele>
<time>2026-09-20T10:21:37Z</time>
<extensions>
<tp1:TrackPointExtension>
<tp1:hr>158</tp1:hr>
</tp1:TrackPointExtension>
</extensions>
</trkpt>
<trkpt lat="59.11630712" lon="17.42797812">
<ele>73.5</ele>
<time>2026-09-20T10:21:38Z</time>
<extensions>
<tp1:TrackPointExtension>
<tp1:hr>158</tp1:hr>
</tp1:TrackPointExtension>
</extensions>
</trkpt>
<trkpt lat="59.1163202" lon="17.42803127">
<ele>73.5</ele>
<time>2026-09-20T10:21:39Z</time>
<extensions>
<tp1:TrackPointExtension>
<tp1:hr>158</tp1:hr>
</tp1:TrackPointExtension>
</extensions>
</trkpt>
<trkpt lat="59.11632976" lon="17.42807519">
<ele>73.7</ele>
<time>2026-09-20T10:21:40Z</time>
<extensions>
<tp1:TrackPointExtension>
<tp1:hr>158</tp1:hr>
</tp1:TrackPointExtension>
</extensions>
</trkpt>
<trkpt lat="59.11634082" lon="17.42811106">
<ele>73.7</ele>
<time>2026-09-20T10:21:41Z</time>
<extensions>
<tp1:TrackPointExtension>
<tp1:hr>159</tp1:hr>
</tp1:TrackPointExtension>
</extensions>
</trkpt>
<trkpt lat="59.11635071" lon="17.42818072">
<ele>73.5</ele>
<time>2026-09-20T10:21:42Z</time>
<extensions>
<tp1:TrackPointExtension>
<tp1:hr>159</tp1:hr>
</tp1:TrackPointExtension>
</extensions>
</trkpt>
<trkpt lat="59.11636245" lon="17.42823126">
<ele>73.3</ele>
<time>2026-09-20T10:21:43Z</time>
<extensions>
<tp1:TrackPointExtension>
<tp1:hr>160</tp1:hr>
</tp1:TrackPointExtension>
</extensions>
</trkpt>
<trkpt lat="59.11637795" lon="17.42829085">
<ele>73.1</ele>
<time>2026-09-20T10:21:44Z</time>
<extensions>
<tp1:TrackPointExtension>
<tp1:hr>160</tp1:hr>
</tp1:TrackPointExtension>
</extensions>
</trkpt>
<trkpt lat="59.11639404" lon="17.42834207">
<ele>72.7</ele>
<time>2026-09-20T10:21:45Z</time>
<extensions>
<tp1:TrackPointExtension>
<tp1:hr>160</tp1:hr>
</tp1:TrackPointExtension>
</extensions>
</trkpt>
<trkpt lat="59.11640704" lon="17.42840451">
<ele>72.3</ele>
<time>2026-09-20T10:21:46Z</time>
<extensions>
<tp1:TrackPointExtension>
<tp1:hr>160</tp1:hr>
</tp1:TrackPointExtension>
</extensions>
</trkpt>
<trkpt lat="59.11642732" lon="17.42844969">
<ele>72.1</ele>
<time>2026-09-20T10:21:47Z</time>
<extensions>
<tp1:TrackPointExtension>
<tp1:hr>161</tp1:hr>
</tp1:TrackPointExtension>
</extensions>
</trkpt>
<trkpt lat="59.11644526" lon="17.42848473">
<ele>71.9</ele>
<time>2026-09-20T10:21:48Z</time>
<extensions>
<tp1:TrackPointExtension>
<tp1:hr>160</tp1:hr>
</tp1:TrackPointExtension>
</extensions>
</trkpt>
<trkpt lat="59.11646814" lon="17.42852186">
<ele>71.8</ele>
<time>2026-09-20T10:21:49Z</time>
<extensions>
<tp1:TrackPointExtension>
<tp1:hr>160</tp1:hr>
</tp1:TrackPointExtension>
</extensions>
</trkpt>
<trkpt lat="59.11648809" lon="17.42855337">
<ele>71.8</ele>
<time>2026-09-20T10:21:50Z</time>
<extensions>
<tp1:TrackPointExtension>
<tp1:hr>161</tp1:hr>
</tp1:TrackPointExtension>
</extensions>
</trkpt>
<trkpt lat="59.11651298" lon="17.42859143">
<ele>71.8</ele>
<time>2026-09-20T10:21:51Z</time>
<extensions>
<tp1:TrackPointExtension>
<tp1:hr>160</tp1:hr>
</tp1:TrackPointExtension>
</extensions>
</trkpt>
<trkpt lat="59.11652824" lon="17.42864977">
<ele>72.0</ele>
<time>2026-09-20T10:21:52Z</time>
<extensions>
<tp1:TrackPointExtension>
<tp1:hr>160</tp1:hr>
</tp1:TrackPointExtension>
</extensions>
</trkpt>
<trkpt lat="59.11654425" lon="17.42870953">
<ele>72.0</ele>
<time>2026-09-20T10:21:53Z</time>
<extensions>
<tp1:TrackPointExtension>
<tp1:hr>160</tp1:hr>
</tp1:TrackPointExtension>
</extensions>
</trkpt>
<trkpt lat="59.11656001" lon="17.42876083">
<ele>72.0</ele>
<time>2026-09-20T10:21:54Z</time>
<extensions>
<tp1:TrackPointExtension>
<tp1:hr>160</tp1:hr>
</tp1:TrackPointExtension>
</extensions>
</trkpt>
<trkpt lat="59.11657266" lon="17.42881363">
<ele>72.0</ele>
<time>2026-09-20T10:21:55Z</time>
<extensions>
<tp1:TrackPointExtension>
<tp1:hr>160</tp1:hr>
</tp1:TrackPointExtension>
</extensions>
</trkpt>
<trkpt lat="59.11658624" lon="17.428862">
<ele>72.0</ele>
<time>2026-09-20T10:21:56Z</time>
<extensions>
<tp1:TrackPointExtension>
<tp1:hr>160</tp1:hr>
</tp1:TrackPointExtension>
</extensions>
</trkpt>
<trkpt lat="59.11659638" lon="17.42889879">
<ele>71.8</ele>
<time>2026-09-20T10:21:57Z</time>
<extensions>
<tp1:TrackPointExtension>
<tp1:hr>160</tp1:hr>
</tp1:TrackPointExtension>
</extensions>
</trkpt>
<trkpt lat="59.11660502" lon="17.42894833">
<ele>71.4</ele>
<time>2026-09-20T10:21:58Z</time>
<extensions>
<tp1:TrackPointExtension>
<tp1:hr>159</tp1:hr>
</tp1:TrackPointExtension>
</extensions>
</trkpt>
<trkpt lat="59.1166139" lon="17.42899812">
<ele>71.4</ele>
<time>2026-09-20T10:21:59Z</time>
<extensions>
<tp1:TrackPointExtension>
<tp1:hr>159</tp1:hr>
</tp1:TrackPointExtension>
</extensions>
</trkpt>
<trkpt lat="59.11662555" lon="17.42903743">
<ele>71.0</ele>
<time>2026-09-20T10:22:00Z</time>
<extensions>
<tp1:TrackPointExtension>
<tp1:hr>159</tp1:hr>
</tp1:TrackPointExtension>
</extensions>
</trkpt>
<trkpt lat="59.11663746" lon="17.42907959">
<ele>70.8</ele>
<time>2026-09-20T10:22:01Z</time>
<extensions>
<tp1:TrackPointExtension>
<tp1:hr>159</tp1:hr>
</tp1:TrackPointExtension>
</extensions>
</trkpt>
<trkpt lat="59.11664743" lon="17.42912326">
<ele>70.4</ele>
<time>2026-09-20T10:22:02Z</time>
<extensions>
<tp1:TrackPointExtension>
<tp1:hr>160</tp1:hr>
</tp1:TrackPointExtension>
</extensions>
</trkpt>
<trkpt lat="59.11665279" lon="17.42917825">
<ele>70.0</ele>
<time>2026-09-20T10:22:03Z</time>
<extensions>
<tp1:TrackPointExtension>
<tp1:hr>160</tp1:hr>
</tp1:TrackPointExtension>
</extensions>
</trkpt>
<trkpt lat="59.11665724" lon="17.42922929">
<ele>69.8</ele>
<time>2026-09-20T10:22:04Z</time>
<extensions>
<tp1:TrackPointExtension>
<tp1:hr>160</tp1:hr>
</tp1:TrackPointExtension>
</extensions>
</trkpt>
<trkpt lat="59.11666302" lon="17.42927279">
<ele>69.6</ele>
<time>2026-09-20T10:22:05Z</time>
<extensions>
<tp1:TrackPointExtension>
<tp1:hr>160</tp1:hr>
</tp1:TrackPointExtension>
</extensions>
</trkpt>
<trkpt lat="59.11666688" lon="17.42930816">
<ele>69.2</ele>
<time>2026-09-20T10:22:06Z</time>
<extensions>
<tp1:TrackPointExtension>
<tp1:hr>160</tp1:hr>
</tp1:TrackPointExtension>
</extensions>
</trkpt>
<trkpt lat="59.11667744" lon="17.42933331">
<ele>69.2</ele>
<time>2026-09-20T10:22:07Z</time>
<extensions>
<tp1:TrackPointExtension>
<tp1:hr>159</tp1:hr>
</tp1:TrackPointExtension>
</extensions>
</trkpt>
<trkpt lat="59.11668548" lon="17.42936508">
<ele>69.0</ele>
<time>2026-09-20T10:22:08Z</time>
<extensions>
<tp1:TrackPointExtension>
<tp1:hr>159</tp1:hr>
</tp1:TrackPointExtension>
</extensions>
</trkpt>
<trkpt lat="59.11669127" lon="17.42939408">
<ele>69.0</ele>
<time>2026-09-20T10:22:09Z</time>
<extensions>
<tp1:TrackPointExtension>
<tp1:hr>158</tp1:hr>
</tp1:TrackPointExtension>
</extensions>
</trkpt>
<trkpt lat="59.11669923" lon="17.42942392">
<ele>69.0</ele>
<time>2026-09-20T10:22:10Z</time>
<extensions>
<tp1:TrackPointExtension>
<tp1:hr>159</tp1:hr>
</tp1:TrackPointExtension>
</extensions>
</trkpt>
<trkpt lat="59.11669973" lon="17.42942291">
<ele>69.0</ele>
<time>2026-09-20T10:22:11Z</time>
<extensions>
<tp1:TrackPointExtension>
<tp1:hr>159</tp1:hr>
</tp1:TrackPointExtension>
</extensions>
</trkpt>
<trkpt lat="59.11670334" lon="17.42943926">
<ele>68.8</ele>
<time>2026-09-20T10:22:12Z</time>
<extensions>
<tp1:TrackPointExtension>
<tp1:hr>160</tp1:hr>
</tp1:TrackPointExtension>
</extensions>
</trkpt>
<trkpt lat="59.11670426" lon="17.4294587">
<ele>68.8</ele>
<time>2026-09-20T10:22:13Z</time>
<extensions>
<tp1:TrackPointExtension>
<tp1:hr>160</tp1:hr>
</tp1:TrackPointExtension>
</extensions>
</trkpt>
<trkpt lat="59.1167051" lon="17.42948326">
<ele>68.8</ele>
<time>2026-09-20T10:22:14Z</time>
<extensions>
<tp1:TrackPointExtension>
<tp1:hr>160</tp1:hr>
</tp1:TrackPointExtension>
</extensions>
</trkpt>
<trkpt lat="59.11670317" lon="17.42951386">
<ele>68.6</ele>
<time>2026-09-20T10:22:15Z</time>
<extensions>
<tp1:TrackPointExtension>
<tp1:hr>160</tp1:hr>
</tp1:TrackPointExtension>
</extensions>
</trkpt>
<trkpt lat="59.11670275" lon="17.42957002">
<ele>68.6</ele>
<time>2026-09-20T10:22:16Z</time>
<extensions>
<tp1:TrackPointExtension>
<tp1:hr>159</tp1:hr>
</tp1:TrackPointExtension>
</extensions>
</trkpt>
<trkpt lat="59.11670342" lon="17.4296183">
<ele>68.4</ele>
<time>2026-09-20T10:22:17Z</time>
<extensions>
<tp1:TrackPointExtension>
<tp1:hr>160</tp1:hr>
</tp1:TrackPointExtension>
</extensions>
</trkpt>
<trkpt lat="59.11670493" lon="17.42966079">
<ele>68.2</ele>
<time>2026-09-20T10:22:18Z</time>
<extensions>
<tp1:TrackPointExtension>
<tp1:hr>160</tp1:hr>
</tp1:TrackPointExtension>
</extensions>
</trkpt>
<trkpt lat="59.11670518" lon="17.42970899">
<ele>68.2</ele>
<time>2026-09-20T10:22:19Z</time>
<extensions>
<tp1:TrackPointExtension>
<tp1:hr>160</tp1:hr>
</tp1:TrackPointExtension>
</extensions>
</trkpt>
<trkpt lat="59.11670208" lon="17.42976582">
<ele>68.2</ele>
<time>2026-09-20T10:22:20Z</time>
<extensions>
<tp1:TrackPointExtension>
<tp1:hr>159</tp1:hr>
</tp1:TrackPointExtension>
</extensions>
</trkpt>
<trkpt lat="59.11670116" lon="17.42980798">
<ele>68.4</ele>
<time>2026-09-20T10:22:21Z</time>
<extensions>
<tp1:TrackPointExtension>
<tp1:hr>160</tp1:hr>
</tp1:TrackPointExtension>
</extensions>
</trkpt>
<trkpt lat="59.11669604" lon="17.42985508">
<ele>68.6</ele>
<time>2026-09-20T10:22:22Z</time>
<extensions>
<tp1:TrackPointExtension>
<tp1:hr>159</tp1:hr>
</tp1:TrackPointExtension>
</extensions>
</trkpt>
<trkpt lat="59.11668959" lon="17.42991443">
<ele>68.8</ele>
<time>2026-09-20T10:22:23Z</time>
<extensions>
<tp1:TrackPointExtension>
<tp1:hr>159</tp1:hr>
</tp1:TrackPointExtension>
</extensions>
</trkpt>
<trkpt lat="59.11667987" lon="17.42995935">
<ele>69.0</ele>
<time>2026-09-20T10:22:24Z</time>
<extensions>
<tp1:TrackPointExtension>
<tp1:hr>159</tp1:hr>
</tp1:TrackPointExtension>
</extensions>
</trkpt>
<trkpt lat="59.11667023" lon="17.42999909">
<ele>69.2</ele>
<time>2026-09-20T10:22:25Z</time>
<extensions>
<tp1:TrackPointExtension>
<tp1:hr>159</tp1:hr>
</tp1:TrackPointExtension>
</extensions>
</trkpt>
<trkpt lat="59.11665539" lon="17.43003756">
<ele>69.4</ele>
<time>2026-09-20T10:22:26Z</time>
<extensions>
<tp1:TrackPointExtension>
<tp1:hr>159</tp1:hr>
</tp1:TrackPointExtension>
</extensions>
</trkpt>
<trkpt lat="59.11663628" lon="17.43007746">
<ele>69.4</ele>
<time>2026-09-20T10:22:27Z</time>
<extensions>
<tp1:TrackPointExtension>
<tp1:hr>160</tp1:hr>
</tp1:TrackPointExtension>
</extensions>
</trkpt>
<trkpt lat="59.11661784" lon="17.43011568">
<ele>69.4</ele>
<time>2026-09-20T10:22:28Z</time>
<extensions>
<tp1:TrackPointExtension>
<tp1:hr>160</tp1:hr>
</tp1:TrackPointExtension>
</extensions>
</trkpt>
<trkpt lat="59.11659915" lon="17.43015038">
<ele>69.4</ele>
<time>2026-09-20T10:22:29Z</time>
<extensions>
<tp1:TrackPointExtension>
<tp1:hr>160</tp1:hr>
</tp1:TrackPointExtension>
</extensions>
</trkpt>
<trkpt lat="59.11658959" lon="17.4301834">
<ele>69.4</ele>
<time>2026-09-20T10:22:30Z</time>
<extensions>
<tp1:TrackPointExtension>
<tp1:hr>159</tp1:hr>
</tp1:TrackPointExtension>
</extensions>
</trkpt>
<trkpt lat="59.11658037" lon="17.43022858">
<ele>69.4</ele>
<time>2026-09-20T10:22:31Z</time>
<extensions>
<tp1:TrackPointExtension>
<tp1:hr>159</tp1:hr>
</tp1:TrackPointExtension>
</extensions>
</trkpt>
<trkpt lat="59.11658205" lon="17.4302627">
<ele>69.6</ele>
<time>2026-09-20T10:22:32Z</time>
<extensions>
<tp1:TrackPointExtension>
<tp1:hr>159</tp1:hr>
</tp1:TrackPointExtension>
</extensions>
</trkpt>
<trkpt lat="59.11659429" lon="17.43028868">
<ele>69.6</ele>
<time>2026-09-20T10:22:33Z</time>
<extensions>
<tp1:TrackPointExtension>
<tp1:hr>159</tp1:hr>
</tp1:TrackPointExtension>
</extensions>
</trkpt>
<trkpt lat="59.11660611" lon="17.43031927">
<ele>69.6</ele>
<time>2026-09-20T10:22:34Z</time>
<extensions>
<tp1:TrackPointExtension>
<tp1:hr>159</tp1:hr>
</tp1:TrackPointExtension>
</extensions>
</trkpt>
<trkpt lat="59.1166248" lon="17.43033453">
<ele>69.6</ele>
<time>2026-09-20T10:22:35Z</time>
<extensions>
<tp1:TrackPointExtension>
<tp1:hr>159</tp1:hr>
</tp1:TrackPointExtension>
</extensions>
</trkpt>
<trkpt lat="59.11664416" lon="17.4303632">
<ele>69.6</ele>
<time>2026-09-20T10:22:36Z</time>
<extensions>
<tp1:TrackPointExtension>
<tp1:hr>159</tp1:hr>
</tp1:TrackPointExtension>
</extensions>
</trkpt>
<trkpt lat="59.11666838" lon="17.43038834">
<ele>69.6</ele>
<time>2026-09-20T10:22:37Z</time>
<extensions>
<tp1:TrackPointExtension>
<tp1:hr>159</tp1:hr>
</tp1:TrackPointExtension>
</extensions>
</trkpt>
<trkpt lat="59.11669454" lon="17.43040938">
<ele>69.6</ele>
<time>2026-09-20T10:22:38Z</time>
<extensions>
<tp1:TrackPointExtension>
<tp1:hr>159</tp1:hr>
</tp1:TrackPointExtension>
</extensions>
</trkpt>
<trkpt lat="59.11671465" lon="17.43043905">
<ele>69.8</ele>
<time>2026-09-20T10:22:39Z</time>
<extensions>
<tp1:TrackPointExtension>
<tp1:hr>159</tp1:hr>
</tp1:TrackPointExtension>
</extensions>
</trkpt>
<trkpt lat="59.11673368" lon="17.43046797">
<ele>70.0</ele>
<time>2026-09-20T10:22:40Z</time>
<extensions>
<tp1:TrackPointExtension>
<tp1:hr>159</tp1:hr>
</tp1:TrackPointExtension>
</extensions>
</trkpt>
<trkpt lat="59.11675178" lon="17.43050351">
<ele>70.2</ele>
<time>2026-09-20T10:22:41Z</time>
<extensions>
<tp1:TrackPointExtension>
<tp1:hr>158</tp1:hr>
</tp1:TrackPointExtension>
</extensions>
</trkpt>
<trkpt lat="59.11677391" lon="17.43053553">
<ele>70.2</ele>
<time>2026-09-20T10:22:42Z</time>
<extensions>
<tp1:TrackPointExtension>
<tp1:hr>158</tp1:hr>
</tp1:TrackPointExtension>
</extensions>
</trkpt>
<trkpt lat="59.11679504" lon="17.43056796">
<ele>70.2</ele>
<time>2026-09-20T10:22:43Z</time>
<extensions>
<tp1:TrackPointExtension>
<tp1:hr>158</tp1:hr>
</tp1:TrackPointExtension>
</extensions>
</trkpt>
<trkpt lat="59.11681063" lon="17.4306144">
<ele>70.4</ele>
<time>2026-09-20T10:22:44Z</time>
<extensions>
<tp1:TrackPointExtension>
<tp1:hr>159</tp1:hr>
</tp1:TrackPointExtension>
</extensions>
</trkpt>
<trkpt lat="59.11682404" lon="17.43064768">
<ele>70.4</ele>
<time>2026-09-20T10:22:45Z</time>
<extensions>
<tp1:TrackPointExtension>
<tp1:hr>158</tp1:hr>
</tp1:TrackPointExtension>
</extensions>
</trkpt>
<trkpt lat="59.11683435" lon="17.43067995">
<ele>70.6</ele>
<time>2026-09-20T10:22:46Z</time>
<extensions>
<tp1:TrackPointExtension>
<tp1:hr>158</tp1:hr>
</tp1:TrackPointExtension>
</extensions>
</trkpt>
<trkpt lat="59.11684642" lon="17.43071582">
<ele>70.8</ele>
<time>2026-09-20T10:22:47Z</time>
<extensions>
<tp1:TrackPointExtension>
<tp1:hr>158</tp1:hr>
</tp1:TrackPointExtension>
</extensions>
</trkpt>
<trkpt lat="59.11685212" lon="17.43077558">
<ele>71.2</ele>
<time>2026-09-20T10:22:48Z</time>
<extensions>
<tp1:TrackPointExtension>
<tp1:hr>159</tp1:hr>
</tp1:TrackPointExtension>
</extensions>
</trkpt>
<trkpt lat="59.11685497" lon="17.43082889">
<ele>71.4</ele>
<time>2026-09-20T10:22:49Z</time>
<extensions>
<tp1:TrackPointExtension>
<tp1:hr>159</tp1:hr>
</tp1:TrackPointExtension>
</extensions>
</trkpt>
<trkpt lat="59.11685664" lon="17.43086913">
<ele>71.8</ele>
<time>2026-09-20T10:22:50Z</time>
<extensions>
<tp1:TrackPointExtension>
<tp1:hr>159</tp1:hr>
</tp1:TrackPointExtension>
</extensions>
</trkpt>
<trkpt lat="59.11685497" lon="17.43092185">
<ele>72.2</ele>
<time>2026-09-20T10:22:51Z</time>
<extensions>
<tp1:TrackPointExtension>
<tp1:hr>159</tp1:hr>
</tp1:TrackPointExtension>
</extensions>
</trkpt>
<trkpt lat="59.11685279" lon="17.43096728">
<ele>72.6</ele>
<time>2026-09-20T10:22:52Z</time>
<extensions>
<tp1:TrackPointExtension>
<tp1:hr>159</tp1:hr>
</tp1:TrackPointExtension>
</extensions>
</trkpt>
<trkpt lat="59.11684977" lon="17.43101112">
<ele>73.0</ele>
<time>2026-09-20T10:22:53Z</time>
<extensions>
<tp1:TrackPointExtension>
<tp1:hr>160</tp1:hr>
</tp1:TrackPointExtension>
</extensions>
</trkpt>
<trkpt lat="59.11684742" lon="17.43105378">
<ele>73.2</ele>
<time>2026-09-20T10:22:54Z</time>
<extensions>
<tp1:TrackPointExtension>
<tp1:hr>160</tp1:hr>
</tp1:TrackPointExtension>
</extensions>
</trkpt>
<trkpt lat="59.11684684" lon="17.43108873">
<ele>73.2</ele>
<time>2026-09-20T10:22:55Z</time>
<extensions>
<tp1:TrackPointExtension>
<tp1:hr>160</tp1:hr>
</tp1:TrackPointExtension>
</extensions>
</trkpt>
<trkpt lat="59.11684256" lon="17.43114321">
<ele>73.4</ele>
<time>2026-09-20T10:22:56Z</time>
<extensions>
<tp1:TrackPointExtension>
<tp1:hr>160</tp1:hr>
</tp1:TrackPointExtension>
</extensions>
</trkpt>
<trkpt lat="59.11685513" lon="17.43116551">
<ele>73.4</ele>
<time>2026-09-20T10:22:57Z</time>
<extensions>
<tp1:TrackPointExtension>
<tp1:hr>159</tp1:hr>
</tp1:TrackPointExtension>
</extensions>
</trkpt>
<trkpt lat="59.11686921" lon="17.4311956">
<ele>73.6</ele>
<time>2026-09-20T10:22:58Z</time>
<extensions>
<tp1:TrackPointExtension>
<tp1:hr>160</tp1:hr>
</tp1:TrackPointExtension>
</extensions>
</trkpt>
<trkpt lat="59.11688296" lon="17.43122108">
<ele>73.7</ele>
<time>2026-09-20T10:22:59Z</time>
<extensions>
<tp1:TrackPointExtension>
<tp1:hr>160</tp1:hr>
</tp1:TrackPointExtension>
</extensions>
</trkpt>
<trkpt lat="59.11689654" lon="17.43124279">
<ele>73.7</ele>
<time>2026-09-20T10:23:00Z</time>
<extensions>
<tp1:TrackPointExtension>
<tp1:hr>160</tp1:hr>
</tp1:TrackPointExtension>
</extensions>
</trkpt>
<trkpt lat="59.11690626" lon="17.4312909">
<ele>73.9</ele>
<time>2026-09-20T10:23:01Z</time>
<extensions>
<tp1:TrackPointExtension>
<tp1:hr>160</tp1:hr>
</tp1:TrackPointExtension>
</extensions>
</trkpt>
<trkpt lat="59.11691817" lon="17.43133063">
<ele>73.9</ele>
<time>2026-09-20T10:23:02Z</time>
<extensions>
<tp1:TrackPointExtension>
<tp1:hr>161</tp1:hr>
</tp1:TrackPointExtension>
</extensions>
</trkpt>
<trkpt lat="59.11693149" lon="17.43137623">
<ele>73.9</ele>
<time>2026-09-20T10:23:03Z</time>
<extensions>
<tp1:TrackPointExtension>
<tp1:hr>161</tp1:hr>
</tp1:TrackPointExtension>
</extensions>
</trkpt>
<trkpt lat="59.11694281" lon="17.43143432">
<ele>73.7</ele>
<time>2026-09-20T10:23:04Z</time>
<extensions>
<tp1:TrackPointExtension>
<tp1:hr>161</tp1:hr>
</tp1:TrackPointExtension>
</extensions>
</trkpt>
<trkpt lat="59.11694591" lon="17.43147899">
<ele>73.7</ele>
<time>2026-09-20T10:23:05Z</time>
<extensions>
<tp1:TrackPointExtension>
<tp1:hr>161</tp1:hr>
</tp1:TrackPointExtension>
</extensions>
</trkpt>
<trkpt lat="59.11695077" lon="17.43153163">
<ele>73.7</ele>
<time>2026-09-20T10:23:06Z</time>
<extensions>
<tp1:TrackPointExtension>
<tp1:hr>161</tp1:hr>
</tp1:TrackPointExtension>
</extensions>
</trkpt>
<trkpt lat="59.11695614" lon="17.43157304">
<ele>74.1</ele>
<time>2026-09-20T10:23:07Z</time>
<extensions>
<tp1:TrackPointExtension>
<tp1:hr>161</tp1:hr>
</tp1:TrackPointExtension>
</extensions>
</trkpt>
<trkpt lat="59.11696343" lon="17.43162082">
<ele>74.3</ele>
<time>2026-09-20T10:23:08Z</time>
<extensions>
<tp1:TrackPointExtension>
<tp1:hr>160</tp1:hr>
</tp1:TrackPointExtension>
</extensions>
</trkpt>
<trkpt lat="59.11696075" lon="17.43165937">
<ele>74.7</ele>
<time>2026-09-20T10:23:09Z</time>
<extensions>
<tp1:TrackPointExtension>
<tp1:hr>160</tp1:hr>
</tp1:TrackPointExtension>
</extensions>
</trkpt>
<trkpt lat="59.11696234" lon="17.43168167">
<ele>75.1</ele>
<time>2026-09-20T10:23:10Z</time>
<extensions>
<tp1:TrackPointExtension>
<tp1:hr>160</tp1:hr>
</tp1:TrackPointExtension>
</extensions>
</trkpt>
<trkpt lat="59.11697617" lon="17.43169491">
<ele>75.7</ele>
<time>2026-09-20T10:23:11Z</time>
<extensions>
<tp1:TrackPointExtension>
<tp1:hr>160</tp1:hr>
</tp1:TrackPointExtension>
</extensions>
</trkpt>
<trkpt lat="59.11698882" lon="17.43173607">
<ele>76.1</ele>
<time>2026-09-20T10:23:12Z</time>
<extensions>
<tp1:TrackPointExtension>
<tp1:hr>161</tp1:hr>
</tp1:TrackPointExtension>
</extensions>
</trkpt>
<trkpt lat="59.11699503" lon="17.43177647">
<ele>76.3</ele>
<time>2026-09-20T10:23:13Z</time>
<extensions>
<tp1:TrackPointExtension>
<tp1:hr>161</tp1:hr>
</tp1:TrackPointExtension>
</extensions>
</trkpt>
<trkpt lat="59.11699436" lon="17.43180723">
<ele>76.5</ele>
<time>2026-09-20T10:23:14Z</time>
<extensions>
<tp1:TrackPointExtension>
<tp1:hr>161</tp1:hr>
</tp1:TrackPointExtension>
</extensions>
</trkpt>
<trkpt lat="59.11698539" lon="17.43182919">
<ele>76.7</ele>
<time>2026-09-20T10:23:15Z</time>
<extensions>
<tp1:TrackPointExtension>
<tp1:hr>161</tp1:hr>
</tp1:TrackPointExtension>
</extensions>
</trkpt>
<trkpt lat="59.11697441" lon="17.43186607">
<ele>76.7</ele>
<time>2026-09-20T10:23:16Z</time>
<extensions>
<tp1:TrackPointExtension>
<tp1:hr>161</tp1:hr>
</tp1:TrackPointExtension>
</extensions>
</trkpt>
<trkpt lat="59.11697097" lon="17.43189608">
<ele>76.9</ele>
<time>2026-09-20T10:23:17Z</time>
<extensions>
<tp1:TrackPointExtension>
<tp1:hr>161</tp1:hr>
</tp1:TrackPointExtension>
</extensions>
</trkpt>
<trkpt lat="59.11696007" lon="17.43194377">
<ele>76.9</ele>
<time>2026-09-20T10:23:18Z</time>
<extensions>
<tp1:TrackPointExtension>
<tp1:hr>161</tp1:hr>
</tp1:TrackPointExtension>
</extensions>
</trkpt>
<trkpt lat="59.11693493" lon="17.43199842">
<ele>76.9</ele>
<time>2026-09-20T10:23:19Z</time>
<extensions>
<tp1:TrackPointExtension>
<tp1:hr>161</tp1:hr>
</tp1:TrackPointExtension>
</extensions>
</trkpt>
<trkpt lat="59.11691347" lon="17.43200865">
<ele>77.1</ele>
<time>2026-09-20T10:23:20Z</time>
<extensions>
<tp1:TrackPointExtension>
<tp1:hr>161</tp1:hr>
</tp1:TrackPointExtension>
</extensions>
</trkpt>
<trkpt lat="59.11688657" lon="17.43202139">
<ele>77.3</ele>
<time>2026-09-20T10:23:21Z</time>
<extensions>
<tp1:TrackPointExtension>
<tp1:hr>161</tp1:hr>
</tp1:TrackPointExtension>
</extensions>
</trkpt>
<trkpt lat="59.11685874" lon="17.4320317">
<ele>77.5</ele>
<time>2026-09-20T10:23:22Z</time>
<extensions>
<tp1:TrackPointExtension>
<tp1:hr>161</tp1:hr>
</tp1:TrackPointExtension>
</extensions>
</trkpt>
<trkpt lat="59.11682915" lon="17.43204293">
<ele>77.5</ele>
<time>2026-09-20T10:23:23Z</time>
<extensions>
<tp1:TrackPointExtension>
<tp1:hr>161</tp1:hr>
</tp1:TrackPointExtension>
</extensions>
</trkpt>
<trkpt lat="59.11681172" lon="17.43206581">
<ele>77.7</ele>
<time>2026-09-20T10:23:24Z</time>
<extensions>
<tp1:TrackPointExtension>
<tp1:hr>161</tp1:hr>
</tp1:TrackPointExtension>
</extensions>
</trkpt>
<trkpt lat="59.11678087" lon="17.43208165">
<ele>77.9</ele>
<time>2026-09-20T10:23:25Z</time>
<extensions>
<tp1:TrackPointExtension>
<tp1:hr>161</tp1:hr>
</tp1:TrackPointExtension>
</extensions>
</trkpt>
<trkpt lat="59.1167486" lon="17.43207922">
<ele>77.9</ele>
<time>2026-09-20T10:23:26Z</time>
<extensions>
<tp1:TrackPointExtension>
<tp1:hr>160</tp1:hr>
</tp1:TrackPointExtension>
</extensions>
</trkpt>
<trkpt lat="59.11672614" lon="17.43209925">
<ele>78.1</ele>
<time>2026-09-20T10:23:27Z</time>
<extensions>
<tp1:TrackPointExtension>
<tp1:hr>160</tp1:hr>
</tp1:TrackPointExtension>
</extensions>
</trkpt>
<trkpt lat="59.11670686" lon="17.43212272">
<ele>78.1</ele>
<time>2026-09-20T10:23:28Z</time>
<extensions>
<tp1:TrackPointExtension>
<tp1:hr>160</tp1:hr>
</tp1:TrackPointExtension>
</extensions>
</trkpt>
<trkpt lat="59.11667987" lon="17.43216195">
<ele>78.3</ele>
<time>2026-09-20T10:23:29Z</time>
<extensions>
<tp1:TrackPointExtension>
<tp1:hr>160</tp1:hr>
</tp1:TrackPointExtension>
</extensions>
</trkpt>
<trkpt lat="59.11665824" lon="17.43219707">
<ele>78.1</ele>
<time>2026-09-20T10:23:30Z</time>
<extensions>
<tp1:TrackPointExtension>
<tp1:hr>160</tp1:hr>
</tp1:TrackPointExtension>
</extensions>
</trkpt>
<trkpt lat="59.11663142" lon="17.43224083">
<ele>78.1</ele>
<time>2026-09-20T10:23:31Z</time>
<extensions>
<tp1:TrackPointExtension>
<tp1:hr>160</tp1:hr>
</tp1:TrackPointExtension>
</extensions>
</trkpt>
<trkpt lat="59.11661147" lon="17.43227578">
<ele>77.9</ele>
<time>2026-09-20T10:23:32Z</time>
<extensions>
<tp1:TrackPointExtension>
<tp1:hr>161</tp1:hr>
</tp1:TrackPointExtension>
</extensions>
</trkpt>
<trkpt lat="59.11658691" lon="17.43231718">
<ele>77.7</ele>
<time>2026-09-20T10:23:33Z</time>
<extensions>
<tp1:TrackPointExtension>
<tp1:hr>161</tp1:hr>
</tp1:TrackPointExtension>
</extensions>
</trkpt>
<trkpt lat="59.11656361" lon="17.43236513">
<ele>77.3</ele>
<time>2026-09-20T10:23:34Z</time>
<extensions>
<tp1:TrackPointExtension>
<tp1:hr>161</tp1:hr>
</tp1:TrackPointExtension>
</extensions>
</trkpt>
<trkpt lat="59.11654173" lon="17.43239162">
<ele>77.1</ele>
<time>2026-09-20T10:23:35Z</time>
<extensions>
<tp1:TrackPointExtension>
<tp1:hr>162</tp1:hr>
</tp1:TrackPointExtension>
</extensions>
</trkpt>
<trkpt lat="59.1165165" lon="17.43242933">
<ele>76.9</ele>
<time>2026-09-20T10:23:36Z</time>
<extensions>
<tp1:TrackPointExtension>
<tp1:hr>162</tp1:hr>
</tp1:TrackPointExtension>
</extensions>
</trkpt>
<trkpt lat="59.11649354" lon="17.43245079">
<ele>76.9</ele>
<time>2026-09-20T10:23:37Z</time>
<extensions>
<tp1:TrackPointExtension>
<tp1:hr>162</tp1:hr>
</tp1:TrackPointExtension>
</extensions>
</trkpt>
<trkpt lat="59.11646211" lon="17.43247736">
<ele>76.9</ele>
<time>2026-09-20T10:23:38Z</time>
<extensions>
<tp1:TrackPointExtension>
<tp1:hr>162</tp1:hr>
</tp1:TrackPointExtension>
</extensions>
</trkpt>
<trkpt lat="59.11643595" lon="17.43250033">
<ele>76.7</ele>
<time>2026-09-20T10:23:39Z</time>
<extensions>
<tp1:TrackPointExtension>
<tp1:hr>161</tp1:hr>
</tp1:TrackPointExtension>
</extensions>
</trkpt>
<trkpt lat="59.11641341" lon="17.4325248">
<ele>76.7</ele>
<time>2026-09-20T10:23:40Z</time>
<extensions>
<tp1:TrackPointExtension>
<tp1:hr>161</tp1:hr>
</tp1:TrackPointExtension>
</extensions>
</trkpt>
<trkpt lat="59.11638114" lon="17.43256789">
<ele>76.7</ele>
<time>2026-09-20T10:23:41Z</time>
<extensions>
<tp1:TrackPointExtension>
<tp1:hr>161</tp1:hr>
</tp1:TrackPointExtension>
</extensions>
</trkpt>
<trkpt lat="59.11635532" lon="17.43258708">
<ele>76.7</ele>
<time>2026-09-20T10:23:42Z</time>
<extensions>
<tp1:TrackPointExtension>
<tp1:hr>161</tp1:hr>
</tp1:TrackPointExtension>
</extensions>
</trkpt>
<trkpt lat="59.11632909" lon="17.43260804">
<ele>76.9</ele>
<time>2026-09-20T10:23:43Z</time>
<extensions>
<tp1:TrackPointExtension>
<tp1:hr>161</tp1:hr>
</tp1:TrackPointExtension>
</extensions>
</trkpt>
<trkpt lat="59.1163057" lon="17.4326367">
<ele>76.9</ele>
<time>2026-09-20T10:23:44Z</time>
<extensions>
<tp1:TrackPointExtension>
<tp1:hr>161</tp1:hr>
</tp1:TrackPointExtension>
</extensions>
</trkpt>
<trkpt lat="59.11628533" lon="17.4326569">
<ele>76.9</ele>
<time>2026-09-20T10:23:45Z</time>
<extensions>
<tp1:TrackPointExtension>
<tp1:hr>161</tp1:hr>
</tp1:TrackPointExtension>
</extensions>
</trkpt>
<trkpt lat="59.11626664" lon="17.43268247">
<ele>76.9</ele>
<time>2026-09-20T10:23:46Z</time>
<extensions>
<tp1:TrackPointExtension>
<tp1:hr>161</tp1:hr>
</tp1:TrackPointExtension>
</extensions>
</trkpt>
<trkpt lat="59.11624426" lon="17.43269982">
<ele>76.9</ele>
<time>2026-09-20T10:23:47Z</time>
<extensions>
<tp1:TrackPointExtension>
<tp1:hr>161</tp1:hr>
</tp1:TrackPointExtension>
</extensions>
</trkpt>
<trkpt lat="59.11622565" lon="17.43271256">
<ele>76.9</ele>
<time>2026-09-20T10:23:48Z</time>
<extensions>
<tp1:TrackPointExtension>
<tp1:hr>160</tp1:hr>
</tp1:TrackPointExtension>
</extensions>
</trkpt>
<trkpt lat="59.11620252" lon="17.43272211">
<ele>76.9</ele>
<time>2026-09-20T10:23:49Z</time>
<extensions>
<tp1:TrackPointExtension>
<tp1:hr>160</tp1:hr>
</tp1:TrackPointExtension>
</extensions>
</trkpt>
<trkpt lat="59.11617997" lon="17.43271641">
<ele>77.1</ele>
<time>2026-09-20T10:23:50Z</time>
<extensions>
<tp1:TrackPointExtension>
<tp1:hr>160</tp1:hr>
</tp1:TrackPointExtension>
</extensions>
</trkpt>
<trkpt lat="59.11615667" lon="17.43271449">
<ele>77.1</ele>
<time>2026-09-20T10:23:51Z</time>
<extensions>
<tp1:TrackPointExtension>
<tp1:hr>161</tp1:hr>
</tp1:TrackPointExtension>
</extensions>
</trkpt>
<trkpt lat="59.11612859" lon="17.43271365">
<ele>77.3</ele>
<time>2026-09-20T10:23:52Z</time>
<extensions>
<tp1:TrackPointExtension>
<tp1:hr>160</tp1:hr>
</tp1:TrackPointExtension>
</extensions>
</trkpt>
<trkpt lat="59.11610093" lon="17.43272052">
<ele>77.3</ele>
<time>2026-09-20T10:23:53Z</time>
<extensions>
<tp1:TrackPointExtension>
<tp1:hr>160</tp1:hr>
</tp1:TrackPointExtension>
</extensions>
</trkpt>
<trkpt lat="59.1160809" lon="17.4327372">
<ele>77.3</ele>
<time>2026-09-20T10:23:54Z</time>
<extensions>
<tp1:TrackPointExtension>
<tp1:hr>160</tp1:hr>
</tp1:TrackPointExtension>
</extensions>
</trkpt>
<trkpt lat="59.11606162" lon="17.43276947">
<ele>77.3</ele>
<time>2026-09-20T10:23:55Z</time>
<extensions>
<tp1:TrackPointExtension>
<tp1:hr>160</tp1:hr>
</tp1:TrackPointExtension>
</extensions>
</trkpt>
<trkpt lat="59.1160389" lon="17.43281507">
<ele>77.3</ele>
<time>2026-09-20T10:23:56Z</time>
<extensions>
<tp1:TrackPointExtension>
<tp1:hr>160</tp1:hr>
</tp1:TrackPointExtension>
</extensions>
</trkpt>
<trkpt lat="59.1160125" lon="17.43283594">
<ele>77.5</ele>
<time>2026-09-20T10:23:57Z</time>
<extensions>
<tp1:TrackPointExtension>
<tp1:hr>160</tp1:hr>
</tp1:TrackPointExtension>
</extensions>
</trkpt>
<trkpt lat="59.11599641" lon="17.43285505">
<ele>77.5</ele>
<time>2026-09-20T10:23:58Z</time>
<extensions>
<tp1:TrackPointExtension>
<tp1:hr>160</tp1:hr>
</tp1:TrackPointExtension>
</extensions>
</trkpt>
<trkpt lat="59.11598283" lon="17.43288095">
<ele>77.7</ele>
<time>2026-09-20T10:23:59Z</time>
<extensions>
<tp1:TrackPointExtension>
<tp1:hr>160</tp1:hr>
</tp1:TrackPointExtension>
</extensions>
</trkpt>
<trkpt lat="59.11596891" lon="17.43291666">
<ele>77.9</ele>
<time>2026-09-20T10:24:00Z</time>
<extensions>
<tp1:TrackPointExtension>
<tp1:hr>160</tp1:hr>
</tp1:TrackPointExtension>
</extensions>
</trkpt>
<trkpt lat="59.11595148" lon="17.43295765">
<ele>77.9</ele>
<time>2026-09-20T10:24:01Z</time>
<extensions>
<tp1:TrackPointExtension>
<tp1:hr>160</tp1:hr>
</tp1:TrackPointExtension>
</extensions>
</trkpt>
<trkpt lat="59.11593162" lon="17.43298816">
<ele>78.1</ele>
<time>2026-09-20T10:24:02Z</time>
<extensions>
<tp1:TrackPointExtension>
<tp1:hr>160</tp1:hr>
</tp1:TrackPointExtension>
</extensions>
</trkpt>
<trkpt lat="59.11591091" lon="17.43301062">
<ele>78.1</ele>
<time>2026-09-20T10:24:03Z</time>
<extensions>
<tp1:TrackPointExtension>
<tp1:hr>160</tp1:hr>
</tp1:TrackPointExtension>
</extensions>
</trkpt>
<trkpt lat="59.11588577" lon="17.4330439">
<ele>78.1</ele>
<time>2026-09-20T10:24:04Z</time>
<extensions>
<tp1:TrackPointExtension>
<tp1:hr>160</tp1:hr>
</tp1:TrackPointExtension>
</extensions>
</trkpt>
<trkpt lat="59.11586464" lon="17.43306661">
<ele>78.1</ele>
<time>2026-09-20T10:24:05Z</time>
<extensions>
<tp1:TrackPointExtension>
<tp1:hr>160</tp1:hr>
</tp1:TrackPointExtension>
</extensions>
</trkpt>
<trkpt lat="59.11584679" lon="17.43309922">
<ele>78.3</ele>
<time>2026-09-20T10:24:06Z</time>
<extensions>
<tp1:TrackPointExtension>
<tp1:hr>161</tp1:hr>
</tp1:TrackPointExtension>
</extensions>
</trkpt>
<trkpt lat="59.1158307" lon="17.43314532">
<ele>78.5</ele>
<time>2026-09-20T10:24:07Z</time>
<extensions>
<tp1:TrackPointExtension>
<tp1:hr>161</tp1:hr>
</tp1:TrackPointExtension>
</extensions>
</trkpt>
<trkpt lat="59.1158146" lon="17.43318547">
<ele>78.6</ele>
<time>2026-09-20T10:24:08Z</time>
<extensions>
<tp1:TrackPointExtension>
<tp1:hr>161</tp1:hr>
</tp1:TrackPointExtension>
</extensions>
</trkpt>
<trkpt lat="59.1157996" lon="17.43321606">
<ele>78.8</ele>
<time>2026-09-20T10:24:09Z</time>
<extensions>
<tp1:TrackPointExtension>
<tp1:hr>161</tp1:hr>
</tp1:TrackPointExtension>
</extensions>
</trkpt>
<trkpt lat="59.11578979" lon="17.43325177">
<ele>78.8</ele>
<time>2026-09-20T10:24:10Z</time>
<extensions>
<tp1:TrackPointExtension>
<tp1:hr>160</tp1:hr>
</tp1:TrackPointExtension>
</extensions>
</trkpt>
<trkpt lat="59.11577387" lon="17.43328462">
<ele>79.0</ele>
<time>2026-09-20T10:24:11Z</time>
<extensions>
<tp1:TrackPointExtension>
<tp1:hr>160</tp1:hr>
</tp1:TrackPointExtension>
</extensions>
</trkpt>
<trkpt lat="59.11575727" lon="17.43330977">
<ele>79.0</ele>
<time>2026-09-20T10:24:12Z</time>
<extensions>
<tp1:TrackPointExtension>
<tp1:hr>160</tp1:hr>
</tp1:TrackPointExtension>
</extensions>
</trkpt>
<trkpt lat="59.11573892" lon="17.43333559">
<ele>79.2</ele>
<time>2026-09-20T10:24:13Z</time>
<extensions>
<tp1:TrackPointExtension>
<tp1:hr>160</tp1:hr>
</tp1:TrackPointExtension>
</extensions>
</trkpt>
<trkpt lat="59.11572232" lon="17.43336249">
<ele>79.4</ele>
<time>2026-09-20T10:24:14Z</time>
<extensions>
<tp1:TrackPointExtension>
<tp1:hr>161</tp1:hr>
</tp1:TrackPointExtension>
</extensions>
</trkpt>
<trkpt lat="59.11570136" lon="17.43337926">
<ele>79.6</ele>
<time>2026-09-20T10:24:15Z</time>
<extensions>
<tp1:TrackPointExtension>
<tp1:hr>160</tp1:hr>
</tp1:TrackPointExtension>
</extensions>
</trkpt>
<trkpt lat="59.11567857" lon="17.43339853">
<ele>79.6</ele>
<time>2026-09-20T10:24:16Z</time>
<extensions>
<tp1:TrackPointExtension>
<tp1:hr>160</tp1:hr>
</tp1:TrackPointExtension>
</extensions>
</trkpt>
<trkpt lat="59.11566138" lon="17.43342661">
<ele>79.6</ele>
<time>2026-09-20T10:24:17Z</time>
<extensions>
<tp1:TrackPointExtension>
<tp1:hr>161</tp1:hr>
</tp1:TrackPointExtension>
</extensions>
</trkpt>
<trkpt lat="59.11564512" lon="17.433465">
<ele>79.6</ele>
<time>2026-09-20T10:24:18Z</time>
<extensions>
<tp1:TrackPointExtension>
<tp1:hr>160</tp1:hr>
</tp1:TrackPointExtension>
</extensions>
</trkpt>
<trkpt lat="59.11562928" lon="17.43350985">
<ele>79.8</ele>
<time>2026-09-20T10:24:19Z</time>
<extensions>
<tp1:TrackPointExtension>
<tp1:hr>160</tp1:hr>
</tp1:TrackPointExtension>
</extensions>
</trkpt>
<trkpt lat="59.11561763" lon="17.43356106">
<ele>79.8</ele>
<time>2026-09-20T10:24:20Z</time>
<extensions>
<tp1:TrackPointExtension>
<tp1:hr>160</tp1:hr>
</tp1:TrackPointExtension>
</extensions>
</trkpt>
<trkpt lat="59.11560874" lon="17.43361663">
<ele>79.8</ele>
<time>2026-09-20T10:24:21Z</time>
<extensions>
<tp1:TrackPointExtension>
<tp1:hr>160</tp1:hr>
</tp1:TrackPointExtension>
</extensions>
</trkpt>
<trkpt lat="59.11560606" lon="17.43368025">
<ele>80.0</ele>
<time>2026-09-20T10:24:22Z</time>
<extensions>
<tp1:TrackPointExtension>
<tp1:hr>160</tp1:hr>
</tp1:TrackPointExtension>
</extensions>
</trkpt>
<trkpt lat="59.11559734" lon="17.43375636">
<ele>80.0</ele>
<time>2026-09-20T10:24:23Z</time>
<extensions>
<tp1:TrackPointExtension>
<tp1:hr>160</tp1:hr>
</tp1:TrackPointExtension>
</extensions>
</trkpt>
<trkpt lat="59.11559885" lon="17.43380355">
<ele>80.0</ele>
<time>2026-09-20T10:24:24Z</time>
<extensions>
<tp1:TrackPointExtension>
<tp1:hr>160</tp1:hr>
</tp1:TrackPointExtension>
</extensions>
</trkpt>
<trkpt lat="59.11559609" lon="17.43387194">
<ele>79.6</ele>
<time>2026-09-20T10:24:25Z</time>
<extensions>
<tp1:TrackPointExtension>
<tp1:hr>161</tp1:hr>
</tp1:TrackPointExtension>
</extensions>
</trkpt>
<trkpt lat="59.11559374" lon="17.43393498">
<ele>79.4</ele>
<time>2026-09-20T10:24:26Z</time>
<extensions>
<tp1:TrackPointExtension>
<tp1:hr>161</tp1:hr>
</tp1:TrackPointExtension>
</extensions>
</trkpt>
<trkpt lat="59.11560179" lon="17.43399826">
<ele>79.2</ele>
<time>2026-09-20T10:24:27Z</time>
<extensions>
<tp1:TrackPointExtension>
<tp1:hr>161</tp1:hr>
</tp1:TrackPointExtension>
</extensions>
</trkpt>
<trkpt lat="59.11560237" lon="17.43405601">
<ele>79.0</ele>
<time>2026-09-20T10:24:28Z</time>
<extensions>
<tp1:TrackPointExtension>
<tp1:hr>162</tp1:hr>
</tp1:TrackPointExtension>
</extensions>
</trkpt>
<trkpt lat="59.11559835" lon="17.43414385">
<ele>78.8</ele>
<time>2026-09-20T10:24:29Z</time>
<extensions>
<tp1:TrackPointExtension>
<tp1:hr>162</tp1:hr>
</tp1:TrackPointExtension>
</extensions>
</trkpt>
<trkpt lat="59.11560087" lon="17.43419792">
<ele>78.8</ele>
<time>2026-09-20T10:24:30Z</time>
<extensions>
<tp1:TrackPointExtension>
<tp1:hr>162</tp1:hr>
</tp1:TrackPointExtension>
</extensions>
</trkpt>
<trkpt lat="59.11560145" lon="17.43425818">
<ele>78.6</ele>
<time>2026-09-20T10:24:31Z</time>
<extensions>
<tp1:TrackPointExtension>
<tp1:hr>161</tp1:hr>
</tp1:TrackPointExtension>
</extensions>
</trkpt>
<trkpt lat="59.1156064" lon="17.43433865">
<ele>78.6</ele>
<time>2026-09-20T10:24:32Z</time>
<extensions>
<tp1:TrackPointExtension>
<tp1:hr>162</tp1:hr>
</tp1:TrackPointExtension>
</extensions>
</trkpt>
<trkpt lat="59.11562123" lon="17.43438056">
<ele>78.6</ele>
<time>2026-09-20T10:24:33Z</time>
<extensions>
<tp1:TrackPointExtension>
<tp1:hr>162</tp1:hr>
</tp1:TrackPointExtension>
</extensions>
</trkpt>
<trkpt lat="59.11562819" lon="17.43444208">
<ele>78.8</ele>
<time>2026-09-20T10:24:34Z</time>
<extensions>
<tp1:TrackPointExtension>
<tp1:hr>162</tp1:hr>
</tp1:TrackPointExtension>
</extensions>
</trkpt>
<trkpt lat="59.11563548" lon="17.43449908">
<ele>78.8</ele>
<time>2026-09-20T10:24:35Z</time>
<extensions>
<tp1:TrackPointExtension>
<tp1:hr>162</tp1:hr>
</tp1:TrackPointExtension>
</extensions>
</trkpt>
<trkpt lat="59.11565267" lon="17.43454384">
<ele>79.0</ele>
<time>2026-09-20T10:24:36Z</time>
<extensions>
<tp1:TrackPointExtension>
<tp1:hr>162</tp1:hr>
</tp1:TrackPointExtension>
</extensions>
</trkpt>
<trkpt lat="59.11566641" lon="17.43458298">
<ele>78.8</ele>
<time>2026-09-20T10:24:37Z</time>
<extensions>
<tp1:TrackPointExtension>
<tp1:hr>162</tp1:hr>
</tp1:TrackPointExtension>
</extensions>
</trkpt>
<trkpt lat="59.11568116" lon="17.43462439">
<ele>78.6</ele>
<time>2026-09-20T10:24:38Z</time>
<extensions>
<tp1:TrackPointExtension>
<tp1:hr>162</tp1:hr>
</tp1:TrackPointExtension>
</extensions>
</trkpt>
<trkpt lat="59.1156903" lon="17.43466722">
<ele>78.2</ele>
<time>2026-09-20T10:24:39Z</time>
<extensions>
<tp1:TrackPointExtension>
<tp1:hr>161</tp1:hr>
</tp1:TrackPointExtension>
</extensions>
</trkpt>
<trkpt lat="59.11569634" lon="17.43470938">
<ele>78.2</ele>
<time>2026-09-20T10:24:40Z</time>
<extensions>
<tp1:TrackPointExtension>
<tp1:hr>161</tp1:hr>
</tp1:TrackPointExtension>
</extensions>
</trkpt>
<trkpt lat="59.11569248" lon="17.43475162">
<ele>78.0</ele>
<time>2026-09-20T10:24:41Z</time>
<extensions>
<tp1:TrackPointExtension>
<tp1:hr>161</tp1:hr>
</tp1:TrackPointExtension>
</extensions>
</trkpt>
<trkpt lat="59.11568192" lon="17.43481793">
<ele>78.0</ele>
<time>2026-09-20T10:24:42Z</time>
<extensions>
<tp1:TrackPointExtension>
<tp1:hr>161</tp1:hr>
</tp1:TrackPointExtension>
</extensions>
</trkpt>
<trkpt lat="59.11567689" lon="17.43487232">
<ele>78.2</ele>
<time>2026-09-20T10:24:43Z</time>
<extensions>
<tp1:TrackPointExtension>
<tp1:hr>161</tp1:hr>
</tp1:TrackPointExtension>
</extensions>
</trkpt>
<trkpt lat="59.11568284" lon="17.434917">
<ele>78.2</ele>
<time>2026-09-20T10:24:44Z</time>
<extensions>
<tp1:TrackPointExtension>
<tp1:hr>161</tp1:hr>
</tp1:TrackPointExtension>
</extensions>
</trkpt>
<trkpt lat="59.11568653" lon="17.4349667">
<ele>78.2</ele>
<time>2026-09-20T10:24:45Z</time>
<extensions>
<tp1:TrackPointExtension>
<tp1:hr>161</tp1:hr>
</tp1:TrackPointExtension>
</extensions>
</trkpt>
<trkpt lat="59.11568896" lon="17.43503032">
<ele>78.2</ele>
<time>2026-09-20T10:24:46Z</time>
<extensions>
<tp1:TrackPointExtension>
<tp1:hr>160</tp1:hr>
</tp1:TrackPointExtension>
</extensions>
</trkpt>
<trkpt lat="59.1156939" lon="17.43508724">
<ele>78.2</ele>
<time>2026-09-20T10:24:47Z</time>
<extensions>
<tp1:TrackPointExtension>
<tp1:hr>160</tp1:hr>
</tp1:TrackPointExtension>
</extensions>
</trkpt>
<trkpt lat="59.11569525" lon="17.43513669">
<ele>78.2</ele>
<time>2026-09-20T10:24:48Z</time>
<extensions>
<tp1:TrackPointExtension>
<tp1:hr>160</tp1:hr>
</tp1:TrackPointExtension>
</extensions>
</trkpt>
<trkpt lat="59.1156898" lon="17.43519494">
<ele>78.2</ele>
<time>2026-09-20T10:24:49Z</time>
<extensions>
<tp1:TrackPointExtension>
<tp1:hr>160</tp1:hr>
</tp1:TrackPointExtension>
</extensions>
</trkpt>
<trkpt lat="59.11568385" lon="17.43524473">
<ele>78.0</ele>
<time>2026-09-20T10:24:50Z</time>
<extensions>
<tp1:TrackPointExtension>
<tp1:hr>160</tp1:hr>
</tp1:TrackPointExtension>
</extensions>
</trkpt>
<trkpt lat="59.11567362" lon="17.43529544">
<ele>77.6</ele>
<time>2026-09-20T10:24:51Z</time>
<extensions>
<tp1:TrackPointExtension>
<tp1:hr>160</tp1:hr>
</tp1:TrackPointExtension>
</extensions>
</trkpt>
<trkpt lat="59.1156623" lon="17.43534632">
<ele>77.4</ele>
<time>2026-09-20T10:24:52Z</time>
<extensions>
<tp1:TrackPointExtension>
<tp1:hr>160</tp1:hr>
</tp1:TrackPointExtension>
</extensions>
</trkpt>
<trkpt lat="59.1156468" lon="17.43541706">
<ele>76.4</ele>
<time>2026-09-20T10:24:53Z</time>
<extensions>
<tp1:TrackPointExtension>
<tp1:hr>159</tp1:hr>
</tp1:TrackPointExtension>
</extensions>
</trkpt>
<trkpt lat="59.11563506" lon="17.43548253">
<ele>75.8</ele>
<time>2026-09-20T10:24:54Z</time>
<extensions>
<tp1:TrackPointExtension>
<tp1:hr>159</tp1:hr>
</tp1:TrackPointExtension>
</extensions>
</trkpt>
<trkpt lat="59.11562081" lon="17.4355583">
<ele>75.2</ele>
<time>2026-09-20T10:24:55Z</time>
<extensions>
<tp1:TrackPointExtension>
<tp1:hr>159</tp1:hr>
</tp1:TrackPointExtension>
</extensions>
</trkpt>
<trkpt lat="59.11560698" lon="17.43562108">
<ele>74.8</ele>
<time>2026-09-20T10:24:56Z</time>
<extensions>
<tp1:TrackPointExtension>
<tp1:hr>159</tp1:hr>
</tp1:TrackPointExtension>
</extensions>
</trkpt>
<trkpt lat="59.11559994" lon="17.43566584">
<ele>74.8</ele>
<time>2026-09-20T10:24:57Z</time>
<extensions>
<tp1:TrackPointExtension>
<tp1:hr>159</tp1:hr>
</tp1:TrackPointExtension>
</extensions>
</trkpt>
<trkpt lat="59.11559307" lon="17.43570708">
<ele>74.8</ele>
<time>2026-09-20T10:24:58Z</time>
<extensions>
<tp1:TrackPointExtension>
<tp1:hr>160</tp1:hr>
</tp1:TrackPointExtension>
</extensions>
</trkpt>
<trkpt lat="59.11558402" lon="17.43574438">
<ele>75.0</ele>
<time>2026-09-20T10:24:59Z</time>
<extensions>
<tp1:TrackPointExtension>
<tp1:hr>160</tp1:hr>
</tp1:TrackPointExtension>
</extensions>
</trkpt>
<trkpt lat="59.11556843" lon="17.43579769">
<ele>75.0</ele>
<time>2026-09-20T10:25:00Z</time>
<extensions>
<tp1:TrackPointExtension>
<tp1:hr>159</tp1:hr>
</tp1:TrackPointExtension>
</extensions>
</trkpt>
<trkpt lat="59.11555829" lon="17.43583591">
<ele>75.2</ele>
<time>2026-09-20T10:25:01Z</time>
<extensions>
<tp1:TrackPointExtension>
<tp1:hr>159</tp1:hr>
</tp1:TrackPointExtension>
</extensions>
</trkpt>
<trkpt lat="59.11554798" lon="17.43587807">
<ele>75.2</ele>
<time>2026-09-20T10:25:02Z</time>
<extensions>
<tp1:TrackPointExtension>
<tp1:hr>159</tp1:hr>
</tp1:TrackPointExtension>
</extensions>
</trkpt>
<trkpt lat="59.11553616" lon="17.43591914">
<ele>75.4</ele>
<time>2026-09-20T10:25:03Z</time>
<extensions>
<tp1:TrackPointExtension>
<tp1:hr>159</tp1:hr>
</tp1:TrackPointExtension>
</extensions>
</trkpt>
<trkpt lat="59.11552048" lon="17.43597873">
<ele>75.4</ele>
<time>2026-09-20T10:25:04Z</time>
<extensions>
<tp1:TrackPointExtension>
<tp1:hr>159</tp1:hr>
</tp1:TrackPointExtension>
</extensions>
</trkpt>
<trkpt lat="59.11551646" lon="17.4360219">
<ele>75.2</ele>
<time>2026-09-20T10:25:05Z</time>
<extensions>
<tp1:TrackPointExtension>
<tp1:hr>158</tp1:hr>
</tp1:TrackPointExtension>
</extensions>
</trkpt>
<trkpt lat="59.11550674" lon="17.43608678">
<ele>75.2</ele>
<time>2026-09-20T10:25:06Z</time>
<extensions>
<tp1:TrackPointExtension>
<tp1:hr>158</tp1:hr>
</tp1:TrackPointExtension>
</extensions>
</trkpt>
<trkpt lat="59.11549835" lon="17.43616456">
<ele>75.4</ele>
<time>2026-09-20T10:25:07Z</time>
<extensions>
<tp1:TrackPointExtension>
<tp1:hr>158</tp1:hr>
</tp1:TrackPointExtension>
</extensions>
</trkpt>
<trkpt lat="59.11549752" lon="17.43621603">
<ele>75.4</ele>
<time>2026-09-20T10:25:08Z</time>
<extensions>
<tp1:TrackPointExtension>
<tp1:hr>158</tp1:hr>
</tp1:TrackPointExtension>
</extensions>
</trkpt>
<trkpt lat="59.11550154" lon="17.43628107">
<ele>75.4</ele>
<time>2026-09-20T10:25:09Z</time>
<extensions>
<tp1:TrackPointExtension>
<tp1:hr>158</tp1:hr>
</tp1:TrackPointExtension>
</extensions>
</trkpt>
<trkpt lat="59.11550866" lon="17.43635676">
<ele>75.6</ele>
<time>2026-09-20T10:25:10Z</time>
<extensions>
<tp1:TrackPointExtension>
<tp1:hr>159</tp1:hr>
</tp1:TrackPointExtension>
</extensions>
</trkpt>
<trkpt lat="59.11551629" lon="17.43641359">
<ele>75.6</ele>
<time>2026-09-20T10:25:11Z</time>
<extensions>
<tp1:TrackPointExtension>
<tp1:hr>158</tp1:hr>
</tp1:TrackPointExtension>
</extensions>
</trkpt>
<trkpt lat="59.11552476" lon="17.43647863">
<ele>75.8</ele>
<time>2026-09-20T10:25:12Z</time>
<extensions>
<tp1:TrackPointExtension>
<tp1:hr>158</tp1:hr>
</tp1:TrackPointExtension>
</extensions>
</trkpt>
<trkpt lat="59.11553423" lon="17.43654225">
<ele>76.0</ele>
<time>2026-09-20T10:25:13Z</time>
<extensions>
<tp1:TrackPointExtension>
<tp1:hr>158</tp1:hr>
</tp1:TrackPointExtension>
</extensions>
</trkpt>
<trkpt lat="59.1155442" lon="17.43658483">
<ele>76.2</ele>
<time>2026-09-20T10:25:14Z</time>
<extensions>
<tp1:TrackPointExtension>
<tp1:hr>158</tp1:hr>
</tp1:TrackPointExtension>
</extensions>
</trkpt>
<trkpt lat="59.11555493" lon="17.43664342">
<ele>76.2</ele>
<time>2026-09-20T10:25:15Z</time>
<extensions>
<tp1:TrackPointExtension>
<tp1:hr>158</tp1:hr>
</tp1:TrackPointExtension>
</extensions>
</trkpt>
<trkpt lat="59.11556172" lon="17.43671265">
<ele>76.4</ele>
<time>2026-09-20T10:25:16Z</time>
<extensions>
<tp1:TrackPointExtension>
<tp1:hr>159</tp1:hr>
</tp1:TrackPointExtension>
</extensions>
</trkpt>
<trkpt lat="59.11556801" lon="17.4367637">
<ele>76.5</ele>
<time>2026-09-20T10:25:17Z</time>
<extensions>
<tp1:TrackPointExtension>
<tp1:hr>158</tp1:hr>
</tp1:TrackPointExtension>
</extensions>
</trkpt>
<trkpt lat="59.11557103" lon="17.43682036">
<ele>76.9</ele>
<time>2026-09-20T10:25:18Z</time>
<extensions>
<tp1:TrackPointExtension>
<tp1:hr>158</tp1:hr>
</tp1:TrackPointExtension>
</extensions>
</trkpt>
<trkpt lat="59.11556968" lon="17.4368901">
<ele>77.1</ele>
<time>2026-09-20T10:25:19Z</time>
<extensions>
<tp1:TrackPointExtension>
<tp1:hr>159</tp1:hr>
</tp1:TrackPointExtension>
</extensions>
</trkpt>
<trkpt lat="59.11557253" lon="17.43694676">
<ele>77.5</ele>
<time>2026-09-20T10:25:20Z</time>
<extensions>
<tp1:TrackPointExtension>
<tp1:hr>159</tp1:hr>
</tp1:TrackPointExtension>
</extensions>
</trkpt>
<trkpt lat="59.11557178" lon="17.4369937">
<ele>77.7</ele>
<time>2026-09-20T10:25:21Z</time>
<extensions>
<tp1:TrackPointExtension>
<tp1:hr>159</tp1:hr>
</tp1:TrackPointExtension>
</extensions>
</trkpt>
<trkpt lat="59.11557103" lon="17.43705237">
<ele>77.9</ele>
<time>2026-09-20T10:25:22Z</time>
<extensions>
<tp1:TrackPointExtension>
<tp1:hr>160</tp1:hr>
</tp1:TrackPointExtension>
</extensions>
</trkpt>
<trkpt lat="59.11557656" lon="17.43711255">
<ele>78.1</ele>
<time>2026-09-20T10:25:23Z</time>
<extensions>
<tp1:TrackPointExtension>
<tp1:hr>160</tp1:hr>
</tp1:TrackPointExtension>
</extensions>
</trkpt>
<trkpt lat="59.11558544" lon="17.43715824">
<ele>78.1</ele>
<time>2026-09-20T10:25:24Z</time>
<extensions>
<tp1:TrackPointExtension>
<tp1:hr>160</tp1:hr>
</tp1:TrackPointExtension>
</extensions>
</trkpt>
<trkpt lat="59.1155893" lon="17.43722127">
<ele>78.3</ele>
<time>2026-09-20T10:25:25Z</time>
<extensions>
<tp1:TrackPointExtension>
<tp1:hr>160</tp1:hr>
</tp1:TrackPointExtension>
</extensions>
</trkpt>
<trkpt lat="59.11558829" lon="17.43728011">
<ele>78.3</ele>
<time>2026-09-20T10:25:26Z</time>
<extensions>
<tp1:TrackPointExtension>
<tp1:hr>160</tp1:hr>
</tp1:TrackPointExtension>
</extensions>
</trkpt>
<trkpt lat="59.11558494" lon="17.43734239">
<ele>78.5</ele>
<time>2026-09-20T10:25:27Z</time>
<extensions>
<tp1:TrackPointExtension>
<tp1:hr>161</tp1:hr>
</tp1:TrackPointExtension>
</extensions>
</trkpt>
<trkpt lat="59.11558259" lon="17.43738505">
<ele>78.5</ele>
<time>2026-09-20T10:25:28Z</time>
<extensions>
<tp1:TrackPointExtension>
<tp1:hr>161</tp1:hr>
</tp1:TrackPointExtension>
</extensions>
</trkpt>
<trkpt lat="59.11558888" lon="17.43743828">
<ele>78.5</ele>
<time>2026-09-20T10:25:29Z</time>
<extensions>
<tp1:TrackPointExtension>
<tp1:hr>162</tp1:hr>
</tp1:TrackPointExtension>
</extensions>
</trkpt>
<trkpt lat="59.11559064" lon="17.43751103">
<ele>78.3</ele>
<time>2026-09-20T10:25:30Z</time>
<extensions>
<tp1:TrackPointExtension>
<tp1:hr>162</tp1:hr>
</tp1:TrackPointExtension>
</extensions>
</trkpt>
<trkpt lat="59.11559592" lon="17.43756174">
<ele>78.5</ele>
<time>2026-09-20T10:25:31Z</time>
<extensions>
<tp1:TrackPointExtension>
<tp1:hr>162</tp1:hr>
</tp1:TrackPointExtension>
</extensions>
</trkpt>
<trkpt lat="59.11560221" lon="17.4376386">
<ele>78.5</ele>
<time>2026-09-20T10:25:32Z</time>
<extensions>
<tp1:TrackPointExtension>
<tp1:hr>162</tp1:hr>
</tp1:TrackPointExtension>
</extensions>
</trkpt>
<trkpt lat="59.11560849" lon="17.43769451">
<ele>78.5</ele>
<time>2026-09-20T10:25:33Z</time>
<extensions>
<tp1:TrackPointExtension>
<tp1:hr>162</tp1:hr>
</tp1:TrackPointExtension>
</extensions>
</trkpt>
<trkpt lat="59.11561109" lon="17.43775813">
<ele>78.7</ele>
<time>2026-09-20T10:25:34Z</time>
<extensions>
<tp1:TrackPointExtension>
<tp1:hr>161</tp1:hr>
</tp1:TrackPointExtension>
</extensions>
</trkpt>
<trkpt lat="59.11561361" lon="17.43779744">
<ele>78.9</ele>
<time>2026-09-20T10:25:35Z</time>
<extensions>
<tp1:TrackPointExtension>
<tp1:hr>161</tp1:hr>
</tp1:TrackPointExtension>
</extensions>
</trkpt>
<trkpt lat="59.11562266" lon="17.43786257">
<ele>78.9</ele>
<time>2026-09-20T10:25:36Z</time>
<extensions>
<tp1:TrackPointExtension>
<tp1:hr>160</tp1:hr>
</tp1:TrackPointExtension>
</extensions>
</trkpt>
<trkpt lat="59.1156297" lon="17.43793239">
<ele>79.1</ele>
<time>2026-09-20T10:25:37Z</time>
<extensions>
<tp1:TrackPointExtension>
<tp1:hr>160</tp1:hr>
</tp1:TrackPointExtension>
</extensions>
</trkpt>
<trkpt lat="59.11563632" lon="17.43796483">
<ele>79.1</ele>
<time>2026-09-20T10:25:38Z</time>
<extensions>
<tp1:TrackPointExtension>
<tp1:hr>160</tp1:hr>
</tp1:TrackPointExtension>
</extensions>
</trkpt>
<trkpt lat="59.11564093" lon="17.43803205">
<ele>79.3</ele>
<time>2026-09-20T10:25:39Z</time>
<extensions>
<tp1:TrackPointExtension>
<tp1:hr>161</tp1:hr>
</tp1:TrackPointExtension>
</extensions>
</trkpt>
<trkpt lat="59.11564353" lon="17.43809701">
<ele>79.7</ele>
<time>2026-09-20T10:25:40Z</time>
<extensions>
<tp1:TrackPointExtension>
<tp1:hr>161</tp1:hr>
</tp1:TrackPointExtension>
</extensions>
</trkpt>
<trkpt lat="59.11565493" lon="17.43814755">
<ele>79.9</ele>
<time>2026-09-20T10:25:41Z</time>
<extensions>
<tp1:TrackPointExtension>
<tp1:hr>161</tp1:hr>
</tp1:TrackPointExtension>
</extensions>
</trkpt>
<trkpt lat="59.11566289" lon="17.43820891">
<ele>80.1</ele>
<time>2026-09-20T10:25:42Z</time>
<extensions>
<tp1:TrackPointExtension>
<tp1:hr>160</tp1:hr>
</tp1:TrackPointExtension>
</extensions>
</trkpt>
<trkpt lat="59.1156608" lon="17.4382768">
<ele>80.3</ele>
<time>2026-09-20T10:25:43Z</time>
<extensions>
<tp1:TrackPointExtension>
<tp1:hr>160</tp1:hr>
</tp1:TrackPointExtension>
</extensions>
</trkpt>
<trkpt lat="59.11566591" lon="17.43832164">
<ele>80.5</ele>
<time>2026-09-20T10:25:44Z</time>
<extensions>
<tp1:TrackPointExtension>
<tp1:hr>160</tp1:hr>
</tp1:TrackPointExtension>
</extensions>
</trkpt>
<trkpt lat="59.11567152" lon="17.43836339">
<ele>80.3</ele>
<time>2026-09-20T10:25:45Z</time>
<extensions>
<tp1:TrackPointExtension>
<tp1:hr>160</tp1:hr>
</tp1:TrackPointExtension>
</extensions>
</trkpt>
<trkpt lat="59.11566599" lon="17.43841644">
<ele>80.5</ele>
<time>2026-09-20T10:25:46Z</time>
<extensions>
<tp1:TrackPointExtension>
<tp1:hr>161</tp1:hr>
</tp1:TrackPointExtension>
</extensions>
</trkpt>
<trkpt lat="59.11564487" lon="17.43847235">
<ele>80.5</ele>
<time>2026-09-20T10:25:47Z</time>
<extensions>
<tp1:TrackPointExtension>
<tp1:hr>161</tp1:hr>
</tp1:TrackPointExtension>
</extensions>
</trkpt>
<trkpt lat="59.11562752" lon="17.4385125">
<ele>80.5</ele>
<time>2026-09-20T10:25:48Z</time>
<extensions>
<tp1:TrackPointExtension>
<tp1:hr>161</tp1:hr>
</tp1:TrackPointExtension>
</extensions>
</trkpt>
<trkpt lat="59.11561168" lon="17.43856455">
<ele>80.5</ele>
<time>2026-09-20T10:25:49Z</time>
<extensions>
<tp1:TrackPointExtension>
<tp1:hr>161</tp1:hr>
</tp1:TrackPointExtension>
</extensions>
</trkpt>
<trkpt lat="59.11559475" lon="17.43862339">
<ele>80.5</ele>
<time>2026-09-20T10:25:50Z</time>
<extensions>
<tp1:TrackPointExtension>
<tp1:hr>161</tp1:hr>
</tp1:TrackPointExtension>
</extensions>
</trkpt>
<trkpt lat="59.11558511" lon="17.43869397">
<ele>80.5</ele>
<time>2026-09-20T10:25:51Z</time>
<extensions>
<tp1:TrackPointExtension>
<tp1:hr>160</tp1:hr>
</tp1:TrackPointExtension>
</extensions>
</trkpt>
<trkpt lat="59.11557773" lon="17.43873403">
<ele>80.3</ele>
<time>2026-09-20T10:25:52Z</time>
<extensions>
<tp1:TrackPointExtension>
<tp1:hr>159</tp1:hr>
</tp1:TrackPointExtension>
</extensions>
</trkpt>
<trkpt lat="59.11556155" lon="17.43879941">
<ele>80.3</ele>
<time>2026-09-20T10:25:53Z</time>
<extensions>
<tp1:TrackPointExtension>
<tp1:hr>159</tp1:hr>
</tp1:TrackPointExtension>
</extensions>
</trkpt>
<trkpt lat="59.11554546" lon="17.43885951">
<ele>80.1</ele>
<time>2026-09-20T10:25:54Z</time>
<extensions>
<tp1:TrackPointExtension>
<tp1:hr>159</tp1:hr>
</tp1:TrackPointExtension>
</extensions>
</trkpt>
<trkpt lat="59.1155328" lon="17.43892489">
<ele>80.1</ele>
<time>2026-09-20T10:25:55Z</time>
<extensions>
<tp1:TrackPointExtension>
<tp1:hr>159</tp1:hr>
</tp1:TrackPointExtension>
</extensions>
</trkpt>
<trkpt lat="59.11552191" lon="17.43899111">
<ele>79.9</ele>
<time>2026-09-20T10:25:56Z</time>
<extensions>
<tp1:TrackPointExtension>
<tp1:hr>160</tp1:hr>
</tp1:TrackPointExtension>
</extensions>
</trkpt>
<trkpt lat="59.11551671" lon="17.43907006">
<ele>79.7</ele>
<time>2026-09-20T10:25:57Z</time>
<extensions>
<tp1:TrackPointExtension>
<tp1:hr>160</tp1:hr>
</tp1:TrackPointExtension>
</extensions>
</trkpt>
<trkpt lat="59.11550313" lon="17.43913444">
<ele>79.5</ele>
<time>2026-09-20T10:25:58Z</time>
<extensions>
<tp1:TrackPointExtension>
<tp1:hr>161</tp1:hr>
</tp1:TrackPointExtension>
</extensions>
</trkpt>
<trkpt lat="59.11549609" lon="17.43919521">
<ele>79.5</ele>
<time>2026-09-20T10:25:59Z</time>
<extensions>
<tp1:TrackPointExtension>
<tp1:hr>161</tp1:hr>
</tp1:TrackPointExtension>
</extensions>
</trkpt>
<trkpt lat="59.11549022" lon="17.43925774">
<ele>79.5</ele>
<time>2026-09-20T10:26:00Z</time>
<extensions>
<tp1:TrackPointExtension>
<tp1:hr>161</tp1:hr>
</tp1:TrackPointExtension>
</extensions>
</trkpt>
<trkpt lat="59.11548059" lon="17.43932412">
<ele>79.5</ele>
<time>2026-09-20T10:26:01Z</time>
<extensions>
<tp1:TrackPointExtension>
<tp1:hr>160</tp1:hr>
</tp1:TrackPointExtension>
</extensions>
</trkpt>
<trkpt lat="59.115481" lon="17.43937785">
<ele>79.7</ele>
<time>2026-09-20T10:26:02Z</time>
<extensions>
<tp1:TrackPointExtension>
<tp1:hr>161</tp1:hr>
</tp1:TrackPointExtension>
</extensions>
</trkpt>
<trkpt lat="59.11547572" lon="17.43942948">
<ele>79.7</ele>
<time>2026-09-20T10:26:03Z</time>
<extensions>
<tp1:TrackPointExtension>
<tp1:hr>161</tp1:hr>
</tp1:TrackPointExtension>
</extensions>
</trkpt>
<trkpt lat="59.11547656" lon="17.43949821">
<ele>79.7</ele>
<time>2026-09-20T10:26:04Z</time>
<extensions>
<tp1:TrackPointExtension>
<tp1:hr>161</tp1:hr>
</tp1:TrackPointExtension>
</extensions>
</trkpt>
<trkpt lat="59.11548184" lon="17.43957767">
<ele>79.7</ele>
<time>2026-09-20T10:26:05Z</time>
<extensions>
<tp1:TrackPointExtension>
<tp1:hr>161</tp1:hr>
</tp1:TrackPointExtension>
</extensions>
</trkpt>
<trkpt lat="59.11548628" lon="17.439619">
<ele>79.9</ele>
<time>2026-09-20T10:26:06Z</time>
<extensions>
<tp1:TrackPointExtension>
<tp1:hr>161</tp1:hr>
</tp1:TrackPointExtension>
</extensions>
</trkpt>
<trkpt lat="59.11547874" lon="17.43967557">
<ele>80.1</ele>
<time>2026-09-20T10:26:07Z</time>
<extensions>
<tp1:TrackPointExtension>
<tp1:hr>160</tp1:hr>
</tp1:TrackPointExtension>
</extensions>
</trkpt>
<trkpt lat="59.11546634" lon="17.43974271">
<ele>80.5</ele>
<time>2026-09-20T10:26:08Z</time>
<extensions>
<tp1:TrackPointExtension>
<tp1:hr>161</tp1:hr>
</tp1:TrackPointExtension>
</extensions>
</trkpt>
<trkpt lat="59.11547036" lon="17.43977808">
<ele>80.9</ele>
<time>2026-09-20T10:26:09Z</time>
<extensions>
<tp1:TrackPointExtension>
<tp1:hr>161</tp1:hr>
</tp1:TrackPointExtension>
</extensions>
</trkpt>
<trkpt lat="59.11547975" lon="17.43983215">
<ele>81.3</ele>
<time>2026-09-20T10:26:10Z</time>
<extensions>
<tp1:TrackPointExtension>
<tp1:hr>161</tp1:hr>
</tp1:TrackPointExtension>
</extensions>
</trkpt>
<trkpt lat="59.11548687" lon="17.43989007">
<ele>81.7</ele>
<time>2026-09-20T10:26:11Z</time>
<extensions>
<tp1:TrackPointExtension>
<tp1:hr>161</tp1:hr>
</tp1:TrackPointExtension>
</extensions>
</trkpt>
<trkpt lat="59.11549509" lon="17.43993977">
<ele>81.9</ele>
<time>2026-09-20T10:26:12Z</time>
<extensions>
<tp1:TrackPointExtension>
<tp1:hr>161</tp1:hr>
</tp1:TrackPointExtension>
</extensions>
</trkpt>
<trkpt lat="59.11550598" lon="17.43997154">
<ele>82.1</ele>
<time>2026-09-20T10:26:13Z</time>
<extensions>
<tp1:TrackPointExtension>
<tp1:hr>161</tp1:hr>
</tp1:TrackPointExtension>
</extensions>
</trkpt>
<trkpt lat="59.11552543" lon="17.44003021">
<ele>82.1</ele>
<time>2026-09-20T10:26:14Z</time>
<extensions>
<tp1:TrackPointExtension>
<tp1:hr>161</tp1:hr>
</tp1:TrackPointExtension>
</extensions>
</trkpt>
<trkpt lat="59.11553197" lon="17.44008863">
<ele>82.3</ele>
<time>2026-09-20T10:26:15Z</time>
<extensions>
<tp1:TrackPointExtension>
<tp1:hr>161</tp1:hr>
</tp1:TrackPointExtension>
</extensions>
</trkpt>
<trkpt lat="59.11553985" lon="17.44012887">
<ele>82.3</ele>
<time>2026-09-20T10:26:16Z</time>
<extensions>
<tp1:TrackPointExtension>
<tp1:hr>161</tp1:hr>
</tp1:TrackPointExtension>
</extensions>
</trkpt>
<trkpt lat="59.11554948" lon="17.44018586">
<ele>82.3</ele>
<time>2026-09-20T10:26:17Z</time>
<extensions>
<tp1:TrackPointExtension>
<tp1:hr>161</tp1:hr>
</tp1:TrackPointExtension>
</extensions>
</trkpt>
<trkpt lat="59.11556013" lon="17.44024076">
<ele>82.5</ele>
<time>2026-09-20T10:26:18Z</time>
<extensions>
<tp1:TrackPointExtension>
<tp1:hr>162</tp1:hr>
</tp1:TrackPointExtension>
</extensions>
</trkpt>
<trkpt lat="59.11556407" lon="17.44028469">
<ele>82.5</ele>
<time>2026-09-20T10:26:19Z</time>
<extensions>
<tp1:TrackPointExtension>
<tp1:hr>162</tp1:hr>
</tp1:TrackPointExtension>
</extensions>
</trkpt>
<trkpt lat="59.11555292" lon="17.44035828">
<ele>82.5</ele>
<time>2026-09-20T10:26:20Z</time>
<extensions>
<tp1:TrackPointExtension>
<tp1:hr>162</tp1:hr>
</tp1:TrackPointExtension>
</extensions>
</trkpt>
<trkpt lat="59.11554144" lon="17.44042743">
<ele>82.7</ele>
<time>2026-09-20T10:26:21Z</time>
<extensions>
<tp1:TrackPointExtension>
<tp1:hr>162</tp1:hr>
</tp1:TrackPointExtension>
</extensions>
</trkpt>
<trkpt lat="59.11554035" lon="17.44048141">
<ele>82.7</ele>
<time>2026-09-20T10:26:22Z</time>
<extensions>
<tp1:TrackPointExtension>
<tp1:hr>162</tp1:hr>
</tp1:TrackPointExtension>
</extensions>
</trkpt>
<trkpt lat="59.11553884" lon="17.44052608">
<ele>82.7</ele>
<time>2026-09-20T10:26:23Z</time>
<extensions>
<tp1:TrackPointExtension>
<tp1:hr>162</tp1:hr>
</tp1:TrackPointExtension>
</extensions>
</trkpt>
<trkpt lat="59.11553565" lon="17.44058149">
<ele>82.9</ele>
<time>2026-09-20T10:26:24Z</time>
<extensions>
<tp1:TrackPointExtension>
<tp1:hr>163</tp1:hr>
</tp1:TrackPointExtension>
</extensions>
</trkpt>
<trkpt lat="59.11554253" lon="17.4406524">
<ele>82.9</ele>
<time>2026-09-20T10:26:25Z</time>
<extensions>
<tp1:TrackPointExtension>
<tp1:hr>163</tp1:hr>
</tp1:TrackPointExtension>
</extensions>
</trkpt>
<trkpt lat="59.11554689" lon="17.44070387">
<ele>82.7</ele>
<time>2026-09-20T10:26:26Z</time>
<extensions>
<tp1:TrackPointExtension>
<tp1:hr>163</tp1:hr>
</tp1:TrackPointExtension>
</extensions>
</trkpt>
<trkpt lat="59.11555594" lon="17.44075365">
<ele>82.6</ele>
<time>2026-09-20T10:26:27Z</time>
<extensions>
<tp1:TrackPointExtension>
<tp1:hr>163</tp1:hr>
</tp1:TrackPointExtension>
</extensions>
</trkpt>
<trkpt lat="59.11556164" lon="17.44078727">
<ele>82.6</ele>
<time>2026-09-20T10:26:28Z</time>
<extensions>
<tp1:TrackPointExtension>
<tp1:hr>164</tp1:hr>
</tp1:TrackPointExtension>
</extensions>
</trkpt>
<trkpt lat="59.11555527" lon="17.44083496">
<ele>82.8</ele>
<time>2026-09-20T10:26:29Z</time>
<extensions>
<tp1:TrackPointExtension>
<tp1:hr>164</tp1:hr>
</tp1:TrackPointExtension>
</extensions>
</trkpt>
<trkpt lat="59.11555083" lon="17.4408819">
<ele>82.8</ele>
<time>2026-09-20T10:26:30Z</time>
<extensions>
<tp1:TrackPointExtension>
<tp1:hr>163</tp1:hr>
</tp1:TrackPointExtension>
</extensions>
</trkpt>
<trkpt lat="59.115553" lon="17.44091827">
<ele>83.0</ele>
<time>2026-09-20T10:26:31Z</time>
<extensions>
<tp1:TrackPointExtension>
<tp1:hr>163</tp1:hr>
</tp1:TrackPointExtension>
</extensions>
</trkpt>
<trkpt lat="59.11554999" lon="17.44096865">
<ele>82.8</ele>
<time>2026-09-20T10:26:32Z</time>
<extensions>
<tp1:TrackPointExtension>
<tp1:hr>164</tp1:hr>
</tp1:TrackPointExtension>
</extensions>
</trkpt>
<trkpt lat="59.11554328" lon="17.44103512">
<ele>82.6</ele>
<time>2026-09-20T10:26:33Z</time>
<extensions>
<tp1:TrackPointExtension>
<tp1:hr>164</tp1:hr>
</tp1:TrackPointExtension>
</extensions>
</trkpt>
<trkpt lat="59.11554831" lon="17.44109773">
<ele>82.4</ele>
<time>2026-09-20T10:26:34Z</time>
<extensions>
<tp1:TrackPointExtension>
<tp1:hr>164</tp1:hr>
</tp1:TrackPointExtension>
</extensions>
</trkpt>
<trkpt lat="59.11555535" lon="17.44115179">
<ele>82.2</ele>
<time>2026-09-20T10:26:35Z</time>
<extensions>
<tp1:TrackPointExtension>
<tp1:hr>164</tp1:hr>
</tp1:TrackPointExtension>
</extensions>
</trkpt>
<trkpt lat="59.11556373" lon="17.44121248">
<ele>81.8</ele>
<time>2026-09-20T10:26:36Z</time>
<extensions>
<tp1:TrackPointExtension>
<tp1:hr>163</tp1:hr>
</tp1:TrackPointExtension>
</extensions>
</trkpt>
<trkpt lat="59.11557379" lon="17.44127358">
<ele>81.4</ele>
<time>2026-09-20T10:26:37Z</time>
<extensions>
<tp1:TrackPointExtension>
<tp1:hr>163</tp1:hr>
</tp1:TrackPointExtension>
</extensions>
</trkpt>
<trkpt lat="59.11558083" lon="17.44132455">
<ele>81.2</ele>
<time>2026-09-20T10:26:38Z</time>
<extensions>
<tp1:TrackPointExtension>
<tp1:hr>163</tp1:hr>
</tp1:TrackPointExtension>
</extensions>
</trkpt>
<trkpt lat="59.11557907" lon="17.44138892">
<ele>80.8</ele>
<time>2026-09-20T10:26:39Z</time>
<extensions>
<tp1:TrackPointExtension>
<tp1:hr>164</tp1:hr>
</tp1:TrackPointExtension>
</extensions>
</trkpt>
<trkpt lat="59.11557262" lon="17.44145807">
<ele>80.6</ele>
<time>2026-09-20T10:26:40Z</time>
<extensions>
<tp1:TrackPointExtension>
<tp1:hr>163</tp1:hr>
</tp1:TrackPointExtension>
</extensions>
</trkpt>
<trkpt lat="59.11557555" lon="17.44151725">
<ele>80.0</ele>
<time>2026-09-20T10:26:41Z</time>
<extensions>
<tp1:TrackPointExtension>
<tp1:hr>163</tp1:hr>
</tp1:TrackPointExtension>
</extensions>
</trkpt>
<trkpt lat="59.11556499" lon="17.44157801">
<ele>79.6</ele>
<time>2026-09-20T10:26:42Z</time>
<extensions>
<tp1:TrackPointExtension>
<tp1:hr>163</tp1:hr>
</tp1:TrackPointExtension>
</extensions>
</trkpt>
<trkpt lat="59.11555996" lon="17.44164775">
<ele>79.4</ele>
<time>2026-09-20T10:26:43Z</time>
<extensions>
<tp1:TrackPointExtension>
<tp1:hr>163</tp1:hr>
</tp1:TrackPointExtension>
</extensions>
</trkpt>
<trkpt lat="59.11556155" lon="17.44170592">
<ele>79.2</ele>
<time>2026-09-20T10:26:44Z</time>
<extensions>
<tp1:TrackPointExtension>
<tp1:hr>163</tp1:hr>
</tp1:TrackPointExtension>
</extensions>
</trkpt>
<trkpt lat="59.11556507" lon="17.44177767">
<ele>78.8</ele>
<time>2026-09-20T10:26:45Z</time>
<extensions>
<tp1:TrackPointExtension>
<tp1:hr>163</tp1:hr>
</tp1:TrackPointExtension>
</extensions>
</trkpt>
<trkpt lat="59.11556759" lon="17.44185235">
<ele>78.6</ele>
<time>2026-09-20T10:26:46Z</time>
<extensions>
<tp1:TrackPointExtension>
<tp1:hr>163</tp1:hr>
</tp1:TrackPointExtension>
</extensions>
</trkpt>
<trkpt lat="59.11558016" lon="17.44191279">
<ele>78.6</ele>
<time>2026-09-20T10:26:47Z</time>
<extensions>
<tp1:TrackPointExtension>
<tp1:hr>162</tp1:hr>
</tp1:TrackPointExtension>
</extensions>
</trkpt>
<trkpt lat="59.11558184" lon="17.44197297">
<ele>78.6</ele>
<time>2026-09-20T10:26:48Z</time>
<extensions>
<tp1:TrackPointExtension>
<tp1:hr>163</tp1:hr>
</tp1:TrackPointExtension>
</extensions>
</trkpt>
<trkpt lat="59.1155789" lon="17.44205712">
<ele>78.6</ele>
<time>2026-09-20T10:26:49Z</time>
<extensions>
<tp1:TrackPointExtension>
<tp1:hr>162</tp1:hr>
</tp1:TrackPointExtension>
</extensions>
</trkpt>
<trkpt lat="59.11557714" lon="17.44211739">
<ele>78.6</ele>
<time>2026-09-20T10:26:50Z</time>
<extensions>
<tp1:TrackPointExtension>
<tp1:hr>162</tp1:hr>
</tp1:TrackPointExtension>
</extensions>
</trkpt>
<trkpt lat="59.11557664" lon="17.44216114">
<ele>78.6</ele>
<time>2026-09-20T10:26:51Z</time>
<extensions>
<tp1:TrackPointExtension>
<tp1:hr>162</tp1:hr>
</tp1:TrackPointExtension>
</extensions>
</trkpt>
<trkpt lat="59.11557161" lon="17.4422256">
<ele>78.8</ele>
<time>2026-09-20T10:26:52Z</time>
<extensions>
<tp1:TrackPointExtension>
<tp1:hr>162</tp1:hr>
</tp1:TrackPointExtension>
</extensions>
</trkpt>
<trkpt lat="59.11556717" lon="17.44230204">
<ele>78.6</ele>
<time>2026-09-20T10:26:53Z</time>
<extensions>
<tp1:TrackPointExtension>
<tp1:hr>162</tp1:hr>
</tp1:TrackPointExtension>
</extensions>
</trkpt>
<trkpt lat="59.11555116" lon="17.44236575">
<ele>78.6</ele>
<time>2026-09-20T10:26:54Z</time>
<extensions>
<tp1:TrackPointExtension>
<tp1:hr>163</tp1:hr>
</tp1:TrackPointExtension>
</extensions>
</trkpt>
<trkpt lat="59.11554261" lon="17.44241386">
<ele>78.8</ele>
<time>2026-09-20T10:26:55Z</time>
<extensions>
<tp1:TrackPointExtension>
<tp1:hr>162</tp1:hr>
</tp1:TrackPointExtension>
</extensions>
</trkpt>
<trkpt lat="59.11552551" lon="17.44245107">
<ele>79.0</ele>
<time>2026-09-20T10:26:56Z</time>
<extensions>
<tp1:TrackPointExtension>
<tp1:hr>162</tp1:hr>
</tp1:TrackPointExtension>
</extensions>
</trkpt>
<trkpt lat="59.11551562" lon="17.44248728">
<ele>79.2</ele>
<time>2026-09-20T10:26:57Z</time>
<extensions>
<tp1:TrackPointExtension>
<tp1:hr>162</tp1:hr>
</tp1:TrackPointExtension>
</extensions>
</trkpt>
<trkpt lat="59.11550665" lon="17.44253372">
<ele>79.2</ele>
<time>2026-09-20T10:26:58Z</time>
<extensions>
<tp1:TrackPointExtension>
<tp1:hr>162</tp1:hr>
</tp1:TrackPointExtension>
</extensions>
</trkpt>
<trkpt lat="59.11549643" lon="17.4425877">
<ele>79.4</ele>
<time>2026-09-20T10:26:59Z</time>
<extensions>
<tp1:TrackPointExtension>
<tp1:hr>161</tp1:hr>
</tp1:TrackPointExtension>
</extensions>
</trkpt>
<trkpt lat="59.11549391" lon="17.44262676">
<ele>79.4</ele>
<time>2026-09-20T10:27:00Z</time>
<extensions>
<tp1:TrackPointExtension>
<tp1:hr>161</tp1:hr>
</tp1:TrackPointExtension>
</extensions>
</trkpt>
<trkpt lat="59.11548545" lon="17.44268023">
<ele>79.4</ele>
<time>2026-09-20T10:27:01Z</time>
<extensions>
<tp1:TrackPointExtension>
<tp1:hr>161</tp1:hr>
</tp1:TrackPointExtension>
</extensions>
</trkpt>
<trkpt lat="59.11548159" lon="17.44272935">
<ele>79.4</ele>
<time>2026-09-20T10:27:02Z</time>
<extensions>
<tp1:TrackPointExtension>
<tp1:hr>161</tp1:hr>
</tp1:TrackPointExtension>
</extensions>
</trkpt>
<trkpt lat="59.11548126" lon="17.44277964">
<ele>79.4</ele>
<time>2026-09-20T10:27:03Z</time>
<extensions>
<tp1:TrackPointExtension>
<tp1:hr>160</tp1:hr>
</tp1:TrackPointExtension>
</extensions>
</trkpt>
<trkpt lat="59.11548821" lon="17.44284469">
<ele>79.2</ele>
<time>2026-09-20T10:27:04Z</time>
<extensions>
<tp1:TrackPointExtension>
<tp1:hr>160</tp1:hr>
</tp1:TrackPointExtension>
</extensions>
</trkpt>
<trkpt lat="59.11549944" lon="17.44288274">
<ele>79.0</ele>
<time>2026-09-20T10:27:05Z</time>
<extensions>
<tp1:TrackPointExtension>
<tp1:hr>160</tp1:hr>
</tp1:TrackPointExtension>
</extensions>
</trkpt>
<trkpt lat="59.11550556" lon="17.44294653">
<ele>78.6</ele>
<time>2026-09-20T10:27:06Z</time>
<extensions>
<tp1:TrackPointExtension>
<tp1:hr>160</tp1:hr>
</tp1:TrackPointExtension>
</extensions>
</trkpt>
<trkpt lat="59.11550104" lon="17.4430254">
<ele>78.6</ele>
<time>2026-09-20T10:27:07Z</time>
<extensions>
<tp1:TrackPointExtension>
<tp1:hr>160</tp1:hr>
</tp1:TrackPointExtension>
</extensions>
</trkpt>
<trkpt lat="59.11549835" lon="17.4430834">
<ele>78.4</ele>
<time>2026-09-20T10:27:08Z</time>
<extensions>
<tp1:TrackPointExtension>
<tp1:hr>160</tp1:hr>
</tp1:TrackPointExtension>
</extensions>
</trkpt>
<trkpt lat="59.11550229" lon="17.44313034">
<ele>78.2</ele>
<time>2026-09-20T10:27:09Z</time>
<extensions>
<tp1:TrackPointExtension>
<tp1:hr>160</tp1:hr>
</tp1:TrackPointExtension>
</extensions>
</trkpt>
<trkpt lat="59.11550397" lon="17.44317904">
<ele>78.2</ele>
<time>2026-09-20T10:27:10Z</time>
<extensions>
<tp1:TrackPointExtension>
<tp1:hr>161</tp1:hr>
</tp1:TrackPointExtension>
</extensions>
</trkpt>
<trkpt lat="59.11549601" lon="17.44325079">
<ele>78.0</ele>
<time>2026-09-20T10:27:11Z</time>
<extensions>
<tp1:TrackPointExtension>
<tp1:hr>160</tp1:hr>
</tp1:TrackPointExtension>
</extensions>
</trkpt>
<trkpt lat="59.11549131" lon="17.44330469">
<ele>77.8</ele>
<time>2026-09-20T10:27:12Z</time>
<extensions>
<tp1:TrackPointExtension>
<tp1:hr>161</tp1:hr>
</tp1:TrackPointExtension>
</extensions>
</trkpt>
<trkpt lat="59.11548662" lon="17.44334341">
<ele>77.8</ele>
<time>2026-09-20T10:27:13Z</time>
<extensions>
<tp1:TrackPointExtension>
<tp1:hr>161</tp1:hr>
</tp1:TrackPointExtension>
</extensions>
</trkpt>
<trkpt lat="59.11549098" lon="17.44339437">
<ele>77.6</ele>
<time>2026-09-20T10:27:14Z</time>
<extensions>
<tp1:TrackPointExtension>
<tp1:hr>161</tp1:hr>
</tp1:TrackPointExtension>
</extensions>
</trkpt>
<trkpt lat="59.11549022" lon="17.4434543">
<ele>77.6</ele>
<time>2026-09-20T10:27:15Z</time>
<extensions>
<tp1:TrackPointExtension>
<tp1:hr>160</tp1:hr>
</tp1:TrackPointExtension>
</extensions>
</trkpt>
<trkpt lat="59.11548486" lon="17.44351029">
<ele>77.8</ele>
<time>2026-09-20T10:27:16Z</time>
<extensions>
<tp1:TrackPointExtension>
<tp1:hr>160</tp1:hr>
</tp1:TrackPointExtension>
</extensions>
</trkpt>
<trkpt lat="59.11549056" lon="17.44353938">
<ele>78.0</ele>
<time>2026-09-20T10:27:17Z</time>
<extensions>
<tp1:TrackPointExtension>
<tp1:hr>160</tp1:hr>
</tp1:TrackPointExtension>
</extensions>
</trkpt>
<trkpt lat="59.11548997" lon="17.44358892">
<ele>78.0</ele>
<time>2026-09-20T10:27:18Z</time>
<extensions>
<tp1:TrackPointExtension>
<tp1:hr>160</tp1:hr>
</tp1:TrackPointExtension>
</extensions>
</trkpt>
<trkpt lat="59.11548712" lon="17.44365312">
<ele>78.0</ele>
<time>2026-09-20T10:27:19Z</time>
<extensions>
<tp1:TrackPointExtension>
<tp1:hr>160</tp1:hr>
</tp1:TrackPointExtension>
</extensions>
</trkpt>
<trkpt lat="59.11547799" lon="17.44370408">
<ele>78.0</ele>
<time>2026-09-20T10:27:20Z</time>
<extensions>
<tp1:TrackPointExtension>
<tp1:hr>161</tp1:hr>
</tp1:TrackPointExtension>
</extensions>
</trkpt>
<trkpt lat="59.11546835" lon="17.44374717">
<ele>77.8</ele>
<time>2026-09-20T10:27:21Z</time>
<extensions>
<tp1:TrackPointExtension>
<tp1:hr>160</tp1:hr>
</tp1:TrackPointExtension>
</extensions>
</trkpt>
<trkpt lat="59.1154598" lon="17.44378899">
<ele>77.4</ele>
<time>2026-09-20T10:27:22Z</time>
<extensions>
<tp1:TrackPointExtension>
<tp1:hr>160</tp1:hr>
</tp1:TrackPointExtension>
</extensions>
</trkpt>
<trkpt lat="59.11544597" lon="17.44383853">
<ele>77.0</ele>
<time>2026-09-20T10:27:23Z</time>
<extensions>
<tp1:TrackPointExtension>
<tp1:hr>161</tp1:hr>
</tp1:TrackPointExtension>
</extensions>
</trkpt>
<trkpt lat="59.11544312" lon="17.44386946">
<ele>76.6</ele>
<time>2026-09-20T10:27:24Z</time>
<extensions>
<tp1:TrackPointExtension>
<tp1:hr>161</tp1:hr>
</tp1:TrackPointExtension>
</extensions>
</trkpt>
<trkpt lat="59.11543742" lon="17.44390097">
<ele>76.4</ele>
<time>2026-09-20T10:27:25Z</time>
<extensions>
<tp1:TrackPointExtension>
<tp1:hr>161</tp1:hr>
</tp1:TrackPointExtension>
</extensions>
</trkpt>
<trkpt lat="59.11543038" lon="17.44387759">
<ele>76.4</ele>
<time>2026-09-20T10:27:26Z</time>
<extensions>
<tp1:TrackPointExtension>
<tp1:hr>161</tp1:hr>
</tp1:TrackPointExtension>
</extensions>
</trkpt>
<trkpt lat="59.11542309" lon="17.44383761">
<ele>76.4</ele>
<time>2026-09-20T10:27:27Z</time>
<extensions>
<tp1:TrackPointExtension>
<tp1:hr>162</tp1:hr>
</tp1:TrackPointExtension>
</extensions>
</trkpt>
<trkpt lat="59.11540976" lon="17.44380316">
<ele>76.4</ele>
<time>2026-09-20T10:27:28Z</time>
<extensions>
<tp1:TrackPointExtension>
<tp1:hr>161</tp1:hr>
</tp1:TrackPointExtension>
</extensions>
</trkpt>
<trkpt lat="59.11539115" lon="17.44377189">
<ele>76.6</ele>
<time>2026-09-20T10:27:29Z</time>
<extensions>
<tp1:TrackPointExtension>
<tp1:hr>160</tp1:hr>
</tp1:TrackPointExtension>
</extensions>
</trkpt>
<trkpt lat="59.11536911" lon="17.4437299">
<ele>76.8</ele>
<time>2026-09-20T10:27:30Z</time>
<extensions>
<tp1:TrackPointExtension>
<tp1:hr>160</tp1:hr>
</tp1:TrackPointExtension>
</extensions>
</trkpt>
<trkpt lat="59.11534622" lon="17.4436833">
<ele>76.8</ele>
<time>2026-09-20T10:27:31Z</time>
<extensions>
<tp1:TrackPointExtension>
<tp1:hr>159</tp1:hr>
</tp1:TrackPointExtension>
</extensions>
</trkpt>
<trkpt lat="59.11532527" lon="17.44362127">
<ele>76.8</ele>
<time>2026-09-20T10:27:32Z</time>
<extensions>
<tp1:TrackPointExtension>
<tp1:hr>159</tp1:hr>
</tp1:TrackPointExtension>
</extensions>
</trkpt>
<trkpt lat="59.1153049" lon="17.44358942">
<ele>76.6</ele>
<time>2026-09-20T10:27:33Z</time>
<extensions>
<tp1:TrackPointExtension>
<tp1:hr>159</tp1:hr>
</tp1:TrackPointExtension>
</extensions>
</trkpt>
<trkpt lat="59.11527967" lon="17.44353544">
<ele>76.6</ele>
<time>2026-09-20T10:27:34Z</time>
<extensions>
<tp1:TrackPointExtension>
<tp1:hr>158</tp1:hr>
</tp1:TrackPointExtension>
</extensions>
</trkpt>
<trkpt lat="59.11525763" lon="17.44351306">
<ele>76.6</ele>
<time>2026-09-20T10:27:35Z</time>
<extensions>
<tp1:TrackPointExtension>
<tp1:hr>159</tp1:hr>
</tp1:TrackPointExtension>
</extensions>
</trkpt>
<trkpt lat="59.11523843" lon="17.4434999">
<ele>76.5</ele>
<time>2026-09-20T10:27:36Z</time>
<extensions>
<tp1:TrackPointExtension>
<tp1:hr>159</tp1:hr>
</tp1:TrackPointExtension>
</extensions>
</trkpt>
<trkpt lat="59.11521144" lon="17.44350627">
<ele>76.5</ele>
<time>2026-09-20T10:27:37Z</time>
<extensions>
<tp1:TrackPointExtension>
<tp1:hr>159</tp1:hr>
</tp1:TrackPointExtension>
</extensions>
</trkpt>
<trkpt lat="59.1151749" lon="17.44349487">
<ele>76.5</ele>
<time>2026-09-20T10:27:38Z</time>
<extensions>
<tp1:TrackPointExtension>
<tp1:hr>160</tp1:hr>
</tp1:TrackPointExtension>
</extensions>
</trkpt>
<trkpt lat="59.11514414" lon="17.44347207">
<ele>76.5</ele>
<time>2026-09-20T10:27:39Z</time>
<extensions>
<tp1:TrackPointExtension>
<tp1:hr>160</tp1:hr>
</tp1:TrackPointExtension>
</extensions>
</trkpt>
<trkpt lat="59.11511044" lon="17.44344785">
<ele>76.3</ele>
<time>2026-09-20T10:27:40Z</time>
<extensions>
<tp1:TrackPointExtension>
<tp1:hr>160</tp1:hr>
</tp1:TrackPointExtension>
</extensions>
</trkpt>
<trkpt lat="59.11509066" lon="17.44341876">
<ele>75.3</ele>
<time>2026-09-20T10:27:41Z</time>
<extensions>
<tp1:TrackPointExtension>
<tp1:hr>160</tp1:hr>
</tp1:TrackPointExtension>
</extensions>
</trkpt>
<trkpt lat="59.11507063" lon="17.44335883">
<ele>74.5</ele>
<time>2026-09-20T10:27:42Z</time>
<extensions>
<tp1:TrackPointExtension>
<tp1:hr>160</tp1:hr>
</tp1:TrackPointExtension>
</extensions>
</trkpt>
<trkpt lat="59.11505898" lon="17.44329371">
<ele>74.3</ele>
<time>2026-09-20T10:27:43Z</time>
<extensions>
<tp1:TrackPointExtension>
<tp1:hr>159</tp1:hr>
</tp1:TrackPointExtension>
</extensions>
</trkpt>
<trkpt lat="59.11503701" lon="17.44326026">
<ele>73.9</ele>
<time>2026-09-20T10:27:44Z</time>
<extensions>
<tp1:TrackPointExtension>
<tp1:hr>160</tp1:hr>
</tp1:TrackPointExtension>
</extensions>
</trkpt>
<trkpt lat="59.11502168" lon="17.44321165">
<ele>73.9</ele>
<time>2026-09-20T10:27:45Z</time>
<extensions>
<tp1:TrackPointExtension>
<tp1:hr>160</tp1:hr>
</tp1:TrackPointExtension>
</extensions>
</trkpt>
<trkpt lat="59.11500391" lon="17.44317368">
<ele>74.3</ele>
<time>2026-09-20T10:27:46Z</time>
<extensions>
<tp1:TrackPointExtension>
<tp1:hr>160</tp1:hr>
</tp1:TrackPointExtension>
</extensions>
</trkpt>
<trkpt lat="59.11498672" lon="17.44315373">
<ele>74.7</ele>
<time>2026-09-20T10:27:47Z</time>
<extensions>
<tp1:TrackPointExtension>
<tp1:hr>159</tp1:hr>
</tp1:TrackPointExtension>
</extensions>
</trkpt>
<trkpt lat="59.1149687" lon="17.44312389">
<ele>75.3</ele>
<time>2026-09-20T10:27:48Z</time>
<extensions>
<tp1:TrackPointExtension>
<tp1:hr>158</tp1:hr>
</tp1:TrackPointExtension>
</extensions>
</trkpt>
<trkpt lat="59.11495269" lon="17.44307821">
<ele>75.7</ele>
<time>2026-09-20T10:27:49Z</time>
<extensions>
<tp1:TrackPointExtension>
<tp1:hr>158</tp1:hr>
</tp1:TrackPointExtension>
</extensions>
</trkpt>
<trkpt lat="59.11493476" lon="17.44302448">
<ele>75.7</ele>
<time>2026-09-20T10:27:50Z</time>
<extensions>
<tp1:TrackPointExtension>
<tp1:hr>157</tp1:hr>
</tp1:TrackPointExtension>
</extensions>
</trkpt>
<trkpt lat="59.1149159" lon="17.44299749">
<ele>75.7</ele>
<time>2026-09-20T10:27:51Z</time>
<extensions>
<tp1:TrackPointExtension>
<tp1:hr>157</tp1:hr>
</tp1:TrackPointExtension>
</extensions>
</trkpt>
<trkpt lat="59.1148972" lon="17.44296371">
<ele>75.5</ele>
<time>2026-09-20T10:27:52Z</time>
<extensions>
<tp1:TrackPointExtension>
<tp1:hr>157</tp1:hr>
</tp1:TrackPointExtension>
</extensions>
</trkpt>
<trkpt lat="59.11488187" lon="17.44291836">
<ele>75.1</ele>
<time>2026-09-20T10:27:53Z</time>
<extensions>
<tp1:TrackPointExtension>
<tp1:hr>157</tp1:hr>
</tp1:TrackPointExtension>
</extensions>
</trkpt>
<trkpt lat="59.11486351" lon="17.4428643">
<ele>74.9</ele>
<time>2026-09-20T10:27:54Z</time>
<extensions>
<tp1:TrackPointExtension>
<tp1:hr>157</tp1:hr>
</tp1:TrackPointExtension>
</extensions>
</trkpt>
<trkpt lat="59.11484356" lon="17.44282482">
<ele>74.7</ele>
<time>2026-09-20T10:27:55Z</time>
<extensions>
<tp1:TrackPointExtension>
<tp1:hr>157</tp1:hr>
</tp1:TrackPointExtension>
</extensions>
</trkpt>
<trkpt lat="59.1148211" lon="17.44276498">
<ele>74.7</ele>
<time>2026-09-20T10:27:56Z</time>
<extensions>
<tp1:TrackPointExtension>
<tp1:hr>157</tp1:hr>
</tp1:TrackPointExtension>
</extensions>
</trkpt>
<trkpt lat="59.11480031" lon="17.44270454">
<ele>74.7</ele>
<time>2026-09-20T10:27:57Z</time>
<extensions>
<tp1:TrackPointExtension>
<tp1:hr>157</tp1:hr>
</tp1:TrackPointExtension>
</extensions>
</trkpt>
<trkpt lat="59.11477659" lon="17.44266749">
<ele>74.5</ele>
<time>2026-09-20T10:27:58Z</time>
<extensions>
<tp1:TrackPointExtension>
<tp1:hr>157</tp1:hr>
</tp1:TrackPointExtension>
</extensions>
</trkpt>
<trkpt lat="59.11474088" lon="17.44261477">
<ele>74.5</ele>
<time>2026-09-20T10:27:59Z</time>
<extensions>
<tp1:TrackPointExtension>
<tp1:hr>157</tp1:hr>
</tp1:TrackPointExtension>
</extensions>
</trkpt>
<trkpt lat="59.11471339" lon="17.44259868">
<ele>74.5</ele>
<time>2026-09-20T10:28:00Z</time>
<extensions>
<tp1:TrackPointExtension>
<tp1:hr>157</tp1:hr>
</tp1:TrackPointExtension>
</extensions>
</trkpt>
<trkpt lat="59.11468573" lon="17.44260471">
<ele>74.7</ele>
<time>2026-09-20T10:28:01Z</time>
<extensions>
<tp1:TrackPointExtension>
<tp1:hr>157</tp1:hr>
</tp1:TrackPointExtension>
</extensions>
</trkpt>
<trkpt lat="59.11465497" lon="17.44259943">
<ele>75.1</ele>
<time>2026-09-20T10:28:02Z</time>
<extensions>
<tp1:TrackPointExtension>
<tp1:hr>158</tp1:hr>
</tp1:TrackPointExtension>
</extensions>
</trkpt>
<trkpt lat="59.11463083" lon="17.44259943">
<ele>75.7</ele>
<time>2026-09-20T10:28:03Z</time>
<extensions>
<tp1:TrackPointExtension>
<tp1:hr>158</tp1:hr>
</tp1:TrackPointExtension>
</extensions>
</trkpt>
<trkpt lat="59.11461909" lon="17.4426027">
<ele>76.5</ele>
<time>2026-09-20T10:28:04Z</time>
<extensions>
<tp1:TrackPointExtension>
<tp1:hr>158</tp1:hr>
</tp1:TrackPointExtension>
</extensions>
</trkpt>
<trkpt lat="59.11459001" lon="17.44260279">
<ele>77.3</ele>
<time>2026-09-20T10:28:05Z</time>
<extensions>
<tp1:TrackPointExtension>
<tp1:hr>158</tp1:hr>
</tp1:TrackPointExtension>
</extensions>
</trkpt>
<trkpt lat="59.11456352" lon="17.44260329">
<ele>77.9</ele>
<time>2026-09-20T10:28:06Z</time>
<extensions>
<tp1:TrackPointExtension>
<tp1:hr>158</tp1:hr>
</tp1:TrackPointExtension>
</extensions>
</trkpt>
<trkpt lat="59.11454877" lon="17.4425965">
<ele>78.9</ele>
<time>2026-09-20T10:28:07Z</time>
<extensions>
<tp1:TrackPointExtension>
<tp1:hr>158</tp1:hr>
</tp1:TrackPointExtension>
</extensions>
</trkpt>
<trkpt lat="59.11452739" lon="17.44258326">
<ele>79.7</ele>
<time>2026-09-20T10:28:08Z</time>
<extensions>
<tp1:TrackPointExtension>
<tp1:hr>158</tp1:hr>
</tp1:TrackPointExtension>
</extensions>
</trkpt>
<trkpt lat="59.11450342" lon="17.44257269">
<ele>80.1</ele>
<time>2026-09-20T10:28:09Z</time>
<extensions>
<tp1:TrackPointExtension>
<tp1:hr>158</tp1:hr>
</tp1:TrackPointExtension>
</extensions>
</trkpt>
<trkpt lat="59.11448188" lon="17.4425675">
<ele>80.5</ele>
<time>2026-09-20T10:28:10Z</time>
<extensions>
<tp1:TrackPointExtension>
<tp1:hr>159</tp1:hr>
</tp1:TrackPointExtension>
</extensions>
</trkpt>
<trkpt lat="59.11446931" lon="17.44256322">
<ele>80.7</ele>
<time>2026-09-20T10:28:11Z</time>
<extensions>
<tp1:TrackPointExtension>
<tp1:hr>160</tp1:hr>
</tp1:TrackPointExtension>
</extensions>
</trkpt>
<trkpt lat="59.1144502" lon="17.44255308">
<ele>80.9</ele>
<time>2026-09-20T10:28:12Z</time>
<extensions>
<tp1:TrackPointExtension>
<tp1:hr>160</tp1:hr>
</tp1:TrackPointExtension>
</extensions>
</trkpt>
<trkpt lat="59.11442815" lon="17.44255216">
<ele>80.9</ele>
<time>2026-09-20T10:28:13Z</time>
<extensions>
<tp1:TrackPointExtension>
<tp1:hr>161</tp1:hr>
</tp1:TrackPointExtension>
</extensions>
</trkpt>
<trkpt lat="59.11439865" lon="17.44255199">
<ele>80.9</ele>
<time>2026-09-20T10:28:14Z</time>
<extensions>
<tp1:TrackPointExtension>
<tp1:hr>162</tp1:hr>
</tp1:TrackPointExtension>
</extensions>
</trkpt>
<trkpt lat="59.11437451" lon="17.44255023">
<ele>80.9</ele>
<time>2026-09-20T10:28:15Z</time>
<extensions>
<tp1:TrackPointExtension>
<tp1:hr>162</tp1:hr>
</tp1:TrackPointExtension>
</extensions>
</trkpt>
<trkpt lat="59.11434785" lon="17.44253699">
<ele>80.9</ele>
<time>2026-09-20T10:28:16Z</time>
<extensions>
<tp1:TrackPointExtension>
<tp1:hr>163</tp1:hr>
</tp1:TrackPointExtension>
</extensions>
</trkpt>
<trkpt lat="59.11431843" lon="17.44251645">
<ele>80.7</ele>
<time>2026-09-20T10:28:17Z</time>
<extensions>
<tp1:TrackPointExtension>
<tp1:hr>163</tp1:hr>
</tp1:TrackPointExtension>
</extensions>
</trkpt>
<trkpt lat="59.11428734" lon="17.44250455">
<ele>80.7</ele>
<time>2026-09-20T10:28:18Z</time>
<extensions>
<tp1:TrackPointExtension>
<tp1:hr>164</tp1:hr>
</tp1:TrackPointExtension>
</extensions>
</trkpt>
<trkpt lat="59.11425683" lon="17.44250279">
<ele>80.7</ele>
<time>2026-09-20T10:28:19Z</time>
<extensions>
<tp1:TrackPointExtension>
<tp1:hr>164</tp1:hr>
</tp1:TrackPointExtension>
</extensions>
</trkpt>
<trkpt lat="59.1142295" lon="17.44250405">
<ele>80.9</ele>
<time>2026-09-20T10:28:20Z</time>
<extensions>
<tp1:TrackPointExtension>
<tp1:hr>165</tp1:hr>
</tp1:TrackPointExtension>
</extensions>
</trkpt>
<trkpt lat="59.11420695" lon="17.44251176">
<ele>80.9</ele>
<time>2026-09-20T10:28:21Z</time>
<extensions>
<tp1:TrackPointExtension>
<tp1:hr>164</tp1:hr>
</tp1:TrackPointExtension>
</extensions>
</trkpt>
<trkpt lat="59.11417988" lon="17.44253732">
<ele>81.1</ele>
<time>2026-09-20T10:28:22Z</time>
<extensions>
<tp1:TrackPointExtension>
<tp1:hr>164</tp1:hr>
</tp1:TrackPointExtension>
</extensions>
</trkpt>
<trkpt lat="59.11415616" lon="17.44256767">
<ele>81.3</ele>
<time>2026-09-20T10:28:23Z</time>
<extensions>
<tp1:TrackPointExtension>
<tp1:hr>165</tp1:hr>
</tp1:TrackPointExtension>
</extensions>
</trkpt>
<trkpt lat="59.11413739" lon="17.44259382">
<ele>81.3</ele>
<time>2026-09-20T10:28:24Z</time>
<extensions>
<tp1:TrackPointExtension>
<tp1:hr>165</tp1:hr>
</tp1:TrackPointExtension>
</extensions>
</trkpt>
<trkpt lat="59.11411433" lon="17.44262164">
<ele>81.3</ele>
<time>2026-09-20T10:28:25Z</time>
<extensions>
<tp1:TrackPointExtension>
<tp1:hr>165</tp1:hr>
</tp1:TrackPointExtension>
</extensions>
</trkpt>
<trkpt lat="59.11409489" lon="17.44264537">
<ele>81.3</ele>
<time>2026-09-20T10:28:26Z</time>
<extensions>
<tp1:TrackPointExtension>
<tp1:hr>164</tp1:hr>
</tp1:TrackPointExtension>
</extensions>
</trkpt>
<trkpt lat="59.11407025" lon="17.44266808">
<ele>81.3</ele>
<time>2026-09-20T10:28:27Z</time>
<extensions>
<tp1:TrackPointExtension>
<tp1:hr>164</tp1:hr>
</tp1:TrackPointExtension>
</extensions>
</trkpt>
<trkpt lat="59.1140368" lon="17.44268409">
<ele>81.3</ele>
<time>2026-09-20T10:28:28Z</time>
<extensions>
<tp1:TrackPointExtension>
<tp1:hr>164</tp1:hr>
</tp1:TrackPointExtension>
</extensions>
</trkpt>
<trkpt lat="59.11400386" lon="17.44266775">
<ele>81.3</ele>
<time>2026-09-20T10:28:29Z</time>
<extensions>
<tp1:TrackPointExtension>
<tp1:hr>164</tp1:hr>
</tp1:TrackPointExtension>
</extensions>
</trkpt>
<trkpt lat="59.11397159" lon="17.44265785">
<ele>81.3</ele>
<time>2026-09-20T10:28:30Z</time>
<extensions>
<tp1:TrackPointExtension>
<tp1:hr>163</tp1:hr>
</tp1:TrackPointExtension>
</extensions>
</trkpt>
<trkpt lat="59.11394552" lon="17.4426623">
<ele>81.1</ele>
<time>2026-09-20T10:28:31Z</time>
<extensions>
<tp1:TrackPointExtension>
<tp1:hr>164</tp1:hr>
</tp1:TrackPointExtension>
</extensions>
</trkpt>
<trkpt lat="59.11391267" lon="17.4426509">
<ele>80.9</ele>
<time>2026-09-20T10:28:32Z</time>
<extensions>
<tp1:TrackPointExtension>
<tp1:hr>164</tp1:hr>
</tp1:TrackPointExtension>
</extensions>
</trkpt>
<trkpt lat="59.11388132" lon="17.44263983">
<ele>80.7</ele>
<time>2026-09-20T10:28:33Z</time>
<extensions>
<tp1:TrackPointExtension>
<tp1:hr>164</tp1:hr>
</tp1:TrackPointExtension>
</extensions>
</trkpt>
<trkpt lat="59.11385517" lon="17.4426172">
<ele>80.7</ele>
<time>2026-09-20T10:28:34Z</time>
<extensions>
<tp1:TrackPointExtension>
<tp1:hr>163</tp1:hr>
</tp1:TrackPointExtension>
</extensions>
</trkpt>
<trkpt lat="59.11382985" lon="17.44259465">
<ele>80.9</ele>
<time>2026-09-20T10:28:35Z</time>
<extensions>
<tp1:TrackPointExtension>
<tp1:hr>164</tp1:hr>
</tp1:TrackPointExtension>
</extensions>
</trkpt>
<trkpt lat="59.11380907" lon="17.44257412">
<ele>81.1</ele>
<time>2026-09-20T10:28:36Z</time>
<extensions>
<tp1:TrackPointExtension>
<tp1:hr>163</tp1:hr>
</tp1:TrackPointExtension>
</extensions>
</trkpt>
<trkpt lat="59.11378426" lon="17.44254369">
<ele>81.1</ele>
<time>2026-09-20T10:28:37Z</time>
<extensions>
<tp1:TrackPointExtension>
<tp1:hr>163</tp1:hr>
</tp1:TrackPointExtension>
</extensions>
</trkpt>
<trkpt lat="59.11375668" lon="17.44251737">
<ele>81.5</ele>
<time>2026-09-20T10:28:38Z</time>
<extensions>
<tp1:TrackPointExtension>
<tp1:hr>163</tp1:hr>
</tp1:TrackPointExtension>
</extensions>
</trkpt>
<trkpt lat="59.11373053" lon="17.44249089">
<ele>81.5</ele>
<time>2026-09-20T10:28:39Z</time>
<extensions>
<tp1:TrackPointExtension>
<tp1:hr>163</tp1:hr>
</tp1:TrackPointExtension>
</extensions>
</trkpt>
<trkpt lat="59.11371049" lon="17.44246214">
<ele>81.5</ele>
<time>2026-09-20T10:28:40Z</time>
<extensions>
<tp1:TrackPointExtension>
<tp1:hr>163</tp1:hr>
</tp1:TrackPointExtension>
</extensions>
</trkpt>
<trkpt lat="59.11369264" lon="17.44242333">
<ele>81.1</ele>
<time>2026-09-20T10:28:41Z</time>
<extensions>
<tp1:TrackPointExtension>
<tp1:hr>162</tp1:hr>
</tp1:TrackPointExtension>
</extensions>
</trkpt>
<trkpt lat="59.11366272" lon="17.44239081">
<ele>80.9</ele>
<time>2026-09-20T10:28:42Z</time>
<extensions>
<tp1:TrackPointExtension>
<tp1:hr>162</tp1:hr>
</tp1:TrackPointExtension>
</extensions>
</trkpt>
<trkpt lat="59.11362533" lon="17.44235996">
<ele>80.3</ele>
<time>2026-09-20T10:28:43Z</time>
<extensions>
<tp1:TrackPointExtension>
<tp1:hr>162</tp1:hr>
</tp1:TrackPointExtension>
</extensions>
</trkpt>
<trkpt lat="59.11360119" lon="17.44234119">
<ele>79.5</ele>
<time>2026-09-20T10:28:44Z</time>
<extensions>
<tp1:TrackPointExtension>
<tp1:hr>162</tp1:hr>
</tp1:TrackPointExtension>
</extensions>
</trkpt>
<trkpt lat="59.11357437" lon="17.44233339">
<ele>78.9</ele>
<time>2026-09-20T10:28:45Z</time>
<extensions>
<tp1:TrackPointExtension>
<tp1:hr>162</tp1:hr>
</tp1:TrackPointExtension>
</extensions>
</trkpt>
<trkpt lat="59.11354856" lon="17.4423209">
<ele>78.0</ele>
<time>2026-09-20T10:28:46Z</time>
<extensions>
<tp1:TrackPointExtension>
<tp1:hr>163</tp1:hr>
</tp1:TrackPointExtension>
</extensions>
</trkpt>
<trkpt lat="59.11351838" lon="17.44231679">
<ele>77.2</ele>
<time>2026-09-20T10:28:47Z</time>
<extensions>
<tp1:TrackPointExtension>
<tp1:hr>164</tp1:hr>
</tp1:TrackPointExtension>
</extensions>
</trkpt>
<trkpt lat="59.11349583" lon="17.44231931">
<ele>76.8</ele>
<time>2026-09-20T10:28:48Z</time>
<extensions>
<tp1:TrackPointExtension>
<tp1:hr>164</tp1:hr>
</tp1:TrackPointExtension>
</extensions>
</trkpt>
<trkpt lat="59.11347044" lon="17.44231923">
<ele>76.6</ele>
<time>2026-09-20T10:28:49Z</time>
<extensions>
<tp1:TrackPointExtension>
<tp1:hr>164</tp1:hr>
</tp1:TrackPointExtension>
</extensions>
</trkpt>
<trkpt lat="59.11343884" lon="17.4423038">
<ele>76.8</ele>
<time>2026-09-20T10:28:50Z</time>
<extensions>
<tp1:TrackPointExtension>
<tp1:hr>163</tp1:hr>
</tp1:TrackPointExtension>
</extensions>
</trkpt>
<trkpt lat="59.11341445" lon="17.44230439">
<ele>77.0</ele>
<time>2026-09-20T10:28:51Z</time>
<extensions>
<tp1:TrackPointExtension>
<tp1:hr>163</tp1:hr>
</tp1:TrackPointExtension>
</extensions>
</trkpt>
<trkpt lat="59.1133971" lon="17.44230104">
<ele>77.4</ele>
<time>2026-09-20T10:28:52Z</time>
<extensions>
<tp1:TrackPointExtension>
<tp1:hr>163</tp1:hr>
</tp1:TrackPointExtension>
</extensions>
</trkpt>
<trkpt lat="59.11337396" lon="17.442294">
<ele>78.0</ele>
<time>2026-09-20T10:28:53Z</time>
<extensions>
<tp1:TrackPointExtension>
<tp1:hr>163</tp1:hr>
</tp1:TrackPointExtension>
</extensions>
</trkpt>
<trkpt lat="59.11335208" lon="17.44228888">
<ele>78.6</ele>
<time>2026-09-20T10:28:54Z</time>
<extensions>
<tp1:TrackPointExtension>
<tp1:hr>163</tp1:hr>
</tp1:TrackPointExtension>
</extensions>
</trkpt>
<trkpt lat="59.11333633" lon="17.44229534">
<ele>79.2</ele>
<time>2026-09-20T10:28:55Z</time>
<extensions>
<tp1:TrackPointExtension>
<tp1:hr>163</tp1:hr>
</tp1:TrackPointExtension>
</extensions>
</trkpt>
<trkpt lat="59.1133152" lon="17.44230229">
<ele>79.8</ele>
<time>2026-09-20T10:28:56Z</time>
<extensions>
<tp1:TrackPointExtension>
<tp1:hr>162</tp1:hr>
</tp1:TrackPointExtension>
</extensions>
</trkpt>
<trkpt lat="59.11330037" lon="17.44230481">
<ele>80.0</ele>
<time>2026-09-20T10:28:57Z</time>
<extensions>
<tp1:TrackPointExtension>
<tp1:hr>162</tp1:hr>
</tp1:TrackPointExtension>
</extensions>
</trkpt>
<trkpt lat="59.1132795" lon="17.44232317">
<ele>80.4</ele>
<time>2026-09-20T10:28:58Z</time>
<extensions>
<tp1:TrackPointExtension>
<tp1:hr>162</tp1:hr>
</tp1:TrackPointExtension>
</extensions>
</trkpt>
<trkpt lat="59.11328201" lon="17.44233909">
<ele>80.8</ele>
<time>2026-09-20T10:28:59Z</time>
<extensions>
<tp1:TrackPointExtension>
<tp1:hr>162</tp1:hr>
</tp1:TrackPointExtension>
</extensions>
</trkpt>
<trkpt lat="59.11326676" lon="17.44234571">
<ele>81.2</ele>
<time>2026-09-20T10:29:00Z</time>
<extensions>
<tp1:TrackPointExtension>
<tp1:hr>162</tp1:hr>
</tp1:TrackPointExtension>
</extensions>
</trkpt>
<trkpt lat="59.11324966" lon="17.44233867">
<ele>81.6</ele>
<time>2026-09-20T10:29:01Z</time>
<extensions>
<tp1:TrackPointExtension>
<tp1:hr>163</tp1:hr>
</tp1:TrackPointExtension>
</extensions>
</trkpt>
<trkpt lat="59.113223" lon="17.44233121">
<ele>81.8</ele>
<time>2026-09-20T10:29:02Z</time>
<extensions>
<tp1:TrackPointExtension>
<tp1:hr>163</tp1:hr>
</tp1:TrackPointExtension>
</extensions>
</trkpt>
<trkpt lat="59.11319828" lon="17.44232032">
<ele>82.2</ele>
<time>2026-09-20T10:29:03Z</time>
<extensions>
<tp1:TrackPointExtension>
<tp1:hr>163</tp1:hr>
</tp1:TrackPointExtension>
</extensions>
</trkpt>
<trkpt lat="59.11317715" lon="17.44227899">
<ele>82.6</ele>
<time>2026-09-20T10:29:04Z</time>
<extensions>
<tp1:TrackPointExtension>
<tp1:hr>163</tp1:hr>
</tp1:TrackPointExtension>
</extensions>
</trkpt>
<trkpt lat="59.11315461" lon="17.4422738">
<ele>82.8</ele>
<time>2026-09-20T10:29:05Z</time>
<extensions>
<tp1:TrackPointExtension>
<tp1:hr>163</tp1:hr>
</tp1:TrackPointExtension>
</extensions>
</trkpt>
<trkpt lat="59.11313633" lon="17.44228226">
<ele>83.0</ele>
<time>2026-09-20T10:29:06Z</time>
<extensions>
<tp1:TrackPointExtension>
<tp1:hr>163</tp1:hr>
</tp1:TrackPointExtension>
</extensions>
</trkpt>
<trkpt lat="59.11311463" lon="17.44227078">
<ele>83.2</ele>
<time>2026-09-20T10:29:07Z</time>
<extensions>
<tp1:TrackPointExtension>
<tp1:hr>163</tp1:hr>
</tp1:TrackPointExtension>
</extensions>
</trkpt>
<trkpt lat="59.11308328" lon="17.44225351">
<ele>83.4</ele>
<time>2026-09-20T10:29:08Z</time>
<extensions>
<tp1:TrackPointExtension>
<tp1:hr>164</tp1:hr>
</tp1:TrackPointExtension>
</extensions>
</trkpt>
<trkpt lat="59.11305143" lon="17.44224312">
<ele>83.8</ele>
<time>2026-09-20T10:29:09Z</time>
<extensions>
<tp1:TrackPointExtension>
<tp1:hr>164</tp1:hr>
</tp1:TrackPointExtension>
</extensions>
</trkpt>
<trkpt lat="59.11302955" lon="17.44223348">
<ele>84.2</ele>
<time>2026-09-20T10:29:10Z</time>
<extensions>
<tp1:TrackPointExtension>
<tp1:hr>164</tp1:hr>
</tp1:TrackPointExtension>
</extensions>
</trkpt>
<trkpt lat="59.11300214" lon="17.44223733">
<ele>84.4</ele>
<time>2026-09-20T10:29:11Z</time>
<extensions>
<tp1:TrackPointExtension>
<tp1:hr>164</tp1:hr>
</tp1:TrackPointExtension>
</extensions>
</trkpt>
<trkpt lat="59.11297867" lon="17.44223918">
<ele>84.6</ele>
<time>2026-09-20T10:29:12Z</time>
<extensions>
<tp1:TrackPointExtension>
<tp1:hr>165</tp1:hr>
</tp1:TrackPointExtension>
</extensions>
</trkpt>
<trkpt lat="59.11295612" lon="17.44223641">
<ele>84.6</ele>
<time>2026-09-20T10:29:13Z</time>
<extensions>
<tp1:TrackPointExtension>
<tp1:hr>165</tp1:hr>
</tp1:TrackPointExtension>
</extensions>
</trkpt>
<trkpt lat="59.11293282" lon="17.44224907">
<ele>84.4</ele>
<time>2026-09-20T10:29:14Z</time>
<extensions>
<tp1:TrackPointExtension>
<tp1:hr>166</tp1:hr>
</tp1:TrackPointExtension>
</extensions>
</trkpt>
<trkpt lat="59.11291296" lon="17.44227463">
<ele>84.4</ele>
<time>2026-09-20T10:29:15Z</time>
<extensions>
<tp1:TrackPointExtension>
<tp1:hr>166</tp1:hr>
</tp1:TrackPointExtension>
</extensions>
</trkpt>
<trkpt lat="59.11288739" lon="17.4422883">
<ele>84.2</ele>
<time>2026-09-20T10:29:16Z</time>
<extensions>
<tp1:TrackPointExtension>
<tp1:hr>166</tp1:hr>
</tp1:TrackPointExtension>
</extensions>
</trkpt>
<trkpt lat="59.11286443" lon="17.44228662">
<ele>84.0</ele>
<time>2026-09-20T10:29:17Z</time>
<extensions>
<tp1:TrackPointExtension>
<tp1:hr>166</tp1:hr>
</tp1:TrackPointExtension>
</extensions>
</trkpt>
<trkpt lat="59.1128366" lon="17.442281">
<ele>83.6</ele>
<time>2026-09-20T10:29:18Z</time>
<extensions>
<tp1:TrackPointExtension>
<tp1:hr>165</tp1:hr>
</tp1:TrackPointExtension>
</extensions>
</trkpt>
<trkpt lat="59.11280642" lon="17.44226935">
<ele>83.4</ele>
<time>2026-09-20T10:29:19Z</time>
<extensions>
<tp1:TrackPointExtension>
<tp1:hr>166</tp1:hr>
</tp1:TrackPointExtension>
</extensions>
</trkpt>
<trkpt lat="59.11276686" lon="17.44223708">
<ele>82.6</ele>
<time>2026-09-20T10:29:20Z</time>
<extensions>
<tp1:TrackPointExtension>
<tp1:hr>166</tp1:hr>
</tp1:TrackPointExtension>
</extensions>
</trkpt>
<trkpt lat="59.11273945" lon="17.44221739">
<ele>82.4</ele>
<time>2026-09-20T10:29:21Z</time>
<extensions>
<tp1:TrackPointExtension>
<tp1:hr>165</tp1:hr>
</tp1:TrackPointExtension>
</extensions>
</trkpt>
<trkpt lat="59.11271757" lon="17.44221361">
<ele>82.0</ele>
<time>2026-09-20T10:29:22Z</time>
<extensions>
<tp1:TrackPointExtension>
<tp1:hr>164</tp1:hr>
</tp1:TrackPointExtension>
</extensions>
</trkpt>
<trkpt lat="59.11269855" lon="17.44223423">
<ele>81.8</ele>
<time>2026-09-20T10:29:23Z</time>
<extensions>
<tp1:TrackPointExtension>
<tp1:hr>164</tp1:hr>
</tp1:TrackPointExtension>
</extensions>
</trkpt>
<trkpt lat="59.11269436" lon="17.44225636">
<ele>81.8</ele>
<time>2026-09-20T10:29:24Z</time>
<extensions>
<tp1:TrackPointExtension>
<tp1:hr>164</tp1:hr>
</tp1:TrackPointExtension>
</extensions>
</trkpt>
<trkpt lat="59.11269017" lon="17.44225762">
<ele>81.8</ele>
<time>2026-09-20T10:29:25Z</time>
<extensions>
<tp1:TrackPointExtension>
<tp1:hr>163</tp1:hr>
</tp1:TrackPointExtension>
</extensions>
</trkpt>
<trkpt lat="59.11267667" lon="17.44224161">
<ele>81.8</ele>
<time>2026-09-20T10:29:26Z</time>
<extensions>
<tp1:TrackPointExtension>
<tp1:hr>164</tp1:hr>
</tp1:TrackPointExtension>
</extensions>
</trkpt>
<trkpt lat="59.11266385" lon="17.44222644">
<ele>81.8</ele>
<time>2026-09-20T10:29:27Z</time>
<extensions>
<tp1:TrackPointExtension>
<tp1:hr>165</tp1:hr>
</tp1:TrackPointExtension>
</extensions>
</trkpt>
<trkpt lat="59.11264725" lon="17.44220062">
<ele>81.6</ele>
<time>2026-09-20T10:29:28Z</time>
<extensions>
<tp1:TrackPointExtension>
<tp1:hr>165</tp1:hr>
</tp1:TrackPointExtension>
</extensions>
</trkpt>
<trkpt lat="59.1126294" lon="17.44216517">
<ele>81.6</ele>
<time>2026-09-20T10:29:29Z</time>
<extensions>
<tp1:TrackPointExtension>
<tp1:hr>165</tp1:hr>
</tp1:TrackPointExtension>
</extensions>
</trkpt>
<trkpt lat="59.1126133" lon="17.4421334">
<ele>81.4</ele>
<time>2026-09-20T10:29:30Z</time>
<extensions>
<tp1:TrackPointExtension>
<tp1:hr>166</tp1:hr>
</tp1:TrackPointExtension>
</extensions>
</trkpt>
<trkpt lat="59.11260257" lon="17.4420785">
<ele>81.4</ele>
<time>2026-09-20T10:29:31Z</time>
<extensions>
<tp1:TrackPointExtension>
<tp1:hr>166</tp1:hr>
</tp1:TrackPointExtension>
</extensions>
</trkpt>
<trkpt lat="59.11259503" lon="17.4420075">
<ele>81.4</ele>
<time>2026-09-20T10:29:32Z</time>
<extensions>
<tp1:TrackPointExtension>
<tp1:hr>165</tp1:hr>
</tp1:TrackPointExtension>
</extensions>
</trkpt>
<trkpt lat="59.11258237" lon="17.44197062">
<ele>81.4</ele>
<time>2026-09-20T10:29:33Z</time>
<extensions>
<tp1:TrackPointExtension>
<tp1:hr>165</tp1:hr>
</tp1:TrackPointExtension>
</extensions>
</trkpt>
<trkpt lat="59.11257106" lon="17.4419262">
<ele>81.4</ele>
<time>2026-09-20T10:29:34Z</time>
<extensions>
<tp1:TrackPointExtension>
<tp1:hr>165</tp1:hr>
</tp1:TrackPointExtension>
</extensions>
</trkpt>
<trkpt lat="59.11256159" lon="17.44188571">
<ele>81.4</ele>
<time>2026-09-20T10:29:35Z</time>
<extensions>
<tp1:TrackPointExtension>
<tp1:hr>165</tp1:hr>
</tp1:TrackPointExtension>
</extensions>
</trkpt>
<trkpt lat="59.11254901" lon="17.44184338">
<ele>81.4</ele>
<time>2026-09-20T10:29:36Z</time>
<extensions>
<tp1:TrackPointExtension>
<tp1:hr>164</tp1:hr>
</tp1:TrackPointExtension>
</extensions>
</trkpt>
<trkpt lat="59.11252747" lon="17.44179033">
<ele>81.2</ele>
<time>2026-09-20T10:29:37Z</time>
<extensions>
<tp1:TrackPointExtension>
<tp1:hr>165</tp1:hr>
</tp1:TrackPointExtension>
</extensions>
</trkpt>
<trkpt lat="59.11250853" lon="17.44172621">
<ele>81.0</ele>
<time>2026-09-20T10:29:38Z</time>
<extensions>
<tp1:TrackPointExtension>
<tp1:hr>165</tp1:hr>
</tp1:TrackPointExtension>
</extensions>
</trkpt>
<trkpt lat="59.11249294" lon="17.44169628">
<ele>80.8</ele>
<time>2026-09-20T10:29:39Z</time>
<extensions>
<tp1:TrackPointExtension>
<tp1:hr>165</tp1:hr>
</tp1:TrackPointExtension>
</extensions>
</trkpt>
<trkpt lat="59.11248246" lon="17.44164867">
<ele>80.6</ele>
<time>2026-09-20T10:29:40Z</time>
<extensions>
<tp1:TrackPointExtension>
<tp1:hr>165</tp1:hr>
</tp1:TrackPointExtension>
</extensions>
</trkpt>
<trkpt lat="59.11247022" lon="17.44158874">
<ele>80.2</ele>
<time>2026-09-20T10:29:41Z</time>
<extensions>
<tp1:TrackPointExtension>
<tp1:hr>165</tp1:hr>
</tp1:TrackPointExtension>
</extensions>
</trkpt>
<trkpt lat="59.1124569" lon="17.4415211">
<ele>79.8</ele>
<time>2026-09-20T10:29:42Z</time>
<extensions>
<tp1:TrackPointExtension>
<tp1:hr>164</tp1:hr>
</tp1:TrackPointExtension>
</extensions>
</trkpt>
<trkpt lat="59.11244734" lon="17.44146595">
<ele>79.2</ele>
<time>2026-09-20T10:29:43Z</time>
<extensions>
<tp1:TrackPointExtension>
<tp1:hr>165</tp1:hr>
</tp1:TrackPointExtension>
</extensions>
</trkpt>
<trkpt lat="59.11243443" lon="17.44139822">
<ele>79.0</ele>
<time>2026-09-20T10:29:44Z</time>
<extensions>
<tp1:TrackPointExtension>
<tp1:hr>165</tp1:hr>
</tp1:TrackPointExtension>
</extensions>
</trkpt>
<trkpt lat="59.11242236" lon="17.44134257">
<ele>78.8</ele>
<time>2026-09-20T10:29:45Z</time>
<extensions>
<tp1:TrackPointExtension>
<tp1:hr>165</tp1:hr>
</tp1:TrackPointExtension>
</extensions>
</trkpt>
<trkpt lat="59.11241004" lon="17.4412906">
<ele>78.8</ele>
<time>2026-09-20T10:29:46Z</time>
<extensions>
<tp1:TrackPointExtension>
<tp1:hr>165</tp1:hr>
</tp1:TrackPointExtension>
</extensions>
</trkpt>
<trkpt lat="59.11239588" lon="17.44124215">
<ele>78.8</ele>
<time>2026-09-20T10:29:47Z</time>
<extensions>
<tp1:TrackPointExtension>
<tp1:hr>164</tp1:hr>
</tp1:TrackPointExtension>
</extensions>
</trkpt>
<trkpt lat="59.11237719" lon="17.44119924">
<ele>78.8</ele>
<time>2026-09-20T10:29:48Z</time>
<extensions>
<tp1:TrackPointExtension>
<tp1:hr>164</tp1:hr>
</tp1:TrackPointExtension>
</extensions>
</trkpt>
<trkpt lat="59.11236109" lon="17.44112455">
<ele>78.6</ele>
<time>2026-09-20T10:29:49Z</time>
<extensions>
<tp1:TrackPointExtension>
<tp1:hr>164</tp1:hr>
</tp1:TrackPointExtension>
</extensions>
</trkpt>
<trkpt lat="59.11234031" lon="17.44106764">
<ele>78.2</ele>
<time>2026-09-20T10:29:50Z</time>
<extensions>
<tp1:TrackPointExtension>
<tp1:hr>164</tp1:hr>
</tp1:TrackPointExtension>
</extensions>
</trkpt>
<trkpt lat="59.11232622" lon="17.44098382">
<ele>77.8</ele>
<time>2026-09-20T10:29:51Z</time>
<extensions>
<tp1:TrackPointExtension>
<tp1:hr>163</tp1:hr>
</tp1:TrackPointExtension>
</extensions>
</trkpt>
<trkpt lat="59.11231901" lon="17.44089707">
<ele>77.4</ele>
<time>2026-09-20T10:29:52Z</time>
<extensions>
<tp1:TrackPointExtension>
<tp1:hr>163</tp1:hr>
</tp1:TrackPointExtension>
</extensions>
</trkpt>
<trkpt lat="59.11232388" lon="17.44082616">
<ele>77.2</ele>
<time>2026-09-20T10:29:53Z</time>
<extensions>
<tp1:TrackPointExtension>
<tp1:hr>164</tp1:hr>
</tp1:TrackPointExtension>
</extensions>
</trkpt>
<trkpt lat="59.11234072" lon="17.44076103">
<ele>77.0</ele>
<time>2026-09-20T10:29:54Z</time>
<extensions>
<tp1:TrackPointExtension>
<tp1:hr>164</tp1:hr>
</tp1:TrackPointExtension>
</extensions>
</trkpt>
<trkpt lat="59.11235346" lon="17.4406845">
<ele>76.7</ele>
<time>2026-09-20T10:29:55Z</time>
<extensions>
<tp1:TrackPointExtension>
<tp1:hr>164</tp1:hr>
</tp1:TrackPointExtension>
</extensions>
</trkpt>
<trkpt lat="59.11236528" lon="17.44061384">
<ele>76.7</ele>
<time>2026-09-20T10:29:56Z</time>
<extensions>
<tp1:TrackPointExtension>
<tp1:hr>164</tp1:hr>
</tp1:TrackPointExtension>
</extensions>
</trkpt>
<trkpt lat="59.11237836" lon="17.44054025">
<ele>76.7</ele>
<time>2026-09-20T10:29:57Z</time>
<extensions>
<tp1:TrackPointExtension>
<tp1:hr>165</tp1:hr>
</tp1:TrackPointExtension>
</extensions>
</trkpt>
<trkpt lat="59.11239772" lon="17.44046473">
<ele>76.7</ele>
<time>2026-09-20T10:29:58Z</time>
<extensions>
<tp1:TrackPointExtension>
<tp1:hr>165</tp1:hr>
</tp1:TrackPointExtension>
</extensions>
</trkpt>
<trkpt lat="59.11240451" lon="17.44041318">
<ele>76.5</ele>
<time>2026-09-20T10:29:59Z</time>
<extensions>
<tp1:TrackPointExtension>
<tp1:hr>165</tp1:hr>
</tp1:TrackPointExtension>
</extensions>
</trkpt>
<trkpt lat="59.11241968" lon="17.44033691">
<ele>76.3</ele>
<time>2026-09-20T10:30:00Z</time>
<extensions>
<tp1:TrackPointExtension>
<tp1:hr>165</tp1:hr>
</tp1:TrackPointExtension>
</extensions>
</trkpt>
<trkpt lat="59.11243485" lon="17.44025962">
<ele>76.3</ele>
<time>2026-09-20T10:30:01Z</time>
<extensions>
<tp1:TrackPointExtension>
<tp1:hr>165</tp1:hr>
</tp1:TrackPointExtension>
</extensions>
</trkpt>
<trkpt lat="59.11243376" lon="17.44020875">
<ele>76.3</ele>
<time>2026-09-20T10:30:02Z</time>
<extensions>
<tp1:TrackPointExtension>
<tp1:hr>165</tp1:hr>
</tp1:TrackPointExtension>
</extensions>
</trkpt>
<trkpt lat="59.11242723" lon="17.44012266">
<ele>76.1</ele>
<time>2026-09-20T10:30:03Z</time>
<extensions>
<tp1:TrackPointExtension>
<tp1:hr>165</tp1:hr>
</tp1:TrackPointExtension>
</extensions>
</trkpt>
<trkpt lat="59.11242295" lon="17.44008084">
<ele>76.3</ele>
<time>2026-09-20T10:30:04Z</time>
<extensions>
<tp1:TrackPointExtension>
<tp1:hr>165</tp1:hr>
</tp1:TrackPointExtension>
</extensions>
</trkpt>
<trkpt lat="59.1124165" lon="17.44001789">
<ele>76.5</ele>
<time>2026-09-20T10:30:05Z</time>
<extensions>
<tp1:TrackPointExtension>
<tp1:hr>165</tp1:hr>
</tp1:TrackPointExtension>
</extensions>
</trkpt>
<trkpt lat="59.11242412" lon="17.43996701">
<ele>76.5</ele>
<time>2026-09-20T10:30:06Z</time>
<extensions>
<tp1:TrackPointExtension>
<tp1:hr>166</tp1:hr>
</tp1:TrackPointExtension>
</extensions>
</trkpt>
<trkpt lat="59.11242999" lon="17.43991027">
<ele>76.5</ele>
<time>2026-09-20T10:30:07Z</time>
<extensions>
<tp1:TrackPointExtension>
<tp1:hr>166</tp1:hr>
</tp1:TrackPointExtension>
</extensions>
</trkpt>
<trkpt lat="59.11243561" lon="17.43984103">
<ele>76.7</ele>
<time>2026-09-20T10:30:08Z</time>
<extensions>
<tp1:TrackPointExtension>
<tp1:hr>166</tp1:hr>
</tp1:TrackPointExtension>
</extensions>
</trkpt>
<trkpt lat="59.1124237" lon="17.43978244">
<ele>77.1</ele>
<time>2026-09-20T10:30:09Z</time>
<extensions>
<tp1:TrackPointExtension>
<tp1:hr>165</tp1:hr>
</tp1:TrackPointExtension>
</extensions>
</trkpt>
<trkpt lat="59.1124134" lon="17.43973684">
<ele>77.3</ele>
<time>2026-09-20T10:30:10Z</time>
<extensions>
<tp1:TrackPointExtension>
<tp1:hr>166</tp1:hr>
</tp1:TrackPointExtension>
</extensions>
</trkpt>
<trkpt lat="59.11240753" lon="17.43967432">
<ele>77.5</ele>
<time>2026-09-20T10:30:11Z</time>
<extensions>
<tp1:TrackPointExtension>
<tp1:hr>166</tp1:hr>
</tp1:TrackPointExtension>
</extensions>
</trkpt>
<trkpt lat="59.11239998" lon="17.43961397">
<ele>77.9</ele>
<time>2026-09-20T10:30:12Z</time>
<extensions>
<tp1:TrackPointExtension>
<tp1:hr>166</tp1:hr>
</tp1:TrackPointExtension>
</extensions>
</trkpt>
<trkpt lat="59.1123849" lon="17.43957692">
<ele>78.1</ele>
<time>2026-09-20T10:30:13Z</time>
<extensions>
<tp1:TrackPointExtension>
<tp1:hr>166</tp1:hr>
</tp1:TrackPointExtension>
</extensions>
</trkpt>
<trkpt lat="59.1123683" lon="17.43952068">
<ele>78.3</ele>
<time>2026-09-20T10:30:14Z</time>
<extensions>
<tp1:TrackPointExtension>
<tp1:hr>166</tp1:hr>
</tp1:TrackPointExtension>
</extensions>
</trkpt>
<trkpt lat="59.1123502" lon="17.43948648">
<ele>78.5</ele>
<time>2026-09-20T10:30:15Z</time>
<extensions>
<tp1:TrackPointExtension>
<tp1:hr>166</tp1:hr>
</tp1:TrackPointExtension>
</extensions>
</trkpt>
<trkpt lat="59.11233704" lon="17.43945161">
<ele>78.7</ele>
<time>2026-09-20T10:30:16Z</time>
<extensions>
<tp1:TrackPointExtension>
<tp1:hr>167</tp1:hr>
</tp1:TrackPointExtension>
</extensions>
</trkpt>
<trkpt lat="59.1123103" lon="17.43939344">
<ele>78.7</ele>
<time>2026-09-20T10:30:17Z</time>
<extensions>
<tp1:TrackPointExtension>
<tp1:hr>167</tp1:hr>
</tp1:TrackPointExtension>
</extensions>
</trkpt>
<trkpt lat="59.11228859" lon="17.43932957">
<ele>78.7</ele>
<time>2026-09-20T10:30:18Z</time>
<extensions>
<tp1:TrackPointExtension>
<tp1:hr>167</tp1:hr>
</tp1:TrackPointExtension>
</extensions>
</trkpt>
<trkpt lat="59.11227191" lon="17.43929042">
<ele>78.7</ele>
<time>2026-09-20T10:30:19Z</time>
<extensions>
<tp1:TrackPointExtension>
<tp1:hr>167</tp1:hr>
</tp1:TrackPointExtension>
</extensions>
</trkpt>
<trkpt lat="59.11226361" lon="17.43922245">
<ele>78.9</ele>
<time>2026-09-20T10:30:20Z</time>
<extensions>
<tp1:TrackPointExtension>
<tp1:hr>167</tp1:hr>
</tp1:TrackPointExtension>
</extensions>
</trkpt>
<trkpt lat="59.11225481" lon="17.43915732">
<ele>78.9</ele>
<time>2026-09-20T10:30:21Z</time>
<extensions>
<tp1:TrackPointExtension>
<tp1:hr>168</tp1:hr>
</tp1:TrackPointExtension>
</extensions>
</trkpt>
<trkpt lat="59.11225137" lon="17.43910544">
<ele>78.9</ele>
<time>2026-09-20T10:30:22Z</time>
<extensions>
<tp1:TrackPointExtension>
<tp1:hr>167</tp1:hr>
</tp1:TrackPointExtension>
</extensions>
</trkpt>
<trkpt lat="59.11225037" lon="17.43905146">
<ele>79.1</ele>
<time>2026-09-20T10:30:23Z</time>
<extensions>
<tp1:TrackPointExtension>
<tp1:hr>167</tp1:hr>
</tp1:TrackPointExtension>
</extensions>
</trkpt>
<trkpt lat="59.11225095" lon="17.43898172">
<ele>78.9</ele>
<time>2026-09-20T10:30:24Z</time>
<extensions>
<tp1:TrackPointExtension>
<tp1:hr>166</tp1:hr>
</tp1:TrackPointExtension>
</extensions>
</trkpt>
<trkpt lat="59.1122507" lon="17.43891818">
<ele>78.9</ele>
<time>2026-09-20T10:30:25Z</time>
<extensions>
<tp1:TrackPointExtension>
<tp1:hr>165</tp1:hr>
</tp1:TrackPointExtension>
</extensions>
</trkpt>
<trkpt lat="59.11224576" lon="17.43886454">
<ele>78.9</ele>
<time>2026-09-20T10:30:26Z</time>
<extensions>
<tp1:TrackPointExtension>
<tp1:hr>164</tp1:hr>
</tp1:TrackPointExtension>
</extensions>
</trkpt>
<trkpt lat="59.11223972" lon="17.43880184">
<ele>78.7</ele>
<time>2026-09-20T10:30:27Z</time>
<extensions>
<tp1:TrackPointExtension>
<tp1:hr>164</tp1:hr>
</tp1:TrackPointExtension>
</extensions>
</trkpt>
<trkpt lat="59.11224257" lon="17.43874443">
<ele>78.9</ele>
<time>2026-09-20T10:30:28Z</time>
<extensions>
<tp1:TrackPointExtension>
<tp1:hr>163</tp1:hr>
</tp1:TrackPointExtension>
</extensions>
</trkpt>
<trkpt lat="59.11224173" lon="17.43868743">
<ele>79.1</ele>
<time>2026-09-20T10:30:29Z</time>
<extensions>
<tp1:TrackPointExtension>
<tp1:hr>164</tp1:hr>
</tp1:TrackPointExtension>
</extensions>
</trkpt>
<trkpt lat="59.11224282" lon="17.43860839">
<ele>79.1</ele>
<time>2026-09-20T10:30:30Z</time>
<extensions>
<tp1:TrackPointExtension>
<tp1:hr>164</tp1:hr>
</tp1:TrackPointExtension>
</extensions>
</trkpt>
<trkpt lat="59.1122471" lon="17.43853597">
<ele>79.1</ele>
<time>2026-09-20T10:30:31Z</time>
<extensions>
<tp1:TrackPointExtension>
<tp1:hr>164</tp1:hr>
</tp1:TrackPointExtension>
</extensions>
</trkpt>
<trkpt lat="59.11224031" lon="17.43848417">
<ele>78.9</ele>
<time>2026-09-20T10:30:32Z</time>
<extensions>
<tp1:TrackPointExtension>
<tp1:hr>163</tp1:hr>
</tp1:TrackPointExtension>
</extensions>
</trkpt>
<trkpt lat="59.11224777" lon="17.43840328">
<ele>78.7</ele>
<time>2026-09-20T10:30:33Z</time>
<extensions>
<tp1:TrackPointExtension>
<tp1:hr>164</tp1:hr>
</tp1:TrackPointExtension>
</extensions>
</trkpt>
<trkpt lat="59.11225514" lon="17.43833397">
<ele>78.3</ele>
<time>2026-09-20T10:30:34Z</time>
<extensions>
<tp1:TrackPointExtension>
<tp1:hr>164</tp1:hr>
</tp1:TrackPointExtension>
</extensions>
</trkpt>
<trkpt lat="59.11225565" lon="17.43826683">
<ele>78.1</ele>
<time>2026-09-20T10:30:35Z</time>
<extensions>
<tp1:TrackPointExtension>
<tp1:hr>163</tp1:hr>
</tp1:TrackPointExtension>
</extensions>
</trkpt>
<trkpt lat="59.1122533" lon="17.43817831">
<ele>77.7</ele>
<time>2026-09-20T10:30:36Z</time>
<extensions>
<tp1:TrackPointExtension>
<tp1:hr>164</tp1:hr>
</tp1:TrackPointExtension>
</extensions>
</trkpt>
<trkpt lat="59.11224701" lon="17.43810514">
<ele>77.7</ele>
<time>2026-09-20T10:30:37Z</time>
<extensions>
<tp1:TrackPointExtension>
<tp1:hr>164</tp1:hr>
</tp1:TrackPointExtension>
</extensions>
</trkpt>
<trkpt lat="59.11224199" lon="17.43804789">
<ele>77.5</ele>
<time>2026-09-20T10:30:38Z</time>
<extensions>
<tp1:TrackPointExtension>
<tp1:hr>164</tp1:hr>
</tp1:TrackPointExtension>
</extensions>
</trkpt>
<trkpt lat="59.11224215" lon="17.43798201">
<ele>77.3</ele>
<time>2026-09-20T10:30:39Z</time>
<extensions>
<tp1:TrackPointExtension>
<tp1:hr>164</tp1:hr>
</tp1:TrackPointExtension>
</extensions>
</trkpt>
<trkpt lat="59.11224852" lon="17.43791244">
<ele>77.7</ele>
<time>2026-09-20T10:30:40Z</time>
<extensions>
<tp1:TrackPointExtension>
<tp1:hr>164</tp1:hr>
</tp1:TrackPointExtension>
</extensions>
</trkpt>
<trkpt lat="59.11225573" lon="17.43785561">
<ele>78.1</ele>
<time>2026-09-20T10:30:41Z</time>
<extensions>
<tp1:TrackPointExtension>
<tp1:hr>164</tp1:hr>
</tp1:TrackPointExtension>
</extensions>
</trkpt>
<trkpt lat="59.1122585" lon="17.43779643">
<ele>78.3</ele>
<time>2026-09-20T10:30:42Z</time>
<extensions>
<tp1:TrackPointExtension>
<tp1:hr>165</tp1:hr>
</tp1:TrackPointExtension>
</extensions>
</trkpt>
<trkpt lat="59.11225975" lon="17.43773784">
<ele>78.5</ele>
<time>2026-09-20T10:30:43Z</time>
<extensions>
<tp1:TrackPointExtension>
<tp1:hr>164</tp1:hr>
</tp1:TrackPointExtension>
</extensions>
</trkpt>
<trkpt lat="59.11225548" lon="17.43766375">
<ele>78.7</ele>
<time>2026-09-20T10:30:44Z</time>
<extensions>
<tp1:TrackPointExtension>
<tp1:hr>164</tp1:hr>
</tp1:TrackPointExtension>
</extensions>
</trkpt>
<trkpt lat="59.11225322" lon="17.43761111">
<ele>78.9</ele>
<time>2026-09-20T10:30:45Z</time>
<extensions>
<tp1:TrackPointExtension>
<tp1:hr>164</tp1:hr>
</tp1:TrackPointExtension>
</extensions>
</trkpt>
<trkpt lat="59.11225489" lon="17.43755101">
<ele>78.9</ele>
<time>2026-09-20T10:30:46Z</time>
<extensions>
<tp1:TrackPointExtension>
<tp1:hr>163</tp1:hr>
</tp1:TrackPointExtension>
</extensions>
</trkpt>
<trkpt lat="59.11225808" lon="17.4374879">
<ele>78.7</ele>
<time>2026-09-20T10:30:47Z</time>
<extensions>
<tp1:TrackPointExtension>
<tp1:hr>163</tp1:hr>
</tp1:TrackPointExtension>
</extensions>
</trkpt>
<trkpt lat="59.11227568" lon="17.43742285">
<ele>78.5</ele>
<time>2026-09-20T10:30:48Z</time>
<extensions>
<tp1:TrackPointExtension>
<tp1:hr>163</tp1:hr>
</tp1:TrackPointExtension>
</extensions>
</trkpt>
<trkpt lat="59.11228565" lon="17.43737449">
<ele>78.3</ele>
<time>2026-09-20T10:30:49Z</time>
<extensions>
<tp1:TrackPointExtension>
<tp1:hr>163</tp1:hr>
</tp1:TrackPointExtension>
</extensions>
</trkpt>
<trkpt lat="59.11229655" lon="17.43732789">
<ele>77.7</ele>
<time>2026-09-20T10:30:50Z</time>
<extensions>
<tp1:TrackPointExtension>
<tp1:hr>164</tp1:hr>
</tp1:TrackPointExtension>
</extensions>
</trkpt>
<trkpt lat="59.11230669" lon="17.43727022">
<ele>77.1</ele>
<time>2026-09-20T10:30:51Z</time>
<extensions>
<tp1:TrackPointExtension>
<tp1:hr>163</tp1:hr>
</tp1:TrackPointExtension>
</extensions>
</trkpt>
<trkpt lat="59.11230887" lon="17.43721414">
<ele>76.5</ele>
<time>2026-09-20T10:30:52Z</time>
<extensions>
<tp1:TrackPointExtension>
<tp1:hr>163</tp1:hr>
</tp1:TrackPointExtension>
</extensions>
</trkpt>
<trkpt lat="59.11230728" lon="17.43716419">
<ele>76.3</ele>
<time>2026-09-20T10:30:53Z</time>
<extensions>
<tp1:TrackPointExtension>
<tp1:hr>164</tp1:hr>
</tp1:TrackPointExtension>
</extensions>
</trkpt>
<trkpt lat="59.11230711" lon="17.43711549">
<ele>76.3</ele>
<time>2026-09-20T10:30:54Z</time>
<extensions>
<tp1:TrackPointExtension>
<tp1:hr>163</tp1:hr>
</tp1:TrackPointExtension>
</extensions>
</trkpt>
<trkpt lat="59.11230904" lon="17.43706939">
<ele>76.3</ele>
<time>2026-09-20T10:30:55Z</time>
<extensions>
<tp1:TrackPointExtension>
<tp1:hr>163</tp1:hr>
</tp1:TrackPointExtension>
</extensions>
</trkpt>
<trkpt lat="59.11231633" lon="17.43701189">
<ele>76.3</ele>
<time>2026-09-20T10:30:56Z</time>
<extensions>
<tp1:TrackPointExtension>
<tp1:hr>163</tp1:hr>
</tp1:TrackPointExtension>
</extensions>
</trkpt>
<trkpt lat="59.11232689" lon="17.43696889">
<ele>76.3</ele>
<time>2026-09-20T10:30:57Z</time>
<extensions>
<tp1:TrackPointExtension>
<tp1:hr>163</tp1:hr>
</tp1:TrackPointExtension>
</extensions>
</trkpt>
<trkpt lat="59.11233645" lon="17.43693528">
<ele>76.5</ele>
<time>2026-09-20T10:30:58Z</time>
<extensions>
<tp1:TrackPointExtension>
<tp1:hr>163</tp1:hr>
</tp1:TrackPointExtension>
</extensions>
</trkpt>
<trkpt lat="59.11235196" lon="17.43687895">
<ele>76.5</ele>
<time>2026-09-20T10:30:59Z</time>
<extensions>
<tp1:TrackPointExtension>
<tp1:hr>163</tp1:hr>
</tp1:TrackPointExtension>
</extensions>
</trkpt>
<trkpt lat="59.11236922" lon="17.43683184">
<ele>76.9</ele>
<time>2026-09-20T10:31:00Z</time>
<extensions>
<tp1:TrackPointExtension>
<tp1:hr>162</tp1:hr>
</tp1:TrackPointExtension>
</extensions>
</trkpt>
<trkpt lat="59.11237911" lon="17.43679538">
<ele>77.1</ele>
<time>2026-09-20T10:31:01Z</time>
<extensions>
<tp1:TrackPointExtension>
<tp1:hr>163</tp1:hr>
</tp1:TrackPointExtension>
</extensions>
</trkpt>
<trkpt lat="59.11237341" lon="17.43677384">
<ele>77.3</ele>
<time>2026-09-20T10:31:02Z</time>
<extensions>
<tp1:TrackPointExtension>
<tp1:hr>163</tp1:hr>
</tp1:TrackPointExtension>
</extensions>
</trkpt>
<trkpt lat="59.11236377" lon="17.43673579">
<ele>77.5</ele>
<time>2026-09-20T10:31:03Z</time>
<extensions>
<tp1:TrackPointExtension>
<tp1:hr>163</tp1:hr>
</tp1:TrackPointExtension>
</extensions>
</trkpt>
<trkpt lat="59.11236243" lon="17.43668248">
<ele>77.4</ele>
<time>2026-09-20T10:31:04Z</time>
<extensions>
<tp1:TrackPointExtension>
<tp1:hr>163</tp1:hr>
</tp1:TrackPointExtension>
</extensions>
</trkpt>
<trkpt lat="59.11237014" lon="17.43663051">
<ele>77.6</ele>
<time>2026-09-20T10:31:05Z</time>
<extensions>
<tp1:TrackPointExtension>
<tp1:hr>162</tp1:hr>
</tp1:TrackPointExtension>
</extensions>
</trkpt>
<trkpt lat="59.11237727" lon="17.43659321">
<ele>77.8</ele>
<time>2026-09-20T10:31:06Z</time>
<extensions>
<tp1:TrackPointExtension>
<tp1:hr>162</tp1:hr>
</tp1:TrackPointExtension>
</extensions>
</trkpt>
<trkpt lat="59.11237962" lon="17.43655189">
<ele>78.0</ele>
<time>2026-09-20T10:31:07Z</time>
<extensions>
<tp1:TrackPointExtension>
<tp1:hr>162</tp1:hr>
</tp1:TrackPointExtension>
</extensions>
</trkpt>
<trkpt lat="59.1123828" lon="17.43649741">
<ele>78.2</ele>
<time>2026-09-20T10:31:08Z</time>
<extensions>
<tp1:TrackPointExtension>
<tp1:hr>161</tp1:hr>
</tp1:TrackPointExtension>
</extensions>
</trkpt>
<trkpt lat="59.11238884" lon="17.4364451">
<ele>78.2</ele>
<time>2026-09-20T10:31:09Z</time>
<extensions>
<tp1:TrackPointExtension>
<tp1:hr>161</tp1:hr>
</tp1:TrackPointExtension>
</extensions>
</trkpt>
<trkpt lat="59.11238867" lon="17.43640764">
<ele>78.2</ele>
<time>2026-09-20T10:31:10Z</time>
<extensions>
<tp1:TrackPointExtension>
<tp1:hr>161</tp1:hr>
</tp1:TrackPointExtension>
</extensions>
</trkpt>
<trkpt lat="59.11239227" lon="17.4363638">
<ele>78.2</ele>
<time>2026-09-20T10:31:11Z</time>
<extensions>
<tp1:TrackPointExtension>
<tp1:hr>162</tp1:hr>
</tp1:TrackPointExtension>
</extensions>
</trkpt>
<trkpt lat="59.11240107" lon="17.43629767">
<ele>78.2</ele>
<time>2026-09-20T10:31:12Z</time>
<extensions>
<tp1:TrackPointExtension>
<tp1:hr>161</tp1:hr>
</tp1:TrackPointExtension>
</extensions>
</trkpt>
<trkpt lat="59.11241876" lon="17.43625274">
<ele>78.2</ele>
<time>2026-09-20T10:31:13Z</time>
<extensions>
<tp1:TrackPointExtension>
<tp1:hr>162</tp1:hr>
</tp1:TrackPointExtension>
</extensions>
</trkpt>
<trkpt lat="59.1124227" lon="17.43621728">
<ele>78.4</ele>
<time>2026-09-20T10:31:14Z</time>
<extensions>
<tp1:TrackPointExtension>
<tp1:hr>163</tp1:hr>
</tp1:TrackPointExtension>
</extensions>
</trkpt>
<trkpt lat="59.11242111" lon="17.43616498">
<ele>78.6</ele>
<time>2026-09-20T10:31:15Z</time>
<extensions>
<tp1:TrackPointExtension>
<tp1:hr>163</tp1:hr>
</tp1:TrackPointExtension>
</extensions>
</trkpt>
<trkpt lat="59.11243519" lon="17.43612441">
<ele>78.8</ele>
<time>2026-09-20T10:31:16Z</time>
<extensions>
<tp1:TrackPointExtension>
<tp1:hr>163</tp1:hr>
</tp1:TrackPointExtension>
</extensions>
</trkpt>
<trkpt lat="59.11244139" lon="17.43609533">
<ele>79.2</ele>
<time>2026-09-20T10:31:17Z</time>
<extensions>
<tp1:TrackPointExtension>
<tp1:hr>163</tp1:hr>
</tp1:TrackPointExtension>
</extensions>
</trkpt>
<trkpt lat="59.11245497" lon="17.43607161">
<ele>79.4</ele>
<time>2026-09-20T10:31:18Z</time>
<extensions>
<tp1:TrackPointExtension>
<tp1:hr>162</tp1:hr>
</tp1:TrackPointExtension>
</extensions>
</trkpt>
<trkpt lat="59.11246235" lon="17.43604839">
<ele>79.8</ele>
<time>2026-09-20T10:31:19Z</time>
<extensions>
<tp1:TrackPointExtension>
<tp1:hr>162</tp1:hr>
</tp1:TrackPointExtension>
</extensions>
</trkpt>
<trkpt lat="59.11247316" lon="17.43602358">
<ele>80.0</ele>
<time>2026-09-20T10:31:20Z</time>
<extensions>
<tp1:TrackPointExtension>
<tp1:hr>162</tp1:hr>
</tp1:TrackPointExtension>
</extensions>
</trkpt>
<trkpt lat="59.11248615" lon="17.43600095">
<ele>80.2</ele>
<time>2026-09-20T10:31:21Z</time>
<extensions>
<tp1:TrackPointExtension>
<tp1:hr>162</tp1:hr>
</tp1:TrackPointExtension>
</extensions>
</trkpt>
<trkpt lat="59.11249269" lon="17.43598485">
<ele>80.4</ele>
<time>2026-09-20T10:31:22Z</time>
<extensions>
<tp1:TrackPointExtension>
<tp1:hr>162</tp1:hr>
</tp1:TrackPointExtension>
</extensions>
</trkpt>
<trkpt lat="59.11250283" lon="17.43596222">
<ele>80.6</ele>
<time>2026-09-20T10:31:23Z</time>
<extensions>
<tp1:TrackPointExtension>
<tp1:hr>162</tp1:hr>
</tp1:TrackPointExtension>
</extensions>
</trkpt>
<trkpt lat="59.11249906" lon="17.43595929">
<ele>80.8</ele>
<time>2026-09-20T10:31:24Z</time>
<extensions>
<tp1:TrackPointExtension>
<tp1:hr>162</tp1:hr>
</tp1:TrackPointExtension>
</extensions>
</trkpt>
<trkpt lat="59.11250149" lon="17.43591721">
<ele>81.2</ele>
<time>2026-09-20T10:31:25Z</time>
<extensions>
<tp1:TrackPointExtension>
<tp1:hr>162</tp1:hr>
</tp1:TrackPointExtension>
</extensions>
</trkpt>
<trkpt lat="59.11250275" lon="17.43587832">
<ele>81.6</ele>
<time>2026-09-20T10:31:26Z</time>
<extensions>
<tp1:TrackPointExtension>
<tp1:hr>162</tp1:hr>
</tp1:TrackPointExtension>
</extensions>
</trkpt>
<trkpt lat="59.11249252" lon="17.43584664">
<ele>82.0</ele>
<time>2026-09-20T10:31:27Z</time>
<extensions>
<tp1:TrackPointExtension>
<tp1:hr>162</tp1:hr>
</tp1:TrackPointExtension>
</extensions>
</trkpt>
<trkpt lat="59.11248431" lon="17.43581219">
<ele>82.2</ele>
<time>2026-09-20T10:31:28Z</time>
<extensions>
<tp1:TrackPointExtension>
<tp1:hr>161</tp1:hr>
</tp1:TrackPointExtension>
</extensions>
</trkpt>
<trkpt lat="59.11247735" lon="17.43578495">
<ele>82.4</ele>
<time>2026-09-20T10:31:29Z</time>
<extensions>
<tp1:TrackPointExtension>
<tp1:hr>161</tp1:hr>
</tp1:TrackPointExtension>
</extensions>
</trkpt>
<trkpt lat="59.11247408" lon="17.43573507">
<ele>82.6</ele>
<time>2026-09-20T10:31:30Z</time>
<extensions>
<tp1:TrackPointExtension>
<tp1:hr>161</tp1:hr>
</tp1:TrackPointExtension>
</extensions>
</trkpt>
<trkpt lat="59.11247601" lon="17.43569241">
<ele>82.6</ele>
<time>2026-09-20T10:31:31Z</time>
<extensions>
<tp1:TrackPointExtension>
<tp1:hr>161</tp1:hr>
</tp1:TrackPointExtension>
</extensions>
</trkpt>
<trkpt lat="59.11248188" lon="17.43565779">
<ele>82.2</ele>
<time>2026-09-20T10:31:32Z</time>
<extensions>
<tp1:TrackPointExtension>
<tp1:hr>161</tp1:hr>
</tp1:TrackPointExtension>
</extensions>
</trkpt>
<trkpt lat="59.1124869" lon="17.43563323">
<ele>81.8</ele>
<time>2026-09-20T10:31:33Z</time>
<extensions>
<tp1:TrackPointExtension>
<tp1:hr>162</tp1:hr>
</tp1:TrackPointExtension>
</extensions>
</trkpt>
<trkpt lat="59.1124952" lon="17.43560473">
<ele>81.2</ele>
<time>2026-09-20T10:31:34Z</time>
<extensions>
<tp1:TrackPointExtension>
<tp1:hr>162</tp1:hr>
</tp1:TrackPointExtension>
</extensions>
</trkpt>
<trkpt lat="59.11251063" lon="17.43558453">
<ele>80.4</ele>
<time>2026-09-20T10:31:35Z</time>
<extensions>
<tp1:TrackPointExtension>
<tp1:hr>162</tp1:hr>
</tp1:TrackPointExtension>
</extensions>
</trkpt>
<trkpt lat="59.11252923" lon="17.43557213">
<ele>80.0</ele>
<time>2026-09-20T10:31:36Z</time>
<extensions>
<tp1:TrackPointExtension>
<tp1:hr>162</tp1:hr>
</tp1:TrackPointExtension>
</extensions>
</trkpt>
<trkpt lat="59.11254809" lon="17.43556123">
<ele>79.6</ele>
<time>2026-09-20T10:31:37Z</time>
<extensions>
<tp1:TrackPointExtension>
<tp1:hr>162</tp1:hr>
</tp1:TrackPointExtension>
</extensions>
</trkpt>
<trkpt lat="59.11256813" lon="17.43555436">
<ele>79.4</ele>
<time>2026-09-20T10:31:38Z</time>
<extensions>
<tp1:TrackPointExtension>
<tp1:hr>162</tp1:hr>
</tp1:TrackPointExtension>
</extensions>
</trkpt>
<trkpt lat="59.11258648" lon="17.43554723">
<ele>79.4</ele>
<time>2026-09-20T10:31:39Z</time>
<extensions>
<tp1:TrackPointExtension>
<tp1:hr>161</tp1:hr>
</tp1:TrackPointExtension>
</extensions>
</trkpt>
<trkpt lat="59.11260517" lon="17.43553827">
<ele>79.6</ele>
<time>2026-09-20T10:31:40Z</time>
<extensions>
<tp1:TrackPointExtension>
<tp1:hr>161</tp1:hr>
</tp1:TrackPointExtension>
</extensions>
</trkpt>
<trkpt lat="59.11263258" lon="17.43551739">
<ele>79.8</ele>
<time>2026-09-20T10:31:41Z</time>
<extensions>
<tp1:TrackPointExtension>
<tp1:hr>161</tp1:hr>
</tp1:TrackPointExtension>
</extensions>
</trkpt>
<trkpt lat="59.1126558" lon="17.43549535">
<ele>80.0</ele>
<time>2026-09-20T10:31:42Z</time>
<extensions>
<tp1:TrackPointExtension>
<tp1:hr>161</tp1:hr>
</tp1:TrackPointExtension>
</extensions>
</trkpt>
<trkpt lat="59.11267022" lon="17.43547264">
<ele>80.4</ele>
<time>2026-09-20T10:31:43Z</time>
<extensions>
<tp1:TrackPointExtension>
<tp1:hr>161</tp1:hr>
</tp1:TrackPointExtension>
</extensions>
</trkpt>
<trkpt lat="59.11267927" lon="17.43544389">
<ele>80.6</ele>
<time>2026-09-20T10:31:44Z</time>
<extensions>
<tp1:TrackPointExtension>
<tp1:hr>161</tp1:hr>
</tp1:TrackPointExtension>
</extensions>
</trkpt>
<trkpt lat="59.11270475" lon="17.4354184">
<ele>80.8</ele>
<time>2026-09-20T10:31:45Z</time>
<extensions>
<tp1:TrackPointExtension>
<tp1:hr>161</tp1:hr>
</tp1:TrackPointExtension>
</extensions>
</trkpt>
<trkpt lat="59.11272302" lon="17.43540994">
<ele>81.0</ele>
<time>2026-09-20T10:31:46Z</time>
<extensions>
<tp1:TrackPointExtension>
<tp1:hr>161</tp1:hr>
</tp1:TrackPointExtension>
</extensions>
</trkpt>
<trkpt lat="59.11274163" lon="17.4354091">
<ele>81.0</ele>
<time>2026-09-20T10:31:47Z</time>
<extensions>
<tp1:TrackPointExtension>
<tp1:hr>160</tp1:hr>
</tp1:TrackPointExtension>
</extensions>
</trkpt>
<trkpt lat="59.11276233" lon="17.43541706">
<ele>81.4</ele>
<time>2026-09-20T10:31:48Z</time>
<extensions>
<tp1:TrackPointExtension>
<tp1:hr>160</tp1:hr>
</tp1:TrackPointExtension>
</extensions>
</trkpt>
<trkpt lat="59.11278052" lon="17.43542612">
<ele>81.6</ele>
<time>2026-09-20T10:31:49Z</time>
<extensions>
<tp1:TrackPointExtension>
<tp1:hr>160</tp1:hr>
</tp1:TrackPointExtension>
</extensions>
</trkpt>
<trkpt lat="59.11280089" lon="17.43542989">
<ele>81.8</ele>
<time>2026-09-20T10:31:50Z</time>
<extensions>
<tp1:TrackPointExtension>
<tp1:hr>161</tp1:hr>
</tp1:TrackPointExtension>
</extensions>
</trkpt>
<trkpt lat="59.1128221" lon="17.43543517">
<ele>82.2</ele>
<time>2026-09-20T10:31:51Z</time>
<extensions>
<tp1:TrackPointExtension>
<tp1:hr>161</tp1:hr>
</tp1:TrackPointExtension>
</extensions>
</trkpt>
<trkpt lat="59.11284666" lon="17.43543785">
<ele>82.6</ele>
<time>2026-09-20T10:31:52Z</time>
<extensions>
<tp1:TrackPointExtension>
<tp1:hr>161</tp1:hr>
</tp1:TrackPointExtension>
</extensions>
</trkpt>
<trkpt lat="59.11286191" lon="17.43542084">
<ele>83.0</ele>
<time>2026-09-20T10:31:53Z</time>
<extensions>
<tp1:TrackPointExtension>
<tp1:hr>161</tp1:hr>
</tp1:TrackPointExtension>
</extensions>
</trkpt>
<trkpt lat="59.11288094" lon="17.43540583">
<ele>83.6</ele>
<time>2026-09-20T10:31:54Z</time>
<extensions>
<tp1:TrackPointExtension>
<tp1:hr>161</tp1:hr>
</tp1:TrackPointExtension>
</extensions>
</trkpt>
<trkpt lat="59.11289653" lon="17.43538253">
<ele>84.0</ele>
<time>2026-09-20T10:31:55Z</time>
<extensions>
<tp1:TrackPointExtension>
<tp1:hr>161</tp1:hr>
</tp1:TrackPointExtension>
</extensions>
</trkpt>
<trkpt lat="59.11292159" lon="17.43535688">
<ele>84.4</ele>
<time>2026-09-20T10:31:56Z</time>
<extensions>
<tp1:TrackPointExtension>
<tp1:hr>161</tp1:hr>
</tp1:TrackPointExtension>
</extensions>
</trkpt>
<trkpt lat="59.11294623" lon="17.43532495">
<ele>84.4</ele>
<time>2026-09-20T10:31:57Z</time>
<extensions>
<tp1:TrackPointExtension>
<tp1:hr>162</tp1:hr>
</tp1:TrackPointExtension>
</extensions>
</trkpt>
<trkpt lat="59.11296937" lon="17.43530232">
<ele>84.2</ele>
<time>2026-09-20T10:31:58Z</time>
<extensions>
<tp1:TrackPointExtension>
<tp1:hr>162</tp1:hr>
</tp1:TrackPointExtension>
</extensions>
</trkpt>
<trkpt lat="59.11299418" lon="17.43528086">
<ele>83.8</ele>
<time>2026-09-20T10:31:59Z</time>
<extensions>
<tp1:TrackPointExtension>
<tp1:hr>162</tp1:hr>
</tp1:TrackPointExtension>
</extensions>
</trkpt>
<trkpt lat="59.11302033" lon="17.43526518">
<ele>83.4</ele>
<time>2026-09-20T10:32:00Z</time>
<extensions>
<tp1:TrackPointExtension>
<tp1:hr>162</tp1:hr>
</tp1:TrackPointExtension>
</extensions>
</trkpt>
<trkpt lat="59.11304874" lon="17.43524104">
<ele>83.0</ele>
<time>2026-09-20T10:32:01Z</time>
<extensions>
<tp1:TrackPointExtension>
<tp1:hr>163</tp1:hr>
</tp1:TrackPointExtension>
</extensions>
</trkpt>
<trkpt lat="59.11307045" lon="17.43520701">
<ele>82.6</ele>
<time>2026-09-20T10:32:02Z</time>
<extensions>
<tp1:TrackPointExtension>
<tp1:hr>163</tp1:hr>
</tp1:TrackPointExtension>
</extensions>
</trkpt>
<trkpt lat="59.11308462" lon="17.43517533">
<ele>82.4</ele>
<time>2026-09-20T10:32:03Z</time>
<extensions>
<tp1:TrackPointExtension>
<tp1:hr>164</tp1:hr>
</tp1:TrackPointExtension>
</extensions>
</trkpt>
<trkpt lat="59.11310323" lon="17.4351237">
<ele>82.4</ele>
<time>2026-09-20T10:32:04Z</time>
<extensions>
<tp1:TrackPointExtension>
<tp1:hr>164</tp1:hr>
</tp1:TrackPointExtension>
</extensions>
</trkpt>
<trkpt lat="59.11311932" lon="17.43509738">
<ele>82.2</ele>
<time>2026-09-20T10:32:05Z</time>
<extensions>
<tp1:TrackPointExtension>
<tp1:hr>164</tp1:hr>
</tp1:TrackPointExtension>
</extensions>
</trkpt>
<trkpt lat="59.11312728" lon="17.43509151">
<ele>82.2</ele>
<time>2026-09-20T10:32:06Z</time>
<extensions>
<tp1:TrackPointExtension>
<tp1:hr>163</tp1:hr>
</tp1:TrackPointExtension>
</extensions>
</trkpt>
<trkpt lat="59.11313969" lon="17.43506762">
<ele>82.0</ele>
<time>2026-09-20T10:32:07Z</time>
<extensions>
<tp1:TrackPointExtension>
<tp1:hr>163</tp1:hr>
</tp1:TrackPointExtension>
</extensions>
</trkpt>
<trkpt lat="59.11316668" lon="17.43504667">
<ele>81.8</ele>
<time>2026-09-20T10:32:08Z</time>
<extensions>
<tp1:TrackPointExtension>
<tp1:hr>163</tp1:hr>
</tp1:TrackPointExtension>
</extensions>
</trkpt>
<trkpt lat="59.11318478" lon="17.43505262">
<ele>81.6</ele>
<time>2026-09-20T10:32:09Z</time>
<extensions>
<tp1:TrackPointExtension>
<tp1:hr>163</tp1:hr>
</tp1:TrackPointExtension>
</extensions>
</trkpt>
<trkpt lat="59.11320783" lon="17.43504449">
<ele>81.6</ele>
<time>2026-09-20T10:32:10Z</time>
<extensions>
<tp1:TrackPointExtension>
<tp1:hr>163</tp1:hr>
</tp1:TrackPointExtension>
</extensions>
</trkpt>
<trkpt lat="59.1132339" lon="17.43502236">
<ele>81.4</ele>
<time>2026-09-20T10:32:11Z</time>
<extensions>
<tp1:TrackPointExtension>
<tp1:hr>163</tp1:hr>
</tp1:TrackPointExtension>
</extensions>
</trkpt>
<trkpt lat="59.11324857" lon="17.43501607">
<ele>81.4</ele>
<time>2026-09-20T10:32:12Z</time>
<extensions>
<tp1:TrackPointExtension>
<tp1:hr>162</tp1:hr>
</tp1:TrackPointExtension>
</extensions>
</trkpt>
<trkpt lat="59.11325737" lon="17.43498565">
<ele>81.2</ele>
<time>2026-09-20T10:32:13Z</time>
<extensions>
<tp1:TrackPointExtension>
<tp1:hr>162</tp1:hr>
</tp1:TrackPointExtension>
</extensions>
</trkpt>
<trkpt lat="59.11326986" lon="17.43494508">
<ele>81.1</ele>
<time>2026-09-20T10:32:14Z</time>
<extensions>
<tp1:TrackPointExtension>
<tp1:hr>162</tp1:hr>
</tp1:TrackPointExtension>
</extensions>
</trkpt>
<trkpt lat="59.11328604" lon="17.43490359">
<ele>80.3</ele>
<time>2026-09-20T10:32:15Z</time>
<extensions>
<tp1:TrackPointExtension>
<tp1:hr>163</tp1:hr>
</tp1:TrackPointExtension>
</extensions>
</trkpt>
<trkpt lat="59.11331026" lon="17.43486227">
<ele>79.3</ele>
<time>2026-09-20T10:32:16Z</time>
<extensions>
<tp1:TrackPointExtension>
<tp1:hr>163</tp1:hr>
</tp1:TrackPointExtension>
</extensions>
</trkpt>
<trkpt lat="59.11333113" lon="17.43482748">
<ele>78.7</ele>
<time>2026-09-20T10:32:17Z</time>
<extensions>
<tp1:TrackPointExtension>
<tp1:hr>162</tp1:hr>
</tp1:TrackPointExtension>
</extensions>
</trkpt>
<trkpt lat="59.1133458" lon="17.4347994">
<ele>78.1</ele>
<time>2026-09-20T10:32:18Z</time>
<extensions>
<tp1:TrackPointExtension>
<tp1:hr>162</tp1:hr>
</tp1:TrackPointExtension>
</extensions>
</trkpt>
<trkpt lat="59.1133582" lon="17.43476797">
<ele>77.3</ele>
<time>2026-09-20T10:32:19Z</time>
<extensions>
<tp1:TrackPointExtension>
<tp1:hr>162</tp1:hr>
</tp1:TrackPointExtension>
</extensions>
</trkpt>
<trkpt lat="59.11336977" lon="17.43472958">
<ele>76.7</ele>
<time>2026-09-20T10:32:20Z</time>
<extensions>
<tp1:TrackPointExtension>
<tp1:hr>162</tp1:hr>
</tp1:TrackPointExtension>
</extensions>
</trkpt>
<trkpt lat="59.11339039" lon="17.43468784">
<ele>75.9</ele>
<time>2026-09-20T10:32:21Z</time>
<extensions>
<tp1:TrackPointExtension>
<tp1:hr>162</tp1:hr>
</tp1:TrackPointExtension>
</extensions>
</trkpt>
<trkpt lat="59.11341168" lon="17.43465641">
<ele>75.9</ele>
<time>2026-09-20T10:32:22Z</time>
<extensions>
<tp1:TrackPointExtension>
<tp1:hr>162</tp1:hr>
</tp1:TrackPointExtension>
</extensions>
</trkpt>
<trkpt lat="59.1134318" lon="17.43462414">
<ele>75.9</ele>
<time>2026-09-20T10:32:23Z</time>
<extensions>
<tp1:TrackPointExtension>
<tp1:hr>162</tp1:hr>
</tp1:TrackPointExtension>
</extensions>
</trkpt>
<trkpt lat="59.11343926" lon="17.43460075">
<ele>75.9</ele>
<time>2026-09-20T10:32:24Z</time>
<extensions>
<tp1:TrackPointExtension>
<tp1:hr>162</tp1:hr>
</tp1:TrackPointExtension>
</extensions>
</trkpt>
<trkpt lat="59.11345359" lon="17.43457736">
<ele>75.9</ele>
<time>2026-09-20T10:32:25Z</time>
<extensions>
<tp1:TrackPointExtension>
<tp1:hr>161</tp1:hr>
</tp1:TrackPointExtension>
</extensions>
</trkpt>
<trkpt lat="59.11346457" lon="17.43450989">
<ele>75.7</ele>
<time>2026-09-20T10:32:26Z</time>
<extensions>
<tp1:TrackPointExtension>
<tp1:hr>161</tp1:hr>
</tp1:TrackPointExtension>
</extensions>
</trkpt>
<trkpt lat="59.1134763" lon="17.43445289">
<ele>75.1</ele>
<time>2026-09-20T10:32:27Z</time>
<extensions>
<tp1:TrackPointExtension>
<tp1:hr>161</tp1:hr>
</tp1:TrackPointExtension>
</extensions>
</trkpt>
<trkpt lat="59.11348184" lon="17.4344057">
<ele>74.5</ele>
<time>2026-09-20T10:32:28Z</time>
<extensions>
<tp1:TrackPointExtension>
<tp1:hr>161</tp1:hr>
</tp1:TrackPointExtension>
</extensions>
</trkpt>
<trkpt lat="59.11349441" lon="17.43434577">
<ele>73.9</ele>
<time>2026-09-20T10:32:29Z</time>
<extensions>
<tp1:TrackPointExtension>
<tp1:hr>160</tp1:hr>
</tp1:TrackPointExtension>
</extensions>
</trkpt>
<trkpt lat="59.11351746" lon="17.43429699">
<ele>73.3</ele>
<time>2026-09-20T10:32:30Z</time>
<extensions>
<tp1:TrackPointExtension>
<tp1:hr>160</tp1:hr>
</tp1:TrackPointExtension>
</extensions>
</trkpt>
<trkpt lat="59.11353506" lon="17.43426145">
<ele>72.9</ele>
<time>2026-09-20T10:32:31Z</time>
<extensions>
<tp1:TrackPointExtension>
<tp1:hr>160</tp1:hr>
</tp1:TrackPointExtension>
</extensions>
</trkpt>
<trkpt lat="59.11354763" lon="17.43422574">
<ele>72.5</ele>
<time>2026-09-20T10:32:32Z</time>
<extensions>
<tp1:TrackPointExtension>
<tp1:hr>160</tp1:hr>
</tp1:TrackPointExtension>
</extensions>
</trkpt>
<trkpt lat="59.11357488" lon="17.43418342">
<ele>72.3</ele>
<time>2026-09-20T10:32:33Z</time>
<extensions>
<tp1:TrackPointExtension>
<tp1:hr>160</tp1:hr>
</tp1:TrackPointExtension>
</extensions>
</trkpt>
<trkpt lat="59.11360622" lon="17.43415944">
<ele>72.1</ele>
<time>2026-09-20T10:32:34Z</time>
<extensions>
<tp1:TrackPointExtension>
<tp1:hr>159</tp1:hr>
</tp1:TrackPointExtension>
</extensions>
</trkpt>
<trkpt lat="59.11363145" lon="17.43414695">
<ele>72.1</ele>
<time>2026-09-20T10:32:35Z</time>
<extensions>
<tp1:TrackPointExtension>
<tp1:hr>159</tp1:hr>
</tp1:TrackPointExtension>
</extensions>
</trkpt>
<trkpt lat="59.1136571" lon="17.434127">
<ele>72.1</ele>
<time>2026-09-20T10:32:36Z</time>
<extensions>
<tp1:TrackPointExtension>
<tp1:hr>158</tp1:hr>
</tp1:TrackPointExtension>
</extensions>
</trkpt>
<trkpt lat="59.11368853" lon="17.43413329">
<ele>72.3</ele>
<time>2026-09-20T10:32:37Z</time>
<extensions>
<tp1:TrackPointExtension>
<tp1:hr>158</tp1:hr>
</tp1:TrackPointExtension>
</extensions>
</trkpt>
<trkpt lat="59.11371544" lon="17.43414436">
<ele>72.5</ele>
<time>2026-09-20T10:32:38Z</time>
<extensions>
<tp1:TrackPointExtension>
<tp1:hr>157</tp1:hr>
</tp1:TrackPointExtension>
</extensions>
</trkpt>
<trkpt lat="59.11373883" lon="17.43414444">
<ele>72.5</ele>
<time>2026-09-20T10:32:39Z</time>
<extensions>
<tp1:TrackPointExtension>
<tp1:hr>157</tp1:hr>
</tp1:TrackPointExtension>
</extensions>
</trkpt>
<trkpt lat="59.1137654" lon="17.43413413">
<ele>72.5</ele>
<time>2026-09-20T10:32:40Z</time>
<extensions>
<tp1:TrackPointExtension>
<tp1:hr>157</tp1:hr>
</tp1:TrackPointExtension>
</extensions>
</trkpt>
<trkpt lat="59.11378224" lon="17.43411829">
<ele>72.5</ele>
<time>2026-09-20T10:32:41Z</time>
<extensions>
<tp1:TrackPointExtension>
<tp1:hr>158</tp1:hr>
</tp1:TrackPointExtension>
</extensions>
</trkpt>
<trkpt lat="59.11379297" lon="17.4341141">
<ele>72.5</ele>
<time>2026-09-20T10:32:42Z</time>
<extensions>
<tp1:TrackPointExtension>
<tp1:hr>158</tp1:hr>
</tp1:TrackPointExtension>
</extensions>
</trkpt>
<trkpt lat="59.11379616" lon="17.43413748">
<ele>72.3</ele>
<time>2026-09-20T10:32:43Z</time>
<extensions>
<tp1:TrackPointExtension>
<tp1:hr>158</tp1:hr>
</tp1:TrackPointExtension>
</extensions>
</trkpt>
<trkpt lat="59.11378987" lon="17.43417855">
<ele>72.3</ele>
<time>2026-09-20T10:32:44Z</time>
<extensions>
<tp1:TrackPointExtension>
<tp1:hr>158</tp1:hr>
</tp1:TrackPointExtension>
</extensions>
</trkpt>
<trkpt lat="59.11379599" lon="17.43422214">
<ele>72.3</ele>
<time>2026-09-20T10:32:45Z</time>
<extensions>
<tp1:TrackPointExtension>
<tp1:hr>158</tp1:hr>
</tp1:TrackPointExtension>
</extensions>
</trkpt>
<trkpt lat="59.11380731" lon="17.43426137">
<ele>72.3</ele>
<time>2026-09-20T10:32:46Z</time>
<extensions>
<tp1:TrackPointExtension>
<tp1:hr>158</tp1:hr>
</tp1:TrackPointExtension>
</extensions>
</trkpt>
<trkpt lat="59.11381929" lon="17.43431685">
<ele>72.3</ele>
<time>2026-09-20T10:32:47Z</time>
<extensions>
<tp1:TrackPointExtension>
<tp1:hr>158</tp1:hr>
</tp1:TrackPointExtension>
</extensions>
</trkpt>
<trkpt lat="59.11383304" lon="17.43437494">
<ele>72.3</ele>
<time>2026-09-20T10:32:48Z</time>
<extensions>
<tp1:TrackPointExtension>
<tp1:hr>159</tp1:hr>
</tp1:TrackPointExtension>
</extensions>
</trkpt>
<trkpt lat="59.11385148" lon="17.43442481">
<ele>72.3</ele>
<time>2026-09-20T10:32:49Z</time>
<extensions>
<tp1:TrackPointExtension>
<tp1:hr>159</tp1:hr>
</tp1:TrackPointExtension>
</extensions>
</trkpt>
<trkpt lat="59.11387042" lon="17.43446656">
<ele>72.1</ele>
<time>2026-09-20T10:32:50Z</time>
<extensions>
<tp1:TrackPointExtension>
<tp1:hr>159</tp1:hr>
</tp1:TrackPointExtension>
</extensions>
</trkpt>
<trkpt lat="59.11390118" lon="17.43449992">
<ele>71.9</ele>
<time>2026-09-20T10:32:51Z</time>
<extensions>
<tp1:TrackPointExtension>
<tp1:hr>159</tp1:hr>
</tp1:TrackPointExtension>
</extensions>
</trkpt>
<trkpt lat="59.11393018" lon="17.43453998">
<ele>71.9</ele>
<time>2026-09-20T10:32:52Z</time>
<extensions>
<tp1:TrackPointExtension>
<tp1:hr>160</tp1:hr>
</tp1:TrackPointExtension>
</extensions>
</trkpt>
<trkpt lat="59.11395164" lon="17.4345886">
<ele>71.9</ele>
<time>2026-09-20T10:32:53Z</time>
<extensions>
<tp1:TrackPointExtension>
<tp1:hr>160</tp1:hr>
</tp1:TrackPointExtension>
</extensions>
</trkpt>
<trkpt lat="59.11397184" lon="17.43462053">
<ele>71.7</ele>
<time>2026-09-20T10:32:54Z</time>
<extensions>
<tp1:TrackPointExtension>
<tp1:hr>160</tp1:hr>
</tp1:TrackPointExtension>
</extensions>
</trkpt>
<trkpt lat="59.11398819" lon="17.43469002">
<ele>71.7</ele>
<time>2026-09-20T10:32:55Z</time>
<extensions>
<tp1:TrackPointExtension>
<tp1:hr>160</tp1:hr>
</tp1:TrackPointExtension>
</extensions>
</trkpt>
<trkpt lat="59.11399908" lon="17.43475322">
<ele>71.5</ele>
<time>2026-09-20T10:32:56Z</time>
<extensions>
<tp1:TrackPointExtension>
<tp1:hr>160</tp1:hr>
</tp1:TrackPointExtension>
</extensions>
</trkpt>
<trkpt lat="59.11401275" lon="17.43480426">
<ele>71.5</ele>
<time>2026-09-20T10:32:57Z</time>
<extensions>
<tp1:TrackPointExtension>
<tp1:hr>161</tp1:hr>
</tp1:TrackPointExtension>
</extensions>
</trkpt>
<trkpt lat="59.1140254" lon="17.43488481">
<ele>71.3</ele>
<time>2026-09-20T10:32:58Z</time>
<extensions>
<tp1:TrackPointExtension>
<tp1:hr>160</tp1:hr>
</tp1:TrackPointExtension>
</extensions>
</trkpt>
<trkpt lat="59.11403177" lon="17.43494784">
<ele>71.3</ele>
<time>2026-09-20T10:32:59Z</time>
<extensions>
<tp1:TrackPointExtension>
<tp1:hr>160</tp1:hr>
</tp1:TrackPointExtension>
</extensions>
</trkpt>
<trkpt lat="59.11403026" lon="17.43501104">
<ele>71.3</ele>
<time>2026-09-20T10:33:00Z</time>
<extensions>
<tp1:TrackPointExtension>
<tp1:hr>160</tp1:hr>
</tp1:TrackPointExtension>
</extensions>
</trkpt>
<trkpt lat="59.11403135" lon="17.43507902">
<ele>71.1</ele>
<time>2026-09-20T10:33:01Z</time>
<extensions>
<tp1:TrackPointExtension>
<tp1:hr>160</tp1:hr>
</tp1:TrackPointExtension>
</extensions>
</trkpt>
<trkpt lat="59.11403052" lon="17.43513007">
<ele>71.1</ele>
<time>2026-09-20T10:33:02Z</time>
<extensions>
<tp1:TrackPointExtension>
<tp1:hr>160</tp1:hr>
</tp1:TrackPointExtension>
</extensions>
</trkpt>
<trkpt lat="59.11402574" lon="17.43518078">
<ele>71.3</ele>
<time>2026-09-20T10:33:03Z</time>
<extensions>
<tp1:TrackPointExtension>
<tp1:hr>161</tp1:hr>
</tp1:TrackPointExtension>
</extensions>
</trkpt>
<trkpt lat="59.11402674" lon="17.43522185">
<ele>71.3</ele>
<time>2026-09-20T10:33:04Z</time>
<extensions>
<tp1:TrackPointExtension>
<tp1:hr>161</tp1:hr>
</tp1:TrackPointExtension>
</extensions>
</trkpt>
<trkpt lat="59.11402884" lon="17.43526476">
<ele>71.5</ele>
<time>2026-09-20T10:33:05Z</time>
<extensions>
<tp1:TrackPointExtension>
<tp1:hr>161</tp1:hr>
</tp1:TrackPointExtension>
</extensions>
</trkpt>
<trkpt lat="59.11403513" lon="17.43532369">
<ele>71.7</ele>
<time>2026-09-20T10:33:06Z</time>
<extensions>
<tp1:TrackPointExtension>
<tp1:hr>161</tp1:hr>
</tp1:TrackPointExtension>
</extensions>
</trkpt>
<trkpt lat="59.11406178" lon="17.43536702">
<ele>71.7</ele>
<time>2026-09-20T10:33:07Z</time>
<extensions>
<tp1:TrackPointExtension>
<tp1:hr>161</tp1:hr>
</tp1:TrackPointExtension>
</extensions>
</trkpt>
<trkpt lat="59.1140767" lon="17.4354257">
<ele>71.9</ele>
<time>2026-09-20T10:33:08Z</time>
<extensions>
<tp1:TrackPointExtension>
<tp1:hr>161</tp1:hr>
</tp1:TrackPointExtension>
</extensions>
</trkpt>
<trkpt lat="59.11409154" lon="17.43548169">
<ele>71.7</ele>
<time>2026-09-20T10:33:09Z</time>
<extensions>
<tp1:TrackPointExtension>
<tp1:hr>162</tp1:hr>
</tp1:TrackPointExtension>
</extensions>
</trkpt>
<trkpt lat="59.1141109" lon="17.43552318">
<ele>71.7</ele>
<time>2026-09-20T10:33:10Z</time>
<extensions>
<tp1:TrackPointExtension>
<tp1:hr>161</tp1:hr>
</tp1:TrackPointExtension>
</extensions>
</trkpt>
<trkpt lat="59.11412532" lon="17.43555478">
<ele>71.7</ele>
<time>2026-09-20T10:33:11Z</time>
<extensions>
<tp1:TrackPointExtension>
<tp1:hr>161</tp1:hr>
</tp1:TrackPointExtension>
</extensions>
</trkpt>
<trkpt lat="59.11413864" lon="17.4356137">
<ele>71.7</ele>
<time>2026-09-20T10:33:12Z</time>
<extensions>
<tp1:TrackPointExtension>
<tp1:hr>162</tp1:hr>
</tp1:TrackPointExtension>
</extensions>
</trkpt>
<trkpt lat="59.11415096" lon="17.43565553">
<ele>71.7</ele>
<time>2026-09-20T10:33:13Z</time>
<extensions>
<tp1:TrackPointExtension>
<tp1:hr>162</tp1:hr>
</tp1:TrackPointExtension>
</extensions>
</trkpt>
<trkpt lat="59.11417007" lon="17.4356852">
<ele>71.7</ele>
<time>2026-09-20T10:33:14Z</time>
<extensions>
<tp1:TrackPointExtension>
<tp1:hr>163</tp1:hr>
</tp1:TrackPointExtension>
</extensions>
</trkpt>
<trkpt lat="59.11418608" lon="17.43572501">
<ele>71.9</ele>
<time>2026-09-20T10:33:15Z</time>
<extensions>
<tp1:TrackPointExtension>
<tp1:hr>163</tp1:hr>
</tp1:TrackPointExtension>
</extensions>
</trkpt>
<trkpt lat="59.11421006" lon="17.43576081">
<ele>71.9</ele>
<time>2026-09-20T10:33:16Z</time>
<extensions>
<tp1:TrackPointExtension>
<tp1:hr>163</tp1:hr>
</tp1:TrackPointExtension>
</extensions>
</trkpt>
<trkpt lat="59.11423269" lon="17.43577614">
<ele>71.9</ele>
<time>2026-09-20T10:33:17Z</time>
<extensions>
<tp1:TrackPointExtension>
<tp1:hr>164</tp1:hr>
</tp1:TrackPointExtension>
</extensions>
</trkpt>
<trkpt lat="59.11425314" lon="17.43581118">
<ele>71.9</ele>
<time>2026-09-20T10:33:18Z</time>
<extensions>
<tp1:TrackPointExtension>
<tp1:hr>164</tp1:hr>
</tp1:TrackPointExtension>
</extensions>
</trkpt>
<trkpt lat="59.11427736" lon="17.43584756">
<ele>71.9</ele>
<time>2026-09-20T10:33:19Z</time>
<extensions>
<tp1:TrackPointExtension>
<tp1:hr>164</tp1:hr>
</tp1:TrackPointExtension>
</extensions>
</trkpt>
<trkpt lat="59.11429748" lon="17.43587103">
<ele>71.9</ele>
<time>2026-09-20T10:33:20Z</time>
<extensions>
<tp1:TrackPointExtension>
<tp1:hr>164</tp1:hr>
</tp1:TrackPointExtension>
</extensions>
</trkpt>
<trkpt lat="59.11432271" lon="17.43590137">
<ele>72.3</ele>
<time>2026-09-20T10:33:21Z</time>
<extensions>
<tp1:TrackPointExtension>
<tp1:hr>164</tp1:hr>
</tp1:TrackPointExtension>
</extensions>
</trkpt>
<trkpt lat="59.11434484" lon="17.43594781">
<ele>72.5</ele>
<time>2026-09-20T10:33:22Z</time>
<extensions>
<tp1:TrackPointExtension>
<tp1:hr>163</tp1:hr>
</tp1:TrackPointExtension>
</extensions>
</trkpt>
<trkpt lat="59.11436026" lon="17.43598821">
<ele>72.6</ele>
<time>2026-09-20T10:33:23Z</time>
<extensions>
<tp1:TrackPointExtension>
<tp1:hr>163</tp1:hr>
</tp1:TrackPointExtension>
</extensions>
</trkpt>
<trkpt lat="59.11436898" lon="17.43603556">
<ele>73.0</ele>
<time>2026-09-20T10:33:24Z</time>
<extensions>
<tp1:TrackPointExtension>
<tp1:hr>163</tp1:hr>
</tp1:TrackPointExtension>
</extensions>
</trkpt>
<trkpt lat="59.11437367" lon="17.4360908">
<ele>73.2</ele>
<time>2026-09-20T10:33:25Z</time>
<extensions>
<tp1:TrackPointExtension>
<tp1:hr>163</tp1:hr>
</tp1:TrackPointExtension>
</extensions>
</trkpt>
<trkpt lat="59.11438063" lon="17.43614679">
<ele>73.0</ele>
<time>2026-09-20T10:33:26Z</time>
<extensions>
<tp1:TrackPointExtension>
<tp1:hr>163</tp1:hr>
</tp1:TrackPointExtension>
</extensions>
</trkpt>
<trkpt lat="59.1143963" lon="17.43620119">
<ele>73.0</ele>
<time>2026-09-20T10:33:27Z</time>
<extensions>
<tp1:TrackPointExtension>
<tp1:hr>164</tp1:hr>
</tp1:TrackPointExtension>
</extensions>
</trkpt>
<trkpt lat="59.11441248" lon="17.4362638">
<ele>73.0</ele>
<time>2026-09-20T10:33:28Z</time>
<extensions>
<tp1:TrackPointExtension>
<tp1:hr>163</tp1:hr>
</tp1:TrackPointExtension>
</extensions>
</trkpt>
<trkpt lat="59.11443209" lon="17.43631376">
<ele>72.8</ele>
<time>2026-09-20T10:33:29Z</time>
<extensions>
<tp1:TrackPointExtension>
<tp1:hr>163</tp1:hr>
</tp1:TrackPointExtension>
</extensions>
</trkpt>
<trkpt lat="59.11445095" lon="17.43637637">
<ele>72.8</ele>
<time>2026-09-20T10:33:30Z</time>
<extensions>
<tp1:TrackPointExtension>
<tp1:hr>164</tp1:hr>
</tp1:TrackPointExtension>
</extensions>
</trkpt>
<trkpt lat="59.11447098" lon="17.43644695">
<ele>72.8</ele>
<time>2026-09-20T10:33:31Z</time>
<extensions>
<tp1:TrackPointExtension>
<tp1:hr>164</tp1:hr>
</tp1:TrackPointExtension>
</extensions>
</trkpt>
<trkpt lat="59.11449051" lon="17.43648618">
<ele>73.0</ele>
<time>2026-09-20T10:33:32Z</time>
<extensions>
<tp1:TrackPointExtension>
<tp1:hr>164</tp1:hr>
</tp1:TrackPointExtension>
</extensions>
</trkpt>
<trkpt lat="59.11451331" lon="17.43653437">
<ele>73.0</ele>
<time>2026-09-20T10:33:33Z</time>
<extensions>
<tp1:TrackPointExtension>
<tp1:hr>164</tp1:hr>
</tp1:TrackPointExtension>
</extensions>
</trkpt>
<trkpt lat="59.1145362" lon="17.43658986">
<ele>73.2</ele>
<time>2026-09-20T10:33:34Z</time>
<extensions>
<tp1:TrackPointExtension>
<tp1:hr>164</tp1:hr>
</tp1:TrackPointExtension>
</extensions>
</trkpt>
<trkpt lat="59.11455212" lon="17.43664241">
<ele>73.2</ele>
<time>2026-09-20T10:33:35Z</time>
<extensions>
<tp1:TrackPointExtension>
<tp1:hr>164</tp1:hr>
</tp1:TrackPointExtension>
</extensions>
</trkpt>
<trkpt lat="59.11456394" lon="17.43669036">
<ele>73.2</ele>
<time>2026-09-20T10:33:36Z</time>
<extensions>
<tp1:TrackPointExtension>
<tp1:hr>165</tp1:hr>
</tp1:TrackPointExtension>
</extensions>
</trkpt>
<trkpt lat="59.11457911" lon="17.43674853">
<ele>73.2</ele>
<time>2026-09-20T10:33:37Z</time>
<extensions>
<tp1:TrackPointExtension>
<tp1:hr>165</tp1:hr>
</tp1:TrackPointExtension>
</extensions>
</trkpt>
<trkpt lat="59.11459068" lon="17.43681869">
<ele>73.2</ele>
<time>2026-09-20T10:33:38Z</time>
<extensions>
<tp1:TrackPointExtension>
<tp1:hr>165</tp1:hr>
</tp1:TrackPointExtension>
</extensions>
</trkpt>
<trkpt lat="59.11459495" lon="17.43689136">
<ele>73.4</ele>
<time>2026-09-20T10:33:39Z</time>
<extensions>
<tp1:TrackPointExtension>
<tp1:hr>166</tp1:hr>
</tp1:TrackPointExtension>
</extensions>
</trkpt>
<trkpt lat="59.11459437" lon="17.43694718">
<ele>73.6</ele>
<time>2026-09-20T10:33:40Z</time>
<extensions>
<tp1:TrackPointExtension>
<tp1:hr>166</tp1:hr>
</tp1:TrackPointExtension>
</extensions>
</trkpt>
<trkpt lat="59.11459638" lon="17.43700217">
<ele>73.8</ele>
<time>2026-09-20T10:33:41Z</time>
<extensions>
<tp1:TrackPointExtension>
<tp1:hr>166</tp1:hr>
</tp1:TrackPointExtension>
</extensions>
</trkpt>
<trkpt lat="59.1145968" lon="17.43704634">
<ele>74.0</ele>
<time>2026-09-20T10:33:42Z</time>
<extensions>
<tp1:TrackPointExtension>
<tp1:hr>166</tp1:hr>
</tp1:TrackPointExtension>
</extensions>
</trkpt>
<trkpt lat="59.11459621" lon="17.4371139">
<ele>74.2</ele>
<time>2026-09-20T10:33:43Z</time>
<extensions>
<tp1:TrackPointExtension>
<tp1:hr>165</tp1:hr>
</tp1:TrackPointExtension>
</extensions>
</trkpt>
<trkpt lat="59.11459227" lon="17.43717458">
<ele>74.2</ele>
<time>2026-09-20T10:33:44Z</time>
<extensions>
<tp1:TrackPointExtension>
<tp1:hr>166</tp1:hr>
</tp1:TrackPointExtension>
</extensions>
</trkpt>
<trkpt lat="59.11460107" lon="17.43721901">
<ele>74.4</ele>
<time>2026-09-20T10:33:45Z</time>
<extensions>
<tp1:TrackPointExtension>
<tp1:hr>166</tp1:hr>
</tp1:TrackPointExtension>
</extensions>
</trkpt>
<trkpt lat="59.11461289" lon="17.43724708">
<ele>74.6</ele>
<time>2026-09-20T10:33:46Z</time>
<extensions>
<tp1:TrackPointExtension>
<tp1:hr>166</tp1:hr>
</tp1:TrackPointExtension>
</extensions>
</trkpt>
<trkpt lat="59.11463745" lon="17.43726737">
<ele>74.8</ele>
<time>2026-09-20T10:33:47Z</time>
<extensions>
<tp1:TrackPointExtension>
<tp1:hr>166</tp1:hr>
</tp1:TrackPointExtension>
</extensions>
</trkpt>
<trkpt lat="59.11465505" lon="17.43730207">
<ele>75.2</ele>
<time>2026-09-20T10:33:48Z</time>
<extensions>
<tp1:TrackPointExtension>
<tp1:hr>166</tp1:hr>
</tp1:TrackPointExtension>
</extensions>
</trkpt>
<trkpt lat="59.1146719" lon="17.43732763">
<ele>75.4</ele>
<time>2026-09-20T10:33:49Z</time>
<extensions>
<tp1:TrackPointExtension>
<tp1:hr>167</tp1:hr>
</tp1:TrackPointExtension>
</extensions>
</trkpt>
<trkpt lat="59.11469067" lon="17.43735169">
<ele>75.6</ele>
<time>2026-09-20T10:33:50Z</time>
<extensions>
<tp1:TrackPointExtension>
<tp1:hr>167</tp1:hr>
</tp1:TrackPointExtension>
</extensions>
</trkpt>
<trkpt lat="59.11471012" lon="17.43739611">
<ele>76.0</ele>
<time>2026-09-20T10:33:51Z</time>
<extensions>
<tp1:TrackPointExtension>
<tp1:hr>167</tp1:hr>
</tp1:TrackPointExtension>
</extensions>
</trkpt>
<trkpt lat="59.11472026" lon="17.43745043">
<ele>76.4</ele>
<time>2026-09-20T10:33:52Z</time>
<extensions>
<tp1:TrackPointExtension>
<tp1:hr>168</tp1:hr>
</tp1:TrackPointExtension>
</extensions>
</trkpt>
<trkpt lat="59.11473367" lon="17.43748605">
<ele>76.6</ele>
<time>2026-09-20T10:33:53Z</time>
<extensions>
<tp1:TrackPointExtension>
<tp1:hr>168</tp1:hr>
</tp1:TrackPointExtension>
</extensions>
</trkpt>
<trkpt lat="59.11474826" lon="17.43751883">
<ele>76.6</ele>
<time>2026-09-20T10:33:54Z</time>
<extensions>
<tp1:TrackPointExtension>
<tp1:hr>169</tp1:hr>
</tp1:TrackPointExtension>
</extensions>
</trkpt>
<trkpt lat="59.11475832" lon="17.43757188">
<ele>76.8</ele>
<time>2026-09-20T10:33:55Z</time>
<extensions>
<tp1:TrackPointExtension>
<tp1:hr>169</tp1:hr>
</tp1:TrackPointExtension>
</extensions>
</trkpt>
<trkpt lat="59.11477835" lon="17.43761874">
<ele>77.0</ele>
<time>2026-09-20T10:33:56Z</time>
<extensions>
<tp1:TrackPointExtension>
<tp1:hr>170</tp1:hr>
</tp1:TrackPointExtension>
</extensions>
</trkpt>
<trkpt lat="59.11479956" lon="17.43765252">
<ele>77.0</ele>
<time>2026-09-20T10:33:57Z</time>
<extensions>
<tp1:TrackPointExtension>
<tp1:hr>170</tp1:hr>
</tp1:TrackPointExtension>
</extensions>
</trkpt>
<trkpt lat="59.11483116" lon="17.43770373">
<ele>77.0</ele>
<time>2026-09-20T10:33:58Z</time>
<extensions>
<tp1:TrackPointExtension>
<tp1:hr>169</tp1:hr>
</tp1:TrackPointExtension>
</extensions>
</trkpt>
<trkpt lat="59.11484976" lon="17.43774472">
<ele>77.2</ele>
<time>2026-09-20T10:33:59Z</time>
<extensions>
<tp1:TrackPointExtension>
<tp1:hr>169</tp1:hr>
</tp1:TrackPointExtension>
</extensions>
</trkpt>
<trkpt lat="59.1148656" lon="17.43778219">
<ele>77.0</ele>
<time>2026-09-20T10:34:00Z</time>
<extensions>
<tp1:TrackPointExtension>
<tp1:hr>169</tp1:hr>
</tp1:TrackPointExtension>
</extensions>
</trkpt>
<trkpt lat="59.11488287" lon="17.43783533">
<ele>77.0</ele>
<time>2026-09-20T10:34:01Z</time>
<extensions>
<tp1:TrackPointExtension>
<tp1:hr>169</tp1:hr>
</tp1:TrackPointExtension>
</extensions>
</trkpt>
<trkpt lat="59.11490039" lon="17.43788067">
<ele>77.0</ele>
<time>2026-09-20T10:34:02Z</time>
<extensions>
<tp1:TrackPointExtension>
<tp1:hr>169</tp1:hr>
</tp1:TrackPointExtension>
</extensions>
</trkpt>
<trkpt lat="59.11491665" lon="17.43792149">
<ele>76.8</ele>
<time>2026-09-20T10:34:03Z</time>
<extensions>
<tp1:TrackPointExtension>
<tp1:hr>168</tp1:hr>
</tp1:TrackPointExtension>
</extensions>
</trkpt>
<trkpt lat="59.1149314" lon="17.43796349">
<ele>76.6</ele>
<time>2026-09-20T10:34:04Z</time>
<extensions>
<tp1:TrackPointExtension>
<tp1:hr>169</tp1:hr>
</tp1:TrackPointExtension>
</extensions>
</trkpt>
<trkpt lat="59.11494272" lon="17.43800732">
<ele>76.8</ele>
<time>2026-09-20T10:34:05Z</time>
<extensions>
<tp1:TrackPointExtension>
<tp1:hr>169</tp1:hr>
</tp1:TrackPointExtension>
</extensions>
</trkpt>
<trkpt lat="59.11496292" lon="17.43804052">
<ele>76.8</ele>
<time>2026-09-20T10:34:06Z</time>
<extensions>
<tp1:TrackPointExtension>
<tp1:hr>168</tp1:hr>
</tp1:TrackPointExtension>
</extensions>
</trkpt>
<trkpt lat="59.11498647" lon="17.43808301">
<ele>76.8</ele>
<time>2026-09-20T10:34:07Z</time>
<extensions>
<tp1:TrackPointExtension>
<tp1:hr>167</tp1:hr>
</tp1:TrackPointExtension>
</extensions>
</trkpt>
<trkpt lat="59.11500667" lon="17.43814252">
<ele>77.0</ele>
<time>2026-09-20T10:34:08Z</time>
<extensions>
<tp1:TrackPointExtension>
<tp1:hr>166</tp1:hr>
</tp1:TrackPointExtension>
</extensions>
</trkpt>
<trkpt lat="59.11502729" lon="17.43818024">
<ele>77.2</ele>
<time>2026-09-20T10:34:09Z</time>
<extensions>
<tp1:TrackPointExtension>
<tp1:hr>165</tp1:hr>
</tp1:TrackPointExtension>
</extensions>
</trkpt>
<trkpt lat="59.11504808" lon="17.43822609">
<ele>77.4</ele>
<time>2026-09-20T10:34:10Z</time>
<extensions>
<tp1:TrackPointExtension>
<tp1:hr>164</tp1:hr>
</tp1:TrackPointExtension>
</extensions>
</trkpt>
<trkpt lat="59.11505939" lon="17.43829155">
<ele>77.4</ele>
<time>2026-09-20T10:34:11Z</time>
<extensions>
<tp1:TrackPointExtension>
<tp1:hr>164</tp1:hr>
</tp1:TrackPointExtension>
</extensions>
</trkpt>
<trkpt lat="59.11507348" lon="17.43832969">
<ele>77.4</ele>
<time>2026-09-20T10:34:12Z</time>
<extensions>
<tp1:TrackPointExtension>
<tp1:hr>164</tp1:hr>
</tp1:TrackPointExtension>
</extensions>
</trkpt>
<trkpt lat="59.11509342" lon="17.43836439">
<ele>77.6</ele>
<time>2026-09-20T10:34:13Z</time>
<extensions>
<tp1:TrackPointExtension>
<tp1:hr>164</tp1:hr>
</tp1:TrackPointExtension>
</extensions>
</trkpt>
<trkpt lat="59.1151086" lon="17.43841996">
<ele>77.6</ele>
<time>2026-09-20T10:34:14Z</time>
<extensions>
<tp1:TrackPointExtension>
<tp1:hr>163</tp1:hr>
</tp1:TrackPointExtension>
</extensions>
</trkpt>
<trkpt lat="59.11511924" lon="17.43847051">
<ele>78.0</ele>
<time>2026-09-20T10:34:15Z</time>
<extensions>
<tp1:TrackPointExtension>
<tp1:hr>163</tp1:hr>
</tp1:TrackPointExtension>
</extensions>
</trkpt>
<trkpt lat="59.11513106" lon="17.4385182">
<ele>78.0</ele>
<time>2026-09-20T10:34:16Z</time>
<extensions>
<tp1:TrackPointExtension>
<tp1:hr>163</tp1:hr>
</tp1:TrackPointExtension>
</extensions>
</trkpt>
<trkpt lat="59.11514439" lon="17.43856564">
<ele>78.2</ele>
<time>2026-09-20T10:34:17Z</time>
<extensions>
<tp1:TrackPointExtension>
<tp1:hr>163</tp1:hr>
</tp1:TrackPointExtension>
</extensions>
</trkpt>
<trkpt lat="59.11516258" lon="17.43860034">
<ele>78.4</ele>
<time>2026-09-20T10:34:18Z</time>
<extensions>
<tp1:TrackPointExtension>
<tp1:hr>163</tp1:hr>
</tp1:TrackPointExtension>
</extensions>
</trkpt>
<trkpt lat="59.11518286" lon="17.43862096">
<ele>78.6</ele>
<time>2026-09-20T10:34:19Z</time>
<extensions>
<tp1:TrackPointExtension>
<tp1:hr>163</tp1:hr>
</tp1:TrackPointExtension>
</extensions>
</trkpt>
<trkpt lat="59.11520314" lon="17.4386731">
<ele>78.4</ele>
<time>2026-09-20T10:34:20Z</time>
<extensions>
<tp1:TrackPointExtension>
<tp1:hr>163</tp1:hr>
</tp1:TrackPointExtension>
</extensions>
</trkpt>
<trkpt lat="59.115221" lon="17.43871777">
<ele>78.6</ele>
<time>2026-09-20T10:34:21Z</time>
<extensions>
<tp1:TrackPointExtension>
<tp1:hr>163</tp1:hr>
</tp1:TrackPointExtension>
</extensions>
</trkpt>
<trkpt lat="59.11524338" lon="17.43874443">
<ele>78.6</ele>
<time>2026-09-20T10:34:22Z</time>
<extensions>
<tp1:TrackPointExtension>
<tp1:hr>163</tp1:hr>
</tp1:TrackPointExtension>
</extensions>
</trkpt>
<trkpt lat="59.11526651" lon="17.43878961">
<ele>78.8</ele>
<time>2026-09-20T10:34:23Z</time>
<extensions>
<tp1:TrackPointExtension>
<tp1:hr>163</tp1:hr>
</tp1:TrackPointExtension>
</extensions>
</trkpt>
<trkpt lat="59.11528453" lon="17.438858">
<ele>78.8</ele>
<time>2026-09-20T10:34:24Z</time>
<extensions>
<tp1:TrackPointExtension>
<tp1:hr>164</tp1:hr>
</tp1:TrackPointExtension>
</extensions>
</trkpt>
<trkpt lat="59.11530834" lon="17.43889949">
<ele>79.2</ele>
<time>2026-09-20T10:34:25Z</time>
<extensions>
<tp1:TrackPointExtension>
<tp1:hr>164</tp1:hr>
</tp1:TrackPointExtension>
</extensions>
</trkpt>
<trkpt lat="59.11532829" lon="17.43894165">
<ele>79.2</ele>
<time>2026-09-20T10:34:26Z</time>
<extensions>
<tp1:TrackPointExtension>
<tp1:hr>164</tp1:hr>
</tp1:TrackPointExtension>
</extensions>
</trkpt>
<trkpt lat="59.11535343" lon="17.43900754">
<ele>79.4</ele>
<time>2026-09-20T10:34:27Z</time>
<extensions>
<tp1:TrackPointExtension>
<tp1:hr>164</tp1:hr>
</tp1:TrackPointExtension>
</extensions>
</trkpt>
<trkpt lat="59.11536701" lon="17.43905758">
<ele>79.6</ele>
<time>2026-09-20T10:34:28Z</time>
<extensions>
<tp1:TrackPointExtension>
<tp1:hr>164</tp1:hr>
</tp1:TrackPointExtension>
</extensions>
</trkpt>
<trkpt lat="59.11538151" lon="17.43909395">
<ele>79.6</ele>
<time>2026-09-20T10:34:29Z</time>
<extensions>
<tp1:TrackPointExtension>
<tp1:hr>164</tp1:hr>
</tp1:TrackPointExtension>
</extensions>
</trkpt>
<trkpt lat="59.1154023" lon="17.43912958">
<ele>79.6</ele>
<time>2026-09-20T10:34:30Z</time>
<extensions>
<tp1:TrackPointExtension>
<tp1:hr>164</tp1:hr>
</tp1:TrackPointExtension>
</extensions>
</trkpt>
<trkpt lat="59.11542216" lon="17.43917878">
<ele>79.8</ele>
<time>2026-09-20T10:34:31Z</time>
<extensions>
<tp1:TrackPointExtension>
<tp1:hr>164</tp1:hr>
</tp1:TrackPointExtension>
</extensions>
</trkpt>
<trkpt lat="59.11544555" lon="17.43921272">
<ele>79.9</ele>
<time>2026-09-20T10:34:32Z</time>
<extensions>
<tp1:TrackPointExtension>
<tp1:hr>164</tp1:hr>
</tp1:TrackPointExtension>
</extensions>
</trkpt>
<trkpt lat="59.11546432" lon="17.43924826">
<ele>79.9</ele>
<time>2026-09-20T10:34:33Z</time>
<extensions>
<tp1:TrackPointExtension>
<tp1:hr>164</tp1:hr>
</tp1:TrackPointExtension>
</extensions>
</trkpt>
<trkpt lat="59.1154857" lon="17.43928657">
<ele>79.9</ele>
<time>2026-09-20T10:34:34Z</time>
<extensions>
<tp1:TrackPointExtension>
<tp1:hr>164</tp1:hr>
</tp1:TrackPointExtension>
</extensions>
</trkpt>
<trkpt lat="59.11550573" lon="17.43931431">
<ele>80.1</ele>
<time>2026-09-20T10:34:35Z</time>
<extensions>
<tp1:TrackPointExtension>
<tp1:hr>164</tp1:hr>
</tp1:TrackPointExtension>
</extensions>
</trkpt>
<trkpt lat="59.11552518" lon="17.43934457">
<ele>80.1</ele>
<time>2026-09-20T10:34:36Z</time>
<extensions>
<tp1:TrackPointExtension>
<tp1:hr>164</tp1:hr>
</tp1:TrackPointExtension>
</extensions>
</trkpt>
<trkpt lat="59.11554395" lon="17.43938263">
<ele>80.1</ele>
<time>2026-09-20T10:34:37Z</time>
<extensions>
<tp1:TrackPointExtension>
<tp1:hr>164</tp1:hr>
</tp1:TrackPointExtension>
</extensions>
</trkpt>
<trkpt lat="59.11557731" lon="17.43941515">
<ele>80.1</ele>
<time>2026-09-20T10:34:38Z</time>
<extensions>
<tp1:TrackPointExtension>
<tp1:hr>164</tp1:hr>
</tp1:TrackPointExtension>
</extensions>
</trkpt>
<trkpt lat="59.11560279" lon="17.43943426">
<ele>80.1</ele>
<time>2026-09-20T10:34:39Z</time>
<extensions>
<tp1:TrackPointExtension>
<tp1:hr>163</tp1:hr>
</tp1:TrackPointExtension>
</extensions>
</trkpt>
<trkpt lat="59.11563003" lon="17.43943904">
<ele>80.1</ele>
<time>2026-09-20T10:34:40Z</time>
<extensions>
<tp1:TrackPointExtension>
<tp1:hr>164</tp1:hr>
</tp1:TrackPointExtension>
</extensions>
</trkpt>
<trkpt lat="59.11566876" lon="17.43944096">
<ele>80.3</ele>
<time>2026-09-20T10:34:41Z</time>
<extensions>
<tp1:TrackPointExtension>
<tp1:hr>164</tp1:hr>
</tp1:TrackPointExtension>
</extensions>
</trkpt>
<trkpt lat="59.11569214" lon="17.43942873">
<ele>80.5</ele>
<time>2026-09-20T10:34:42Z</time>
<extensions>
<tp1:TrackPointExtension>
<tp1:hr>163</tp1:hr>
</tp1:TrackPointExtension>
</extensions>
</trkpt>
<trkpt lat="59.11571008" lon="17.43942797">
<ele>80.9</ele>
<time>2026-09-20T10:34:43Z</time>
<extensions>
<tp1:TrackPointExtension>
<tp1:hr>164</tp1:hr>
</tp1:TrackPointExtension>
</extensions>
</trkpt>
<trkpt lat="59.11573665" lon="17.43942655">
<ele>81.1</ele>
<time>2026-09-20T10:34:44Z</time>
<extensions>
<tp1:TrackPointExtension>
<tp1:hr>164</tp1:hr>
</tp1:TrackPointExtension>
</extensions>
</trkpt>
<trkpt lat="59.11576775" lon="17.43941749">
<ele>81.1</ele>
<time>2026-09-20T10:34:45Z</time>
<extensions>
<tp1:TrackPointExtension>
<tp1:hr>163</tp1:hr>
</tp1:TrackPointExtension>
</extensions>
</trkpt>
<trkpt lat="59.11579306" lon="17.43939763">
<ele>81.1</ele>
<time>2026-09-20T10:34:46Z</time>
<extensions>
<tp1:TrackPointExtension>
<tp1:hr>164</tp1:hr>
</tp1:TrackPointExtension>
</extensions>
</trkpt>
<trkpt lat="59.11581611" lon="17.43939243">
<ele>80.7</ele>
<time>2026-09-20T10:34:47Z</time>
<extensions>
<tp1:TrackPointExtension>
<tp1:hr>164</tp1:hr>
</tp1:TrackPointExtension>
</extensions>
</trkpt>
<trkpt lat="59.11584595" lon="17.43936938">
<ele>80.3</ele>
<time>2026-09-20T10:34:48Z</time>
<extensions>
<tp1:TrackPointExtension>
<tp1:hr>163</tp1:hr>
</tp1:TrackPointExtension>
</extensions>
</trkpt>
<trkpt lat="59.11587772" lon="17.43934692">
<ele>80.1</ele>
<time>2026-09-20T10:34:49Z</time>
<extensions>
<tp1:TrackPointExtension>
<tp1:hr>163</tp1:hr>
</tp1:TrackPointExtension>
</extensions>
</trkpt>
<trkpt lat="59.11589976" lon="17.43935983">
<ele>80.1</ele>
<time>2026-09-20T10:34:50Z</time>
<extensions>
<tp1:TrackPointExtension>
<tp1:hr>163</tp1:hr>
</tp1:TrackPointExtension>
</extensions>
</trkpt>
<trkpt lat="59.11592734" lon="17.43936704">
<ele>80.3</ele>
<time>2026-09-20T10:34:51Z</time>
<extensions>
<tp1:TrackPointExtension>
<tp1:hr>162</tp1:hr>
</tp1:TrackPointExtension>
</extensions>
</trkpt>
<trkpt lat="59.11596766" lon="17.43937709">
<ele>80.5</ele>
<time>2026-09-20T10:34:52Z</time>
<extensions>
<tp1:TrackPointExtension>
<tp1:hr>162</tp1:hr>
</tp1:TrackPointExtension>
</extensions>
</trkpt>
<trkpt lat="59.11599917" lon="17.4393962">
<ele>80.9</ele>
<time>2026-09-20T10:34:53Z</time>
<extensions>
<tp1:TrackPointExtension>
<tp1:hr>162</tp1:hr>
</tp1:TrackPointExtension>
</extensions>
</trkpt>
<trkpt lat="59.11602826" lon="17.43941682">
<ele>81.1</ele>
<time>2026-09-20T10:34:54Z</time>
<extensions>
<tp1:TrackPointExtension>
<tp1:hr>162</tp1:hr>
</tp1:TrackPointExtension>
</extensions>
</trkpt>
<trkpt lat="59.11605567" lon="17.4394382">
<ele>81.3</ele>
<time>2026-09-20T10:34:55Z</time>
<extensions>
<tp1:TrackPointExtension>
<tp1:hr>162</tp1:hr>
</tp1:TrackPointExtension>
</extensions>
</trkpt>
<trkpt lat="59.11608115" lon="17.43946636">
<ele>81.3</ele>
<time>2026-09-20T10:34:56Z</time>
<extensions>
<tp1:TrackPointExtension>
<tp1:hr>162</tp1:hr>
</tp1:TrackPointExtension>
</extensions>
</trkpt>
<trkpt lat="59.11610395" lon="17.4395102">
<ele>81.3</ele>
<time>2026-09-20T10:34:57Z</time>
<extensions>
<tp1:TrackPointExtension>
<tp1:hr>162</tp1:hr>
</tp1:TrackPointExtension>
</extensions>
</trkpt>
<trkpt lat="59.11612272" lon="17.43954272">
<ele>81.3</ele>
<time>2026-09-20T10:34:58Z</time>
<extensions>
<tp1:TrackPointExtension>
<tp1:hr>162</tp1:hr>
</tp1:TrackPointExtension>
</extensions>
</trkpt>
<trkpt lat="59.11614359" lon="17.43959544">
<ele>81.3</ele>
<time>2026-09-20T10:34:59Z</time>
<extensions>
<tp1:TrackPointExtension>
<tp1:hr>162</tp1:hr>
</tp1:TrackPointExtension>
</extensions>
</trkpt>
<trkpt lat="59.11616824" lon="17.43964179">
<ele>81.3</ele>
<time>2026-09-20T10:35:00Z</time>
<extensions>
<tp1:TrackPointExtension>
<tp1:hr>162</tp1:hr>
</tp1:TrackPointExtension>
</extensions>
</trkpt>
<trkpt lat="59.11618953" lon="17.43967851">
<ele>81.3</ele>
<time>2026-09-20T10:35:01Z</time>
<extensions>
<tp1:TrackPointExtension>
<tp1:hr>162</tp1:hr>
</tp1:TrackPointExtension>
</extensions>
</trkpt>
<trkpt lat="59.11621258" lon="17.43973165">
<ele>81.5</ele>
<time>2026-09-20T10:35:02Z</time>
<extensions>
<tp1:TrackPointExtension>
<tp1:hr>163</tp1:hr>
</tp1:TrackPointExtension>
</extensions>
</trkpt>
<trkpt lat="59.11622792" lon="17.43979175">
<ele>81.7</ele>
<time>2026-09-20T10:35:03Z</time>
<extensions>
<tp1:TrackPointExtension>
<tp1:hr>162</tp1:hr>
</tp1:TrackPointExtension>
</extensions>
</trkpt>
<trkpt lat="59.1162425" lon="17.43983173">
<ele>81.7</ele>
<time>2026-09-20T10:35:04Z</time>
<extensions>
<tp1:TrackPointExtension>
<tp1:hr>162</tp1:hr>
</tp1:TrackPointExtension>
</extensions>
</trkpt>
<trkpt lat="59.11626035" lon="17.4398904">
<ele>81.7</ele>
<time>2026-09-20T10:35:05Z</time>
<extensions>
<tp1:TrackPointExtension>
<tp1:hr>163</tp1:hr>
</tp1:TrackPointExtension>
</extensions>
</trkpt>
<trkpt lat="59.11627569" lon="17.43994354">
<ele>81.7</ele>
<time>2026-09-20T10:35:06Z</time>
<extensions>
<tp1:TrackPointExtension>
<tp1:hr>162</tp1:hr>
</tp1:TrackPointExtension>
</extensions>
</trkpt>
<trkpt lat="59.11629606" lon="17.43998034">
<ele>81.5</ele>
<time>2026-09-20T10:35:07Z</time>
<extensions>
<tp1:TrackPointExtension>
<tp1:hr>163</tp1:hr>
</tp1:TrackPointExtension>
</extensions>
</trkpt>
<trkpt lat="59.11631911" lon="17.44004077">
<ele>81.5</ele>
<time>2026-09-20T10:35:08Z</time>
<extensions>
<tp1:TrackPointExtension>
<tp1:hr>163</tp1:hr>
</tp1:TrackPointExtension>
</extensions>
</trkpt>
<trkpt lat="59.11634459" lon="17.44010523">
<ele>81.5</ele>
<time>2026-09-20T10:35:09Z</time>
<extensions>
<tp1:TrackPointExtension>
<tp1:hr>163</tp1:hr>
</tp1:TrackPointExtension>
</extensions>
</trkpt>
<trkpt lat="59.11636546" lon="17.44014706">
<ele>81.7</ele>
<time>2026-09-20T10:35:10Z</time>
<extensions>
<tp1:TrackPointExtension>
<tp1:hr>163</tp1:hr>
</tp1:TrackPointExtension>
</extensions>
</trkpt>
<trkpt lat="59.11638759" lon="17.44016063">
<ele>81.7</ele>
<time>2026-09-20T10:35:11Z</time>
<extensions>
<tp1:TrackPointExtension>
<tp1:hr>163</tp1:hr>
</tp1:TrackPointExtension>
</extensions>
</trkpt>
<trkpt lat="59.11641433" lon="17.44018913">
<ele>81.7</ele>
<time>2026-09-20T10:35:12Z</time>
<extensions>
<tp1:TrackPointExtension>
<tp1:hr>163</tp1:hr>
</tp1:TrackPointExtension>
</extensions>
</trkpt>
<trkpt lat="59.11643453" lon="17.44023875">
<ele>81.5</ele>
<time>2026-09-20T10:35:13Z</time>
<extensions>
<tp1:TrackPointExtension>
<tp1:hr>163</tp1:hr>
</tp1:TrackPointExtension>
</extensions>
</trkpt>
<trkpt lat="59.11645364" lon="17.44027739">
<ele>81.5</ele>
<time>2026-09-20T10:35:14Z</time>
<extensions>
<tp1:TrackPointExtension>
<tp1:hr>163</tp1:hr>
</tp1:TrackPointExtension>
</extensions>
</trkpt>
<trkpt lat="59.11646772" lon="17.44032676">
<ele>81.5</ele>
<time>2026-09-20T10:35:15Z</time>
<extensions>
<tp1:TrackPointExtension>
<tp1:hr>163</tp1:hr>
</tp1:TrackPointExtension>
</extensions>
</trkpt>
<trkpt lat="59.11648239" lon="17.44038519">
<ele>81.5</ele>
<time>2026-09-20T10:35:16Z</time>
<extensions>
<tp1:TrackPointExtension>
<tp1:hr>164</tp1:hr>
</tp1:TrackPointExtension>
</extensions>
</trkpt>
<trkpt lat="59.11650016" lon="17.44043539">
<ele>81.7</ele>
<time>2026-09-20T10:35:17Z</time>
<extensions>
<tp1:TrackPointExtension>
<tp1:hr>163</tp1:hr>
</tp1:TrackPointExtension>
</extensions>
</trkpt>
<trkpt lat="59.11652162" lon="17.44047688">
<ele>81.7</ele>
<time>2026-09-20T10:35:18Z</time>
<extensions>
<tp1:TrackPointExtension>
<tp1:hr>164</tp1:hr>
</tp1:TrackPointExtension>
</extensions>
</trkpt>
<trkpt lat="59.11654358" lon="17.44049834">
<ele>81.7</ele>
<time>2026-09-20T10:35:19Z</time>
<extensions>
<tp1:TrackPointExtension>
<tp1:hr>164</tp1:hr>
</tp1:TrackPointExtension>
</extensions>
</trkpt>
<trkpt lat="59.11657266" lon="17.44053061">
<ele>81.7</ele>
<time>2026-09-20T10:35:20Z</time>
<extensions>
<tp1:TrackPointExtension>
<tp1:hr>164</tp1:hr>
</tp1:TrackPointExtension>
</extensions>
</trkpt>
<trkpt lat="59.11660242" lon="17.44055785">
<ele>81.5</ele>
<time>2026-09-20T10:35:21Z</time>
<extensions>
<tp1:TrackPointExtension>
<tp1:hr>163</tp1:hr>
</tp1:TrackPointExtension>
</extensions>
</trkpt>
<trkpt lat="59.11662698" lon="17.44057302">
<ele>81.5</ele>
<time>2026-09-20T10:35:22Z</time>
<extensions>
<tp1:TrackPointExtension>
<tp1:hr>164</tp1:hr>
</tp1:TrackPointExtension>
</extensions>
</trkpt>
<trkpt lat="59.116659" lon="17.4405897">
<ele>81.5</ele>
<time>2026-09-20T10:35:23Z</time>
<extensions>
<tp1:TrackPointExtension>
<tp1:hr>164</tp1:hr>
</tp1:TrackPointExtension>
</extensions>
</trkpt>
<trkpt lat="59.11670049" lon="17.44061979">
<ele>81.7</ele>
<time>2026-09-20T10:35:24Z</time>
<extensions>
<tp1:TrackPointExtension>
<tp1:hr>164</tp1:hr>
</tp1:TrackPointExtension>
</extensions>
</trkpt>
<trkpt lat="59.11673477" lon="17.44062801">
<ele>81.7</ele>
<time>2026-09-20T10:35:25Z</time>
<extensions>
<tp1:TrackPointExtension>
<tp1:hr>164</tp1:hr>
</tp1:TrackPointExtension>
</extensions>
</trkpt>
<trkpt lat="59.11676033" lon="17.44063547">
<ele>81.5</ele>
<time>2026-09-20T10:35:26Z</time>
<extensions>
<tp1:TrackPointExtension>
<tp1:hr>164</tp1:hr>
</tp1:TrackPointExtension>
</extensions>
</trkpt>
<trkpt lat="59.11679965" lon="17.44066061">
<ele>81.5</ele>
<time>2026-09-20T10:35:27Z</time>
<extensions>
<tp1:TrackPointExtension>
<tp1:hr>164</tp1:hr>
</tp1:TrackPointExtension>
</extensions>
</trkpt>
<trkpt lat="59.11682881" lon="17.44068341">
<ele>81.3</ele>
<time>2026-09-20T10:35:28Z</time>
<extensions>
<tp1:TrackPointExtension>
<tp1:hr>164</tp1:hr>
</tp1:TrackPointExtension>
</extensions>
</trkpt>
<trkpt lat="59.11685237" lon="17.44069699">
<ele>81.1</ele>
<time>2026-09-20T10:35:29Z</time>
<extensions>
<tp1:TrackPointExtension>
<tp1:hr>164</tp1:hr>
</tp1:TrackPointExtension>
</extensions>
</trkpt>
<trkpt lat="59.11687416" lon="17.44074401">
<ele>80.9</ele>
<time>2026-09-20T10:35:30Z</time>
<extensions>
<tp1:TrackPointExtension>
<tp1:hr>163</tp1:hr>
</tp1:TrackPointExtension>
</extensions>
</trkpt>
<trkpt lat="59.11689461" lon="17.44078609">
<ele>81.1</ele>
<time>2026-09-20T10:35:31Z</time>
<extensions>
<tp1:TrackPointExtension>
<tp1:hr>163</tp1:hr>
</tp1:TrackPointExtension>
</extensions>
</trkpt>
<trkpt lat="59.11691213" lon="17.44082423">
<ele>81.1</ele>
<time>2026-09-20T10:35:32Z</time>
<extensions>
<tp1:TrackPointExtension>
<tp1:hr>163</tp1:hr>
</tp1:TrackPointExtension>
</extensions>
</trkpt>
<trkpt lat="59.11693468" lon="17.44085658">
<ele>81.3</ele>
<time>2026-09-20T10:35:33Z</time>
<extensions>
<tp1:TrackPointExtension>
<tp1:hr>163</tp1:hr>
</tp1:TrackPointExtension>
</extensions>
</trkpt>
<trkpt lat="59.11694851" lon="17.44089765">
<ele>81.3</ele>
<time>2026-09-20T10:35:34Z</time>
<extensions>
<tp1:TrackPointExtension>
<tp1:hr>164</tp1:hr>
</tp1:TrackPointExtension>
</extensions>
</trkpt>
<trkpt lat="59.11696871" lon="17.44095465">
<ele>81.3</ele>
<time>2026-09-20T10:35:35Z</time>
<extensions>
<tp1:TrackPointExtension>
<tp1:hr>164</tp1:hr>
</tp1:TrackPointExtension>
</extensions>
</trkpt>
<trkpt lat="59.1169879" lon="17.44098734">
<ele>81.1</ele>
<time>2026-09-20T10:35:36Z</time>
<extensions>
<tp1:TrackPointExtension>
<tp1:hr>164</tp1:hr>
</tp1:TrackPointExtension>
</extensions>
</trkpt>
<trkpt lat="59.11700668" lon="17.44101517">
<ele>81.1</ele>
<time>2026-09-20T10:35:37Z</time>
<extensions>
<tp1:TrackPointExtension>
<tp1:hr>164</tp1:hr>
</tp1:TrackPointExtension>
</extensions>
</trkpt>
<trkpt lat="59.11702327" lon="17.44103537">
<ele>81.1</ele>
<time>2026-09-20T10:35:38Z</time>
<extensions>
<tp1:TrackPointExtension>
<tp1:hr>164</tp1:hr>
</tp1:TrackPointExtension>
</extensions>
</trkpt>
<trkpt lat="59.117048" lon="17.44107644">
<ele>81.3</ele>
<time>2026-09-20T10:35:39Z</time>
<extensions>
<tp1:TrackPointExtension>
<tp1:hr>164</tp1:hr>
</tp1:TrackPointExtension>
</extensions>
</trkpt>
<trkpt lat="59.11706996" lon="17.44111408">
<ele>81.3</ele>
<time>2026-09-20T10:35:40Z</time>
<extensions>
<tp1:TrackPointExtension>
<tp1:hr>164</tp1:hr>
</tp1:TrackPointExtension>
</extensions>
</trkpt>
<trkpt lat="59.11709704" lon="17.44112422">
<ele>81.5</ele>
<time>2026-09-20T10:35:41Z</time>
<extensions>
<tp1:TrackPointExtension>
<tp1:hr>163</tp1:hr>
</tp1:TrackPointExtension>
</extensions>
</trkpt>
<trkpt lat="59.11711933" lon="17.4411471">
<ele>81.8</ele>
<time>2026-09-20T10:35:42Z</time>
<extensions>
<tp1:TrackPointExtension>
<tp1:hr>163</tp1:hr>
</tp1:TrackPointExtension>
</extensions>
</trkpt>
<trkpt lat="59.11714406" lon="17.44116722">
<ele>82.0</ele>
<time>2026-09-20T10:35:43Z</time>
<extensions>
<tp1:TrackPointExtension>
<tp1:hr>163</tp1:hr>
</tp1:TrackPointExtension>
</extensions>
</trkpt>
<trkpt lat="59.11715923" lon="17.44120695">
<ele>82.2</ele>
<time>2026-09-20T10:35:44Z</time>
<extensions>
<tp1:TrackPointExtension>
<tp1:hr>163</tp1:hr>
</tp1:TrackPointExtension>
</extensions>
</trkpt>
<trkpt lat="59.11717842" lon="17.44123863">
<ele>82.4</ele>
<time>2026-09-20T10:35:45Z</time>
<extensions>
<tp1:TrackPointExtension>
<tp1:hr>162</tp1:hr>
</tp1:TrackPointExtension>
</extensions>
</trkpt>
<trkpt lat="59.11719737" lon="17.44127392">
<ele>82.8</ele>
<time>2026-09-20T10:35:46Z</time>
<extensions>
<tp1:TrackPointExtension>
<tp1:hr>162</tp1:hr>
</tp1:TrackPointExtension>
</extensions>
</trkpt>
<trkpt lat="59.11721312" lon="17.44132069">
<ele>82.8</ele>
<time>2026-09-20T10:35:47Z</time>
<extensions>
<tp1:TrackPointExtension>
<tp1:hr>162</tp1:hr>
</tp1:TrackPointExtension>
</extensions>
</trkpt>
<trkpt lat="59.11722771" lon="17.44137207">
<ele>83.0</ele>
<time>2026-09-20T10:35:48Z</time>
<extensions>
<tp1:TrackPointExtension>
<tp1:hr>162</tp1:hr>
</tp1:TrackPointExtension>
</extensions>
</trkpt>
<trkpt lat="59.11723978" lon="17.44140711">
<ele>83.0</ele>
<time>2026-09-20T10:35:49Z</time>
<extensions>
<tp1:TrackPointExtension>
<tp1:hr>163</tp1:hr>
</tp1:TrackPointExtension>
</extensions>
</trkpt>
<trkpt lat="59.11725981" lon="17.44143887">
<ele>83.0</ele>
<time>2026-09-20T10:35:50Z</time>
<extensions>
<tp1:TrackPointExtension>
<tp1:hr>163</tp1:hr>
</tp1:TrackPointExtension>
</extensions>
</trkpt>
<trkpt lat="59.1172863" lon="17.44146469">
<ele>82.8</ele>
<time>2026-09-20T10:35:51Z</time>
<extensions>
<tp1:TrackPointExtension>
<tp1:hr>163</tp1:hr>
</tp1:TrackPointExtension>
</extensions>
</trkpt>
<trkpt lat="59.11731136" lon="17.44149076">
<ele>82.6</ele>
<time>2026-09-20T10:35:52Z</time>
<extensions>
<tp1:TrackPointExtension>
<tp1:hr>163</tp1:hr>
</tp1:TrackPointExtension>
</extensions>
</trkpt>
<trkpt lat="59.11733416" lon="17.44150115">
<ele>82.6</ele>
<time>2026-09-20T10:35:53Z</time>
<extensions>
<tp1:TrackPointExtension>
<tp1:hr>163</tp1:hr>
</tp1:TrackPointExtension>
</extensions>
</trkpt>
<trkpt lat="59.11736107" lon="17.44149721">
<ele>82.6</ele>
<time>2026-09-20T10:35:54Z</time>
<extensions>
<tp1:TrackPointExtension>
<tp1:hr>162</tp1:hr>
</tp1:TrackPointExtension>
</extensions>
</trkpt>
<trkpt lat="59.11739392" lon="17.44150853">
<ele>82.4</ele>
<time>2026-09-20T10:35:55Z</time>
<extensions>
<tp1:TrackPointExtension>
<tp1:hr>163</tp1:hr>
</tp1:TrackPointExtension>
</extensions>
</trkpt>
<trkpt lat="59.11741471" lon="17.44151071">
<ele>82.4</ele>
<time>2026-09-20T10:35:56Z</time>
<extensions>
<tp1:TrackPointExtension>
<tp1:hr>162</tp1:hr>
</tp1:TrackPointExtension>
</extensions>
</trkpt>
<trkpt lat="59.11743432" lon="17.44152546">
<ele>82.6</ele>
<time>2026-09-20T10:35:57Z</time>
<extensions>
<tp1:TrackPointExtension>
<tp1:hr>163</tp1:hr>
</tp1:TrackPointExtension>
</extensions>
</trkpt>
<trkpt lat="59.11745134" lon="17.44155094">
<ele>83.0</ele>
<time>2026-09-20T10:35:58Z</time>
<extensions>
<tp1:TrackPointExtension>
<tp1:hr>163</tp1:hr>
</tp1:TrackPointExtension>
</extensions>
</trkpt>
<trkpt lat="59.11746508" lon="17.44158715">
<ele>83.4</ele>
<time>2026-09-20T10:35:59Z</time>
<extensions>
<tp1:TrackPointExtension>
<tp1:hr>163</tp1:hr>
</tp1:TrackPointExtension>
</extensions>
</trkpt>
<trkpt lat="59.11747808" lon="17.44160953">
<ele>83.6</ele>
<time>2026-09-20T10:36:00Z</time>
<extensions>
<tp1:TrackPointExtension>
<tp1:hr>163</tp1:hr>
</tp1:TrackPointExtension>
</extensions>
</trkpt>
<trkpt lat="59.11749107" lon="17.44164499">
<ele>83.8</ele>
<time>2026-09-20T10:36:01Z</time>
<extensions>
<tp1:TrackPointExtension>
<tp1:hr>163</tp1:hr>
</tp1:TrackPointExtension>
</extensions>
</trkpt>
<trkpt lat="59.11750959" lon="17.44168002">
<ele>83.8</ele>
<time>2026-09-20T10:36:02Z</time>
<extensions>
<tp1:TrackPointExtension>
<tp1:hr>163</tp1:hr>
</tp1:TrackPointExtension>
</extensions>
</trkpt>
<trkpt lat="59.11753231" lon="17.44172453">
<ele>83.8</ele>
<time>2026-09-20T10:36:03Z</time>
<extensions>
<tp1:TrackPointExtension>
<tp1:hr>164</tp1:hr>
</tp1:TrackPointExtension>
</extensions>
</trkpt>
<trkpt lat="59.11754966" lon="17.44174222">
<ele>83.8</ele>
<time>2026-09-20T10:36:04Z</time>
<extensions>
<tp1:TrackPointExtension>
<tp1:hr>164</tp1:hr>
</tp1:TrackPointExtension>
</extensions>
</trkpt>
<trkpt lat="59.11756483" lon="17.44177356">
<ele>84.0</ele>
<time>2026-09-20T10:36:05Z</time>
<extensions>
<tp1:TrackPointExtension>
<tp1:hr>164</tp1:hr>
</tp1:TrackPointExtension>
</extensions>
</trkpt>
<trkpt lat="59.11758654" lon="17.44182151">
<ele>84.0</ele>
<time>2026-09-20T10:36:06Z</time>
<extensions>
<tp1:TrackPointExtension>
<tp1:hr>163</tp1:hr>
</tp1:TrackPointExtension>
</extensions>
</trkpt>
<trkpt lat="59.11761026" lon="17.44185965">
<ele>84.0</ele>
<time>2026-09-20T10:36:07Z</time>
<extensions>
<tp1:TrackPointExtension>
<tp1:hr>164</tp1:hr>
</tp1:TrackPointExtension>
</extensions>
</trkpt>
<trkpt lat="59.11763616" lon="17.44187934">
<ele>84.2</ele>
<time>2026-09-20T10:36:08Z</time>
<extensions>
<tp1:TrackPointExtension>
<tp1:hr>164</tp1:hr>
</tp1:TrackPointExtension>
</extensions>
</trkpt>
<trkpt lat="59.11766726" lon="17.4418889">
<ele>84.4</ele>
<time>2026-09-20T10:36:09Z</time>
<extensions>
<tp1:TrackPointExtension>
<tp1:hr>163</tp1:hr>
</tp1:TrackPointExtension>
</extensions>
</trkpt>
<trkpt lat="59.11770154" lon="17.44190801">
<ele>84.2</ele>
<time>2026-09-20T10:36:10Z</time>
<extensions>
<tp1:TrackPointExtension>
<tp1:hr>164</tp1:hr>
</tp1:TrackPointExtension>
</extensions>
</trkpt>
<trkpt lat="59.11772953" lon="17.4419101">
<ele>84.2</ele>
<time>2026-09-20T10:36:11Z</time>
<extensions>
<tp1:TrackPointExtension>
<tp1:hr>164</tp1:hr>
</tp1:TrackPointExtension>
</extensions>
</trkpt>
<trkpt lat="59.1177551" lon="17.44191673">
<ele>84.2</ele>
<time>2026-09-20T10:36:12Z</time>
<extensions>
<tp1:TrackPointExtension>
<tp1:hr>163</tp1:hr>
</tp1:TrackPointExtension>
</extensions>
</trkpt>
<trkpt lat="59.11777915" lon="17.44192469">
<ele>83.8</ele>
<time>2026-09-20T10:36:13Z</time>
<extensions>
<tp1:TrackPointExtension>
<tp1:hr>164</tp1:hr>
</tp1:TrackPointExtension>
</extensions>
</trkpt>
<trkpt lat="59.11780137" lon="17.44196283">
<ele>83.8</ele>
<time>2026-09-20T10:36:14Z</time>
<extensions>
<tp1:TrackPointExtension>
<tp1:hr>164</tp1:hr>
</tp1:TrackPointExtension>
</extensions>
</trkpt>
<trkpt lat="59.11781268" lon="17.4420091">
<ele>83.6</ele>
<time>2026-09-20T10:36:15Z</time>
<extensions>
<tp1:TrackPointExtension>
<tp1:hr>164</tp1:hr>
</tp1:TrackPointExtension>
</extensions>
</trkpt>
<trkpt lat="59.11782878" lon="17.44206576">
<ele>83.6</ele>
<time>2026-09-20T10:36:16Z</time>
<extensions>
<tp1:TrackPointExtension>
<tp1:hr>164</tp1:hr>
</tp1:TrackPointExtension>
</extensions>
</trkpt>
<trkpt lat="59.11784579" lon="17.4421028">
<ele>83.8</ele>
<time>2026-09-20T10:36:17Z</time>
<extensions>
<tp1:TrackPointExtension>
<tp1:hr>163</tp1:hr>
</tp1:TrackPointExtension>
</extensions>
</trkpt>
<trkpt lat="59.11786054" lon="17.4421282">
<ele>84.0</ele>
<time>2026-09-20T10:36:18Z</time>
<extensions>
<tp1:TrackPointExtension>
<tp1:hr>163</tp1:hr>
</tp1:TrackPointExtension>
</extensions>
</trkpt>
<trkpt lat="59.11788401" lon="17.44217196">
<ele>84.2</ele>
<time>2026-09-20T10:36:19Z</time>
<extensions>
<tp1:TrackPointExtension>
<tp1:hr>163</tp1:hr>
</tp1:TrackPointExtension>
</extensions>
</trkpt>
<trkpt lat="59.1179058" lon="17.44219827">
<ele>84.4</ele>
<time>2026-09-20T10:36:20Z</time>
<extensions>
<tp1:TrackPointExtension>
<tp1:hr>163</tp1:hr>
</tp1:TrackPointExtension>
</extensions>
</trkpt>
<trkpt lat="59.11793347" lon="17.44222225">
<ele>84.4</ele>
<time>2026-09-20T10:36:21Z</time>
<extensions>
<tp1:TrackPointExtension>
<tp1:hr>163</tp1:hr>
</tp1:TrackPointExtension>
</extensions>
</trkpt>
<trkpt lat="59.11796414" lon="17.44226315">
<ele>84.4</ele>
<time>2026-09-20T10:36:22Z</time>
<extensions>
<tp1:TrackPointExtension>
<tp1:hr>163</tp1:hr>
</tp1:TrackPointExtension>
</extensions>
</trkpt>
<trkpt lat="59.11798962" lon="17.44229282">
<ele>84.6</ele>
<time>2026-09-20T10:36:23Z</time>
<extensions>
<tp1:TrackPointExtension>
<tp1:hr>162</tp1:hr>
</tp1:TrackPointExtension>
</extensions>
</trkpt>
<trkpt lat="59.11801938" lon="17.44231394">
<ele>84.4</ele>
<time>2026-09-20T10:36:24Z</time>
<extensions>
<tp1:TrackPointExtension>
<tp1:hr>162</tp1:hr>
</tp1:TrackPointExtension>
</extensions>
</trkpt>
<trkpt lat="59.11805433" lon="17.44233959">
<ele>84.4</ele>
<time>2026-09-20T10:36:25Z</time>
<extensions>
<tp1:TrackPointExtension>
<tp1:hr>162</tp1:hr>
</tp1:TrackPointExtension>
</extensions>
</trkpt>
<trkpt lat="59.11808451" lon="17.44234395">
<ele>84.2</ele>
<time>2026-09-20T10:36:26Z</time>
<extensions>
<tp1:TrackPointExtension>
<tp1:hr>162</tp1:hr>
</tp1:TrackPointExtension>
</extensions>
</trkpt>
<trkpt lat="59.11811317" lon="17.44232719">
<ele>84.2</ele>
<time>2026-09-20T10:36:27Z</time>
<extensions>
<tp1:TrackPointExtension>
<tp1:hr>161</tp1:hr>
</tp1:TrackPointExtension>
</extensions>
</trkpt>
<trkpt lat="59.11814393" lon="17.44232451">
<ele>84.2</ele>
<time>2026-09-20T10:36:28Z</time>
<extensions>
<tp1:TrackPointExtension>
<tp1:hr>162</tp1:hr>
</tp1:TrackPointExtension>
</extensions>
</trkpt>
<trkpt lat="59.11817143" lon="17.44232358">
<ele>84.2</ele>
<time>2026-09-20T10:36:29Z</time>
<extensions>
<tp1:TrackPointExtension>
<tp1:hr>162</tp1:hr>
</tp1:TrackPointExtension>
</extensions>
</trkpt>
<trkpt lat="59.11819657" lon="17.44231705">
<ele>84.4</ele>
<time>2026-09-20T10:36:30Z</time>
<extensions>
<tp1:TrackPointExtension>
<tp1:hr>162</tp1:hr>
</tp1:TrackPointExtension>
</extensions>
</trkpt>
<trkpt lat="59.11823069" lon="17.44230732">
<ele>84.4</ele>
<time>2026-09-20T10:36:31Z</time>
<extensions>
<tp1:TrackPointExtension>
<tp1:hr>162</tp1:hr>
</tp1:TrackPointExtension>
</extensions>
</trkpt>
<trkpt lat="59.11826187" lon="17.44228369">
<ele>84.6</ele>
<time>2026-09-20T10:36:32Z</time>
<extensions>
<tp1:TrackPointExtension>
<tp1:hr>162</tp1:hr>
</tp1:TrackPointExtension>
</extensions>
</trkpt>
<trkpt lat="59.1182902" lon="17.44225904">
<ele>84.6</ele>
<time>2026-09-20T10:36:33Z</time>
<extensions>
<tp1:TrackPointExtension>
<tp1:hr>162</tp1:hr>
</tp1:TrackPointExtension>
</extensions>
</trkpt>
<trkpt lat="59.11833345" lon="17.44225502">
<ele>84.4</ele>
<time>2026-09-20T10:36:34Z</time>
<extensions>
<tp1:TrackPointExtension>
<tp1:hr>162</tp1:hr>
</tp1:TrackPointExtension>
</extensions>
</trkpt>
<trkpt lat="59.11836321" lon="17.44224999">
<ele>84.6</ele>
<time>2026-09-20T10:36:35Z</time>
<extensions>
<tp1:TrackPointExtension>
<tp1:hr>162</tp1:hr>
</tp1:TrackPointExtension>
</extensions>
</trkpt>
<trkpt lat="59.11839229" lon="17.44225686">
<ele>84.8</ele>
<time>2026-09-20T10:36:36Z</time>
<extensions>
<tp1:TrackPointExtension>
<tp1:hr>163</tp1:hr>
</tp1:TrackPointExtension>
</extensions>
</trkpt>
<trkpt lat="59.11842196" lon="17.4422795">
<ele>85.0</ele>
<time>2026-09-20T10:36:37Z</time>
<extensions>
<tp1:TrackPointExtension>
<tp1:hr>162</tp1:hr>
</tp1:TrackPointExtension>
</extensions>
</trkpt>
<trkpt lat="59.1184513" lon="17.44230137">
<ele>85.0</ele>
<time>2026-09-20T10:36:38Z</time>
<extensions>
<tp1:TrackPointExtension>
<tp1:hr>162</tp1:hr>
</tp1:TrackPointExtension>
</extensions>
</trkpt>
<trkpt lat="59.11848181" lon="17.44231713">
<ele>85.0</ele>
<time>2026-09-20T10:36:39Z</time>
<extensions>
<tp1:TrackPointExtension>
<tp1:hr>163</tp1:hr>
</tp1:TrackPointExtension>
</extensions>
</trkpt>
<trkpt lat="59.11851081" lon="17.44233121">
<ele>84.8</ele>
<time>2026-09-20T10:36:40Z</time>
<extensions>
<tp1:TrackPointExtension>
<tp1:hr>163</tp1:hr>
</tp1:TrackPointExtension>
</extensions>
</trkpt>
<trkpt lat="59.11853378" lon="17.44233591">
<ele>84.8</ele>
<time>2026-09-20T10:36:41Z</time>
<extensions>
<tp1:TrackPointExtension>
<tp1:hr>163</tp1:hr>
</tp1:TrackPointExtension>
</extensions>
</trkpt>
<trkpt lat="59.11856605" lon="17.4423349">
<ele>84.8</ele>
<time>2026-09-20T10:36:42Z</time>
<extensions>
<tp1:TrackPointExtension>
<tp1:hr>162</tp1:hr>
</tp1:TrackPointExtension>
</extensions>
</trkpt>
<trkpt lat="59.11860184" lon="17.44233465">
<ele>84.8</ele>
<time>2026-09-20T10:36:43Z</time>
<extensions>
<tp1:TrackPointExtension>
<tp1:hr>163</tp1:hr>
</tp1:TrackPointExtension>
</extensions>
</trkpt>
<trkpt lat="59.11862003" lon="17.44231805">
<ele>84.6</ele>
<time>2026-09-20T10:36:44Z</time>
<extensions>
<tp1:TrackPointExtension>
<tp1:hr>163</tp1:hr>
</tp1:TrackPointExtension>
</extensions>
</trkpt>
<trkpt lat="59.11866504" lon="17.44230347">
<ele>84.6</ele>
<time>2026-09-20T10:36:45Z</time>
<extensions>
<tp1:TrackPointExtension>
<tp1:hr>162</tp1:hr>
</tp1:TrackPointExtension>
</extensions>
</trkpt>
<trkpt lat="59.11869974" lon="17.4423235">
<ele>84.8</ele>
<time>2026-09-20T10:36:46Z</time>
<extensions>
<tp1:TrackPointExtension>
<tp1:hr>162</tp1:hr>
</tp1:TrackPointExtension>
</extensions>
</trkpt>
<trkpt lat="59.11873243" lon="17.44233641">
<ele>84.8</ele>
<time>2026-09-20T10:36:47Z</time>
<extensions>
<tp1:TrackPointExtension>
<tp1:hr>162</tp1:hr>
</tp1:TrackPointExtension>
</extensions>
</trkpt>
<trkpt lat="59.11876529" lon="17.44235175">
<ele>84.8</ele>
<time>2026-09-20T10:36:48Z</time>
<extensions>
<tp1:TrackPointExtension>
<tp1:hr>162</tp1:hr>
</tp1:TrackPointExtension>
</extensions>
</trkpt>
<trkpt lat="59.11879353" lon="17.44237991">
<ele>84.8</ele>
<time>2026-09-20T10:36:49Z</time>
<extensions>
<tp1:TrackPointExtension>
<tp1:hr>162</tp1:hr>
</tp1:TrackPointExtension>
</extensions>
</trkpt>
<trkpt lat="59.11881893" lon="17.44239986">
<ele>84.6</ele>
<time>2026-09-20T10:36:50Z</time>
<extensions>
<tp1:TrackPointExtension>
<tp1:hr>163</tp1:hr>
</tp1:TrackPointExtension>
</extensions>
</trkpt>
<trkpt lat="59.1188455" lon="17.44245376">
<ele>84.1</ele>
<time>2026-09-20T10:36:51Z</time>
<extensions>
<tp1:TrackPointExtension>
<tp1:hr>162</tp1:hr>
</tp1:TrackPointExtension>
</extensions>
</trkpt>
<trkpt lat="59.11886872" lon="17.44251251">
<ele>83.7</ele>
<time>2026-09-20T10:36:52Z</time>
<extensions>
<tp1:TrackPointExtension>
<tp1:hr>162</tp1:hr>
</tp1:TrackPointExtension>
</extensions>
</trkpt>
<trkpt lat="59.11888565" lon="17.44255023">
<ele>83.5</ele>
<time>2026-09-20T10:36:53Z</time>
<extensions>
<tp1:TrackPointExtension>
<tp1:hr>162</tp1:hr>
</tp1:TrackPointExtension>
</extensions>
</trkpt>
<trkpt lat="59.11889898" lon="17.44261527">
<ele>83.3</ele>
<time>2026-09-20T10:36:54Z</time>
<extensions>
<tp1:TrackPointExtension>
<tp1:hr>162</tp1:hr>
</tp1:TrackPointExtension>
</extensions>
</trkpt>
<trkpt lat="59.11891364" lon="17.44268308">
<ele>83.3</ele>
<time>2026-09-20T10:36:55Z</time>
<extensions>
<tp1:TrackPointExtension>
<tp1:hr>162</tp1:hr>
</tp1:TrackPointExtension>
</extensions>
</trkpt>
<trkpt lat="59.11892932" lon="17.44272659">
<ele>83.3</ele>
<time>2026-09-20T10:36:56Z</time>
<extensions>
<tp1:TrackPointExtension>
<tp1:hr>162</tp1:hr>
</tp1:TrackPointExtension>
</extensions>
</trkpt>
<trkpt lat="59.1189605" lon="17.44278585">
<ele>83.5</ele>
<time>2026-09-20T10:36:57Z</time>
<extensions>
<tp1:TrackPointExtension>
<tp1:hr>162</tp1:hr>
</tp1:TrackPointExtension>
</extensions>
</trkpt>
<trkpt lat="59.11898238" lon="17.44281954">
<ele>83.7</ele>
<time>2026-09-20T10:36:58Z</time>
<extensions>
<tp1:TrackPointExtension>
<tp1:hr>162</tp1:hr>
</tp1:TrackPointExtension>
</extensions>
</trkpt>
<trkpt lat="59.11900668" lon="17.44285072">
<ele>84.3</ele>
<time>2026-09-20T10:36:59Z</time>
<extensions>
<tp1:TrackPointExtension>
<tp1:hr>162</tp1:hr>
</tp1:TrackPointExtension>
</extensions>
</trkpt>
<trkpt lat="59.11903082" lon="17.4428793">
<ele>84.7</ele>
<time>2026-09-20T10:37:00Z</time>
<extensions>
<tp1:TrackPointExtension>
<tp1:hr>162</tp1:hr>
</tp1:TrackPointExtension>
</extensions>
</trkpt>
<trkpt lat="59.11905002" lon="17.44290194">
<ele>85.1</ele>
<time>2026-09-20T10:37:01Z</time>
<extensions>
<tp1:TrackPointExtension>
<tp1:hr>162</tp1:hr>
</tp1:TrackPointExtension>
</extensions>
</trkpt>
<trkpt lat="59.11906444" lon="17.44293706">
<ele>85.1</ele>
<time>2026-09-20T10:37:02Z</time>
<extensions>
<tp1:TrackPointExtension>
<tp1:hr>163</tp1:hr>
</tp1:TrackPointExtension>
</extensions>
</trkpt>
<trkpt lat="59.11907835" lon="17.44297167">
<ele>85.1</ele>
<time>2026-09-20T10:37:03Z</time>
<extensions>
<tp1:TrackPointExtension>
<tp1:hr>162</tp1:hr>
</tp1:TrackPointExtension>
</extensions>
</trkpt>
<trkpt lat="59.11909805" lon="17.44302079">
<ele>84.7</ele>
<time>2026-09-20T10:37:04Z</time>
<extensions>
<tp1:TrackPointExtension>
<tp1:hr>162</tp1:hr>
</tp1:TrackPointExtension>
</extensions>
</trkpt>
<trkpt lat="59.11911406" lon="17.44308022">
<ele>84.1</ele>
<time>2026-09-20T10:37:05Z</time>
<extensions>
<tp1:TrackPointExtension>
<tp1:hr>162</tp1:hr>
</tp1:TrackPointExtension>
</extensions>
</trkpt>
<trkpt lat="59.11912537" lon="17.44312657">
<ele>83.7</ele>
<time>2026-09-20T10:37:06Z</time>
<extensions>
<tp1:TrackPointExtension>
<tp1:hr>162</tp1:hr>
</tp1:TrackPointExtension>
</extensions>
</trkpt>
<trkpt lat="59.1191304" lon="17.44317804">
<ele>83.7</ele>
<time>2026-09-20T10:37:07Z</time>
<extensions>
<tp1:TrackPointExtension>
<tp1:hr>161</tp1:hr>
</tp1:TrackPointExtension>
</extensions>
</trkpt>
<trkpt lat="59.1191366" lon="17.44322221">
<ele>83.7</ele>
<time>2026-09-20T10:37:08Z</time>
<extensions>
<tp1:TrackPointExtension>
<tp1:hr>161</tp1:hr>
</tp1:TrackPointExtension>
</extensions>
</trkpt>
<trkpt lat="59.11915303" lon="17.44327971">
<ele>83.7</ele>
<time>2026-09-20T10:37:09Z</time>
<extensions>
<tp1:TrackPointExtension>
<tp1:hr>161</tp1:hr>
</tp1:TrackPointExtension>
</extensions>
</trkpt>
<trkpt lat="59.11917072" lon="17.4433098">
<ele>83.9</ele>
<time>2026-09-20T10:37:10Z</time>
<extensions>
<tp1:TrackPointExtension>
<tp1:hr>161</tp1:hr>
</tp1:TrackPointExtension>
</extensions>
</trkpt>
<trkpt lat="59.11920626" lon="17.44336613">
<ele>83.7</ele>
<time>2026-09-20T10:37:11Z</time>
<extensions>
<tp1:TrackPointExtension>
<tp1:hr>162</tp1:hr>
</tp1:TrackPointExtension>
</extensions>
</trkpt>
<trkpt lat="59.11923702" lon="17.44340166">
<ele>83.5</ele>
<time>2026-09-20T10:37:12Z</time>
<extensions>
<tp1:TrackPointExtension>
<tp1:hr>161</tp1:hr>
</tp1:TrackPointExtension>
</extensions>
</trkpt>
<trkpt lat="59.11926258" lon="17.44344307">
<ele>83.3</ele>
<time>2026-09-20T10:37:13Z</time>
<extensions>
<tp1:TrackPointExtension>
<tp1:hr>161</tp1:hr>
</tp1:TrackPointExtension>
</extensions>
</trkpt>
<trkpt lat="59.11928941" lon="17.44348657">
<ele>83.3</ele>
<time>2026-09-20T10:37:14Z</time>
<extensions>
<tp1:TrackPointExtension>
<tp1:hr>161</tp1:hr>
</tp1:TrackPointExtension>
</extensions>
</trkpt>
<trkpt lat="59.11930986" lon="17.4435201">
<ele>83.5</ele>
<time>2026-09-20T10:37:15Z</time>
<extensions>
<tp1:TrackPointExtension>
<tp1:hr>161</tp1:hr>
</tp1:TrackPointExtension>
</extensions>
</trkpt>
<trkpt lat="59.11932486" lon="17.44356134">
<ele>83.5</ele>
<time>2026-09-20T10:37:16Z</time>
<extensions>
<tp1:TrackPointExtension>
<tp1:hr>161</tp1:hr>
</tp1:TrackPointExtension>
</extensions>
</trkpt>
<trkpt lat="59.11935152" lon="17.44361683">
<ele>83.5</ele>
<time>2026-09-20T10:37:17Z</time>
<extensions>
<tp1:TrackPointExtension>
<tp1:hr>161</tp1:hr>
</tp1:TrackPointExtension>
</extensions>
</trkpt>
<trkpt lat="59.11937507" lon="17.44365136">
<ele>83.5</ele>
<time>2026-09-20T10:37:18Z</time>
<extensions>
<tp1:TrackPointExtension>
<tp1:hr>161</tp1:hr>
</tp1:TrackPointExtension>
</extensions>
</trkpt>
<trkpt lat="59.11939921" lon="17.4436688">
<ele>83.5</ele>
<time>2026-09-20T10:37:19Z</time>
<extensions>
<tp1:TrackPointExtension>
<tp1:hr>162</tp1:hr>
</tp1:TrackPointExtension>
</extensions>
</trkpt>
<trkpt lat="59.11942955" lon="17.44368841">
<ele>83.1</ele>
<time>2026-09-20T10:37:20Z</time>
<extensions>
<tp1:TrackPointExtension>
<tp1:hr>161</tp1:hr>
</tp1:TrackPointExtension>
</extensions>
</trkpt>
<trkpt lat="59.1194557" lon="17.44371993">
<ele>82.9</ele>
<time>2026-09-20T10:37:21Z</time>
<extensions>
<tp1:TrackPointExtension>
<tp1:hr>161</tp1:hr>
</tp1:TrackPointExtension>
</extensions>
</trkpt>
<trkpt lat="59.11947875" lon="17.443732">
<ele>82.5</ele>
<time>2026-09-20T10:37:22Z</time>
<extensions>
<tp1:TrackPointExtension>
<tp1:hr>162</tp1:hr>
</tp1:TrackPointExtension>
</extensions>
</trkpt>
<trkpt lat="59.11950013" lon="17.44374356">
<ele>82.3</ele>
<time>2026-09-20T10:37:23Z</time>
<extensions>
<tp1:TrackPointExtension>
<tp1:hr>162</tp1:hr>
</tp1:TrackPointExtension>
</extensions>
</trkpt>
<trkpt lat="59.11952427" lon="17.44375312">
<ele>81.9</ele>
<time>2026-09-20T10:37:24Z</time>
<extensions>
<tp1:TrackPointExtension>
<tp1:hr>162</tp1:hr>
</tp1:TrackPointExtension>
</extensions>
</trkpt>
<trkpt lat="59.11954832" lon="17.44379679">
<ele>81.1</ele>
<time>2026-09-20T10:37:25Z</time>
<extensions>
<tp1:TrackPointExtension>
<tp1:hr>161</tp1:hr>
</tp1:TrackPointExtension>
</extensions>
</trkpt>
<trkpt lat="59.11957967" lon="17.44385697">
<ele>80.5</ele>
<time>2026-09-20T10:37:26Z</time>
<extensions>
<tp1:TrackPointExtension>
<tp1:hr>162</tp1:hr>
</tp1:TrackPointExtension>
</extensions>
</trkpt>
<trkpt lat="59.11960666" lon="17.44389066">
<ele>80.1</ele>
<time>2026-09-20T10:37:27Z</time>
<extensions>
<tp1:TrackPointExtension>
<tp1:hr>162</tp1:hr>
</tp1:TrackPointExtension>
</extensions>
</trkpt>
<trkpt lat="59.11963231" lon="17.44392268">
<ele>79.5</ele>
<time>2026-09-20T10:37:28Z</time>
<extensions>
<tp1:TrackPointExtension>
<tp1:hr>162</tp1:hr>
</tp1:TrackPointExtension>
</extensions>
</trkpt>
<trkpt lat="59.11964941" lon="17.44397909">
<ele>79.1</ele>
<time>2026-09-20T10:37:29Z</time>
<extensions>
<tp1:TrackPointExtension>
<tp1:hr>162</tp1:hr>
</tp1:TrackPointExtension>
</extensions>
</trkpt>
<trkpt lat="59.11966458" lon="17.44402301">
<ele>79.1</ele>
<time>2026-09-20T10:37:30Z</time>
<extensions>
<tp1:TrackPointExtension>
<tp1:hr>161</tp1:hr>
</tp1:TrackPointExtension>
</extensions>
</trkpt>
<trkpt lat="59.11967841" lon="17.44406057">
<ele>79.1</ele>
<time>2026-09-20T10:37:31Z</time>
<extensions>
<tp1:TrackPointExtension>
<tp1:hr>161</tp1:hr>
</tp1:TrackPointExtension>
</extensions>
</trkpt>
<trkpt lat="59.11969199" lon="17.4440951">
<ele>79.1</ele>
<time>2026-09-20T10:37:32Z</time>
<extensions>
<tp1:TrackPointExtension>
<tp1:hr>161</tp1:hr>
</tp1:TrackPointExtension>
</extensions>
</trkpt>
<trkpt lat="59.11971563" lon="17.44414078">
<ele>79.1</ele>
<time>2026-09-20T10:37:33Z</time>
<extensions>
<tp1:TrackPointExtension>
<tp1:hr>162</tp1:hr>
</tp1:TrackPointExtension>
</extensions>
</trkpt>
<trkpt lat="59.11973666" lon="17.44419124">
<ele>78.9</ele>
<time>2026-09-20T10:37:34Z</time>
<extensions>
<tp1:TrackPointExtension>
<tp1:hr>162</tp1:hr>
</tp1:TrackPointExtension>
</extensions>
</trkpt>
<trkpt lat="59.1197536" lon="17.44423239">
<ele>78.7</ele>
<time>2026-09-20T10:37:35Z</time>
<extensions>
<tp1:TrackPointExtension>
<tp1:hr>162</tp1:hr>
</tp1:TrackPointExtension>
</extensions>
</trkpt>
<trkpt lat="59.11977539" lon="17.44428964">
<ele>78.7</ele>
<time>2026-09-20T10:37:36Z</time>
<extensions>
<tp1:TrackPointExtension>
<tp1:hr>162</tp1:hr>
</tp1:TrackPointExtension>
</extensions>
</trkpt>
<trkpt lat="59.11979391" lon="17.44435418">
<ele>78.7</ele>
<time>2026-09-20T10:37:37Z</time>
<extensions>
<tp1:TrackPointExtension>
<tp1:hr>162</tp1:hr>
</tp1:TrackPointExtension>
</extensions>
</trkpt>
<trkpt lat="59.11982115" lon="17.44438059">
<ele>78.9</ele>
<time>2026-09-20T10:37:38Z</time>
<extensions>
<tp1:TrackPointExtension>
<tp1:hr>162</tp1:hr>
</tp1:TrackPointExtension>
</extensions>
</trkpt>
<trkpt lat="59.11983708" lon="17.44443373">
<ele>78.9</ele>
<time>2026-09-20T10:37:39Z</time>
<extensions>
<tp1:TrackPointExtension>
<tp1:hr>162</tp1:hr>
</tp1:TrackPointExtension>
</extensions>
</trkpt>
<trkpt lat="59.11985435" lon="17.4444893">
<ele>78.7</ele>
<time>2026-09-20T10:37:40Z</time>
<extensions>
<tp1:TrackPointExtension>
<tp1:hr>161</tp1:hr>
</tp1:TrackPointExtension>
</extensions>
</trkpt>
<trkpt lat="59.11987639" lon="17.4445235">
<ele>78.7</ele>
<time>2026-09-20T10:37:41Z</time>
<extensions>
<tp1:TrackPointExtension>
<tp1:hr>161</tp1:hr>
</tp1:TrackPointExtension>
</extensions>
</trkpt>
<trkpt lat="59.11990279" lon="17.44453892">
<ele>78.5</ele>
<time>2026-09-20T10:37:42Z</time>
<extensions>
<tp1:TrackPointExtension>
<tp1:hr>162</tp1:hr>
</tp1:TrackPointExtension>
</extensions>
</trkpt>
<trkpt lat="59.11993599" lon="17.4445447">
<ele>78.5</ele>
<time>2026-09-20T10:37:43Z</time>
<extensions>
<tp1:TrackPointExtension>
<tp1:hr>162</tp1:hr>
</tp1:TrackPointExtension>
</extensions>
</trkpt>
<trkpt lat="59.11997287" lon="17.44455686">
<ele>78.3</ele>
<time>2026-09-20T10:37:44Z</time>
<extensions>
<tp1:TrackPointExtension>
<tp1:hr>162</tp1:hr>
</tp1:TrackPointExtension>
</extensions>
</trkpt>
<trkpt lat="59.12000438" lon="17.44459508">
<ele>78.3</ele>
<time>2026-09-20T10:37:45Z</time>
<extensions>
<tp1:TrackPointExtension>
<tp1:hr>162</tp1:hr>
</tp1:TrackPointExtension>
</extensions>
</trkpt>
<trkpt lat="59.12002752" lon="17.44463883">
<ele>77.9</ele>
<time>2026-09-20T10:37:46Z</time>
<extensions>
<tp1:TrackPointExtension>
<tp1:hr>162</tp1:hr>
</tp1:TrackPointExtension>
</extensions>
</trkpt>
<trkpt lat="59.12004319" lon="17.44469214">
<ele>77.7</ele>
<time>2026-09-20T10:37:47Z</time>
<extensions>
<tp1:TrackPointExtension>
<tp1:hr>162</tp1:hr>
</tp1:TrackPointExtension>
</extensions>
</trkpt>
<trkpt lat="59.12004855" lon="17.44476976">
<ele>77.3</ele>
<time>2026-09-20T10:37:48Z</time>
<extensions>
<tp1:TrackPointExtension>
<tp1:hr>162</tp1:hr>
</tp1:TrackPointExtension>
</extensions>
</trkpt>
<trkpt lat="59.12005132" lon="17.4448348">
<ele>77.1</ele>
<time>2026-09-20T10:37:49Z</time>
<extensions>
<tp1:TrackPointExtension>
<tp1:hr>162</tp1:hr>
</tp1:TrackPointExtension>
</extensions>
</trkpt>
<trkpt lat="59.12005358" lon="17.4448742">
<ele>77.1</ele>
<time>2026-09-20T10:37:50Z</time>
<extensions>
<tp1:TrackPointExtension>
<tp1:hr>162</tp1:hr>
</tp1:TrackPointExtension>
</extensions>
</trkpt>
<trkpt lat="59.12005484" lon="17.44492541">
<ele>77.1</ele>
<time>2026-09-20T10:37:51Z</time>
<extensions>
<tp1:TrackPointExtension>
<tp1:hr>162</tp1:hr>
</tp1:TrackPointExtension>
</extensions>
</trkpt>
<trkpt lat="59.12006565" lon="17.44496799">
<ele>77.1</ele>
<time>2026-09-20T10:37:52Z</time>
<extensions>
<tp1:TrackPointExtension>
<tp1:hr>162</tp1:hr>
</tp1:TrackPointExtension>
</extensions>
</trkpt>
<trkpt lat="59.12007596" lon="17.4450042">
<ele>77.1</ele>
<time>2026-09-20T10:37:53Z</time>
<extensions>
<tp1:TrackPointExtension>
<tp1:hr>162</tp1:hr>
</tp1:TrackPointExtension>
</extensions>
</trkpt>
<trkpt lat="59.12008929" lon="17.44503438">
<ele>77.3</ele>
<time>2026-09-20T10:37:54Z</time>
<extensions>
<tp1:TrackPointExtension>
<tp1:hr>162</tp1:hr>
</tp1:TrackPointExtension>
</extensions>
</trkpt>
<trkpt lat="59.1201032" lon="17.44505315">
<ele>77.1</ele>
<time>2026-09-20T10:37:55Z</time>
<extensions>
<tp1:TrackPointExtension>
<tp1:hr>162</tp1:hr>
</tp1:TrackPointExtension>
</extensions>
</trkpt>
<trkpt lat="59.12012852" lon="17.44508416">
<ele>77.1</ele>
<time>2026-09-20T10:37:56Z</time>
<extensions>
<tp1:TrackPointExtension>
<tp1:hr>161</tp1:hr>
</tp1:TrackPointExtension>
</extensions>
</trkpt>
<trkpt lat="59.12015333" lon="17.44510286">
<ele>76.9</ele>
<time>2026-09-20T10:37:57Z</time>
<extensions>
<tp1:TrackPointExtension>
<tp1:hr>162</tp1:hr>
</tp1:TrackPointExtension>
</extensions>
</trkpt>
<trkpt lat="59.12017881" lon="17.44513789">
<ele>76.9</ele>
<time>2026-09-20T10:37:58Z</time>
<extensions>
<tp1:TrackPointExtension>
<tp1:hr>162</tp1:hr>
</tp1:TrackPointExtension>
</extensions>
</trkpt>
<trkpt lat="59.1202001" lon="17.44517058">
<ele>76.9</ele>
<time>2026-09-20T10:37:59Z</time>
<extensions>
<tp1:TrackPointExtension>
<tp1:hr>161</tp1:hr>
</tp1:TrackPointExtension>
</extensions>
</trkpt>
<trkpt lat="59.1202224" lon="17.44520453">
<ele>76.9</ele>
<time>2026-09-20T10:38:00Z</time>
<extensions>
<tp1:TrackPointExtension>
<tp1:hr>161</tp1:hr>
</tp1:TrackPointExtension>
</extensions>
</trkpt>
<trkpt lat="59.1202431" lon="17.44525222">
<ele>76.8</ele>
<time>2026-09-20T10:38:01Z</time>
<extensions>
<tp1:TrackPointExtension>
<tp1:hr>161</tp1:hr>
</tp1:TrackPointExtension>
</extensions>
</trkpt>
<trkpt lat="59.1202607" lon="17.44529899">
<ele>76.8</ele>
<time>2026-09-20T10:38:02Z</time>
<extensions>
<tp1:TrackPointExtension>
<tp1:hr>161</tp1:hr>
</tp1:TrackPointExtension>
</extensions>
</trkpt>
<trkpt lat="59.12027721" lon="17.44534979">
<ele>76.6</ele>
<time>2026-09-20T10:38:03Z</time>
<extensions>
<tp1:TrackPointExtension>
<tp1:hr>162</tp1:hr>
</tp1:TrackPointExtension>
</extensions>
</trkpt>
<trkpt lat="59.12029834" lon="17.44541357">
<ele>76.4</ele>
<time>2026-09-20T10:38:04Z</time>
<extensions>
<tp1:TrackPointExtension>
<tp1:hr>161</tp1:hr>
</tp1:TrackPointExtension>
</extensions>
</trkpt>
<trkpt lat="59.12031803" lon="17.44547183">
<ele>76.4</ele>
<time>2026-09-20T10:38:05Z</time>
<extensions>
<tp1:TrackPointExtension>
<tp1:hr>161</tp1:hr>
</tp1:TrackPointExtension>
</extensions>
</trkpt>
<trkpt lat="59.12033211" lon="17.44551835">
<ele>76.4</ele>
<time>2026-09-20T10:38:06Z</time>
<extensions>
<tp1:TrackPointExtension>
<tp1:hr>161</tp1:hr>
</tp1:TrackPointExtension>
</extensions>
</trkpt>
<trkpt lat="59.12034821" lon="17.44555799">
<ele>76.4</ele>
<time>2026-09-20T10:38:07Z</time>
<extensions>
<tp1:TrackPointExtension>
<tp1:hr>162</tp1:hr>
</tp1:TrackPointExtension>
</extensions>
</trkpt>
<trkpt lat="59.12036547" lon="17.44561097">
<ele>76.4</ele>
<time>2026-09-20T10:38:08Z</time>
<extensions>
<tp1:TrackPointExtension>
<tp1:hr>161</tp1:hr>
</tp1:TrackPointExtension>
</extensions>
</trkpt>
<trkpt lat="59.12038291" lon="17.4456574">
<ele>76.6</ele>
<time>2026-09-20T10:38:09Z</time>
<extensions>
<tp1:TrackPointExtension>
<tp1:hr>161</tp1:hr>
</tp1:TrackPointExtension>
</extensions>
</trkpt>
<trkpt lat="59.12039967" lon="17.44570451">
<ele>76.6</ele>
<time>2026-09-20T10:38:10Z</time>
<extensions>
<tp1:TrackPointExtension>
<tp1:hr>161</tp1:hr>
</tp1:TrackPointExtension>
</extensions>
</trkpt>
<trkpt lat="59.12041828" lon="17.4457584">
<ele>76.6</ele>
<time>2026-09-20T10:38:11Z</time>
<extensions>
<tp1:TrackPointExtension>
<tp1:hr>160</tp1:hr>
</tp1:TrackPointExtension>
</extensions>
</trkpt>
<trkpt lat="59.12043387" lon="17.44581649">
<ele>76.6</ele>
<time>2026-09-20T10:38:12Z</time>
<extensions>
<tp1:TrackPointExtension>
<tp1:hr>160</tp1:hr>
</tp1:TrackPointExtension>
</extensions>
</trkpt>
<trkpt lat="59.12044946" lon="17.44587282">
<ele>76.2</ele>
<time>2026-09-20T10:38:13Z</time>
<extensions>
<tp1:TrackPointExtension>
<tp1:hr>159</tp1:hr>
</tp1:TrackPointExtension>
</extensions>
</trkpt>
<trkpt lat="59.12046757" lon="17.44593216">
<ele>76.0</ele>
<time>2026-09-20T10:38:14Z</time>
<extensions>
<tp1:TrackPointExtension>
<tp1:hr>159</tp1:hr>
</tp1:TrackPointExtension>
</extensions>
</trkpt>
<trkpt lat="59.12048684" lon="17.44598949">
<ele>76.0</ele>
<time>2026-09-20T10:38:15Z</time>
<extensions>
<tp1:TrackPointExtension>
<tp1:hr>159</tp1:hr>
</tp1:TrackPointExtension>
</extensions>
</trkpt>
<trkpt lat="59.12052205" lon="17.44600969">
<ele>75.8</ele>
<time>2026-09-20T10:38:16Z</time>
<extensions>
<tp1:TrackPointExtension>
<tp1:hr>160</tp1:hr>
</tp1:TrackPointExtension>
</extensions>
</trkpt>
<trkpt lat="59.12054845" lon="17.44602411">
<ele>75.6</ele>
<time>2026-09-20T10:38:17Z</time>
<extensions>
<tp1:TrackPointExtension>
<tp1:hr>160</tp1:hr>
</tp1:TrackPointExtension>
</extensions>
</trkpt>
<trkpt lat="59.12056748" lon="17.44604599">
<ele>75.6</ele>
<time>2026-09-20T10:38:18Z</time>
<extensions>
<tp1:TrackPointExtension>
<tp1:hr>161</tp1:hr>
</tp1:TrackPointExtension>
</extensions>
</trkpt>
<trkpt lat="59.12058542" lon="17.44606577">
<ele>75.6</ele>
<time>2026-09-20T10:38:19Z</time>
<extensions>
<tp1:TrackPointExtension>
<tp1:hr>161</tp1:hr>
</tp1:TrackPointExtension>
</extensions>
</trkpt>
<trkpt lat="59.12061643" lon="17.44607415">
<ele>75.6</ele>
<time>2026-09-20T10:38:20Z</time>
<extensions>
<tp1:TrackPointExtension>
<tp1:hr>161</tp1:hr>
</tp1:TrackPointExtension>
</extensions>
</trkpt>
<trkpt lat="59.12063797" lon="17.44607968">
<ele>75.8</ele>
<time>2026-09-20T10:38:21Z</time>
<extensions>
<tp1:TrackPointExtension>
<tp1:hr>162</tp1:hr>
</tp1:TrackPointExtension>
</extensions>
</trkpt>
<trkpt lat="59.12066622" lon="17.44608622">
<ele>76.0</ele>
<time>2026-09-20T10:38:22Z</time>
<extensions>
<tp1:TrackPointExtension>
<tp1:hr>162</tp1:hr>
</tp1:TrackPointExtension>
</extensions>
</trkpt>
<trkpt lat="59.12070243" lon="17.4460863">
<ele>76.2</ele>
<time>2026-09-20T10:38:23Z</time>
<extensions>
<tp1:TrackPointExtension>
<tp1:hr>162</tp1:hr>
</tp1:TrackPointExtension>
</extensions>
</trkpt>
<trkpt lat="59.12073126" lon="17.44610273">
<ele>76.4</ele>
<time>2026-09-20T10:38:24Z</time>
<extensions>
<tp1:TrackPointExtension>
<tp1:hr>162</tp1:hr>
</tp1:TrackPointExtension>
</extensions>
</trkpt>
<trkpt lat="59.12075431" lon="17.44613416">
<ele>76.4</ele>
<time>2026-09-20T10:38:25Z</time>
<extensions>
<tp1:TrackPointExtension>
<tp1:hr>162</tp1:hr>
</tp1:TrackPointExtension>
</extensions>
</trkpt>
<trkpt lat="59.12077694" lon="17.44616308">
<ele>76.4</ele>
<time>2026-09-20T10:38:26Z</time>
<extensions>
<tp1:TrackPointExtension>
<tp1:hr>162</tp1:hr>
</tp1:TrackPointExtension>
</extensions>
</trkpt>
<trkpt lat="59.12080158" lon="17.44620617">
<ele>76.4</ele>
<time>2026-09-20T10:38:27Z</time>
<extensions>
<tp1:TrackPointExtension>
<tp1:hr>162</tp1:hr>
</tp1:TrackPointExtension>
</extensions>
</trkpt>
<trkpt lat="59.12083109" lon="17.44623953">
<ele>76.2</ele>
<time>2026-09-20T10:38:28Z</time>
<extensions>
<tp1:TrackPointExtension>
<tp1:hr>162</tp1:hr>
</tp1:TrackPointExtension>
</extensions>
</trkpt>
<trkpt lat="59.12085691" lon="17.44626132">
<ele>76.0</ele>
<time>2026-09-20T10:38:29Z</time>
<extensions>
<tp1:TrackPointExtension>
<tp1:hr>161</tp1:hr>
</tp1:TrackPointExtension>
</extensions>
</trkpt>
<trkpt lat="59.1208818" lon="17.44628613">
<ele>76.0</ele>
<time>2026-09-20T10:38:30Z</time>
<extensions>
<tp1:TrackPointExtension>
<tp1:hr>161</tp1:hr>
</tp1:TrackPointExtension>
</extensions>
</trkpt>
<trkpt lat="59.12090493" lon="17.44629979">
<ele>76.0</ele>
<time>2026-09-20T10:38:31Z</time>
<extensions>
<tp1:TrackPointExtension>
<tp1:hr>161</tp1:hr>
</tp1:TrackPointExtension>
</extensions>
</trkpt>
<trkpt lat="59.1209315" lon="17.44632234">
<ele>75.8</ele>
<time>2026-09-20T10:38:32Z</time>
<extensions>
<tp1:TrackPointExtension>
<tp1:hr>161</tp1:hr>
</tp1:TrackPointExtension>
</extensions>
</trkpt>
<trkpt lat="59.12096394" lon="17.44635536">
<ele>76.0</ele>
<time>2026-09-20T10:38:33Z</time>
<extensions>
<tp1:TrackPointExtension>
<tp1:hr>161</tp1:hr>
</tp1:TrackPointExtension>
</extensions>
</trkpt>
<trkpt lat="59.12099437" lon="17.44637271">
<ele>76.0</ele>
<time>2026-09-20T10:38:34Z</time>
<extensions>
<tp1:TrackPointExtension>
<tp1:hr>161</tp1:hr>
</tp1:TrackPointExtension>
</extensions>
</trkpt>
<trkpt lat="59.12102094" lon="17.44638185">
<ele>76.0</ele>
<time>2026-09-20T10:38:35Z</time>
<extensions>
<tp1:TrackPointExtension>
<tp1:hr>162</tp1:hr>
</tp1:TrackPointExtension>
</extensions>
</trkpt>
<trkpt lat="59.12104801" lon="17.44639903">
<ele>76.2</ele>
<time>2026-09-20T10:38:36Z</time>
<extensions>
<tp1:TrackPointExtension>
<tp1:hr>161</tp1:hr>
</tp1:TrackPointExtension>
</extensions>
</trkpt>
<trkpt lat="59.12107609" lon="17.44641923">
<ele>76.2</ele>
<time>2026-09-20T10:38:37Z</time>
<extensions>
<tp1:TrackPointExtension>
<tp1:hr>161</tp1:hr>
</tp1:TrackPointExtension>
</extensions>
</trkpt>
<trkpt lat="59.121104" lon="17.44642602">
<ele>76.4</ele>
<time>2026-09-20T10:38:38Z</time>
<extensions>
<tp1:TrackPointExtension>
<tp1:hr>162</tp1:hr>
</tp1:TrackPointExtension>
</extensions>
</trkpt>
<trkpt lat="59.12112957" lon="17.44643357">
<ele>76.6</ele>
<time>2026-09-20T10:38:39Z</time>
<extensions>
<tp1:TrackPointExtension>
<tp1:hr>162</tp1:hr>
</tp1:TrackPointExtension>
</extensions>
</trkpt>
<trkpt lat="59.12116058" lon="17.44645838">
<ele>76.6</ele>
<time>2026-09-20T10:38:40Z</time>
<extensions>
<tp1:TrackPointExtension>
<tp1:hr>162</tp1:hr>
</tp1:TrackPointExtension>
</extensions>
</trkpt>
<trkpt lat="59.12118606" lon="17.44647698">
<ele>76.8</ele>
<time>2026-09-20T10:38:41Z</time>
<extensions>
<tp1:TrackPointExtension>
<tp1:hr>162</tp1:hr>
</tp1:TrackPointExtension>
</extensions>
</trkpt>
<trkpt lat="59.12121481" lon="17.44650439">
<ele>77.0</ele>
<time>2026-09-20T10:38:42Z</time>
<extensions>
<tp1:TrackPointExtension>
<tp1:hr>161</tp1:hr>
</tp1:TrackPointExtension>
</extensions>
</trkpt>
<trkpt lat="59.12123761" lon="17.44654865">
<ele>77.0</ele>
<time>2026-09-20T10:38:43Z</time>
<extensions>
<tp1:TrackPointExtension>
<tp1:hr>162</tp1:hr>
</tp1:TrackPointExtension>
</extensions>
</trkpt>
<trkpt lat="59.12126779" lon="17.4465862">
<ele>77.4</ele>
<time>2026-09-20T10:38:44Z</time>
<extensions>
<tp1:TrackPointExtension>
<tp1:hr>162</tp1:hr>
</tp1:TrackPointExtension>
</extensions>
</trkpt>
<trkpt lat="59.1212993" lon="17.44660204">
<ele>77.6</ele>
<time>2026-09-20T10:38:45Z</time>
<extensions>
<tp1:TrackPointExtension>
<tp1:hr>162</tp1:hr>
</tp1:TrackPointExtension>
</extensions>
</trkpt>
<trkpt lat="59.12132705" lon="17.44661361">
<ele>77.6</ele>
<time>2026-09-20T10:38:46Z</time>
<extensions>
<tp1:TrackPointExtension>
<tp1:hr>161</tp1:hr>
</tp1:TrackPointExtension>
</extensions>
</trkpt>
<trkpt lat="59.12135647" lon="17.44663507">
<ele>77.6</ele>
<time>2026-09-20T10:38:47Z</time>
<extensions>
<tp1:TrackPointExtension>
<tp1:hr>162</tp1:hr>
</tp1:TrackPointExtension>
</extensions>
</trkpt>
<trkpt lat="59.12138396" lon="17.44667564">
<ele>77.6</ele>
<time>2026-09-20T10:38:48Z</time>
<extensions>
<tp1:TrackPointExtension>
<tp1:hr>162</tp1:hr>
</tp1:TrackPointExtension>
</extensions>
</trkpt>
<trkpt lat="59.12139041" lon="17.44671687">
<ele>77.4</ele>
<time>2026-09-20T10:38:49Z</time>
<extensions>
<tp1:TrackPointExtension>
<tp1:hr>163</tp1:hr>
</tp1:TrackPointExtension>
</extensions>
</trkpt>
<trkpt lat="59.12139351" lon="17.44677857">
<ele>77.4</ele>
<time>2026-09-20T10:38:50Z</time>
<extensions>
<tp1:TrackPointExtension>
<tp1:hr>163</tp1:hr>
</tp1:TrackPointExtension>
</extensions>
</trkpt>
<trkpt lat="59.12139452" lon="17.4468338">
<ele>77.4</ele>
<time>2026-09-20T10:38:51Z</time>
<extensions>
<tp1:TrackPointExtension>
<tp1:hr>163</tp1:hr>
</tp1:TrackPointExtension>
</extensions>
</trkpt>
<trkpt lat="59.12139553" lon="17.44688971">
<ele>77.4</ele>
<time>2026-09-20T10:38:52Z</time>
<extensions>
<tp1:TrackPointExtension>
<tp1:hr>163</tp1:hr>
</tp1:TrackPointExtension>
</extensions>
</trkpt>
<trkpt lat="59.12139787" lon="17.44694042">
<ele>77.6</ele>
<time>2026-09-20T10:38:53Z</time>
<extensions>
<tp1:TrackPointExtension>
<tp1:hr>163</tp1:hr>
</tp1:TrackPointExtension>
</extensions>
</trkpt>
<trkpt lat="59.12140433" lon="17.44698007">
<ele>77.4</ele>
<time>2026-09-20T10:38:54Z</time>
<extensions>
<tp1:TrackPointExtension>
<tp1:hr>162</tp1:hr>
</tp1:TrackPointExtension>
</extensions>
</trkpt>
<trkpt lat="59.12141263" lon="17.44701401">
<ele>77.2</ele>
<time>2026-09-20T10:38:55Z</time>
<extensions>
<tp1:TrackPointExtension>
<tp1:hr>162</tp1:hr>
</tp1:TrackPointExtension>
</extensions>
</trkpt>
<trkpt lat="59.12143517" lon="17.4470488">
<ele>77.0</ele>
<time>2026-09-20T10:38:56Z</time>
<extensions>
<tp1:TrackPointExtension>
<tp1:hr>161</tp1:hr>
</tp1:TrackPointExtension>
</extensions>
</trkpt>
<trkpt lat="59.12145076" lon="17.44708601">
<ele>77.0</ele>
<time>2026-09-20T10:38:57Z</time>
<extensions>
<tp1:TrackPointExtension>
<tp1:hr>161</tp1:hr>
</tp1:TrackPointExtension>
</extensions>
</trkpt>
<trkpt lat="59.12146853" lon="17.44711041">
<ele>76.8</ele>
<time>2026-09-20T10:38:58Z</time>
<extensions>
<tp1:TrackPointExtension>
<tp1:hr>161</tp1:hr>
</tp1:TrackPointExtension>
</extensions>
</trkpt>
<trkpt lat="59.12148613" lon="17.44713706">
<ele>76.8</ele>
<time>2026-09-20T10:38:59Z</time>
<extensions>
<tp1:TrackPointExtension>
<tp1:hr>160</tp1:hr>
</tp1:TrackPointExtension>
</extensions>
</trkpt>
<trkpt lat="59.12150458" lon="17.44714653">
<ele>77.0</ele>
<time>2026-09-20T10:39:00Z</time>
<extensions>
<tp1:TrackPointExtension>
<tp1:hr>160</tp1:hr>
</tp1:TrackPointExtension>
</extensions>
</trkpt>
<trkpt lat="59.12152804" lon="17.44715483">
<ele>77.2</ele>
<time>2026-09-20T10:39:01Z</time>
<extensions>
<tp1:TrackPointExtension>
<tp1:hr>160</tp1:hr>
</tp1:TrackPointExtension>
</extensions>
</trkpt>
<trkpt lat="59.12155621" lon="17.44716723">
<ele>77.2</ele>
<time>2026-09-20T10:39:02Z</time>
<extensions>
<tp1:TrackPointExtension>
<tp1:hr>160</tp1:hr>
</tp1:TrackPointExtension>
</extensions>
</trkpt>
<trkpt lat="59.1215832" lon="17.44717671">
<ele>77.4</ele>
<time>2026-09-20T10:39:03Z</time>
<extensions>
<tp1:TrackPointExtension>
<tp1:hr>161</tp1:hr>
</tp1:TrackPointExtension>
</extensions>
</trkpt>
<trkpt lat="59.12161706" lon="17.44719531">
<ele>77.4</ele>
<time>2026-09-20T10:39:04Z</time>
<extensions>
<tp1:TrackPointExtension>
<tp1:hr>161</tp1:hr>
</tp1:TrackPointExtension>
</extensions>
</trkpt>
<trkpt lat="59.12164371" lon="17.44722054">
<ele>77.4</ele>
<time>2026-09-20T10:39:05Z</time>
<extensions>
<tp1:TrackPointExtension>
<tp1:hr>161</tp1:hr>
</tp1:TrackPointExtension>
</extensions>
</trkpt>
<trkpt lat="59.12166869" lon="17.44724921">
<ele>77.4</ele>
<time>2026-09-20T10:39:06Z</time>
<extensions>
<tp1:TrackPointExtension>
<tp1:hr>160</tp1:hr>
</tp1:TrackPointExtension>
</extensions>
</trkpt>
<trkpt lat="59.12169132" lon="17.44726798">
<ele>77.4</ele>
<time>2026-09-20T10:39:07Z</time>
<extensions>
<tp1:TrackPointExtension>
<tp1:hr>161</tp1:hr>
</tp1:TrackPointExtension>
</extensions>
</trkpt>
<trkpt lat="59.12171337" lon="17.44731375">
<ele>77.4</ele>
<time>2026-09-20T10:39:08Z</time>
<extensions>
<tp1:TrackPointExtension>
<tp1:hr>161</tp1:hr>
</tp1:TrackPointExtension>
</extensions>
</trkpt>
<trkpt lat="59.12172762" lon="17.44737326">
<ele>77.4</ele>
<time>2026-09-20T10:39:09Z</time>
<extensions>
<tp1:TrackPointExtension>
<tp1:hr>162</tp1:hr>
</tp1:TrackPointExtension>
</extensions>
</trkpt>
<trkpt lat="59.12174203" lon="17.44739933">
<ele>77.3</ele>
<time>2026-09-20T10:39:10Z</time>
<extensions>
<tp1:TrackPointExtension>
<tp1:hr>162</tp1:hr>
</tp1:TrackPointExtension>
</extensions>
</trkpt>
<trkpt lat="59.12175679" lon="17.44744107">
<ele>77.5</ele>
<time>2026-09-20T10:39:11Z</time>
<extensions>
<tp1:TrackPointExtension>
<tp1:hr>162</tp1:hr>
</tp1:TrackPointExtension>
</extensions>
</trkpt>
<trkpt lat="59.12177439" lon="17.44748005">
<ele>77.7</ele>
<time>2026-09-20T10:39:12Z</time>
<extensions>
<tp1:TrackPointExtension>
<tp1:hr>163</tp1:hr>
</tp1:TrackPointExtension>
</extensions>
</trkpt>
<trkpt lat="59.12178671" lon="17.44751349">
<ele>77.9</ele>
<time>2026-09-20T10:39:13Z</time>
<extensions>
<tp1:TrackPointExtension>
<tp1:hr>163</tp1:hr>
</tp1:TrackPointExtension>
</extensions>
</trkpt>
<trkpt lat="59.12179962" lon="17.4475554">
<ele>78.1</ele>
<time>2026-09-20T10:39:14Z</time>
<extensions>
<tp1:TrackPointExtension>
<tp1:hr>163</tp1:hr>
</tp1:TrackPointExtension>
</extensions>
</trkpt>
<trkpt lat="59.1218106" lon="17.44759496">
<ele>78.5</ele>
<time>2026-09-20T10:39:15Z</time>
<extensions>
<tp1:TrackPointExtension>
<tp1:hr>163</tp1:hr>
</tp1:TrackPointExtension>
</extensions>
</trkpt>
<trkpt lat="59.12182585" lon="17.44762648">
<ele>78.7</ele>
<time>2026-09-20T10:39:16Z</time>
<extensions>
<tp1:TrackPointExtension>
<tp1:hr>163</tp1:hr>
</tp1:TrackPointExtension>
</extensions>
</trkpt>
<trkpt lat="59.12183591" lon="17.4476523">
<ele>79.1</ele>
<time>2026-09-20T10:39:17Z</time>
<extensions>
<tp1:TrackPointExtension>
<tp1:hr>163</tp1:hr>
</tp1:TrackPointExtension>
</extensions>
</trkpt>
<trkpt lat="59.12184957" lon="17.44766881">
<ele>79.5</ele>
<time>2026-09-20T10:39:18Z</time>
<extensions>
<tp1:TrackPointExtension>
<tp1:hr>163</tp1:hr>
</tp1:TrackPointExtension>
</extensions>
</trkpt>
<trkpt lat="59.12186148" lon="17.44769881">
<ele>79.9</ele>
<time>2026-09-20T10:39:19Z</time>
<extensions>
<tp1:TrackPointExtension>
<tp1:hr>163</tp1:hr>
</tp1:TrackPointExtension>
</extensions>
</trkpt>
<trkpt lat="59.12187262" lon="17.44771474">
<ele>80.5</ele>
<time>2026-09-20T10:39:20Z</time>
<extensions>
<tp1:TrackPointExtension>
<tp1:hr>163</tp1:hr>
</tp1:TrackPointExtension>
</extensions>
</trkpt>
<trkpt lat="59.12188394" lon="17.44774274">
<ele>80.9</ele>
<time>2026-09-20T10:39:21Z</time>
<extensions>
<tp1:TrackPointExtension>
<tp1:hr>164</tp1:hr>
</tp1:TrackPointExtension>
</extensions>
</trkpt>
<trkpt lat="59.12189391" lon="17.44777425">
<ele>81.3</ele>
<time>2026-09-20T10:39:22Z</time>
<extensions>
<tp1:TrackPointExtension>
<tp1:hr>164</tp1:hr>
</tp1:TrackPointExtension>
</extensions>
</trkpt>
<trkpt lat="59.12190397" lon="17.44780309">
<ele>81.7</ele>
<time>2026-09-20T10:39:23Z</time>
<extensions>
<tp1:TrackPointExtension>
<tp1:hr>164</tp1:hr>
</tp1:TrackPointExtension>
</extensions>
</trkpt>
<trkpt lat="59.12190699" lon="17.4478398">
<ele>82.1</ele>
<time>2026-09-20T10:39:24Z</time>
<extensions>
<tp1:TrackPointExtension>
<tp1:hr>164</tp1:hr>
</tp1:TrackPointExtension>
</extensions>
</trkpt>
<trkpt lat="59.12191009" lon="17.44786981">
<ele>82.5</ele>
<time>2026-09-20T10:39:25Z</time>
<extensions>
<tp1:TrackPointExtension>
<tp1:hr>165</tp1:hr>
</tp1:TrackPointExtension>
</extensions>
</trkpt>
<trkpt lat="59.12191093" lon="17.44789788">
<ele>82.9</ele>
<time>2026-09-20T10:39:26Z</time>
<extensions>
<tp1:TrackPointExtension>
<tp1:hr>165</tp1:hr>
</tp1:TrackPointExtension>
</extensions>
</trkpt>
<trkpt lat="59.12191588" lon="17.44792999">
<ele>83.1</ele>
<time>2026-09-20T10:39:27Z</time>
<extensions>
<tp1:TrackPointExtension>
<tp1:hr>165</tp1:hr>
</tp1:TrackPointExtension>
</extensions>
</trkpt>
<trkpt lat="59.12192769" lon="17.44797114">
<ele>83.5</ele>
<time>2026-09-20T10:39:28Z</time>
<extensions>
<tp1:TrackPointExtension>
<tp1:hr>165</tp1:hr>
</tp1:TrackPointExtension>
</extensions>
</trkpt>
<trkpt lat="59.1219437" lon="17.44799813">
<ele>83.7</ele>
<time>2026-09-20T10:39:29Z</time>
<extensions>
<tp1:TrackPointExtension>
<tp1:hr>166</tp1:hr>
</tp1:TrackPointExtension>
</extensions>
</trkpt>
<trkpt lat="59.12195569" lon="17.44802269">
<ele>83.9</ele>
<time>2026-09-20T10:39:30Z</time>
<extensions>
<tp1:TrackPointExtension>
<tp1:hr>165</tp1:hr>
</tp1:TrackPointExtension>
</extensions>
</trkpt>
<trkpt lat="59.12196876" lon="17.4480708">
<ele>84.1</ele>
<time>2026-09-20T10:39:31Z</time>
<extensions>
<tp1:TrackPointExtension>
<tp1:hr>165</tp1:hr>
</tp1:TrackPointExtension>
</extensions>
</trkpt>
<trkpt lat="59.12198586" lon="17.44810592">
<ele>84.5</ele>
<time>2026-09-20T10:39:32Z</time>
<extensions>
<tp1:TrackPointExtension>
<tp1:hr>166</tp1:hr>
</tp1:TrackPointExtension>
</extensions>
</trkpt>
<trkpt lat="59.12200036" lon="17.4481242">
<ele>84.9</ele>
<time>2026-09-20T10:39:33Z</time>
<extensions>
<tp1:TrackPointExtension>
<tp1:hr>165</tp1:hr>
</tp1:TrackPointExtension>
</extensions>
</trkpt>
<trkpt lat="59.12200933" lon="17.4481485">
<ele>85.3</ele>
<time>2026-09-20T10:39:34Z</time>
<extensions>
<tp1:TrackPointExtension>
<tp1:hr>165</tp1:hr>
</tp1:TrackPointExtension>
</extensions>
</trkpt>
<trkpt lat="59.12201512" lon="17.44817264">
<ele>85.9</ele>
<time>2026-09-20T10:39:35Z</time>
<extensions>
<tp1:TrackPointExtension>
<tp1:hr>166</tp1:hr>
</tp1:TrackPointExtension>
</extensions>
</trkpt>
<trkpt lat="59.1220173" lon="17.44821003">
<ele>86.3</ele>
<time>2026-09-20T10:39:36Z</time>
<extensions>
<tp1:TrackPointExtension>
<tp1:hr>165</tp1:hr>
</tp1:TrackPointExtension>
</extensions>
</trkpt>
<trkpt lat="59.12201671" lon="17.4482407">
<ele>86.5</ele>
<time>2026-09-20T10:39:37Z</time>
<extensions>
<tp1:TrackPointExtension>
<tp1:hr>165</tp1:hr>
</tp1:TrackPointExtension>
</extensions>
</trkpt>
<trkpt lat="59.12201973" lon="17.44826493">
<ele>86.7</ele>
<time>2026-09-20T10:39:38Z</time>
<extensions>
<tp1:TrackPointExtension>
<tp1:hr>164</tp1:hr>
</tp1:TrackPointExtension>
</extensions>
</trkpt>
<trkpt lat="59.12202434" lon="17.44829963">
<ele>87.1</ele>
<time>2026-09-20T10:39:39Z</time>
<extensions>
<tp1:TrackPointExtension>
<tp1:hr>164</tp1:hr>
</tp1:TrackPointExtension>
</extensions>
</trkpt>
<trkpt lat="59.12202727" lon="17.44834917">
<ele>87.5</ele>
<time>2026-09-20T10:39:40Z</time>
<extensions>
<tp1:TrackPointExtension>
<tp1:hr>164</tp1:hr>
</tp1:TrackPointExtension>
</extensions>
</trkpt>
<trkpt lat="59.12202895" lon="17.4483837">
<ele>87.7</ele>
<time>2026-09-20T10:39:41Z</time>
<extensions>
<tp1:TrackPointExtension>
<tp1:hr>164</tp1:hr>
</tp1:TrackPointExtension>
</extensions>
</trkpt>
<trkpt lat="59.12203297" lon="17.44841455">
<ele>88.1</ele>
<time>2026-09-20T10:39:42Z</time>
<extensions>
<tp1:TrackPointExtension>
<tp1:hr>164</tp1:hr>
</tp1:TrackPointExtension>
</extensions>
</trkpt>
<trkpt lat="59.12204345" lon="17.4484386">
<ele>88.5</ele>
<time>2026-09-20T10:39:43Z</time>
<extensions>
<tp1:TrackPointExtension>
<tp1:hr>164</tp1:hr>
</tp1:TrackPointExtension>
</extensions>
</trkpt>
<trkpt lat="59.12206432" lon="17.44845327">
<ele>88.7</ele>
<time>2026-09-20T10:39:44Z</time>
<extensions>
<tp1:TrackPointExtension>
<tp1:hr>164</tp1:hr>
</tp1:TrackPointExtension>
</extensions>
</trkpt>
<trkpt lat="59.12207597" lon="17.44849233">
<ele>88.7</ele>
<time>2026-09-20T10:39:45Z</time>
<extensions>
<tp1:TrackPointExtension>
<tp1:hr>164</tp1:hr>
</tp1:TrackPointExtension>
</extensions>
</trkpt>
<trkpt lat="59.12208837" lon="17.44851815">
<ele>88.7</ele>
<time>2026-09-20T10:39:46Z</time>
<extensions>
<tp1:TrackPointExtension>
<tp1:hr>164</tp1:hr>
</tp1:TrackPointExtension>
</extensions>
</trkpt>
<trkpt lat="59.12210187" lon="17.4485583">
<ele>88.7</ele>
<time>2026-09-20T10:39:47Z</time>
<extensions>
<tp1:TrackPointExtension>
<tp1:hr>164</tp1:hr>
</tp1:TrackPointExtension>
</extensions>
</trkpt>
<trkpt lat="59.12211939" lon="17.44859945">
<ele>88.5</ele>
<time>2026-09-20T10:39:48Z</time>
<extensions>
<tp1:TrackPointExtension>
<tp1:hr>164</tp1:hr>
</tp1:TrackPointExtension>
</extensions>
</trkpt>
<trkpt lat="59.12213179" lon="17.4486251">
<ele>88.3</ele>
<time>2026-09-20T10:39:49Z</time>
<extensions>
<tp1:TrackPointExtension>
<tp1:hr>164</tp1:hr>
</tp1:TrackPointExtension>
</extensions>
</trkpt>
<trkpt lat="59.12215141" lon="17.44865368">
<ele>88.3</ele>
<time>2026-09-20T10:39:50Z</time>
<extensions>
<tp1:TrackPointExtension>
<tp1:hr>164</tp1:hr>
</tp1:TrackPointExtension>
</extensions>
</trkpt>
<trkpt lat="59.12218083" lon="17.44866089">
<ele>88.1</ele>
<time>2026-09-20T10:39:51Z</time>
<extensions>
<tp1:TrackPointExtension>
<tp1:hr>164</tp1:hr>
</tp1:TrackPointExtension>
</extensions>
</trkpt>
<trkpt lat="59.12220941" lon="17.44866751">
<ele>88.1</ele>
<time>2026-09-20T10:39:52Z</time>
<extensions>
<tp1:TrackPointExtension>
<tp1:hr>164</tp1:hr>
</tp1:TrackPointExtension>
</extensions>
</trkpt>
<trkpt lat="59.1222276" lon="17.44867262">
<ele>87.7</ele>
<time>2026-09-20T10:39:53Z</time>
<extensions>
<tp1:TrackPointExtension>
<tp1:hr>164</tp1:hr>
</tp1:TrackPointExtension>
</extensions>
</trkpt>
<trkpt lat="59.12225258" lon="17.44867464">
<ele>87.3</ele>
<time>2026-09-20T10:39:54Z</time>
<extensions>
<tp1:TrackPointExtension>
<tp1:hr>165</tp1:hr>
</tp1:TrackPointExtension>
</extensions>
</trkpt>
<trkpt lat="59.12227697" lon="17.44865226">
<ele>87.1</ele>
<time>2026-09-20T10:39:55Z</time>
<extensions>
<tp1:TrackPointExtension>
<tp1:hr>165</tp1:hr>
</tp1:TrackPointExtension>
</extensions>
</trkpt>
<trkpt lat="59.12230379" lon="17.44866097">
<ele>86.5</ele>
<time>2026-09-20T10:39:56Z</time>
<extensions>
<tp1:TrackPointExtension>
<tp1:hr>165</tp1:hr>
</tp1:TrackPointExtension>
</extensions>
</trkpt>
<trkpt lat="59.12231997" lon="17.44868637">
<ele>86.5</ele>
<time>2026-09-20T10:39:57Z</time>
<extensions>
<tp1:TrackPointExtension>
<tp1:hr>165</tp1:hr>
</tp1:TrackPointExtension>
</extensions>
</trkpt>
<trkpt lat="59.12233388" lon="17.44870204">
<ele>86.5</ele>
<time>2026-09-20T10:39:58Z</time>
<extensions>
<tp1:TrackPointExtension>
<tp1:hr>165</tp1:hr>
</tp1:TrackPointExtension>
</extensions>
</trkpt>
<trkpt lat="59.12234109" lon="17.44870707">
<ele>86.9</ele>
<time>2026-09-20T10:39:59Z</time>
<extensions>
<tp1:TrackPointExtension>
<tp1:hr>165</tp1:hr>
</tp1:TrackPointExtension>
</extensions>
</trkpt>
<trkpt lat="59.122354" lon="17.44871914">
<ele>87.5</ele>
<time>2026-09-20T10:40:00Z</time>
<extensions>
<tp1:TrackPointExtension>
<tp1:hr>165</tp1:hr>
</tp1:TrackPointExtension>
</extensions>
</trkpt>
<trkpt lat="59.12236238" lon="17.44874815">
<ele>88.3</ele>
<time>2026-09-20T10:40:01Z</time>
<extensions>
<tp1:TrackPointExtension>
<tp1:hr>165</tp1:hr>
</tp1:TrackPointExtension>
</extensions>
</trkpt>
<trkpt lat="59.12237587" lon="17.44877748">
<ele>88.9</ele>
<time>2026-09-20T10:40:02Z</time>
<extensions>
<tp1:TrackPointExtension>
<tp1:hr>165</tp1:hr>
</tp1:TrackPointExtension>
</extensions>
</trkpt>
<trkpt lat="59.12238786" lon="17.4488012">
<ele>89.5</ele>
<time>2026-09-20T10:40:03Z</time>
<extensions>
<tp1:TrackPointExtension>
<tp1:hr>164</tp1:hr>
</tp1:TrackPointExtension>
</extensions>
</trkpt>
<trkpt lat="59.12240412" lon="17.44883155">
<ele>89.7</ele>
<time>2026-09-20T10:40:04Z</time>
<extensions>
<tp1:TrackPointExtension>
<tp1:hr>164</tp1:hr>
</tp1:TrackPointExtension>
</extensions>
</trkpt>
<trkpt lat="59.12242256" lon="17.44886063">
<ele>89.9</ele>
<time>2026-09-20T10:40:05Z</time>
<extensions>
<tp1:TrackPointExtension>
<tp1:hr>164</tp1:hr>
</tp1:TrackPointExtension>
</extensions>
</trkpt>
<trkpt lat="59.12244385" lon="17.44887572">
<ele>89.9</ele>
<time>2026-09-20T10:40:06Z</time>
<extensions>
<tp1:TrackPointExtension>
<tp1:hr>164</tp1:hr>
</tp1:TrackPointExtension>
</extensions>
</trkpt>
<trkpt lat="59.12246774" lon="17.44888527">
<ele>89.9</ele>
<time>2026-09-20T10:40:07Z</time>
<extensions>
<tp1:TrackPointExtension>
<tp1:hr>165</tp1:hr>
</tp1:TrackPointExtension>
</extensions>
</trkpt>
<trkpt lat="59.12248618" lon="17.44890883">
<ele>89.7</ele>
<time>2026-09-20T10:40:08Z</time>
<extensions>
<tp1:TrackPointExtension>
<tp1:hr>165</tp1:hr>
</tp1:TrackPointExtension>
</extensions>
</trkpt>
<trkpt lat="59.12251032" lon="17.44894361">
<ele>89.5</ele>
<time>2026-09-20T10:40:09Z</time>
<extensions>
<tp1:TrackPointExtension>
<tp1:hr>165</tp1:hr>
</tp1:TrackPointExtension>
</extensions>
</trkpt>
<trkpt lat="59.12253672" lon="17.44896398">
<ele>89.3</ele>
<time>2026-09-20T10:40:10Z</time>
<extensions>
<tp1:TrackPointExtension>
<tp1:hr>165</tp1:hr>
</tp1:TrackPointExtension>
</extensions>
</trkpt>
<trkpt lat="59.12255835" lon="17.44898108">
<ele>89.3</ele>
<time>2026-09-20T10:40:11Z</time>
<extensions>
<tp1:TrackPointExtension>
<tp1:hr>165</tp1:hr>
</tp1:TrackPointExtension>
</extensions>
</trkpt>
<trkpt lat="59.12257494" lon="17.44901226">
<ele>89.3</ele>
<time>2026-09-20T10:40:12Z</time>
<extensions>
<tp1:TrackPointExtension>
<tp1:hr>165</tp1:hr>
</tp1:TrackPointExtension>
</extensions>
</trkpt>
<trkpt lat="59.12259313" lon="17.44903187">
<ele>89.3</ele>
<time>2026-09-20T10:40:13Z</time>
<extensions>
<tp1:TrackPointExtension>
<tp1:hr>165</tp1:hr>
</tp1:TrackPointExtension>
</extensions>
</trkpt>
<trkpt lat="59.12262071" lon="17.4490747">
<ele>88.9</ele>
<time>2026-09-20T10:40:14Z</time>
<extensions>
<tp1:TrackPointExtension>
<tp1:hr>165</tp1:hr>
</tp1:TrackPointExtension>
</extensions>
</trkpt>
<trkpt lat="59.12264074" lon="17.44913338">
<ele>88.3</ele>
<time>2026-09-20T10:40:15Z</time>
<extensions>
<tp1:TrackPointExtension>
<tp1:hr>166</tp1:hr>
</tp1:TrackPointExtension>
</extensions>
</trkpt>
<trkpt lat="59.12265415" lon="17.44915182">
<ele>87.9</ele>
<time>2026-09-20T10:40:16Z</time>
<extensions>
<tp1:TrackPointExtension>
<tp1:hr>166</tp1:hr>
</tp1:TrackPointExtension>
</extensions>
</trkpt>
<trkpt lat="59.12267628" lon="17.4491783">
<ele>87.7</ele>
<time>2026-09-20T10:40:17Z</time>
<extensions>
<tp1:TrackPointExtension>
<tp1:hr>166</tp1:hr>
</tp1:TrackPointExtension>
</extensions>
</trkpt>
<trkpt lat="59.12269522" lon="17.44919457">
<ele>87.3</ele>
<time>2026-09-20T10:40:18Z</time>
<extensions>
<tp1:TrackPointExtension>
<tp1:hr>166</tp1:hr>
</tp1:TrackPointExtension>
</extensions>
</trkpt>
<trkpt lat="59.12271291" lon="17.44921334">
<ele>87.2</ele>
<time>2026-09-20T10:40:19Z</time>
<extensions>
<tp1:TrackPointExtension>
<tp1:hr>166</tp1:hr>
</tp1:TrackPointExtension>
</extensions>
</trkpt>
<trkpt lat="59.12273353" lon="17.44922927">
<ele>87.2</ele>
<time>2026-09-20T10:40:20Z</time>
<extensions>
<tp1:TrackPointExtension>
<tp1:hr>166</tp1:hr>
</tp1:TrackPointExtension>
</extensions>
</trkpt>
<trkpt lat="59.12275708" lon="17.44924528">
<ele>86.8</ele>
<time>2026-09-20T10:40:21Z</time>
<extensions>
<tp1:TrackPointExtension>
<tp1:hr>166</tp1:hr>
</tp1:TrackPointExtension>
</extensions>
</trkpt>
<trkpt lat="59.1227834" lon="17.44926229">
<ele>86.4</ele>
<time>2026-09-20T10:40:22Z</time>
<extensions>
<tp1:TrackPointExtension>
<tp1:hr>166</tp1:hr>
</tp1:TrackPointExtension>
</extensions>
</trkpt>
<trkpt lat="59.12280863" lon="17.44928543">
<ele>85.6</ele>
<time>2026-09-20T10:40:23Z</time>
<extensions>
<tp1:TrackPointExtension>
<tp1:hr>166</tp1:hr>
</tp1:TrackPointExtension>
</extensions>
</trkpt>
<trkpt lat="59.12283612" lon="17.44930822">
<ele>85.0</ele>
<time>2026-09-20T10:40:24Z</time>
<extensions>
<tp1:TrackPointExtension>
<tp1:hr>166</tp1:hr>
</tp1:TrackPointExtension>
</extensions>
</trkpt>
<trkpt lat="59.12286613" lon="17.44933303">
<ele>84.6</ele>
<time>2026-09-20T10:40:25Z</time>
<extensions>
<tp1:TrackPointExtension>
<tp1:hr>166</tp1:hr>
</tp1:TrackPointExtension>
</extensions>
</trkpt>
<trkpt lat="59.12289614" lon="17.44934703">
<ele>84.4</ele>
<time>2026-09-20T10:40:26Z</time>
<extensions>
<tp1:TrackPointExtension>
<tp1:hr>166</tp1:hr>
</tp1:TrackPointExtension>
</extensions>
</trkpt>
<trkpt lat="59.12292128" lon="17.44931459">
<ele>84.2</ele>
<time>2026-09-20T10:40:27Z</time>
<extensions>
<tp1:TrackPointExtension>
<tp1:hr>166</tp1:hr>
</tp1:TrackPointExtension>
</extensions>
</trkpt>
<trkpt lat="59.12294165" lon="17.44928668">
<ele>84.4</ele>
<time>2026-09-20T10:40:28Z</time>
<extensions>
<tp1:TrackPointExtension>
<tp1:hr>166</tp1:hr>
</tp1:TrackPointExtension>
</extensions>
</trkpt>
<trkpt lat="59.1229621" lon="17.44927193">
<ele>84.6</ele>
<time>2026-09-20T10:40:29Z</time>
<extensions>
<tp1:TrackPointExtension>
<tp1:hr>166</tp1:hr>
</tp1:TrackPointExtension>
</extensions>
</trkpt>
<trkpt lat="59.12298943" lon="17.44926606">
<ele>84.6</ele>
<time>2026-09-20T10:40:30Z</time>
<extensions>
<tp1:TrackPointExtension>
<tp1:hr>167</tp1:hr>
</tp1:TrackPointExtension>
</extensions>
</trkpt>
<trkpt lat="59.12301315" lon="17.44926791">
<ele>84.8</ele>
<time>2026-09-20T10:40:31Z</time>
<extensions>
<tp1:TrackPointExtension>
<tp1:hr>166</tp1:hr>
</tp1:TrackPointExtension>
</extensions>
</trkpt>
<trkpt lat="59.12304123" lon="17.44926422">
<ele>84.8</ele>
<time>2026-09-20T10:40:32Z</time>
<extensions>
<tp1:TrackPointExtension>
<tp1:hr>167</tp1:hr>
</tp1:TrackPointExtension>
</extensions>
</trkpt>
<trkpt lat="59.1230673" lon="17.44926623">
<ele>84.8</ele>
<time>2026-09-20T10:40:33Z</time>
<extensions>
<tp1:TrackPointExtension>
<tp1:hr>167</tp1:hr>
</tp1:TrackPointExtension>
</extensions>
</trkpt>
<trkpt lat="59.12310451" lon="17.44927621">
<ele>84.6</ele>
<time>2026-09-20T10:40:34Z</time>
<extensions>
<tp1:TrackPointExtension>
<tp1:hr>167</tp1:hr>
</tp1:TrackPointExtension>
</extensions>
</trkpt>
<trkpt lat="59.12313284" lon="17.44927051">
<ele>84.2</ele>
<time>2026-09-20T10:40:35Z</time>
<extensions>
<tp1:TrackPointExtension>
<tp1:hr>167</tp1:hr>
</tp1:TrackPointExtension>
</extensions>
</trkpt>
<trkpt lat="59.12315455" lon="17.44925634">
<ele>83.8</ele>
<time>2026-09-20T10:40:36Z</time>
<extensions>
<tp1:TrackPointExtension>
<tp1:hr>167</tp1:hr>
</tp1:TrackPointExtension>
</extensions>
</trkpt>
<trkpt lat="59.12318808" lon="17.44924343">
<ele>83.4</ele>
<time>2026-09-20T10:40:37Z</time>
<extensions>
<tp1:TrackPointExtension>
<tp1:hr>167</tp1:hr>
</tp1:TrackPointExtension>
</extensions>
</trkpt>
<trkpt lat="59.12320862" lon="17.44923329">
<ele>83.2</ele>
<time>2026-09-20T10:40:38Z</time>
<extensions>
<tp1:TrackPointExtension>
<tp1:hr>166</tp1:hr>
</tp1:TrackPointExtension>
</extensions>
</trkpt>
<trkpt lat="59.1232398" lon="17.44920773">
<ele>83.2</ele>
<time>2026-09-20T10:40:39Z</time>
<extensions>
<tp1:TrackPointExtension>
<tp1:hr>166</tp1:hr>
</tp1:TrackPointExtension>
</extensions>
</trkpt>
<trkpt lat="59.12327232" lon="17.44920211">
<ele>83.2</ele>
<time>2026-09-20T10:40:40Z</time>
<extensions>
<tp1:TrackPointExtension>
<tp1:hr>166</tp1:hr>
</tp1:TrackPointExtension>
</extensions>
</trkpt>
<trkpt lat="59.12330811" lon="17.44919582">
<ele>82.8</ele>
<time>2026-09-20T10:40:41Z</time>
<extensions>
<tp1:TrackPointExtension>
<tp1:hr>166</tp1:hr>
</tp1:TrackPointExtension>
</extensions>
</trkpt>
<trkpt lat="59.12334373" lon="17.44919297">
<ele>82.6</ele>
<time>2026-09-20T10:40:42Z</time>
<extensions>
<tp1:TrackPointExtension>
<tp1:hr>166</tp1:hr>
</tp1:TrackPointExtension>
</extensions>
</trkpt>
<trkpt lat="59.12337215" lon="17.44919264">
<ele>82.2</ele>
<time>2026-09-20T10:40:43Z</time>
<extensions>
<tp1:TrackPointExtension>
<tp1:hr>165</tp1:hr>
</tp1:TrackPointExtension>
</extensions>
</trkpt>
<trkpt lat="59.12339285" lon="17.44919222">
<ele>81.8</ele>
<time>2026-09-20T10:40:44Z</time>
<extensions>
<tp1:TrackPointExtension>
<tp1:hr>165</tp1:hr>
</tp1:TrackPointExtension>
</extensions>
</trkpt>
<trkpt lat="59.12340576" lon="17.44920764">
<ele>81.8</ele>
<time>2026-09-20T10:40:45Z</time>
<extensions>
<tp1:TrackPointExtension>
<tp1:hr>165</tp1:hr>
</tp1:TrackPointExtension>
</extensions>
</trkpt>
<trkpt lat="59.12342043" lon="17.44920596">
<ele>81.8</ele>
<time>2026-09-20T10:40:46Z</time>
<extensions>
<tp1:TrackPointExtension>
<tp1:hr>166</tp1:hr>
</tp1:TrackPointExtension>
</extensions>
</trkpt>
<trkpt lat="59.12343652" lon="17.44920001">
<ele>82.0</ele>
<time>2026-09-20T10:40:47Z</time>
<extensions>
<tp1:TrackPointExtension>
<tp1:hr>166</tp1:hr>
</tp1:TrackPointExtension>
</extensions>
</trkpt>
<trkpt lat="59.12345831" lon="17.44917939">
<ele>82.0</ele>
<time>2026-09-20T10:40:48Z</time>
<extensions>
<tp1:TrackPointExtension>
<tp1:hr>166</tp1:hr>
</tp1:TrackPointExtension>
</extensions>
</trkpt>
<trkpt lat="59.12348673" lon="17.44915307">
<ele>82.2</ele>
<time>2026-09-20T10:40:49Z</time>
<extensions>
<tp1:TrackPointExtension>
<tp1:hr>166</tp1:hr>
</tp1:TrackPointExtension>
</extensions>
</trkpt>
<trkpt lat="59.12351707" lon="17.4491369">
<ele>82.2</ele>
<time>2026-09-20T10:40:50Z</time>
<extensions>
<tp1:TrackPointExtension>
<tp1:hr>165</tp1:hr>
</tp1:TrackPointExtension>
</extensions>
</trkpt>
<trkpt lat="59.12354263" lon="17.44912734">
<ele>82.0</ele>
<time>2026-09-20T10:40:51Z</time>
<extensions>
<tp1:TrackPointExtension>
<tp1:hr>166</tp1:hr>
</tp1:TrackPointExtension>
</extensions>
</trkpt>
<trkpt lat="59.12357256" lon="17.4491322">
<ele>81.8</ele>
<time>2026-09-20T10:40:52Z</time>
<extensions>
<tp1:TrackPointExtension>
<tp1:hr>166</tp1:hr>
</tp1:TrackPointExtension>
</extensions>
</trkpt>
<trkpt lat="59.12359829" lon="17.44914453">
<ele>81.2</ele>
<time>2026-09-20T10:40:53Z</time>
<extensions>
<tp1:TrackPointExtension>
<tp1:hr>166</tp1:hr>
</tp1:TrackPointExtension>
</extensions>
</trkpt>
<trkpt lat="59.12362369" lon="17.44914117">
<ele>80.8</ele>
<time>2026-09-20T10:40:54Z</time>
<extensions>
<tp1:TrackPointExtension>
<tp1:hr>165</tp1:hr>
</tp1:TrackPointExtension>
</extensions>
</trkpt>
<trkpt lat="59.1236485" lon="17.44913707">
<ele>80.2</ele>
<time>2026-09-20T10:40:55Z</time>
<extensions>
<tp1:TrackPointExtension>
<tp1:hr>165</tp1:hr>
</tp1:TrackPointExtension>
</extensions>
</trkpt>
<trkpt lat="59.12367591" lon="17.4491322">
<ele>79.6</ele>
<time>2026-09-20T10:40:56Z</time>
<extensions>
<tp1:TrackPointExtension>
<tp1:hr>165</tp1:hr>
</tp1:TrackPointExtension>
</extensions>
</trkpt>
<trkpt lat="59.12370231" lon="17.44911276">
<ele>79.0</ele>
<time>2026-09-20T10:40:57Z</time>
<extensions>
<tp1:TrackPointExtension>
<tp1:hr>166</tp1:hr>
</tp1:TrackPointExtension>
</extensions>
</trkpt>
<trkpt lat="59.12372595" lon="17.44908929">
<ele>78.6</ele>
<time>2026-09-20T10:40:58Z</time>
<extensions>
<tp1:TrackPointExtension>
<tp1:hr>166</tp1:hr>
</tp1:TrackPointExtension>
</extensions>
</trkpt>
<trkpt lat="59.12374455" lon="17.44906289">
<ele>78.0</ele>
<time>2026-09-20T10:40:59Z</time>
<extensions>
<tp1:TrackPointExtension>
<tp1:hr>166</tp1:hr>
</tp1:TrackPointExtension>
</extensions>
</trkpt>
<trkpt lat="59.12376517" lon="17.44903816">
<ele>77.6</ele>
<time>2026-09-20T10:41:00Z</time>
<extensions>
<tp1:TrackPointExtension>
<tp1:hr>165</tp1:hr>
</tp1:TrackPointExtension>
</extensions>
</trkpt>
<trkpt lat="59.12378781" lon="17.44900798">
<ele>76.8</ele>
<time>2026-09-20T10:41:01Z</time>
<extensions>
<tp1:TrackPointExtension>
<tp1:hr>165</tp1:hr>
</tp1:TrackPointExtension>
</extensions>
</trkpt>
<trkpt lat="59.12380591" lon="17.44898728">
<ele>76.2</ele>
<time>2026-09-20T10:41:02Z</time>
<extensions>
<tp1:TrackPointExtension>
<tp1:hr>164</tp1:hr>
</tp1:TrackPointExtension>
</extensions>
</trkpt>
<trkpt lat="59.12382536" lon="17.44896582">
<ele>75.6</ele>
<time>2026-09-20T10:41:03Z</time>
<extensions>
<tp1:TrackPointExtension>
<tp1:hr>164</tp1:hr>
</tp1:TrackPointExtension>
</extensions>
</trkpt>
<trkpt lat="59.12385201" lon="17.44893515">
<ele>75.0</ele>
<time>2026-09-20T10:41:04Z</time>
<extensions>
<tp1:TrackPointExtension>
<tp1:hr>164</tp1:hr>
</tp1:TrackPointExtension>
</extensions>
</trkpt>
<trkpt lat="59.12387364" lon="17.44890807">
<ele>74.8</ele>
<time>2026-09-20T10:41:05Z</time>
<extensions>
<tp1:TrackPointExtension>
<tp1:hr>164</tp1:hr>
</tp1:TrackPointExtension>
</extensions>
</trkpt>
<trkpt lat="59.12389166" lon="17.44888745">
<ele>74.4</ele>
<time>2026-09-20T10:41:06Z</time>
<extensions>
<tp1:TrackPointExtension>
<tp1:hr>164</tp1:hr>
</tp1:TrackPointExtension>
</extensions>
</trkpt>
<trkpt lat="59.12390138" lon="17.44887337">
<ele>74.0</ele>
<time>2026-09-20T10:41:07Z</time>
<extensions>
<tp1:TrackPointExtension>
<tp1:hr>164</tp1:hr>
</tp1:TrackPointExtension>
</extensions>
</trkpt>
<trkpt lat="59.12392183" lon="17.44884881">
<ele>73.8</ele>
<time>2026-09-20T10:41:08Z</time>
<extensions>
<tp1:TrackPointExtension>
<tp1:hr>164</tp1:hr>
</tp1:TrackPointExtension>
</extensions>
</trkpt>
<trkpt lat="59.12393943" lon="17.44883423">
<ele>73.6</ele>
<time>2026-09-20T10:41:09Z</time>
<extensions>
<tp1:TrackPointExtension>
<tp1:hr>164</tp1:hr>
</tp1:TrackPointExtension>
</extensions>
</trkpt>
<trkpt lat="59.12395595" lon="17.44883062">
<ele>73.2</ele>
<time>2026-09-20T10:41:10Z</time>
<extensions>
<tp1:TrackPointExtension>
<tp1:hr>164</tp1:hr>
</tp1:TrackPointExtension>
</extensions>
</trkpt>
<trkpt lat="59.12397665" lon="17.44882249">
<ele>72.6</ele>
<time>2026-09-20T10:41:11Z</time>
<extensions>
<tp1:TrackPointExtension>
<tp1:hr>163</tp1:hr>
</tp1:TrackPointExtension>
</extensions>
</trkpt>
<trkpt lat="59.12398905" lon="17.44880598">
<ele>71.8</ele>
<time>2026-09-20T10:41:12Z</time>
<extensions>
<tp1:TrackPointExtension>
<tp1:hr>163</tp1:hr>
</tp1:TrackPointExtension>
</extensions>
</trkpt>
<trkpt lat="59.12400884" lon="17.44876851">
<ele>71.2</ele>
<time>2026-09-20T10:41:13Z</time>
<extensions>
<tp1:TrackPointExtension>
<tp1:hr>164</tp1:hr>
</tp1:TrackPointExtension>
</extensions>
</trkpt>
<trkpt lat="59.12402208" lon="17.44874764">
<ele>70.4</ele>
<time>2026-09-20T10:41:14Z</time>
<extensions>
<tp1:TrackPointExtension>
<tp1:hr>165</tp1:hr>
</tp1:TrackPointExtension>
</extensions>
</trkpt>
<trkpt lat="59.1240422" lon="17.44873381">
<ele>70.0</ele>
<time>2026-09-20T10:41:15Z</time>
<extensions>
<tp1:TrackPointExtension>
<tp1:hr>165</tp1:hr>
</tp1:TrackPointExtension>
</extensions>
</trkpt>
<trkpt lat="59.12406986" lon="17.44873825">
<ele>69.6</ele>
<time>2026-09-20T10:41:16Z</time>
<extensions>
<tp1:TrackPointExtension>
<tp1:hr>165</tp1:hr>
</tp1:TrackPointExtension>
</extensions>
</trkpt>
<trkpt lat="59.12409861" lon="17.44873616">
<ele>69.0</ele>
<time>2026-09-20T10:41:17Z</time>
<extensions>
<tp1:TrackPointExtension>
<tp1:hr>166</tp1:hr>
</tp1:TrackPointExtension>
</extensions>
</trkpt>
<trkpt lat="59.12412744" lon="17.44873398">
<ele>68.2</ele>
<time>2026-09-20T10:41:18Z</time>
<extensions>
<tp1:TrackPointExtension>
<tp1:hr>166</tp1:hr>
</tp1:TrackPointExtension>
</extensions>
</trkpt>
<trkpt lat="59.12415192" lon="17.44872501">
<ele>67.6</ele>
<time>2026-09-20T10:41:19Z</time>
<extensions>
<tp1:TrackPointExtension>
<tp1:hr>166</tp1:hr>
</tp1:TrackPointExtension>
</extensions>
</trkpt>
<trkpt lat="59.1241815" lon="17.44870481">
<ele>66.8</ele>
<time>2026-09-20T10:41:20Z</time>
<extensions>
<tp1:TrackPointExtension>
<tp1:hr>166</tp1:hr>
</tp1:TrackPointExtension>
</extensions>
</trkpt>
<trkpt lat="59.12421327" lon="17.44866793">
<ele>65.6</ele>
<time>2026-09-20T10:41:21Z</time>
<extensions>
<tp1:TrackPointExtension>
<tp1:hr>165</tp1:hr>
</tp1:TrackPointExtension>
</extensions>
</trkpt>
<trkpt lat="59.12424621" lon="17.44865301">
<ele>64.4</ele>
<time>2026-09-20T10:41:22Z</time>
<extensions>
<tp1:TrackPointExtension>
<tp1:hr>165</tp1:hr>
</tp1:TrackPointExtension>
</extensions>
</trkpt>
<trkpt lat="59.12427605" lon="17.44863172">
<ele>63.4</ele>
<time>2026-09-20T10:41:23Z</time>
<extensions>
<tp1:TrackPointExtension>
<tp1:hr>165</tp1:hr>
</tp1:TrackPointExtension>
</extensions>
</trkpt>
<trkpt lat="59.12430287" lon="17.44862091">
<ele>62.6</ele>
<time>2026-09-20T10:41:24Z</time>
<extensions>
<tp1:TrackPointExtension>
<tp1:hr>165</tp1:hr>
</tp1:TrackPointExtension>
</extensions>
</trkpt>
<trkpt lat="59.12433045" lon="17.44861244">
<ele>61.8</ele>
<time>2026-09-20T10:41:25Z</time>
<extensions>
<tp1:TrackPointExtension>
<tp1:hr>164</tp1:hr>
</tp1:TrackPointExtension>
</extensions>
</trkpt>
<trkpt lat="59.12436465" lon="17.44859752">
<ele>60.6</ele>
<time>2026-09-20T10:41:26Z</time>
<extensions>
<tp1:TrackPointExtension>
<tp1:hr>164</tp1:hr>
</tp1:TrackPointExtension>
</extensions>
</trkpt>
<trkpt lat="59.12440002" lon="17.44857749">
<ele>59.8</ele>
<time>2026-09-20T10:41:27Z</time>
<extensions>
<tp1:TrackPointExtension>
<tp1:hr>164</tp1:hr>
</tp1:TrackPointExtension>
</extensions>
</trkpt>
<trkpt lat="59.12442542" lon="17.44858872">
<ele>58.8</ele>
<time>2026-09-20T10:41:28Z</time>
<extensions>
<tp1:TrackPointExtension>
<tp1:hr>164</tp1:hr>
</tp1:TrackPointExtension>
</extensions>
</trkpt>
<trkpt lat="59.12445115" lon="17.44857062">
<ele>58.1</ele>
<time>2026-09-20T10:41:29Z</time>
<extensions>
<tp1:TrackPointExtension>
<tp1:hr>164</tp1:hr>
</tp1:TrackPointExtension>
</extensions>
</trkpt>
<trkpt lat="59.12448694" lon="17.44854606">
<ele>57.3</ele>
<time>2026-09-20T10:41:30Z</time>
<extensions>
<tp1:TrackPointExtension>
<tp1:hr>164</tp1:hr>
</tp1:TrackPointExtension>
</extensions>
</trkpt>
<trkpt lat="59.12452566" lon="17.44852091">
<ele>56.9</ele>
<time>2026-09-20T10:41:31Z</time>
<extensions>
<tp1:TrackPointExtension>
<tp1:hr>163</tp1:hr>
</tp1:TrackPointExtension>
</extensions>
</trkpt>
<trkpt lat="59.12455685" lon="17.44851102">
<ele>55.9</ele>
<time>2026-09-20T10:41:32Z</time>
<extensions>
<tp1:TrackPointExtension>
<tp1:hr>163</tp1:hr>
</tp1:TrackPointExtension>
</extensions>
</trkpt>
<trkpt lat="59.12459792" lon="17.44850423">
<ele>54.9</ele>
<time>2026-09-20T10:41:33Z</time>
<extensions>
<tp1:TrackPointExtension>
<tp1:hr>163</tp1:hr>
</tp1:TrackPointExtension>
</extensions>
</trkpt>
<trkpt lat="59.12463304" lon="17.4485132">
<ele>54.1</ele>
<time>2026-09-20T10:41:34Z</time>
<extensions>
<tp1:TrackPointExtension>
<tp1:hr>163</tp1:hr>
</tp1:TrackPointExtension>
</extensions>
</trkpt>
<trkpt lat="59.12467344" lon="17.44850256">
<ele>53.3</ele>
<time>2026-09-20T10:41:35Z</time>
<extensions>
<tp1:TrackPointExtension>
<tp1:hr>164</tp1:hr>
</tp1:TrackPointExtension>
</extensions>
</trkpt>
<trkpt lat="59.12471141" lon="17.44850339">
<ele>52.9</ele>
<time>2026-09-20T10:41:36Z</time>
<extensions>
<tp1:TrackPointExtension>
<tp1:hr>165</tp1:hr>
</tp1:TrackPointExtension>
</extensions>
</trkpt>
<trkpt lat="59.12475474" lon="17.44852862">
<ele>52.5</ele>
<time>2026-09-20T10:41:37Z</time>
<extensions>
<tp1:TrackPointExtension>
<tp1:hr>166</tp1:hr>
</tp1:TrackPointExtension>
</extensions>
</trkpt>
<trkpt lat="59.12479883" lon="17.44859459">
<ele>52.1</ele>
<time>2026-09-20T10:41:38Z</time>
<extensions>
<tp1:TrackPointExtension>
<tp1:hr>166</tp1:hr>
</tp1:TrackPointExtension>
</extensions>
</trkpt>
<trkpt lat="59.124842" lon="17.44866986">
<ele>51.9</ele>
<time>2026-09-20T10:41:39Z</time>
<extensions>
<tp1:TrackPointExtension>
<tp1:hr>166</tp1:hr>
</tp1:TrackPointExtension>
</extensions>
</trkpt>
<trkpt lat="59.12488701" lon="17.44874454">
<ele>51.3</ele>
<time>2026-09-20T10:41:40Z</time>
<extensions>
<tp1:TrackPointExtension>
<tp1:hr>166</tp1:hr>
</tp1:TrackPointExtension>
</extensions>
</trkpt>
<trkpt lat="59.12493286" lon="17.44882124">
<ele>50.7</ele>
<time>2026-09-20T10:41:41Z</time>
<extensions>
<tp1:TrackPointExtension>
<tp1:hr>167</tp1:hr>
</tp1:TrackPointExtension>
</extensions>
</trkpt>
<trkpt lat="59.12497183" lon="17.44889592">
<ele>50.3</ele>
<time>2026-09-20T10:41:42Z</time>
<extensions>
<tp1:TrackPointExtension>
<tp1:hr>167</tp1:hr>
</tp1:TrackPointExtension>
</extensions>
</trkpt>
<trkpt lat="59.12501642" lon="17.44897303">
<ele>50.1</ele>
<time>2026-09-20T10:41:43Z</time>
<extensions>
<tp1:TrackPointExtension>
<tp1:hr>168</tp1:hr>
</tp1:TrackPointExtension>
</extensions>
</trkpt>
<trkpt lat="59.12506009" lon="17.4490473">
<ele>49.9</ele>
<time>2026-09-20T10:41:44Z</time>
<extensions>
<tp1:TrackPointExtension>
<tp1:hr>168</tp1:hr>
</tp1:TrackPointExtension>
</extensions>
</trkpt>
<trkpt lat="59.12510175" lon="17.44916766">
<ele>49.7</ele>
<time>2026-09-20T10:41:45Z</time>
<extensions>
<tp1:TrackPointExtension>
<tp1:hr>168</tp1:hr>
</tp1:TrackPointExtension>
</extensions>
</trkpt>
<trkpt lat="59.12514031" lon="17.44924318">
<ele>49.7</ele>
<time>2026-09-20T10:41:46Z</time>
<extensions>
<tp1:TrackPointExtension>
<tp1:hr>167</tp1:hr>
</tp1:TrackPointExtension>
</extensions>
</trkpt>
<trkpt lat="59.12518096" lon="17.44933957">
<ele>49.5</ele>
<time>2026-09-20T10:41:47Z</time>
<extensions>
<tp1:TrackPointExtension>
<tp1:hr>167</tp1:hr>
</tp1:TrackPointExtension>
</extensions>
</trkpt>
<trkpt lat="59.12522212" lon="17.44941669">
<ele>49.1</ele>
<time>2026-09-20T10:41:48Z</time>
<extensions>
<tp1:TrackPointExtension>
<tp1:hr>167</tp1:hr>
</tp1:TrackPointExtension>
</extensions>
</trkpt>
<trkpt lat="59.12526185" lon="17.44949422">
<ele>49.1</ele>
<time>2026-09-20T10:41:49Z</time>
<extensions>
<tp1:TrackPointExtension>
<tp1:hr>167</tp1:hr>
</tp1:TrackPointExtension>
</extensions>
</trkpt>
<trkpt lat="59.12530174" lon="17.44956102">
<ele>49.1</ele>
<time>2026-09-20T10:41:50Z</time>
<extensions>
<tp1:TrackPointExtension>
<tp1:hr>168</tp1:hr>
</tp1:TrackPointExtension>
</extensions>
</trkpt>
<trkpt lat="59.12534273" lon="17.44963168">
<ele>48.9</ele>
<time>2026-09-20T10:41:51Z</time>
<extensions>
<tp1:TrackPointExtension>
<tp1:hr>168</tp1:hr>
</tp1:TrackPointExtension>
</extensions>
</trkpt>
<trkpt lat="59.12538213" lon="17.44969622">
<ele>49.1</ele>
<time>2026-09-20T10:41:52Z</time>
<extensions>
<tp1:TrackPointExtension>
<tp1:hr>168</tp1:hr>
</tp1:TrackPointExtension>
</extensions>
</trkpt>
<trkpt lat="59.1254237" lon="17.4497813">
<ele>49.1</ele>
<time>2026-09-20T10:41:53Z</time>
<extensions>
<tp1:TrackPointExtension>
<tp1:hr>168</tp1:hr>
</tp1:TrackPointExtension>
</extensions>
</trkpt>
<trkpt lat="59.12546176" lon="17.4498512">
<ele>49.1</ele>
<time>2026-09-20T10:41:54Z</time>
<extensions>
<tp1:TrackPointExtension>
<tp1:hr>169</tp1:hr>
</tp1:TrackPointExtension>
</extensions>
</trkpt>
<trkpt lat="59.12549973" lon="17.44993092">
<ele>49.1</ele>
<time>2026-09-20T10:41:55Z</time>
<extensions>
<tp1:TrackPointExtension>
<tp1:hr>170</tp1:hr>
</tp1:TrackPointExtension>
</extensions>
</trkpt>
<trkpt lat="59.12553074" lon="17.44999403">
<ele>49.3</ele>
<time>2026-09-20T10:41:56Z</time>
<extensions>
<tp1:TrackPointExtension>
<tp1:hr>171</tp1:hr>
</tp1:TrackPointExtension>
</extensions>
</trkpt>
<trkpt lat="59.12556862" lon="17.4500688">
<ele>49.1</ele>
<time>2026-09-20T10:41:57Z</time>
<extensions>
<tp1:TrackPointExtension>
<tp1:hr>171</tp1:hr>
</tp1:TrackPointExtension>
</extensions>
</trkpt>
<trkpt lat="59.12560182" lon="17.45012303">
<ele>49.1</ele>
<time>2026-09-20T10:41:58Z</time>
<extensions>
<tp1:TrackPointExtension>
<tp1:hr>171</tp1:hr>
</tp1:TrackPointExtension>
</extensions>
</trkpt>
<trkpt lat="59.12563928" lon="17.45019813">
<ele>49.1</ele>
<time>2026-09-20T10:41:59Z</time>
<extensions>
<tp1:TrackPointExtension>
<tp1:hr>172</tp1:hr>
</tp1:TrackPointExtension>
</extensions>
</trkpt>
<trkpt lat="59.12566979" lon="17.45025001">
<ele>49.1</ele>
<time>2026-09-20T10:42:00Z</time>
<extensions>
<tp1:TrackPointExtension>
<tp1:hr>172</tp1:hr>
</tp1:TrackPointExtension>
</extensions>
</trkpt>
<trkpt lat="59.12570341" lon="17.45033543">
<ele>49.1</ele>
<time>2026-09-20T10:42:01Z</time>
<extensions>
<tp1:TrackPointExtension>
<tp1:hr>172</tp1:hr>
</tp1:TrackPointExtension>
</extensions>
</trkpt>
<trkpt lat="59.12573425" lon="17.45038253">
<ele>49.1</ele>
<time>2026-09-20T10:42:02Z</time>
<extensions>
<tp1:TrackPointExtension>
<tp1:hr>172</tp1:hr>
</tp1:TrackPointExtension>
</extensions>
</trkpt>
<trkpt lat="59.12577054" lon="17.45046166">
<ele>48.9</ele>
<time>2026-09-20T10:42:03Z</time>
<extensions>
<tp1:TrackPointExtension>
<tp1:hr>171</tp1:hr>
</tp1:TrackPointExtension>
</extensions>
</trkpt>
<trkpt lat="59.12580047" lon="17.45051061">
<ele>49.1</ele>
<time>2026-09-20T10:42:04Z</time>
<extensions>
<tp1:TrackPointExtension>
<tp1:hr>171</tp1:hr>
</tp1:TrackPointExtension>
</extensions>
</trkpt>
<trkpt lat="59.12583576" lon="17.45058194">
<ele>49.1</ele>
<time>2026-09-20T10:42:05Z</time>
<extensions>
<tp1:TrackPointExtension>
<tp1:hr>171</tp1:hr>
</tp1:TrackPointExtension>
</extensions>
</trkpt>
<trkpt lat="59.12586534" lon="17.45062821">
<ele>49.5</ele>
<time>2026-09-20T10:42:06Z</time>
<extensions>
<tp1:TrackPointExtension>
<tp1:hr>171</tp1:hr>
</tp1:TrackPointExtension>
</extensions>
</trkpt>
<trkpt lat="59.12589845" lon="17.45068252">
<ele>49.7</ele>
<time>2026-09-20T10:42:07Z</time>
<extensions>
<tp1:TrackPointExtension>
<tp1:hr>171</tp1:hr>
</tp1:TrackPointExtension>
</extensions>
</trkpt>
<trkpt lat="59.12592896" lon="17.45073658">
<ele>49.9</ele>
<time>2026-09-20T10:42:08Z</time>
<extensions>
<tp1:TrackPointExtension>
<tp1:hr>171</tp1:hr>
</tp1:TrackPointExtension>
</extensions>
</trkpt>
<trkpt lat="59.12596702" lon="17.45078847">
<ele>49.9</ele>
<time>2026-09-20T10:42:09Z</time>
<extensions>
<tp1:TrackPointExtension>
<tp1:hr>170</tp1:hr>
</tp1:TrackPointExtension>
</extensions>
</trkpt>
<trkpt lat="59.12599786" lon="17.45081596">
<ele>49.9</ele>
<time>2026-09-20T10:42:10Z</time>
<extensions>
<tp1:TrackPointExtension>
<tp1:hr>170</tp1:hr>
</tp1:TrackPointExtension>
</extensions>
</trkpt>
<trkpt lat="59.12603508" lon="17.45083197">
<ele>49.9</ele>
<time>2026-09-20T10:42:11Z</time>
<extensions>
<tp1:TrackPointExtension>
<tp1:hr>171</tp1:hr>
</tp1:TrackPointExtension>
</extensions>
</trkpt>
<trkpt lat="59.12607531" lon="17.45084882">
<ele>49.9</ele>
<time>2026-09-20T10:42:12Z</time>
<extensions>
<tp1:TrackPointExtension>
<tp1:hr>171</tp1:hr>
</tp1:TrackPointExtension>
</extensions>
</trkpt>
<trkpt lat="59.12610699" lon="17.45084354">
<ele>49.7</ele>
<time>2026-09-20T10:42:13Z</time>
<extensions>
<tp1:TrackPointExtension>
<tp1:hr>171</tp1:hr>
</tp1:TrackPointExtension>
</extensions>
</trkpt>
<trkpt lat="59.1261541" lon="17.45087111">
<ele>49.5</ele>
<time>2026-09-20T10:42:14Z</time>
<extensions>
<tp1:TrackPointExtension>
<tp1:hr>170</tp1:hr>
</tp1:TrackPointExtension>
</extensions>
</trkpt>
<trkpt lat="59.12619727" lon="17.45088352">
<ele>49.5</ele>
<time>2026-09-20T10:42:15Z</time>
<extensions>
<tp1:TrackPointExtension>
<tp1:hr>170</tp1:hr>
</tp1:TrackPointExtension>
</extensions>
</trkpt>
<trkpt lat="59.12624094" lon="17.45089618">
<ele>49.1</ele>
<time>2026-09-20T10:42:16Z</time>
<extensions>
<tp1:TrackPointExtension>
<tp1:hr>170</tp1:hr>
</tp1:TrackPointExtension>
</extensions>
</trkpt>
<trkpt lat="59.12629081" lon="17.45091705">
<ele>48.7</ele>
<time>2026-09-20T10:42:17Z</time>
<extensions>
<tp1:TrackPointExtension>
<tp1:hr>171</tp1:hr>
</tp1:TrackPointExtension>
</extensions>
</trkpt>
<trkpt lat="59.1263297" lon="17.45091973">
<ele>48.7</ele>
<time>2026-09-20T10:42:18Z</time>
<extensions>
<tp1:TrackPointExtension>
<tp1:hr>172</tp1:hr>
</tp1:TrackPointExtension>
</extensions>
</trkpt>
<trkpt lat="59.1263836" lon="17.45093213">
<ele>48.5</ele>
<time>2026-09-20T10:42:19Z</time>
<extensions>
<tp1:TrackPointExtension>
<tp1:hr>172</tp1:hr>
</tp1:TrackPointExtension>
</extensions>
</trkpt>
<trkpt lat="59.12642584" lon="17.45093867">
<ele>48.3</ele>
<time>2026-09-20T10:42:20Z</time>
<extensions>
<tp1:TrackPointExtension>
<tp1:hr>173</tp1:hr>
</tp1:TrackPointExtension>
</extensions>
</trkpt>
<trkpt lat="59.12648275" lon="17.45095787">
<ele>48.1</ele>
<time>2026-09-20T10:42:21Z</time>
<extensions>
<tp1:TrackPointExtension>
<tp1:hr>174</tp1:hr>
</tp1:TrackPointExtension>
</extensions>
</trkpt>
<trkpt lat="59.12652341" lon="17.45097656">
<ele>47.9</ele>
<time>2026-09-20T10:42:22Z</time>
<extensions>
<tp1:TrackPointExtension>
<tp1:hr>174</tp1:hr>
</tp1:TrackPointExtension>
</extensions>
</trkpt>
<trkpt lat="59.12657194" lon="17.45103691">
<ele>47.9</ele>
<time>2026-09-20T10:42:23Z</time>
<extensions>
<tp1:TrackPointExtension>
<tp1:hr>174</tp1:hr>
</tp1:TrackPointExtension>
</extensions>
</trkpt>
<trkpt lat="59.12661578" lon="17.45109114">
<ele>47.7</ele>
<time>2026-09-20T10:42:24Z</time>
<extensions>
<tp1:TrackPointExtension>
<tp1:hr>175</tp1:hr>
</tp1:TrackPointExtension>
</extensions>
</trkpt>
<trkpt lat="59.12666607" lon="17.45117127">
<ele>47.7</ele>
<time>2026-09-20T10:42:25Z</time>
<extensions>
<tp1:TrackPointExtension>
<tp1:hr>175</tp1:hr>
</tp1:TrackPointExtension>
</extensions>
</trkpt>
<trkpt lat="59.12670605" lon="17.45123506">
<ele>47.9</ele>
<time>2026-09-20T10:42:26Z</time>
<extensions>
<tp1:TrackPointExtension>
<tp1:hr>175</tp1:hr>
</tp1:TrackPointExtension>
</extensions>
</trkpt>
<trkpt lat="59.12674394" lon="17.45131661">
<ele>47.9</ele>
<time>2026-09-20T10:42:27Z</time>
<extensions>
<tp1:TrackPointExtension>
<tp1:hr>175</tp1:hr>
</tp1:TrackPointExtension>
</extensions>
</trkpt>
<trkpt lat="59.12677713" lon="17.45137738">
<ele>48.1</ele>
<time>2026-09-20T10:42:28Z</time>
<extensions>
<tp1:TrackPointExtension>
<tp1:hr>175</tp1:hr>
</tp1:TrackPointExtension>
</extensions>
</trkpt>
<trkpt lat="59.12681485" lon="17.45144821">
<ele>48.1</ele>
<time>2026-09-20T10:42:29Z</time>
<extensions>
<tp1:TrackPointExtension>
<tp1:hr>175</tp1:hr>
</tp1:TrackPointExtension>
</extensions>
</trkpt>
<trkpt lat="59.12685407" lon="17.45150604">
<ele>48.3</ele>
<time>2026-09-20T10:42:30Z</time>
<extensions>
<tp1:TrackPointExtension>
<tp1:hr>174</tp1:hr>
</tp1:TrackPointExtension>
</extensions>
</trkpt>
<trkpt lat="59.12689875" lon="17.45157653">
<ele>48.3</ele>
<time>2026-09-20T10:42:31Z</time>
<extensions>
<tp1:TrackPointExtension>
<tp1:hr>173</tp1:hr>
</tp1:TrackPointExtension>
</extensions>
</trkpt>
<trkpt lat="59.1269384" lon="17.45161568">
<ele>48.3</ele>
<time>2026-09-20T10:42:32Z</time>
<extensions>
<tp1:TrackPointExtension>
<tp1:hr>172</tp1:hr>
</tp1:TrackPointExtension>
</extensions>
</trkpt>
<trkpt lat="59.12698466" lon="17.45167603">
<ele>48.5</ele>
<time>2026-09-20T10:42:33Z</time>
<extensions>
<tp1:TrackPointExtension>
<tp1:hr>171</tp1:hr>
</tp1:TrackPointExtension>
</extensions>
</trkpt>
<trkpt lat="59.12702817" lon="17.45172322">
<ele>48.3</ele>
<time>2026-09-20T10:42:34Z</time>
<extensions>
<tp1:TrackPointExtension>
<tp1:hr>171</tp1:hr>
</tp1:TrackPointExtension>
</extensions>
</trkpt>
<trkpt lat="59.12706647" lon="17.45177066">
<ele>48.1</ele>
<time>2026-09-20T10:42:35Z</time>
<extensions>
<tp1:TrackPointExtension>
<tp1:hr>171</tp1:hr>
</tp1:TrackPointExtension>
</extensions>
</trkpt>
<trkpt lat="59.12709237" lon="17.45181249">
<ele>48.1</ele>
<time>2026-09-20T10:42:36Z</time>
<extensions>
<tp1:TrackPointExtension>
<tp1:hr>171</tp1:hr>
</tp1:TrackPointExtension>
</extensions>
</trkpt>
<trkpt lat="59.12709522" lon="17.45184375">
<ele>48.3</ele>
<time>2026-09-20T10:42:37Z</time>
<extensions>
<tp1:TrackPointExtension>
<tp1:hr>170</tp1:hr>
</tp1:TrackPointExtension>
</extensions>
</trkpt>
<trkpt lat="59.12709815" lon="17.45186001">
<ele>48.2</ele>
<time>2026-09-20T10:42:38Z</time>
<extensions>
<tp1:TrackPointExtension>
<tp1:hr>171</tp1:hr>
</tp1:TrackPointExtension>
</extensions>
</trkpt>
</trkseg>
</trk>
</gpx>

