<?xml version="1.0" encoding="UTF-8" ?>
<gpx xmlns="http://www.topografix.com/GPX/1/1" version="1.1" creator="Attackpoint - http://www.attackpoint.org" xmlns:xsi="http://www.w3.org/2001/XMLSchema-instance" xmlns:tp1="http://www.garmin.com/xmlschemas/TrackPointExtension/v1" xsi:schemaLocation="http://www.topografix.com/GPX/1/1 http://www.topografix.com/GPX/1/1/gpx.xsd http://www.garmin.com/xmlschemas/TrackPointExtension/v1 http://www.garmin.com/xmlschemas/TrackPointExtensionv1.xsd">
<trk>
<trkseg>
<trkpt lat="58.68769934" lon="14.6200704">
<ele>130.0</ele>
<time>2023-09-10T08:48:01Z</time>
<extensions>
<tp1:TrackPointExtension>
<tp1:hr>103</tp1:hr>
</tp1:TrackPointExtension>
</extensions>
</trkpt>
<trkpt lat="58.68767495" lon="14.62009848">
<ele>130.4</ele>
<time>2023-09-10T08:48:02Z</time>
<extensions>
<tp1:TrackPointExtension>
<tp1:hr>102</tp1:hr>
</tp1:TrackPointExtension>
</extensions>
</trkpt>
<trkpt lat="58.68764427" lon="14.62012237">
<ele>130.8</ele>
<time>2023-09-10T08:48:04Z</time>
<extensions>
<tp1:TrackPointExtension>
<tp1:hr>101</tp1:hr>
</tp1:TrackPointExtension>
</extensions>
</trkpt>
<trkpt lat="58.68761435" lon="14.62014668">
<ele>130.6</ele>
<time>2023-09-10T08:48:05Z</time>
<extensions>
<tp1:TrackPointExtension>
<tp1:hr>102</tp1:hr>
</tp1:TrackPointExtension>
</extensions>
</trkpt>
<trkpt lat="58.68758082" lon="14.62018088">
<ele>131.0</ele>
<time>2023-09-10T08:48:06Z</time>
<extensions>
<tp1:TrackPointExtension>
<tp1:hr>101</tp1:hr>
</tp1:TrackPointExtension>
</extensions>
</trkpt>
<trkpt lat="58.68751746" lon="14.62023117">
<ele>131.0</ele>
<time>2023-09-10T08:48:08Z</time>
<extensions>
<tp1:TrackPointExtension>
<tp1:hr>101</tp1:hr>
</tp1:TrackPointExtension>
</extensions>
</trkpt>
<trkpt lat="58.6874846" lon="14.6202263">
<ele>131.4</ele>
<time>2023-09-10T08:48:09Z</time>
<extensions>
<tp1:TrackPointExtension>
<tp1:hr>100</tp1:hr>
</tp1:TrackPointExtension>
</extensions>
</trkpt>
<trkpt lat="58.68742215" lon="14.62020602">
<ele>132.2</ele>
<time>2023-09-10T08:48:11Z</time>
<extensions>
<tp1:TrackPointExtension>
<tp1:hr>100</tp1:hr>
</tp1:TrackPointExtension>
</extensions>
</trkpt>
<trkpt lat="58.68739743" lon="14.62021281">
<ele>132.4</ele>
<time>2023-09-10T08:48:12Z</time>
<extensions>
<tp1:TrackPointExtension>
<tp1:hr>100</tp1:hr>
</tp1:TrackPointExtension>
</extensions>
</trkpt>
<trkpt lat="58.68732995" lon="14.62036796">
<ele>132.4</ele>
<time>2023-09-10T08:48:16Z</time>
<extensions>
<tp1:TrackPointExtension>
<tp1:hr>100</tp1:hr>
</tp1:TrackPointExtension>
</extensions>
</trkpt>
<trkpt lat="58.68727262" lon="14.62050425">
<ele>132.0</ele>
<time>2023-09-10T08:48:19Z</time>
<extensions>
<tp1:TrackPointExtension>
<tp1:hr>107</tp1:hr>
</tp1:TrackPointExtension>
</extensions>
</trkpt>
<trkpt lat="58.6872598" lon="14.62056066">
<ele>131.8</ele>
<time>2023-09-10T08:48:20Z</time>
<extensions>
<tp1:TrackPointExtension>
<tp1:hr>109</tp1:hr>
</tp1:TrackPointExtension>
</extensions>
</trkpt>
<trkpt lat="58.68724706" lon="14.62063224">
<ele>131.6</ele>
<time>2023-09-10T08:48:21Z</time>
<extensions>
<tp1:TrackPointExtension>
<tp1:hr>112</tp1:hr>
</tp1:TrackPointExtension>
</extensions>
</trkpt>
<trkpt lat="58.68724203" lon="14.6207863">
<ele>131.6</ele>
<time>2023-09-10T08:48:23Z</time>
<extensions>
<tp1:TrackPointExtension>
<tp1:hr>115</tp1:hr>
</tp1:TrackPointExtension>
</extensions>
</trkpt>
<trkpt lat="58.68724471" lon="14.6208619">
<ele>131.6</ele>
<time>2023-09-10T08:48:24Z</time>
<extensions>
<tp1:TrackPointExtension>
<tp1:hr>119</tp1:hr>
</tp1:TrackPointExtension>
</extensions>
</trkpt>
<trkpt lat="58.68724018" lon="14.62092913">
<ele>131.6</ele>
<time>2023-09-10T08:48:25Z</time>
<extensions>
<tp1:TrackPointExtension>
<tp1:hr>120</tp1:hr>
</tp1:TrackPointExtension>
</extensions>
</trkpt>
<trkpt lat="58.68724429" lon="14.62106173">
<ele>131.8</ele>
<time>2023-09-10T08:48:27Z</time>
<extensions>
<tp1:TrackPointExtension>
<tp1:hr>123</tp1:hr>
</tp1:TrackPointExtension>
</extensions>
</trkpt>
<trkpt lat="58.68721839" lon="14.62115846">
<ele>131.8</ele>
<time>2023-09-10T08:48:29Z</time>
<extensions>
<tp1:TrackPointExtension>
<tp1:hr>125</tp1:hr>
</tp1:TrackPointExtension>
</extensions>
</trkpt>
<trkpt lat="58.68720909" lon="14.62120187">
<ele>131.8</ele>
<time>2023-09-10T08:48:30Z</time>
<extensions>
<tp1:TrackPointExtension>
<tp1:hr>127</tp1:hr>
</tp1:TrackPointExtension>
</extensions>
</trkpt>
<trkpt lat="58.68722518" lon="14.62129056">
<ele>131.8</ele>
<time>2023-09-10T08:48:32Z</time>
<extensions>
<tp1:TrackPointExtension>
<tp1:hr>129</tp1:hr>
</tp1:TrackPointExtension>
</extensions>
</trkpt>
<trkpt lat="58.68725963" lon="14.62152466">
<ele>131.0</ele>
<time>2023-09-10T08:48:36Z</time>
<extensions>
<tp1:TrackPointExtension>
<tp1:hr>128</tp1:hr>
</tp1:TrackPointExtension>
</extensions>
</trkpt>
<trkpt lat="58.68725175" lon="14.62162642">
<ele>130.4</ele>
<time>2023-09-10T08:48:38Z</time>
<extensions>
<tp1:TrackPointExtension>
<tp1:hr>129</tp1:hr>
</tp1:TrackPointExtension>
</extensions>
</trkpt>
<trkpt lat="58.68724261" lon="14.62167143">
<ele>130.0</ele>
<time>2023-09-10T08:48:39Z</time>
<extensions>
<tp1:TrackPointExtension>
<tp1:hr>127</tp1:hr>
</tp1:TrackPointExtension>
</extensions>
</trkpt>
<trkpt lat="58.68718637" lon="14.62185122">
<ele>128.6</ele>
<time>2023-09-10T08:48:43Z</time>
<extensions>
<tp1:TrackPointExtension>
<tp1:hr>125</tp1:hr>
</tp1:TrackPointExtension>
</extensions>
</trkpt>
<trkpt lat="58.68717246" lon="14.62190763">
<ele>128.4</ele>
<time>2023-09-10T08:48:44Z</time>
<extensions>
<tp1:TrackPointExtension>
<tp1:hr>124</tp1:hr>
</tp1:TrackPointExtension>
</extensions>
</trkpt>
<trkpt lat="58.68716299" lon="14.62199531">
<ele>128.0</ele>
<time>2023-09-10T08:48:46Z</time>
<extensions>
<tp1:TrackPointExtension>
<tp1:hr>127</tp1:hr>
</tp1:TrackPointExtension>
</extensions>
</trkpt>
<trkpt lat="58.68715628" lon="14.62210075">
<ele>128.0</ele>
<time>2023-09-10T08:48:48Z</time>
<extensions>
<tp1:TrackPointExtension>
<tp1:hr>128</tp1:hr>
</tp1:TrackPointExtension>
</extensions>
</trkpt>
<trkpt lat="58.68716081" lon="14.62223218">
<ele>128.4</ele>
<time>2023-09-10T08:48:51Z</time>
<extensions>
<tp1:TrackPointExtension>
<tp1:hr>128</tp1:hr>
</tp1:TrackPointExtension>
</extensions>
</trkpt>
<trkpt lat="58.68717439" lon="14.62235246">
<ele>128.4</ele>
<time>2023-09-10T08:48:53Z</time>
<extensions>
<tp1:TrackPointExtension>
<tp1:hr>129</tp1:hr>
</tp1:TrackPointExtension>
</extensions>
</trkpt>
<trkpt lat="58.68717941" lon="14.62258648">
<ele>127.6</ele>
<time>2023-09-10T08:48:57Z</time>
<extensions>
<tp1:TrackPointExtension>
<tp1:hr>131</tp1:hr>
</tp1:TrackPointExtension>
</extensions>
</trkpt>
<trkpt lat="58.68718335" lon="14.62262303">
<ele>127.6</ele>
<time>2023-09-10T08:48:58Z</time>
<extensions>
<tp1:TrackPointExtension>
<tp1:hr>131</tp1:hr>
</tp1:TrackPointExtension>
</extensions>
</trkpt>
<trkpt lat="58.68717958" lon="14.6226646">
<ele>127.6</ele>
<time>2023-09-10T08:48:59Z</time>
<extensions>
<tp1:TrackPointExtension>
<tp1:hr>131</tp1:hr>
</tp1:TrackPointExtension>
</extensions>
</trkpt>
<trkpt lat="58.68716005" lon="14.62280508">
<ele>128.8</ele>
<time>2023-09-10T08:49:03Z</time>
<extensions>
<tp1:TrackPointExtension>
<tp1:hr>130</tp1:hr>
</tp1:TrackPointExtension>
</extensions>
</trkpt>
<trkpt lat="58.68714999" lon="14.62284523">
<ele>129.0</ele>
<time>2023-09-10T08:49:04Z</time>
<extensions>
<tp1:TrackPointExtension>
<tp1:hr>131</tp1:hr>
</tp1:TrackPointExtension>
</extensions>
</trkpt>
<trkpt lat="58.68711454" lon="14.62297557">
<ele>129.8</ele>
<time>2023-09-10T08:49:09Z</time>
<extensions>
<tp1:TrackPointExtension>
<tp1:hr>131</tp1:hr>
</tp1:TrackPointExtension>
</extensions>
</trkpt>
<trkpt lat="58.68711286" lon="14.62299334">
<ele>129.8</ele>
<time>2023-09-10T08:49:10Z</time>
<extensions>
<tp1:TrackPointExtension>
<tp1:hr>131</tp1:hr>
</tp1:TrackPointExtension>
</extensions>
</trkpt>
<trkpt lat="58.68706182" lon="14.62320951">
<ele>129.0</ele>
<time>2023-09-10T08:49:15Z</time>
<extensions>
<tp1:TrackPointExtension>
<tp1:hr>130</tp1:hr>
</tp1:TrackPointExtension>
</extensions>
</trkpt>
<trkpt lat="58.68704656" lon="14.62329609">
<ele>128.6</ele>
<time>2023-09-10T08:49:17Z</time>
<extensions>
<tp1:TrackPointExtension>
<tp1:hr>129</tp1:hr>
</tp1:TrackPointExtension>
</extensions>
</trkpt>
<trkpt lat="58.68703525" lon="14.62337178">
<ele>128.8</ele>
<time>2023-09-10T08:49:19Z</time>
<extensions>
<tp1:TrackPointExtension>
<tp1:hr>129</tp1:hr>
</tp1:TrackPointExtension>
</extensions>
</trkpt>
<trkpt lat="58.68702175" lon="14.62341688">
<ele>128.6</ele>
<time>2023-09-10T08:49:21Z</time>
<extensions>
<tp1:TrackPointExtension>
<tp1:hr>126</tp1:hr>
</tp1:TrackPointExtension>
</extensions>
</trkpt>
<trkpt lat="58.68701354" lon="14.62345778">
<ele>129.0</ele>
<time>2023-09-10T08:49:23Z</time>
<extensions>
<tp1:TrackPointExtension>
<tp1:hr>126</tp1:hr>
</tp1:TrackPointExtension>
</extensions>
</trkpt>
<trkpt lat="58.68702058" lon="14.62351595">
<ele>129.0</ele>
<time>2023-09-10T08:49:25Z</time>
<extensions>
<tp1:TrackPointExtension>
<tp1:hr>127</tp1:hr>
</tp1:TrackPointExtension>
</extensions>
</trkpt>
<trkpt lat="58.68702318" lon="14.62354445">
<ele>129.0</ele>
<time>2023-09-10T08:49:26Z</time>
<extensions>
<tp1:TrackPointExtension>
<tp1:hr>126</tp1:hr>
</tp1:TrackPointExtension>
</extensions>
</trkpt>
<trkpt lat="58.68702259" lon="14.62356825">
<ele>129.0</ele>
<time>2023-09-10T08:49:27Z</time>
<extensions>
<tp1:TrackPointExtension>
<tp1:hr>125</tp1:hr>
</tp1:TrackPointExtension>
</extensions>
</trkpt>
<trkpt lat="58.68701002" lon="14.6235846">
<ele>129.0</ele>
<time>2023-09-10T08:49:29Z</time>
<extensions>
<tp1:TrackPointExtension>
<tp1:hr>123</tp1:hr>
</tp1:TrackPointExtension>
</extensions>
</trkpt>
<trkpt lat="58.68701044" lon="14.62359156">
<ele>128.8</ele>
<time>2023-09-10T08:49:30Z</time>
<extensions>
<tp1:TrackPointExtension>
<tp1:hr>122</tp1:hr>
</tp1:TrackPointExtension>
</extensions>
</trkpt>
<trkpt lat="58.68702678" lon="14.62365182">
<ele>128.6</ele>
<time>2023-09-10T08:49:33Z</time>
<extensions>
<tp1:TrackPointExtension>
<tp1:hr>121</tp1:hr>
</tp1:TrackPointExtension>
</extensions>
</trkpt>
<trkpt lat="58.68705033" lon="14.62362894">
<ele>128.4</ele>
<time>2023-09-10T08:49:34Z</time>
<extensions>
<tp1:TrackPointExtension>
<tp1:hr>120</tp1:hr>
</tp1:TrackPointExtension>
</extensions>
</trkpt>
<trkpt lat="58.68710691" lon="14.62350405">
<ele>129.6</ele>
<time>2023-09-10T08:49:40Z</time>
<extensions>
<tp1:TrackPointExtension>
<tp1:hr>123</tp1:hr>
</tp1:TrackPointExtension>
</extensions>
</trkpt>
<trkpt lat="58.68711697" lon="14.62349181">
<ele>130.0</ele>
<time>2023-09-10T08:49:41Z</time>
<extensions>
<tp1:TrackPointExtension>
<tp1:hr>121</tp1:hr>
</tp1:TrackPointExtension>
</extensions>
</trkpt>
<trkpt lat="58.68723105" lon="14.62341906">
<ele>130.8</ele>
<time>2023-09-10T08:49:46Z</time>
<extensions>
<tp1:TrackPointExtension>
<tp1:hr>120</tp1:hr>
</tp1:TrackPointExtension>
</extensions>
</trkpt>
<trkpt lat="58.68725812" lon="14.6234012">
<ele>131.6</ele>
<time>2023-09-10T08:49:47Z</time>
<extensions>
<tp1:TrackPointExtension>
<tp1:hr>120</tp1:hr>
</tp1:TrackPointExtension>
</extensions>
</trkpt>
<trkpt lat="58.68728017" lon="14.6233862">
<ele>132.6</ele>
<time>2023-09-10T08:49:48Z</time>
<extensions>
<tp1:TrackPointExtension>
<tp1:hr>120</tp1:hr>
</tp1:TrackPointExtension>
</extensions>
</trkpt>
<trkpt lat="58.6873204" lon="14.62336499">
<ele>133.4</ele>
<time>2023-09-10T08:49:50Z</time>
<extensions>
<tp1:TrackPointExtension>
<tp1:hr>123</tp1:hr>
</tp1:TrackPointExtension>
</extensions>
</trkpt>
<trkpt lat="58.68734471" lon="14.62333448">
<ele>134.0</ele>
<time>2023-09-10T08:49:52Z</time>
<extensions>
<tp1:TrackPointExtension>
<tp1:hr>126</tp1:hr>
</tp1:TrackPointExtension>
</extensions>
</trkpt>
<trkpt lat="58.68737077" lon="14.62328176">
<ele>134.4</ele>
<time>2023-09-10T08:49:54Z</time>
<extensions>
<tp1:TrackPointExtension>
<tp1:hr>127</tp1:hr>
</tp1:TrackPointExtension>
</extensions>
</trkpt>
<trkpt lat="58.68740824" lon="14.62320657">
<ele>134.6</ele>
<time>2023-09-10T08:49:56Z</time>
<extensions>
<tp1:TrackPointExtension>
<tp1:hr>128</tp1:hr>
</tp1:TrackPointExtension>
</extensions>
</trkpt>
<trkpt lat="58.68754939" lon="14.62315318">
<ele>132.6</ele>
<time>2023-09-10T08:50:00Z</time>
<extensions>
<tp1:TrackPointExtension>
<tp1:hr>129</tp1:hr>
</tp1:TrackPointExtension>
</extensions>
</trkpt>
<trkpt lat="58.68762064" lon="14.6231738">
<ele>131.4</ele>
<time>2023-09-10T08:50:03Z</time>
<extensions>
<tp1:TrackPointExtension>
<tp1:hr>130</tp1:hr>
</tp1:TrackPointExtension>
</extensions>
</trkpt>
<trkpt lat="58.68766121" lon="14.62319618">
<ele>131.6</ele>
<time>2023-09-10T08:50:05Z</time>
<extensions>
<tp1:TrackPointExtension>
<tp1:hr>131</tp1:hr>
</tp1:TrackPointExtension>
</extensions>
</trkpt>
<trkpt lat="58.6878187" lon="14.62333146">
<ele>131.6</ele>
<time>2023-09-10T08:50:11Z</time>
<extensions>
<tp1:TrackPointExtension>
<tp1:hr>132</tp1:hr>
</tp1:TrackPointExtension>
</extensions>
</trkpt>
<trkpt lat="58.68787134" lon="14.62336424">
<ele>131.4</ele>
<time>2023-09-10T08:50:13Z</time>
<extensions>
<tp1:TrackPointExtension>
<tp1:hr>131</tp1:hr>
</tp1:TrackPointExtension>
</extensions>
</trkpt>
<trkpt lat="58.68792842" lon="14.62336801">
<ele>131.0</ele>
<time>2023-09-10T08:50:16Z</time>
<extensions>
<tp1:TrackPointExtension>
<tp1:hr>130</tp1:hr>
</tp1:TrackPointExtension>
</extensions>
</trkpt>
<trkpt lat="58.68796589" lon="14.6233857">
<ele>131.0</ele>
<time>2023-09-10T08:50:18Z</time>
<extensions>
<tp1:TrackPointExtension>
<tp1:hr>130</tp1:hr>
</tp1:TrackPointExtension>
</extensions>
</trkpt>
<trkpt lat="58.68805557" lon="14.62347454">
<ele>131.8</ele>
<time>2023-09-10T08:50:21Z</time>
<extensions>
<tp1:TrackPointExtension>
<tp1:hr>131</tp1:hr>
</tp1:TrackPointExtension>
</extensions>
</trkpt>
<trkpt lat="58.68817661" lon="14.62364185">
<ele>131.9</ele>
<time>2023-09-10T08:50:27Z</time>
<extensions>
<tp1:TrackPointExtension>
<tp1:hr>132</tp1:hr>
</tp1:TrackPointExtension>
</extensions>
</trkpt>
<trkpt lat="58.68827904" lon="14.62372206">
<ele>131.9</ele>
<time>2023-09-10T08:50:32Z</time>
<extensions>
<tp1:TrackPointExtension>
<tp1:hr>131</tp1:hr>
</tp1:TrackPointExtension>
</extensions>
</trkpt>
<trkpt lat="58.68833109" lon="14.62374494">
<ele>131.9</ele>
<time>2023-09-10T08:50:34Z</time>
<extensions>
<tp1:TrackPointExtension>
<tp1:hr>132</tp1:hr>
</tp1:TrackPointExtension>
</extensions>
</trkpt>
<trkpt lat="58.6884678" lon="14.62377705">
<ele>132.1</ele>
<time>2023-09-10T08:50:39Z</time>
<extensions>
<tp1:TrackPointExtension>
<tp1:hr>129</tp1:hr>
</tp1:TrackPointExtension>
</extensions>
</trkpt>
<trkpt lat="58.68862672" lon="14.62377478">
<ele>132.3</ele>
<time>2023-09-10T08:50:44Z</time>
<extensions>
<tp1:TrackPointExtension>
<tp1:hr>131</tp1:hr>
</tp1:TrackPointExtension>
</extensions>
</trkpt>
<trkpt lat="58.68876577" lon="14.62378518">
<ele>132.5</ele>
<time>2023-09-10T08:50:48Z</time>
<extensions>
<tp1:TrackPointExtension>
<tp1:hr>131</tp1:hr>
</tp1:TrackPointExtension>
</extensions>
</trkpt>
<trkpt lat="58.68879695" lon="14.623812">
<ele>132.5</ele>
<time>2023-09-10T08:50:49Z</time>
<extensions>
<tp1:TrackPointExtension>
<tp1:hr>132</tp1:hr>
</tp1:TrackPointExtension>
</extensions>
</trkpt>
<trkpt lat="58.68886342" lon="14.62387646">
<ele>132.7</ele>
<time>2023-09-10T08:50:52Z</time>
<extensions>
<tp1:TrackPointExtension>
<tp1:hr>131</tp1:hr>
</tp1:TrackPointExtension>
</extensions>
</trkpt>
<trkpt lat="58.68895168" lon="14.6240171">
<ele>132.7</ele>
<time>2023-09-10T08:50:57Z</time>
<extensions>
<tp1:TrackPointExtension>
<tp1:hr>129</tp1:hr>
</tp1:TrackPointExtension>
</extensions>
</trkpt>
<trkpt lat="58.68897373" lon="14.62403194">
<ele>132.7</ele>
<time>2023-09-10T08:50:58Z</time>
<extensions>
<tp1:TrackPointExtension>
<tp1:hr>129</tp1:hr>
</tp1:TrackPointExtension>
</extensions>
</trkpt>
<trkpt lat="58.68904984" lon="14.62407645">
<ele>132.9</ele>
<time>2023-09-10T08:51:01Z</time>
<extensions>
<tp1:TrackPointExtension>
<tp1:hr>129</tp1:hr>
</tp1:TrackPointExtension>
</extensions>
</trkpt>
<trkpt lat="58.68912418" lon="14.62415792">
<ele>132.9</ele>
<time>2023-09-10T08:51:03Z</time>
<extensions>
<tp1:TrackPointExtension>
<tp1:hr>133</tp1:hr>
</tp1:TrackPointExtension>
</extensions>
</trkpt>
<trkpt lat="58.68920566" lon="14.62425473">
<ele>132.9</ele>
<time>2023-09-10T08:51:07Z</time>
<extensions>
<tp1:TrackPointExtension>
<tp1:hr>131</tp1:hr>
</tp1:TrackPointExtension>
</extensions>
</trkpt>
<trkpt lat="58.6893023" lon="14.62437904">
<ele>133.1</ele>
<time>2023-09-10T08:51:12Z</time>
<extensions>
<tp1:TrackPointExtension>
<tp1:hr>133</tp1:hr>
</tp1:TrackPointExtension>
</extensions>
</trkpt>
<trkpt lat="58.68942132" lon="14.62452102">
<ele>133.1</ele>
<time>2023-09-10T08:51:18Z</time>
<extensions>
<tp1:TrackPointExtension>
<tp1:hr>136</tp1:hr>
</tp1:TrackPointExtension>
</extensions>
</trkpt>
<trkpt lat="58.68947488" lon="14.62457743">
<ele>133.1</ele>
<time>2023-09-10T08:51:20Z</time>
<extensions>
<tp1:TrackPointExtension>
<tp1:hr>134</tp1:hr>
</tp1:TrackPointExtension>
</extensions>
</trkpt>
<trkpt lat="58.6895261" lon="14.62461239">
<ele>133.1</ele>
<time>2023-09-10T08:51:22Z</time>
<extensions>
<tp1:TrackPointExtension>
<tp1:hr>134</tp1:hr>
</tp1:TrackPointExtension>
</extensions>
</trkpt>
<trkpt lat="58.68958846" lon="14.62461624">
<ele>133.1</ele>
<time>2023-09-10T08:51:24Z</time>
<extensions>
<tp1:TrackPointExtension>
<tp1:hr>135</tp1:hr>
</tp1:TrackPointExtension>
</extensions>
</trkpt>
<trkpt lat="58.68971704" lon="14.62471498">
<ele>133.3</ele>
<time>2023-09-10T08:51:29Z</time>
<extensions>
<tp1:TrackPointExtension>
<tp1:hr>136</tp1:hr>
</tp1:TrackPointExtension>
</extensions>
</trkpt>
<trkpt lat="58.68978275" lon="14.62478707">
<ele>133.3</ele>
<time>2023-09-10T08:51:32Z</time>
<extensions>
<tp1:TrackPointExtension>
<tp1:hr>137</tp1:hr>
</tp1:TrackPointExtension>
</extensions>
</trkpt>
<trkpt lat="58.689869" lon="14.62482026">
<ele>133.3</ele>
<time>2023-09-10T08:51:35Z</time>
<extensions>
<tp1:TrackPointExtension>
<tp1:hr>136</tp1:hr>
</tp1:TrackPointExtension>
</extensions>
</trkpt>
<trkpt lat="58.68997553" lon="14.6249449">
<ele>133.3</ele>
<time>2023-09-10T08:51:40Z</time>
<extensions>
<tp1:TrackPointExtension>
<tp1:hr>135</tp1:hr>
</tp1:TrackPointExtension>
</extensions>
</trkpt>
<trkpt lat="58.69006606" lon="14.62514464">
<ele>133.7</ele>
<time>2023-09-10T08:51:46Z</time>
<extensions>
<tp1:TrackPointExtension>
<tp1:hr>135</tp1:hr>
</tp1:TrackPointExtension>
</extensions>
</trkpt>
<trkpt lat="58.69007704" lon="14.62516568">
<ele>133.7</ele>
<time>2023-09-10T08:51:47Z</time>
<extensions>
<tp1:TrackPointExtension>
<tp1:hr>137</tp1:hr>
</tp1:TrackPointExtension>
</extensions>
</trkpt>
<trkpt lat="58.69016513" lon="14.62530633">
<ele>134.1</ele>
<time>2023-09-10T08:51:53Z</time>
<extensions>
<tp1:TrackPointExtension>
<tp1:hr>142</tp1:hr>
</tp1:TrackPointExtension>
</extensions>
</trkpt>
<trkpt lat="58.69019623" lon="14.62534488">
<ele>134.1</ele>
<time>2023-09-10T08:51:55Z</time>
<extensions>
<tp1:TrackPointExtension>
<tp1:hr>146</tp1:hr>
</tp1:TrackPointExtension>
</extensions>
</trkpt>
<trkpt lat="58.69026471" lon="14.62535519">
<ele>134.3</ele>
<time>2023-09-10T08:51:58Z</time>
<extensions>
<tp1:TrackPointExtension>
<tp1:hr>145</tp1:hr>
</tp1:TrackPointExtension>
</extensions>
</trkpt>
<trkpt lat="58.69036789" lon="14.62530054">
<ele>134.5</ele>
<time>2023-09-10T08:52:03Z</time>
<extensions>
<tp1:TrackPointExtension>
<tp1:hr>143</tp1:hr>
</tp1:TrackPointExtension>
</extensions>
</trkpt>
<trkpt lat="58.69037912" lon="14.62528386">
<ele>134.7</ele>
<time>2023-09-10T08:52:04Z</time>
<extensions>
<tp1:TrackPointExtension>
<tp1:hr>143</tp1:hr>
</tp1:TrackPointExtension>
</extensions>
</trkpt>
<trkpt lat="58.69039086" lon="14.62526919">
<ele>134.7</ele>
<time>2023-09-10T08:52:05Z</time>
<extensions>
<tp1:TrackPointExtension>
<tp1:hr>144</tp1:hr>
</tp1:TrackPointExtension>
</extensions>
</trkpt>
<trkpt lat="58.69047702" lon="14.62521614">
<ele>134.7</ele>
<time>2023-09-10T08:52:08Z</time>
<extensions>
<tp1:TrackPointExtension>
<tp1:hr>142</tp1:hr>
</tp1:TrackPointExtension>
</extensions>
</trkpt>
<trkpt lat="58.69053033" lon="14.62517649">
<ele>134.9</ele>
<time>2023-09-10T08:52:10Z</time>
<extensions>
<tp1:TrackPointExtension>
<tp1:hr>138</tp1:hr>
</tp1:TrackPointExtension>
</extensions>
</trkpt>
<trkpt lat="58.69058129" lon="14.62515168">
<ele>134.9</ele>
<time>2023-09-10T08:52:12Z</time>
<extensions>
<tp1:TrackPointExtension>
<tp1:hr>132</tp1:hr>
</tp1:TrackPointExtension>
</extensions>
</trkpt>
<trkpt lat="58.69060879" lon="14.62515243">
<ele>134.9</ele>
<time>2023-09-10T08:52:13Z</time>
<extensions>
<tp1:TrackPointExtension>
<tp1:hr>129</tp1:hr>
</tp1:TrackPointExtension>
</extensions>
</trkpt>
<trkpt lat="58.69069261" lon="14.62517054">
<ele>134.9</ele>
<time>2023-09-10T08:52:16Z</time>
<extensions>
<tp1:TrackPointExtension>
<tp1:hr>126</tp1:hr>
</tp1:TrackPointExtension>
</extensions>
</trkpt>
<trkpt lat="58.69075815" lon="14.62521136">
<ele>134.9</ele>
<time>2023-09-10T08:52:19Z</time>
<extensions>
<tp1:TrackPointExtension>
<tp1:hr>126</tp1:hr>
</tp1:TrackPointExtension>
</extensions>
</trkpt>
<trkpt lat="58.69094918" lon="14.62522016">
<ele>135.1</ele>
<time>2023-09-10T08:52:26Z</time>
<extensions>
<tp1:TrackPointExtension>
<tp1:hr>127</tp1:hr>
</tp1:TrackPointExtension>
</extensions>
</trkpt>
<trkpt lat="58.69099494" lon="14.62518278">
<ele>135.1</ele>
<time>2023-09-10T08:52:27Z</time>
<extensions>
<tp1:TrackPointExtension>
<tp1:hr>128</tp1:hr>
</tp1:TrackPointExtension>
</extensions>
</trkpt>
<trkpt lat="58.69111648" lon="14.6251324">
<ele>135.3</ele>
<time>2023-09-10T08:52:32Z</time>
<extensions>
<tp1:TrackPointExtension>
<tp1:hr>128</tp1:hr>
</tp1:TrackPointExtension>
</extensions>
</trkpt>
<trkpt lat="58.69124003" lon="14.6251179">
<ele>135.5</ele>
<time>2023-09-10T08:52:37Z</time>
<extensions>
<tp1:TrackPointExtension>
<tp1:hr>129</tp1:hr>
</tp1:TrackPointExtension>
</extensions>
</trkpt>
<trkpt lat="58.69129283" lon="14.62512159">
<ele>135.5</ele>
<time>2023-09-10T08:52:39Z</time>
<extensions>
<tp1:TrackPointExtension>
<tp1:hr>126</tp1:hr>
</tp1:TrackPointExtension>
</extensions>
</trkpt>
<trkpt lat="58.6913137" lon="14.62511346">
<ele>135.5</ele>
<time>2023-09-10T08:52:40Z</time>
<extensions>
<tp1:TrackPointExtension>
<tp1:hr>130</tp1:hr>
</tp1:TrackPointExtension>
</extensions>
</trkpt>
<trkpt lat="58.69140658" lon="14.62504632">
<ele>135.7</ele>
<time>2023-09-10T08:52:43Z</time>
<extensions>
<tp1:TrackPointExtension>
<tp1:hr>129</tp1:hr>
</tp1:TrackPointExtension>
</extensions>
</trkpt>
<trkpt lat="58.69153222" lon="14.62492721">
<ele>135.9</ele>
<time>2023-09-10T08:52:48Z</time>
<extensions>
<tp1:TrackPointExtension>
<tp1:hr>130</tp1:hr>
</tp1:TrackPointExtension>
</extensions>
</trkpt>
<trkpt lat="58.69163683" lon="14.62489494">
<ele>136.1</ele>
<time>2023-09-10T08:52:52Z</time>
<extensions>
<tp1:TrackPointExtension>
<tp1:hr>128</tp1:hr>
</tp1:TrackPointExtension>
</extensions>
</trkpt>
<trkpt lat="58.69175577" lon="14.62490223">
<ele>136.3</ele>
<time>2023-09-10T08:52:57Z</time>
<extensions>
<tp1:TrackPointExtension>
<tp1:hr>130</tp1:hr>
</tp1:TrackPointExtension>
</extensions>
</trkpt>
<trkpt lat="58.69184998" lon="14.62487139">
<ele>136.5</ele>
<time>2023-09-10T08:53:01Z</time>
<extensions>
<tp1:TrackPointExtension>
<tp1:hr>127</tp1:hr>
</tp1:TrackPointExtension>
</extensions>
</trkpt>
<trkpt lat="58.69187512" lon="14.62485706">
<ele>136.5</ele>
<time>2023-09-10T08:53:02Z</time>
<extensions>
<tp1:TrackPointExtension>
<tp1:hr>128</tp1:hr>
</tp1:TrackPointExtension>
</extensions>
</trkpt>
<trkpt lat="58.69190337" lon="14.62484264">
<ele>136.7</ele>
<time>2023-09-10T08:53:03Z</time>
<extensions>
<tp1:TrackPointExtension>
<tp1:hr>129</tp1:hr>
</tp1:TrackPointExtension>
</extensions>
</trkpt>
<trkpt lat="58.69205751" lon="14.62476427">
<ele>137.1</ele>
<time>2023-09-10T08:53:08Z</time>
<extensions>
<tp1:TrackPointExtension>
<tp1:hr>129</tp1:hr>
</tp1:TrackPointExtension>
</extensions>
</trkpt>
<trkpt lat="58.69219724" lon="14.62472529">
<ele>137.3</ele>
<time>2023-09-10T08:53:13Z</time>
<extensions>
<tp1:TrackPointExtension>
<tp1:hr>129</tp1:hr>
</tp1:TrackPointExtension>
</extensions>
</trkpt>
<trkpt lat="58.69230151" lon="14.62473677">
<ele>137.7</ele>
<time>2023-09-10T08:53:17Z</time>
<extensions>
<tp1:TrackPointExtension>
<tp1:hr>129</tp1:hr>
</tp1:TrackPointExtension>
</extensions>
</trkpt>
<trkpt lat="58.69232381" lon="14.6247289">
<ele>137.7</ele>
<time>2023-09-10T08:53:18Z</time>
<extensions>
<tp1:TrackPointExtension>
<tp1:hr>129</tp1:hr>
</tp1:TrackPointExtension>
</extensions>
</trkpt>
<trkpt lat="58.69243537" lon="14.62471733">
<ele>141.0</ele>
<time>2023-09-10T08:53:22Z</time>
<extensions>
<tp1:TrackPointExtension>
<tp1:hr>131</tp1:hr>
</tp1:TrackPointExtension>
</extensions>
</trkpt>
<trkpt lat="58.69246714" lon="14.62471481">
<ele>143.0</ele>
<time>2023-09-10T08:53:23Z</time>
<extensions>
<tp1:TrackPointExtension>
<tp1:hr>131</tp1:hr>
</tp1:TrackPointExtension>
</extensions>
</trkpt>
<trkpt lat="58.69249321" lon="14.62471473">
<ele>144.2</ele>
<time>2023-09-10T08:53:24Z</time>
<extensions>
<tp1:TrackPointExtension>
<tp1:hr>133</tp1:hr>
</tp1:TrackPointExtension>
</extensions>
</trkpt>
<trkpt lat="58.69252053" lon="14.62471297">
<ele>144.6</ele>
<time>2023-09-10T08:53:25Z</time>
<extensions>
<tp1:TrackPointExtension>
<tp1:hr>132</tp1:hr>
</tp1:TrackPointExtension>
</extensions>
</trkpt>
<trkpt lat="58.69266093" lon="14.62468363">
<ele>144.8</ele>
<time>2023-09-10T08:53:30Z</time>
<extensions>
<tp1:TrackPointExtension>
<tp1:hr>132</tp1:hr>
</tp1:TrackPointExtension>
</extensions>
</trkpt>
<trkpt lat="58.69278624" lon="14.62469654">
<ele>145.2</ele>
<time>2023-09-10T08:53:34Z</time>
<extensions>
<tp1:TrackPointExtension>
<tp1:hr>129</tp1:hr>
</tp1:TrackPointExtension>
</extensions>
</trkpt>
<trkpt lat="58.69283133" lon="14.62468858">
<ele>145.4</ele>
<time>2023-09-10T08:53:35Z</time>
<extensions>
<tp1:TrackPointExtension>
<tp1:hr>131</tp1:hr>
</tp1:TrackPointExtension>
</extensions>
</trkpt>
<trkpt lat="58.69295186" lon="14.62464969">
<ele>145.0</ele>
<time>2023-09-10T08:53:38Z</time>
<extensions>
<tp1:TrackPointExtension>
<tp1:hr>134</tp1:hr>
</tp1:TrackPointExtension>
</extensions>
</trkpt>
<trkpt lat="58.69298698" lon="14.62462965">
<ele>144.2</ele>
<time>2023-09-10T08:53:39Z</time>
<extensions>
<tp1:TrackPointExtension>
<tp1:hr>135</tp1:hr>
</tp1:TrackPointExtension>
</extensions>
</trkpt>
<trkpt lat="58.6931024" lon="14.62461406">
<ele>143.6</ele>
<time>2023-09-10T08:53:43Z</time>
<extensions>
<tp1:TrackPointExtension>
<tp1:hr>138</tp1:hr>
</tp1:TrackPointExtension>
</extensions>
</trkpt>
<trkpt lat="58.69319603" lon="14.62467089">
<ele>143.6</ele>
<time>2023-09-10T08:53:46Z</time>
<extensions>
<tp1:TrackPointExtension>
<tp1:hr>136</tp1:hr>
</tp1:TrackPointExtension>
</extensions>
</trkpt>
<trkpt lat="58.69327633" lon="14.62472412">
<ele>143.6</ele>
<time>2023-09-10T08:53:49Z</time>
<extensions>
<tp1:TrackPointExtension>
<tp1:hr>130</tp1:hr>
</tp1:TrackPointExtension>
</extensions>
</trkpt>
<trkpt lat="58.69330114" lon="14.62471901">
<ele>143.6</ele>
<time>2023-09-10T08:53:50Z</time>
<extensions>
<tp1:TrackPointExtension>
<tp1:hr>129</tp1:hr>
</tp1:TrackPointExtension>
</extensions>
</trkpt>
<trkpt lat="58.69337766" lon="14.62465379">
<ele>143.8</ele>
<time>2023-09-10T08:53:53Z</time>
<extensions>
<tp1:TrackPointExtension>
<tp1:hr>128</tp1:hr>
</tp1:TrackPointExtension>
</extensions>
</trkpt>
<trkpt lat="58.69351563" lon="14.62457911">
<ele>143.8</ele>
<time>2023-09-10T08:53:58Z</time>
<extensions>
<tp1:TrackPointExtension>
<tp1:hr>125</tp1:hr>
</tp1:TrackPointExtension>
</extensions>
</trkpt>
<trkpt lat="58.69367665" lon="14.62452396">
<ele>143.8</ele>
<time>2023-09-10T08:54:04Z</time>
<extensions>
<tp1:TrackPointExtension>
<tp1:hr>123</tp1:hr>
</tp1:TrackPointExtension>
</extensions>
</trkpt>
<trkpt lat="58.69383121" lon="14.62443955">
<ele>143.8</ele>
<time>2023-09-10T08:54:09Z</time>
<extensions>
<tp1:TrackPointExtension>
<tp1:hr>124</tp1:hr>
</tp1:TrackPointExtension>
</extensions>
</trkpt>
<trkpt lat="58.69387714" lon="14.62445179">
<ele>143.8</ele>
<time>2023-09-10T08:54:12Z</time>
<extensions>
<tp1:TrackPointExtension>
<tp1:hr>126</tp1:hr>
</tp1:TrackPointExtension>
</extensions>
</trkpt>
<trkpt lat="58.69393841" lon="14.62450728">
<ele>143.8</ele>
<time>2023-09-10T08:54:15Z</time>
<extensions>
<tp1:TrackPointExtension>
<tp1:hr>125</tp1:hr>
</tp1:TrackPointExtension>
</extensions>
</trkpt>
<trkpt lat="58.69407965" lon="14.62456285">
<ele>143.6</ele>
<time>2023-09-10T08:54:20Z</time>
<extensions>
<tp1:TrackPointExtension>
<tp1:hr>124</tp1:hr>
</tp1:TrackPointExtension>
</extensions>
</trkpt>
<trkpt lat="58.69415785" lon="14.624704">
<ele>143.6</ele>
<time>2023-09-10T08:54:24Z</time>
<extensions>
<tp1:TrackPointExtension>
<tp1:hr>126</tp1:hr>
</tp1:TrackPointExtension>
</extensions>
</trkpt>
<trkpt lat="58.69421611" lon="14.62479386">
<ele>143.6</ele>
<time>2023-09-10T08:54:28Z</time>
<extensions>
<tp1:TrackPointExtension>
<tp1:hr>128</tp1:hr>
</tp1:TrackPointExtension>
</extensions>
</trkpt>
<trkpt lat="58.69423497" lon="14.62480299">
<ele>143.6</ele>
<time>2023-09-10T08:54:29Z</time>
<extensions>
<tp1:TrackPointExtension>
<tp1:hr>127</tp1:hr>
</tp1:TrackPointExtension>
</extensions>
</trkpt>
<trkpt lat="58.69427646" lon="14.62482805">
<ele>143.6</ele>
<time>2023-09-10T08:54:31Z</time>
<extensions>
<tp1:TrackPointExtension>
<tp1:hr>129</tp1:hr>
</tp1:TrackPointExtension>
</extensions>
</trkpt>
<trkpt lat="58.69431543" lon="14.62489134">
<ele>143.6</ele>
<time>2023-09-10T08:54:33Z</time>
<extensions>
<tp1:TrackPointExtension>
<tp1:hr>130</tp1:hr>
</tp1:TrackPointExtension>
</extensions>
</trkpt>
<trkpt lat="58.69436866" lon="14.62494247">
<ele>143.6</ele>
<time>2023-09-10T08:54:36Z</time>
<extensions>
<tp1:TrackPointExtension>
<tp1:hr>130</tp1:hr>
</tp1:TrackPointExtension>
</extensions>
</trkpt>
<trkpt lat="58.69440529" lon="14.62493174">
<ele>143.6</ele>
<time>2023-09-10T08:54:38Z</time>
<extensions>
<tp1:TrackPointExtension>
<tp1:hr>131</tp1:hr>
</tp1:TrackPointExtension>
</extensions>
</trkpt>
<trkpt lat="58.69453328" lon="14.62492143">
<ele>143.6</ele>
<time>2023-09-10T08:54:43Z</time>
<extensions>
<tp1:TrackPointExtension>
<tp1:hr>131</tp1:hr>
</tp1:TrackPointExtension>
</extensions>
</trkpt>
<trkpt lat="58.69466026" lon="14.62503986">
<ele>143.4</ele>
<time>2023-09-10T08:54:47Z</time>
<extensions>
<tp1:TrackPointExtension>
<tp1:hr>130</tp1:hr>
</tp1:TrackPointExtension>
</extensions>
</trkpt>
<trkpt lat="58.69478264" lon="14.62514908">
<ele>143.4</ele>
<time>2023-09-10T08:54:52Z</time>
<extensions>
<tp1:TrackPointExtension>
<tp1:hr>131</tp1:hr>
</tp1:TrackPointExtension>
</extensions>
</trkpt>
<trkpt lat="58.69480594" lon="14.6251635">
<ele>143.4</ele>
<time>2023-09-10T08:54:53Z</time>
<extensions>
<tp1:TrackPointExtension>
<tp1:hr>131</tp1:hr>
</tp1:TrackPointExtension>
</extensions>
</trkpt>
<trkpt lat="58.69486168" lon="14.62518747">
<ele>143.4</ele>
<time>2023-09-10T08:54:56Z</time>
<extensions>
<tp1:TrackPointExtension>
<tp1:hr>133</tp1:hr>
</tp1:TrackPointExtension>
</extensions>
</trkpt>
<trkpt lat="58.69496553" lon="14.62524556">
<ele>143.4</ele>
<time>2023-09-10T08:55:01Z</time>
<extensions>
<tp1:TrackPointExtension>
<tp1:hr>136</tp1:hr>
</tp1:TrackPointExtension>
</extensions>
</trkpt>
<trkpt lat="58.69497785" lon="14.62524606">
<ele>143.4</ele>
<time>2023-09-10T08:55:02Z</time>
<extensions>
<tp1:TrackPointExtension>
<tp1:hr>133</tp1:hr>
</tp1:TrackPointExtension>
</extensions>
</trkpt>
<trkpt lat="58.69499286" lon="14.62523525">
<ele>143.4</ele>
<time>2023-09-10T08:55:03Z</time>
<extensions>
<tp1:TrackPointExtension>
<tp1:hr>135</tp1:hr>
</tp1:TrackPointExtension>
</extensions>
</trkpt>
<trkpt lat="58.69509243" lon="14.62515243">
<ele>143.4</ele>
<time>2023-09-10T08:55:08Z</time>
<extensions>
<tp1:TrackPointExtension>
<tp1:hr>134</tp1:hr>
</tp1:TrackPointExtension>
</extensions>
</trkpt>
<trkpt lat="58.69510844" lon="14.62514782">
<ele>143.4</ele>
<time>2023-09-10T08:55:09Z</time>
<extensions>
<tp1:TrackPointExtension>
<tp1:hr>134</tp1:hr>
</tp1:TrackPointExtension>
</extensions>
</trkpt>
<trkpt lat="58.69515723" lon="14.62518521">
<ele>143.4</ele>
<time>2023-09-10T08:55:12Z</time>
<extensions>
<tp1:TrackPointExtension>
<tp1:hr>135</tp1:hr>
</tp1:TrackPointExtension>
</extensions>
</trkpt>
<trkpt lat="58.69524918" lon="14.62521815">
<ele>143.6</ele>
<time>2023-09-10T08:55:16Z</time>
<extensions>
<tp1:TrackPointExtension>
<tp1:hr>136</tp1:hr>
</tp1:TrackPointExtension>
</extensions>
</trkpt>
<trkpt lat="58.69536149" lon="14.62517188">
<ele>143.6</ele>
<time>2023-09-10T08:55:21Z</time>
<extensions>
<tp1:TrackPointExtension>
<tp1:hr>134</tp1:hr>
</tp1:TrackPointExtension>
</extensions>
</trkpt>
<trkpt lat="58.69548169" lon="14.625136">
<ele>143.8</ele>
<time>2023-09-10T08:55:27Z</time>
<extensions>
<tp1:TrackPointExtension>
<tp1:hr>133</tp1:hr>
</tp1:TrackPointExtension>
</extensions>
</trkpt>
<trkpt lat="58.69559065" lon="14.62502562">
<ele>143.8</ele>
<time>2023-09-10T08:55:32Z</time>
<extensions>
<tp1:TrackPointExtension>
<tp1:hr>134</tp1:hr>
</tp1:TrackPointExtension>
</extensions>
</trkpt>
<trkpt lat="58.69571194" lon="14.62497608">
<ele>144.0</ele>
<time>2023-09-10T08:55:37Z</time>
<extensions>
<tp1:TrackPointExtension>
<tp1:hr>137</tp1:hr>
</tp1:TrackPointExtension>
</extensions>
</trkpt>
<trkpt lat="58.69586617" lon="14.62487985">
<ele>144.2</ele>
<time>2023-09-10T08:55:43Z</time>
<extensions>
<tp1:TrackPointExtension>
<tp1:hr>138</tp1:hr>
</tp1:TrackPointExtension>
</extensions>
</trkpt>
<trkpt lat="58.69590808" lon="14.62486242">
<ele>144.2</ele>
<time>2023-09-10T08:55:44Z</time>
<extensions>
<tp1:TrackPointExtension>
<tp1:hr>139</tp1:hr>
</tp1:TrackPointExtension>
</extensions>
</trkpt>
<trkpt lat="58.69598175" lon="14.62479738">
<ele>144.4</ele>
<time>2023-09-10T08:55:48Z</time>
<extensions>
<tp1:TrackPointExtension>
<tp1:hr>139</tp1:hr>
</tp1:TrackPointExtension>
</extensions>
</trkpt>
<trkpt lat="58.69601134" lon="14.62478925">
<ele>144.4</ele>
<time>2023-09-10T08:55:49Z</time>
<extensions>
<tp1:TrackPointExtension>
<tp1:hr>134</tp1:hr>
</tp1:TrackPointExtension>
</extensions>
</trkpt>
<trkpt lat="58.69606867" lon="14.62478983">
<ele>144.4</ele>
<time>2023-09-10T08:55:51Z</time>
<extensions>
<tp1:TrackPointExtension>
<tp1:hr>131</tp1:hr>
</tp1:TrackPointExtension>
</extensions>
</trkpt>
<trkpt lat="58.69612517" lon="14.62477667">
<ele>144.4</ele>
<time>2023-09-10T08:55:53Z</time>
<extensions>
<tp1:TrackPointExtension>
<tp1:hr>128</tp1:hr>
</tp1:TrackPointExtension>
</extensions>
</trkpt>
<trkpt lat="58.69620404" lon="14.62473979">
<ele>144.4</ele>
<time>2023-09-10T08:55:57Z</time>
<extensions>
<tp1:TrackPointExtension>
<tp1:hr>128</tp1:hr>
</tp1:TrackPointExtension>
</extensions>
</trkpt>
<trkpt lat="58.696326" lon="14.62469428">
<ele>144.4</ele>
<time>2023-09-10T08:56:02Z</time>
<extensions>
<tp1:TrackPointExtension>
<tp1:hr>130</tp1:hr>
</tp1:TrackPointExtension>
</extensions>
</trkpt>
<trkpt lat="58.69644024" lon="14.6246455">
<ele>144.4</ele>
<time>2023-09-10T08:56:06Z</time>
<extensions>
<tp1:TrackPointExtension>
<tp1:hr>127</tp1:hr>
</tp1:TrackPointExtension>
</extensions>
</trkpt>
<trkpt lat="58.69659883" lon="14.62455288">
<ele>144.4</ele>
<time>2023-09-10T08:56:11Z</time>
<extensions>
<tp1:TrackPointExtension>
<tp1:hr>128</tp1:hr>
</tp1:TrackPointExtension>
</extensions>
</trkpt>
<trkpt lat="58.69666044" lon="14.6245631">
<ele>144.2</ele>
<time>2023-09-10T08:56:13Z</time>
<extensions>
<tp1:TrackPointExtension>
<tp1:hr>128</tp1:hr>
</tp1:TrackPointExtension>
</extensions>
</trkpt>
<trkpt lat="58.6967052" lon="14.62462513">
<ele>144.2</ele>
<time>2023-09-10T08:56:15Z</time>
<extensions>
<tp1:TrackPointExtension>
<tp1:hr>130</tp1:hr>
</tp1:TrackPointExtension>
</extensions>
</trkpt>
<trkpt lat="58.6967663" lon="14.62473233">
<ele>144.2</ele>
<time>2023-09-10T08:56:18Z</time>
<extensions>
<tp1:TrackPointExtension>
<tp1:hr>133</tp1:hr>
</tp1:TrackPointExtension>
</extensions>
</trkpt>
<trkpt lat="58.6967953" lon="14.62479025">
<ele>144.1</ele>
<time>2023-09-10T08:56:20Z</time>
<extensions>
<tp1:TrackPointExtension>
<tp1:hr>133</tp1:hr>
</tp1:TrackPointExtension>
</extensions>
</trkpt>
<trkpt lat="58.69689262" lon="14.62494515">
<ele>143.9</ele>
<time>2023-09-10T08:56:26Z</time>
<extensions>
<tp1:TrackPointExtension>
<tp1:hr>134</tp1:hr>
</tp1:TrackPointExtension>
</extensions>
</trkpt>
<trkpt lat="58.69698239" lon="14.62514732">
<ele>143.9</ele>
<time>2023-09-10T08:56:32Z</time>
<extensions>
<tp1:TrackPointExtension>
<tp1:hr>135</tp1:hr>
</tp1:TrackPointExtension>
</extensions>
</trkpt>
<trkpt lat="58.69708565" lon="14.62533248">
<ele>143.7</ele>
<time>2023-09-10T08:56:37Z</time>
<extensions>
<tp1:TrackPointExtension>
<tp1:hr>134</tp1:hr>
</tp1:TrackPointExtension>
</extensions>
</trkpt>
<trkpt lat="58.69714533" lon="14.62541353">
<ele>143.7</ele>
<time>2023-09-10T08:56:40Z</time>
<extensions>
<tp1:TrackPointExtension>
<tp1:hr>134</tp1:hr>
</tp1:TrackPointExtension>
</extensions>
</trkpt>
<trkpt lat="58.69719453" lon="14.6253971">
<ele>143.7</ele>
<time>2023-09-10T08:56:42Z</time>
<extensions>
<tp1:TrackPointExtension>
<tp1:hr>137</tp1:hr>
</tp1:TrackPointExtension>
</extensions>
</trkpt>
<trkpt lat="58.69725354" lon="14.62538084">
<ele>143.7</ele>
<time>2023-09-10T08:56:45Z</time>
<extensions>
<tp1:TrackPointExtension>
<tp1:hr>134</tp1:hr>
</tp1:TrackPointExtension>
</extensions>
</trkpt>
<trkpt lat="58.69737592" lon="14.62535662">
<ele>143.5</ele>
<time>2023-09-10T08:56:50Z</time>
<extensions>
<tp1:TrackPointExtension>
<tp1:hr>135</tp1:hr>
</tp1:TrackPointExtension>
</extensions>
</trkpt>
<trkpt lat="58.69740282" lon="14.62535536">
<ele>143.3</ele>
<time>2023-09-10T08:56:52Z</time>
<extensions>
<tp1:TrackPointExtension>
<tp1:hr>137</tp1:hr>
</tp1:TrackPointExtension>
</extensions>
</trkpt>
<trkpt lat="58.69744322" lon="14.62535192">
<ele>143.3</ele>
<time>2023-09-10T08:56:55Z</time>
<extensions>
<tp1:TrackPointExtension>
<tp1:hr>137</tp1:hr>
</tp1:TrackPointExtension>
</extensions>
</trkpt>
<trkpt lat="58.69752796" lon="14.62534639">
<ele>143.1</ele>
<time>2023-09-10T08:57:00Z</time>
<extensions>
<tp1:TrackPointExtension>
<tp1:hr>137</tp1:hr>
</tp1:TrackPointExtension>
</extensions>
</trkpt>
<trkpt lat="58.69755831" lon="14.62535385">
<ele>143.1</ele>
<time>2023-09-10T08:57:02Z</time>
<extensions>
<tp1:TrackPointExtension>
<tp1:hr>134</tp1:hr>
</tp1:TrackPointExtension>
</extensions>
</trkpt>
<trkpt lat="58.69761631" lon="14.62534052">
<ele>143.1</ele>
<time>2023-09-10T08:57:05Z</time>
<extensions>
<tp1:TrackPointExtension>
<tp1:hr>134</tp1:hr>
</tp1:TrackPointExtension>
</extensions>
</trkpt>
<trkpt lat="58.69768864" lon="14.6253246">
<ele>143.1</ele>
<time>2023-09-10T08:57:10Z</time>
<extensions>
<tp1:TrackPointExtension>
<tp1:hr>132</tp1:hr>
</tp1:TrackPointExtension>
</extensions>
</trkpt>
<trkpt lat="58.69769636" lon="14.62531018">
<ele>143.1</ele>
<time>2023-09-10T08:57:11Z</time>
<extensions>
<tp1:TrackPointExtension>
<tp1:hr>134</tp1:hr>
</tp1:TrackPointExtension>
</extensions>
</trkpt>
<trkpt lat="58.69771547" lon="14.62529736">
<ele>143.1</ele>
<time>2023-09-10T08:57:13Z</time>
<extensions>
<tp1:TrackPointExtension>
<tp1:hr>133</tp1:hr>
</tp1:TrackPointExtension>
</extensions>
</trkpt>
<trkpt lat="58.69774581" lon="14.62529467">
<ele>142.9</ele>
<time>2023-09-10T08:57:17Z</time>
<extensions>
<tp1:TrackPointExtension>
<tp1:hr>134</tp1:hr>
</tp1:TrackPointExtension>
</extensions>
</trkpt>
<trkpt lat="58.6977666" lon="14.62530381">
<ele>142.9</ele>
<time>2023-09-10T08:57:19Z</time>
<extensions>
<tp1:TrackPointExtension>
<tp1:hr>132</tp1:hr>
</tp1:TrackPointExtension>
</extensions>
</trkpt>
<trkpt lat="58.69777925" lon="14.62530096">
<ele>143.1</ele>
<time>2023-09-10T08:57:22Z</time>
<extensions>
<tp1:TrackPointExtension>
<tp1:hr>129</tp1:hr>
</tp1:TrackPointExtension>
</extensions>
</trkpt>
<trkpt lat="58.69778713" lon="14.62530096">
<ele>143.1</ele>
<time>2023-09-10T08:57:23Z</time>
<extensions>
<tp1:TrackPointExtension>
<tp1:hr>128</tp1:hr>
</tp1:TrackPointExtension>
</extensions>
</trkpt>
<trkpt lat="58.69780666" lon="14.62530725">
<ele>143.1</ele>
<time>2023-09-10T08:57:24Z</time>
<extensions>
<tp1:TrackPointExtension>
<tp1:hr>128</tp1:hr>
</tp1:TrackPointExtension>
</extensions>
</trkpt>
<trkpt lat="58.6978878" lon="14.62540079">
<ele>143.3</ele>
<time>2023-09-10T08:57:31Z</time>
<extensions>
<tp1:TrackPointExtension>
<tp1:hr>127</tp1:hr>
</tp1:TrackPointExtension>
</extensions>
</trkpt>
<trkpt lat="58.69793256" lon="14.6254577">
<ele>143.3</ele>
<time>2023-09-10T08:57:34Z</time>
<extensions>
<tp1:TrackPointExtension>
<tp1:hr>125</tp1:hr>
</tp1:TrackPointExtension>
</extensions>
</trkpt>
<trkpt lat="58.69797707" lon="14.625481">
<ele>143.3</ele>
<time>2023-09-10T08:57:37Z</time>
<extensions>
<tp1:TrackPointExtension>
<tp1:hr>122</tp1:hr>
</tp1:TrackPointExtension>
</extensions>
</trkpt>
<trkpt lat="58.69798805" lon="14.62549869">
<ele>143.3</ele>
<time>2023-09-10T08:57:38Z</time>
<extensions>
<tp1:TrackPointExtension>
<tp1:hr>123</tp1:hr>
</tp1:TrackPointExtension>
</extensions>
</trkpt>
<trkpt lat="58.69805837" lon="14.62557438">
<ele>143.5</ele>
<time>2023-09-10T08:57:43Z</time>
<extensions>
<tp1:TrackPointExtension>
<tp1:hr>122</tp1:hr>
</tp1:TrackPointExtension>
</extensions>
</trkpt>
<trkpt lat="58.69807296" lon="14.62557874">
<ele>143.5</ele>
<time>2023-09-10T08:57:44Z</time>
<extensions>
<tp1:TrackPointExtension>
<tp1:hr>121</tp1:hr>
</tp1:TrackPointExtension>
</extensions>
</trkpt>
<trkpt lat="58.69814814" lon="14.62557429">
<ele>143.7</ele>
<time>2023-09-10T08:57:48Z</time>
<extensions>
<tp1:TrackPointExtension>
<tp1:hr>120</tp1:hr>
</tp1:TrackPointExtension>
</extensions>
</trkpt>
<trkpt lat="58.69817857" lon="14.62555292">
<ele>143.7</ele>
<time>2023-09-10T08:57:50Z</time>
<extensions>
<tp1:TrackPointExtension>
<tp1:hr>123</tp1:hr>
</tp1:TrackPointExtension>
</extensions>
</trkpt>
<trkpt lat="58.69819567" lon="14.62554219">
<ele>143.7</ele>
<time>2023-09-10T08:57:51Z</time>
<extensions>
<tp1:TrackPointExtension>
<tp1:hr>124</tp1:hr>
</tp1:TrackPointExtension>
</extensions>
</trkpt>
<trkpt lat="58.69820455" lon="14.62553884">
<ele>143.9</ele>
<time>2023-09-10T08:57:52Z</time>
<extensions>
<tp1:TrackPointExtension>
<tp1:hr>121</tp1:hr>
</tp1:TrackPointExtension>
</extensions>
</trkpt>
<trkpt lat="58.69823079" lon="14.62552744">
<ele>143.9</ele>
<time>2023-09-10T08:57:54Z</time>
<extensions>
<tp1:TrackPointExtension>
<tp1:hr>121</tp1:hr>
</tp1:TrackPointExtension>
</extensions>
</trkpt>
<trkpt lat="58.69826582" lon="14.62552023">
<ele>143.9</ele>
<time>2023-09-10T08:57:56Z</time>
<extensions>
<tp1:TrackPointExtension>
<tp1:hr>120</tp1:hr>
</tp1:TrackPointExtension>
</extensions>
</trkpt>
<trkpt lat="58.69831184" lon="14.62551554">
<ele>144.1</ele>
<time>2023-09-10T08:57:58Z</time>
<extensions>
<tp1:TrackPointExtension>
<tp1:hr>119</tp1:hr>
</tp1:TrackPointExtension>
</extensions>
</trkpt>
<trkpt lat="58.69832986" lon="14.62550908">
<ele>144.1</ele>
<time>2023-09-10T08:57:59Z</time>
<extensions>
<tp1:TrackPointExtension>
<tp1:hr>119</tp1:hr>
</tp1:TrackPointExtension>
</extensions>
</trkpt>
<trkpt lat="58.69835258" lon="14.62548352">
<ele>144.1</ele>
<time>2023-09-10T08:58:01Z</time>
<extensions>
<tp1:TrackPointExtension>
<tp1:hr>123</tp1:hr>
</tp1:TrackPointExtension>
</extensions>
</trkpt>
<trkpt lat="58.69838174" lon="14.62543189">
<ele>144.3</ele>
<time>2023-09-10T08:58:04Z</time>
<extensions>
<tp1:TrackPointExtension>
<tp1:hr>128</tp1:hr>
</tp1:TrackPointExtension>
</extensions>
</trkpt>
<trkpt lat="58.69847403" lon="14.62536483">
<ele>144.7</ele>
<time>2023-09-10T08:58:10Z</time>
<extensions>
<tp1:TrackPointExtension>
<tp1:hr>125</tp1:hr>
</tp1:TrackPointExtension>
</extensions>
</trkpt>
<trkpt lat="58.69858861" lon="14.62519803">
<ele>145.1</ele>
<time>2023-09-10T08:58:16Z</time>
<extensions>
<tp1:TrackPointExtension>
<tp1:hr>123</tp1:hr>
</tp1:TrackPointExtension>
</extensions>
</trkpt>
<trkpt lat="58.69863521" lon="14.62508471">
<ele>145.3</ele>
<time>2023-09-10T08:58:20Z</time>
<extensions>
<tp1:TrackPointExtension>
<tp1:hr>124</tp1:hr>
</tp1:TrackPointExtension>
</extensions>
</trkpt>
<trkpt lat="58.69864997" lon="14.62505914">
<ele>145.3</ele>
<time>2023-09-10T08:58:21Z</time>
<extensions>
<tp1:TrackPointExtension>
<tp1:hr>125</tp1:hr>
</tp1:TrackPointExtension>
</extensions>
</trkpt>
<trkpt lat="58.69866715" lon="14.62503525">
<ele>145.5</ele>
<time>2023-09-10T08:58:22Z</time>
<extensions>
<tp1:TrackPointExtension>
<tp1:hr>125</tp1:hr>
</tp1:TrackPointExtension>
</extensions>
</trkpt>
<trkpt lat="58.69868961" lon="14.62496946">
<ele>145.5</ele>
<time>2023-09-10T08:58:24Z</time>
<extensions>
<tp1:TrackPointExtension>
<tp1:hr>126</tp1:hr>
</tp1:TrackPointExtension>
</extensions>
</trkpt>
<trkpt lat="58.69868182" lon="14.62489109">
<ele>145.5</ele>
<time>2023-09-10T08:58:26Z</time>
<extensions>
<tp1:TrackPointExtension>
<tp1:hr>125</tp1:hr>
</tp1:TrackPointExtension>
</extensions>
</trkpt>
<trkpt lat="58.6986912" lon="14.6247014">
<ele>145.7</ele>
<time>2023-09-10T08:58:32Z</time>
<extensions>
<tp1:TrackPointExtension>
<tp1:hr>125</tp1:hr>
</tp1:TrackPointExtension>
</extensions>
</trkpt>
<trkpt lat="58.6987057" lon="14.62463376">
<ele>145.7</ele>
<time>2023-09-10T08:58:34Z</time>
<extensions>
<tp1:TrackPointExtension>
<tp1:hr>128</tp1:hr>
</tp1:TrackPointExtension>
</extensions>
</trkpt>
<trkpt lat="58.69872683" lon="14.62455061">
<ele>145.9</ele>
<time>2023-09-10T08:58:36Z</time>
<extensions>
<tp1:TrackPointExtension>
<tp1:hr>131</tp1:hr>
</tp1:TrackPointExtension>
</extensions>
</trkpt>
<trkpt lat="58.69874259" lon="14.62451256">
<ele>145.9</ele>
<time>2023-09-10T08:58:37Z</time>
<extensions>
<tp1:TrackPointExtension>
<tp1:hr>131</tp1:hr>
</tp1:TrackPointExtension>
</extensions>
</trkpt>
<trkpt lat="58.69878064" lon="14.62441608">
<ele>145.9</ele>
<time>2023-09-10T08:58:40Z</time>
<extensions>
<tp1:TrackPointExtension>
<tp1:hr>134</tp1:hr>
</tp1:TrackPointExtension>
</extensions>
</trkpt>
<trkpt lat="58.69884007" lon="14.62441466">
<ele>146.1</ele>
<time>2023-09-10T08:58:43Z</time>
<extensions>
<tp1:TrackPointExtension>
<tp1:hr>138</tp1:hr>
</tp1:TrackPointExtension>
</extensions>
</trkpt>
<trkpt lat="58.69889346" lon="14.62440317">
<ele>146.3</ele>
<time>2023-09-10T08:58:45Z</time>
<extensions>
<tp1:TrackPointExtension>
<tp1:hr>142</tp1:hr>
</tp1:TrackPointExtension>
</extensions>
</trkpt>
<trkpt lat="58.69891567" lon="14.62439152">
<ele>146.3</ele>
<time>2023-09-10T08:58:46Z</time>
<extensions>
<tp1:TrackPointExtension>
<tp1:hr>145</tp1:hr>
</tp1:TrackPointExtension>
</extensions>
</trkpt>
<trkpt lat="58.6989342" lon="14.62438264">
<ele>146.3</ele>
<time>2023-09-10T08:58:47Z</time>
<extensions>
<tp1:TrackPointExtension>
<tp1:hr>149</tp1:hr>
</tp1:TrackPointExtension>
</extensions>
</trkpt>
<trkpt lat="58.69896504" lon="14.62435029">
<ele>146.5</ele>
<time>2023-09-10T08:58:48Z</time>
<extensions>
<tp1:TrackPointExtension>
<tp1:hr>152</tp1:hr>
</tp1:TrackPointExtension>
</extensions>
</trkpt>
<trkpt lat="58.69896504" lon="14.62435029">
<ele>146.5</ele>
<time>2023-09-10T08:58:49Z</time>
<extensions>
<tp1:TrackPointExtension>
<tp1:hr>159</tp1:hr>
</tp1:TrackPointExtension>
</extensions>
</trkpt>
<trkpt lat="58.69900184" lon="14.62429379">
<ele>146.5</ele>
<time>2023-09-10T08:58:51Z</time>
<extensions>
<tp1:TrackPointExtension>
<tp1:hr>162</tp1:hr>
</tp1:TrackPointExtension>
</extensions>
</trkpt>
<trkpt lat="58.69905582" lon="14.62421425">
<ele>146.7</ele>
<time>2023-09-10T08:58:54Z</time>
<extensions>
<tp1:TrackPointExtension>
<tp1:hr>163</tp1:hr>
</tp1:TrackPointExtension>
</extensions>
</trkpt>
<trkpt lat="58.69917216" lon="14.62408693">
<ele>147.1</ele>
<time>2023-09-10T08:58:59Z</time>
<extensions>
<tp1:TrackPointExtension>
<tp1:hr>164</tp1:hr>
</tp1:TrackPointExtension>
</extensions>
</trkpt>
<trkpt lat="58.699274" lon="14.62391811">
<ele>147.3</ele>
<time>2023-09-10T08:59:05Z</time>
<extensions>
<tp1:TrackPointExtension>
<tp1:hr>165</tp1:hr>
</tp1:TrackPointExtension>
</extensions>
</trkpt>
<trkpt lat="58.69933502" lon="14.62377654">
<ele>147.3</ele>
<time>2023-09-10T08:59:11Z</time>
<extensions>
<tp1:TrackPointExtension>
<tp1:hr>163</tp1:hr>
</tp1:TrackPointExtension>
</extensions>
</trkpt>
<trkpt lat="58.69934793" lon="14.62372885">
<ele>147.5</ele>
<time>2023-09-10T08:59:13Z</time>
<extensions>
<tp1:TrackPointExtension>
<tp1:hr>165</tp1:hr>
</tp1:TrackPointExtension>
</extensions>
</trkpt>
<trkpt lat="58.6993657" lon="14.62355291">
<ele>147.5</ele>
<time>2023-09-10T08:59:17Z</time>
<extensions>
<tp1:TrackPointExtension>
<tp1:hr>165</tp1:hr>
</tp1:TrackPointExtension>
</extensions>
</trkpt>
<trkpt lat="58.69937475" lon="14.62352685">
<ele>147.6</ele>
<time>2023-09-10T08:59:18Z</time>
<extensions>
<tp1:TrackPointExtension>
<tp1:hr>165</tp1:hr>
</tp1:TrackPointExtension>
</extensions>
</trkpt>
<trkpt lat="58.69940978" lon="14.62343389">
<ele>147.6</ele>
<time>2023-09-10T08:59:21Z</time>
<extensions>
<tp1:TrackPointExtension>
<tp1:hr>162</tp1:hr>
</tp1:TrackPointExtension>
</extensions>
</trkpt>
<trkpt lat="58.69942286" lon="14.62339969">
<ele>147.6</ele>
<time>2023-09-10T08:59:22Z</time>
<extensions>
<tp1:TrackPointExtension>
<tp1:hr>161</tp1:hr>
</tp1:TrackPointExtension>
</extensions>
</trkpt>
<trkpt lat="58.69947759" lon="14.6231313">
<ele>147.8</ele>
<time>2023-09-10T08:59:28Z</time>
<extensions>
<tp1:TrackPointExtension>
<tp1:hr>159</tp1:hr>
</tp1:TrackPointExtension>
</extensions>
</trkpt>
<trkpt lat="58.69955001" lon="14.62292335">
<ele>148.0</ele>
<time>2023-09-10T08:59:33Z</time>
<extensions>
<tp1:TrackPointExtension>
<tp1:hr>161</tp1:hr>
</tp1:TrackPointExtension>
</extensions>
</trkpt>
<trkpt lat="58.69963693" lon="14.6227475">
<ele>148.4</ele>
<time>2023-09-10T08:59:38Z</time>
<extensions>
<tp1:TrackPointExtension>
<tp1:hr>159</tp1:hr>
</tp1:TrackPointExtension>
</extensions>
</trkpt>
<trkpt lat="58.69971028" lon="14.62264113">
<ele>148.6</ele>
<time>2023-09-10T08:59:42Z</time>
<extensions>
<tp1:TrackPointExtension>
<tp1:hr>159</tp1:hr>
</tp1:TrackPointExtension>
</extensions>
</trkpt>
<trkpt lat="58.69972453" lon="14.62262378">
<ele>148.6</ele>
<time>2023-09-10T08:59:43Z</time>
<extensions>
<tp1:TrackPointExtension>
<tp1:hr>158</tp1:hr>
</tp1:TrackPointExtension>
</extensions>
</trkpt>
<trkpt lat="58.69977599" lon="14.62255773">
<ele>148.8</ele>
<time>2023-09-10T08:59:47Z</time>
<extensions>
<tp1:TrackPointExtension>
<tp1:hr>161</tp1:hr>
</tp1:TrackPointExtension>
</extensions>
</trkpt>
<trkpt lat="58.69979451" lon="14.62253929">
<ele>148.8</ele>
<time>2023-09-10T08:59:48Z</time>
<extensions>
<tp1:TrackPointExtension>
<tp1:hr>161</tp1:hr>
</tp1:TrackPointExtension>
</extensions>
</trkpt>
<trkpt lat="58.69981471" lon="14.62250878">
<ele>149.0</ele>
<time>2023-09-10T08:59:49Z</time>
<extensions>
<tp1:TrackPointExtension>
<tp1:hr>161</tp1:hr>
</tp1:TrackPointExtension>
</extensions>
</trkpt>
<trkpt lat="58.69989208" lon="14.62239797">
<ele>149.4</ele>
<time>2023-09-10T08:59:54Z</time>
<extensions>
<tp1:TrackPointExtension>
<tp1:hr>163</tp1:hr>
</tp1:TrackPointExtension>
</extensions>
</trkpt>
<trkpt lat="58.6998982" lon="14.62240342">
<ele>149.4</ele>
<time>2023-09-10T08:59:55Z</time>
<extensions>
<tp1:TrackPointExtension>
<tp1:hr>163</tp1:hr>
</tp1:TrackPointExtension>
</extensions>
</trkpt>
<trkpt lat="58.69992066" lon="14.62232597">
<ele>149.6</ele>
<time>2023-09-10T08:59:58Z</time>
<extensions>
<tp1:TrackPointExtension>
<tp1:hr>163</tp1:hr>
</tp1:TrackPointExtension>
</extensions>
</trkpt>
<trkpt lat="58.69992745" lon="14.62229504">
<ele>149.6</ele>
<time>2023-09-10T08:59:59Z</time>
<extensions>
<tp1:TrackPointExtension>
<tp1:hr>163</tp1:hr>
</tp1:TrackPointExtension>
</extensions>
</trkpt>
<trkpt lat="58.69993214" lon="14.6222647">
<ele>149.6</ele>
<time>2023-09-10T09:00:00Z</time>
<extensions>
<tp1:TrackPointExtension>
<tp1:hr>163</tp1:hr>
</tp1:TrackPointExtension>
</extensions>
</trkpt>
<trkpt lat="58.69990088" lon="14.62217124">
<ele>149.8</ele>
<time>2023-09-10T09:00:03Z</time>
<extensions>
<tp1:TrackPointExtension>
<tp1:hr>164</tp1:hr>
</tp1:TrackPointExtension>
</extensions>
</trkpt>
<trkpt lat="58.69986115" lon="14.62210645">
<ele>150.0</ele>
<time>2023-09-10T09:00:07Z</time>
<extensions>
<tp1:TrackPointExtension>
<tp1:hr>163</tp1:hr>
</tp1:TrackPointExtension>
</extensions>
</trkpt>
<trkpt lat="58.69985897" lon="14.62208642">
<ele>150.0</ele>
<time>2023-09-10T09:00:08Z</time>
<extensions>
<tp1:TrackPointExtension>
<tp1:hr>163</tp1:hr>
</tp1:TrackPointExtension>
</extensions>
</trkpt>
<trkpt lat="58.69986417" lon="14.6220658">
<ele>150.0</ele>
<time>2023-09-10T09:00:09Z</time>
<extensions>
<tp1:TrackPointExtension>
<tp1:hr>163</tp1:hr>
</tp1:TrackPointExtension>
</extensions>
</trkpt>
<trkpt lat="58.69990633" lon="14.62198231">
<ele>150.2</ele>
<time>2023-09-10T09:00:13Z</time>
<extensions>
<tp1:TrackPointExtension>
<tp1:hr>163</tp1:hr>
</tp1:TrackPointExtension>
</extensions>
</trkpt>
<trkpt lat="58.6999184" lon="14.62196957">
<ele>150.2</ele>
<time>2023-09-10T09:00:14Z</time>
<extensions>
<tp1:TrackPointExtension>
<tp1:hr>163</tp1:hr>
</tp1:TrackPointExtension>
</extensions>
</trkpt>
<trkpt lat="58.69995494" lon="14.62189732">
<ele>150.2</ele>
<time>2023-09-10T09:00:17Z</time>
<extensions>
<tp1:TrackPointExtension>
<tp1:hr>163</tp1:hr>
</tp1:TrackPointExtension>
</extensions>
</trkpt>
<trkpt lat="58.69994187" lon="14.62181811">
<ele>150.4</ele>
<time>2023-09-10T09:00:19Z</time>
<extensions>
<tp1:TrackPointExtension>
<tp1:hr>163</tp1:hr>
</tp1:TrackPointExtension>
</extensions>
</trkpt>
<trkpt lat="58.69993483" lon="14.62177134">
<ele>150.4</ele>
<time>2023-09-10T09:00:22Z</time>
<extensions>
<tp1:TrackPointExtension>
<tp1:hr>163</tp1:hr>
</tp1:TrackPointExtension>
</extensions>
</trkpt>
<trkpt lat="58.69996366" lon="14.62151955">
<ele>150.4</ele>
<time>2023-09-10T09:00:29Z</time>
<extensions>
<tp1:TrackPointExtension>
<tp1:hr>165</tp1:hr>
</tp1:TrackPointExtension>
</extensions>
</trkpt>
<trkpt lat="58.6999842" lon="14.62148334">
<ele>150.2</ele>
<time>2023-09-10T09:00:30Z</time>
<extensions>
<tp1:TrackPointExtension>
<tp1:hr>166</tp1:hr>
</tp1:TrackPointExtension>
</extensions>
</trkpt>
<trkpt lat="58.70003608" lon="14.62141402">
<ele>150.2</ele>
<time>2023-09-10T09:00:33Z</time>
<extensions>
<tp1:TrackPointExtension>
<tp1:hr>164</tp1:hr>
</tp1:TrackPointExtension>
</extensions>
</trkpt>
<trkpt lat="58.70006173" lon="14.62128343">
<ele>150.0</ele>
<time>2023-09-10T09:00:38Z</time>
<extensions>
<tp1:TrackPointExtension>
<tp1:hr>164</tp1:hr>
</tp1:TrackPointExtension>
</extensions>
</trkpt>
<trkpt lat="58.70003549" lon="14.62122744">
<ele>150.0</ele>
<time>2023-09-10T09:00:40Z</time>
<extensions>
<tp1:TrackPointExtension>
<tp1:hr>164</tp1:hr>
</tp1:TrackPointExtension>
</extensions>
</trkpt>
<trkpt lat="58.70002468" lon="14.6211308">
<ele>150.0</ele>
<time>2023-09-10T09:00:43Z</time>
<extensions>
<tp1:TrackPointExtension>
<tp1:hr>164</tp1:hr>
</tp1:TrackPointExtension>
</extensions>
</trkpt>
<trkpt lat="58.69998571" lon="14.62089937">
<ele>150.0</ele>
<time>2023-09-10T09:00:48Z</time>
<extensions>
<tp1:TrackPointExtension>
<tp1:hr>165</tp1:hr>
</tp1:TrackPointExtension>
</extensions>
</trkpt>
<trkpt lat="58.69997087" lon="14.62085973">
<ele>150.0</ele>
<time>2023-09-10T09:00:49Z</time>
<extensions>
<tp1:TrackPointExtension>
<tp1:hr>165</tp1:hr>
</tp1:TrackPointExtension>
</extensions>
</trkpt>
<trkpt lat="58.69990298" lon="14.62075688">
<ele>150.0</ele>
<time>2023-09-10T09:00:52Z</time>
<extensions>
<tp1:TrackPointExtension>
<tp1:hr>165</tp1:hr>
</tp1:TrackPointExtension>
</extensions>
</trkpt>
<trkpt lat="58.699892" lon="14.62072997">
<ele>149.8</ele>
<time>2023-09-10T09:00:53Z</time>
<extensions>
<tp1:TrackPointExtension>
<tp1:hr>163</tp1:hr>
</tp1:TrackPointExtension>
</extensions>
</trkpt>
<trkpt lat="58.69986299" lon="14.62066577">
<ele>149.8</ele>
<time>2023-09-10T09:00:55Z</time>
<extensions>
<tp1:TrackPointExtension>
<tp1:hr>159</tp1:hr>
</tp1:TrackPointExtension>
</extensions>
</trkpt>
<trkpt lat="58.69985512" lon="14.62062755">
<ele>149.8</ele>
<time>2023-09-10T09:00:56Z</time>
<extensions>
<tp1:TrackPointExtension>
<tp1:hr>158</tp1:hr>
</tp1:TrackPointExtension>
</extensions>
</trkpt>
<trkpt lat="58.69985629" lon="14.62044926">
<ele>149.4</ele>
<time>2023-09-10T09:01:00Z</time>
<extensions>
<tp1:TrackPointExtension>
<tp1:hr>158</tp1:hr>
</tp1:TrackPointExtension>
</extensions>
</trkpt>
<trkpt lat="58.69985646" lon="14.62028774">
<ele>149.2</ele>
<time>2023-09-10T09:01:04Z</time>
<extensions>
<tp1:TrackPointExtension>
<tp1:hr>161</tp1:hr>
</tp1:TrackPointExtension>
</extensions>
</trkpt>
<trkpt lat="58.69986651" lon="14.62020066">
<ele>149.0</ele>
<time>2023-09-10T09:01:06Z</time>
<extensions>
<tp1:TrackPointExtension>
<tp1:hr>162</tp1:hr>
</tp1:TrackPointExtension>
</extensions>
</trkpt>
<trkpt lat="58.69987624" lon="14.62015992">
<ele>148.8</ele>
<time>2023-09-10T09:01:08Z</time>
<extensions>
<tp1:TrackPointExtension>
<tp1:hr>163</tp1:hr>
</tp1:TrackPointExtension>
</extensions>
</trkpt>
<trkpt lat="58.69987641" lon="14.62014819">
<ele>148.8</ele>
<time>2023-09-10T09:01:09Z</time>
<extensions>
<tp1:TrackPointExtension>
<tp1:hr>162</tp1:hr>
</tp1:TrackPointExtension>
</extensions>
</trkpt>
<trkpt lat="58.69989652" lon="14.62007727">
<ele>148.6</ele>
<time>2023-09-10T09:01:12Z</time>
<extensions>
<tp1:TrackPointExtension>
<tp1:hr>162</tp1:hr>
</tp1:TrackPointExtension>
</extensions>
</trkpt>
<trkpt lat="58.69991479" lon="14.6200673">
<ele>148.4</ele>
<time>2023-09-10T09:01:13Z</time>
<extensions>
<tp1:TrackPointExtension>
<tp1:hr>162</tp1:hr>
</tp1:TrackPointExtension>
</extensions>
</trkpt>
<trkpt lat="58.69993047" lon="14.6200647">
<ele>148.4</ele>
<time>2023-09-10T09:01:14Z</time>
<extensions>
<tp1:TrackPointExtension>
<tp1:hr>162</tp1:hr>
</tp1:TrackPointExtension>
</extensions>
</trkpt>
<trkpt lat="58.70006776" lon="14.62011407">
<ele>148.0</ele>
<time>2023-09-10T09:01:20Z</time>
<extensions>
<tp1:TrackPointExtension>
<tp1:hr>163</tp1:hr>
</tp1:TrackPointExtension>
</extensions>
</trkpt>
<trkpt lat="58.70009786" lon="14.62012547">
<ele>148.0</ele>
<time>2023-09-10T09:01:22Z</time>
<extensions>
<tp1:TrackPointExtension>
<tp1:hr>166</tp1:hr>
</tp1:TrackPointExtension>
</extensions>
</trkpt>
<trkpt lat="58.70013725" lon="14.62012949">
<ele>147.8</ele>
<time>2023-09-10T09:01:25Z</time>
<extensions>
<tp1:TrackPointExtension>
<tp1:hr>162</tp1:hr>
</tp1:TrackPointExtension>
</extensions>
</trkpt>
<trkpt lat="58.70015376" lon="14.62011491">
<ele>147.6</ele>
<time>2023-09-10T09:01:26Z</time>
<extensions>
<tp1:TrackPointExtension>
<tp1:hr>161</tp1:hr>
</tp1:TrackPointExtension>
</extensions>
</trkpt>
<trkpt lat="58.70022903" lon="14.62004945">
<ele>147.4</ele>
<time>2023-09-10T09:01:30Z</time>
<extensions>
<tp1:TrackPointExtension>
<tp1:hr>159</tp1:hr>
</tp1:TrackPointExtension>
</extensions>
</trkpt>
<trkpt lat="58.70027572" lon="14.61999798">
<ele>147.4</ele>
<time>2023-09-10T09:01:32Z</time>
<extensions>
<tp1:TrackPointExtension>
<tp1:hr>159</tp1:hr>
</tp1:TrackPointExtension>
</extensions>
</trkpt>
<trkpt lat="58.70041545" lon="14.61990193">
<ele>147.2</ele>
<time>2023-09-10T09:01:37Z</time>
<extensions>
<tp1:TrackPointExtension>
<tp1:hr>161</tp1:hr>
</tp1:TrackPointExtension>
</extensions>
</trkpt>
<trkpt lat="58.70051033" lon="14.61995674">
<ele>146.8</ele>
<time>2023-09-10T09:01:42Z</time>
<extensions>
<tp1:TrackPointExtension>
<tp1:hr>160</tp1:hr>
</tp1:TrackPointExtension>
</extensions>
</trkpt>
<trkpt lat="58.7005576" lon="14.62001106">
<ele>146.8</ele>
<time>2023-09-10T09:01:44Z</time>
<extensions>
<tp1:TrackPointExtension>
<tp1:hr>161</tp1:hr>
</tp1:TrackPointExtension>
</extensions>
</trkpt>
<trkpt lat="58.70058568" lon="14.62008599">
<ele>146.6</ele>
<time>2023-09-10T09:01:46Z</time>
<extensions>
<tp1:TrackPointExtension>
<tp1:hr>159</tp1:hr>
</tp1:TrackPointExtension>
</extensions>
</trkpt>
<trkpt lat="58.70063472" lon="14.62015749">
<ele>146.4</ele>
<time>2023-09-10T09:01:50Z</time>
<extensions>
<tp1:TrackPointExtension>
<tp1:hr>159</tp1:hr>
</tp1:TrackPointExtension>
</extensions>
</trkpt>
<trkpt lat="58.70065969" lon="14.62017534">
<ele>146.4</ele>
<time>2023-09-10T09:01:52Z</time>
<extensions>
<tp1:TrackPointExtension>
<tp1:hr>160</tp1:hr>
</tp1:TrackPointExtension>
</extensions>
</trkpt>
<trkpt lat="58.70078207" lon="14.62017358">
<ele>146.2</ele>
<time>2023-09-10T09:01:57Z</time>
<extensions>
<tp1:TrackPointExtension>
<tp1:hr>161</tp1:hr>
</tp1:TrackPointExtension>
</extensions>
</trkpt>
<trkpt lat="58.70090436" lon="14.62010971">
<ele>145.8</ele>
<time>2023-09-10T09:02:02Z</time>
<extensions>
<tp1:TrackPointExtension>
<tp1:hr>162</tp1:hr>
</tp1:TrackPointExtension>
</extensions>
</trkpt>
<trkpt lat="58.70097904" lon="14.62007719">
<ele>145.4</ele>
<time>2023-09-10T09:02:06Z</time>
<extensions>
<tp1:TrackPointExtension>
<tp1:hr>162</tp1:hr>
</tp1:TrackPointExtension>
</extensions>
</trkpt>
<trkpt lat="58.70102422" lon="14.62009421">
<ele>145.2</ele>
<time>2023-09-10T09:02:08Z</time>
<extensions>
<tp1:TrackPointExtension>
<tp1:hr>162</tp1:hr>
</tp1:TrackPointExtension>
</extensions>
</trkpt>
<trkpt lat="58.70112003" lon="14.62010393">
<ele>145.0</ele>
<time>2023-09-10T09:02:12Z</time>
<extensions>
<tp1:TrackPointExtension>
<tp1:hr>158</tp1:hr>
</tp1:TrackPointExtension>
</extensions>
</trkpt>
<trkpt lat="58.70117786" lon="14.62007962">
<ele>144.8</ele>
<time>2023-09-10T09:02:14Z</time>
<extensions>
<tp1:TrackPointExtension>
<tp1:hr>160</tp1:hr>
</tp1:TrackPointExtension>
</extensions>
</trkpt>
<trkpt lat="58.70124995" lon="14.62001449">
<ele>144.7</ele>
<time>2023-09-10T09:02:17Z</time>
<extensions>
<tp1:TrackPointExtension>
<tp1:hr>163</tp1:hr>
</tp1:TrackPointExtension>
</extensions>
</trkpt>
<trkpt lat="58.70128976" lon="14.61999882">
<ele>144.5</ele>
<time>2023-09-10T09:02:19Z</time>
<extensions>
<tp1:TrackPointExtension>
<tp1:hr>163</tp1:hr>
</tp1:TrackPointExtension>
</extensions>
</trkpt>
<trkpt lat="58.70139311" lon="14.62008272">
<ele>144.1</ele>
<time>2023-09-10T09:02:23Z</time>
<extensions>
<tp1:TrackPointExtension>
<tp1:hr>162</tp1:hr>
</tp1:TrackPointExtension>
</extensions>
</trkpt>
<trkpt lat="58.70146226" lon="14.62015556">
<ele>143.9</ele>
<time>2023-09-10T09:02:27Z</time>
<extensions>
<tp1:TrackPointExtension>
<tp1:hr>165</tp1:hr>
</tp1:TrackPointExtension>
</extensions>
</trkpt>
<trkpt lat="58.70148087" lon="14.62017233">
<ele>143.9</ele>
<time>2023-09-10T09:02:28Z</time>
<extensions>
<tp1:TrackPointExtension>
<tp1:hr>164</tp1:hr>
</tp1:TrackPointExtension>
</extensions>
</trkpt>
<trkpt lat="58.7015325" lon="14.62022832">
<ele>143.7</ele>
<time>2023-09-10T09:02:32Z</time>
<extensions>
<tp1:TrackPointExtension>
<tp1:hr>162</tp1:hr>
</tp1:TrackPointExtension>
</extensions>
</trkpt>
<trkpt lat="58.70156293" lon="14.62022605">
<ele>143.5</ele>
<time>2023-09-10T09:02:34Z</time>
<extensions>
<tp1:TrackPointExtension>
<tp1:hr>161</tp1:hr>
</tp1:TrackPointExtension>
</extensions>
</trkpt>
<trkpt lat="58.70161305" lon="14.62021105">
<ele>143.5</ele>
<time>2023-09-10T09:02:37Z</time>
<extensions>
<tp1:TrackPointExtension>
<tp1:hr>161</tp1:hr>
</tp1:TrackPointExtension>
</extensions>
</trkpt>
<trkpt lat="58.70164792" lon="14.62020602">
<ele>143.3</ele>
<time>2023-09-10T09:02:39Z</time>
<extensions>
<tp1:TrackPointExtension>
<tp1:hr>161</tp1:hr>
</tp1:TrackPointExtension>
</extensions>
</trkpt>
<trkpt lat="58.70175479" lon="14.62013276">
<ele>143.1</ele>
<time>2023-09-10T09:02:44Z</time>
<extensions>
<tp1:TrackPointExtension>
<tp1:hr>162</tp1:hr>
</tp1:TrackPointExtension>
</extensions>
</trkpt>
<trkpt lat="58.70188513" lon="14.62004702">
<ele>142.9</ele>
<time>2023-09-10T09:02:51Z</time>
<extensions>
<tp1:TrackPointExtension>
<tp1:hr>162</tp1:hr>
</tp1:TrackPointExtension>
</extensions>
</trkpt>
<trkpt lat="58.70197305" lon="14.62001299">
<ele>142.9</ele>
<time>2023-09-10T09:02:56Z</time>
<extensions>
<tp1:TrackPointExtension>
<tp1:hr>162</tp1:hr>
</tp1:TrackPointExtension>
</extensions>
</trkpt>
<trkpt lat="58.70199937" lon="14.62002296">
<ele>142.9</ele>
<time>2023-09-10T09:02:57Z</time>
<extensions>
<tp1:TrackPointExtension>
<tp1:hr>162</tp1:hr>
</tp1:TrackPointExtension>
</extensions>
</trkpt>
<trkpt lat="58.70203273" lon="14.62004442">
<ele>142.9</ele>
<time>2023-09-10T09:02:59Z</time>
<extensions>
<tp1:TrackPointExtension>
<tp1:hr>162</tp1:hr>
</tp1:TrackPointExtension>
</extensions>
</trkpt>
<trkpt lat="58.70208059" lon="14.62010393">
<ele>142.9</ele>
<time>2023-09-10T09:03:01Z</time>
<extensions>
<tp1:TrackPointExtension>
<tp1:hr>162</tp1:hr>
</tp1:TrackPointExtension>
</extensions>
</trkpt>
<trkpt lat="58.70219375" lon="14.62019957">
<ele>142.9</ele>
<time>2023-09-10T09:03:06Z</time>
<extensions>
<tp1:TrackPointExtension>
<tp1:hr>163</tp1:hr>
</tp1:TrackPointExtension>
</extensions>
</trkpt>
<trkpt lat="58.70229056" lon="14.62029043">
<ele>142.9</ele>
<time>2023-09-10T09:03:11Z</time>
<extensions>
<tp1:TrackPointExtension>
<tp1:hr>163</tp1:hr>
</tp1:TrackPointExtension>
</extensions>
</trkpt>
<trkpt lat="58.70236348" lon="14.62041691">
<ele>142.9</ele>
<time>2023-09-10T09:03:16Z</time>
<extensions>
<tp1:TrackPointExtension>
<tp1:hr>163</tp1:hr>
</tp1:TrackPointExtension>
</extensions>
</trkpt>
<trkpt lat="58.70237748" lon="14.62043895">
<ele>142.9</ele>
<time>2023-09-10T09:03:17Z</time>
<extensions>
<tp1:TrackPointExtension>
<tp1:hr>163</tp1:hr>
</tp1:TrackPointExtension>
</extensions>
</trkpt>
<trkpt lat="58.70240933" lon="14.62051104">
<ele>142.9</ele>
<time>2023-09-10T09:03:21Z</time>
<extensions>
<tp1:TrackPointExtension>
<tp1:hr>164</tp1:hr>
</tp1:TrackPointExtension>
</extensions>
</trkpt>
<trkpt lat="58.70245669" lon="14.62050408">
<ele>142.9</ele>
<time>2023-09-10T09:03:25Z</time>
<extensions>
<tp1:TrackPointExtension>
<tp1:hr>164</tp1:hr>
</tp1:TrackPointExtension>
</extensions>
</trkpt>
<trkpt lat="58.70245929" lon="14.62047852">
<ele>142.9</ele>
<time>2023-09-10T09:03:27Z</time>
<extensions>
<tp1:TrackPointExtension>
<tp1:hr>163</tp1:hr>
</tp1:TrackPointExtension>
</extensions>
</trkpt>
<trkpt lat="58.70245401" lon="14.62038799">
<ele>142.9</ele>
<time>2023-09-10T09:03:30Z</time>
<extensions>
<tp1:TrackPointExtension>
<tp1:hr>162</tp1:hr>
</tp1:TrackPointExtension>
</extensions>
</trkpt>
<trkpt lat="58.7024608" lon="14.6203548">
<ele>142.9</ele>
<time>2023-09-10T09:03:31Z</time>
<extensions>
<tp1:TrackPointExtension>
<tp1:hr>162</tp1:hr>
</tp1:TrackPointExtension>
</extensions>
</trkpt>
<trkpt lat="58.70251067" lon="14.62027207">
<ele>142.7</ele>
<time>2023-09-10T09:03:34Z</time>
<extensions>
<tp1:TrackPointExtension>
<tp1:hr>158</tp1:hr>
</tp1:TrackPointExtension>
</extensions>
</trkpt>
<trkpt lat="58.70260228" lon="14.62011131">
<ele>142.7</ele>
<time>2023-09-10T09:03:38Z</time>
<extensions>
<tp1:TrackPointExtension>
<tp1:hr>157</tp1:hr>
</tp1:TrackPointExtension>
</extensions>
</trkpt>
<trkpt lat="58.70259985" lon="14.62006269">
<ele>142.5</ele>
<time>2023-09-10T09:03:39Z</time>
<extensions>
<tp1:TrackPointExtension>
<tp1:hr>159</tp1:hr>
</tp1:TrackPointExtension>
</extensions>
</trkpt>
<trkpt lat="58.70258745" lon="14.61998935">
<ele>142.3</ele>
<time>2023-09-10T09:03:41Z</time>
<extensions>
<tp1:TrackPointExtension>
<tp1:hr>163</tp1:hr>
</tp1:TrackPointExtension>
</extensions>
</trkpt>
<trkpt lat="58.7025535" lon="14.61988944">
<ele>142.1</ele>
<time>2023-09-10T09:03:44Z</time>
<extensions>
<tp1:TrackPointExtension>
<tp1:hr>162</tp1:hr>
</tp1:TrackPointExtension>
</extensions>
</trkpt>
<trkpt lat="58.70253154" lon="14.61978676">
<ele>141.9</ele>
<time>2023-09-10T09:03:47Z</time>
<extensions>
<tp1:TrackPointExtension>
<tp1:hr>162</tp1:hr>
</tp1:TrackPointExtension>
</extensions>
</trkpt>
<trkpt lat="58.7025307" lon="14.61968768">
<ele>141.7</ele>
<time>2023-09-10T09:03:49Z</time>
<extensions>
<tp1:TrackPointExtension>
<tp1:hr>161</tp1:hr>
</tp1:TrackPointExtension>
</extensions>
</trkpt>
<trkpt lat="58.7025815" lon="14.61942659">
<ele>141.5</ele>
<time>2023-09-10T09:03:54Z</time>
<extensions>
<tp1:TrackPointExtension>
<tp1:hr>161</tp1:hr>
</tp1:TrackPointExtension>
</extensions>
</trkpt>
<trkpt lat="58.70259918" lon="14.6193861">
<ele>141.3</ele>
<time>2023-09-10T09:03:55Z</time>
<extensions>
<tp1:TrackPointExtension>
<tp1:hr>161</tp1:hr>
</tp1:TrackPointExtension>
</extensions>
</trkpt>
<trkpt lat="58.70263992" lon="14.6192877">
<ele>141.3</ele>
<time>2023-09-10T09:03:57Z</time>
<extensions>
<tp1:TrackPointExtension>
<tp1:hr>162</tp1:hr>
</tp1:TrackPointExtension>
</extensions>
</trkpt>
<trkpt lat="58.70267001" lon="14.61918334">
<ele>141.1</ele>
<time>2023-09-10T09:03:59Z</time>
<extensions>
<tp1:TrackPointExtension>
<tp1:hr>162</tp1:hr>
</tp1:TrackPointExtension>
</extensions>
</trkpt>
<trkpt lat="58.70271116" lon="14.61903289">
<ele>140.9</ele>
<time>2023-09-10T09:04:02Z</time>
<extensions>
<tp1:TrackPointExtension>
<tp1:hr>166</tp1:hr>
</tp1:TrackPointExtension>
</extensions>
</trkpt>
<trkpt lat="58.70272097" lon="14.618995">
<ele>140.9</ele>
<time>2023-09-10T09:04:03Z</time>
<extensions>
<tp1:TrackPointExtension>
<tp1:hr>162</tp1:hr>
</tp1:TrackPointExtension>
</extensions>
</trkpt>
<trkpt lat="58.70273044" lon="14.61896215">
<ele>140.7</ele>
<time>2023-09-10T09:04:04Z</time>
<extensions>
<tp1:TrackPointExtension>
<tp1:hr>161</tp1:hr>
</tp1:TrackPointExtension>
</extensions>
</trkpt>
<trkpt lat="58.70277286" lon="14.61887539">
<ele>140.5</ele>
<time>2023-09-10T09:04:09Z</time>
<extensions>
<tp1:TrackPointExtension>
<tp1:hr>159</tp1:hr>
</tp1:TrackPointExtension>
</extensions>
</trkpt>
<trkpt lat="58.70275073" lon="14.61881027">
<ele>140.3</ele>
<time>2023-09-10T09:04:10Z</time>
<extensions>
<tp1:TrackPointExtension>
<tp1:hr>159</tp1:hr>
</tp1:TrackPointExtension>
</extensions>
</trkpt>
<trkpt lat="58.7027685" lon="14.61874103">
<ele>140.1</ele>
<time>2023-09-10T09:04:13Z</time>
<extensions>
<tp1:TrackPointExtension>
<tp1:hr>158</tp1:hr>
</tp1:TrackPointExtension>
</extensions>
</trkpt>
<trkpt lat="58.70276699" lon="14.61868772">
<ele>139.9</ele>
<time>2023-09-10T09:04:15Z</time>
<extensions>
<tp1:TrackPointExtension>
<tp1:hr>158</tp1:hr>
</tp1:TrackPointExtension>
</extensions>
</trkpt>
<trkpt lat="58.70277202" lon="14.61866216">
<ele>139.9</ele>
<time>2023-09-10T09:04:16Z</time>
<extensions>
<tp1:TrackPointExtension>
<tp1:hr>157</tp1:hr>
</tp1:TrackPointExtension>
</extensions>
</trkpt>
<trkpt lat="58.70278979" lon="14.61857976">
<ele>139.7</ele>
<time>2023-09-10T09:04:18Z</time>
<extensions>
<tp1:TrackPointExtension>
<tp1:hr>159</tp1:hr>
</tp1:TrackPointExtension>
</extensions>
</trkpt>
<trkpt lat="58.70277998" lon="14.61847742">
<ele>139.5</ele>
<time>2023-09-10T09:04:21Z</time>
<extensions>
<tp1:TrackPointExtension>
<tp1:hr>159</tp1:hr>
</tp1:TrackPointExtension>
</extensions>
</trkpt>
<trkpt lat="58.7027597" lon="14.61843249">
<ele>139.5</ele>
<time>2023-09-10T09:04:23Z</time>
<extensions>
<tp1:TrackPointExtension>
<tp1:hr>159</tp1:hr>
</tp1:TrackPointExtension>
</extensions>
</trkpt>
<trkpt lat="58.70275073" lon="14.61840156">
<ele>139.3</ele>
<time>2023-09-10T09:04:25Z</time>
<extensions>
<tp1:TrackPointExtension>
<tp1:hr>159</tp1:hr>
</tp1:TrackPointExtension>
</extensions>
</trkpt>
<trkpt lat="58.7027467" lon="14.61838312">
<ele>139.3</ele>
<time>2023-09-10T09:04:26Z</time>
<extensions>
<tp1:TrackPointExtension>
<tp1:hr>160</tp1:hr>
</tp1:TrackPointExtension>
</extensions>
</trkpt>
<trkpt lat="58.70274268" lon="14.6183651">
<ele>139.3</ele>
<time>2023-09-10T09:04:27Z</time>
<extensions>
<tp1:TrackPointExtension>
<tp1:hr>161</tp1:hr>
</tp1:TrackPointExtension>
</extensions>
</trkpt>
<trkpt lat="58.70274528" lon="14.61833552">
<ele>139.1</ele>
<time>2023-09-10T09:04:28Z</time>
<extensions>
<tp1:TrackPointExtension>
<tp1:hr>160</tp1:hr>
</tp1:TrackPointExtension>
</extensions>
</trkpt>
<trkpt lat="58.7027581" lon="14.61821155">
<ele>139.1</ele>
<time>2023-09-10T09:04:31Z</time>
<extensions>
<tp1:TrackPointExtension>
<tp1:hr>160</tp1:hr>
</tp1:TrackPointExtension>
</extensions>
</trkpt>
<trkpt lat="58.70281938" lon="14.61802497">
<ele>138.9</ele>
<time>2023-09-10T09:04:36Z</time>
<extensions>
<tp1:TrackPointExtension>
<tp1:hr>160</tp1:hr>
</tp1:TrackPointExtension>
</extensions>
</trkpt>
<trkpt lat="58.70277981" lon="14.6179129">
<ele>138.9</ele>
<time>2023-09-10T09:04:38Z</time>
<extensions>
<tp1:TrackPointExtension>
<tp1:hr>159</tp1:hr>
</tp1:TrackPointExtension>
</extensions>
</trkpt>
<trkpt lat="58.70276079" lon="14.61788557">
<ele>138.9</ele>
<time>2023-09-10T09:04:39Z</time>
<extensions>
<tp1:TrackPointExtension>
<tp1:hr>159</tp1:hr>
</tp1:TrackPointExtension>
</extensions>
</trkpt>
<trkpt lat="58.70263112" lon="14.6177207">
<ele>138.7</ele>
<time>2023-09-10T09:04:45Z</time>
<extensions>
<tp1:TrackPointExtension>
<tp1:hr>159</tp1:hr>
</tp1:TrackPointExtension>
</extensions>
</trkpt>
<trkpt lat="58.70256867" lon="14.6175555">
<ele>138.7</ele>
<time>2023-09-10T09:04:50Z</time>
<extensions>
<tp1:TrackPointExtension>
<tp1:hr>161</tp1:hr>
</tp1:TrackPointExtension>
</extensions>
</trkpt>
<trkpt lat="58.70255535" lon="14.61752163">
<ele>138.7</ele>
<time>2023-09-10T09:04:51Z</time>
<extensions>
<tp1:TrackPointExtension>
<tp1:hr>161</tp1:hr>
</tp1:TrackPointExtension>
</extensions>
</trkpt>
<trkpt lat="58.70248083" lon="14.61733899">
<ele>138.5</ele>
<time>2023-09-10T09:04:56Z</time>
<extensions>
<tp1:TrackPointExtension>
<tp1:hr>161</tp1:hr>
</tp1:TrackPointExtension>
</extensions>
</trkpt>
<trkpt lat="58.70242182" lon="14.6171623">
<ele>138.5</ele>
<time>2023-09-10T09:05:01Z</time>
<extensions>
<tp1:TrackPointExtension>
<tp1:hr>161</tp1:hr>
</tp1:TrackPointExtension>
</extensions>
</trkpt>
<trkpt lat="58.70234328" lon="14.61699198">
<ele>138.3</ele>
<time>2023-09-10T09:05:06Z</time>
<extensions>
<tp1:TrackPointExtension>
<tp1:hr>161</tp1:hr>
</tp1:TrackPointExtension>
</extensions>
</trkpt>
<trkpt lat="58.70234454" lon="14.61694194">
<ele>138.3</ele>
<time>2023-09-10T09:05:07Z</time>
<extensions>
<tp1:TrackPointExtension>
<tp1:hr>161</tp1:hr>
</tp1:TrackPointExtension>
</extensions>
</trkpt>
<trkpt lat="58.70235913" lon="14.61683457">
<ele>138.1</ele>
<time>2023-09-10T09:05:10Z</time>
<extensions>
<tp1:TrackPointExtension>
<tp1:hr>162</tp1:hr>
</tp1:TrackPointExtension>
</extensions>
</trkpt>
<trkpt lat="58.70237195" lon="14.61679199">
<ele>138.1</ele>
<time>2023-09-10T09:05:11Z</time>
<extensions>
<tp1:TrackPointExtension>
<tp1:hr>162</tp1:hr>
</tp1:TrackPointExtension>
</extensions>
</trkpt>
<trkpt lat="58.70237723" lon="14.61656316">
<ele>138.2</ele>
<time>2023-09-10T09:05:16Z</time>
<extensions>
<tp1:TrackPointExtension>
<tp1:hr>161</tp1:hr>
</tp1:TrackPointExtension>
</extensions>
</trkpt>
<trkpt lat="58.70235242" lon="14.61648077">
<ele>138.0</ele>
<time>2023-09-10T09:05:18Z</time>
<extensions>
<tp1:TrackPointExtension>
<tp1:hr>162</tp1:hr>
</tp1:TrackPointExtension>
</extensions>
</trkpt>
<trkpt lat="58.70232593" lon="14.61638605">
<ele>138.0</ele>
<time>2023-09-10T09:05:21Z</time>
<extensions>
<tp1:TrackPointExtension>
<tp1:hr>163</tp1:hr>
</tp1:TrackPointExtension>
</extensions>
</trkpt>
<trkpt lat="58.70228888" lon="14.61622269">
<ele>137.8</ele>
<time>2023-09-10T09:05:27Z</time>
<extensions>
<tp1:TrackPointExtension>
<tp1:hr>164</tp1:hr>
</tp1:TrackPointExtension>
</extensions>
</trkpt>
<trkpt lat="58.70217229" lon="14.61600116">
<ele>137.8</ele>
<time>2023-09-10T09:05:32Z</time>
<extensions>
<tp1:TrackPointExtension>
<tp1:hr>161</tp1:hr>
</tp1:TrackPointExtension>
</extensions>
</trkpt>
<trkpt lat="58.70215771" lon="14.61596545">
<ele>137.8</ele>
<time>2023-09-10T09:05:33Z</time>
<extensions>
<tp1:TrackPointExtension>
<tp1:hr>160</tp1:hr>
</tp1:TrackPointExtension>
</extensions>
</trkpt>
<trkpt lat="58.70204799" lon="14.6157968">
<ele>137.8</ele>
<time>2023-09-10T09:05:38Z</time>
<extensions>
<tp1:TrackPointExtension>
<tp1:hr>161</tp1:hr>
</tp1:TrackPointExtension>
</extensions>
</trkpt>
<trkpt lat="58.70204162" lon="14.61576646">
<ele>137.8</ele>
<time>2023-09-10T09:05:39Z</time>
<extensions>
<tp1:TrackPointExtension>
<tp1:hr>161</tp1:hr>
</tp1:TrackPointExtension>
</extensions>
</trkpt>
<trkpt lat="58.70206702" lon="14.61561752">
<ele>137.8</ele>
<time>2023-09-10T09:05:43Z</time>
<extensions>
<tp1:TrackPointExtension>
<tp1:hr>160</tp1:hr>
</tp1:TrackPointExtension>
</extensions>
</trkpt>
<trkpt lat="58.70207246" lon="14.61558726">
<ele>137.8</ele>
<time>2023-09-10T09:05:44Z</time>
<extensions>
<tp1:TrackPointExtension>
<tp1:hr>160</tp1:hr>
</tp1:TrackPointExtension>
</extensions>
</trkpt>
<trkpt lat="58.70208604" lon="14.61552246">
<ele>137.8</ele>
<time>2023-09-10T09:05:46Z</time>
<extensions>
<tp1:TrackPointExtension>
<tp1:hr>160</tp1:hr>
</tp1:TrackPointExtension>
</extensions>
</trkpt>
<trkpt lat="58.70209811" lon="14.61543756">
<ele>137.8</ele>
<time>2023-09-10T09:05:49Z</time>
<extensions>
<tp1:TrackPointExtension>
<tp1:hr>160</tp1:hr>
</tp1:TrackPointExtension>
</extensions>
</trkpt>
<trkpt lat="58.70209535" lon="14.61531434">
<ele>137.8</ele>
<time>2023-09-10T09:05:53Z</time>
<extensions>
<tp1:TrackPointExtension>
<tp1:hr>160</tp1:hr>
</tp1:TrackPointExtension>
</extensions>
</trkpt>
<trkpt lat="58.70211471" lon="14.61523027">
<ele>137.8</ele>
<time>2023-09-10T09:05:55Z</time>
<extensions>
<tp1:TrackPointExtension>
<tp1:hr>161</tp1:hr>
</tp1:TrackPointExtension>
</extensions>
</trkpt>
<trkpt lat="58.70215905" lon="14.61508627">
<ele>137.8</ele>
<time>2023-09-10T09:06:00Z</time>
<extensions>
<tp1:TrackPointExtension>
<tp1:hr>161</tp1:hr>
</tp1:TrackPointExtension>
</extensions>
</trkpt>
<trkpt lat="58.70215762" lon="14.61495752">
<ele>138.0</ele>
<time>2023-09-10T09:06:04Z</time>
<extensions>
<tp1:TrackPointExtension>
<tp1:hr>160</tp1:hr>
</tp1:TrackPointExtension>
</extensions>
</trkpt>
<trkpt lat="58.70216567" lon="14.61486792">
<ele>138.2</ele>
<time>2023-09-10T09:06:08Z</time>
<extensions>
<tp1:TrackPointExtension>
<tp1:hr>161</tp1:hr>
</tp1:TrackPointExtension>
</extensions>
</trkpt>
<trkpt lat="58.70217741" lon="14.61479047">
<ele>138.2</ele>
<time>2023-09-10T09:06:11Z</time>
<extensions>
<tp1:TrackPointExtension>
<tp1:hr>161</tp1:hr>
</tp1:TrackPointExtension>
</extensions>
</trkpt>
<trkpt lat="58.70220473" lon="14.61471403">
<ele>138.4</ele>
<time>2023-09-10T09:06:13Z</time>
<extensions>
<tp1:TrackPointExtension>
<tp1:hr>161</tp1:hr>
</tp1:TrackPointExtension>
</extensions>
</trkpt>
<trkpt lat="58.7022261" lon="14.6146603">
<ele>138.4</ele>
<time>2023-09-10T09:06:15Z</time>
<extensions>
<tp1:TrackPointExtension>
<tp1:hr>158</tp1:hr>
</tp1:TrackPointExtension>
</extensions>
</trkpt>
<trkpt lat="58.70224748" lon="14.61459333">
<ele>138.6</ele>
<time>2023-09-10T09:06:18Z</time>
<extensions>
<tp1:TrackPointExtension>
<tp1:hr>159</tp1:hr>
</tp1:TrackPointExtension>
</extensions>
</trkpt>
<trkpt lat="58.70225427" lon="14.61454254">
<ele>138.8</ele>
<time>2023-09-10T09:06:21Z</time>
<extensions>
<tp1:TrackPointExtension>
<tp1:hr>160</tp1:hr>
</tp1:TrackPointExtension>
</extensions>
</trkpt>
<trkpt lat="58.7022603" lon="14.61445042">
<ele>139.0</ele>
<time>2023-09-10T09:06:25Z</time>
<extensions>
<tp1:TrackPointExtension>
<tp1:hr>159</tp1:hr>
</tp1:TrackPointExtension>
</extensions>
</trkpt>
<trkpt lat="58.70227656" lon="14.61440139">
<ele>139.2</ele>
<time>2023-09-10T09:06:29Z</time>
<extensions>
<tp1:TrackPointExtension>
<tp1:hr>161</tp1:hr>
</tp1:TrackPointExtension>
</extensions>
</trkpt>
<trkpt lat="58.70226776" lon="14.6143687">
<ele>139.2</ele>
<time>2023-09-10T09:06:31Z</time>
<extensions>
<tp1:TrackPointExtension>
<tp1:hr>161</tp1:hr>
</tp1:TrackPointExtension>
</extensions>
</trkpt>
<trkpt lat="58.70225175" lon="14.61435679">
<ele>139.4</ele>
<time>2023-09-10T09:06:33Z</time>
<extensions>
<tp1:TrackPointExtension>
<tp1:hr>160</tp1:hr>
</tp1:TrackPointExtension>
</extensions>
</trkpt>
<trkpt lat="58.70217699" lon="14.61429041">
<ele>139.6</ele>
<time>2023-09-10T09:06:39Z</time>
<extensions>
<tp1:TrackPointExtension>
<tp1:hr>161</tp1:hr>
</tp1:TrackPointExtension>
</extensions>
</trkpt>
<trkpt lat="58.7021111" lon="14.61424984">
<ele>139.6</ele>
<time>2023-09-10T09:06:43Z</time>
<extensions>
<tp1:TrackPointExtension>
<tp1:hr>162</tp1:hr>
</tp1:TrackPointExtension>
</extensions>
</trkpt>
<trkpt lat="58.70209283" lon="14.61424464">
<ele>139.6</ele>
<time>2023-09-10T09:06:44Z</time>
<extensions>
<tp1:TrackPointExtension>
<tp1:hr>162</tp1:hr>
</tp1:TrackPointExtension>
</extensions>
</trkpt>
<trkpt lat="58.70206333" lon="14.61422117">
<ele>139.6</ele>
<time>2023-09-10T09:06:46Z</time>
<extensions>
<tp1:TrackPointExtension>
<tp1:hr>161</tp1:hr>
</tp1:TrackPointExtension>
</extensions>
</trkpt>
<trkpt lat="58.70204983" lon="14.61417583">
<ele>139.6</ele>
<time>2023-09-10T09:06:48Z</time>
<extensions>
<tp1:TrackPointExtension>
<tp1:hr>161</tp1:hr>
</tp1:TrackPointExtension>
</extensions>
</trkpt>
<trkpt lat="58.70199158" lon="14.61406091">
<ele>139.6</ele>
<time>2023-09-10T09:06:53Z</time>
<extensions>
<tp1:TrackPointExtension>
<tp1:hr>159</tp1:hr>
</tp1:TrackPointExtension>
</extensions>
</trkpt>
<trkpt lat="58.70192511" lon="14.61399729">
<ele>139.6</ele>
<time>2023-09-10T09:06:58Z</time>
<extensions>
<tp1:TrackPointExtension>
<tp1:hr>157</tp1:hr>
</tp1:TrackPointExtension>
</extensions>
</trkpt>
<trkpt lat="58.70190818" lon="14.61398589">
<ele>139.6</ele>
<time>2023-09-10T09:06:59Z</time>
<extensions>
<tp1:TrackPointExtension>
<tp1:hr>157</tp1:hr>
</tp1:TrackPointExtension>
</extensions>
</trkpt>
<trkpt lat="58.7018723" lon="14.613947">
<ele>139.6</ele>
<time>2023-09-10T09:07:01Z</time>
<extensions>
<tp1:TrackPointExtension>
<tp1:hr>157</tp1:hr>
</tp1:TrackPointExtension>
</extensions>
</trkpt>
<trkpt lat="58.70181489" lon="14.61389202">
<ele>139.6</ele>
<time>2023-09-10T09:07:04Z</time>
<extensions>
<tp1:TrackPointExtension>
<tp1:hr>157</tp1:hr>
</tp1:TrackPointExtension>
</extensions>
</trkpt>
<trkpt lat="58.7017884" lon="14.61386134">
<ele>139.6</ele>
<time>2023-09-10T09:07:07Z</time>
<extensions>
<tp1:TrackPointExtension>
<tp1:hr>153</tp1:hr>
</tp1:TrackPointExtension>
</extensions>
</trkpt>
<trkpt lat="58.70177725" lon="14.61386721">
<ele>139.6</ele>
<time>2023-09-10T09:07:08Z</time>
<extensions>
<tp1:TrackPointExtension>
<tp1:hr>156</tp1:hr>
</tp1:TrackPointExtension>
</extensions>
</trkpt>
<trkpt lat="58.70176745" lon="14.61387785">
<ele>139.6</ele>
<time>2023-09-10T09:07:09Z</time>
<extensions>
<tp1:TrackPointExtension>
<tp1:hr>159</tp1:hr>
</tp1:TrackPointExtension>
</extensions>
</trkpt>
<trkpt lat="58.70176141" lon="14.61388607">
<ele>139.6</ele>
<time>2023-09-10T09:07:10Z</time>
<extensions>
<tp1:TrackPointExtension>
<tp1:hr>162</tp1:hr>
</tp1:TrackPointExtension>
</extensions>
</trkpt>
<trkpt lat="58.70176091" lon="14.61388598">
<ele>139.6</ele>
<time>2023-09-10T09:07:11Z</time>
<extensions>
<tp1:TrackPointExtension>
<tp1:hr>162</tp1:hr>
</tp1:TrackPointExtension>
</extensions>
</trkpt>
<trkpt lat="58.70175831" lon="14.6138885">
<ele>139.4</ele>
<time>2023-09-10T09:07:13Z</time>
<extensions>
<tp1:TrackPointExtension>
<tp1:hr>166</tp1:hr>
</tp1:TrackPointExtension>
</extensions>
</trkpt>
<trkpt lat="58.7017532" lon="14.61389931">
<ele>139.4</ele>
<time>2023-09-10T09:07:14Z</time>
<extensions>
<tp1:TrackPointExtension>
<tp1:hr>166</tp1:hr>
</tp1:TrackPointExtension>
</extensions>
</trkpt>
<trkpt lat="58.70176426" lon="14.61391624">
<ele>139.4</ele>
<time>2023-09-10T09:07:20Z</time>
<extensions>
<tp1:TrackPointExtension>
<tp1:hr>165</tp1:hr>
</tp1:TrackPointExtension>
</extensions>
</trkpt>
<trkpt lat="58.70178287" lon="14.61391565">
<ele>139.4</ele>
<time>2023-09-10T09:07:22Z</time>
<extensions>
<tp1:TrackPointExtension>
<tp1:hr>162</tp1:hr>
</tp1:TrackPointExtension>
</extensions>
</trkpt>
<trkpt lat="58.70180173" lon="14.61390853">
<ele>139.4</ele>
<time>2023-09-10T09:07:23Z</time>
<extensions>
<tp1:TrackPointExtension>
<tp1:hr>157</tp1:hr>
</tp1:TrackPointExtension>
</extensions>
</trkpt>
<trkpt lat="58.70182176" lon="14.61390593">
<ele>139.4</ele>
<time>2023-09-10T09:07:24Z</time>
<extensions>
<tp1:TrackPointExtension>
<tp1:hr>154</tp1:hr>
</tp1:TrackPointExtension>
</extensions>
</trkpt>
<trkpt lat="58.70184364" lon="14.61390618">
<ele>139.4</ele>
<time>2023-09-10T09:07:25Z</time>
<extensions>
<tp1:TrackPointExtension>
<tp1:hr>153</tp1:hr>
</tp1:TrackPointExtension>
</extensions>
</trkpt>
<trkpt lat="58.70191757" lon="14.61395798">
<ele>139.2</ele>
<time>2023-09-10T09:07:29Z</time>
<extensions>
<tp1:TrackPointExtension>
<tp1:hr>152</tp1:hr>
</tp1:TrackPointExtension>
</extensions>
</trkpt>
<trkpt lat="58.70197171" lon="14.61399226">
<ele>139.2</ele>
<time>2023-09-10T09:07:34Z</time>
<extensions>
<tp1:TrackPointExtension>
<tp1:hr>152</tp1:hr>
</tp1:TrackPointExtension>
</extensions>
</trkpt>
<trkpt lat="58.70197808" lon="14.61399721">
<ele>139.2</ele>
<time>2023-09-10T09:07:35Z</time>
<extensions>
<tp1:TrackPointExtension>
<tp1:hr>152</tp1:hr>
</tp1:TrackPointExtension>
</extensions>
</trkpt>
<trkpt lat="58.70197331" lon="14.61396804">
<ele>139.2</ele>
<time>2023-09-10T09:07:40Z</time>
<extensions>
<tp1:TrackPointExtension>
<tp1:hr>149</tp1:hr>
</tp1:TrackPointExtension>
</extensions>
</trkpt>
<trkpt lat="58.70197431" lon="14.61395958">
<ele>139.2</ele>
<time>2023-09-10T09:07:41Z</time>
<extensions>
<tp1:TrackPointExtension>
<tp1:hr>148</tp1:hr>
</tp1:TrackPointExtension>
</extensions>
</trkpt>
<trkpt lat="58.70199954" lon="14.6138061">
<ele>139.2</ele>
<time>2023-09-10T09:07:47Z</time>
<extensions>
<tp1:TrackPointExtension>
<tp1:hr>147</tp1:hr>
</tp1:TrackPointExtension>
</extensions>
</trkpt>
<trkpt lat="58.7020733" lon="14.61365397">
<ele>139.2</ele>
<time>2023-09-10T09:07:52Z</time>
<extensions>
<tp1:TrackPointExtension>
<tp1:hr>148</tp1:hr>
</tp1:TrackPointExtension>
</extensions>
</trkpt>
<trkpt lat="58.70212887" lon="14.61356621">
<ele>139.2</ele>
<time>2023-09-10T09:07:55Z</time>
<extensions>
<tp1:TrackPointExtension>
<tp1:hr>143</tp1:hr>
</tp1:TrackPointExtension>
</extensions>
</trkpt>
<trkpt lat="58.70219434" lon="14.61347686">
<ele>139.2</ele>
<time>2023-09-10T09:07:57Z</time>
<extensions>
<tp1:TrackPointExtension>
<tp1:hr>145</tp1:hr>
</tp1:TrackPointExtension>
</extensions>
</trkpt>
<trkpt lat="58.70223759" lon="14.61340637">
<ele>139.2</ele>
<time>2023-09-10T09:08:01Z</time>
<extensions>
<tp1:TrackPointExtension>
<tp1:hr>148</tp1:hr>
</tp1:TrackPointExtension>
</extensions>
</trkpt>
<trkpt lat="58.70228989" lon="14.61333219">
<ele>139.2</ele>
<time>2023-09-10T09:08:04Z</time>
<extensions>
<tp1:TrackPointExtension>
<tp1:hr>150</tp1:hr>
</tp1:TrackPointExtension>
</extensions>
</trkpt>
<trkpt lat="58.70237136" lon="14.61320009">
<ele>139.2</ele>
<time>2023-09-10T09:08:10Z</time>
<extensions>
<tp1:TrackPointExtension>
<tp1:hr>150</tp1:hr>
</tp1:TrackPointExtension>
</extensions>
</trkpt>
<trkpt lat="58.70246331" lon="14.61310881">
<ele>139.3</ele>
<time>2023-09-10T09:08:14Z</time>
<extensions>
<tp1:TrackPointExtension>
<tp1:hr>153</tp1:hr>
</tp1:TrackPointExtension>
</extensions>
</trkpt>
<trkpt lat="58.70248544" lon="14.61306489">
<ele>139.3</ele>
<time>2023-09-10T09:08:15Z</time>
<extensions>
<tp1:TrackPointExtension>
<tp1:hr>153</tp1:hr>
</tp1:TrackPointExtension>
</extensions>
</trkpt>
<trkpt lat="58.70263296" lon="14.6128877">
<ele>139.3</ele>
<time>2023-09-10T09:08:21Z</time>
<extensions>
<tp1:TrackPointExtension>
<tp1:hr>156</tp1:hr>
</tp1:TrackPointExtension>
</extensions>
</trkpt>
<trkpt lat="58.70263481" lon="14.6128877">
<ele>139.3</ele>
<time>2023-09-10T09:08:22Z</time>
<extensions>
<tp1:TrackPointExtension>
<tp1:hr>155</tp1:hr>
</tp1:TrackPointExtension>
</extensions>
</trkpt>
<trkpt lat="58.70257278" lon="14.61293028">
<ele>139.3</ele>
<time>2023-09-10T09:08:27Z</time>
<extensions>
<tp1:TrackPointExtension>
<tp1:hr>155</tp1:hr>
</tp1:TrackPointExtension>
</extensions>
</trkpt>
<trkpt lat="58.70246507" lon="14.61296791">
<ele>139.3</ele>
<time>2023-09-10T09:08:32Z</time>
<extensions>
<tp1:TrackPointExtension>
<tp1:hr>157</tp1:hr>
</tp1:TrackPointExtension>
</extensions>
</trkpt>
<trkpt lat="58.70241394" lon="14.6129856">
<ele>139.3</ele>
<time>2023-09-10T09:08:37Z</time>
<extensions>
<tp1:TrackPointExtension>
<tp1:hr>157</tp1:hr>
</tp1:TrackPointExtension>
</extensions>
</trkpt>
<trkpt lat="58.70239248" lon="14.6129773">
<ele>139.3</ele>
<time>2023-09-10T09:08:40Z</time>
<extensions>
<tp1:TrackPointExtension>
<tp1:hr>156</tp1:hr>
</tp1:TrackPointExtension>
</extensions>
</trkpt>
<trkpt lat="58.70236063" lon="14.61291863">
<ele>139.1</ele>
<time>2023-09-10T09:08:43Z</time>
<extensions>
<tp1:TrackPointExtension>
<tp1:hr>155</tp1:hr>
</tp1:TrackPointExtension>
</extensions>
</trkpt>
<trkpt lat="58.70230607" lon="14.61289382">
<ele>138.9</ele>
<time>2023-09-10T09:08:46Z</time>
<extensions>
<tp1:TrackPointExtension>
<tp1:hr>154</tp1:hr>
</tp1:TrackPointExtension>
</extensions>
</trkpt>
<trkpt lat="58.70229106" lon="14.61287672">
<ele>138.9</ele>
<time>2023-09-10T09:08:47Z</time>
<extensions>
<tp1:TrackPointExtension>
<tp1:hr>154</tp1:hr>
</tp1:TrackPointExtension>
</extensions>
</trkpt>
<trkpt lat="58.70219853" lon="14.61272693">
<ele>138.5</ele>
<time>2023-09-10T09:08:52Z</time>
<extensions>
<tp1:TrackPointExtension>
<tp1:hr>153</tp1:hr>
</tp1:TrackPointExtension>
</extensions>
</trkpt>
<trkpt lat="58.70212653" lon="14.61263917">
<ele>138.1</ele>
<time>2023-09-10T09:08:57Z</time>
<extensions>
<tp1:TrackPointExtension>
<tp1:hr>152</tp1:hr>
</tp1:TrackPointExtension>
</extensions>
</trkpt>
<trkpt lat="58.70207112" lon="14.61253717">
<ele>137.7</ele>
<time>2023-09-10T09:09:02Z</time>
<extensions>
<tp1:TrackPointExtension>
<tp1:hr>152</tp1:hr>
</tp1:TrackPointExtension>
</extensions>
</trkpt>
<trkpt lat="58.70205226" lon="14.6125137">
<ele>137.7</ele>
<time>2023-09-10T09:09:03Z</time>
<extensions>
<tp1:TrackPointExtension>
<tp1:hr>151</tp1:hr>
</tp1:TrackPointExtension>
</extensions>
</trkpt>
<trkpt lat="58.70201756" lon="14.6124878">
<ele>137.5</ele>
<time>2023-09-10T09:09:05Z</time>
<extensions>
<tp1:TrackPointExtension>
<tp1:hr>154</tp1:hr>
</tp1:TrackPointExtension>
</extensions>
</trkpt>
<trkpt lat="58.70199636" lon="14.61246885">
<ele>137.5</ele>
<time>2023-09-10T09:09:06Z</time>
<extensions>
<tp1:TrackPointExtension>
<tp1:hr>155</tp1:hr>
</tp1:TrackPointExtension>
</extensions>
</trkpt>
<trkpt lat="58.7019319" lon="14.6124023">
<ele>137.1</ele>
<time>2023-09-10T09:09:10Z</time>
<extensions>
<tp1:TrackPointExtension>
<tp1:hr>155</tp1:hr>
</tp1:TrackPointExtension>
</extensions>
</trkpt>
<trkpt lat="58.70185378" lon="14.6122604">
<ele>136.9</ele>
<time>2023-09-10T09:09:15Z</time>
<extensions>
<tp1:TrackPointExtension>
<tp1:hr>155</tp1:hr>
</tp1:TrackPointExtension>
</extensions>
</trkpt>
<trkpt lat="58.70184322" lon="14.6121283">
<ele>136.7</ele>
<time>2023-09-10T09:09:19Z</time>
<extensions>
<tp1:TrackPointExtension>
<tp1:hr>151</tp1:hr>
</tp1:TrackPointExtension>
</extensions>
</trkpt>
<trkpt lat="58.70182889" lon="14.61206535">
<ele>136.5</ele>
<time>2023-09-10T09:09:20Z</time>
<extensions>
<tp1:TrackPointExtension>
<tp1:hr>154</tp1:hr>
</tp1:TrackPointExtension>
</extensions>
</trkpt>
<trkpt lat="58.70181413" lon="14.61200508">
<ele>136.5</ele>
<time>2023-09-10T09:09:21Z</time>
<extensions>
<tp1:TrackPointExtension>
<tp1:hr>155</tp1:hr>
</tp1:TrackPointExtension>
</extensions>
</trkpt>
<trkpt lat="58.70173668" lon="14.61181004">
<ele>136.5</ele>
<time>2023-09-10T09:09:25Z</time>
<extensions>
<tp1:TrackPointExtension>
<tp1:hr>160</tp1:hr>
</tp1:TrackPointExtension>
</extensions>
</trkpt>
<trkpt lat="58.70171405" lon="14.61178045">
<ele>136.5</ele>
<time>2023-09-10T09:09:26Z</time>
<extensions>
<tp1:TrackPointExtension>
<tp1:hr>159</tp1:hr>
</tp1:TrackPointExtension>
</extensions>
</trkpt>
<trkpt lat="58.70166234" lon="14.61172923">
<ele>136.3</ele>
<time>2023-09-10T09:09:28Z</time>
<extensions>
<tp1:TrackPointExtension>
<tp1:hr>161</tp1:hr>
</tp1:TrackPointExtension>
</extensions>
</trkpt>
<trkpt lat="58.70158833" lon="14.61159152">
<ele>136.3</ele>
<time>2023-09-10T09:09:32Z</time>
<extensions>
<tp1:TrackPointExtension>
<tp1:hr>162</tp1:hr>
</tp1:TrackPointExtension>
</extensions>
</trkpt>
<trkpt lat="58.70156142" lon="14.61153">
<ele>136.3</ele>
<time>2023-09-10T09:09:34Z</time>
<extensions>
<tp1:TrackPointExtension>
<tp1:hr>162</tp1:hr>
</tp1:TrackPointExtension>
</extensions>
</trkpt>
<trkpt lat="58.70153292" lon="14.61151483">
<ele>136.1</ele>
<time>2023-09-10T09:09:35Z</time>
<extensions>
<tp1:TrackPointExtension>
<tp1:hr>159</tp1:hr>
</tp1:TrackPointExtension>
</extensions>
</trkpt>
<trkpt lat="58.70145044" lon="14.61147862">
<ele>136.1</ele>
<time>2023-09-10T09:09:37Z</time>
<extensions>
<tp1:TrackPointExtension>
<tp1:hr>159</tp1:hr>
</tp1:TrackPointExtension>
</extensions>
</trkpt>
<trkpt lat="58.70124442" lon="14.61146428">
<ele>135.9</ele>
<time>2023-09-10T09:09:42Z</time>
<extensions>
<tp1:TrackPointExtension>
<tp1:hr>158</tp1:hr>
</tp1:TrackPointExtension>
</extensions>
</trkpt>
<trkpt lat="58.70106395" lon="14.61147392">
<ele>135.9</ele>
<time>2023-09-10T09:09:47Z</time>
<extensions>
<tp1:TrackPointExtension>
<tp1:hr>159</tp1:hr>
</tp1:TrackPointExtension>
</extensions>
</trkpt>
<trkpt lat="58.70103126" lon="14.61148079">
<ele>135.9</ele>
<time>2023-09-10T09:09:48Z</time>
<extensions>
<tp1:TrackPointExtension>
<tp1:hr>160</tp1:hr>
</tp1:TrackPointExtension>
</extensions>
</trkpt>
<trkpt lat="58.70087662" lon="14.61150628">
<ele>135.7</ele>
<time>2023-09-10T09:09:53Z</time>
<extensions>
<tp1:TrackPointExtension>
<tp1:hr>159</tp1:hr>
</tp1:TrackPointExtension>
</extensions>
</trkpt>
<trkpt lat="58.70065508" lon="14.61148465">
<ele>135.7</ele>
<time>2023-09-10T09:09:59Z</time>
<extensions>
<tp1:TrackPointExtension>
<tp1:hr>157</tp1:hr>
</tp1:TrackPointExtension>
</extensions>
</trkpt>
<trkpt lat="58.70057906" lon="14.61146629">
<ele>135.7</ele>
<time>2023-09-10T09:10:01Z</time>
<extensions>
<tp1:TrackPointExtension>
<tp1:hr>160</tp1:hr>
</tp1:TrackPointExtension>
</extensions>
</trkpt>
<trkpt lat="58.7004333" lon="14.61141743">
<ele>135.7</ele>
<time>2023-09-10T09:10:05Z</time>
<extensions>
<tp1:TrackPointExtension>
<tp1:hr>161</tp1:hr>
</tp1:TrackPointExtension>
</extensions>
</trkpt>
<trkpt lat="58.70022736" lon="14.61135557">
<ele>135.7</ele>
<time>2023-09-10T09:10:11Z</time>
<extensions>
<tp1:TrackPointExtension>
<tp1:hr>160</tp1:hr>
</tp1:TrackPointExtension>
</extensions>
</trkpt>
<trkpt lat="58.70015049" lon="14.61132456">
<ele>135.7</ele>
<time>2023-09-10T09:10:13Z</time>
<extensions>
<tp1:TrackPointExtension>
<tp1:hr>157</tp1:hr>
</tp1:TrackPointExtension>
</extensions>
</trkpt>
<trkpt lat="58.70004036" lon="14.61127167">
<ele>135.7</ele>
<time>2023-09-10T09:10:16Z</time>
<extensions>
<tp1:TrackPointExtension>
<tp1:hr>158</tp1:hr>
</tp1:TrackPointExtension>
</extensions>
</trkpt>
<trkpt lat="58.69992829" lon="14.61115432">
<ele>135.7</ele>
<time>2023-09-10T09:10:20Z</time>
<extensions>
<tp1:TrackPointExtension>
<tp1:hr>161</tp1:hr>
</tp1:TrackPointExtension>
</extensions>
</trkpt>
<trkpt lat="58.69988956" lon="14.61106916">
<ele>135.7</ele>
<time>2023-09-10T09:10:22Z</time>
<extensions>
<tp1:TrackPointExtension>
<tp1:hr>160</tp1:hr>
</tp1:TrackPointExtension>
</extensions>
</trkpt>
<trkpt lat="58.6998614" lon="14.61097838">
<ele>135.7</ele>
<time>2023-09-10T09:10:25Z</time>
<extensions>
<tp1:TrackPointExtension>
<tp1:hr>160</tp1:hr>
</tp1:TrackPointExtension>
</extensions>
</trkpt>
<trkpt lat="58.69987414" lon="14.61085869">
<ele>135.7</ele>
<time>2023-09-10T09:10:28Z</time>
<extensions>
<tp1:TrackPointExtension>
<tp1:hr>163</tp1:hr>
</tp1:TrackPointExtension>
</extensions>
</trkpt>
<trkpt lat="58.69988512" lon="14.61076615">
<ele>135.7</ele>
<time>2023-09-10T09:10:30Z</time>
<extensions>
<tp1:TrackPointExtension>
<tp1:hr>163</tp1:hr>
</tp1:TrackPointExtension>
</extensions>
</trkpt>
<trkpt lat="58.6998806" lon="14.61064587">
<ele>135.7</ele>
<time>2023-09-10T09:10:33Z</time>
<extensions>
<tp1:TrackPointExtension>
<tp1:hr>160</tp1:hr>
</tp1:TrackPointExtension>
</extensions>
</trkpt>
<trkpt lat="58.69983324" lon="14.61055485">
<ele>135.7</ele>
<time>2023-09-10T09:10:35Z</time>
<extensions>
<tp1:TrackPointExtension>
<tp1:hr>163</tp1:hr>
</tp1:TrackPointExtension>
</extensions>
</trkpt>
<trkpt lat="58.69981153" lon="14.61050707">
<ele>135.7</ele>
<time>2023-09-10T09:10:36Z</time>
<extensions>
<tp1:TrackPointExtension>
<tp1:hr>160</tp1:hr>
</tp1:TrackPointExtension>
</extensions>
</trkpt>
<trkpt lat="58.69971623" lon="14.61019174">
<ele>135.7</ele>
<time>2023-09-10T09:10:42Z</time>
<extensions>
<tp1:TrackPointExtension>
<tp1:hr>157</tp1:hr>
</tp1:TrackPointExtension>
</extensions>
</trkpt>
<trkpt lat="58.69968924" lon="14.60992453">
<ele>135.7</ele>
<time>2023-09-10T09:10:48Z</time>
<extensions>
<tp1:TrackPointExtension>
<tp1:hr>159</tp1:hr>
</tp1:TrackPointExtension>
</extensions>
</trkpt>
<trkpt lat="58.69959922" lon="14.60974809">
<ele>135.7</ele>
<time>2023-09-10T09:10:52Z</time>
<extensions>
<tp1:TrackPointExtension>
<tp1:hr>158</tp1:hr>
</tp1:TrackPointExtension>
</extensions>
</trkpt>
<trkpt lat="58.69957021" lon="14.60953016">
<ele>135.5</ele>
<time>2023-09-10T09:10:57Z</time>
<extensions>
<tp1:TrackPointExtension>
<tp1:hr>156</tp1:hr>
</tp1:TrackPointExtension>
</extensions>
</trkpt>
<trkpt lat="58.69956217" lon="14.60949009">
<ele>135.5</ele>
<time>2023-09-10T09:10:59Z</time>
<extensions>
<tp1:TrackPointExtension>
<tp1:hr>156</tp1:hr>
</tp1:TrackPointExtension>
</extensions>
</trkpt>
<trkpt lat="58.69954415" lon="14.60945019">
<ele>135.5</ele>
<time>2023-09-10T09:11:02Z</time>
<extensions>
<tp1:TrackPointExtension>
<tp1:hr>156</tp1:hr>
</tp1:TrackPointExtension>
</extensions>
</trkpt>
<trkpt lat="58.69951171" lon="14.60938725">
<ele>135.5</ele>
<time>2023-09-10T09:11:03Z</time>
<extensions>
<tp1:TrackPointExtension>
<tp1:hr>156</tp1:hr>
</tp1:TrackPointExtension>
</extensions>
</trkpt>
<trkpt lat="58.69942043" lon="14.60919078">
<ele>135.5</ele>
<time>2023-09-10T09:11:09Z</time>
<extensions>
<tp1:TrackPointExtension>
<tp1:hr>157</tp1:hr>
</tp1:TrackPointExtension>
</extensions>
</trkpt>
<trkpt lat="58.69936695" lon="14.60905616">
<ele>135.5</ele>
<time>2023-09-10T09:11:12Z</time>
<extensions>
<tp1:TrackPointExtension>
<tp1:hr>156</tp1:hr>
</tp1:TrackPointExtension>
</extensions>
</trkpt>
<trkpt lat="58.69932991" lon="14.60899087">
<ele>135.6</ele>
<time>2023-09-10T09:11:15Z</time>
<extensions>
<tp1:TrackPointExtension>
<tp1:hr>158</tp1:hr>
</tp1:TrackPointExtension>
</extensions>
</trkpt>
<trkpt lat="58.69929227" lon="14.6089254">
<ele>135.6</ele>
<time>2023-09-10T09:11:18Z</time>
<extensions>
<tp1:TrackPointExtension>
<tp1:hr>157</tp1:hr>
</tp1:TrackPointExtension>
</extensions>
</trkpt>
<trkpt lat="58.69926419" lon="14.6088462">
<ele>135.6</ele>
<time>2023-09-10T09:11:21Z</time>
<extensions>
<tp1:TrackPointExtension>
<tp1:hr>156</tp1:hr>
</tp1:TrackPointExtension>
</extensions>
</trkpt>
<trkpt lat="58.69923477" lon="14.6087783">
<ele>135.6</ele>
<time>2023-09-10T09:11:23Z</time>
<extensions>
<tp1:TrackPointExtension>
<tp1:hr>155</tp1:hr>
</tp1:TrackPointExtension>
</extensions>
</trkpt>
<trkpt lat="58.69923008" lon="14.60870354">
<ele>135.6</ele>
<time>2023-09-10T09:11:25Z</time>
<extensions>
<tp1:TrackPointExtension>
<tp1:hr>154</tp1:hr>
</tp1:TrackPointExtension>
</extensions>
</trkpt>
<trkpt lat="58.69924081" lon="14.60846012">
<ele>135.8</ele>
<time>2023-09-10T09:11:31Z</time>
<extensions>
<tp1:TrackPointExtension>
<tp1:hr>153</tp1:hr>
</tp1:TrackPointExtension>
</extensions>
</trkpt>
<trkpt lat="58.69926218" lon="14.60817849">
<ele>135.8</ele>
<time>2023-09-10T09:11:37Z</time>
<extensions>
<tp1:TrackPointExtension>
<tp1:hr>154</tp1:hr>
</tp1:TrackPointExtension>
</extensions>
</trkpt>
<trkpt lat="58.69923645" lon="14.6080904">
<ele>135.8</ele>
<time>2023-09-10T09:11:39Z</time>
<extensions>
<tp1:TrackPointExtension>
<tp1:hr>154</tp1:hr>
</tp1:TrackPointExtension>
</extensions>
</trkpt>
<trkpt lat="58.69920786" lon="14.60796023">
<ele>135.8</ele>
<time>2023-09-10T09:11:42Z</time>
<extensions>
<tp1:TrackPointExtension>
<tp1:hr>158</tp1:hr>
</tp1:TrackPointExtension>
</extensions>
</trkpt>
<trkpt lat="58.6992061" lon="14.60790424">
<ele>136.0</ele>
<time>2023-09-10T09:11:43Z</time>
<extensions>
<tp1:TrackPointExtension>
<tp1:hr>159</tp1:hr>
</tp1:TrackPointExtension>
</extensions>
</trkpt>
<trkpt lat="58.69917626" lon="14.60769108">
<ele>136.0</ele>
<time>2023-09-10T09:11:47Z</time>
<extensions>
<tp1:TrackPointExtension>
<tp1:hr>159</tp1:hr>
</tp1:TrackPointExtension>
</extensions>
</trkpt>
<trkpt lat="58.69905816" lon="14.60742429">
<ele>136.0</ele>
<time>2023-09-10T09:11:52Z</time>
<extensions>
<tp1:TrackPointExtension>
<tp1:hr>158</tp1:hr>
</tp1:TrackPointExtension>
</extensions>
</trkpt>
<trkpt lat="58.69898315" lon="14.6072196">
<ele>136.0</ele>
<time>2023-09-10T09:11:57Z</time>
<extensions>
<tp1:TrackPointExtension>
<tp1:hr>158</tp1:hr>
</tp1:TrackPointExtension>
</extensions>
</trkpt>
<trkpt lat="58.69896605" lon="14.60715238">
<ele>136.0</ele>
<time>2023-09-10T09:12:00Z</time>
<extensions>
<tp1:TrackPointExtension>
<tp1:hr>158</tp1:hr>
</tp1:TrackPointExtension>
</extensions>
</trkpt>
<trkpt lat="58.69896881" lon="14.60710041">
<ele>136.0</ele>
<time>2023-09-10T09:12:02Z</time>
<extensions>
<tp1:TrackPointExtension>
<tp1:hr>157</tp1:hr>
</tp1:TrackPointExtension>
</extensions>
</trkpt>
<trkpt lat="58.69896529" lon="14.60707887">
<ele>136.0</ele>
<time>2023-09-10T09:12:03Z</time>
<extensions>
<tp1:TrackPointExtension>
<tp1:hr>157</tp1:hr>
</tp1:TrackPointExtension>
</extensions>
</trkpt>
<trkpt lat="58.69886789" lon="14.60692925">
<ele>136.0</ele>
<time>2023-09-10T09:12:07Z</time>
<extensions>
<tp1:TrackPointExtension>
<tp1:hr>157</tp1:hr>
</tp1:TrackPointExtension>
</extensions>
</trkpt>
<trkpt lat="58.69880009" lon="14.60680855">
<ele>136.0</ele>
<time>2023-09-10T09:12:11Z</time>
<extensions>
<tp1:TrackPointExtension>
<tp1:hr>154</tp1:hr>
</tp1:TrackPointExtension>
</extensions>
</trkpt>
<trkpt lat="58.69878642" lon="14.60677897">
<ele>136.0</ele>
<time>2023-09-10T09:12:12Z</time>
<extensions>
<tp1:TrackPointExtension>
<tp1:hr>155</tp1:hr>
</tp1:TrackPointExtension>
</extensions>
</trkpt>
<trkpt lat="58.69875055" lon="14.60671744">
<ele>136.0</ele>
<time>2023-09-10T09:12:14Z</time>
<extensions>
<tp1:TrackPointExtension>
<tp1:hr>156</tp1:hr>
</tp1:TrackPointExtension>
</extensions>
</trkpt>
<trkpt lat="58.69872968" lon="14.60660144">
<ele>136.0</ele>
<time>2023-09-10T09:12:17Z</time>
<extensions>
<tp1:TrackPointExtension>
<tp1:hr>159</tp1:hr>
</tp1:TrackPointExtension>
</extensions>
</trkpt>
<trkpt lat="58.69872205" lon="14.60656003">
<ele>136.0</ele>
<time>2023-09-10T09:12:18Z</time>
<extensions>
<tp1:TrackPointExtension>
<tp1:hr>159</tp1:hr>
</tp1:TrackPointExtension>
</extensions>
</trkpt>
<trkpt lat="58.69864142" lon="14.60634721">
<ele>136.0</ele>
<time>2023-09-10T09:12:23Z</time>
<extensions>
<tp1:TrackPointExtension>
<tp1:hr>158</tp1:hr>
</tp1:TrackPointExtension>
</extensions>
</trkpt>
<trkpt lat="58.69862465" lon="14.60616474">
<ele>136.0</ele>
<time>2023-09-10T09:12:27Z</time>
<extensions>
<tp1:TrackPointExtension>
<tp1:hr>157</tp1:hr>
</tp1:TrackPointExtension>
</extensions>
</trkpt>
<trkpt lat="58.69861962" lon="14.60613004">
<ele>136.0</ele>
<time>2023-09-10T09:12:28Z</time>
<extensions>
<tp1:TrackPointExtension>
<tp1:hr>156</tp1:hr>
</tp1:TrackPointExtension>
</extensions>
</trkpt>
<trkpt lat="58.69861677" lon="14.60609576">
<ele>136.0</ele>
<time>2023-09-10T09:12:29Z</time>
<extensions>
<tp1:TrackPointExtension>
<tp1:hr>154</tp1:hr>
</tp1:TrackPointExtension>
</extensions>
</trkpt>
<trkpt lat="58.69861761" lon="14.60600951">
<ele>136.0</ele>
<time>2023-09-10T09:12:32Z</time>
<extensions>
<tp1:TrackPointExtension>
<tp1:hr>157</tp1:hr>
</tp1:TrackPointExtension>
</extensions>
</trkpt>
<trkpt lat="58.69861049" lon="14.60598118">
<ele>136.0</ele>
<time>2023-09-10T09:12:33Z</time>
<extensions>
<tp1:TrackPointExtension>
<tp1:hr>157</tp1:hr>
</tp1:TrackPointExtension>
</extensions>
</trkpt>
<trkpt lat="58.69859825" lon="14.60589484">
<ele>136.0</ele>
<time>2023-09-10T09:12:35Z</time>
<extensions>
<tp1:TrackPointExtension>
<tp1:hr>159</tp1:hr>
</tp1:TrackPointExtension>
</extensions>
</trkpt>
<trkpt lat="58.69859959" lon="14.60587062">
<ele>136.0</ele>
<time>2023-09-10T09:12:37Z</time>
<extensions>
<tp1:TrackPointExtension>
<tp1:hr>160</tp1:hr>
</tp1:TrackPointExtension>
</extensions>
</trkpt>
<trkpt lat="58.69859481" lon="14.60584455">
<ele>136.0</ele>
<time>2023-09-10T09:12:38Z</time>
<extensions>
<tp1:TrackPointExtension>
<tp1:hr>160</tp1:hr>
</tp1:TrackPointExtension>
</extensions>
</trkpt>
<trkpt lat="58.69852206" lon="14.60568462">
<ele>136.2</ele>
<time>2023-09-10T09:12:43Z</time>
<extensions>
<tp1:TrackPointExtension>
<tp1:hr>158</tp1:hr>
</tp1:TrackPointExtension>
</extensions>
</trkpt>
<trkpt lat="58.69847093" lon="14.60556619">
<ele>136.2</ele>
<time>2023-09-10T09:12:48Z</time>
<extensions>
<tp1:TrackPointExtension>
<tp1:hr>158</tp1:hr>
</tp1:TrackPointExtension>
</extensions>
</trkpt>
<trkpt lat="58.69846263" lon="14.60555429">
<ele>136.2</ele>
<time>2023-09-10T09:12:49Z</time>
<extensions>
<tp1:TrackPointExtension>
<tp1:hr>157</tp1:hr>
</tp1:TrackPointExtension>
</extensions>
</trkpt>
<trkpt lat="58.69842374" lon="14.60554716">
<ele>138.0</ele>
<time>2023-09-10T09:12:53Z</time>
<extensions>
<tp1:TrackPointExtension>
<tp1:hr>158</tp1:hr>
</tp1:TrackPointExtension>
</extensions>
</trkpt>
<trkpt lat="58.69839289" lon="14.60550718">
<ele>140.4</ele>
<time>2023-09-10T09:12:56Z</time>
<extensions>
<tp1:TrackPointExtension>
<tp1:hr>158</tp1:hr>
</tp1:TrackPointExtension>
</extensions>
</trkpt>
<trkpt lat="58.69838409" lon="14.60543342">
<ele>140.4</ele>
<time>2023-09-10T09:12:59Z</time>
<extensions>
<tp1:TrackPointExtension>
<tp1:hr>157</tp1:hr>
</tp1:TrackPointExtension>
</extensions>
</trkpt>
<trkpt lat="58.69837957" lon="14.60540383">
<ele>141.6</ele>
<time>2023-09-10T09:13:01Z</time>
<extensions>
<tp1:TrackPointExtension>
<tp1:hr>157</tp1:hr>
</tp1:TrackPointExtension>
</extensions>
</trkpt>
<trkpt lat="58.69833355" lon="14.60534717">
<ele>141.6</ele>
<time>2023-09-10T09:13:05Z</time>
<extensions>
<tp1:TrackPointExtension>
<tp1:hr>156</tp1:hr>
</tp1:TrackPointExtension>
</extensions>
</trkpt>
<trkpt lat="58.69831796" lon="14.60534315">
<ele>141.8</ele>
<time>2023-09-10T09:13:06Z</time>
<extensions>
<tp1:TrackPointExtension>
<tp1:hr>156</tp1:hr>
</tp1:TrackPointExtension>
</extensions>
</trkpt>
<trkpt lat="58.6982359" lon="14.60536167">
<ele>142.4</ele>
<time>2023-09-10T09:13:10Z</time>
<extensions>
<tp1:TrackPointExtension>
<tp1:hr>154</tp1:hr>
</tp1:TrackPointExtension>
</extensions>
</trkpt>
<trkpt lat="58.69821738" lon="14.60536812">
<ele>142.8</ele>
<time>2023-09-10T09:13:11Z</time>
<extensions>
<tp1:TrackPointExtension>
<tp1:hr>157</tp1:hr>
</tp1:TrackPointExtension>
</extensions>
</trkpt>
<trkpt lat="58.69816742" lon="14.60535161">
<ele>143.6</ele>
<time>2023-09-10T09:13:14Z</time>
<extensions>
<tp1:TrackPointExtension>
<tp1:hr>160</tp1:hr>
</tp1:TrackPointExtension>
</extensions>
</trkpt>
<trkpt lat="58.69815242" lon="14.60533971">
<ele>143.8</ele>
<time>2023-09-10T09:13:15Z</time>
<extensions>
<tp1:TrackPointExtension>
<tp1:hr>161</tp1:hr>
</tp1:TrackPointExtension>
</extensions>
</trkpt>
<trkpt lat="58.69814211" lon="14.60533476">
<ele>143.8</ele>
<time>2023-09-10T09:13:16Z</time>
<extensions>
<tp1:TrackPointExtension>
<tp1:hr>163</tp1:hr>
</tp1:TrackPointExtension>
</extensions>
</trkpt>
<trkpt lat="58.69813154" lon="14.60534038">
<ele>143.8</ele>
<time>2023-09-10T09:13:17Z</time>
<extensions>
<tp1:TrackPointExtension>
<tp1:hr>162</tp1:hr>
</tp1:TrackPointExtension>
</extensions>
</trkpt>
<trkpt lat="58.69809969" lon="14.60537131">
<ele>143.6</ele>
<time>2023-09-10T09:13:19Z</time>
<extensions>
<tp1:TrackPointExtension>
<tp1:hr>159</tp1:hr>
</tp1:TrackPointExtension>
</extensions>
</trkpt>
<trkpt lat="58.69808746" lon="14.60540266">
<ele>143.2</ele>
<time>2023-09-10T09:13:20Z</time>
<extensions>
<tp1:TrackPointExtension>
<tp1:hr>157</tp1:hr>
</tp1:TrackPointExtension>
</extensions>
</trkpt>
<trkpt lat="58.69805963" lon="14.60548673">
<ele>143.0</ele>
<time>2023-09-10T09:13:23Z</time>
<extensions>
<tp1:TrackPointExtension>
<tp1:hr>156</tp1:hr>
</tp1:TrackPointExtension>
</extensions>
</trkpt>
<trkpt lat="58.69804286" lon="14.60550089">
<ele>143.0</ele>
<time>2023-09-10T09:13:24Z</time>
<extensions>
<tp1:TrackPointExtension>
<tp1:hr>156</tp1:hr>
</tp1:TrackPointExtension>
</extensions>
</trkpt>
<trkpt lat="58.69798394" lon="14.6056055">
<ele>144.2</ele>
<time>2023-09-10T09:13:29Z</time>
<extensions>
<tp1:TrackPointExtension>
<tp1:hr>155</tp1:hr>
</tp1:TrackPointExtension>
</extensions>
</trkpt>
<trkpt lat="58.69797832" lon="14.60562855">
<ele>144.4</ele>
<time>2023-09-10T09:13:30Z</time>
<extensions>
<tp1:TrackPointExtension>
<tp1:hr>155</tp1:hr>
</tp1:TrackPointExtension>
</extensions>
</trkpt>
<trkpt lat="58.69794019" lon="14.60567641">
<ele>144.8</ele>
<time>2023-09-10T09:13:33Z</time>
<extensions>
<tp1:TrackPointExtension>
<tp1:hr>159</tp1:hr>
</tp1:TrackPointExtension>
</extensions>
</trkpt>
<trkpt lat="58.6979246" lon="14.6056827">
<ele>145.0</ele>
<time>2023-09-10T09:13:34Z</time>
<extensions>
<tp1:TrackPointExtension>
<tp1:hr>161</tp1:hr>
</tp1:TrackPointExtension>
</extensions>
</trkpt>
<trkpt lat="58.69791261" lon="14.60568773">
<ele>145.0</ele>
<time>2023-09-10T09:13:35Z</time>
<extensions>
<tp1:TrackPointExtension>
<tp1:hr>158</tp1:hr>
</tp1:TrackPointExtension>
</extensions>
</trkpt>
<trkpt lat="58.69789249" lon="14.60572804">
<ele>145.2</ele>
<time>2023-09-10T09:13:38Z</time>
<extensions>
<tp1:TrackPointExtension>
<tp1:hr>158</tp1:hr>
</tp1:TrackPointExtension>
</extensions>
</trkpt>
<trkpt lat="58.6978743" lon="14.60581924">
<ele>146.2</ele>
<time>2023-09-10T09:13:42Z</time>
<extensions>
<tp1:TrackPointExtension>
<tp1:hr>156</tp1:hr>
</tp1:TrackPointExtension>
</extensions>
</trkpt>
<trkpt lat="58.69786056" lon="14.60584329">
<ele>146.6</ele>
<time>2023-09-10T09:13:44Z</time>
<extensions>
<tp1:TrackPointExtension>
<tp1:hr>156</tp1:hr>
</tp1:TrackPointExtension>
</extensions>
</trkpt>
<trkpt lat="58.69785176" lon="14.60586676">
<ele>147.2</ele>
<time>2023-09-10T09:13:46Z</time>
<extensions>
<tp1:TrackPointExtension>
<tp1:hr>155</tp1:hr>
</tp1:TrackPointExtension>
</extensions>
</trkpt>
<trkpt lat="58.69785134" lon="14.60591488">
<ele>148.6</ele>
<time>2023-09-10T09:13:49Z</time>
<extensions>
<tp1:TrackPointExtension>
<tp1:hr>155</tp1:hr>
</tp1:TrackPointExtension>
</extensions>
</trkpt>
<trkpt lat="58.69784446" lon="14.60594421">
<ele>149.2</ele>
<time>2023-09-10T09:13:51Z</time>
<extensions>
<tp1:TrackPointExtension>
<tp1:hr>154</tp1:hr>
</tp1:TrackPointExtension>
</extensions>
</trkpt>
<trkpt lat="58.69783902" lon="14.60597984">
<ele>149.6</ele>
<time>2023-09-10T09:13:53Z</time>
<extensions>
<tp1:TrackPointExtension>
<tp1:hr>155</tp1:hr>
</tp1:TrackPointExtension>
</extensions>
</trkpt>
<trkpt lat="58.69782183" lon="14.60600574">
<ele>150.4</ele>
<time>2023-09-10T09:13:55Z</time>
<extensions>
<tp1:TrackPointExtension>
<tp1:hr>156</tp1:hr>
</tp1:TrackPointExtension>
</extensions>
</trkpt>
<trkpt lat="58.69781043" lon="14.60601672">
<ele>150.8</ele>
<time>2023-09-10T09:13:56Z</time>
<extensions>
<tp1:TrackPointExtension>
<tp1:hr>156</tp1:hr>
</tp1:TrackPointExtension>
</extensions>
</trkpt>
<trkpt lat="58.6977987" lon="14.60602459">
<ele>151.2</ele>
<time>2023-09-10T09:13:57Z</time>
<extensions>
<tp1:TrackPointExtension>
<tp1:hr>155</tp1:hr>
</tp1:TrackPointExtension>
</extensions>
</trkpt>
<trkpt lat="58.69778445" lon="14.60604723">
<ele>151.6</ele>
<time>2023-09-10T09:13:58Z</time>
<extensions>
<tp1:TrackPointExtension>
<tp1:hr>153</tp1:hr>
</tp1:TrackPointExtension>
</extensions>
</trkpt>
<trkpt lat="58.697778" lon="14.60607296">
<ele>152.0</ele>
<time>2023-09-10T09:14:01Z</time>
<extensions>
<tp1:TrackPointExtension>
<tp1:hr>153</tp1:hr>
</tp1:TrackPointExtension>
</extensions>
</trkpt>
<trkpt lat="58.6977702" lon="14.60611579">
<ele>152.0</ele>
<time>2023-09-10T09:14:03Z</time>
<extensions>
<tp1:TrackPointExtension>
<tp1:hr>154</tp1:hr>
</tp1:TrackPointExtension>
</extensions>
</trkpt>
<trkpt lat="58.69776065" lon="14.60613096">
<ele>152.0</ele>
<time>2023-09-10T09:14:04Z</time>
<extensions>
<tp1:TrackPointExtension>
<tp1:hr>155</tp1:hr>
</tp1:TrackPointExtension>
</extensions>
</trkpt>
<trkpt lat="58.69774656" lon="14.60615845">
<ele>152.0</ele>
<time>2023-09-10T09:14:06Z</time>
<extensions>
<tp1:TrackPointExtension>
<tp1:hr>157</tp1:hr>
</tp1:TrackPointExtension>
</extensions>
</trkpt>
<trkpt lat="58.69771186" lon="14.60619902">
<ele>153.0</ele>
<time>2023-09-10T09:14:10Z</time>
<extensions>
<tp1:TrackPointExtension>
<tp1:hr>158</tp1:hr>
</tp1:TrackPointExtension>
</extensions>
</trkpt>
<trkpt lat="58.69770206" lon="14.60620573">
<ele>153.2</ele>
<time>2023-09-10T09:14:11Z</time>
<extensions>
<tp1:TrackPointExtension>
<tp1:hr>158</tp1:hr>
</tp1:TrackPointExtension>
</extensions>
</trkpt>
<trkpt lat="58.69769074" lon="14.60626692">
<ele>153.3</ele>
<time>2023-09-10T09:14:13Z</time>
<extensions>
<tp1:TrackPointExtension>
<tp1:hr>158</tp1:hr>
</tp1:TrackPointExtension>
</extensions>
</trkpt>
<trkpt lat="58.69767968" lon="14.60636666">
<ele>153.7</ele>
<time>2023-09-10T09:14:15Z</time>
<extensions>
<tp1:TrackPointExtension>
<tp1:hr>157</tp1:hr>
</tp1:TrackPointExtension>
</extensions>
</trkpt>
<trkpt lat="58.6976547" lon="14.60642877">
<ele>154.1</ele>
<time>2023-09-10T09:14:17Z</time>
<extensions>
<tp1:TrackPointExtension>
<tp1:hr>156</tp1:hr>
</tp1:TrackPointExtension>
</extensions>
</trkpt>
<trkpt lat="58.69764389" lon="14.60649264">
<ele>154.5</ele>
<time>2023-09-10T09:14:19Z</time>
<extensions>
<tp1:TrackPointExtension>
<tp1:hr>157</tp1:hr>
</tp1:TrackPointExtension>
</extensions>
</trkpt>
<trkpt lat="58.69763643" lon="14.60652717">
<ele>154.9</ele>
<time>2023-09-10T09:14:20Z</time>
<extensions>
<tp1:TrackPointExtension>
<tp1:hr>158</tp1:hr>
</tp1:TrackPointExtension>
</extensions>
</trkpt>
<trkpt lat="58.69761455" lon="14.60658375">
<ele>155.1</ele>
<time>2023-09-10T09:14:22Z</time>
<extensions>
<tp1:TrackPointExtension>
<tp1:hr>160</tp1:hr>
</tp1:TrackPointExtension>
</extensions>
</trkpt>
<trkpt lat="58.697591" lon="14.60663639">
<ele>155.3</ele>
<time>2023-09-10T09:14:24Z</time>
<extensions>
<tp1:TrackPointExtension>
<tp1:hr>163</tp1:hr>
</tp1:TrackPointExtension>
</extensions>
</trkpt>
<trkpt lat="58.69757163" lon="14.60666338">
<ele>155.3</ele>
<time>2023-09-10T09:14:25Z</time>
<extensions>
<tp1:TrackPointExtension>
<tp1:hr>163</tp1:hr>
</tp1:TrackPointExtension>
</extensions>
</trkpt>
<trkpt lat="58.6975309" lon="14.60671292">
<ele>155.5</ele>
<time>2023-09-10T09:14:27Z</time>
<extensions>
<tp1:TrackPointExtension>
<tp1:hr>167</tp1:hr>
</tp1:TrackPointExtension>
</extensions>
</trkpt>
<trkpt lat="58.69748605" lon="14.60679791">
<ele>156.3</ele>
<time>2023-09-10T09:14:30Z</time>
<extensions>
<tp1:TrackPointExtension>
<tp1:hr>170</tp1:hr>
</tp1:TrackPointExtension>
</extensions>
</trkpt>
<trkpt lat="58.69740911" lon="14.60691819">
<ele>156.1</ele>
<time>2023-09-10T09:14:34Z</time>
<extensions>
<tp1:TrackPointExtension>
<tp1:hr>172</tp1:hr>
</tp1:TrackPointExtension>
</extensions>
</trkpt>
<trkpt lat="58.69732722" lon="14.60702288">
<ele>156.1</ele>
<time>2023-09-10T09:14:39Z</time>
<extensions>
<tp1:TrackPointExtension>
<tp1:hr>169</tp1:hr>
</tp1:TrackPointExtension>
</extensions>
</trkpt>
<trkpt lat="58.69728028" lon="14.6070787">
<ele>156.1</ele>
<time>2023-09-10T09:14:41Z</time>
<extensions>
<tp1:TrackPointExtension>
<tp1:hr>167</tp1:hr>
</tp1:TrackPointExtension>
</extensions>
</trkpt>
<trkpt lat="58.69723326" lon="14.60715355">
<ele>156.1</ele>
<time>2023-09-10T09:14:44Z</time>
<extensions>
<tp1:TrackPointExtension>
<tp1:hr>171</tp1:hr>
</tp1:TrackPointExtension>
</extensions>
</trkpt>
<trkpt lat="58.69721658" lon="14.60718281">
<ele>156.1</ele>
<time>2023-09-10T09:14:46Z</time>
<extensions>
<tp1:TrackPointExtension>
<tp1:hr>168</tp1:hr>
</tp1:TrackPointExtension>
</extensions>
</trkpt>
<trkpt lat="58.69718238" lon="14.60713092">
<ele>156.1</ele>
<time>2023-09-10T09:14:50Z</time>
<extensions>
<tp1:TrackPointExtension>
<tp1:hr>164</tp1:hr>
</tp1:TrackPointExtension>
</extensions>
</trkpt>
<trkpt lat="58.69716117" lon="14.60710477">
<ele>156.1</ele>
<time>2023-09-10T09:14:51Z</time>
<extensions>
<tp1:TrackPointExtension>
<tp1:hr>163</tp1:hr>
</tp1:TrackPointExtension>
</extensions>
</trkpt>
<trkpt lat="58.6970771" lon="14.60702657">
<ele>155.9</ele>
<time>2023-09-10T09:14:57Z</time>
<extensions>
<tp1:TrackPointExtension>
<tp1:hr>162</tp1:hr>
</tp1:TrackPointExtension>
</extensions>
</trkpt>
<trkpt lat="58.69700896" lon="14.60690889">
<ele>155.9</ele>
<time>2023-09-10T09:15:02Z</time>
<extensions>
<tp1:TrackPointExtension>
<tp1:hr>162</tp1:hr>
</tp1:TrackPointExtension>
</extensions>
</trkpt>
<trkpt lat="58.69694467" lon="14.6067415">
<ele>156.1</ele>
<time>2023-09-10T09:15:08Z</time>
<extensions>
<tp1:TrackPointExtension>
<tp1:hr>163</tp1:hr>
</tp1:TrackPointExtension>
</extensions>
</trkpt>
<trkpt lat="58.69691139" lon="14.60657084">
<ele>156.1</ele>
<time>2023-09-10T09:15:13Z</time>
<extensions>
<tp1:TrackPointExtension>
<tp1:hr>165</tp1:hr>
</tp1:TrackPointExtension>
</extensions>
</trkpt>
<trkpt lat="58.69689379" lon="14.60649792">
<ele>156.1</ele>
<time>2023-09-10T09:15:15Z</time>
<extensions>
<tp1:TrackPointExtension>
<tp1:hr>165</tp1:hr>
</tp1:TrackPointExtension>
</extensions>
</trkpt>
<trkpt lat="58.696873" lon="14.60644143">
<ele>156.3</ele>
<time>2023-09-10T09:15:17Z</time>
<extensions>
<tp1:TrackPointExtension>
<tp1:hr>168</tp1:hr>
</tp1:TrackPointExtension>
</extensions>
</trkpt>
<trkpt lat="58.69686621" lon="14.60639994">
<ele>156.3</ele>
<time>2023-09-10T09:15:19Z</time>
<extensions>
<tp1:TrackPointExtension>
<tp1:hr>167</tp1:hr>
</tp1:TrackPointExtension>
</extensions>
</trkpt>
<trkpt lat="58.69685205" lon="14.60634545">
<ele>156.3</ele>
<time>2023-09-10T09:15:21Z</time>
<extensions>
<tp1:TrackPointExtension>
<tp1:hr>163</tp1:hr>
</tp1:TrackPointExtension>
</extensions>
</trkpt>
<trkpt lat="58.69682204" lon="14.60618142">
<ele>156.3</ele>
<time>2023-09-10T09:15:24Z</time>
<extensions>
<tp1:TrackPointExtension>
<tp1:hr>162</tp1:hr>
</tp1:TrackPointExtension>
</extensions>
</trkpt>
<trkpt lat="58.69682011" lon="14.60603591">
<ele>156.5</ele>
<time>2023-09-10T09:15:28Z</time>
<extensions>
<tp1:TrackPointExtension>
<tp1:hr>161</tp1:hr>
</tp1:TrackPointExtension>
</extensions>
</trkpt>
<trkpt lat="58.6968129" lon="14.60600607">
<ele>156.5</ele>
<time>2023-09-10T09:15:29Z</time>
<extensions>
<tp1:TrackPointExtension>
<tp1:hr>162</tp1:hr>
</tp1:TrackPointExtension>
</extensions>
</trkpt>
<trkpt lat="58.69679438" lon="14.60596877">
<ele>156.5</ele>
<time>2023-09-10T09:15:31Z</time>
<extensions>
<tp1:TrackPointExtension>
<tp1:hr>163</tp1:hr>
</tp1:TrackPointExtension>
</extensions>
</trkpt>
<trkpt lat="58.69674644" lon="14.60594371">
<ele>156.5</ele>
<time>2023-09-10T09:15:34Z</time>
<extensions>
<tp1:TrackPointExtension>
<tp1:hr>162</tp1:hr>
</tp1:TrackPointExtension>
</extensions>
</trkpt>
<trkpt lat="58.69664862" lon="14.60586442">
<ele>156.5</ele>
<time>2023-09-10T09:15:38Z</time>
<extensions>
<tp1:TrackPointExtension>
<tp1:hr>162</tp1:hr>
</tp1:TrackPointExtension>
</extensions>
</trkpt>
<trkpt lat="58.69659682" lon="14.60580952">
<ele>156.5</ele>
<time>2023-09-10T09:15:42Z</time>
<extensions>
<tp1:TrackPointExtension>
<tp1:hr>163</tp1:hr>
</tp1:TrackPointExtension>
</extensions>
</trkpt>
<trkpt lat="58.69657787" lon="14.60579317">
<ele>156.3</ele>
<time>2023-09-10T09:15:44Z</time>
<extensions>
<tp1:TrackPointExtension>
<tp1:hr>163</tp1:hr>
</tp1:TrackPointExtension>
</extensions>
</trkpt>
<trkpt lat="58.69648785" lon="14.60570927">
<ele>156.3</ele>
<time>2023-09-10T09:15:50Z</time>
<extensions>
<tp1:TrackPointExtension>
<tp1:hr>162</tp1:hr>
</tp1:TrackPointExtension>
</extensions>
</trkpt>
<trkpt lat="58.69646086" lon="14.60566149">
<ele>156.3</ele>
<time>2023-09-10T09:15:52Z</time>
<extensions>
<tp1:TrackPointExtension>
<tp1:hr>161</tp1:hr>
</tp1:TrackPointExtension>
</extensions>
</trkpt>
<trkpt lat="58.69641225" lon="14.60559812">
<ele>156.3</ele>
<time>2023-09-10T09:15:55Z</time>
<extensions>
<tp1:TrackPointExtension>
<tp1:hr>160</tp1:hr>
</tp1:TrackPointExtension>
</extensions>
</trkpt>
<trkpt lat="58.69633019" lon="14.60543116">
<ele>156.3</ele>
<time>2023-09-10T09:16:00Z</time>
<extensions>
<tp1:TrackPointExtension>
<tp1:hr>160</tp1:hr>
</tp1:TrackPointExtension>
</extensions>
</trkpt>
<trkpt lat="58.69627797" lon="14.60527274">
<ele>156.3</ele>
<time>2023-09-10T09:16:05Z</time>
<extensions>
<tp1:TrackPointExtension>
<tp1:hr>162</tp1:hr>
</tp1:TrackPointExtension>
</extensions>
</trkpt>
<trkpt lat="58.69627361" lon="14.605217">
<ele>156.3</ele>
<time>2023-09-10T09:16:08Z</time>
<extensions>
<tp1:TrackPointExtension>
<tp1:hr>162</tp1:hr>
</tp1:TrackPointExtension>
</extensions>
</trkpt>
<trkpt lat="58.69626992" lon="14.6051766">
<ele>156.3</ele>
<time>2023-09-10T09:16:10Z</time>
<extensions>
<tp1:TrackPointExtension>
<tp1:hr>164</tp1:hr>
</tp1:TrackPointExtension>
</extensions>
</trkpt>
<trkpt lat="58.69626414" lon="14.60511683">
<ele>156.1</ele>
<time>2023-09-10T09:16:13Z</time>
<extensions>
<tp1:TrackPointExtension>
<tp1:hr>162</tp1:hr>
</tp1:TrackPointExtension>
</extensions>
</trkpt>
<trkpt lat="58.6962509" lon="14.60509085">
<ele>156.1</ele>
<time>2023-09-10T09:16:16Z</time>
<extensions>
<tp1:TrackPointExtension>
<tp1:hr>159</tp1:hr>
</tp1:TrackPointExtension>
</extensions>
</trkpt>
<trkpt lat="58.69624394" lon="14.60507945">
<ele>156.1</ele>
<time>2023-09-10T09:16:17Z</time>
<extensions>
<tp1:TrackPointExtension>
<tp1:hr>159</tp1:hr>
</tp1:TrackPointExtension>
</extensions>
</trkpt>
<trkpt lat="58.69620044" lon="14.6049533">
<ele>155.9</ele>
<time>2023-09-10T09:16:23Z</time>
<extensions>
<tp1:TrackPointExtension>
<tp1:hr>157</tp1:hr>
</tp1:TrackPointExtension>
</extensions>
</trkpt>
<trkpt lat="58.69616842" lon="14.60490997">
<ele>155.9</ele>
<time>2023-09-10T09:16:26Z</time>
<extensions>
<tp1:TrackPointExtension>
<tp1:hr>156</tp1:hr>
</tp1:TrackPointExtension>
</extensions>
</trkpt>
<trkpt lat="58.69613984" lon="14.60491994">
<ele>155.7</ele>
<time>2023-09-10T09:16:29Z</time>
<extensions>
<tp1:TrackPointExtension>
<tp1:hr>155</tp1:hr>
</tp1:TrackPointExtension>
</extensions>
</trkpt>
<trkpt lat="58.696125" lon="14.60494014">
<ele>155.7</ele>
<time>2023-09-10T09:16:30Z</time>
<extensions>
<tp1:TrackPointExtension>
<tp1:hr>155</tp1:hr>
</tp1:TrackPointExtension>
</extensions>
</trkpt>
<trkpt lat="58.69608183" lon="14.60497971">
<ele>155.7</ele>
<time>2023-09-10T09:16:32Z</time>
<extensions>
<tp1:TrackPointExtension>
<tp1:hr>156</tp1:hr>
</tp1:TrackPointExtension>
</extensions>
</trkpt>
<trkpt lat="58.69604344" lon="14.60498767">
<ele>155.7</ele>
<time>2023-09-10T09:16:34Z</time>
<extensions>
<tp1:TrackPointExtension>
<tp1:hr>156</tp1:hr>
</tp1:TrackPointExtension>
</extensions>
</trkpt>
<trkpt lat="58.69602081" lon="14.60498096">
<ele>155.7</ele>
<time>2023-09-10T09:16:36Z</time>
<extensions>
<tp1:TrackPointExtension>
<tp1:hr>158</tp1:hr>
</tp1:TrackPointExtension>
</extensions>
</trkpt>
<trkpt lat="58.69599374" lon="14.60498784">
<ele>155.7</ele>
<time>2023-09-10T09:16:38Z</time>
<extensions>
<tp1:TrackPointExtension>
<tp1:hr>159</tp1:hr>
</tp1:TrackPointExtension>
</extensions>
</trkpt>
<trkpt lat="58.69597706" lon="14.60497459">
<ele>155.7</ele>
<time>2023-09-10T09:16:39Z</time>
<extensions>
<tp1:TrackPointExtension>
<tp1:hr>158</tp1:hr>
</tp1:TrackPointExtension>
</extensions>
</trkpt>
<trkpt lat="58.6959323" lon="14.60491173">
<ele>155.7</ele>
<time>2023-09-10T09:16:42Z</time>
<extensions>
<tp1:TrackPointExtension>
<tp1:hr>155</tp1:hr>
</tp1:TrackPointExtension>
</extensions>
</trkpt>
<trkpt lat="58.69590892" lon="14.60491005">
<ele>155.7</ele>
<time>2023-09-10T09:16:44Z</time>
<extensions>
<tp1:TrackPointExtension>
<tp1:hr>152</tp1:hr>
</tp1:TrackPointExtension>
</extensions>
</trkpt>
<trkpt lat="58.69586147" lon="14.60490645">
<ele>155.7</ele>
<time>2023-09-10T09:16:47Z</time>
<extensions>
<tp1:TrackPointExtension>
<tp1:hr>150</tp1:hr>
</tp1:TrackPointExtension>
</extensions>
</trkpt>
<trkpt lat="58.69584823" lon="14.60491684">
<ele>155.7</ele>
<time>2023-09-10T09:16:48Z</time>
<extensions>
<tp1:TrackPointExtension>
<tp1:hr>150</tp1:hr>
</tp1:TrackPointExtension>
</extensions>
</trkpt>
<trkpt lat="58.69576785" lon="14.60496512">
<ele>155.7</ele>
<time>2023-09-10T09:16:53Z</time>
<extensions>
<tp1:TrackPointExtension>
<tp1:hr>151</tp1:hr>
</tp1:TrackPointExtension>
</extensions>
</trkpt>
<trkpt lat="58.69576634" lon="14.60495833">
<ele>155.7</ele>
<time>2023-09-10T09:16:54Z</time>
<extensions>
<tp1:TrackPointExtension>
<tp1:hr>151</tp1:hr>
</tp1:TrackPointExtension>
</extensions>
</trkpt>
<trkpt lat="58.69573977" lon="14.60493193">
<ele>155.7</ele>
<time>2023-09-10T09:17:00Z</time>
<extensions>
<tp1:TrackPointExtension>
<tp1:hr>152</tp1:hr>
</tp1:TrackPointExtension>
</extensions>
</trkpt>
<trkpt lat="58.69576341" lon="14.60499035">
<ele>155.7</ele>
<time>2023-09-10T09:17:07Z</time>
<extensions>
<tp1:TrackPointExtension>
<tp1:hr>150</tp1:hr>
</tp1:TrackPointExtension>
</extensions>
</trkpt>
<trkpt lat="58.69580909" lon="14.60506587">
<ele>155.4</ele>
<time>2023-09-10T09:17:14Z</time>
<extensions>
<tp1:TrackPointExtension>
<tp1:hr>150</tp1:hr>
</tp1:TrackPointExtension>
</extensions>
</trkpt>
<trkpt lat="58.69577807" lon="14.60512195">
<ele>155.6</ele>
<time>2023-09-10T09:17:19Z</time>
<extensions>
<tp1:TrackPointExtension>
<tp1:hr>148</tp1:hr>
</tp1:TrackPointExtension>
</extensions>
</trkpt>
<trkpt lat="58.69573876" lon="14.60521071">
<ele>155.0</ele>
<time>2023-09-10T09:17:22Z</time>
<extensions>
<tp1:TrackPointExtension>
<tp1:hr>148</tp1:hr>
</tp1:TrackPointExtension>
</extensions>
</trkpt>
<trkpt lat="58.6957256" lon="14.60528263">
<ele>153.8</ele>
<time>2023-09-10T09:17:24Z</time>
<extensions>
<tp1:TrackPointExtension>
<tp1:hr>149</tp1:hr>
</tp1:TrackPointExtension>
</extensions>
</trkpt>
<trkpt lat="58.69567841" lon="14.60543962">
<ele>153.2</ele>
<time>2023-09-10T09:17:29Z</time>
<extensions>
<tp1:TrackPointExtension>
<tp1:hr>149</tp1:hr>
</tp1:TrackPointExtension>
</extensions>
</trkpt>
<trkpt lat="58.69569576" lon="14.60548069">
<ele>153.8</ele>
<time>2023-09-10T09:17:33Z</time>
<extensions>
<tp1:TrackPointExtension>
<tp1:hr>145</tp1:hr>
</tp1:TrackPointExtension>
</extensions>
</trkpt>
<trkpt lat="58.6957023" lon="14.60548497">
<ele>154.2</ele>
<time>2023-09-10T09:17:34Z</time>
<extensions>
<tp1:TrackPointExtension>
<tp1:hr>145</tp1:hr>
</tp1:TrackPointExtension>
</extensions>
</trkpt>
<trkpt lat="58.69570691" lon="14.60548958">
<ele>154.8</ele>
<time>2023-09-10T09:17:36Z</time>
<extensions>
<tp1:TrackPointExtension>
<tp1:hr>142</tp1:hr>
</tp1:TrackPointExtension>
</extensions>
</trkpt>
<trkpt lat="58.69570389" lon="14.60548807">
<ele>154.8</ele>
<time>2023-09-10T09:17:37Z</time>
<extensions>
<tp1:TrackPointExtension>
<tp1:hr>139</tp1:hr>
</tp1:TrackPointExtension>
</extensions>
</trkpt>
<trkpt lat="58.69569006" lon="14.60547508">
<ele>154.8</ele>
<time>2023-09-10T09:17:39Z</time>
<extensions>
<tp1:TrackPointExtension>
<tp1:hr>136</tp1:hr>
</tp1:TrackPointExtension>
</extensions>
</trkpt>
<trkpt lat="58.69566911" lon="14.60545261">
<ele>154.6</ele>
<time>2023-09-10T09:17:41Z</time>
<extensions>
<tp1:TrackPointExtension>
<tp1:hr>135</tp1:hr>
</tp1:TrackPointExtension>
</extensions>
</trkpt>
<trkpt lat="58.69559744" lon="14.60530157">
<ele>154.6</ele>
<time>2023-09-10T09:17:48Z</time>
<extensions>
<tp1:TrackPointExtension>
<tp1:hr>137</tp1:hr>
</tp1:TrackPointExtension>
</extensions>
</trkpt>
<trkpt lat="58.69557523" lon="14.60525572">
<ele>154.8</ele>
<time>2023-09-10T09:17:50Z</time>
<extensions>
<tp1:TrackPointExtension>
<tp1:hr>138</tp1:hr>
</tp1:TrackPointExtension>
</extensions>
</trkpt>
<trkpt lat="58.6955438" lon="14.60520769">
<ele>155.2</ele>
<time>2023-09-10T09:17:52Z</time>
<extensions>
<tp1:TrackPointExtension>
<tp1:hr>140</tp1:hr>
</tp1:TrackPointExtension>
</extensions>
</trkpt>
<trkpt lat="58.695464" lon="14.60511399">
<ele>154.6</ele>
<time>2023-09-10T09:17:57Z</time>
<extensions>
<tp1:TrackPointExtension>
<tp1:hr>143</tp1:hr>
</tp1:TrackPointExtension>
</extensions>
</trkpt>
<trkpt lat="58.69543307" lon="14.60507643">
<ele>154.0</ele>
<time>2023-09-10T09:17:59Z</time>
<extensions>
<tp1:TrackPointExtension>
<tp1:hr>143</tp1:hr>
</tp1:TrackPointExtension>
</extensions>
</trkpt>
<trkpt lat="58.69542075" lon="14.60505238">
<ele>153.6</ele>
<time>2023-09-10T09:18:00Z</time>
<extensions>
<tp1:TrackPointExtension>
<tp1:hr>143</tp1:hr>
</tp1:TrackPointExtension>
</extensions>
</trkpt>
<trkpt lat="58.69539016" lon="14.60495205">
<ele>153.8</ele>
<time>2023-09-10T09:18:04Z</time>
<extensions>
<tp1:TrackPointExtension>
<tp1:hr>143</tp1:hr>
</tp1:TrackPointExtension>
</extensions>
</trkpt>
<trkpt lat="58.69538396" lon="14.60492925">
<ele>154.0</ele>
<time>2023-09-10T09:18:05Z</time>
<extensions>
<tp1:TrackPointExtension>
<tp1:hr>145</tp1:hr>
</tp1:TrackPointExtension>
</extensions>
</trkpt>
<trkpt lat="58.6953718" lon="14.60487535">
<ele>154.8</ele>
<time>2023-09-10T09:18:07Z</time>
<extensions>
<tp1:TrackPointExtension>
<tp1:hr>144</tp1:hr>
</tp1:TrackPointExtension>
</extensions>
</trkpt>
<trkpt lat="58.6953594" lon="14.60470788">
<ele>155.6</ele>
<time>2023-09-10T09:18:11Z</time>
<extensions>
<tp1:TrackPointExtension>
<tp1:hr>144</tp1:hr>
</tp1:TrackPointExtension>
</extensions>
</trkpt>
<trkpt lat="58.69529075" lon="14.60448149">
<ele>156.0</ele>
<time>2023-09-10T09:18:15Z</time>
<extensions>
<tp1:TrackPointExtension>
<tp1:hr>146</tp1:hr>
</tp1:TrackPointExtension>
</extensions>
</trkpt>
<trkpt lat="58.69529134" lon="14.60443849">
<ele>156.0</ele>
<time>2023-09-10T09:18:16Z</time>
<extensions>
<tp1:TrackPointExtension>
<tp1:hr>145</tp1:hr>
</tp1:TrackPointExtension>
</extensions>
</trkpt>
<trkpt lat="58.69529377" lon="14.60439633">
<ele>156.2</ele>
<time>2023-09-10T09:18:17Z</time>
<extensions>
<tp1:TrackPointExtension>
<tp1:hr>145</tp1:hr>
</tp1:TrackPointExtension>
</extensions>
</trkpt>
<trkpt lat="58.69529016" lon="14.60430698">
<ele>156.0</ele>
<time>2023-09-10T09:18:19Z</time>
<extensions>
<tp1:TrackPointExtension>
<tp1:hr>145</tp1:hr>
</tp1:TrackPointExtension>
</extensions>
</trkpt>
<trkpt lat="58.69530433" lon="14.60418401">
<ele>156.6</ele>
<time>2023-09-10T09:18:22Z</time>
<extensions>
<tp1:TrackPointExtension>
<tp1:hr>144</tp1:hr>
</tp1:TrackPointExtension>
</extensions>
</trkpt>
<trkpt lat="58.69531028" lon="14.60411042">
<ele>157.0</ele>
<time>2023-09-10T09:18:24Z</time>
<extensions>
<tp1:TrackPointExtension>
<tp1:hr>143</tp1:hr>
</tp1:TrackPointExtension>
</extensions>
</trkpt>
<trkpt lat="58.69529762" lon="14.6040033">
<ele>157.2</ele>
<time>2023-09-10T09:18:26Z</time>
<extensions>
<tp1:TrackPointExtension>
<tp1:hr>141</tp1:hr>
</tp1:TrackPointExtension>
</extensions>
</trkpt>
<trkpt lat="58.69524113" lon="14.60389534">
<ele>157.0</ele>
<time>2023-09-10T09:18:27Z</time>
<extensions>
<tp1:TrackPointExtension>
<tp1:hr>142</tp1:hr>
</tp1:TrackPointExtension>
</extensions>
</trkpt>
<trkpt lat="58.69523727" lon="14.60387355">
<ele>156.4</ele>
<time>2023-09-10T09:18:29Z</time>
<extensions>
<tp1:TrackPointExtension>
<tp1:hr>141</tp1:hr>
</tp1:TrackPointExtension>
</extensions>
</trkpt>
<trkpt lat="58.69522881" lon="14.60383642">
<ele>156.0</ele>
<time>2023-09-10T09:18:30Z</time>
<extensions>
<tp1:TrackPointExtension>
<tp1:hr>144</tp1:hr>
</tp1:TrackPointExtension>
</extensions>
</trkpt>
<trkpt lat="58.69522269" lon="14.60379979">
<ele>155.6</ele>
<time>2023-09-10T09:18:31Z</time>
<extensions>
<tp1:TrackPointExtension>
<tp1:hr>150</tp1:hr>
</tp1:TrackPointExtension>
</extensions>
</trkpt>
<trkpt lat="58.69522235" lon="14.60371915">
<ele>154.8</ele>
<time>2023-09-10T09:18:33Z</time>
<extensions>
<tp1:TrackPointExtension>
<tp1:hr>154</tp1:hr>
</tp1:TrackPointExtension>
</extensions>
</trkpt>
<trkpt lat="58.69523375" lon="14.60366266">
<ele>153.8</ele>
<time>2023-09-10T09:18:35Z</time>
<extensions>
<tp1:TrackPointExtension>
<tp1:hr>155</tp1:hr>
</tp1:TrackPointExtension>
</extensions>
</trkpt>
<trkpt lat="58.69521414" lon="14.60356719">
<ele>153.6</ele>
<time>2023-09-10T09:18:38Z</time>
<extensions>
<tp1:TrackPointExtension>
<tp1:hr>156</tp1:hr>
</tp1:TrackPointExtension>
</extensions>
</trkpt>
<trkpt lat="58.69519654" lon="14.60351698">
<ele>153.8</ele>
<time>2023-09-10T09:18:40Z</time>
<extensions>
<tp1:TrackPointExtension>
<tp1:hr>156</tp1:hr>
</tp1:TrackPointExtension>
</extensions>
</trkpt>
<trkpt lat="58.69519008" lon="14.60349049">
<ele>154.4</ele>
<time>2023-09-10T09:18:42Z</time>
<extensions>
<tp1:TrackPointExtension>
<tp1:hr>156</tp1:hr>
</tp1:TrackPointExtension>
</extensions>
</trkpt>
<trkpt lat="58.69518975" lon="14.60347356">
<ele>154.8</ele>
<time>2023-09-10T09:18:43Z</time>
<extensions>
<tp1:TrackPointExtension>
<tp1:hr>156</tp1:hr>
</tp1:TrackPointExtension>
</extensions>
</trkpt>
<trkpt lat="58.69519193" lon="14.6034511">
<ele>155.0</ele>
<time>2023-09-10T09:18:44Z</time>
<extensions>
<tp1:TrackPointExtension>
<tp1:hr>156</tp1:hr>
</tp1:TrackPointExtension>
</extensions>
</trkpt>
<trkpt lat="58.6952014" lon="14.60339377">
<ele>155.4</ele>
<time>2023-09-10T09:18:46Z</time>
<extensions>
<tp1:TrackPointExtension>
<tp1:hr>155</tp1:hr>
</tp1:TrackPointExtension>
</extensions>
</trkpt>
<trkpt lat="58.69518598" lon="14.60331338">
<ele>156.0</ele>
<time>2023-09-10T09:18:48Z</time>
<extensions>
<tp1:TrackPointExtension>
<tp1:hr>154</tp1:hr>
</tp1:TrackPointExtension>
</extensions>
</trkpt>
<trkpt lat="58.69518681" lon="14.60326829">
<ele>156.2</ele>
<time>2023-09-10T09:18:49Z</time>
<extensions>
<tp1:TrackPointExtension>
<tp1:hr>154</tp1:hr>
</tp1:TrackPointExtension>
</extensions>
</trkpt>
<trkpt lat="58.69518279" lon="14.60317676">
<ele>157.2</ele>
<time>2023-09-10T09:18:51Z</time>
<extensions>
<tp1:TrackPointExtension>
<tp1:hr>153</tp1:hr>
</tp1:TrackPointExtension>
</extensions>
</trkpt>
<trkpt lat="58.69520148" lon="14.60305338">
<ele>158.4</ele>
<time>2023-09-10T09:18:54Z</time>
<extensions>
<tp1:TrackPointExtension>
<tp1:hr>153</tp1:hr>
</tp1:TrackPointExtension>
</extensions>
</trkpt>
<trkpt lat="58.69520911" lon="14.60297978">
<ele>158.4</ele>
<time>2023-09-10T09:18:56Z</time>
<extensions>
<tp1:TrackPointExtension>
<tp1:hr>155</tp1:hr>
</tp1:TrackPointExtension>
</extensions>
</trkpt>
<trkpt lat="58.69522487" lon="14.60280393">
<ele>158.4</ele>
<time>2023-09-10T09:19:01Z</time>
<extensions>
<tp1:TrackPointExtension>
<tp1:hr>156</tp1:hr>
</tp1:TrackPointExtension>
</extensions>
</trkpt>
<trkpt lat="58.69519964" lon="14.60257351">
<ele>158.4</ele>
<time>2023-09-10T09:19:07Z</time>
<extensions>
<tp1:TrackPointExtension>
<tp1:hr>159</tp1:hr>
</tp1:TrackPointExtension>
</extensions>
</trkpt>
<trkpt lat="58.69516695" lon="14.60247452">
<ele>158.4</ele>
<time>2023-09-10T09:19:11Z</time>
<extensions>
<tp1:TrackPointExtension>
<tp1:hr>162</tp1:hr>
</tp1:TrackPointExtension>
</extensions>
</trkpt>
<trkpt lat="58.69517332" lon="14.60245441">
<ele>158.8</ele>
<time>2023-09-10T09:19:12Z</time>
<extensions>
<tp1:TrackPointExtension>
<tp1:hr>162</tp1:hr>
</tp1:TrackPointExtension>
</extensions>
</trkpt>
<trkpt lat="58.69519629" lon="14.60237838">
<ele>159.4</ele>
<time>2023-09-10T09:19:15Z</time>
<extensions>
<tp1:TrackPointExtension>
<tp1:hr>163</tp1:hr>
</tp1:TrackPointExtension>
</extensions>
</trkpt>
<trkpt lat="58.6951993" lon="14.60234385">
<ele>159.4</ele>
<time>2023-09-10T09:19:16Z</time>
<extensions>
<tp1:TrackPointExtension>
<tp1:hr>163</tp1:hr>
</tp1:TrackPointExtension>
</extensions>
</trkpt>
<trkpt lat="58.69520769" lon="14.60231384">
<ele>159.6</ele>
<time>2023-09-10T09:19:17Z</time>
<extensions>
<tp1:TrackPointExtension>
<tp1:hr>163</tp1:hr>
</tp1:TrackPointExtension>
</extensions>
</trkpt>
<trkpt lat="58.69524012" lon="14.60219172">
<ele>159.8</ele>
<time>2023-09-10T09:19:21Z</time>
<extensions>
<tp1:TrackPointExtension>
<tp1:hr>163</tp1:hr>
</tp1:TrackPointExtension>
</extensions>
</trkpt>
<trkpt lat="58.69527021" lon="14.60207898">
<ele>160.6</ele>
<time>2023-09-10T09:19:24Z</time>
<extensions>
<tp1:TrackPointExtension>
<tp1:hr>164</tp1:hr>
</tp1:TrackPointExtension>
</extensions>
</trkpt>
<trkpt lat="58.69527281" lon="14.60204654">
<ele>160.8</ele>
<time>2023-09-10T09:19:25Z</time>
<extensions>
<tp1:TrackPointExtension>
<tp1:hr>161</tp1:hr>
</tp1:TrackPointExtension>
</extensions>
</trkpt>
<trkpt lat="58.69528656" lon="14.60198142">
<ele>161.6</ele>
<time>2023-09-10T09:19:27Z</time>
<extensions>
<tp1:TrackPointExtension>
<tp1:hr>159</tp1:hr>
</tp1:TrackPointExtension>
</extensions>
</trkpt>
<trkpt lat="58.69529913" lon="14.6019535">
<ele>162.0</ele>
<time>2023-09-10T09:19:28Z</time>
<extensions>
<tp1:TrackPointExtension>
<tp1:hr>158</tp1:hr>
</tp1:TrackPointExtension>
</extensions>
</trkpt>
<trkpt lat="58.69530944" lon="14.60173901">
<ele>162.8</ele>
<time>2023-09-10T09:19:33Z</time>
<extensions>
<tp1:TrackPointExtension>
<tp1:hr>156</tp1:hr>
</tp1:TrackPointExtension>
</extensions>
</trkpt>
<trkpt lat="58.69531866" lon="14.60170104">
<ele>163.4</ele>
<time>2023-09-10T09:19:34Z</time>
<extensions>
<tp1:TrackPointExtension>
<tp1:hr>156</tp1:hr>
</tp1:TrackPointExtension>
</extensions>
</trkpt>
<trkpt lat="58.69534708" lon="14.60162133">
<ele>164.0</ele>
<time>2023-09-10T09:19:36Z</time>
<extensions>
<tp1:TrackPointExtension>
<tp1:hr>156</tp1:hr>
</tp1:TrackPointExtension>
</extensions>
</trkpt>
<trkpt lat="58.69536962" lon="14.60146576">
<ele>164.2</ele>
<time>2023-09-10T09:19:39Z</time>
<extensions>
<tp1:TrackPointExtension>
<tp1:hr>154</tp1:hr>
</tp1:TrackPointExtension>
</extensions>
</trkpt>
<trkpt lat="58.69537046" lon="14.6013801">
<ele>164.8</ele>
<time>2023-09-10T09:19:41Z</time>
<extensions>
<tp1:TrackPointExtension>
<tp1:hr>157</tp1:hr>
</tp1:TrackPointExtension>
</extensions>
</trkpt>
<trkpt lat="58.69537868" lon="14.60127558">
<ele>165.0</ele>
<time>2023-09-10T09:19:44Z</time>
<extensions>
<tp1:TrackPointExtension>
<tp1:hr>156</tp1:hr>
</tp1:TrackPointExtension>
</extensions>
</trkpt>
<trkpt lat="58.69538647" lon="14.60124808">
<ele>165.2</ele>
<time>2023-09-10T09:19:45Z</time>
<extensions>
<tp1:TrackPointExtension>
<tp1:hr>156</tp1:hr>
</tp1:TrackPointExtension>
</extensions>
</trkpt>
<trkpt lat="58.69539695" lon="14.60117516">
<ele>165.2</ele>
<time>2023-09-10T09:19:47Z</time>
<extensions>
<tp1:TrackPointExtension>
<tp1:hr>157</tp1:hr>
</tp1:TrackPointExtension>
</extensions>
</trkpt>
<trkpt lat="58.69539712" lon="14.60113241">
<ele>165.2</ele>
<time>2023-09-10T09:19:48Z</time>
<extensions>
<tp1:TrackPointExtension>
<tp1:hr>157</tp1:hr>
</tp1:TrackPointExtension>
</extensions>
</trkpt>
<trkpt lat="58.6954086" lon="14.60103887">
<ele>165.8</ele>
<time>2023-09-10T09:19:51Z</time>
<extensions>
<tp1:TrackPointExtension>
<tp1:hr>158</tp1:hr>
</tp1:TrackPointExtension>
</extensions>
</trkpt>
<trkpt lat="58.69541581" lon="14.60096939">
<ele>166.2</ele>
<time>2023-09-10T09:19:53Z</time>
<extensions>
<tp1:TrackPointExtension>
<tp1:hr>157</tp1:hr>
</tp1:TrackPointExtension>
</extensions>
</trkpt>
<trkpt lat="58.69543467" lon="14.60081851">
<ele>166.6</ele>
<time>2023-09-10T09:19:59Z</time>
<extensions>
<tp1:TrackPointExtension>
<tp1:hr>157</tp1:hr>
</tp1:TrackPointExtension>
</extensions>
</trkpt>
<trkpt lat="58.69543333" lon="14.60077761">
<ele>166.6</ele>
<time>2023-09-10T09:20:01Z</time>
<extensions>
<tp1:TrackPointExtension>
<tp1:hr>157</tp1:hr>
</tp1:TrackPointExtension>
</extensions>
</trkpt>
<trkpt lat="58.69544464" lon="14.60070066">
<ele>167.4</ele>
<time>2023-09-10T09:20:05Z</time>
<extensions>
<tp1:TrackPointExtension>
<tp1:hr>157</tp1:hr>
</tp1:TrackPointExtension>
</extensions>
</trkpt>
<trkpt lat="58.69547649" lon="14.60061081">
<ele>168.5</ele>
<time>2023-09-10T09:20:09Z</time>
<extensions>
<tp1:TrackPointExtension>
<tp1:hr>155</tp1:hr>
</tp1:TrackPointExtension>
</extensions>
</trkpt>
<trkpt lat="58.6954754" lon="14.6004974">
<ele>169.7</ele>
<time>2023-09-10T09:20:11Z</time>
<extensions>
<tp1:TrackPointExtension>
<tp1:hr>156</tp1:hr>
</tp1:TrackPointExtension>
</extensions>
</trkpt>
<trkpt lat="58.69547322" lon="14.60048349">
<ele>169.9</ele>
<time>2023-09-10T09:20:14Z</time>
<extensions>
<tp1:TrackPointExtension>
<tp1:hr>155</tp1:hr>
</tp1:TrackPointExtension>
</extensions>
</trkpt>
<trkpt lat="58.6954713" lon="14.60040319">
<ele>170.7</ele>
<time>2023-09-10T09:20:18Z</time>
<extensions>
<tp1:TrackPointExtension>
<tp1:hr>153</tp1:hr>
</tp1:TrackPointExtension>
</extensions>
</trkpt>
<trkpt lat="58.69547683" lon="14.60036689">
<ele>171.1</ele>
<time>2023-09-10T09:20:19Z</time>
<extensions>
<tp1:TrackPointExtension>
<tp1:hr>153</tp1:hr>
</tp1:TrackPointExtension>
</extensions>
</trkpt>
<trkpt lat="58.69551647" lon="14.60021594">
<ele>171.9</ele>
<time>2023-09-10T09:20:23Z</time>
<extensions>
<tp1:TrackPointExtension>
<tp1:hr>150</tp1:hr>
</tp1:TrackPointExtension>
</extensions>
</trkpt>
<trkpt lat="58.69551983" lon="14.6001835">
<ele>172.3</ele>
<time>2023-09-10T09:20:24Z</time>
<extensions>
<tp1:TrackPointExtension>
<tp1:hr>150</tp1:hr>
</tp1:TrackPointExtension>
</extensions>
</trkpt>
<trkpt lat="58.69550977" lon="14.59993439">
<ele>172.7</ele>
<time>2023-09-10T09:20:30Z</time>
<extensions>
<tp1:TrackPointExtension>
<tp1:hr>151</tp1:hr>
</tp1:TrackPointExtension>
</extensions>
</trkpt>
<trkpt lat="58.69551706" lon="14.59986976">
<ele>172.9</ele>
<time>2023-09-10T09:20:32Z</time>
<extensions>
<tp1:TrackPointExtension>
<tp1:hr>152</tp1:hr>
</tp1:TrackPointExtension>
</extensions>
</trkpt>
<trkpt lat="58.69552259" lon="14.59977597">
<ele>173.5</ele>
<time>2023-09-10T09:20:35Z</time>
<extensions>
<tp1:TrackPointExtension>
<tp1:hr>154</tp1:hr>
</tp1:TrackPointExtension>
</extensions>
</trkpt>
<trkpt lat="58.69553743" lon="14.59956064">
<ele>174.1</ele>
<time>2023-09-10T09:20:40Z</time>
<extensions>
<tp1:TrackPointExtension>
<tp1:hr>158</tp1:hr>
</tp1:TrackPointExtension>
</extensions>
</trkpt>
<trkpt lat="58.69553986" lon="14.59953323">
<ele>174.5</ele>
<time>2023-09-10T09:20:41Z</time>
<extensions>
<tp1:TrackPointExtension>
<tp1:hr>158</tp1:hr>
</tp1:TrackPointExtension>
</extensions>
</trkpt>
<trkpt lat="58.69554196" lon="14.5993179">
<ele>174.5</ele>
<time>2023-09-10T09:20:47Z</time>
<extensions>
<tp1:TrackPointExtension>
<tp1:hr>158</tp1:hr>
</tp1:TrackPointExtension>
</extensions>
</trkpt>
<trkpt lat="58.69552578" lon="14.59923634">
<ele>174.5</ele>
<time>2023-09-10T09:20:49Z</time>
<extensions>
<tp1:TrackPointExtension>
<tp1:hr>158</tp1:hr>
</tp1:TrackPointExtension>
</extensions>
</trkpt>
<trkpt lat="58.69552167" lon="14.59920349">
<ele>174.5</ele>
<time>2023-09-10T09:20:50Z</time>
<extensions>
<tp1:TrackPointExtension>
<tp1:hr>155</tp1:hr>
</tp1:TrackPointExtension>
</extensions>
</trkpt>
<trkpt lat="58.69551287" lon="14.59913853">
<ele>174.5</ele>
<time>2023-09-10T09:20:52Z</time>
<extensions>
<tp1:TrackPointExtension>
<tp1:hr>159</tp1:hr>
</tp1:TrackPointExtension>
</extensions>
</trkpt>
<trkpt lat="58.69547473" lon="14.59903459">
<ele>174.5</ele>
<time>2023-09-10T09:20:55Z</time>
<extensions>
<tp1:TrackPointExtension>
<tp1:hr>159</tp1:hr>
</tp1:TrackPointExtension>
</extensions>
</trkpt>
<trkpt lat="58.69541908" lon="14.59897634">
<ele>174.5</ele>
<time>2023-09-10T09:20:57Z</time>
<extensions>
<tp1:TrackPointExtension>
<tp1:hr>159</tp1:hr>
</tp1:TrackPointExtension>
</extensions>
</trkpt>
<trkpt lat="58.69531816" lon="14.59887944">
<ele>174.5</ele>
<time>2023-09-10T09:21:02Z</time>
<extensions>
<tp1:TrackPointExtension>
<tp1:hr>162</tp1:hr>
</tp1:TrackPointExtension>
</extensions>
</trkpt>
<trkpt lat="58.695305" lon="14.59886259">
<ele>174.5</ele>
<time>2023-09-10T09:21:03Z</time>
<extensions>
<tp1:TrackPointExtension>
<tp1:hr>161</tp1:hr>
</tp1:TrackPointExtension>
</extensions>
</trkpt>
<trkpt lat="58.69524381" lon="14.59878749">
<ele>174.5</ele>
<time>2023-09-10T09:21:06Z</time>
<extensions>
<tp1:TrackPointExtension>
<tp1:hr>162</tp1:hr>
</tp1:TrackPointExtension>
</extensions>
</trkpt>
<trkpt lat="58.6951693" lon="14.59867668">
<ele>174.5</ele>
<time>2023-09-10T09:21:09Z</time>
<extensions>
<tp1:TrackPointExtension>
<tp1:hr>159</tp1:hr>
</tp1:TrackPointExtension>
</extensions>
</trkpt>
<trkpt lat="58.69513736" lon="14.59863394">
<ele>174.5</ele>
<time>2023-09-10T09:21:10Z</time>
<extensions>
<tp1:TrackPointExtension>
<tp1:hr>158</tp1:hr>
</tp1:TrackPointExtension>
</extensions>
</trkpt>
<trkpt lat="58.69499587" lon="14.59847854">
<ele>174.5</ele>
<time>2023-09-10T09:21:15Z</time>
<extensions>
<tp1:TrackPointExtension>
<tp1:hr>155</tp1:hr>
</tp1:TrackPointExtension>
</extensions>
</trkpt>
<trkpt lat="58.69496478" lon="14.59842154">
<ele>174.5</ele>
<time>2023-09-10T09:21:17Z</time>
<extensions>
<tp1:TrackPointExtension>
<tp1:hr>155</tp1:hr>
</tp1:TrackPointExtension>
</extensions>
</trkpt>
<trkpt lat="58.694931" lon="14.598271">
<ele>174.3</ele>
<time>2023-09-10T09:21:20Z</time>
<extensions>
<tp1:TrackPointExtension>
<tp1:hr>160</tp1:hr>
</tp1:TrackPointExtension>
</extensions>
</trkpt>
<trkpt lat="58.69493117" lon="14.59815214">
<ele>174.3</ele>
<time>2023-09-10T09:21:23Z</time>
<extensions>
<tp1:TrackPointExtension>
<tp1:hr>163</tp1:hr>
</tp1:TrackPointExtension>
</extensions>
</trkpt>
<trkpt lat="58.69492128" lon="14.59807185">
<ele>174.5</ele>
<time>2023-09-10T09:21:25Z</time>
<extensions>
<tp1:TrackPointExtension>
<tp1:hr>162</tp1:hr>
</tp1:TrackPointExtension>
</extensions>
</trkpt>
<trkpt lat="58.69487962" lon="14.59786842">
<ele>174.5</ele>
<time>2023-09-10T09:21:31Z</time>
<extensions>
<tp1:TrackPointExtension>
<tp1:hr>160</tp1:hr>
</tp1:TrackPointExtension>
</extensions>
</trkpt>
<trkpt lat="58.69487987" lon="14.59767915">
<ele>174.5</ele>
<time>2023-09-10T09:21:35Z</time>
<extensions>
<tp1:TrackPointExtension>
<tp1:hr>159</tp1:hr>
</tp1:TrackPointExtension>
</extensions>
</trkpt>
<trkpt lat="58.69494542" lon="14.5975349">
<ele>174.5</ele>
<time>2023-09-10T09:21:38Z</time>
<extensions>
<tp1:TrackPointExtension>
<tp1:hr>156</tp1:hr>
</tp1:TrackPointExtension>
</extensions>
</trkpt>
<trkpt lat="58.69500308" lon="14.59744714">
<ele>174.5</ele>
<time>2023-09-10T09:21:40Z</time>
<extensions>
<tp1:TrackPointExtension>
<tp1:hr>157</tp1:hr>
</tp1:TrackPointExtension>
</extensions>
</trkpt>
<trkpt lat="58.69512881" lon="14.59721312">
<ele>174.5</ele>
<time>2023-09-10T09:21:45Z</time>
<extensions>
<tp1:TrackPointExtension>
<tp1:hr>157</tp1:hr>
</tp1:TrackPointExtension>
</extensions>
</trkpt>
<trkpt lat="58.69525471" lon="14.59696217">
<ele>174.5</ele>
<time>2023-09-10T09:21:50Z</time>
<extensions>
<tp1:TrackPointExtension>
<tp1:hr>159</tp1:hr>
</tp1:TrackPointExtension>
</extensions>
</trkpt>
<trkpt lat="58.69530969" lon="14.59684943">
<ele>174.5</ele>
<time>2023-09-10T09:21:52Z</time>
<extensions>
<tp1:TrackPointExtension>
<tp1:hr>161</tp1:hr>
</tp1:TrackPointExtension>
</extensions>
</trkpt>
<trkpt lat="58.69541966" lon="14.59657727">
<ele>174.5</ele>
<time>2023-09-10T09:21:57Z</time>
<extensions>
<tp1:TrackPointExtension>
<tp1:hr>161</tp1:hr>
</tp1:TrackPointExtension>
</extensions>
</trkpt>
<trkpt lat="58.69554841" lon="14.5962658">
<ele>174.5</ele>
<time>2023-09-10T09:22:03Z</time>
<extensions>
<tp1:TrackPointExtension>
<tp1:hr>162</tp1:hr>
</tp1:TrackPointExtension>
</extensions>
</trkpt>
<trkpt lat="58.69565402" lon="14.5960073">
<ele>174.5</ele>
<time>2023-09-10T09:22:08Z</time>
<extensions>
<tp1:TrackPointExtension>
<tp1:hr>161</tp1:hr>
</tp1:TrackPointExtension>
</extensions>
</trkpt>
<trkpt lat="58.69567632" lon="14.59595843">
<ele>174.5</ele>
<time>2023-09-10T09:22:09Z</time>
<extensions>
<tp1:TrackPointExtension>
<tp1:hr>156</tp1:hr>
</tp1:TrackPointExtension>
</extensions>
</trkpt>
<trkpt lat="58.69569945" lon="14.59590982">
<ele>174.5</ele>
<time>2023-09-10T09:22:10Z</time>
<extensions>
<tp1:TrackPointExtension>
<tp1:hr>156</tp1:hr>
</tp1:TrackPointExtension>
</extensions>
</trkpt>
<trkpt lat="58.69578537" lon="14.59572441">
<ele>174.5</ele>
<time>2023-09-10T09:22:14Z</time>
<extensions>
<tp1:TrackPointExtension>
<tp1:hr>155</tp1:hr>
</tp1:TrackPointExtension>
</extensions>
</trkpt>
<trkpt lat="58.69584949" lon="14.5954722">
<ele>174.3</ele>
<time>2023-09-10T09:22:19Z</time>
<extensions>
<tp1:TrackPointExtension>
<tp1:hr>156</tp1:hr>
</tp1:TrackPointExtension>
</extensions>
</trkpt>
<trkpt lat="58.69586357" lon="14.59542342">
<ele>174.3</ele>
<time>2023-09-10T09:22:20Z</time>
<extensions>
<tp1:TrackPointExtension>
<tp1:hr>155</tp1:hr>
</tp1:TrackPointExtension>
</extensions>
</trkpt>
<trkpt lat="58.69590313" lon="14.5952655">
<ele>174.3</ele>
<time>2023-09-10T09:22:23Z</time>
<extensions>
<tp1:TrackPointExtension>
<tp1:hr>152</tp1:hr>
</tp1:TrackPointExtension>
</extensions>
</trkpt>
<trkpt lat="58.69591864" lon="14.595223">
<ele>174.3</ele>
<time>2023-09-10T09:22:24Z</time>
<extensions>
<tp1:TrackPointExtension>
<tp1:hr>151</tp1:hr>
</tp1:TrackPointExtension>
</extensions>
</trkpt>
<trkpt lat="58.69593197" lon="14.59512125">
<ele>174.3</ele>
<time>2023-09-10T09:22:27Z</time>
<extensions>
<tp1:TrackPointExtension>
<tp1:hr>150</tp1:hr>
</tp1:TrackPointExtension>
</extensions>
</trkpt>
<trkpt lat="58.69593683" lon="14.59508613">
<ele>174.3</ele>
<time>2023-09-10T09:22:29Z</time>
<extensions>
<tp1:TrackPointExtension>
<tp1:hr>149</tp1:hr>
</tp1:TrackPointExtension>
</extensions>
</trkpt>
<trkpt lat="58.69593473" lon="14.59506048">
<ele>174.3</ele>
<time>2023-09-10T09:22:32Z</time>
<extensions>
<tp1:TrackPointExtension>
<tp1:hr>149</tp1:hr>
</tp1:TrackPointExtension>
</extensions>
</trkpt>
<trkpt lat="58.69593272" lon="14.5950526">
<ele>174.3</ele>
<time>2023-09-10T09:22:33Z</time>
<extensions>
<tp1:TrackPointExtension>
<tp1:hr>149</tp1:hr>
</tp1:TrackPointExtension>
</extensions>
</trkpt>
<trkpt lat="58.69590833" lon="14.59493743">
<ele>174.3</ele>
<time>2023-09-10T09:22:38Z</time>
<extensions>
<tp1:TrackPointExtension>
<tp1:hr>148</tp1:hr>
</tp1:TrackPointExtension>
</extensions>
</trkpt>
<trkpt lat="58.69590866" lon="14.59490147">
<ele>174.5</ele>
<time>2023-09-10T09:22:39Z</time>
<extensions>
<tp1:TrackPointExtension>
<tp1:hr>147</tp1:hr>
</tp1:TrackPointExtension>
</extensions>
</trkpt>
<trkpt lat="58.69591864" lon="14.59476703">
<ele>174.5</ele>
<time>2023-09-10T09:22:43Z</time>
<extensions>
<tp1:TrackPointExtension>
<tp1:hr>146</tp1:hr>
</tp1:TrackPointExtension>
</extensions>
</trkpt>
<trkpt lat="58.69591646" lon="14.59473836">
<ele>174.5</ele>
<time>2023-09-10T09:22:44Z</time>
<extensions>
<tp1:TrackPointExtension>
<tp1:hr>145</tp1:hr>
</tp1:TrackPointExtension>
</extensions>
</trkpt>
<trkpt lat="58.69591042" lon="14.59460224">
<ele>174.7</ele>
<time>2023-09-10T09:22:48Z</time>
<extensions>
<tp1:TrackPointExtension>
<tp1:hr>144</tp1:hr>
</tp1:TrackPointExtension>
</extensions>
</trkpt>
<trkpt lat="58.69591562" lon="14.59451926">
<ele>174.9</ele>
<time>2023-09-10T09:22:51Z</time>
<extensions>
<tp1:TrackPointExtension>
<tp1:hr>148</tp1:hr>
</tp1:TrackPointExtension>
</extensions>
</trkpt>
<trkpt lat="58.69590665" lon="14.59446603">
<ele>174.9</ele>
<time>2023-09-10T09:22:54Z</time>
<extensions>
<tp1:TrackPointExtension>
<tp1:hr>149</tp1:hr>
</tp1:TrackPointExtension>
</extensions>
</trkpt>
<trkpt lat="58.69587488" lon="14.59440946">
<ele>175.1</ele>
<time>2023-09-10T09:22:56Z</time>
<extensions>
<tp1:TrackPointExtension>
<tp1:hr>149</tp1:hr>
</tp1:TrackPointExtension>
</extensions>
</trkpt>
<trkpt lat="58.69586382" lon="14.59438817">
<ele>175.1</ele>
<time>2023-09-10T09:22:57Z</time>
<extensions>
<tp1:TrackPointExtension>
<tp1:hr>150</tp1:hr>
</tp1:TrackPointExtension>
</extensions>
</trkpt>
<trkpt lat="58.6958142" lon="14.59429353">
<ele>175.3</ele>
<time>2023-09-10T09:23:03Z</time>
<extensions>
<tp1:TrackPointExtension>
<tp1:hr>150</tp1:hr>
</tp1:TrackPointExtension>
</extensions>
</trkpt>
<trkpt lat="58.69581244" lon="14.5942906">
<ele>175.5</ele>
<time>2023-09-10T09:23:04Z</time>
<extensions>
<tp1:TrackPointExtension>
<tp1:hr>150</tp1:hr>
</tp1:TrackPointExtension>
</extensions>
</trkpt>
<trkpt lat="58.69579283" lon="14.59425691">
<ele>175.7</ele>
<time>2023-09-10T09:23:07Z</time>
<extensions>
<tp1:TrackPointExtension>
<tp1:hr>148</tp1:hr>
</tp1:TrackPointExtension>
</extensions>
</trkpt>
<trkpt lat="58.69577933" lon="14.5942476">
<ele>175.8</ele>
<time>2023-09-10T09:23:08Z</time>
<extensions>
<tp1:TrackPointExtension>
<tp1:hr>148</tp1:hr>
</tp1:TrackPointExtension>
</extensions>
</trkpt>
<trkpt lat="58.69576181" lon="14.5942414">
<ele>176.0</ele>
<time>2023-09-10T09:23:11Z</time>
<extensions>
<tp1:TrackPointExtension>
<tp1:hr>148</tp1:hr>
</tp1:TrackPointExtension>
</extensions>
</trkpt>
<trkpt lat="58.69572854" lon="14.59420494">
<ele>176.2</ele>
<time>2023-09-10T09:23:14Z</time>
<extensions>
<tp1:TrackPointExtension>
<tp1:hr>146</tp1:hr>
</tp1:TrackPointExtension>
</extensions>
</trkpt>
<trkpt lat="58.69572024" lon="14.59419664">
<ele>176.2</ele>
<time>2023-09-10T09:23:15Z</time>
<extensions>
<tp1:TrackPointExtension>
<tp1:hr>145</tp1:hr>
</tp1:TrackPointExtension>
</extensions>
</trkpt>
<trkpt lat="58.69572007" lon="14.59418172">
<ele>176.4</ele>
<time>2023-09-10T09:23:16Z</time>
<extensions>
<tp1:TrackPointExtension>
<tp1:hr>143</tp1:hr>
</tp1:TrackPointExtension>
</extensions>
</trkpt>
<trkpt lat="58.69573256" lon="14.59405105">
<ele>176.8</ele>
<time>2023-09-10T09:23:21Z</time>
<extensions>
<tp1:TrackPointExtension>
<tp1:hr>146</tp1:hr>
</tp1:TrackPointExtension>
</extensions>
</trkpt>
<trkpt lat="58.69573407" lon="14.59403143">
<ele>176.8</ele>
<time>2023-09-10T09:23:22Z</time>
<extensions>
<tp1:TrackPointExtension>
<tp1:hr>147</tp1:hr>
</tp1:TrackPointExtension>
</extensions>
</trkpt>
<trkpt lat="58.69573759" lon="14.59393538">
<ele>177.2</ele>
<time>2023-09-10T09:23:26Z</time>
<extensions>
<tp1:TrackPointExtension>
<tp1:hr>148</tp1:hr>
</tp1:TrackPointExtension>
</extensions>
</trkpt>
<trkpt lat="58.69573876" lon="14.59391744">
<ele>177.4</ele>
<time>2023-09-10T09:23:27Z</time>
<extensions>
<tp1:TrackPointExtension>
<tp1:hr>149</tp1:hr>
</tp1:TrackPointExtension>
</extensions>
</trkpt>
<trkpt lat="58.69575234" lon="14.59387486">
<ele>177.6</ele>
<time>2023-09-10T09:23:29Z</time>
<extensions>
<tp1:TrackPointExtension>
<tp1:hr>150</tp1:hr>
</tp1:TrackPointExtension>
</extensions>
</trkpt>
<trkpt lat="58.69574874" lon="14.59383245">
<ele>177.8</ele>
<time>2023-09-10T09:23:31Z</time>
<extensions>
<tp1:TrackPointExtension>
<tp1:hr>149</tp1:hr>
</tp1:TrackPointExtension>
</extensions>
</trkpt>
<trkpt lat="58.69573751" lon="14.59380881">
<ele>178.0</ele>
<time>2023-09-10T09:23:33Z</time>
<extensions>
<tp1:TrackPointExtension>
<tp1:hr>151</tp1:hr>
</tp1:TrackPointExtension>
</extensions>
</trkpt>
<trkpt lat="58.69573063" lon="14.59379791">
<ele>178.0</ele>
<time>2023-09-10T09:23:34Z</time>
<extensions>
<tp1:TrackPointExtension>
<tp1:hr>151</tp1:hr>
</tp1:TrackPointExtension>
</extensions>
</trkpt>
<trkpt lat="58.69571764" lon="14.59376615">
<ele>178.2</ele>
<time>2023-09-10T09:23:36Z</time>
<extensions>
<tp1:TrackPointExtension>
<tp1:hr>151</tp1:hr>
</tp1:TrackPointExtension>
</extensions>
</trkpt>
<trkpt lat="58.69571722" lon="14.59374217">
<ele>178.4</ele>
<time>2023-09-10T09:23:37Z</time>
<extensions>
<tp1:TrackPointExtension>
<tp1:hr>150</tp1:hr>
</tp1:TrackPointExtension>
</extensions>
</trkpt>
<trkpt lat="58.69572309" lon="14.5937042">
<ele>178.6</ele>
<time>2023-09-10T09:23:39Z</time>
<extensions>
<tp1:TrackPointExtension>
<tp1:hr>147</tp1:hr>
</tp1:TrackPointExtension>
</extensions>
</trkpt>
<trkpt lat="58.69572351" lon="14.59368744">
<ele>178.6</ele>
<time>2023-09-10T09:23:40Z</time>
<extensions>
<tp1:TrackPointExtension>
<tp1:hr>146</tp1:hr>
</tp1:TrackPointExtension>
</extensions>
</trkpt>
<trkpt lat="58.69571898" lon="14.59348476">
<ele>179.4</ele>
<time>2023-09-10T09:23:48Z</time>
<extensions>
<tp1:TrackPointExtension>
<tp1:hr>146</tp1:hr>
</tp1:TrackPointExtension>
</extensions>
</trkpt>
<trkpt lat="58.69571504" lon="14.59345895">
<ele>179.4</ele>
<time>2023-09-10T09:23:49Z</time>
<extensions>
<tp1:TrackPointExtension>
<tp1:hr>146</tp1:hr>
</tp1:TrackPointExtension>
</extensions>
</trkpt>
<trkpt lat="58.69568495" lon="14.59324144">
<ele>180.2</ele>
<time>2023-09-10T09:23:56Z</time>
<extensions>
<tp1:TrackPointExtension>
<tp1:hr>144</tp1:hr>
</tp1:TrackPointExtension>
</extensions>
</trkpt>
<trkpt lat="58.69569761" lon="14.59318394">
<ele>180.4</ele>
<time>2023-09-10T09:23:59Z</time>
<extensions>
<tp1:TrackPointExtension>
<tp1:hr>142</tp1:hr>
</tp1:TrackPointExtension>
</extensions>
</trkpt>
<trkpt lat="58.69569551" lon="14.59313834">
<ele>180.6</ele>
<time>2023-09-10T09:24:01Z</time>
<extensions>
<tp1:TrackPointExtension>
<tp1:hr>147</tp1:hr>
</tp1:TrackPointExtension>
</extensions>
</trkpt>
<trkpt lat="58.69568235" lon="14.59310037">
<ele>180.8</ele>
<time>2023-09-10T09:24:03Z</time>
<extensions>
<tp1:TrackPointExtension>
<tp1:hr>149</tp1:hr>
</tp1:TrackPointExtension>
</extensions>
</trkpt>
<trkpt lat="58.69569048" lon="14.592936">
<ele>181.2</ele>
<time>2023-09-10T09:24:08Z</time>
<extensions>
<tp1:TrackPointExtension>
<tp1:hr>149</tp1:hr>
</tp1:TrackPointExtension>
</extensions>
</trkpt>
<trkpt lat="58.69569325" lon="14.59290558">
<ele>181.4</ele>
<time>2023-09-10T09:24:10Z</time>
<extensions>
<tp1:TrackPointExtension>
<tp1:hr>147</tp1:hr>
</tp1:TrackPointExtension>
</extensions>
</trkpt>
<trkpt lat="58.69569928" lon="14.59288462">
<ele>181.6</ele>
<time>2023-09-10T09:24:12Z</time>
<extensions>
<tp1:TrackPointExtension>
<tp1:hr>146</tp1:hr>
</tp1:TrackPointExtension>
</extensions>
</trkpt>
<trkpt lat="58.69571253" lon="14.59286635">
<ele>181.8</ele>
<time>2023-09-10T09:24:14Z</time>
<extensions>
<tp1:TrackPointExtension>
<tp1:hr>146</tp1:hr>
</tp1:TrackPointExtension>
</extensions>
</trkpt>
<trkpt lat="58.69572083" lon="14.59280767">
<ele>182.2</ele>
<time>2023-09-10T09:24:17Z</time>
<extensions>
<tp1:TrackPointExtension>
<tp1:hr>149</tp1:hr>
</tp1:TrackPointExtension>
</extensions>
</trkpt>
<trkpt lat="58.69573558" lon="14.59275328">
<ele>182.4</ele>
<time>2023-09-10T09:24:19Z</time>
<extensions>
<tp1:TrackPointExtension>
<tp1:hr>151</tp1:hr>
</tp1:TrackPointExtension>
</extensions>
</trkpt>
<trkpt lat="58.69572979" lon="14.59272947">
<ele>182.4</ele>
<time>2023-09-10T09:24:20Z</time>
<extensions>
<tp1:TrackPointExtension>
<tp1:hr>152</tp1:hr>
</tp1:TrackPointExtension>
</extensions>
</trkpt>
<trkpt lat="58.69572594" lon="14.59270449">
<ele>182.6</ele>
<time>2023-09-10T09:24:21Z</time>
<extensions>
<tp1:TrackPointExtension>
<tp1:hr>152</tp1:hr>
</tp1:TrackPointExtension>
</extensions>
</trkpt>
<trkpt lat="58.69572569" lon="14.59256854">
<ele>183.2</ele>
<time>2023-09-10T09:24:26Z</time>
<extensions>
<tp1:TrackPointExtension>
<tp1:hr>151</tp1:hr>
</tp1:TrackPointExtension>
</extensions>
</trkpt>
<trkpt lat="58.69571831" lon="14.59252873">
<ele>183.2</ele>
<time>2023-09-10T09:24:27Z</time>
<extensions>
<tp1:TrackPointExtension>
<tp1:hr>150</tp1:hr>
</tp1:TrackPointExtension>
</extensions>
</trkpt>
<trkpt lat="58.69570658" lon="14.59245379">
<ele>183.6</ele>
<time>2023-09-10T09:24:29Z</time>
<extensions>
<tp1:TrackPointExtension>
<tp1:hr>149</tp1:hr>
</tp1:TrackPointExtension>
</extensions>
</trkpt>
<trkpt lat="58.69570943" lon="14.59232546">
<ele>183.8</ele>
<time>2023-09-10T09:24:32Z</time>
<extensions>
<tp1:TrackPointExtension>
<tp1:hr>149</tp1:hr>
</tp1:TrackPointExtension>
</extensions>
</trkpt>
<trkpt lat="58.69570389" lon="14.59212019">
<ele>184.4</ele>
<time>2023-09-10T09:24:37Z</time>
<extensions>
<tp1:TrackPointExtension>
<tp1:hr>152</tp1:hr>
</tp1:TrackPointExtension>
</extensions>
</trkpt>
<trkpt lat="58.69570012" lon="14.59204107">
<ele>184.6</ele>
<time>2023-09-10T09:24:39Z</time>
<extensions>
<tp1:TrackPointExtension>
<tp1:hr>155</tp1:hr>
</tp1:TrackPointExtension>
</extensions>
</trkpt>
<trkpt lat="58.69569023" lon="14.59196102">
<ele>184.8</ele>
<time>2023-09-10T09:24:41Z</time>
<extensions>
<tp1:TrackPointExtension>
<tp1:hr>159</tp1:hr>
</tp1:TrackPointExtension>
</extensions>
</trkpt>
<trkpt lat="58.69567908" lon="14.59186882">
<ele>185.0</ele>
<time>2023-09-10T09:24:43Z</time>
<extensions>
<tp1:TrackPointExtension>
<tp1:hr>160</tp1:hr>
</tp1:TrackPointExtension>
</extensions>
</trkpt>
<trkpt lat="58.69568009" lon="14.59180252">
<ele>185.2</ele>
<time>2023-09-10T09:24:45Z</time>
<extensions>
<tp1:TrackPointExtension>
<tp1:hr>163</tp1:hr>
</tp1:TrackPointExtension>
</extensions>
</trkpt>
<trkpt lat="58.6956764" lon="14.59171794">
<ele>185.4</ele>
<time>2023-09-10T09:24:47Z</time>
<extensions>
<tp1:TrackPointExtension>
<tp1:hr>159</tp1:hr>
</tp1:TrackPointExtension>
</extensions>
</trkpt>
<trkpt lat="58.6956754" lon="14.59164502">
<ele>185.6</ele>
<time>2023-09-10T09:24:49Z</time>
<extensions>
<tp1:TrackPointExtension>
<tp1:hr>158</tp1:hr>
</tp1:TrackPointExtension>
</extensions>
</trkpt>
<trkpt lat="58.69567825" lon="14.59161325">
<ele>185.6</ele>
<time>2023-09-10T09:24:50Z</time>
<extensions>
<tp1:TrackPointExtension>
<tp1:hr>158</tp1:hr>
</tp1:TrackPointExtension>
</extensions>
</trkpt>
<trkpt lat="58.69568034" lon="14.59155542">
<ele>185.8</ele>
<time>2023-09-10T09:24:52Z</time>
<extensions>
<tp1:TrackPointExtension>
<tp1:hr>157</tp1:hr>
</tp1:TrackPointExtension>
</extensions>
</trkpt>
<trkpt lat="58.69569157" lon="14.59151284">
<ele>186.0</ele>
<time>2023-09-10T09:24:54Z</time>
<extensions>
<tp1:TrackPointExtension>
<tp1:hr>155</tp1:hr>
</tp1:TrackPointExtension>
</extensions>
</trkpt>
<trkpt lat="58.69570054" lon="14.59148719">
<ele>186.2</ele>
<time>2023-09-10T09:24:55Z</time>
<extensions>
<tp1:TrackPointExtension>
<tp1:hr>155</tp1:hr>
</tp1:TrackPointExtension>
</extensions>
</trkpt>
<trkpt lat="58.69570658" lon="14.59123037">
<ele>186.8</ele>
<time>2023-09-10T09:25:01Z</time>
<extensions>
<tp1:TrackPointExtension>
<tp1:hr>155</tp1:hr>
</tp1:TrackPointExtension>
</extensions>
</trkpt>
<trkpt lat="58.69573231" lon="14.59098721">
<ele>187.2</ele>
<time>2023-09-10T09:25:06Z</time>
<extensions>
<tp1:TrackPointExtension>
<tp1:hr>154</tp1:hr>
</tp1:TrackPointExtension>
</extensions>
</trkpt>
<trkpt lat="58.6957748" lon="14.59076593">
<ele>187.8</ele>
<time>2023-09-10T09:25:11Z</time>
<extensions>
<tp1:TrackPointExtension>
<tp1:hr>154</tp1:hr>
</tp1:TrackPointExtension>
</extensions>
</trkpt>
<trkpt lat="58.69575787" lon="14.59063902">
<ele>188.0</ele>
<time>2023-09-10T09:25:13Z</time>
<extensions>
<tp1:TrackPointExtension>
<tp1:hr>155</tp1:hr>
</tp1:TrackPointExtension>
</extensions>
</trkpt>
<trkpt lat="58.69570532" lon="14.59032856">
<ele>188.4</ele>
<time>2023-09-10T09:25:19Z</time>
<extensions>
<tp1:TrackPointExtension>
<tp1:hr>156</tp1:hr>
</tp1:TrackPointExtension>
</extensions>
</trkpt>
<trkpt lat="58.69568545" lon="14.59013946">
<ele>188.8</ele>
<time>2023-09-10T09:25:23Z</time>
<extensions>
<tp1:TrackPointExtension>
<tp1:hr>156</tp1:hr>
</tp1:TrackPointExtension>
</extensions>
</trkpt>
<trkpt lat="58.69567766" lon="14.59010216">
<ele>188.8</ele>
<time>2023-09-10T09:25:24Z</time>
<extensions>
<tp1:TrackPointExtension>
<tp1:hr>156</tp1:hr>
</tp1:TrackPointExtension>
</extensions>
</trkpt>
<trkpt lat="58.69566685" lon="14.58999504">
<ele>189.0</ele>
<time>2023-09-10T09:25:27Z</time>
<extensions>
<tp1:TrackPointExtension>
<tp1:hr>153</tp1:hr>
</tp1:TrackPointExtension>
</extensions>
</trkpt>
<trkpt lat="58.69566048" lon="14.5899046">
<ele>189.2</ele>
<time>2023-09-10T09:25:29Z</time>
<extensions>
<tp1:TrackPointExtension>
<tp1:hr>153</tp1:hr>
</tp1:TrackPointExtension>
</extensions>
</trkpt>
<trkpt lat="58.69567305" lon="14.58971819">
<ele>189.4</ele>
<time>2023-09-10T09:25:33Z</time>
<extensions>
<tp1:TrackPointExtension>
<tp1:hr>156</tp1:hr>
</tp1:TrackPointExtension>
</extensions>
</trkpt>
<trkpt lat="58.69567665" lon="14.58958928">
<ele>189.4</ele>
<time>2023-09-10T09:25:36Z</time>
<extensions>
<tp1:TrackPointExtension>
<tp1:hr>156</tp1:hr>
</tp1:TrackPointExtension>
</extensions>
</trkpt>
<trkpt lat="58.69571219" lon="14.58932893">
<ele>189.6</ele>
<time>2023-09-10T09:25:41Z</time>
<extensions>
<tp1:TrackPointExtension>
<tp1:hr>155</tp1:hr>
</tp1:TrackPointExtension>
</extensions>
</trkpt>
<trkpt lat="58.69577011" lon="14.58910505">
<ele>189.8</ele>
<time>2023-09-10T09:25:47Z</time>
<extensions>
<tp1:TrackPointExtension>
<tp1:hr>153</tp1:hr>
</tp1:TrackPointExtension>
</extensions>
</trkpt>
<trkpt lat="58.69578377" lon="14.58893088">
<ele>189.8</ele>
<time>2023-09-10T09:25:51Z</time>
<extensions>
<tp1:TrackPointExtension>
<tp1:hr>154</tp1:hr>
</tp1:TrackPointExtension>
</extensions>
</trkpt>
<trkpt lat="58.69576919" lon="14.58888805">
<ele>189.8</ele>
<time>2023-09-10T09:25:52Z</time>
<extensions>
<tp1:TrackPointExtension>
<tp1:hr>155</tp1:hr>
</tp1:TrackPointExtension>
</extensions>
</trkpt>
<trkpt lat="58.69575955" lon="14.58885217">
<ele>189.8</ele>
<time>2023-09-10T09:25:53Z</time>
<extensions>
<tp1:TrackPointExtension>
<tp1:hr>160</tp1:hr>
</tp1:TrackPointExtension>
</extensions>
</trkpt>
<trkpt lat="58.69574295" lon="14.58865444">
<ele>190.0</ele>
<time>2023-09-10T09:25:57Z</time>
<extensions>
<tp1:TrackPointExtension>
<tp1:hr>162</tp1:hr>
</tp1:TrackPointExtension>
</extensions>
</trkpt>
<trkpt lat="58.69568512" lon="14.58845747">
<ele>190.0</ele>
<time>2023-09-10T09:26:02Z</time>
<extensions>
<tp1:TrackPointExtension>
<tp1:hr>159</tp1:hr>
</tp1:TrackPointExtension>
</extensions>
</trkpt>
<trkpt lat="58.69567766" lon="14.58841681">
<ele>190.0</ele>
<time>2023-09-10T09:26:03Z</time>
<extensions>
<tp1:TrackPointExtension>
<tp1:hr>159</tp1:hr>
</tp1:TrackPointExtension>
</extensions>
</trkpt>
<trkpt lat="58.69558982" lon="14.58818061">
<ele>190.1</ele>
<time>2023-09-10T09:26:09Z</time>
<extensions>
<tp1:TrackPointExtension>
<tp1:hr>162</tp1:hr>
</tp1:TrackPointExtension>
</extensions>
</trkpt>
<trkpt lat="58.69554942" lon="14.58799395">
<ele>190.1</ele>
<time>2023-09-10T09:26:13Z</time>
<extensions>
<tp1:TrackPointExtension>
<tp1:hr>159</tp1:hr>
</tp1:TrackPointExtension>
</extensions>
</trkpt>
<trkpt lat="58.69553181" lon="14.58793377">
<ele>190.1</ele>
<time>2023-09-10T09:26:15Z</time>
<extensions>
<tp1:TrackPointExtension>
<tp1:hr>160</tp1:hr>
</tp1:TrackPointExtension>
</extensions>
</trkpt>
<trkpt lat="58.69552972" lon="14.58789378">
<ele>190.1</ele>
<time>2023-09-10T09:26:16Z</time>
<extensions>
<tp1:TrackPointExtension>
<tp1:hr>160</tp1:hr>
</tp1:TrackPointExtension>
</extensions>
</trkpt>
<trkpt lat="58.69553718" lon="14.58781927">
<ele>190.1</ele>
<time>2023-09-10T09:26:18Z</time>
<extensions>
<tp1:TrackPointExtension>
<tp1:hr>162</tp1:hr>
</tp1:TrackPointExtension>
</extensions>
</trkpt>
<trkpt lat="58.6955474" lon="14.58777669">
<ele>190.3</ele>
<time>2023-09-10T09:26:19Z</time>
<extensions>
<tp1:TrackPointExtension>
<tp1:hr>160</tp1:hr>
</tp1:TrackPointExtension>
</extensions>
</trkpt>
<trkpt lat="58.6955443" lon="14.58752381">
<ele>190.3</ele>
<time>2023-09-10T09:26:23Z</time>
<extensions>
<tp1:TrackPointExtension>
<tp1:hr>161</tp1:hr>
</tp1:TrackPointExtension>
</extensions>
</trkpt>
<trkpt lat="58.69554145" lon="14.58724938">
<ele>190.3</ele>
<time>2023-09-10T09:26:29Z</time>
<extensions>
<tp1:TrackPointExtension>
<tp1:hr>160</tp1:hr>
</tp1:TrackPointExtension>
</extensions>
</trkpt>
<trkpt lat="58.6955754" lon="14.58701192">
<ele>190.3</ele>
<time>2023-09-10T09:26:33Z</time>
<extensions>
<tp1:TrackPointExtension>
<tp1:hr>162</tp1:hr>
</tp1:TrackPointExtension>
</extensions>
</trkpt>
<trkpt lat="58.69561354" lon="14.58677673">
<ele>190.3</ele>
<time>2023-09-10T09:26:38Z</time>
<extensions>
<tp1:TrackPointExtension>
<tp1:hr>165</tp1:hr>
</tp1:TrackPointExtension>
</extensions>
</trkpt>
<trkpt lat="58.69562167" lon="14.58673507">
<ele>190.3</ele>
<time>2023-09-10T09:26:39Z</time>
<extensions>
<tp1:TrackPointExtension>
<tp1:hr>164</tp1:hr>
</tp1:TrackPointExtension>
</extensions>
</trkpt>
<trkpt lat="58.69560658" lon="14.58656944">
<ele>190.3</ele>
<time>2023-09-10T09:26:42Z</time>
<extensions>
<tp1:TrackPointExtension>
<tp1:hr>160</tp1:hr>
</tp1:TrackPointExtension>
</extensions>
</trkpt>
<trkpt lat="58.69561362" lon="14.5864003">
<ele>190.3</ele>
<time>2023-09-10T09:26:45Z</time>
<extensions>
<tp1:TrackPointExtension>
<tp1:hr>161</tp1:hr>
</tp1:TrackPointExtension>
</extensions>
</trkpt>
<trkpt lat="58.69564975" lon="14.58614339">
<ele>190.3</ele>
<time>2023-09-10T09:26:51Z</time>
<extensions>
<tp1:TrackPointExtension>
<tp1:hr>162</tp1:hr>
</tp1:TrackPointExtension>
</extensions>
</trkpt>
<trkpt lat="58.69565377" lon="14.5860066">
<ele>190.3</ele>
<time>2023-09-10T09:26:54Z</time>
<extensions>
<tp1:TrackPointExtension>
<tp1:hr>158</tp1:hr>
</tp1:TrackPointExtension>
</extensions>
</trkpt>
<trkpt lat="58.69565595" lon="14.58592596">
<ele>190.3</ele>
<time>2023-09-10T09:26:56Z</time>
<extensions>
<tp1:TrackPointExtension>
<tp1:hr>154</tp1:hr>
</tp1:TrackPointExtension>
</extensions>
</trkpt>
<trkpt lat="58.69569166" lon="14.58577425">
<ele>190.3</ele>
<time>2023-09-10T09:27:01Z</time>
<extensions>
<tp1:TrackPointExtension>
<tp1:hr>152</tp1:hr>
</tp1:TrackPointExtension>
</extensions>
</trkpt>
<trkpt lat="58.69569685" lon="14.58560812">
<ele>190.1</ele>
<time>2023-09-10T09:27:05Z</time>
<extensions>
<tp1:TrackPointExtension>
<tp1:hr>152</tp1:hr>
</tp1:TrackPointExtension>
</extensions>
</trkpt>
<trkpt lat="58.69569291" lon="14.58556269">
<ele>190.1</ele>
<time>2023-09-10T09:27:06Z</time>
<extensions>
<tp1:TrackPointExtension>
<tp1:hr>151</tp1:hr>
</tp1:TrackPointExtension>
</extensions>
</trkpt>
<trkpt lat="58.69572133" lon="14.58535558">
<ele>190.1</ele>
<time>2023-09-10T09:27:11Z</time>
<extensions>
<tp1:TrackPointExtension>
<tp1:hr>154</tp1:hr>
</tp1:TrackPointExtension>
</extensions>
</trkpt>
<trkpt lat="58.69572795" lon="14.58531937">
<ele>190.1</ele>
<time>2023-09-10T09:27:12Z</time>
<extensions>
<tp1:TrackPointExtension>
<tp1:hr>151</tp1:hr>
</tp1:TrackPointExtension>
</extensions>
</trkpt>
<trkpt lat="58.69575527" lon="14.58518945">
<ele>190.1</ele>
<time>2023-09-10T09:27:15Z</time>
<extensions>
<tp1:TrackPointExtension>
<tp1:hr>155</tp1:hr>
</tp1:TrackPointExtension>
</extensions>
</trkpt>
<trkpt lat="58.69577883" lon="14.58509892">
<ele>190.1</ele>
<time>2023-09-10T09:27:17Z</time>
<extensions>
<tp1:TrackPointExtension>
<tp1:hr>158</tp1:hr>
</tp1:TrackPointExtension>
</extensions>
</trkpt>
<trkpt lat="58.6957997" lon="14.58491058">
<ele>190.1</ele>
<time>2023-09-10T09:27:21Z</time>
<extensions>
<tp1:TrackPointExtension>
<tp1:hr>155</tp1:hr>
</tp1:TrackPointExtension>
</extensions>
</trkpt>
<trkpt lat="58.69581185" lon="14.58483305">
<ele>190.1</ele>
<time>2023-09-10T09:27:23Z</time>
<extensions>
<tp1:TrackPointExtension>
<tp1:hr>154</tp1:hr>
</tp1:TrackPointExtension>
</extensions>
</trkpt>
<trkpt lat="58.69581311" lon="14.58476826">
<ele>190.1</ele>
<time>2023-09-10T09:27:25Z</time>
<extensions>
<tp1:TrackPointExtension>
<tp1:hr>153</tp1:hr>
</tp1:TrackPointExtension>
</extensions>
</trkpt>
<trkpt lat="58.69581428" lon="14.58462107">
<ele>189.9</ele>
<time>2023-09-10T09:27:28Z</time>
<extensions>
<tp1:TrackPointExtension>
<tp1:hr>153</tp1:hr>
</tp1:TrackPointExtension>
</extensions>
</trkpt>
<trkpt lat="58.69582501" lon="14.58445117">
<ele>189.9</ele>
<time>2023-09-10T09:27:32Z</time>
<extensions>
<tp1:TrackPointExtension>
<tp1:hr>154</tp1:hr>
</tp1:TrackPointExtension>
</extensions>
</trkpt>
<trkpt lat="58.69583063" lon="14.58442753">
<ele>189.9</ele>
<time>2023-09-10T09:27:33Z</time>
<extensions>
<tp1:TrackPointExtension>
<tp1:hr>154</tp1:hr>
</tp1:TrackPointExtension>
</extensions>
</trkpt>
<trkpt lat="58.69582359" lon="14.58439266">
<ele>189.9</ele>
<time>2023-09-10T09:27:34Z</time>
<extensions>
<tp1:TrackPointExtension>
<tp1:hr>153</tp1:hr>
</tp1:TrackPointExtension>
</extensions>
</trkpt>
<trkpt lat="58.69582686" lon="14.58432787">
<ele>189.9</ele>
<time>2023-09-10T09:27:37Z</time>
<extensions>
<tp1:TrackPointExtension>
<tp1:hr>151</tp1:hr>
</tp1:TrackPointExtension>
</extensions>
</trkpt>
<trkpt lat="58.69583759" lon="14.5842702">
<ele>189.9</ele>
<time>2023-09-10T09:27:39Z</time>
<extensions>
<tp1:TrackPointExtension>
<tp1:hr>151</tp1:hr>
</tp1:TrackPointExtension>
</extensions>
</trkpt>
<trkpt lat="58.69584077" lon="14.5842003">
<ele>189.9</ele>
<time>2023-09-10T09:27:41Z</time>
<extensions>
<tp1:TrackPointExtension>
<tp1:hr>148</tp1:hr>
</tp1:TrackPointExtension>
</extensions>
</trkpt>
<trkpt lat="58.69585033" lon="14.5840801">
<ele>189.9</ele>
<time>2023-09-10T09:27:44Z</time>
<extensions>
<tp1:TrackPointExtension>
<tp1:hr>151</tp1:hr>
</tp1:TrackPointExtension>
</extensions>
</trkpt>
<trkpt lat="58.69585049" lon="14.58404155">
<ele>189.9</ele>
<time>2023-09-10T09:27:45Z</time>
<extensions>
<tp1:TrackPointExtension>
<tp1:hr>152</tp1:hr>
</tp1:TrackPointExtension>
</extensions>
</trkpt>
<trkpt lat="58.69587095" lon="14.58380534">
<ele>189.9</ele>
<time>2023-09-10T09:27:51Z</time>
<extensions>
<tp1:TrackPointExtension>
<tp1:hr>152</tp1:hr>
</tp1:TrackPointExtension>
</extensions>
</trkpt>
<trkpt lat="58.69591445" lon="14.58358557">
<ele>189.7</ele>
<time>2023-09-10T09:27:57Z</time>
<extensions>
<tp1:TrackPointExtension>
<tp1:hr>153</tp1:hr>
</tp1:TrackPointExtension>
</extensions>
</trkpt>
<trkpt lat="58.69590162" lon="14.58331022">
<ele>189.7</ele>
<time>2023-09-10T09:28:03Z</time>
<extensions>
<tp1:TrackPointExtension>
<tp1:hr>153</tp1:hr>
</tp1:TrackPointExtension>
</extensions>
</trkpt>
<trkpt lat="58.69588343" lon="14.58325666">
<ele>189.7</ele>
<time>2023-09-10T09:28:04Z</time>
<extensions>
<tp1:TrackPointExtension>
<tp1:hr>152</tp1:hr>
</tp1:TrackPointExtension>
</extensions>
</trkpt>
<trkpt lat="58.69585695" lon="14.58309917">
<ele>189.7</ele>
<time>2023-09-10T09:28:07Z</time>
<extensions>
<tp1:TrackPointExtension>
<tp1:hr>151</tp1:hr>
</tp1:TrackPointExtension>
</extensions>
</trkpt>
<trkpt lat="58.69586131" lon="14.58303194">
<ele>189.7</ele>
<time>2023-09-10T09:28:09Z</time>
<extensions>
<tp1:TrackPointExtension>
<tp1:hr>153</tp1:hr>
</tp1:TrackPointExtension>
</extensions>
</trkpt>
<trkpt lat="58.69583071" lon="14.58271922">
<ele>189.9</ele>
<time>2023-09-10T09:28:16Z</time>
<extensions>
<tp1:TrackPointExtension>
<tp1:hr>155</tp1:hr>
</tp1:TrackPointExtension>
</extensions>
</trkpt>
<trkpt lat="58.69574832" lon="14.58247958">
<ele>189.9</ele>
<time>2023-09-10T09:28:23Z</time>
<extensions>
<tp1:TrackPointExtension>
<tp1:hr>155</tp1:hr>
</tp1:TrackPointExtension>
</extensions>
</trkpt>
<trkpt lat="58.69571026" lon="14.58234974">
<ele>190.1</ele>
<time>2023-09-10T09:28:29Z</time>
<extensions>
<tp1:TrackPointExtension>
<tp1:hr>153</tp1:hr>
</tp1:TrackPointExtension>
</extensions>
</trkpt>
<trkpt lat="58.69571328" lon="14.58232979">
<ele>190.1</ele>
<time>2023-09-10T09:28:30Z</time>
<extensions>
<tp1:TrackPointExtension>
<tp1:hr>154</tp1:hr>
</tp1:TrackPointExtension>
</extensions>
</trkpt>
<trkpt lat="58.69572778" lon="14.58226022">
<ele>190.1</ele>
<time>2023-09-10T09:28:34Z</time>
<extensions>
<tp1:TrackPointExtension>
<tp1:hr>154</tp1:hr>
</tp1:TrackPointExtension>
</extensions>
</trkpt>
<trkpt lat="58.69575578" lon="14.58220624">
<ele>190.3</ele>
<time>2023-09-10T09:28:37Z</time>
<extensions>
<tp1:TrackPointExtension>
<tp1:hr>156</tp1:hr>
</tp1:TrackPointExtension>
</extensions>
</trkpt>
<trkpt lat="58.69576458" lon="14.58212041">
<ele>190.5</ele>
<time>2023-09-10T09:28:40Z</time>
<extensions>
<tp1:TrackPointExtension>
<tp1:hr>154</tp1:hr>
</tp1:TrackPointExtension>
</extensions>
</trkpt>
<trkpt lat="58.69576424" lon="14.58197281">
<ele>190.7</ele>
<time>2023-09-10T09:28:44Z</time>
<extensions>
<tp1:TrackPointExtension>
<tp1:hr>157</tp1:hr>
</tp1:TrackPointExtension>
</extensions>
</trkpt>
<trkpt lat="58.69575745" lon="14.58194238">
<ele>190.7</ele>
<time>2023-09-10T09:28:45Z</time>
<extensions>
<tp1:TrackPointExtension>
<tp1:hr>157</tp1:hr>
</tp1:TrackPointExtension>
</extensions>
</trkpt>
<trkpt lat="58.69575184" lon="14.58191028">
<ele>190.7</ele>
<time>2023-09-10T09:28:46Z</time>
<extensions>
<tp1:TrackPointExtension>
<tp1:hr>155</tp1:hr>
</tp1:TrackPointExtension>
</extensions>
</trkpt>
<trkpt lat="58.69576391" lon="14.58177525">
<ele>190.9</ele>
<time>2023-09-10T09:28:49Z</time>
<extensions>
<tp1:TrackPointExtension>
<tp1:hr>156</tp1:hr>
</tp1:TrackPointExtension>
</extensions>
</trkpt>
<trkpt lat="58.69577087" lon="14.58169126">
<ele>191.1</ele>
<time>2023-09-10T09:28:51Z</time>
<extensions>
<tp1:TrackPointExtension>
<tp1:hr>153</tp1:hr>
</tp1:TrackPointExtension>
</extensions>
</trkpt>
<trkpt lat="58.69577749" lon="14.58165606">
<ele>191.3</ele>
<time>2023-09-10T09:28:52Z</time>
<extensions>
<tp1:TrackPointExtension>
<tp1:hr>153</tp1:hr>
</tp1:TrackPointExtension>
</extensions>
</trkpt>
<trkpt lat="58.69585787" lon="14.58143226">
<ele>191.7</ele>
<time>2023-09-10T09:28:58Z</time>
<extensions>
<tp1:TrackPointExtension>
<tp1:hr>155</tp1:hr>
</tp1:TrackPointExtension>
</extensions>
</trkpt>
<trkpt lat="58.6958867" lon="14.58132036">
<ele>192.1</ele>
<time>2023-09-10T09:29:02Z</time>
<extensions>
<tp1:TrackPointExtension>
<tp1:hr>156</tp1:hr>
</tp1:TrackPointExtension>
</extensions>
</trkpt>
<trkpt lat="58.69588964" lon="14.58123227">
<ele>192.4</ele>
<time>2023-09-10T09:29:05Z</time>
<extensions>
<tp1:TrackPointExtension>
<tp1:hr>156</tp1:hr>
</tp1:TrackPointExtension>
</extensions>
</trkpt>
<trkpt lat="58.69590967" lon="14.58114191">
<ele>192.8</ele>
<time>2023-09-10T09:29:09Z</time>
<extensions>
<tp1:TrackPointExtension>
<tp1:hr>157</tp1:hr>
</tp1:TrackPointExtension>
</extensions>
</trkpt>
<trkpt lat="58.69592358" lon="14.58107058">
<ele>193.0</ele>
<time>2023-09-10T09:29:12Z</time>
<extensions>
<tp1:TrackPointExtension>
<tp1:hr>158</tp1:hr>
</tp1:TrackPointExtension>
</extensions>
</trkpt>
<trkpt lat="58.69596046" lon="14.58099363">
<ele>193.2</ele>
<time>2023-09-10T09:29:15Z</time>
<extensions>
<tp1:TrackPointExtension>
<tp1:hr>158</tp1:hr>
</tp1:TrackPointExtension>
</extensions>
</trkpt>
<trkpt lat="58.69599307" lon="14.58088199">
<ele>193.6</ele>
<time>2023-09-10T09:29:18Z</time>
<extensions>
<tp1:TrackPointExtension>
<tp1:hr>158</tp1:hr>
</tp1:TrackPointExtension>
</extensions>
</trkpt>
<trkpt lat="58.69603171" lon="14.58070203">
<ele>194.0</ele>
<time>2023-09-10T09:29:23Z</time>
<extensions>
<tp1:TrackPointExtension>
<tp1:hr>154</tp1:hr>
</tp1:TrackPointExtension>
</extensions>
</trkpt>
<trkpt lat="58.69604923" lon="14.58063992">
<ele>194.2</ele>
<time>2023-09-10T09:29:26Z</time>
<extensions>
<tp1:TrackPointExtension>
<tp1:hr>157</tp1:hr>
</tp1:TrackPointExtension>
</extensions>
</trkpt>
<trkpt lat="58.69607295" lon="14.58053288">
<ele>194.8</ele>
<time>2023-09-10T09:29:31Z</time>
<extensions>
<tp1:TrackPointExtension>
<tp1:hr>156</tp1:hr>
</tp1:TrackPointExtension>
</extensions>
</trkpt>
<trkpt lat="58.69610379" lon="14.58041537">
<ele>195.2</ele>
<time>2023-09-10T09:29:35Z</time>
<extensions>
<tp1:TrackPointExtension>
<tp1:hr>153</tp1:hr>
</tp1:TrackPointExtension>
</extensions>
</trkpt>
<trkpt lat="58.69610572" lon="14.58037941">
<ele>195.2</ele>
<time>2023-09-10T09:29:36Z</time>
<extensions>
<tp1:TrackPointExtension>
<tp1:hr>153</tp1:hr>
</tp1:TrackPointExtension>
</extensions>
</trkpt>
<trkpt lat="58.69610648" lon="14.58034387">
<ele>195.4</ele>
<time>2023-09-10T09:29:37Z</time>
<extensions>
<tp1:TrackPointExtension>
<tp1:hr>153</tp1:hr>
</tp1:TrackPointExtension>
</extensions>
</trkpt>
<trkpt lat="58.69614671" lon="14.58013088">
<ele>196.0</ele>
<time>2023-09-10T09:29:43Z</time>
<extensions>
<tp1:TrackPointExtension>
<tp1:hr>153</tp1:hr>
</tp1:TrackPointExtension>
</extensions>
</trkpt>
<trkpt lat="58.69618418" lon="14.57999082">
<ele>196.4</ele>
<time>2023-09-10T09:29:47Z</time>
<extensions>
<tp1:TrackPointExtension>
<tp1:hr>152</tp1:hr>
</tp1:TrackPointExtension>
</extensions>
</trkpt>
<trkpt lat="58.69621921" lon="14.57992184">
<ele>196.8</ele>
<time>2023-09-10T09:29:50Z</time>
<extensions>
<tp1:TrackPointExtension>
<tp1:hr>154</tp1:hr>
</tp1:TrackPointExtension>
</extensions>
</trkpt>
<trkpt lat="58.69624746" lon="14.57974079">
<ele>197.6</ele>
<time>2023-09-10T09:29:55Z</time>
<extensions>
<tp1:TrackPointExtension>
<tp1:hr>155</tp1:hr>
</tp1:TrackPointExtension>
</extensions>
</trkpt>
<trkpt lat="58.69622692" lon="14.57955555">
<ele>198.0</ele>
<time>2023-09-10T09:29:59Z</time>
<extensions>
<tp1:TrackPointExtension>
<tp1:hr>152</tp1:hr>
</tp1:TrackPointExtension>
</extensions>
</trkpt>
<trkpt lat="58.69622558" lon="14.57946042">
<ele>198.4</ele>
<time>2023-09-10T09:30:01Z</time>
<extensions>
<tp1:TrackPointExtension>
<tp1:hr>156</tp1:hr>
</tp1:TrackPointExtension>
</extensions>
</trkpt>
<trkpt lat="58.69623195" lon="14.57942957">
<ele>198.4</ele>
<time>2023-09-10T09:30:02Z</time>
<extensions>
<tp1:TrackPointExtension>
<tp1:hr>157</tp1:hr>
</tp1:TrackPointExtension>
</extensions>
</trkpt>
<trkpt lat="58.69623648" lon="14.5794009">
<ele>198.6</ele>
<time>2023-09-10T09:30:03Z</time>
<extensions>
<tp1:TrackPointExtension>
<tp1:hr>158</tp1:hr>
</tp1:TrackPointExtension>
</extensions>
</trkpt>
<trkpt lat="58.69624847" lon="14.57936109">
<ele>198.8</ele>
<time>2023-09-10T09:30:05Z</time>
<extensions>
<tp1:TrackPointExtension>
<tp1:hr>161</tp1:hr>
</tp1:TrackPointExtension>
</extensions>
</trkpt>
<trkpt lat="58.69625375" lon="14.57931533">
<ele>199.2</ele>
<time>2023-09-10T09:30:07Z</time>
<extensions>
<tp1:TrackPointExtension>
<tp1:hr>158</tp1:hr>
</tp1:TrackPointExtension>
</extensions>
</trkpt>
<trkpt lat="58.69626313" lon="14.5792787">
<ele>199.2</ele>
<time>2023-09-10T09:30:08Z</time>
<extensions>
<tp1:TrackPointExtension>
<tp1:hr>158</tp1:hr>
</tp1:TrackPointExtension>
</extensions>
</trkpt>
<trkpt lat="58.69629658" lon="14.57918683">
<ele>199.6</ele>
<time>2023-09-10T09:30:11Z</time>
<extensions>
<tp1:TrackPointExtension>
<tp1:hr>156</tp1:hr>
</tp1:TrackPointExtension>
</extensions>
</trkpt>
<trkpt lat="58.69631334" lon="14.57912992">
<ele>199.8</ele>
<time>2023-09-10T09:30:13Z</time>
<extensions>
<tp1:TrackPointExtension>
<tp1:hr>157</tp1:hr>
</tp1:TrackPointExtension>
</extensions>
</trkpt>
<trkpt lat="58.69628727" lon="14.57886036">
<ele>200.2</ele>
<time>2023-09-10T09:30:18Z</time>
<extensions>
<tp1:TrackPointExtension>
<tp1:hr>156</tp1:hr>
</tp1:TrackPointExtension>
</extensions>
</trkpt>
<trkpt lat="58.69628585" lon="14.57880822">
<ele>200.4</ele>
<time>2023-09-10T09:30:19Z</time>
<extensions>
<tp1:TrackPointExtension>
<tp1:hr>156</tp1:hr>
</tp1:TrackPointExtension>
</extensions>
</trkpt>
<trkpt lat="58.69627085" lon="14.57869724">
<ele>200.6</ele>
<time>2023-09-10T09:30:22Z</time>
<extensions>
<tp1:TrackPointExtension>
<tp1:hr>156</tp1:hr>
</tp1:TrackPointExtension>
</extensions>
</trkpt>
<trkpt lat="58.69626598" lon="14.57854939">
<ele>201.0</ele>
<time>2023-09-10T09:30:27Z</time>
<extensions>
<tp1:TrackPointExtension>
<tp1:hr>153</tp1:hr>
</tp1:TrackPointExtension>
</extensions>
</trkpt>
<trkpt lat="58.6962431" lon="14.57841662">
<ele>201.2</ele>
<time>2023-09-10T09:30:30Z</time>
<extensions>
<tp1:TrackPointExtension>
<tp1:hr>148</tp1:hr>
</tp1:TrackPointExtension>
</extensions>
</trkpt>
<trkpt lat="58.69623648" lon="14.57836214">
<ele>201.4</ele>
<time>2023-09-10T09:30:32Z</time>
<extensions>
<tp1:TrackPointExtension>
<tp1:hr>147</tp1:hr>
</tp1:TrackPointExtension>
</extensions>
</trkpt>
<trkpt lat="58.69623832" lon="14.57814144">
<ele>201.6</ele>
<time>2023-09-10T09:30:37Z</time>
<extensions>
<tp1:TrackPointExtension>
<tp1:hr>146</tp1:hr>
</tp1:TrackPointExtension>
</extensions>
</trkpt>
<trkpt lat="58.69622936" lon="14.57810481">
<ele>201.6</ele>
<time>2023-09-10T09:30:38Z</time>
<extensions>
<tp1:TrackPointExtension>
<tp1:hr>149</tp1:hr>
</tp1:TrackPointExtension>
</extensions>
</trkpt>
<trkpt lat="58.6962177" lon="14.57807044">
<ele>201.6</ele>
<time>2023-09-10T09:30:39Z</time>
<extensions>
<tp1:TrackPointExtension>
<tp1:hr>146</tp1:hr>
</tp1:TrackPointExtension>
</extensions>
</trkpt>
<trkpt lat="58.69620848" lon="14.57803725">
<ele>201.6</ele>
<time>2023-09-10T09:30:40Z</time>
<extensions>
<tp1:TrackPointExtension>
<tp1:hr>147</tp1:hr>
</tp1:TrackPointExtension>
</extensions>
</trkpt>
<trkpt lat="58.69620496" lon="14.57800867">
<ele>201.8</ele>
<time>2023-09-10T09:30:41Z</time>
<extensions>
<tp1:TrackPointExtension>
<tp1:hr>147</tp1:hr>
</tp1:TrackPointExtension>
</extensions>
</trkpt>
<trkpt lat="58.69619214" lon="14.57780642">
<ele>202.0</ele>
<time>2023-09-10T09:30:47Z</time>
<extensions>
<tp1:TrackPointExtension>
<tp1:hr>146</tp1:hr>
</tp1:TrackPointExtension>
</extensions>
</trkpt>
<trkpt lat="58.69614445" lon="14.57758429">
<ele>202.2</ele>
<time>2023-09-10T09:30:54Z</time>
<extensions>
<tp1:TrackPointExtension>
<tp1:hr>145</tp1:hr>
</tp1:TrackPointExtension>
</extensions>
</trkpt>
<trkpt lat="58.69612131" lon="14.57752604">
<ele>202.2</ele>
<time>2023-09-10T09:30:56Z</time>
<extensions>
<tp1:TrackPointExtension>
<tp1:hr>147</tp1:hr>
</tp1:TrackPointExtension>
</extensions>
</trkpt>
<trkpt lat="58.69611863" lon="14.57749486">
<ele>203.0</ele>
<time>2023-09-10T09:30:57Z</time>
<extensions>
<tp1:TrackPointExtension>
<tp1:hr>146</tp1:hr>
</tp1:TrackPointExtension>
</extensions>
</trkpt>
<trkpt lat="58.69610044" lon="14.57741951">
<ele>203.6</ele>
<time>2023-09-10T09:30:59Z</time>
<extensions>
<tp1:TrackPointExtension>
<tp1:hr>149</tp1:hr>
</tp1:TrackPointExtension>
</extensions>
</trkpt>
<trkpt lat="58.69605945" lon="14.57726737">
<ele>203.6</ele>
<time>2023-09-10T09:31:03Z</time>
<extensions>
<tp1:TrackPointExtension>
<tp1:hr>148</tp1:hr>
</tp1:TrackPointExtension>
</extensions>
</trkpt>
<trkpt lat="58.69600682" lon="14.57715422">
<ele>201.8</ele>
<time>2023-09-10T09:31:07Z</time>
<extensions>
<tp1:TrackPointExtension>
<tp1:hr>147</tp1:hr>
</tp1:TrackPointExtension>
</extensions>
</trkpt>
<trkpt lat="58.69594429" lon="14.57709982">
<ele>201.4</ele>
<time>2023-09-10T09:31:10Z</time>
<extensions>
<tp1:TrackPointExtension>
<tp1:hr>149</tp1:hr>
</tp1:TrackPointExtension>
</extensions>
</trkpt>
<trkpt lat="58.69584857" lon="14.57703461">
<ele>202.8</ele>
<time>2023-09-10T09:31:16Z</time>
<extensions>
<tp1:TrackPointExtension>
<tp1:hr>149</tp1:hr>
</tp1:TrackPointExtension>
</extensions>
</trkpt>
<trkpt lat="58.69583524" lon="14.57703101">
<ele>203.2</ele>
<time>2023-09-10T09:31:17Z</time>
<extensions>
<tp1:TrackPointExtension>
<tp1:hr>149</tp1:hr>
</tp1:TrackPointExtension>
</extensions>
</trkpt>
<trkpt lat="58.69569333" lon="14.57708322">
<ele>202.6</ele>
<time>2023-09-10T09:31:22Z</time>
<extensions>
<tp1:TrackPointExtension>
<tp1:hr>151</tp1:hr>
</tp1:TrackPointExtension>
</extensions>
</trkpt>
<trkpt lat="58.69564589" lon="14.57712589">
<ele>201.4</ele>
<time>2023-09-10T09:31:24Z</time>
<extensions>
<tp1:TrackPointExtension>
<tp1:hr>151</tp1:hr>
</tp1:TrackPointExtension>
</extensions>
</trkpt>
<trkpt lat="58.69560926" lon="14.57713402">
<ele>200.4</ele>
<time>2023-09-10T09:31:26Z</time>
<extensions>
<tp1:TrackPointExtension>
<tp1:hr>150</tp1:hr>
</tp1:TrackPointExtension>
</extensions>
</trkpt>
<trkpt lat="58.69559099" lon="14.57712295">
<ele>199.8</ele>
<time>2023-09-10T09:31:27Z</time>
<extensions>
<tp1:TrackPointExtension>
<tp1:hr>151</tp1:hr>
</tp1:TrackPointExtension>
</extensions>
</trkpt>
<trkpt lat="58.6955754" lon="14.57711281">
<ele>199.2</ele>
<time>2023-09-10T09:31:28Z</time>
<extensions>
<tp1:TrackPointExtension>
<tp1:hr>152</tp1:hr>
</tp1:TrackPointExtension>
</extensions>
</trkpt>
<trkpt lat="58.69554346" lon="14.57709018">
<ele>198.0</ele>
<time>2023-09-10T09:31:30Z</time>
<extensions>
<tp1:TrackPointExtension>
<tp1:hr>152</tp1:hr>
</tp1:TrackPointExtension>
</extensions>
</trkpt>
<trkpt lat="58.69550566" lon="14.57709773">
<ele>196.8</ele>
<time>2023-09-10T09:31:32Z</time>
<extensions>
<tp1:TrackPointExtension>
<tp1:hr>152</tp1:hr>
</tp1:TrackPointExtension>
</extensions>
</trkpt>
<trkpt lat="58.69548404" lon="14.57711717">
<ele>196.2</ele>
<time>2023-09-10T09:31:33Z</time>
<extensions>
<tp1:TrackPointExtension>
<tp1:hr>152</tp1:hr>
</tp1:TrackPointExtension>
</extensions>
</trkpt>
<trkpt lat="58.69546208" lon="14.57713461">
<ele>195.6</ele>
<time>2023-09-10T09:31:34Z</time>
<extensions>
<tp1:TrackPointExtension>
<tp1:hr>153</tp1:hr>
</tp1:TrackPointExtension>
</extensions>
</trkpt>
<trkpt lat="58.69535177" lon="14.57718959">
<ele>194.4</ele>
<time>2023-09-10T09:31:38Z</time>
<extensions>
<tp1:TrackPointExtension>
<tp1:hr>151</tp1:hr>
</tp1:TrackPointExtension>
</extensions>
</trkpt>
<trkpt lat="58.69533844" lon="14.57721901">
<ele>194.6</ele>
<time>2023-09-10T09:31:39Z</time>
<extensions>
<tp1:TrackPointExtension>
<tp1:hr>152</tp1:hr>
</tp1:TrackPointExtension>
</extensions>
</trkpt>
<trkpt lat="58.69524549" lon="14.57720979">
<ele>194.6</ele>
<time>2023-09-10T09:31:44Z</time>
<extensions>
<tp1:TrackPointExtension>
<tp1:hr>152</tp1:hr>
</tp1:TrackPointExtension>
</extensions>
</trkpt>
<trkpt lat="58.69515806" lon="14.57716386">
<ele>193.2</ele>
<time>2023-09-10T09:31:49Z</time>
<extensions>
<tp1:TrackPointExtension>
<tp1:hr>152</tp1:hr>
</tp1:TrackPointExtension>
</extensions>
</trkpt>
<trkpt lat="58.69513602" lon="14.57717819">
<ele>193.0</ele>
<time>2023-09-10T09:31:50Z</time>
<extensions>
<tp1:TrackPointExtension>
<tp1:hr>152</tp1:hr>
</tp1:TrackPointExtension>
</extensions>
</trkpt>
<trkpt lat="58.69506762" lon="14.57725824">
<ele>192.0</ele>
<time>2023-09-10T09:31:53Z</time>
<extensions>
<tp1:TrackPointExtension>
<tp1:hr>153</tp1:hr>
</tp1:TrackPointExtension>
</extensions>
</trkpt>
<trkpt lat="58.69500484" lon="14.57731892">
<ele>190.8</ele>
<time>2023-09-10T09:31:56Z</time>
<extensions>
<tp1:TrackPointExtension>
<tp1:hr>153</tp1:hr>
</tp1:TrackPointExtension>
</extensions>
</trkpt>
<trkpt lat="58.6948771" lon="14.57742068">
<ele>191.4</ele>
<time>2023-09-10T09:32:03Z</time>
<extensions>
<tp1:TrackPointExtension>
<tp1:hr>153</tp1:hr>
</tp1:TrackPointExtension>
</extensions>
</trkpt>
<trkpt lat="58.69471718" lon="14.57753778">
<ele>191.5</ele>
<time>2023-09-10T09:32:10Z</time>
<extensions>
<tp1:TrackPointExtension>
<tp1:hr>151</tp1:hr>
</tp1:TrackPointExtension>
</extensions>
</trkpt>
<trkpt lat="58.69458332" lon="14.57757591">
<ele>191.1</ele>
<time>2023-09-10T09:32:16Z</time>
<extensions>
<tp1:TrackPointExtension>
<tp1:hr>152</tp1:hr>
</tp1:TrackPointExtension>
</extensions>
</trkpt>
<trkpt lat="58.69445843" lon="14.57757658">
<ele>191.9</ele>
<time>2023-09-10T09:32:22Z</time>
<extensions>
<tp1:TrackPointExtension>
<tp1:hr>154</tp1:hr>
</tp1:TrackPointExtension>
</extensions>
</trkpt>
<trkpt lat="58.69444476" lon="14.57757482">
<ele>192.1</ele>
<time>2023-09-10T09:32:23Z</time>
<extensions>
<tp1:TrackPointExtension>
<tp1:hr>154</tp1:hr>
</tp1:TrackPointExtension>
</extensions>
</trkpt>
<trkpt lat="58.69441995" lon="14.57755865">
<ele>192.5</ele>
<time>2023-09-10T09:32:25Z</time>
<extensions>
<tp1:TrackPointExtension>
<tp1:hr>155</tp1:hr>
</tp1:TrackPointExtension>
</extensions>
</trkpt>
<trkpt lat="58.69437545" lon="14.57755881">
<ele>192.9</ele>
<time>2023-09-10T09:32:28Z</time>
<extensions>
<tp1:TrackPointExtension>
<tp1:hr>155</tp1:hr>
</tp1:TrackPointExtension>
</extensions>
</trkpt>
<trkpt lat="58.69433421" lon="14.57755999">
<ele>193.3</ele>
<time>2023-09-10T09:32:30Z</time>
<extensions>
<tp1:TrackPointExtension>
<tp1:hr>155</tp1:hr>
</tp1:TrackPointExtension>
</extensions>
</trkpt>
<trkpt lat="58.69430479" lon="14.57760064">
<ele>194.1</ele>
<time>2023-09-10T09:32:32Z</time>
<extensions>
<tp1:TrackPointExtension>
<tp1:hr>154</tp1:hr>
</tp1:TrackPointExtension>
</extensions>
</trkpt>
<trkpt lat="58.69428978" lon="14.57763249">
<ele>194.3</ele>
<time>2023-09-10T09:32:33Z</time>
<extensions>
<tp1:TrackPointExtension>
<tp1:hr>154</tp1:hr>
</tp1:TrackPointExtension>
</extensions>
</trkpt>
<trkpt lat="58.69427185" lon="14.57767633">
<ele>194.9</ele>
<time>2023-09-10T09:32:34Z</time>
<extensions>
<tp1:TrackPointExtension>
<tp1:hr>153</tp1:hr>
</tp1:TrackPointExtension>
</extensions>
</trkpt>
<trkpt lat="58.69426405" lon="14.57770105">
<ele>195.3</ele>
<time>2023-09-10T09:32:36Z</time>
<extensions>
<tp1:TrackPointExtension>
<tp1:hr>153</tp1:hr>
</tp1:TrackPointExtension>
</extensions>
</trkpt>
<trkpt lat="58.69426388" lon="14.57772855">
<ele>195.5</ele>
<time>2023-09-10T09:32:37Z</time>
<extensions>
<tp1:TrackPointExtension>
<tp1:hr>152</tp1:hr>
</tp1:TrackPointExtension>
</extensions>
</trkpt>
<trkpt lat="58.69426137" lon="14.57774439">
<ele>195.5</ele>
<time>2023-09-10T09:32:38Z</time>
<extensions>
<tp1:TrackPointExtension>
<tp1:hr>153</tp1:hr>
</tp1:TrackPointExtension>
</extensions>
</trkpt>
<trkpt lat="58.69424528" lon="14.57776945">
<ele>195.7</ele>
<time>2023-09-10T09:32:42Z</time>
<extensions>
<tp1:TrackPointExtension>
<tp1:hr>154</tp1:hr>
</tp1:TrackPointExtension>
</extensions>
</trkpt>
<trkpt lat="58.69422541" lon="14.57781949">
<ele>196.1</ele>
<time>2023-09-10T09:32:48Z</time>
<extensions>
<tp1:TrackPointExtension>
<tp1:hr>154</tp1:hr>
</tp1:TrackPointExtension>
</extensions>
</trkpt>
<trkpt lat="58.69419507" lon="14.57785721">
<ele>195.9</ele>
<time>2023-09-10T09:32:50Z</time>
<extensions>
<tp1:TrackPointExtension>
<tp1:hr>154</tp1:hr>
</tp1:TrackPointExtension>
</extensions>
</trkpt>
<trkpt lat="58.69416079" lon="14.57788068">
<ele>195.9</ele>
<time>2023-09-10T09:32:53Z</time>
<extensions>
<tp1:TrackPointExtension>
<tp1:hr>153</tp1:hr>
</tp1:TrackPointExtension>
</extensions>
</trkpt>
<trkpt lat="58.69409541" lon="14.5779132">
<ele>195.3</ele>
<time>2023-09-10T09:32:58Z</time>
<extensions>
<tp1:TrackPointExtension>
<tp1:hr>153</tp1:hr>
</tp1:TrackPointExtension>
</extensions>
</trkpt>
<trkpt lat="58.6940219" lon="14.57804019">
<ele>194.7</ele>
<time>2023-09-10T09:33:05Z</time>
<extensions>
<tp1:TrackPointExtension>
<tp1:hr>151</tp1:hr>
</tp1:TrackPointExtension>
</extensions>
</trkpt>
<trkpt lat="58.69400312" lon="14.5780422">
<ele>194.5</ele>
<time>2023-09-10T09:33:06Z</time>
<extensions>
<tp1:TrackPointExtension>
<tp1:hr>151</tp1:hr>
</tp1:TrackPointExtension>
</extensions>
</trkpt>
<trkpt lat="58.69399005" lon="14.57803968">
<ele>194.3</ele>
<time>2023-09-10T09:33:07Z</time>
<extensions>
<tp1:TrackPointExtension>
<tp1:hr>151</tp1:hr>
</tp1:TrackPointExtension>
</extensions>
</trkpt>
<trkpt lat="58.693967" lon="14.5780303">
<ele>193.7</ele>
<time>2023-09-10T09:33:09Z</time>
<extensions>
<tp1:TrackPointExtension>
<tp1:hr>150</tp1:hr>
</tp1:TrackPointExtension>
</extensions>
</trkpt>
<trkpt lat="58.69394219" lon="14.57804983">
<ele>193.1</ele>
<time>2023-09-10T09:33:12Z</time>
<extensions>
<tp1:TrackPointExtension>
<tp1:hr>149</tp1:hr>
</tp1:TrackPointExtension>
</extensions>
</trkpt>
<trkpt lat="58.69392316" lon="14.57807958">
<ele>191.7</ele>
<time>2023-09-10T09:33:14Z</time>
<extensions>
<tp1:TrackPointExtension>
<tp1:hr>148</tp1:hr>
</tp1:TrackPointExtension>
</extensions>
</trkpt>
<trkpt lat="58.69391494" lon="14.57807145">
<ele>190.9</ele>
<time>2023-09-10T09:33:15Z</time>
<extensions>
<tp1:TrackPointExtension>
<tp1:hr>148</tp1:hr>
</tp1:TrackPointExtension>
</extensions>
</trkpt>
<trkpt lat="58.69390707" lon="14.57805787">
<ele>190.5</ele>
<time>2023-09-10T09:33:16Z</time>
<extensions>
<tp1:TrackPointExtension>
<tp1:hr>148</tp1:hr>
</tp1:TrackPointExtension>
</extensions>
</trkpt>
<trkpt lat="58.6938898" lon="14.57800725">
<ele>189.5</ele>
<time>2023-09-10T09:33:18Z</time>
<extensions>
<tp1:TrackPointExtension>
<tp1:hr>149</tp1:hr>
</tp1:TrackPointExtension>
</extensions>
</trkpt>
<trkpt lat="58.69388594" lon="14.57798101">
<ele>189.3</ele>
<time>2023-09-10T09:33:19Z</time>
<extensions>
<tp1:TrackPointExtension>
<tp1:hr>149</tp1:hr>
</tp1:TrackPointExtension>
</extensions>
</trkpt>
<trkpt lat="58.69388712" lon="14.57794908">
<ele>188.9</ele>
<time>2023-09-10T09:33:20Z</time>
<extensions>
<tp1:TrackPointExtension>
<tp1:hr>148</tp1:hr>
</tp1:TrackPointExtension>
</extensions>
</trkpt>
<trkpt lat="58.69388091" lon="14.5778816">
<ele>187.9</ele>
<time>2023-09-10T09:33:22Z</time>
<extensions>
<tp1:TrackPointExtension>
<tp1:hr>145</tp1:hr>
</tp1:TrackPointExtension>
</extensions>
</trkpt>
<trkpt lat="58.6937919" lon="14.57772897">
<ele>186.7</ele>
<time>2023-09-10T09:33:26Z</time>
<extensions>
<tp1:TrackPointExtension>
<tp1:hr>146</tp1:hr>
</tp1:TrackPointExtension>
</extensions>
</trkpt>
<trkpt lat="58.6936515" lon="14.5775936">
<ele>186.1</ele>
<time>2023-09-10T09:33:32Z</time>
<extensions>
<tp1:TrackPointExtension>
<tp1:hr>149</tp1:hr>
</tp1:TrackPointExtension>
</extensions>
</trkpt>
<trkpt lat="58.69360473" lon="14.57751028">
<ele>185.7</ele>
<time>2023-09-10T09:33:35Z</time>
<extensions>
<tp1:TrackPointExtension>
<tp1:hr>150</tp1:hr>
</tp1:TrackPointExtension>
</extensions>
</trkpt>
<trkpt lat="58.69358964" lon="14.57744675">
<ele>184.9</ele>
<time>2023-09-10T09:33:37Z</time>
<extensions>
<tp1:TrackPointExtension>
<tp1:hr>150</tp1:hr>
</tp1:TrackPointExtension>
</extensions>
</trkpt>
<trkpt lat="58.69355964" lon="14.57740911">
<ele>184.7</ele>
<time>2023-09-10T09:33:38Z</time>
<extensions>
<tp1:TrackPointExtension>
<tp1:hr>150</tp1:hr>
</tp1:TrackPointExtension>
</extensions>
</trkpt>
<trkpt lat="58.69353005" lon="14.57738589">
<ele>184.5</ele>
<time>2023-09-10T09:33:39Z</time>
<extensions>
<tp1:TrackPointExtension>
<tp1:hr>148</tp1:hr>
</tp1:TrackPointExtension>
</extensions>
</trkpt>
<trkpt lat="58.69344304" lon="14.57742261">
<ele>183.5</ele>
<time>2023-09-10T09:33:42Z</time>
<extensions>
<tp1:TrackPointExtension>
<tp1:hr>149</tp1:hr>
</tp1:TrackPointExtension>
</extensions>
</trkpt>
<trkpt lat="58.69335319" lon="14.57751263">
<ele>182.5</ele>
<time>2023-09-10T09:33:46Z</time>
<extensions>
<tp1:TrackPointExtension>
<tp1:hr>151</tp1:hr>
</tp1:TrackPointExtension>
</extensions>
</trkpt>
<trkpt lat="58.69323098" lon="14.57769644">
<ele>181.1</ele>
<time>2023-09-10T09:33:51Z</time>
<extensions>
<tp1:TrackPointExtension>
<tp1:hr>151</tp1:hr>
</tp1:TrackPointExtension>
</extensions>
</trkpt>
<trkpt lat="58.69314842" lon="14.57779652">
<ele>180.1</ele>
<time>2023-09-10T09:33:54Z</time>
<extensions>
<tp1:TrackPointExtension>
<tp1:hr>151</tp1:hr>
</tp1:TrackPointExtension>
</extensions>
</trkpt>
<trkpt lat="58.6930682" lon="14.57792334">
<ele>179.3</ele>
<time>2023-09-10T09:33:57Z</time>
<extensions>
<tp1:TrackPointExtension>
<tp1:hr>151</tp1:hr>
</tp1:TrackPointExtension>
</extensions>
</trkpt>
<trkpt lat="58.69299335" lon="14.57803071">
<ele>178.7</ele>
<time>2023-09-10T09:34:00Z</time>
<extensions>
<tp1:TrackPointExtension>
<tp1:hr>150</tp1:hr>
</tp1:TrackPointExtension>
</extensions>
</trkpt>
<trkpt lat="58.69296108" lon="14.57805284">
<ele>177.9</ele>
<time>2023-09-10T09:34:01Z</time>
<extensions>
<tp1:TrackPointExtension>
<tp1:hr>150</tp1:hr>
</tp1:TrackPointExtension>
</extensions>
</trkpt>
<trkpt lat="58.69292848" lon="14.57808268">
<ele>176.9</ele>
<time>2023-09-10T09:34:02Z</time>
<extensions>
<tp1:TrackPointExtension>
<tp1:hr>151</tp1:hr>
</tp1:TrackPointExtension>
</extensions>
</trkpt>
<trkpt lat="58.6928688" lon="14.57815452">
<ele>175.5</ele>
<time>2023-09-10T09:34:04Z</time>
<extensions>
<tp1:TrackPointExtension>
<tp1:hr>150</tp1:hr>
</tp1:TrackPointExtension>
</extensions>
</trkpt>
<trkpt lat="58.69281926" lon="14.57822752">
<ele>174.1</ele>
<time>2023-09-10T09:34:06Z</time>
<extensions>
<tp1:TrackPointExtension>
<tp1:hr>152</tp1:hr>
</tp1:TrackPointExtension>
</extensions>
</trkpt>
<trkpt lat="58.69277115" lon="14.57828511">
<ele>172.9</ele>
<time>2023-09-10T09:34:08Z</time>
<extensions>
<tp1:TrackPointExtension>
<tp1:hr>152</tp1:hr>
</tp1:TrackPointExtension>
</extensions>
</trkpt>
<trkpt lat="58.69269093" lon="14.57843975">
<ele>171.9</ele>
<time>2023-09-10T09:34:11Z</time>
<extensions>
<tp1:TrackPointExtension>
<tp1:hr>152</tp1:hr>
</tp1:TrackPointExtension>
</extensions>
</trkpt>
<trkpt lat="58.69258172" lon="14.57870588">
<ele>170.7</ele>
<time>2023-09-10T09:34:16Z</time>
<extensions>
<tp1:TrackPointExtension>
<tp1:hr>151</tp1:hr>
</tp1:TrackPointExtension>
</extensions>
</trkpt>
<trkpt lat="58.69252665" lon="14.57887704">
<ele>169.5</ele>
<time>2023-09-10T09:34:19Z</time>
<extensions>
<tp1:TrackPointExtension>
<tp1:hr>149</tp1:hr>
</tp1:TrackPointExtension>
</extensions>
</trkpt>
<trkpt lat="58.69245004" lon="14.57903051">
<ele>169.1</ele>
<time>2023-09-10T09:34:22Z</time>
<extensions>
<tp1:TrackPointExtension>
<tp1:hr>150</tp1:hr>
</tp1:TrackPointExtension>
</extensions>
</trkpt>
<trkpt lat="58.69232884" lon="14.57920318">
<ele>168.7</ele>
<time>2023-09-10T09:34:26Z</time>
<extensions>
<tp1:TrackPointExtension>
<tp1:hr>151</tp1:hr>
</tp1:TrackPointExtension>
</extensions>
</trkpt>
<trkpt lat="58.69228592" lon="14.57928364">
<ele>168.7</ele>
<time>2023-09-10T09:34:28Z</time>
<extensions>
<tp1:TrackPointExtension>
<tp1:hr>153</tp1:hr>
</tp1:TrackPointExtension>
</extensions>
</trkpt>
<trkpt lat="58.69228081" lon="14.57942169">
<ele>168.5</ele>
<time>2023-09-10T09:34:30Z</time>
<extensions>
<tp1:TrackPointExtension>
<tp1:hr>155</tp1:hr>
</tp1:TrackPointExtension>
</extensions>
</trkpt>
<trkpt lat="58.69229833" lon="14.57978086">
<ele>168.9</ele>
<time>2023-09-10T09:34:35Z</time>
<extensions>
<tp1:TrackPointExtension>
<tp1:hr>155</tp1:hr>
</tp1:TrackPointExtension>
</extensions>
</trkpt>
<trkpt lat="58.69231274" lon="14.5802546">
<ele>168.7</ele>
<time>2023-09-10T09:34:42Z</time>
<extensions>
<tp1:TrackPointExtension>
<tp1:hr>155</tp1:hr>
</tp1:TrackPointExtension>
</extensions>
</trkpt>
<trkpt lat="58.69231082" lon="14.58032861">
<ele>168.5</ele>
<time>2023-09-10T09:34:43Z</time>
<extensions>
<tp1:TrackPointExtension>
<tp1:hr>158</tp1:hr>
</tp1:TrackPointExtension>
</extensions>
</trkpt>
<trkpt lat="58.69230671" lon="14.58040045">
<ele>168.5</ele>
<time>2023-09-10T09:34:44Z</time>
<extensions>
<tp1:TrackPointExtension>
<tp1:hr>156</tp1:hr>
</tp1:TrackPointExtension>
</extensions>
</trkpt>
<trkpt lat="58.69227142" lon="14.58058711">
<ele>167.3</ele>
<time>2023-09-10T09:34:47Z</time>
<extensions>
<tp1:TrackPointExtension>
<tp1:hr>157</tp1:hr>
</tp1:TrackPointExtension>
</extensions>
</trkpt>
<trkpt lat="58.69224711" lon="14.58071301">
<ele>165.9</ele>
<time>2023-09-10T09:34:49Z</time>
<extensions>
<tp1:TrackPointExtension>
<tp1:hr>152</tp1:hr>
</tp1:TrackPointExtension>
</extensions>
</trkpt>
<trkpt lat="58.69221635" lon="14.58077252">
<ele>165.3</ele>
<time>2023-09-10T09:34:50Z</time>
<extensions>
<tp1:TrackPointExtension>
<tp1:hr>152</tp1:hr>
</tp1:TrackPointExtension>
</extensions>
</trkpt>
<trkpt lat="58.69218316" lon="14.58083387">
<ele>164.7</ele>
<time>2023-09-10T09:34:51Z</time>
<extensions>
<tp1:TrackPointExtension>
<tp1:hr>152</tp1:hr>
</tp1:TrackPointExtension>
</extensions>
</trkpt>
<trkpt lat="58.6920809" lon="14.58110402">
<ele>162.9</ele>
<time>2023-09-10T09:34:55Z</time>
<extensions>
<tp1:TrackPointExtension>
<tp1:hr>152</tp1:hr>
</tp1:TrackPointExtension>
</extensions>
</trkpt>
<trkpt lat="58.69205391" lon="14.58118256">
<ele>163.1</ele>
<time>2023-09-10T09:34:56Z</time>
<extensions>
<tp1:TrackPointExtension>
<tp1:hr>154</tp1:hr>
</tp1:TrackPointExtension>
</extensions>
</trkpt>
<trkpt lat="58.69200923" lon="14.5813217">
<ele>161.7</ele>
<time>2023-09-10T09:34:58Z</time>
<extensions>
<tp1:TrackPointExtension>
<tp1:hr>153</tp1:hr>
</tp1:TrackPointExtension>
</extensions>
</trkpt>
<trkpt lat="58.69196079" lon="14.58142648">
<ele>160.5</ele>
<time>2023-09-10T09:35:00Z</time>
<extensions>
<tp1:TrackPointExtension>
<tp1:hr>153</tp1:hr>
</tp1:TrackPointExtension>
</extensions>
</trkpt>
<trkpt lat="58.6919198" lon="14.58153611">
<ele>159.8</ele>
<time>2023-09-10T09:35:02Z</time>
<extensions>
<tp1:TrackPointExtension>
<tp1:hr>151</tp1:hr>
</tp1:TrackPointExtension>
</extensions>
</trkpt>
<trkpt lat="58.69189331" lon="14.58165388">
<ele>159.6</ele>
<time>2023-09-10T09:35:04Z</time>
<extensions>
<tp1:TrackPointExtension>
<tp1:hr>152</tp1:hr>
</tp1:TrackPointExtension>
</extensions>
</trkpt>
<trkpt lat="58.69189625" lon="14.58188153">
<ele>158.6</ele>
<time>2023-09-10T09:35:07Z</time>
<extensions>
<tp1:TrackPointExtension>
<tp1:hr>151</tp1:hr>
</tp1:TrackPointExtension>
</extensions>
</trkpt>
<trkpt lat="58.69189993" lon="14.58197004">
<ele>158.4</ele>
<time>2023-09-10T09:35:08Z</time>
<extensions>
<tp1:TrackPointExtension>
<tp1:hr>150</tp1:hr>
</tp1:TrackPointExtension>
</extensions>
</trkpt>
<trkpt lat="58.691911" lon="14.58224128">
<ele>157.8</ele>
<time>2023-09-10T09:35:12Z</time>
<extensions>
<tp1:TrackPointExtension>
<tp1:hr>148</tp1:hr>
</tp1:TrackPointExtension>
</extensions>
</trkpt>
<trkpt lat="58.69191175" lon="14.58248394">
<ele>157.0</ele>
<time>2023-09-10T09:35:15Z</time>
<extensions>
<tp1:TrackPointExtension>
<tp1:hr>147</tp1:hr>
</tp1:TrackPointExtension>
</extensions>
</trkpt>
<trkpt lat="58.69187697" lon="14.58263095">
<ele>156.4</ele>
<time>2023-09-10T09:35:17Z</time>
<extensions>
<tp1:TrackPointExtension>
<tp1:hr>147</tp1:hr>
</tp1:TrackPointExtension>
</extensions>
</trkpt>
<trkpt lat="58.69185166" lon="14.58269541">
<ele>156.0</ele>
<time>2023-09-10T09:35:18Z</time>
<extensions>
<tp1:TrackPointExtension>
<tp1:hr>147</tp1:hr>
</tp1:TrackPointExtension>
</extensions>
</trkpt>
<trkpt lat="58.69179466" lon="14.58282977">
<ele>154.4</ele>
<time>2023-09-10T09:35:20Z</time>
<extensions>
<tp1:TrackPointExtension>
<tp1:hr>147</tp1:hr>
</tp1:TrackPointExtension>
</extensions>
</trkpt>
<trkpt lat="58.69172609" lon="14.58294729">
<ele>153.4</ele>
<time>2023-09-10T09:35:22Z</time>
<extensions>
<tp1:TrackPointExtension>
<tp1:hr>146</tp1:hr>
</tp1:TrackPointExtension>
</extensions>
</trkpt>
<trkpt lat="58.69167865" lon="14.58307587">
<ele>152.4</ele>
<time>2023-09-10T09:35:24Z</time>
<extensions>
<tp1:TrackPointExtension>
<tp1:hr>146</tp1:hr>
</tp1:TrackPointExtension>
</extensions>
</trkpt>
<trkpt lat="58.69161135" lon="14.58327603">
<ele>151.4</ele>
<time>2023-09-10T09:35:27Z</time>
<extensions>
<tp1:TrackPointExtension>
<tp1:hr>145</tp1:hr>
</tp1:TrackPointExtension>
</extensions>
</trkpt>
<trkpt lat="58.69159768" lon="14.58342422">
<ele>151.2</ele>
<time>2023-09-10T09:35:29Z</time>
<extensions>
<tp1:TrackPointExtension>
<tp1:hr>145</tp1:hr>
</tp1:TrackPointExtension>
</extensions>
</trkpt>
<trkpt lat="58.69160078" lon="14.58365011">
<ele>151.0</ele>
<time>2023-09-10T09:35:32Z</time>
<extensions>
<tp1:TrackPointExtension>
<tp1:hr>145</tp1:hr>
</tp1:TrackPointExtension>
</extensions>
</trkpt>
<trkpt lat="58.69162501" lon="14.58389562">
<ele>151.0</ele>
<time>2023-09-10T09:35:36Z</time>
<extensions>
<tp1:TrackPointExtension>
<tp1:hr>144</tp1:hr>
</tp1:TrackPointExtension>
</extensions>
</trkpt>
<trkpt lat="58.69173012" lon="14.58419301">
<ele>151.0</ele>
<time>2023-09-10T09:35:41Z</time>
<extensions>
<tp1:TrackPointExtension>
<tp1:hr>144</tp1:hr>
</tp1:TrackPointExtension>
</extensions>
</trkpt>
<trkpt lat="58.69177639" lon="14.58427406">
<ele>151.0</ele>
<time>2023-09-10T09:35:43Z</time>
<extensions>
<tp1:TrackPointExtension>
<tp1:hr>144</tp1:hr>
</tp1:TrackPointExtension>
</extensions>
</trkpt>
<trkpt lat="58.69181528" lon="14.58435369">
<ele>151.0</ele>
<time>2023-09-10T09:35:45Z</time>
<extensions>
<tp1:TrackPointExtension>
<tp1:hr>143</tp1:hr>
</tp1:TrackPointExtension>
</extensions>
</trkpt>
<trkpt lat="58.69187295" lon="14.58463088">
<ele>151.0</ele>
<time>2023-09-10T09:35:50Z</time>
<extensions>
<tp1:TrackPointExtension>
<tp1:hr>141</tp1:hr>
</tp1:TrackPointExtension>
</extensions>
</trkpt>
<trkpt lat="58.69186775" lon="14.58499398">
<ele>151.0</ele>
<time>2023-09-10T09:35:55Z</time>
<extensions>
<tp1:TrackPointExtension>
<tp1:hr>141</tp1:hr>
</tp1:TrackPointExtension>
</extensions>
</trkpt>
<trkpt lat="58.69189742" lon="14.58536647">
<ele>151.0</ele>
<time>2023-09-10T09:36:00Z</time>
<extensions>
<tp1:TrackPointExtension>
<tp1:hr>142</tp1:hr>
</tp1:TrackPointExtension>
</extensions>
</trkpt>
<trkpt lat="58.69190052" lon="14.58551232">
<ele>151.0</ele>
<time>2023-09-10T09:36:02Z</time>
<extensions>
<tp1:TrackPointExtension>
<tp1:hr>142</tp1:hr>
</tp1:TrackPointExtension>
</extensions>
</trkpt>
<trkpt lat="58.69190605" lon="14.58591834">
<ele>151.0</ele>
<time>2023-09-10T09:36:08Z</time>
<extensions>
<tp1:TrackPointExtension>
<tp1:hr>142</tp1:hr>
</tp1:TrackPointExtension>
</extensions>
</trkpt>
<trkpt lat="58.69191251" lon="14.58599051">
<ele>151.0</ele>
<time>2023-09-10T09:36:09Z</time>
<extensions>
<tp1:TrackPointExtension>
<tp1:hr>145</tp1:hr>
</tp1:TrackPointExtension>
</extensions>
</trkpt>
<trkpt lat="58.6919053" lon="14.58634355">
<ele>151.0</ele>
<time>2023-09-10T09:36:14Z</time>
<extensions>
<tp1:TrackPointExtension>
<tp1:hr>142</tp1:hr>
</tp1:TrackPointExtension>
</extensions>
</trkpt>
<trkpt lat="58.69189063" lon="14.58647867">
<ele>151.0</ele>
<time>2023-09-10T09:36:16Z</time>
<extensions>
<tp1:TrackPointExtension>
<tp1:hr>143</tp1:hr>
</tp1:TrackPointExtension>
</extensions>
</trkpt>
<trkpt lat="58.69185953" lon="14.58683138">
<ele>151.0</ele>
<time>2023-09-10T09:36:21Z</time>
<extensions>
<tp1:TrackPointExtension>
<tp1:hr>142</tp1:hr>
</tp1:TrackPointExtension>
</extensions>
</trkpt>
<trkpt lat="58.69182517" lon="14.58714151">
<ele>151.0</ele>
<time>2023-09-10T09:36:26Z</time>
<extensions>
<tp1:TrackPointExtension>
<tp1:hr>143</tp1:hr>
</tp1:TrackPointExtension>
</extensions>
</trkpt>
<trkpt lat="58.69181695" lon="14.58741996">
<ele>151.0</ele>
<time>2023-09-10T09:36:31Z</time>
<extensions>
<tp1:TrackPointExtension>
<tp1:hr>146</tp1:hr>
</tp1:TrackPointExtension>
</extensions>
</trkpt>
<trkpt lat="58.69182156" lon="14.5874855">
<ele>151.0</ele>
<time>2023-09-10T09:36:32Z</time>
<extensions>
<tp1:TrackPointExtension>
<tp1:hr>146</tp1:hr>
</tp1:TrackPointExtension>
</extensions>
</trkpt>
<trkpt lat="58.69181419" lon="14.58767133">
<ele>151.0</ele>
<time>2023-09-10T09:36:35Z</time>
<extensions>
<tp1:TrackPointExtension>
<tp1:hr>147</tp1:hr>
</tp1:TrackPointExtension>
</extensions>
</trkpt>
<trkpt lat="58.69181578" lon="14.58787803">
<ele>151.0</ele>
<time>2023-09-10T09:36:38Z</time>
<extensions>
<tp1:TrackPointExtension>
<tp1:hr>148</tp1:hr>
</tp1:TrackPointExtension>
</extensions>
</trkpt>
<trkpt lat="58.69180866" lon="14.58802882">
<ele>151.0</ele>
<time>2023-09-10T09:36:40Z</time>
<extensions>
<tp1:TrackPointExtension>
<tp1:hr>148</tp1:hr>
</tp1:TrackPointExtension>
</extensions>
</trkpt>
<trkpt lat="58.69180773" lon="14.58830886">
<ele>151.0</ele>
<time>2023-09-10T09:36:44Z</time>
<extensions>
<tp1:TrackPointExtension>
<tp1:hr>149</tp1:hr>
</tp1:TrackPointExtension>
</extensions>
</trkpt>
<trkpt lat="58.69182391" lon="14.58868822">
<ele>151.0</ele>
<time>2023-09-10T09:36:50Z</time>
<extensions>
<tp1:TrackPointExtension>
<tp1:hr>151</tp1:hr>
</tp1:TrackPointExtension>
</extensions>
</trkpt>
<trkpt lat="58.69182752" lon="14.58909466">
<ele>151.0</ele>
<time>2023-09-10T09:36:56Z</time>
<extensions>
<tp1:TrackPointExtension>
<tp1:hr>149</tp1:hr>
</tp1:TrackPointExtension>
</extensions>
</trkpt>
<trkpt lat="58.69182852" lon="14.58916306">
<ele>151.0</ele>
<time>2023-09-10T09:36:57Z</time>
<extensions>
<tp1:TrackPointExtension>
<tp1:hr>149</tp1:hr>
</tp1:TrackPointExtension>
</extensions>
</trkpt>
<trkpt lat="58.69181746" lon="14.58937294">
<ele>150.8</ele>
<time>2023-09-10T09:37:00Z</time>
<extensions>
<tp1:TrackPointExtension>
<tp1:hr>150</tp1:hr>
</tp1:TrackPointExtension>
</extensions>
</trkpt>
<trkpt lat="58.6917934" lon="14.58957109">
<ele>150.8</ele>
<time>2023-09-10T09:37:03Z</time>
<extensions>
<tp1:TrackPointExtension>
<tp1:hr>150</tp1:hr>
</tp1:TrackPointExtension>
</extensions>
</trkpt>
<trkpt lat="58.69175912" lon="14.58969531">
<ele>150.8</ele>
<time>2023-09-10T09:37:05Z</time>
<extensions>
<tp1:TrackPointExtension>
<tp1:hr>150</tp1:hr>
</tp1:TrackPointExtension>
</extensions>
</trkpt>
<trkpt lat="58.69170497" lon="14.58997107">
<ele>150.8</ele>
<time>2023-09-10T09:37:09Z</time>
<extensions>
<tp1:TrackPointExtension>
<tp1:hr>148</tp1:hr>
</tp1:TrackPointExtension>
</extensions>
</trkpt>
<trkpt lat="58.69161897" lon="14.59031397">
<ele>150.8</ele>
<time>2023-09-10T09:37:14Z</time>
<extensions>
<tp1:TrackPointExtension>
<tp1:hr>149</tp1:hr>
</tp1:TrackPointExtension>
</extensions>
</trkpt>
<trkpt lat="58.69160548" lon="14.59037474">
<ele>150.8</ele>
<time>2023-09-10T09:37:15Z</time>
<extensions>
<tp1:TrackPointExtension>
<tp1:hr>149</tp1:hr>
</tp1:TrackPointExtension>
</extensions>
</trkpt>
<trkpt lat="58.69153038" lon="14.5907034">
<ele>150.6</ele>
<time>2023-09-10T09:37:20Z</time>
<extensions>
<tp1:TrackPointExtension>
<tp1:hr>150</tp1:hr>
</tp1:TrackPointExtension>
</extensions>
</trkpt>
<trkpt lat="58.69145561" lon="14.59100171">
<ele>150.6</ele>
<time>2023-09-10T09:37:25Z</time>
<extensions>
<tp1:TrackPointExtension>
<tp1:hr>153</tp1:hr>
</tp1:TrackPointExtension>
</extensions>
</trkpt>
<trkpt lat="58.691293" lon="14.59119433">
<ele>150.6</ele>
<time>2023-09-10T09:37:30Z</time>
<extensions>
<tp1:TrackPointExtension>
<tp1:hr>152</tp1:hr>
</tp1:TrackPointExtension>
</extensions>
</trkpt>
<trkpt lat="58.69109133" lon="14.59132902">
<ele>150.6</ele>
<time>2023-09-10T09:37:36Z</time>
<extensions>
<tp1:TrackPointExtension>
<tp1:hr>152</tp1:hr>
</tp1:TrackPointExtension>
</extensions>
</trkpt>
<trkpt lat="58.69106032" lon="14.59137177">
<ele>150.6</ele>
<time>2023-09-10T09:37:37Z</time>
<extensions>
<tp1:TrackPointExtension>
<tp1:hr>151</tp1:hr>
</tp1:TrackPointExtension>
</extensions>
</trkpt>
<trkpt lat="58.69089754" lon="14.59142189">
<ele>150.4</ele>
<time>2023-09-10T09:37:42Z</time>
<extensions>
<tp1:TrackPointExtension>
<tp1:hr>148</tp1:hr>
</tp1:TrackPointExtension>
</extensions>
</trkpt>
<trkpt lat="58.69080123" lon="14.59139817">
<ele>150.4</ele>
<time>2023-09-10T09:37:45Z</time>
<extensions>
<tp1:TrackPointExtension>
<tp1:hr>149</tp1:hr>
</tp1:TrackPointExtension>
</extensions>
</trkpt>
<trkpt lat="58.69070761" lon="14.59134369">
<ele>150.4</ele>
<time>2023-09-10T09:37:48Z</time>
<extensions>
<tp1:TrackPointExtension>
<tp1:hr>147</tp1:hr>
</tp1:TrackPointExtension>
</extensions>
</trkpt>
<trkpt lat="58.69051617" lon="14.59127915">
<ele>150.4</ele>
<time>2023-09-10T09:37:54Z</time>
<extensions>
<tp1:TrackPointExtension>
<tp1:hr>146</tp1:hr>
</tp1:TrackPointExtension>
</extensions>
</trkpt>
<trkpt lat="58.69048289" lon="14.59127689">
<ele>150.2</ele>
<time>2023-09-10T09:37:55Z</time>
<extensions>
<tp1:TrackPointExtension>
<tp1:hr>147</tp1:hr>
</tp1:TrackPointExtension>
</extensions>
</trkpt>
<trkpt lat="58.69032598" lon="14.59132601">
<ele>150.2</ele>
<time>2023-09-10T09:38:00Z</time>
<extensions>
<tp1:TrackPointExtension>
<tp1:hr>147</tp1:hr>
</tp1:TrackPointExtension>
</extensions>
</trkpt>
<trkpt lat="58.69028055" lon="14.59131301">
<ele>150.3</ele>
<time>2023-09-10T09:38:02Z</time>
<extensions>
<tp1:TrackPointExtension>
<tp1:hr>144</tp1:hr>
</tp1:TrackPointExtension>
</extensions>
</trkpt>
<trkpt lat="58.69025792" lon="14.59130807">
<ele>150.3</ele>
<time>2023-09-10T09:38:03Z</time>
<extensions>
<tp1:TrackPointExtension>
<tp1:hr>148</tp1:hr>
</tp1:TrackPointExtension>
</extensions>
</trkpt>
<trkpt lat="58.69020377" lon="14.59126926">
<ele>150.3</ele>
<time>2023-09-10T09:38:05Z</time>
<extensions>
<tp1:TrackPointExtension>
<tp1:hr>149</tp1:hr>
</tp1:TrackPointExtension>
</extensions>
</trkpt>
<trkpt lat="58.69007737" lon="14.59111218">
<ele>150.3</ele>
<time>2023-09-10T09:38:09Z</time>
<extensions>
<tp1:TrackPointExtension>
<tp1:hr>150</tp1:hr>
</tp1:TrackPointExtension>
</extensions>
</trkpt>
<trkpt lat="58.69004066" lon="14.591037">
<ele>150.1</ele>
<time>2023-09-10T09:38:11Z</time>
<extensions>
<tp1:TrackPointExtension>
<tp1:hr>153</tp1:hr>
</tp1:TrackPointExtension>
</extensions>
</trkpt>
<trkpt lat="58.68998894" lon="14.59093424">
<ele>150.1</ele>
<time>2023-09-10T09:38:14Z</time>
<extensions>
<tp1:TrackPointExtension>
<tp1:hr>149</tp1:hr>
</tp1:TrackPointExtension>
</extensions>
</trkpt>
<trkpt lat="58.6899783" lon="14.5909054">
<ele>150.1</ele>
<time>2023-09-10T09:38:15Z</time>
<extensions>
<tp1:TrackPointExtension>
<tp1:hr>150</tp1:hr>
</tp1:TrackPointExtension>
</extensions>
</trkpt>
<trkpt lat="58.68996975" lon="14.59087187">
<ele>150.1</ele>
<time>2023-09-10T09:38:16Z</time>
<extensions>
<tp1:TrackPointExtension>
<tp1:hr>150</tp1:hr>
</tp1:TrackPointExtension>
</extensions>
</trkpt>
<trkpt lat="58.68989205" lon="14.59070658">
<ele>150.1</ele>
<time>2023-09-10T09:38:23Z</time>
<extensions>
<tp1:TrackPointExtension>
<tp1:hr>150</tp1:hr>
</tp1:TrackPointExtension>
</extensions>
</trkpt>
<trkpt lat="58.68987394" lon="14.59066627">
<ele>150.1</ele>
<time>2023-09-10T09:38:25Z</time>
<extensions>
<tp1:TrackPointExtension>
<tp1:hr>150</tp1:hr>
</tp1:TrackPointExtension>
</extensions>
</trkpt>
<trkpt lat="58.68981854" lon="14.59058312">
<ele>150.1</ele>
<time>2023-09-10T09:38:28Z</time>
<extensions>
<tp1:TrackPointExtension>
<tp1:hr>150</tp1:hr>
</tp1:TrackPointExtension>
</extensions>
</trkpt>
<trkpt lat="58.68969717" lon="14.59042395">
<ele>150.1</ele>
<time>2023-09-10T09:38:34Z</time>
<extensions>
<tp1:TrackPointExtension>
<tp1:hr>150</tp1:hr>
</tp1:TrackPointExtension>
</extensions>
</trkpt>
<trkpt lat="58.68964554" lon="14.59040458">
<ele>150.1</ele>
<time>2023-09-10T09:38:37Z</time>
<extensions>
<tp1:TrackPointExtension>
<tp1:hr>150</tp1:hr>
</tp1:TrackPointExtension>
</extensions>
</trkpt>
<trkpt lat="58.68962626" lon="14.59041347">
<ele>150.1</ele>
<time>2023-09-10T09:38:38Z</time>
<extensions>
<tp1:TrackPointExtension>
<tp1:hr>150</tp1:hr>
</tp1:TrackPointExtension>
</extensions>
</trkpt>
<trkpt lat="58.68953967" lon="14.59047692">
<ele>150.3</ele>
<time>2023-09-10T09:38:43Z</time>
<extensions>
<tp1:TrackPointExtension>
<tp1:hr>150</tp1:hr>
</tp1:TrackPointExtension>
</extensions>
</trkpt>
<trkpt lat="58.68952132" lon="14.59048262">
<ele>150.3</ele>
<time>2023-09-10T09:38:44Z</time>
<extensions>
<tp1:TrackPointExtension>
<tp1:hr>152</tp1:hr>
</tp1:TrackPointExtension>
</extensions>
</trkpt>
<trkpt lat="58.68945577" lon="14.59044297">
<ele>150.3</ele>
<time>2023-09-10T09:38:47Z</time>
<extensions>
<tp1:TrackPointExtension>
<tp1:hr>151</tp1:hr>
</tp1:TrackPointExtension>
</extensions>
</trkpt>
<trkpt lat="58.68941545" lon="14.59042872">
<ele>150.5</ele>
<time>2023-09-10T09:38:49Z</time>
<extensions>
<tp1:TrackPointExtension>
<tp1:hr>152</tp1:hr>
</tp1:TrackPointExtension>
</extensions>
</trkpt>
<trkpt lat="58.68935343" lon="14.59044565">
<ele>150.5</ele>
<time>2023-09-10T09:38:52Z</time>
<extensions>
<tp1:TrackPointExtension>
<tp1:hr>151</tp1:hr>
</tp1:TrackPointExtension>
</extensions>
</trkpt>
<trkpt lat="58.68922594" lon="14.59046384">
<ele>150.7</ele>
<time>2023-09-10T09:38:59Z</time>
<extensions>
<tp1:TrackPointExtension>
<tp1:hr>152</tp1:hr>
</tp1:TrackPointExtension>
</extensions>
</trkpt>
<trkpt lat="58.6891215" lon="14.59055118">
<ele>150.9</ele>
<time>2023-09-10T09:39:05Z</time>
<extensions>
<tp1:TrackPointExtension>
<tp1:hr>151</tp1:hr>
</tp1:TrackPointExtension>
</extensions>
</trkpt>
<trkpt lat="58.68904321" lon="14.59061715">
<ele>150.9</ele>
<time>2023-09-10T09:39:09Z</time>
<extensions>
<tp1:TrackPointExtension>
<tp1:hr>154</tp1:hr>
</tp1:TrackPointExtension>
</extensions>
</trkpt>
<trkpt lat="58.68898597" lon="14.59065579">
<ele>151.1</ele>
<time>2023-09-10T09:39:12Z</time>
<extensions>
<tp1:TrackPointExtension>
<tp1:hr>153</tp1:hr>
</tp1:TrackPointExtension>
</extensions>
</trkpt>
<trkpt lat="58.68891799" lon="14.59076551">
<ele>151.1</ele>
<time>2023-09-10T09:39:16Z</time>
<extensions>
<tp1:TrackPointExtension>
<tp1:hr>155</tp1:hr>
</tp1:TrackPointExtension>
</extensions>
</trkpt>
<trkpt lat="58.68889142" lon="14.59080541">
<ele>151.3</ele>
<time>2023-09-10T09:39:17Z</time>
<extensions>
<tp1:TrackPointExtension>
<tp1:hr>155</tp1:hr>
</tp1:TrackPointExtension>
</extensions>
</trkpt>
<trkpt lat="58.6888739" lon="14.59085804">
<ele>151.3</ele>
<time>2023-09-10T09:39:18Z</time>
<extensions>
<tp1:TrackPointExtension>
<tp1:hr>156</tp1:hr>
</tp1:TrackPointExtension>
</extensions>
</trkpt>
<trkpt lat="58.6888143" lon="14.59100246">
<ele>151.3</ele>
<time>2023-09-10T09:39:22Z</time>
<extensions>
<tp1:TrackPointExtension>
<tp1:hr>156</tp1:hr>
</tp1:TrackPointExtension>
</extensions>
</trkpt>
<trkpt lat="58.68870609" lon="14.59113817">
<ele>151.5</ele>
<time>2023-09-10T09:39:27Z</time>
<extensions>
<tp1:TrackPointExtension>
<tp1:hr>157</tp1:hr>
</tp1:TrackPointExtension>
</extensions>
</trkpt>
<trkpt lat="58.68858824" lon="14.59115912">
<ele>151.7</ele>
<time>2023-09-10T09:39:32Z</time>
<extensions>
<tp1:TrackPointExtension>
<tp1:hr>158</tp1:hr>
</tp1:TrackPointExtension>
</extensions>
</trkpt>
<trkpt lat="58.68853686" lon="14.59116801">
<ele>151.7</ele>
<time>2023-09-10T09:39:35Z</time>
<extensions>
<tp1:TrackPointExtension>
<tp1:hr>155</tp1:hr>
</tp1:TrackPointExtension>
</extensions>
</trkpt>
<trkpt lat="58.68851893" lon="14.59118888">
<ele>151.9</ele>
<time>2023-09-10T09:39:36Z</time>
<extensions>
<tp1:TrackPointExtension>
<tp1:hr>155</tp1:hr>
</tp1:TrackPointExtension>
</extensions>
</trkpt>
<trkpt lat="58.68845196" lon="14.59120816">
<ele>151.9</ele>
<time>2023-09-10T09:39:39Z</time>
<extensions>
<tp1:TrackPointExtension>
<tp1:hr>153</tp1:hr>
</tp1:TrackPointExtension>
</extensions>
</trkpt>
<trkpt lat="58.68841675" lon="14.59117907">
<ele>152.1</ele>
<time>2023-09-10T09:39:41Z</time>
<extensions>
<tp1:TrackPointExtension>
<tp1:hr>154</tp1:hr>
</tp1:TrackPointExtension>
</extensions>
</trkpt>
<trkpt lat="58.68840376" lon="14.59117706">
<ele>152.1</ele>
<time>2023-09-10T09:39:42Z</time>
<extensions>
<tp1:TrackPointExtension>
<tp1:hr>153</tp1:hr>
</tp1:TrackPointExtension>
</extensions>
</trkpt>
<trkpt lat="58.68833218" lon="14.59124529">
<ele>152.1</ele>
<time>2023-09-10T09:39:46Z</time>
<extensions>
<tp1:TrackPointExtension>
<tp1:hr>154</tp1:hr>
</tp1:TrackPointExtension>
</extensions>
</trkpt>
<trkpt lat="58.68826889" lon="14.59120346">
<ele>152.3</ele>
<time>2023-09-10T09:39:49Z</time>
<extensions>
<tp1:TrackPointExtension>
<tp1:hr>157</tp1:hr>
</tp1:TrackPointExtension>
</extensions>
</trkpt>
<trkpt lat="58.68826085" lon="14.59118268">
<ele>152.3</ele>
<time>2023-09-10T09:39:50Z</time>
<extensions>
<tp1:TrackPointExtension>
<tp1:hr>158</tp1:hr>
</tp1:TrackPointExtension>
</extensions>
</trkpt>
<trkpt lat="58.68823394" lon="14.59114026">
<ele>152.3</ele>
<time>2023-09-10T09:39:52Z</time>
<extensions>
<tp1:TrackPointExtension>
<tp1:hr>159</tp1:hr>
</tp1:TrackPointExtension>
</extensions>
</trkpt>
<trkpt lat="58.68813143" lon="14.59105996">
<ele>152.3</ele>
<time>2023-09-10T09:39:55Z</time>
<extensions>
<tp1:TrackPointExtension>
<tp1:hr>159</tp1:hr>
</tp1:TrackPointExtension>
</extensions>
</trkpt>
<trkpt lat="58.68806454" lon="14.59102753">
<ele>152.3</ele>
<time>2023-09-10T09:40:00Z</time>
<extensions>
<tp1:TrackPointExtension>
<tp1:hr>157</tp1:hr>
</tp1:TrackPointExtension>
</extensions>
</trkpt>
<trkpt lat="58.68799523" lon="14.59094102">
<ele>152.3</ele>
<time>2023-09-10T09:40:06Z</time>
<extensions>
<tp1:TrackPointExtension>
<tp1:hr>156</tp1:hr>
</tp1:TrackPointExtension>
</extensions>
</trkpt>
<trkpt lat="58.68792918" lon="14.59085788">
<ele>152.3</ele>
<time>2023-09-10T09:40:11Z</time>
<extensions>
<tp1:TrackPointExtension>
<tp1:hr>154</tp1:hr>
</tp1:TrackPointExtension>
</extensions>
</trkpt>
<trkpt lat="58.68789372" lon="14.59083273">
<ele>152.3</ele>
<time>2023-09-10T09:40:13Z</time>
<extensions>
<tp1:TrackPointExtension>
<tp1:hr>155</tp1:hr>
</tp1:TrackPointExtension>
</extensions>
</trkpt>
<trkpt lat="58.68787109" lon="14.59079669">
<ele>152.3</ele>
<time>2023-09-10T09:40:15Z</time>
<extensions>
<tp1:TrackPointExtension>
<tp1:hr>155</tp1:hr>
</tp1:TrackPointExtension>
</extensions>
</trkpt>
<trkpt lat="58.68782356" lon="14.59075386">
<ele>152.3</ele>
<time>2023-09-10T09:40:17Z</time>
<extensions>
<tp1:TrackPointExtension>
<tp1:hr>154</tp1:hr>
</tp1:TrackPointExtension>
</extensions>
</trkpt>
<trkpt lat="58.68779607" lon="14.59074849">
<ele>152.3</ele>
<time>2023-09-10T09:40:18Z</time>
<extensions>
<tp1:TrackPointExtension>
<tp1:hr>154</tp1:hr>
</tp1:TrackPointExtension>
</extensions>
</trkpt>
<trkpt lat="58.68768501" lon="14.5906899">
<ele>152.5</ele>
<time>2023-09-10T09:40:23Z</time>
<extensions>
<tp1:TrackPointExtension>
<tp1:hr>151</tp1:hr>
</tp1:TrackPointExtension>
</extensions>
</trkpt>
<trkpt lat="58.68760086" lon="14.59070432">
<ele>152.7</ele>
<time>2023-09-10T09:40:28Z</time>
<extensions>
<tp1:TrackPointExtension>
<tp1:hr>152</tp1:hr>
</tp1:TrackPointExtension>
</extensions>
</trkpt>
<trkpt lat="58.68756071" lon="14.59070977">
<ele>152.7</ele>
<time>2023-09-10T09:40:30Z</time>
<extensions>
<tp1:TrackPointExtension>
<tp1:hr>151</tp1:hr>
</tp1:TrackPointExtension>
</extensions>
</trkpt>
<trkpt lat="58.68744864" lon="14.59066392">
<ele>153.1</ele>
<time>2023-09-10T09:40:36Z</time>
<extensions>
<tp1:TrackPointExtension>
<tp1:hr>152</tp1:hr>
</tp1:TrackPointExtension>
</extensions>
</trkpt>
<trkpt lat="58.68738486" lon="14.59064045">
<ele>153.3</ele>
<time>2023-09-10T09:40:40Z</time>
<extensions>
<tp1:TrackPointExtension>
<tp1:hr>154</tp1:hr>
</tp1:TrackPointExtension>
</extensions>
</trkpt>
<trkpt lat="58.68737371" lon="14.59064917">
<ele>153.3</ele>
<time>2023-09-10T09:40:41Z</time>
<extensions>
<tp1:TrackPointExtension>
<tp1:hr>154</tp1:hr>
</tp1:TrackPointExtension>
</extensions>
</trkpt>
<trkpt lat="58.68732803" lon="14.59054381">
<ele>153.5</ele>
<time>2023-09-10T09:40:46Z</time>
<extensions>
<tp1:TrackPointExtension>
<tp1:hr>155</tp1:hr>
</tp1:TrackPointExtension>
</extensions>
</trkpt>
<trkpt lat="58.68731185" lon="14.59052864">
<ele>153.7</ele>
<time>2023-09-10T09:40:47Z</time>
<extensions>
<tp1:TrackPointExtension>
<tp1:hr>158</tp1:hr>
</tp1:TrackPointExtension>
</extensions>
</trkpt>
<trkpt lat="58.68729643" lon="14.59051707">
<ele>153.7</ele>
<time>2023-09-10T09:40:48Z</time>
<extensions>
<tp1:TrackPointExtension>
<tp1:hr>158</tp1:hr>
</tp1:TrackPointExtension>
</extensions>
</trkpt>
<trkpt lat="58.68726701" lon="14.59049502">
<ele>153.9</ele>
<time>2023-09-10T09:40:50Z</time>
<extensions>
<tp1:TrackPointExtension>
<tp1:hr>158</tp1:hr>
</tp1:TrackPointExtension>
</extensions>
</trkpt>
<trkpt lat="58.6872634" lon="14.5904915">
<ele>153.9</ele>
<time>2023-09-10T09:40:52Z</time>
<extensions>
<tp1:TrackPointExtension>
<tp1:hr>156</tp1:hr>
</tp1:TrackPointExtension>
</extensions>
</trkpt>
<trkpt lat="58.68725309" lon="14.59048463">
<ele>153.9</ele>
<time>2023-09-10T09:40:54Z</time>
<extensions>
<tp1:TrackPointExtension>
<tp1:hr>155</tp1:hr>
</tp1:TrackPointExtension>
</extensions>
</trkpt>
<trkpt lat="58.68716307" lon="14.59047843">
<ele>154.3</ele>
<time>2023-09-10T09:40:59Z</time>
<extensions>
<tp1:TrackPointExtension>
<tp1:hr>154</tp1:hr>
</tp1:TrackPointExtension>
</extensions>
</trkpt>
<trkpt lat="58.68713943" lon="14.59048572">
<ele>154.4</ele>
<time>2023-09-10T09:41:00Z</time>
<extensions>
<tp1:TrackPointExtension>
<tp1:hr>154</tp1:hr>
</tp1:TrackPointExtension>
</extensions>
</trkpt>
<trkpt lat="58.68706542" lon="14.59044901">
<ele>154.6</ele>
<time>2023-09-10T09:41:04Z</time>
<extensions>
<tp1:TrackPointExtension>
<tp1:hr>152</tp1:hr>
</tp1:TrackPointExtension>
</extensions>
</trkpt>
<trkpt lat="58.6869241" lon="14.59041791">
<ele>154.6</ele>
<time>2023-09-10T09:41:10Z</time>
<extensions>
<tp1:TrackPointExtension>
<tp1:hr>153</tp1:hr>
</tp1:TrackPointExtension>
</extensions>
</trkpt>
<trkpt lat="58.68683198" lon="14.5904211">
<ele>154.6</ele>
<time>2023-09-10T09:41:14Z</time>
<extensions>
<tp1:TrackPointExtension>
<tp1:hr>157</tp1:hr>
</tp1:TrackPointExtension>
</extensions>
</trkpt>
<trkpt lat="58.68678924" lon="14.59040802">
<ele>154.6</ele>
<time>2023-09-10T09:41:16Z</time>
<extensions>
<tp1:TrackPointExtension>
<tp1:hr>157</tp1:hr>
</tp1:TrackPointExtension>
</extensions>
</trkpt>
<trkpt lat="58.68672897" lon="14.59035832">
<ele>154.6</ele>
<time>2023-09-10T09:41:20Z</time>
<extensions>
<tp1:TrackPointExtension>
<tp1:hr>154</tp1:hr>
</tp1:TrackPointExtension>
</extensions>
</trkpt>
<trkpt lat="58.68670492" lon="14.59032957">
<ele>154.6</ele>
<time>2023-09-10T09:41:22Z</time>
<extensions>
<tp1:TrackPointExtension>
<tp1:hr>151</tp1:hr>
</tp1:TrackPointExtension>
</extensions>
</trkpt>
<trkpt lat="58.68667147" lon="14.59022253">
<ele>154.4</ele>
<time>2023-09-10T09:41:26Z</time>
<extensions>
<tp1:TrackPointExtension>
<tp1:hr>150</tp1:hr>
</tp1:TrackPointExtension>
</extensions>
</trkpt>
<trkpt lat="58.68664607" lon="14.59018079">
<ele>154.2</ele>
<time>2023-09-10T09:41:28Z</time>
<extensions>
<tp1:TrackPointExtension>
<tp1:hr>150</tp1:hr>
</tp1:TrackPointExtension>
</extensions>
</trkpt>
<trkpt lat="58.68649545" lon="14.59000845">
<ele>154.0</ele>
<time>2023-09-10T09:41:33Z</time>
<extensions>
<tp1:TrackPointExtension>
<tp1:hr>148</tp1:hr>
</tp1:TrackPointExtension>
</extensions>
</trkpt>
<trkpt lat="58.68641071" lon="14.58994299">
<ele>153.8</ele>
<time>2023-09-10T09:41:37Z</time>
<extensions>
<tp1:TrackPointExtension>
<tp1:hr>151</tp1:hr>
</tp1:TrackPointExtension>
</extensions>
</trkpt>
<trkpt lat="58.68636905" lon="14.58992011">
<ele>153.6</ele>
<time>2023-09-10T09:41:40Z</time>
<extensions>
<tp1:TrackPointExtension>
<tp1:hr>151</tp1:hr>
</tp1:TrackPointExtension>
</extensions>
</trkpt>
<trkpt lat="58.68629194" lon="14.58987376">
<ele>153.4</ele>
<time>2023-09-10T09:41:44Z</time>
<extensions>
<tp1:TrackPointExtension>
<tp1:hr>151</tp1:hr>
</tp1:TrackPointExtension>
</extensions>
</trkpt>
<trkpt lat="58.68626302" lon="14.58985808">
<ele>153.2</ele>
<time>2023-09-10T09:41:46Z</time>
<extensions>
<tp1:TrackPointExtension>
<tp1:hr>149</tp1:hr>
</tp1:TrackPointExtension>
</extensions>
</trkpt>
<trkpt lat="58.68622446" lon="14.58985817">
<ele>153.2</ele>
<time>2023-09-10T09:41:48Z</time>
<extensions>
<tp1:TrackPointExtension>
<tp1:hr>152</tp1:hr>
</tp1:TrackPointExtension>
</extensions>
</trkpt>
<trkpt lat="58.68617426" lon="14.58983495">
<ele>153.2</ele>
<time>2023-09-10T09:41:51Z</time>
<extensions>
<tp1:TrackPointExtension>
<tp1:hr>154</tp1:hr>
</tp1:TrackPointExtension>
</extensions>
</trkpt>
<trkpt lat="58.68616923" lon="14.58983629">
<ele>153.2</ele>
<time>2023-09-10T09:41:52Z</time>
<extensions>
<tp1:TrackPointExtension>
<tp1:hr>153</tp1:hr>
</tp1:TrackPointExtension>
</extensions>
</trkpt>
<trkpt lat="58.68615112" lon="14.58985867">
<ele>153.0</ele>
<time>2023-09-10T09:41:56Z</time>
<extensions>
<tp1:TrackPointExtension>
<tp1:hr>154</tp1:hr>
</tp1:TrackPointExtension>
</extensions>
</trkpt>
<trkpt lat="58.68611315" lon="14.58991877">
<ele>153.0</ele>
<time>2023-09-10T09:42:01Z</time>
<extensions>
<tp1:TrackPointExtension>
<tp1:hr>151</tp1:hr>
</tp1:TrackPointExtension>
</extensions>
</trkpt>
<trkpt lat="58.68610653" lon="14.58993645">
<ele>153.0</ele>
<time>2023-09-10T09:42:02Z</time>
<extensions>
<tp1:TrackPointExtension>
<tp1:hr>150</tp1:hr>
</tp1:TrackPointExtension>
</extensions>
</trkpt>
<trkpt lat="58.68607946" lon="14.59001952">
<ele>152.8</ele>
<time>2023-09-10T09:42:05Z</time>
<extensions>
<tp1:TrackPointExtension>
<tp1:hr>147</tp1:hr>
</tp1:TrackPointExtension>
</extensions>
</trkpt>
<trkpt lat="58.68606018" lon="14.59008833">
<ele>152.8</ele>
<time>2023-09-10T09:42:07Z</time>
<extensions>
<tp1:TrackPointExtension>
<tp1:hr>147</tp1:hr>
</tp1:TrackPointExtension>
</extensions>
</trkpt>
<trkpt lat="58.68600905" lon="14.59021574">
<ele>151.8</ele>
<time>2023-09-10T09:42:12Z</time>
<extensions>
<tp1:TrackPointExtension>
<tp1:hr>147</tp1:hr>
</tp1:TrackPointExtension>
</extensions>
</trkpt>
<trkpt lat="58.68598022" lon="14.59045454">
<ele>150.8</ele>
<time>2023-09-10T09:42:17Z</time>
<extensions>
<tp1:TrackPointExtension>
<tp1:hr>146</tp1:hr>
</tp1:TrackPointExtension>
</extensions>
</trkpt>
<trkpt lat="58.68597544" lon="14.59063148">
<ele>151.0</ele>
<time>2023-09-10T09:42:21Z</time>
<extensions>
<tp1:TrackPointExtension>
<tp1:hr>149</tp1:hr>
</tp1:TrackPointExtension>
</extensions>
</trkpt>
<trkpt lat="58.68597217" lon="14.59069803">
<ele>151.0</ele>
<time>2023-09-10T09:42:23Z</time>
<extensions>
<tp1:TrackPointExtension>
<tp1:hr>150</tp1:hr>
</tp1:TrackPointExtension>
</extensions>
</trkpt>
<trkpt lat="58.68597401" lon="14.59074774">
<ele>151.0</ele>
<time>2023-09-10T09:42:25Z</time>
<extensions>
<tp1:TrackPointExtension>
<tp1:hr>151</tp1:hr>
</tp1:TrackPointExtension>
</extensions>
</trkpt>
<trkpt lat="58.68598206" lon="14.5907666">
<ele>151.0</ele>
<time>2023-09-10T09:42:27Z</time>
<extensions>
<tp1:TrackPointExtension>
<tp1:hr>151</tp1:hr>
</tp1:TrackPointExtension>
</extensions>
</trkpt>
<trkpt lat="58.68598441" lon="14.59078437">
<ele>151.0</ele>
<time>2023-09-10T09:42:29Z</time>
<extensions>
<tp1:TrackPointExtension>
<tp1:hr>151</tp1:hr>
</tp1:TrackPointExtension>
</extensions>
</trkpt>
<trkpt lat="58.68598985" lon="14.59098126">
<ele>151.0</ele>
<time>2023-09-10T09:42:34Z</time>
<extensions>
<tp1:TrackPointExtension>
<tp1:hr>151</tp1:hr>
</tp1:TrackPointExtension>
</extensions>
</trkpt>
<trkpt lat="58.68601383" lon="14.59112853">
<ele>151.0</ele>
<time>2023-09-10T09:42:40Z</time>
<extensions>
<tp1:TrackPointExtension>
<tp1:hr>153</tp1:hr>
</tp1:TrackPointExtension>
</extensions>
</trkpt>
<trkpt lat="58.68601441" lon="14.59114387">
<ele>151.0</ele>
<time>2023-09-10T09:42:41Z</time>
<extensions>
<tp1:TrackPointExtension>
<tp1:hr>153</tp1:hr>
</tp1:TrackPointExtension>
</extensions>
</trkpt>
<trkpt lat="58.68606823" lon="14.59129005">
<ele>151.0</ele>
<time>2023-09-10T09:42:47Z</time>
<extensions>
<tp1:TrackPointExtension>
<tp1:hr>153</tp1:hr>
</tp1:TrackPointExtension>
</extensions>
</trkpt>
<trkpt lat="58.68606823" lon="14.59129005">
<ele>150.8</ele>
<time>2023-09-10T09:42:48Z</time>
<extensions>
<tp1:TrackPointExtension>
<tp1:hr>150</tp1:hr>
</tp1:TrackPointExtension>
</extensions>
</trkpt>
<trkpt lat="58.68610427" lon="14.59142868">
<ele>149.8</ele>
<time>2023-09-10T09:42:54Z</time>
<extensions>
<tp1:TrackPointExtension>
<tp1:hr>148</tp1:hr>
</tp1:TrackPointExtension>
</extensions>
</trkpt>
<trkpt lat="58.68610628" lon="14.59146447">
<ele>149.8</ele>
<time>2023-09-10T09:42:55Z</time>
<extensions>
<tp1:TrackPointExtension>
<tp1:hr>147</tp1:hr>
</tp1:TrackPointExtension>
</extensions>
</trkpt>
<trkpt lat="58.68610058" lon="14.59150077">
<ele>149.8</ele>
<time>2023-09-10T09:42:56Z</time>
<extensions>
<tp1:TrackPointExtension>
<tp1:hr>146</tp1:hr>
</tp1:TrackPointExtension>
</extensions>
</trkpt>
<trkpt lat="58.68608759" lon="14.59158316">
<ele>149.8</ele>
<time>2023-09-10T09:42:59Z</time>
<extensions>
<tp1:TrackPointExtension>
<tp1:hr>144</tp1:hr>
</tp1:TrackPointExtension>
</extensions>
</trkpt>
<trkpt lat="58.6860865" lon="14.59160487">
<ele>150.0</ele>
<time>2023-09-10T09:43:00Z</time>
<extensions>
<tp1:TrackPointExtension>
<tp1:hr>141</tp1:hr>
</tp1:TrackPointExtension>
</extensions>
</trkpt>
<trkpt lat="58.68609966" lon="14.59170294">
<ele>150.0</ele>
<time>2023-09-10T09:43:05Z</time>
<extensions>
<tp1:TrackPointExtension>
<tp1:hr>134</tp1:hr>
</tp1:TrackPointExtension>
</extensions>
</trkpt>
<trkpt lat="58.68610452" lon="14.59171082">
<ele>150.2</ele>
<time>2023-09-10T09:43:06Z</time>
<extensions>
<tp1:TrackPointExtension>
<tp1:hr>134</tp1:hr>
</tp1:TrackPointExtension>
</extensions>
</trkpt>
<trkpt lat="58.68611818" lon="14.59172834">
<ele>150.2</ele>
<time>2023-09-10T09:43:08Z</time>
<extensions>
<tp1:TrackPointExtension>
<tp1:hr>130</tp1:hr>
</tp1:TrackPointExtension>
</extensions>
</trkpt>
<trkpt lat="58.68612296" lon="14.59174242">
<ele>150.2</ele>
<time>2023-09-10T09:43:11Z</time>
<extensions>
<tp1:TrackPointExtension>
<tp1:hr>126</tp1:hr>
</tp1:TrackPointExtension>
</extensions>
</trkpt>
<trkpt lat="58.68612472" lon="14.59173814">
<ele>150.0</ele>
<time>2023-09-10T09:43:14Z</time>
<extensions>
<tp1:TrackPointExtension>
<tp1:hr>124</tp1:hr>
</tp1:TrackPointExtension>
</extensions>
</trkpt>
<trkpt lat="58.68608675" lon="14.59183646">
<ele>149.8</ele>
<time>2023-09-10T09:43:21Z</time>
<extensions>
<tp1:TrackPointExtension>
<tp1:hr>121</tp1:hr>
</tp1:TrackPointExtension>
</extensions>
</trkpt>
<trkpt lat="58.68607091" lon="14.5918368">
<ele>149.8</ele>
<time>2023-09-10T09:43:22Z</time>
<extensions>
<tp1:TrackPointExtension>
<tp1:hr>121</tp1:hr>
</tp1:TrackPointExtension>
</extensions>
</trkpt>
<trkpt lat="58.68605825" lon="14.59183412">
<ele>149.8</ele>
<time>2023-09-10T09:43:23Z</time>
<extensions>
<tp1:TrackPointExtension>
<tp1:hr>122</tp1:hr>
</tp1:TrackPointExtension>
</extensions>
</trkpt>
<trkpt lat="58.68599648" lon="14.59184702">
<ele>150.0</ele>
<time>2023-09-10T09:43:28Z</time>
<extensions>
<tp1:TrackPointExtension>
<tp1:hr>123</tp1:hr>
</tp1:TrackPointExtension>
</extensions>
</trkpt>
<trkpt lat="58.6859596" lon="14.59188374">
<ele>150.4</ele>
<time>2023-09-10T09:43:32Z</time>
<extensions>
<tp1:TrackPointExtension>
<tp1:hr>122</tp1:hr>
</tp1:TrackPointExtension>
</extensions>
</trkpt>
<trkpt lat="58.68592825" lon="14.59187008">
<ele>150.6</ele>
<time>2023-09-10T09:43:35Z</time>
<extensions>
<tp1:TrackPointExtension>
<tp1:hr>120</tp1:hr>
</tp1:TrackPointExtension>
</extensions>
</trkpt>
<trkpt lat="58.68589355" lon="14.5918772">
<ele>150.6</ele>
<time>2023-09-10T09:43:38Z</time>
<extensions>
<tp1:TrackPointExtension>
<tp1:hr>117</tp1:hr>
</tp1:TrackPointExtension>
</extensions>
</trkpt>
<trkpt lat="58.68584611" lon="14.59187829">
<ele>150.6</ele>
<time>2023-09-10T09:43:42Z</time>
<extensions>
<tp1:TrackPointExtension>
<tp1:hr>116</tp1:hr>
</tp1:TrackPointExtension>
</extensions>
</trkpt>
<trkpt lat="58.68582934" lon="14.59185985">
<ele>150.6</ele>
<time>2023-09-10T09:43:46Z</time>
<extensions>
<tp1:TrackPointExtension>
<tp1:hr>113</tp1:hr>
</tp1:TrackPointExtension>
</extensions>
</trkpt>
<trkpt lat="58.68582808" lon="14.59185566">
<ele>150.6</ele>
<time>2023-09-10T09:43:49Z</time>
<extensions>
<tp1:TrackPointExtension>
<tp1:hr>111</tp1:hr>
</tp1:TrackPointExtension>
</extensions>
</trkpt>
<trkpt lat="58.68582901" lon="14.59185507">
<ele>150.6</ele>
<time>2023-09-10T09:43:52Z</time>
<extensions>
<tp1:TrackPointExtension>
<tp1:hr>113</tp1:hr>
</tp1:TrackPointExtension>
</extensions>
</trkpt>
<trkpt lat="58.68582943" lon="14.5918544">
<ele>150.6</ele>
<time>2023-09-10T09:43:54Z</time>
<extensions>
<tp1:TrackPointExtension>
<tp1:hr>114</tp1:hr>
</tp1:TrackPointExtension>
</extensions>
</trkpt>
<trkpt lat="58.68584803" lon="14.59188491">
<ele>150.7</ele>
<time>2023-09-10T09:43:58Z</time>
<extensions>
<tp1:TrackPointExtension>
<tp1:hr>112</tp1:hr>
</tp1:TrackPointExtension>
</extensions>
</trkpt>
<trkpt lat="58.68585365" lon="14.59191685">
<ele>150.7</ele>
<time>2023-09-10T09:44:00Z</time>
<extensions>
<tp1:TrackPointExtension>
<tp1:hr>112</tp1:hr>
</tp1:TrackPointExtension>
</extensions>
</trkpt>
<trkpt lat="58.68584887" lon="14.59193537">
<ele>150.9</ele>
<time>2023-09-10T09:44:04Z</time>
<extensions>
<tp1:TrackPointExtension>
<tp1:hr>112</tp1:hr>
</tp1:TrackPointExtension>
</extensions>
</trkpt>
<trkpt lat="58.68586354" lon="14.59196747">
<ele>150.9</ele>
<time>2023-09-10T09:44:09Z</time>
<extensions>
<tp1:TrackPointExtension>
<tp1:hr>109</tp1:hr>
</tp1:TrackPointExtension>
</extensions>
</trkpt>
<trkpt lat="58.68586153" lon="14.59196412">
<ele>150.9</ele>
<time>2023-09-10T09:44:10Z</time>
<extensions>
<tp1:TrackPointExtension>
<tp1:hr>107</tp1:hr>
</tp1:TrackPointExtension>
</extensions>
</trkpt>
<trkpt lat="58.68587921" lon="14.5919518">
<ele>150.9</ele>
<time>2023-09-10T09:44:17Z</time>
<extensions>
<tp1:TrackPointExtension>
<tp1:hr>107</tp1:hr>
</tp1:TrackPointExtension>
</extensions>
</trkpt>
<trkpt lat="58.6859311" lon="14.59198155">
<ele>150.9</ele>
<time>2023-09-10T09:44:22Z</time>
<extensions>
<tp1:TrackPointExtension>
<tp1:hr>108</tp1:hr>
</tp1:TrackPointExtension>
</extensions>
</trkpt>
<trkpt lat="58.68596203" lon="14.5919844">
<ele>150.9</ele>
<time>2023-09-10T09:44:24Z</time>
<extensions>
<tp1:TrackPointExtension>
<tp1:hr>108</tp1:hr>
</tp1:TrackPointExtension>
</extensions>
</trkpt>
<trkpt lat="58.68600578" lon="14.59198474">
<ele>150.7</ele>
<time>2023-09-10T09:44:28Z</time>
<extensions>
<tp1:TrackPointExtension>
<tp1:hr>108</tp1:hr>
</tp1:TrackPointExtension>
</extensions>
</trkpt>
<trkpt lat="58.68600729" lon="14.59200083">
<ele>149.7</ele>
<time>2023-09-10T09:44:30Z</time>
<extensions>
<tp1:TrackPointExtension>
<tp1:hr>106</tp1:hr>
</tp1:TrackPointExtension>
</extensions>
</trkpt>
<trkpt lat="58.68600452" lon="14.59200737">
<ele>149.3</ele>
<time>2023-09-10T09:44:34Z</time>
<extensions>
<tp1:TrackPointExtension>
<tp1:hr>109</tp1:hr>
</tp1:TrackPointExtension>
</extensions>
</trkpt>
<trkpt lat="58.68600871" lon="14.59200276">
<ele>149.3</ele>
<time>2023-09-10T09:44:36Z</time>
<extensions>
<tp1:TrackPointExtension>
<tp1:hr>109</tp1:hr>
</tp1:TrackPointExtension>
</extensions>
</trkpt>
<trkpt lat="58.68601902" lon="14.59200301">
<ele>149.3</ele>
<time>2023-09-10T09:44:40Z</time>
<extensions>
<tp1:TrackPointExtension>
<tp1:hr>106</tp1:hr>
</tp1:TrackPointExtension>
</extensions>
</trkpt>
<trkpt lat="58.68602422" lon="14.59202087">
<ele>149.1</ele>
<time>2023-09-10T09:44:42Z</time>
<extensions>
<tp1:TrackPointExtension>
<tp1:hr>106</tp1:hr>
</tp1:TrackPointExtension>
</extensions>
</trkpt>
<trkpt lat="58.68598105" lon="14.59208373">
<ele>149.9</ele>
<time>2023-09-10T09:44:48Z</time>
<extensions>
<tp1:TrackPointExtension>
<tp1:hr>106</tp1:hr>
</tp1:TrackPointExtension>
</extensions>
</trkpt>
<trkpt lat="58.68595054" lon="14.59220309">
<ele>150.9</ele>
<time>2023-09-10T09:44:51Z</time>
<extensions>
<tp1:TrackPointExtension>
<tp1:hr>106</tp1:hr>
</tp1:TrackPointExtension>
</extensions>
</trkpt>
<trkpt lat="58.68592808" lon="14.59223737">
<ele>150.9</ele>
<time>2023-09-10T09:44:52Z</time>
<extensions>
<tp1:TrackPointExtension>
<tp1:hr>108</tp1:hr>
</tp1:TrackPointExtension>
</extensions>
</trkpt>
<trkpt lat="58.68591408" lon="14.59227023">
<ele>151.1</ele>
<time>2023-09-10T09:44:53Z</time>
<extensions>
<tp1:TrackPointExtension>
<tp1:hr>112</tp1:hr>
</tp1:TrackPointExtension>
</extensions>
</trkpt>
<trkpt lat="58.68590252" lon="14.59230476">
<ele>151.1</ele>
<time>2023-09-10T09:44:54Z</time>
<extensions>
<tp1:TrackPointExtension>
<tp1:hr>111</tp1:hr>
</tp1:TrackPointExtension>
</extensions>
</trkpt>
<trkpt lat="58.68586119" lon="14.59246075">
<ele>151.1</ele>
<time>2023-09-10T09:44:58Z</time>
<extensions>
<tp1:TrackPointExtension>
<tp1:hr>113</tp1:hr>
</tp1:TrackPointExtension>
</extensions>
</trkpt>
<trkpt lat="58.68583689" lon="14.5925496">
<ele>150.7</ele>
<time>2023-09-10T09:45:00Z</time>
<extensions>
<tp1:TrackPointExtension>
<tp1:hr>116</tp1:hr>
</tp1:TrackPointExtension>
</extensions>
</trkpt>
<trkpt lat="58.68582129" lon="14.59259771">
<ele>150.5</ele>
<time>2023-09-10T09:45:01Z</time>
<extensions>
<tp1:TrackPointExtension>
<tp1:hr>119</tp1:hr>
</tp1:TrackPointExtension>
</extensions>
</trkpt>
<trkpt lat="58.68577251" lon="14.59269712">
<ele>150.3</ele>
<time>2023-09-10T09:45:04Z</time>
<extensions>
<tp1:TrackPointExtension>
<tp1:hr>122</tp1:hr>
</tp1:TrackPointExtension>
</extensions>
</trkpt>
<trkpt lat="58.68575374" lon="14.59272201">
<ele>150.1</ele>
<time>2023-09-10T09:45:05Z</time>
<extensions>
<tp1:TrackPointExtension>
<tp1:hr>125</tp1:hr>
</tp1:TrackPointExtension>
</extensions>
</trkpt>
<trkpt lat="58.68569557" lon="14.59277566">
<ele>149.7</ele>
<time>2023-09-10T09:45:07Z</time>
<extensions>
<tp1:TrackPointExtension>
<tp1:hr>124</tp1:hr>
</tp1:TrackPointExtension>
</extensions>
</trkpt>
<trkpt lat="58.68564125" lon="14.59280239">
<ele>149.3</ele>
<time>2023-09-10T09:45:09Z</time>
<extensions>
<tp1:TrackPointExtension>
<tp1:hr>127</tp1:hr>
</tp1:TrackPointExtension>
</extensions>
</trkpt>
<trkpt lat="58.68561988" lon="14.59282813">
<ele>149.7</ele>
<time>2023-09-10T09:45:10Z</time>
<extensions>
<tp1:TrackPointExtension>
<tp1:hr>127</tp1:hr>
</tp1:TrackPointExtension>
</extensions>
</trkpt>
<trkpt lat="58.6855322" lon="14.59294212">
<ele>149.3</ele>
<time>2023-09-10T09:45:14Z</time>
<extensions>
<tp1:TrackPointExtension>
<tp1:hr>130</tp1:hr>
</tp1:TrackPointExtension>
</extensions>
</trkpt>
<trkpt lat="58.68551142" lon="14.59297984">
<ele>148.9</ele>
<time>2023-09-10T09:45:15Z</time>
<extensions>
<tp1:TrackPointExtension>
<tp1:hr>130</tp1:hr>
</tp1:TrackPointExtension>
</extensions>
</trkpt>
<trkpt lat="58.68542936" lon="14.59316835">
<ele>149.3</ele>
<time>2023-09-10T09:45:20Z</time>
<extensions>
<tp1:TrackPointExtension>
<tp1:hr>131</tp1:hr>
</tp1:TrackPointExtension>
</extensions>
</trkpt>
<trkpt lat="58.68542735" lon="14.59325569">
<ele>149.5</ele>
<time>2023-09-10T09:45:22Z</time>
<extensions>
<tp1:TrackPointExtension>
<tp1:hr>131</tp1:hr>
</tp1:TrackPointExtension>
</extensions>
</trkpt>
<trkpt lat="58.68543011" lon="14.59332425">
<ele>149.5</ele>
<time>2023-09-10T09:45:24Z</time>
<extensions>
<tp1:TrackPointExtension>
<tp1:hr>128</tp1:hr>
</tp1:TrackPointExtension>
</extensions>
</trkpt>
<trkpt lat="58.68543506" lon="14.59335803">
<ele>149.3</ele>
<time>2023-09-10T09:45:25Z</time>
<extensions>
<tp1:TrackPointExtension>
<tp1:hr>130</tp1:hr>
</tp1:TrackPointExtension>
</extensions>
</trkpt>
<trkpt lat="58.68547864" lon="14.59350421">
<ele>149.1</ele>
<time>2023-09-10T09:45:28Z</time>
<extensions>
<tp1:TrackPointExtension>
<tp1:hr>129</tp1:hr>
</tp1:TrackPointExtension>
</extensions>
</trkpt>
<trkpt lat="58.68556523" lon="14.59369423">
<ele>148.9</ele>
<time>2023-09-10T09:45:33Z</time>
<extensions>
<tp1:TrackPointExtension>
<tp1:hr>126</tp1:hr>
</tp1:TrackPointExtension>
</extensions>
</trkpt>
<trkpt lat="58.6856244" lon="14.59380839">
<ele>149.5</ele>
<time>2023-09-10T09:45:36Z</time>
<extensions>
<tp1:TrackPointExtension>
<tp1:hr>130</tp1:hr>
</tp1:TrackPointExtension>
</extensions>
</trkpt>
<trkpt lat="58.68568626" lon="14.59393848">
<ele>149.9</ele>
<time>2023-09-10T09:45:39Z</time>
<extensions>
<tp1:TrackPointExtension>
<tp1:hr>133</tp1:hr>
</tp1:TrackPointExtension>
</extensions>
</trkpt>
<trkpt lat="58.68578928" lon="14.59420267">
<ele>150.7</ele>
<time>2023-09-10T09:45:44Z</time>
<extensions>
<tp1:TrackPointExtension>
<tp1:hr>136</tp1:hr>
</tp1:TrackPointExtension>
</extensions>
</trkpt>
<trkpt lat="58.68587033" lon="14.59436009">
<ele>150.3</ele>
<time>2023-09-10T09:45:49Z</time>
<extensions>
<tp1:TrackPointExtension>
<tp1:hr>133</tp1:hr>
</tp1:TrackPointExtension>
</extensions>
</trkpt>
<trkpt lat="58.68587838" lon="14.5943942">
<ele>150.3</ele>
<time>2023-09-10T09:45:50Z</time>
<extensions>
<tp1:TrackPointExtension>
<tp1:hr>135</tp1:hr>
</tp1:TrackPointExtension>
</extensions>
</trkpt>
<trkpt lat="58.68591232" lon="14.59442119">
<ele>150.5</ele>
<time>2023-09-10T09:45:53Z</time>
<extensions>
<tp1:TrackPointExtension>
<tp1:hr>132</tp1:hr>
</tp1:TrackPointExtension>
</extensions>
</trkpt>
<trkpt lat="58.68594401" lon="14.59442748">
<ele>150.7</ele>
<time>2023-09-10T09:45:55Z</time>
<extensions>
<tp1:TrackPointExtension>
<tp1:hr>132</tp1:hr>
</tp1:TrackPointExtension>
</extensions>
</trkpt>
<trkpt lat="58.68599329" lon="14.59442195">
<ele>150.7</ele>
<time>2023-09-10T09:45:58Z</time>
<extensions>
<tp1:TrackPointExtension>
<tp1:hr>130</tp1:hr>
</tp1:TrackPointExtension>
</extensions>
</trkpt>
<trkpt lat="58.68603277" lon="14.59444525">
<ele>150.9</ele>
<time>2023-09-10T09:46:00Z</time>
<extensions>
<tp1:TrackPointExtension>
<tp1:hr>127</tp1:hr>
</tp1:TrackPointExtension>
</extensions>
</trkpt>
<trkpt lat="58.68604903" lon="14.59445011">
<ele>150.9</ele>
<time>2023-09-10T09:46:01Z</time>
<extensions>
<tp1:TrackPointExtension>
<tp1:hr>127</tp1:hr>
</tp1:TrackPointExtension>
</extensions>
</trkpt>
<trkpt lat="58.68615766" lon="14.59440619">
<ele>149.3</ele>
<time>2023-09-10T09:46:06Z</time>
<extensions>
<tp1:TrackPointExtension>
<tp1:hr>130</tp1:hr>
</tp1:TrackPointExtension>
</extensions>
</trkpt>
<trkpt lat="58.68617593" lon="14.59439923">
<ele>148.7</ele>
<time>2023-09-10T09:46:07Z</time>
<extensions>
<tp1:TrackPointExtension>
<tp1:hr>131</tp1:hr>
</tp1:TrackPointExtension>
</extensions>
</trkpt>
<trkpt lat="58.68621793" lon="14.5943704">
<ele>147.9</ele>
<time>2023-09-10T09:46:09Z</time>
<extensions>
<tp1:TrackPointExtension>
<tp1:hr>132</tp1:hr>
</tp1:TrackPointExtension>
</extensions>
</trkpt>
<trkpt lat="58.68628238" lon="14.59430275">
<ele>147.5</ele>
<time>2023-09-10T09:46:13Z</time>
<extensions>
<tp1:TrackPointExtension>
<tp1:hr>130</tp1:hr>
</tp1:TrackPointExtension>
</extensions>
</trkpt>
<trkpt lat="58.68629714" lon="14.59429295">
<ele>147.5</ele>
<time>2023-09-10T09:46:14Z</time>
<extensions>
<tp1:TrackPointExtension>
<tp1:hr>133</tp1:hr>
</tp1:TrackPointExtension>
</extensions>
</trkpt>
<trkpt lat="58.68634181" lon="14.59427602">
<ele>147.5</ele>
<time>2023-09-10T09:46:17Z</time>
<extensions>
<tp1:TrackPointExtension>
<tp1:hr>133</tp1:hr>
</tp1:TrackPointExtension>
</extensions>
</trkpt>
<trkpt lat="58.68636838" lon="14.59429353">
<ele>147.5</ele>
<time>2023-09-10T09:46:18Z</time>
<extensions>
<tp1:TrackPointExtension>
<tp1:hr>135</tp1:hr>
</tp1:TrackPointExtension>
</extensions>
</trkpt>
<trkpt lat="58.68641339" lon="14.59434626">
<ele>147.7</ele>
<time>2023-09-10T09:46:21Z</time>
<extensions>
<tp1:TrackPointExtension>
<tp1:hr>138</tp1:hr>
</tp1:TrackPointExtension>
</extensions>
</trkpt>
<trkpt lat="58.68644491" lon="14.59439353">
<ele>147.9</ele>
<time>2023-09-10T09:46:23Z</time>
<extensions>
<tp1:TrackPointExtension>
<tp1:hr>140</tp1:hr>
</tp1:TrackPointExtension>
</extensions>
</trkpt>
<trkpt lat="58.68646352" lon="14.59442823">
<ele>147.9</ele>
<time>2023-09-10T09:46:24Z</time>
<extensions>
<tp1:TrackPointExtension>
<tp1:hr>143</tp1:hr>
</tp1:TrackPointExtension>
</extensions>
</trkpt>
<trkpt lat="58.6865304" lon="14.59458967">
<ele>147.9</ele>
<time>2023-09-10T09:46:31Z</time>
<extensions>
<tp1:TrackPointExtension>
<tp1:hr>147</tp1:hr>
</tp1:TrackPointExtension>
</extensions>
</trkpt>
<trkpt lat="58.68657826" lon="14.59461196">
<ele>148.1</ele>
<time>2023-09-10T09:46:34Z</time>
<extensions>
<tp1:TrackPointExtension>
<tp1:hr>147</tp1:hr>
</tp1:TrackPointExtension>
</extensions>
</trkpt>
<trkpt lat="58.68666502" lon="14.59460702">
<ele>148.7</ele>
<time>2023-09-10T09:46:37Z</time>
<extensions>
<tp1:TrackPointExtension>
<tp1:hr>146</tp1:hr>
</tp1:TrackPointExtension>
</extensions>
</trkpt>
<trkpt lat="58.68668346" lon="14.59459445">
<ele>149.1</ele>
<time>2023-09-10T09:46:38Z</time>
<extensions>
<tp1:TrackPointExtension>
<tp1:hr>145</tp1:hr>
</tp1:TrackPointExtension>
</extensions>
</trkpt>
<trkpt lat="58.68673543" lon="14.59458531">
<ele>150.1</ele>
<time>2023-09-10T09:46:40Z</time>
<extensions>
<tp1:TrackPointExtension>
<tp1:hr>146</tp1:hr>
</tp1:TrackPointExtension>
</extensions>
</trkpt>
<trkpt lat="58.6867573" lon="14.59459302">
<ele>150.3</ele>
<time>2023-09-10T09:46:41Z</time>
<extensions>
<tp1:TrackPointExtension>
<tp1:hr>147</tp1:hr>
</tp1:TrackPointExtension>
</extensions>
</trkpt>
<trkpt lat="58.68678086" lon="14.59460459">
<ele>150.3</ele>
<time>2023-09-10T09:46:42Z</time>
<extensions>
<tp1:TrackPointExtension>
<tp1:hr>148</tp1:hr>
</tp1:TrackPointExtension>
</extensions>
</trkpt>
<trkpt lat="58.68681237" lon="14.59461297">
<ele>150.5</ele>
<time>2023-09-10T09:46:44Z</time>
<extensions>
<tp1:TrackPointExtension>
<tp1:hr>151</tp1:hr>
</tp1:TrackPointExtension>
</extensions>
</trkpt>
<trkpt lat="58.68690155" lon="14.59461733">
<ele>151.1</ele>
<time>2023-09-10T09:46:48Z</time>
<extensions>
<tp1:TrackPointExtension>
<tp1:hr>150</tp1:hr>
</tp1:TrackPointExtension>
</extensions>
</trkpt>
<trkpt lat="58.68692083" lon="14.5946128">
<ele>151.5</ele>
<time>2023-09-10T09:46:49Z</time>
<extensions>
<tp1:TrackPointExtension>
<tp1:hr>150</tp1:hr>
</tp1:TrackPointExtension>
</extensions>
</trkpt>
<trkpt lat="58.68701731" lon="14.5946268">
<ele>151.9</ele>
<time>2023-09-10T09:46:54Z</time>
<extensions>
<tp1:TrackPointExtension>
<tp1:hr>150</tp1:hr>
</tp1:TrackPointExtension>
</extensions>
</trkpt>
<trkpt lat="58.68713289" lon="14.59459662">
<ele>152.0</ele>
<time>2023-09-10T09:47:00Z</time>
<extensions>
<tp1:TrackPointExtension>
<tp1:hr>148</tp1:hr>
</tp1:TrackPointExtension>
</extensions>
</trkpt>
<trkpt lat="58.68716936" lon="14.59454357">
<ele>151.8</ele>
<time>2023-09-10T09:47:03Z</time>
<extensions>
<tp1:TrackPointExtension>
<tp1:hr>150</tp1:hr>
</tp1:TrackPointExtension>
</extensions>
</trkpt>
<trkpt lat="58.68720632" lon="14.59448188">
<ele>152.2</ele>
<time>2023-09-10T09:47:06Z</time>
<extensions>
<tp1:TrackPointExtension>
<tp1:hr>151</tp1:hr>
</tp1:TrackPointExtension>
</extensions>
</trkpt>
<trkpt lat="58.68724102" lon="14.59446025">
<ele>152.6</ele>
<time>2023-09-10T09:47:08Z</time>
<extensions>
<tp1:TrackPointExtension>
<tp1:hr>148</tp1:hr>
</tp1:TrackPointExtension>
</extensions>
</trkpt>
<trkpt lat="58.68725913" lon="14.59444089">
<ele>152.6</ele>
<time>2023-09-10T09:47:09Z</time>
<extensions>
<tp1:TrackPointExtension>
<tp1:hr>147</tp1:hr>
</tp1:TrackPointExtension>
</extensions>
</trkpt>
<trkpt lat="58.68733079" lon="14.59436">
<ele>152.8</ele>
<time>2023-09-10T09:47:12Z</time>
<extensions>
<tp1:TrackPointExtension>
<tp1:hr>147</tp1:hr>
</tp1:TrackPointExtension>
</extensions>
</trkpt>
<trkpt lat="58.6874188" lon="14.5942248">
<ele>153.8</ele>
<time>2023-09-10T09:47:17Z</time>
<extensions>
<tp1:TrackPointExtension>
<tp1:hr>149</tp1:hr>
</tp1:TrackPointExtension>
</extensions>
</trkpt>
<trkpt lat="58.68743364" lon="14.59406773">
<ele>155.2</ele>
<time>2023-09-10T09:47:20Z</time>
<extensions>
<tp1:TrackPointExtension>
<tp1:hr>149</tp1:hr>
</tp1:TrackPointExtension>
</extensions>
</trkpt>
<trkpt lat="58.68743557" lon="14.59401148">
<ele>155.8</ele>
<time>2023-09-10T09:47:21Z</time>
<extensions>
<tp1:TrackPointExtension>
<tp1:hr>152</tp1:hr>
</tp1:TrackPointExtension>
</extensions>
</trkpt>
<trkpt lat="58.68745057" lon="14.59391652">
<ele>156.2</ele>
<time>2023-09-10T09:47:23Z</time>
<extensions>
<tp1:TrackPointExtension>
<tp1:hr>152</tp1:hr>
</tp1:TrackPointExtension>
</extensions>
</trkpt>
<trkpt lat="58.6874939" lon="14.59383898">
<ele>156.4</ele>
<time>2023-09-10T09:47:25Z</time>
<extensions>
<tp1:TrackPointExtension>
<tp1:hr>152</tp1:hr>
</tp1:TrackPointExtension>
</extensions>
</trkpt>
<trkpt lat="58.68754411" lon="14.59377302">
<ele>155.6</ele>
<time>2023-09-10T09:47:27Z</time>
<extensions>
<tp1:TrackPointExtension>
<tp1:hr>152</tp1:hr>
</tp1:TrackPointExtension>
</extensions>
</trkpt>
<trkpt lat="58.68756624" lon="14.59374335">
<ele>155.0</ele>
<time>2023-09-10T09:47:28Z</time>
<extensions>
<tp1:TrackPointExtension>
<tp1:hr>152</tp1:hr>
</tp1:TrackPointExtension>
</extensions>
</trkpt>
<trkpt lat="58.68766448" lon="14.59370781">
<ele>154.2</ele>
<time>2023-09-10T09:47:32Z</time>
<extensions>
<tp1:TrackPointExtension>
<tp1:hr>152</tp1:hr>
</tp1:TrackPointExtension>
</extensions>
</trkpt>
<trkpt lat="58.6877322" lon="14.59366565">
<ele>154.2</ele>
<time>2023-09-10T09:47:37Z</time>
<extensions>
<tp1:TrackPointExtension>
<tp1:hr>152</tp1:hr>
</tp1:TrackPointExtension>
</extensions>
</trkpt>
<trkpt lat="58.68781979" lon="14.59358225">
<ele>154.2</ele>
<time>2023-09-10T09:47:41Z</time>
<extensions>
<tp1:TrackPointExtension>
<tp1:hr>153</tp1:hr>
</tp1:TrackPointExtension>
</extensions>
</trkpt>
<trkpt lat="58.68791224" lon="14.59347672">
<ele>154.2</ele>
<time>2023-09-10T09:47:46Z</time>
<extensions>
<tp1:TrackPointExtension>
<tp1:hr>152</tp1:hr>
</tp1:TrackPointExtension>
</extensions>
</trkpt>
<trkpt lat="58.68795793" lon="14.59344118">
<ele>154.2</ele>
<time>2023-09-10T09:47:49Z</time>
<extensions>
<tp1:TrackPointExtension>
<tp1:hr>153</tp1:hr>
</tp1:TrackPointExtension>
</extensions>
</trkpt>
<trkpt lat="58.68798559" lon="14.59341628">
<ele>154.2</ele>
<time>2023-09-10T09:47:51Z</time>
<extensions>
<tp1:TrackPointExtension>
<tp1:hr>155</tp1:hr>
</tp1:TrackPointExtension>
</extensions>
</trkpt>
<trkpt lat="58.68800478" lon="14.59333154">
<ele>154.2</ele>
<time>2023-09-10T09:47:54Z</time>
<extensions>
<tp1:TrackPointExtension>
<tp1:hr>156</tp1:hr>
</tp1:TrackPointExtension>
</extensions>
</trkpt>
<trkpt lat="58.68803638" lon="14.59318796">
<ele>154.4</ele>
<time>2023-09-10T09:47:57Z</time>
<extensions>
<tp1:TrackPointExtension>
<tp1:hr>156</tp1:hr>
</tp1:TrackPointExtension>
</extensions>
</trkpt>
<trkpt lat="58.68810528" lon="14.59300205">
<ele>154.6</ele>
<time>2023-09-10T09:48:02Z</time>
<extensions>
<tp1:TrackPointExtension>
<tp1:hr>153</tp1:hr>
</tp1:TrackPointExtension>
</extensions>
</trkpt>
<trkpt lat="58.6881207" lon="14.59296794">
<ele>154.6</ele>
<time>2023-09-10T09:48:03Z</time>
<extensions>
<tp1:TrackPointExtension>
<tp1:hr>153</tp1:hr>
</tp1:TrackPointExtension>
</extensions>
</trkpt>
<trkpt lat="58.68823352" lon="14.59283936">
<ele>154.8</ele>
<time>2023-09-10T09:48:08Z</time>
<extensions>
<tp1:TrackPointExtension>
<tp1:hr>152</tp1:hr>
</tp1:TrackPointExtension>
</extensions>
</trkpt>
<trkpt lat="58.68823361" lon="14.5928267">
<ele>154.8</ele>
<time>2023-09-10T09:48:11Z</time>
<extensions>
<tp1:TrackPointExtension>
<tp1:hr>155</tp1:hr>
</tp1:TrackPointExtension>
</extensions>
</trkpt>
<trkpt lat="58.68822271" lon="14.59280943">
<ele>154.8</ele>
<time>2023-09-10T09:48:12Z</time>
<extensions>
<tp1:TrackPointExtension>
<tp1:hr>152</tp1:hr>
</tp1:TrackPointExtension>
</extensions>
</trkpt>
<trkpt lat="58.68814627" lon="14.59271497">
<ele>154.8</ele>
<time>2023-09-10T09:48:16Z</time>
<extensions>
<tp1:TrackPointExtension>
<tp1:hr>154</tp1:hr>
</tp1:TrackPointExtension>
</extensions>
</trkpt>
<trkpt lat="58.68810536" lon="14.59255949">
<ele>155.0</ele>
<time>2023-09-10T09:48:20Z</time>
<extensions>
<tp1:TrackPointExtension>
<tp1:hr>154</tp1:hr>
</tp1:TrackPointExtension>
</extensions>
</trkpt>
<trkpt lat="58.6880275" lon="14.59238774">
<ele>155.0</ele>
<time>2023-09-10T09:48:26Z</time>
<extensions>
<tp1:TrackPointExtension>
<tp1:hr>155</tp1:hr>
</tp1:TrackPointExtension>
</extensions>
</trkpt>
<trkpt lat="58.6879933" lon="14.59232152">
<ele>155.0</ele>
<time>2023-09-10T09:48:29Z</time>
<extensions>
<tp1:TrackPointExtension>
<tp1:hr>155</tp1:hr>
</tp1:TrackPointExtension>
</extensions>
</trkpt>
<trkpt lat="58.68795239" lon="14.59225086">
<ele>155.0</ele>
<time>2023-09-10T09:48:32Z</time>
<extensions>
<tp1:TrackPointExtension>
<tp1:hr>153</tp1:hr>
</tp1:TrackPointExtension>
</extensions>
</trkpt>
<trkpt lat="58.68786011" lon="14.59206445">
<ele>155.0</ele>
<time>2023-09-10T09:48:38Z</time>
<extensions>
<tp1:TrackPointExtension>
<tp1:hr>155</tp1:hr>
</tp1:TrackPointExtension>
</extensions>
</trkpt>
<trkpt lat="58.68782264" lon="14.59197393">
<ele>155.0</ele>
<time>2023-09-10T09:48:42Z</time>
<extensions>
<tp1:TrackPointExtension>
<tp1:hr>152</tp1:hr>
</tp1:TrackPointExtension>
</extensions>
</trkpt>
<trkpt lat="58.68778434" lon="14.59191928">
<ele>155.0</ele>
<time>2023-09-10T09:48:45Z</time>
<extensions>
<tp1:TrackPointExtension>
<tp1:hr>156</tp1:hr>
</tp1:TrackPointExtension>
</extensions>
</trkpt>
<trkpt lat="58.68777554" lon="14.59189715">
<ele>154.8</ele>
<time>2023-09-10T09:48:46Z</time>
<extensions>
<tp1:TrackPointExtension>
<tp1:hr>154</tp1:hr>
</tp1:TrackPointExtension>
</extensions>
</trkpt>
<trkpt lat="58.68771074" lon="14.59176849">
<ele>154.8</ele>
<time>2023-09-10T09:48:49Z</time>
<extensions>
<tp1:TrackPointExtension>
<tp1:hr>155</tp1:hr>
</tp1:TrackPointExtension>
</extensions>
</trkpt>
<trkpt lat="58.68769046" lon="14.59171811">
<ele>154.8</ele>
<time>2023-09-10T09:48:50Z</time>
<extensions>
<tp1:TrackPointExtension>
<tp1:hr>154</tp1:hr>
</tp1:TrackPointExtension>
</extensions>
</trkpt>
<trkpt lat="58.68762542" lon="14.59154243">
<ele>154.8</ele>
<time>2023-09-10T09:48:55Z</time>
<extensions>
<tp1:TrackPointExtension>
<tp1:hr>151</tp1:hr>
</tp1:TrackPointExtension>
</extensions>
</trkpt>
<trkpt lat="58.68760178" lon="14.59152089">
<ele>154.8</ele>
<time>2023-09-10T09:48:56Z</time>
<extensions>
<tp1:TrackPointExtension>
<tp1:hr>151</tp1:hr>
</tp1:TrackPointExtension>
</extensions>
</trkpt>
<trkpt lat="58.68747219" lon="14.5913939">
<ele>155.0</ele>
<time>2023-09-10T09:49:01Z</time>
<extensions>
<tp1:TrackPointExtension>
<tp1:hr>154</tp1:hr>
</tp1:TrackPointExtension>
</extensions>
</trkpt>
<trkpt lat="58.68745426" lon="14.59135652">
<ele>155.0</ele>
<time>2023-09-10T09:49:02Z</time>
<extensions>
<tp1:TrackPointExtension>
<tp1:hr>155</tp1:hr>
</tp1:TrackPointExtension>
</extensions>
</trkpt>
<trkpt lat="58.68739366" lon="14.59117253">
<ele>155.0</ele>
<time>2023-09-10T09:49:07Z</time>
<extensions>
<tp1:TrackPointExtension>
<tp1:hr>152</tp1:hr>
</tp1:TrackPointExtension>
</extensions>
</trkpt>
<trkpt lat="58.68738075" lon="14.59110749">
<ele>155.0</ele>
<time>2023-09-10T09:49:09Z</time>
<extensions>
<tp1:TrackPointExtension>
<tp1:hr>153</tp1:hr>
</tp1:TrackPointExtension>
</extensions>
</trkpt>
<trkpt lat="58.68733917" lon="14.59088679">
<ele>155.4</ele>
<time>2023-09-10T09:49:15Z</time>
<extensions>
<tp1:TrackPointExtension>
<tp1:hr>153</tp1:hr>
</tp1:TrackPointExtension>
</extensions>
</trkpt>
<trkpt lat="58.68732543" lon="14.59084849">
<ele>155.4</ele>
<time>2023-09-10T09:49:16Z</time>
<extensions>
<tp1:TrackPointExtension>
<tp1:hr>153</tp1:hr>
</tp1:TrackPointExtension>
</extensions>
</trkpt>
<trkpt lat="58.68726583" lon="14.59077531">
<ele>155.4</ele>
<time>2023-09-10T09:49:19Z</time>
<extensions>
<tp1:TrackPointExtension>
<tp1:hr>154</tp1:hr>
</tp1:TrackPointExtension>
</extensions>
</trkpt>
<trkpt lat="58.68719635" lon="14.59066593">
<ele>155.6</ele>
<time>2023-09-10T09:49:23Z</time>
<extensions>
<tp1:TrackPointExtension>
<tp1:hr>154</tp1:hr>
</tp1:TrackPointExtension>
</extensions>
</trkpt>
<trkpt lat="58.68718713" lon="14.59059309">
<ele>155.8</ele>
<time>2023-09-10T09:49:25Z</time>
<extensions>
<tp1:TrackPointExtension>
<tp1:hr>154</tp1:hr>
</tp1:TrackPointExtension>
</extensions>
</trkpt>
<trkpt lat="58.68708177" lon="14.59029713">
<ele>155.8</ele>
<time>2023-09-10T09:49:32Z</time>
<extensions>
<tp1:TrackPointExtension>
<tp1:hr>152</tp1:hr>
</tp1:TrackPointExtension>
</extensions>
</trkpt>
<trkpt lat="58.68705628" lon="14.59021063">
<ele>156.0</ele>
<time>2023-09-10T09:49:33Z</time>
<extensions>
<tp1:TrackPointExtension>
<tp1:hr>157</tp1:hr>
</tp1:TrackPointExtension>
</extensions>
</trkpt>
<trkpt lat="58.68700105" lon="14.59002262">
<ele>156.0</ele>
<time>2023-09-10T09:49:38Z</time>
<extensions>
<tp1:TrackPointExtension>
<tp1:hr>155</tp1:hr>
</tp1:TrackPointExtension>
</extensions>
</trkpt>
<trkpt lat="58.68696165" lon="14.58992338">
<ele>156.0</ele>
<time>2023-09-10T09:49:40Z</time>
<extensions>
<tp1:TrackPointExtension>
<tp1:hr>157</tp1:hr>
</tp1:TrackPointExtension>
</extensions>
</trkpt>
<trkpt lat="58.68690734" lon="14.58980218">
<ele>156.0</ele>
<time>2023-09-10T09:49:43Z</time>
<extensions>
<tp1:TrackPointExtension>
<tp1:hr>157</tp1:hr>
</tp1:TrackPointExtension>
</extensions>
</trkpt>
<trkpt lat="58.686893" lon="14.58971425">
<ele>156.0</ele>
<time>2023-09-10T09:49:45Z</time>
<extensions>
<tp1:TrackPointExtension>
<tp1:hr>156</tp1:hr>
</tp1:TrackPointExtension>
</extensions>
</trkpt>
<trkpt lat="58.68685344" lon="14.58955902">
<ele>156.0</ele>
<time>2023-09-10T09:49:49Z</time>
<extensions>
<tp1:TrackPointExtension>
<tp1:hr>158</tp1:hr>
</tp1:TrackPointExtension>
</extensions>
</trkpt>
<trkpt lat="58.6868086" lon="14.58946086">
<ele>156.0</ele>
<time>2023-09-10T09:49:51Z</time>
<extensions>
<tp1:TrackPointExtension>
<tp1:hr>154</tp1:hr>
</tp1:TrackPointExtension>
</extensions>
</trkpt>
<trkpt lat="58.68665437" lon="14.58928945">
<ele>155.9</ele>
<time>2023-09-10T09:49:56Z</time>
<extensions>
<tp1:TrackPointExtension>
<tp1:hr>156</tp1:hr>
</tp1:TrackPointExtension>
</extensions>
</trkpt>
<trkpt lat="58.68659478" lon="14.58917303">
<ele>155.7</ele>
<time>2023-09-10T09:50:01Z</time>
<extensions>
<tp1:TrackPointExtension>
<tp1:hr>152</tp1:hr>
</tp1:TrackPointExtension>
</extensions>
</trkpt>
<trkpt lat="58.68659528" lon="14.58916607">
<ele>155.7</ele>
<time>2023-09-10T09:50:02Z</time>
<extensions>
<tp1:TrackPointExtension>
<tp1:hr>155</tp1:hr>
</tp1:TrackPointExtension>
</extensions>
</trkpt>
<trkpt lat="58.68653091" lon="14.58916205">
<ele>155.5</ele>
<time>2023-09-10T09:50:05Z</time>
<extensions>
<tp1:TrackPointExtension>
<tp1:hr>156</tp1:hr>
</tp1:TrackPointExtension>
</extensions>
</trkpt>
<trkpt lat="58.6864719" lon="14.58917244">
<ele>155.3</ele>
<time>2023-09-10T09:50:09Z</time>
<extensions>
<tp1:TrackPointExtension>
<tp1:hr>156</tp1:hr>
</tp1:TrackPointExtension>
</extensions>
</trkpt>
<trkpt lat="58.68645648" lon="14.58918091">
<ele>155.1</ele>
<time>2023-09-10T09:50:10Z</time>
<extensions>
<tp1:TrackPointExtension>
<tp1:hr>155</tp1:hr>
</tp1:TrackPointExtension>
</extensions>
</trkpt>
<trkpt lat="58.68643016" lon="14.58919021">
<ele>155.1</ele>
<time>2023-09-10T09:50:11Z</time>
<extensions>
<tp1:TrackPointExtension>
<tp1:hr>156</tp1:hr>
</tp1:TrackPointExtension>
</extensions>
</trkpt>
<trkpt lat="58.68640359" lon="14.58920639">
<ele>155.1</ele>
<time>2023-09-10T09:50:12Z</time>
<extensions>
<tp1:TrackPointExtension>
<tp1:hr>158</tp1:hr>
</tp1:TrackPointExtension>
</extensions>
</trkpt>
<trkpt lat="58.6863636" lon="14.58924889">
<ele>154.9</ele>
<time>2023-09-10T09:50:14Z</time>
<extensions>
<tp1:TrackPointExtension>
<tp1:hr>160</tp1:hr>
</tp1:TrackPointExtension>
</extensions>
</trkpt>
<trkpt lat="58.68624626" lon="14.58933128">
<ele>154.7</ele>
<time>2023-09-10T09:50:19Z</time>
<extensions>
<tp1:TrackPointExtension>
<tp1:hr>161</tp1:hr>
</tp1:TrackPointExtension>
</extensions>
</trkpt>
<trkpt lat="58.68620845" lon="14.58934176">
<ele>154.7</ele>
<time>2023-09-10T09:50:20Z</time>
<extensions>
<tp1:TrackPointExtension>
<tp1:hr>160</tp1:hr>
</tp1:TrackPointExtension>
</extensions>
</trkpt>
<trkpt lat="58.68613486" lon="14.58937336">
<ele>154.7</ele>
<time>2023-09-10T09:50:23Z</time>
<extensions>
<tp1:TrackPointExtension>
<tp1:hr>160</tp1:hr>
</tp1:TrackPointExtension>
</extensions>
</trkpt>
<trkpt lat="58.68602732" lon="14.58948609">
<ele>154.5</ele>
<time>2023-09-10T09:50:28Z</time>
<extensions>
<tp1:TrackPointExtension>
<tp1:hr>161</tp1:hr>
</tp1:TrackPointExtension>
</extensions>
</trkpt>
<trkpt lat="58.68589405" lon="14.58966337">
<ele>154.3</ele>
<time>2023-09-10T09:50:34Z</time>
<extensions>
<tp1:TrackPointExtension>
<tp1:hr>162</tp1:hr>
</tp1:TrackPointExtension>
</extensions>
</trkpt>
<trkpt lat="58.68582616" lon="14.58972129">
<ele>153.3</ele>
<time>2023-09-10T09:50:37Z</time>
<extensions>
<tp1:TrackPointExtension>
<tp1:hr>162</tp1:hr>
</tp1:TrackPointExtension>
</extensions>
</trkpt>
<trkpt lat="58.68577444" lon="14.58980561">
<ele>152.3</ele>
<time>2023-09-10T09:50:39Z</time>
<extensions>
<tp1:TrackPointExtension>
<tp1:hr>161</tp1:hr>
</tp1:TrackPointExtension>
</extensions>
</trkpt>
<trkpt lat="58.68575055" lon="14.5898357">
<ele>151.7</ele>
<time>2023-09-10T09:50:40Z</time>
<extensions>
<tp1:TrackPointExtension>
<tp1:hr>162</tp1:hr>
</tp1:TrackPointExtension>
</extensions>
</trkpt>
<trkpt lat="58.68568844" lon="14.58991919">
<ele>152.9</ele>
<time>2023-09-10T09:50:43Z</time>
<extensions>
<tp1:TrackPointExtension>
<tp1:hr>162</tp1:hr>
</tp1:TrackPointExtension>
</extensions>
</trkpt>
<trkpt lat="58.68566564" lon="14.58994634">
<ele>152.7</ele>
<time>2023-09-10T09:50:44Z</time>
<extensions>
<tp1:TrackPointExtension>
<tp1:hr>160</tp1:hr>
</tp1:TrackPointExtension>
</extensions>
</trkpt>
<trkpt lat="58.68558048" lon="14.59013276">
<ele>152.9</ele>
<time>2023-09-10T09:50:50Z</time>
<extensions>
<tp1:TrackPointExtension>
<tp1:hr>158</tp1:hr>
</tp1:TrackPointExtension>
</extensions>
</trkpt>
<trkpt lat="58.68553405" lon="14.59036653">
<ele>152.7</ele>
<time>2023-09-10T09:50:55Z</time>
<extensions>
<tp1:TrackPointExtension>
<tp1:hr>156</tp1:hr>
</tp1:TrackPointExtension>
</extensions>
</trkpt>
<trkpt lat="58.68546758" lon="14.59055336">
<ele>152.7</ele>
<time>2023-09-10T09:51:00Z</time>
<extensions>
<tp1:TrackPointExtension>
<tp1:hr>154</tp1:hr>
</tp1:TrackPointExtension>
</extensions>
</trkpt>
<trkpt lat="58.68539969" lon="14.59075788">
<ele>152.5</ele>
<time>2023-09-10T09:51:05Z</time>
<extensions>
<tp1:TrackPointExtension>
<tp1:hr>153</tp1:hr>
</tp1:TrackPointExtension>
</extensions>
</trkpt>
<trkpt lat="58.68529449" lon="14.59086752">
<ele>151.9</ele>
<time>2023-09-10T09:51:11Z</time>
<extensions>
<tp1:TrackPointExtension>
<tp1:hr>155</tp1:hr>
</tp1:TrackPointExtension>
</extensions>
</trkpt>
<trkpt lat="58.68526951" lon="14.59088529">
<ele>151.9</ele>
<time>2023-09-10T09:51:12Z</time>
<extensions>
<tp1:TrackPointExtension>
<tp1:hr>155</tp1:hr>
</tp1:TrackPointExtension>
</extensions>
</trkpt>
<trkpt lat="58.68522316" lon="14.59094404">
<ele>151.7</ele>
<time>2023-09-10T09:51:14Z</time>
<extensions>
<tp1:TrackPointExtension>
<tp1:hr>155</tp1:hr>
</tp1:TrackPointExtension>
</extensions>
</trkpt>
<trkpt lat="58.68517656" lon="14.59095695">
<ele>151.5</ele>
<time>2023-09-10T09:51:16Z</time>
<extensions>
<tp1:TrackPointExtension>
<tp1:hr>155</tp1:hr>
</tp1:TrackPointExtension>
</extensions>
</trkpt>
<trkpt lat="58.68510464" lon="14.59097707">
<ele>151.1</ele>
<time>2023-09-10T09:51:20Z</time>
<extensions>
<tp1:TrackPointExtension>
<tp1:hr>154</tp1:hr>
</tp1:TrackPointExtension>
</extensions>
</trkpt>
<trkpt lat="58.68508654" lon="14.59098863">
<ele>150.9</ele>
<time>2023-09-10T09:51:21Z</time>
<extensions>
<tp1:TrackPointExtension>
<tp1:hr>153</tp1:hr>
</tp1:TrackPointExtension>
</extensions>
</trkpt>
<trkpt lat="58.6850634" lon="14.59100883">
<ele>150.9</ele>
<time>2023-09-10T09:51:22Z</time>
<extensions>
<tp1:TrackPointExtension>
<tp1:hr>153</tp1:hr>
</tp1:TrackPointExtension>
</extensions>
</trkpt>
<trkpt lat="58.68492795" lon="14.59113582">
<ele>150.1</ele>
<time>2023-09-10T09:51:28Z</time>
<extensions>
<tp1:TrackPointExtension>
<tp1:hr>151</tp1:hr>
</tp1:TrackPointExtension>
</extensions>
</trkpt>
<trkpt lat="58.68490934" lon="14.59115761">
<ele>149.7</ele>
<time>2023-09-10T09:51:30Z</time>
<extensions>
<tp1:TrackPointExtension>
<tp1:hr>151</tp1:hr>
</tp1:TrackPointExtension>
</extensions>
</trkpt>
<trkpt lat="58.68490356" lon="14.59117237">
<ele>149.7</ele>
<time>2023-09-10T09:51:31Z</time>
<extensions>
<tp1:TrackPointExtension>
<tp1:hr>150</tp1:hr>
</tp1:TrackPointExtension>
</extensions>
</trkpt>
<trkpt lat="58.68486685" lon="14.59123967">
<ele>149.1</ele>
<time>2023-09-10T09:51:34Z</time>
<extensions>
<tp1:TrackPointExtension>
<tp1:hr>150</tp1:hr>
</tp1:TrackPointExtension>
</extensions>
</trkpt>
<trkpt lat="58.68484581" lon="14.59127756">
<ele>148.9</ele>
<time>2023-09-10T09:51:36Z</time>
<extensions>
<tp1:TrackPointExtension>
<tp1:hr>149</tp1:hr>
</tp1:TrackPointExtension>
</extensions>
</trkpt>
<trkpt lat="58.68480884" lon="14.5913074">
<ele>148.7</ele>
<time>2023-09-10T09:51:38Z</time>
<extensions>
<tp1:TrackPointExtension>
<tp1:hr>150</tp1:hr>
</tp1:TrackPointExtension>
</extensions>
</trkpt>
<trkpt lat="58.68477238" lon="14.59136699">
<ele>148.3</ele>
<time>2023-09-10T09:51:41Z</time>
<extensions>
<tp1:TrackPointExtension>
<tp1:hr>150</tp1:hr>
</tp1:TrackPointExtension>
</extensions>
</trkpt>
<trkpt lat="58.68474238" lon="14.5914053">
<ele>147.9</ele>
<time>2023-09-10T09:51:43Z</time>
<extensions>
<tp1:TrackPointExtension>
<tp1:hr>151</tp1:hr>
</tp1:TrackPointExtension>
</extensions>
</trkpt>
<trkpt lat="58.68467557" lon="14.59150529">
<ele>147.7</ele>
<time>2023-09-10T09:51:46Z</time>
<extensions>
<tp1:TrackPointExtension>
<tp1:hr>152</tp1:hr>
</tp1:TrackPointExtension>
</extensions>
</trkpt>
<trkpt lat="58.68465428" lon="14.59153891">
<ele>147.5</ele>
<time>2023-09-10T09:51:47Z</time>
<extensions>
<tp1:TrackPointExtension>
<tp1:hr>153</tp1:hr>
</tp1:TrackPointExtension>
</extensions>
</trkpt>
<trkpt lat="58.68455018" lon="14.59165282">
<ele>146.9</ele>
<time>2023-09-10T09:51:52Z</time>
<extensions>
<tp1:TrackPointExtension>
<tp1:hr>154</tp1:hr>
</tp1:TrackPointExtension>
</extensions>
</trkpt>
<trkpt lat="58.68452126" lon="14.59171157">
<ele>146.7</ele>
<time>2023-09-10T09:51:55Z</time>
<extensions>
<tp1:TrackPointExtension>
<tp1:hr>155</tp1:hr>
</tp1:TrackPointExtension>
</extensions>
</trkpt>
<trkpt lat="58.6844843" lon="14.59176832">
<ele>146.3</ele>
<time>2023-09-10T09:51:58Z</time>
<extensions>
<tp1:TrackPointExtension>
<tp1:hr>155</tp1:hr>
</tp1:TrackPointExtension>
</extensions>
</trkpt>
<trkpt lat="58.68442914" lon="14.59179975">
<ele>140.3</ele>
<time>2023-09-10T09:52:02Z</time>
<extensions>
<tp1:TrackPointExtension>
<tp1:hr>154</tp1:hr>
</tp1:TrackPointExtension>
</extensions>
</trkpt>
<trkpt lat="58.68442403" lon="14.5918135">
<ele>137.5</ele>
<time>2023-09-10T09:52:03Z</time>
<extensions>
<tp1:TrackPointExtension>
<tp1:hr>153</tp1:hr>
</tp1:TrackPointExtension>
</extensions>
</trkpt>
<trkpt lat="58.68441909" lon="14.59182766">
<ele>136.1</ele>
<time>2023-09-10T09:52:04Z</time>
<extensions>
<tp1:TrackPointExtension>
<tp1:hr>153</tp1:hr>
</tp1:TrackPointExtension>
</extensions>
</trkpt>
<trkpt lat="58.68438631" lon="14.59188558">
<ele>135.3</ele>
<time>2023-09-10T09:52:06Z</time>
<extensions>
<tp1:TrackPointExtension>
<tp1:hr>149</tp1:hr>
</tp1:TrackPointExtension>
</extensions>
</trkpt>
<trkpt lat="58.68435597" lon="14.59196303">
<ele>135.3</ele>
<time>2023-09-10T09:52:08Z</time>
<extensions>
<tp1:TrackPointExtension>
<tp1:hr>145</tp1:hr>
</tp1:TrackPointExtension>
</extensions>
</trkpt>
<trkpt lat="58.68432638" lon="14.59202288">
<ele>135.9</ele>
<time>2023-09-10T09:52:10Z</time>
<extensions>
<tp1:TrackPointExtension>
<tp1:hr>144</tp1:hr>
</tp1:TrackPointExtension>
</extensions>
</trkpt>
<trkpt lat="58.68425229" lon="14.59208063">
<ele>136.9</ele>
<time>2023-09-10T09:52:16Z</time>
<extensions>
<tp1:TrackPointExtension>
<tp1:hr>143</tp1:hr>
</tp1:TrackPointExtension>
</extensions>
</trkpt>
<trkpt lat="58.68426603" lon="14.59221994">
<ele>136.3</ele>
<time>2023-09-10T09:52:21Z</time>
<extensions>
<tp1:TrackPointExtension>
<tp1:hr>143</tp1:hr>
</tp1:TrackPointExtension>
</extensions>
</trkpt>
<trkpt lat="58.6842605" lon="14.59226268">
<ele>136.1</ele>
<time>2023-09-10T09:52:23Z</time>
<extensions>
<tp1:TrackPointExtension>
<tp1:hr>143</tp1:hr>
</tp1:TrackPointExtension>
</extensions>
</trkpt>
<trkpt lat="58.68422739" lon="14.59232991">
<ele>135.5</ele>
<time>2023-09-10T09:52:26Z</time>
<extensions>
<tp1:TrackPointExtension>
<tp1:hr>144</tp1:hr>
</tp1:TrackPointExtension>
</extensions>
</trkpt>
<trkpt lat="58.68420644" lon="14.59238699">
<ele>134.9</ele>
<time>2023-09-10T09:52:28Z</time>
<extensions>
<tp1:TrackPointExtension>
<tp1:hr>145</tp1:hr>
</tp1:TrackPointExtension>
</extensions>
</trkpt>
<trkpt lat="58.68418062" lon="14.59248153">
<ele>133.7</ele>
<time>2023-09-10T09:52:31Z</time>
<extensions>
<tp1:TrackPointExtension>
<tp1:hr>146</tp1:hr>
</tp1:TrackPointExtension>
</extensions>
</trkpt>
<trkpt lat="58.68415154" lon="14.59257047">
<ele>134.1</ele>
<time>2023-09-10T09:52:36Z</time>
<extensions>
<tp1:TrackPointExtension>
<tp1:hr>144</tp1:hr>
</tp1:TrackPointExtension>
</extensions>
</trkpt>
<trkpt lat="58.68412656" lon="14.59252965">
<ele>134.1</ele>
<time>2023-09-10T09:52:42Z</time>
<extensions>
<tp1:TrackPointExtension>
<tp1:hr>143</tp1:hr>
</tp1:TrackPointExtension>
</extensions>
</trkpt>
<trkpt lat="58.68410812" lon="14.59253987">
<ele>133.9</ele>
<time>2023-09-10T09:52:43Z</time>
<extensions>
<tp1:TrackPointExtension>
<tp1:hr>143</tp1:hr>
</tp1:TrackPointExtension>
</extensions>
</trkpt>
<trkpt lat="58.68403243" lon="14.59256175">
<ele>133.5</ele>
<time>2023-09-10T09:52:48Z</time>
<extensions>
<tp1:TrackPointExtension>
<tp1:hr>141</tp1:hr>
</tp1:TrackPointExtension>
</extensions>
</trkpt>
<trkpt lat="58.68402279" lon="14.592562">
<ele>133.3</ele>
<time>2023-09-10T09:52:49Z</time>
<extensions>
<tp1:TrackPointExtension>
<tp1:hr>144</tp1:hr>
</tp1:TrackPointExtension>
</extensions>
</trkpt>
<trkpt lat="58.68399924" lon="14.59256385">
<ele>132.7</ele>
<time>2023-09-10T09:52:51Z</time>
<extensions>
<tp1:TrackPointExtension>
<tp1:hr>145</tp1:hr>
</tp1:TrackPointExtension>
</extensions>
</trkpt>
<trkpt lat="58.68397753" lon="14.5925677">
<ele>131.9</ele>
<time>2023-09-10T09:52:53Z</time>
<extensions>
<tp1:TrackPointExtension>
<tp1:hr>147</tp1:hr>
</tp1:TrackPointExtension>
</extensions>
</trkpt>
<trkpt lat="58.68397024" lon="14.59257072">
<ele>131.4</ele>
<time>2023-09-10T09:52:54Z</time>
<extensions>
<tp1:TrackPointExtension>
<tp1:hr>148</tp1:hr>
</tp1:TrackPointExtension>
</extensions>
</trkpt>
<trkpt lat="58.68395012" lon="14.59256032">
<ele>131.0</ele>
<time>2023-09-10T09:52:55Z</time>
<extensions>
<tp1:TrackPointExtension>
<tp1:hr>148</tp1:hr>
</tp1:TrackPointExtension>
</extensions>
</trkpt>
<trkpt lat="58.68393411" lon="14.59256561">
<ele>130.2</ele>
<time>2023-09-10T09:52:57Z</time>
<extensions>
<tp1:TrackPointExtension>
<tp1:hr>147</tp1:hr>
</tp1:TrackPointExtension>
</extensions>
</trkpt>
<trkpt lat="58.68389589" lon="14.59257826">
<ele>129.4</ele>
<time>2023-09-10T09:53:01Z</time>
<extensions>
<tp1:TrackPointExtension>
<tp1:hr>146</tp1:hr>
</tp1:TrackPointExtension>
</extensions>
</trkpt>
<trkpt lat="58.68388223" lon="14.59258916">
<ele>129.0</ele>
<time>2023-09-10T09:53:02Z</time>
<extensions>
<tp1:TrackPointExtension>
<tp1:hr>145</tp1:hr>
</tp1:TrackPointExtension>
</extensions>
</trkpt>
<trkpt lat="58.68384711" lon="14.59262629">
<ele>127.8</ele>
<time>2023-09-10T09:53:05Z</time>
<extensions>
<tp1:TrackPointExtension>
<tp1:hr>145</tp1:hr>
</tp1:TrackPointExtension>
</extensions>
</trkpt>
<trkpt lat="58.68380218" lon="14.5926703">
<ele>127.0</ele>
<time>2023-09-10T09:53:08Z</time>
<extensions>
<tp1:TrackPointExtension>
<tp1:hr>145</tp1:hr>
</tp1:TrackPointExtension>
</extensions>
</trkpt>
<trkpt lat="58.68377427" lon="14.59269544">
<ele>126.4</ele>
<time>2023-09-10T09:53:10Z</time>
<extensions>
<tp1:TrackPointExtension>
<tp1:hr>144</tp1:hr>
</tp1:TrackPointExtension>
</extensions>
</trkpt>
<trkpt lat="58.68375583" lon="14.59270617">
<ele>125.8</ele>
<time>2023-09-10T09:53:11Z</time>
<extensions>
<tp1:TrackPointExtension>
<tp1:hr>143</tp1:hr>
</tp1:TrackPointExtension>
</extensions>
</trkpt>
<trkpt lat="58.68374057" lon="14.59271095">
<ele>125.4</ele>
<time>2023-09-10T09:53:12Z</time>
<extensions>
<tp1:TrackPointExtension>
<tp1:hr>143</tp1:hr>
</tp1:TrackPointExtension>
</extensions>
</trkpt>
<trkpt lat="58.68372146" lon="14.59272394">
<ele>124.8</ele>
<time>2023-09-10T09:53:14Z</time>
<extensions>
<tp1:TrackPointExtension>
<tp1:hr>143</tp1:hr>
</tp1:TrackPointExtension>
</extensions>
</trkpt>
<trkpt lat="58.68370763" lon="14.592734">
<ele>124.4</ele>
<time>2023-09-10T09:53:16Z</time>
<extensions>
<tp1:TrackPointExtension>
<tp1:hr>143</tp1:hr>
</tp1:TrackPointExtension>
</extensions>
</trkpt>
<trkpt lat="58.68366161" lon="14.59273559">
<ele>123.2</ele>
<time>2023-09-10T09:53:19Z</time>
<extensions>
<tp1:TrackPointExtension>
<tp1:hr>143</tp1:hr>
</tp1:TrackPointExtension>
</extensions>
</trkpt>
<trkpt lat="58.68364016" lon="14.59275118">
<ele>122.8</ele>
<time>2023-09-10T09:53:20Z</time>
<extensions>
<tp1:TrackPointExtension>
<tp1:hr>143</tp1:hr>
</tp1:TrackPointExtension>
</extensions>
</trkpt>
<trkpt lat="58.68358877" lon="14.59278069">
<ele>121.8</ele>
<time>2023-09-10T09:53:22Z</time>
<extensions>
<tp1:TrackPointExtension>
<tp1:hr>141</tp1:hr>
</tp1:TrackPointExtension>
</extensions>
</trkpt>
<trkpt lat="58.68355013" lon="14.59281396">
<ele>120.6</ele>
<time>2023-09-10T09:53:25Z</time>
<extensions>
<tp1:TrackPointExtension>
<tp1:hr>140</tp1:hr>
</tp1:TrackPointExtension>
</extensions>
</trkpt>
<trkpt lat="58.68347512" lon="14.59291454">
<ele>119.4</ele>
<time>2023-09-10T09:53:30Z</time>
<extensions>
<tp1:TrackPointExtension>
<tp1:hr>139</tp1:hr>
</tp1:TrackPointExtension>
</extensions>
</trkpt>
<trkpt lat="58.68347" lon="14.59292435">
<ele>119.2</ele>
<time>2023-09-10T09:53:31Z</time>
<extensions>
<tp1:TrackPointExtension>
<tp1:hr>138</tp1:hr>
</tp1:TrackPointExtension>
</extensions>
</trkpt>
<trkpt lat="58.6834586" lon="14.59296953">
<ele>118.0</ele>
<time>2023-09-10T09:53:34Z</time>
<extensions>
<tp1:TrackPointExtension>
<tp1:hr>138</tp1:hr>
</tp1:TrackPointExtension>
</extensions>
</trkpt>
<trkpt lat="58.68344762" lon="14.59298261">
<ele>117.4</ele>
<time>2023-09-10T09:53:36Z</time>
<extensions>
<tp1:TrackPointExtension>
<tp1:hr>137</tp1:hr>
</tp1:TrackPointExtension>
</extensions>
</trkpt>
<trkpt lat="58.68343513" lon="14.59299199">
<ele>117.2</ele>
<time>2023-09-10T09:53:37Z</time>
<extensions>
<tp1:TrackPointExtension>
<tp1:hr>137</tp1:hr>
</tp1:TrackPointExtension>
</extensions>
</trkpt>
<trkpt lat="58.68342499" lon="14.59300415">
<ele>116.8</ele>
<time>2023-09-10T09:53:38Z</time>
<extensions>
<tp1:TrackPointExtension>
<tp1:hr>137</tp1:hr>
</tp1:TrackPointExtension>
</extensions>
</trkpt>
<trkpt lat="58.68340362" lon="14.59304438">
<ele>116.2</ele>
<time>2023-09-10T09:53:41Z</time>
<extensions>
<tp1:TrackPointExtension>
<tp1:hr>137</tp1:hr>
</tp1:TrackPointExtension>
</extensions>
</trkpt>
<trkpt lat="58.68340328" lon="14.59306089">
<ele>116.2</ele>
<time>2023-09-10T09:53:42Z</time>
<extensions>
<tp1:TrackPointExtension>
<tp1:hr>137</tp1:hr>
</tp1:TrackPointExtension>
</extensions>
</trkpt>
<trkpt lat="58.68339817" lon="14.59307414">
<ele>116.0</ele>
<time>2023-09-10T09:53:43Z</time>
<extensions>
<tp1:TrackPointExtension>
<tp1:hr>136</tp1:hr>
</tp1:TrackPointExtension>
</extensions>
</trkpt>
<trkpt lat="58.68338585" lon="14.59310775">
<ele>115.8</ele>
<time>2023-09-10T09:53:46Z</time>
<extensions>
<tp1:TrackPointExtension>
<tp1:hr>133</tp1:hr>
</tp1:TrackPointExtension>
</extensions>
</trkpt>
<trkpt lat="58.68338224" lon="14.59311646">
<ele>115.6</ele>
<time>2023-09-10T09:53:47Z</time>
<extensions>
<tp1:TrackPointExtension>
<tp1:hr>133</tp1:hr>
</tp1:TrackPointExtension>
</extensions>
</trkpt>
<trkpt lat="58.68336984" lon="14.59310632">
<ele>115.2</ele>
<time>2023-09-10T09:53:49Z</time>
<extensions>
<tp1:TrackPointExtension>
<tp1:hr>132</tp1:hr>
</tp1:TrackPointExtension>
</extensions>
</trkpt>
<trkpt lat="58.68336246" lon="14.59312292">
<ele>115.0</ele>
<time>2023-09-10T09:53:51Z</time>
<extensions>
<tp1:TrackPointExtension>
<tp1:hr>132</tp1:hr>
</tp1:TrackPointExtension>
</extensions>
</trkpt>
<trkpt lat="58.68335928" lon="14.59316826">
<ele>114.8</ele>
<time>2023-09-10T09:53:53Z</time>
<extensions>
<tp1:TrackPointExtension>
<tp1:hr>132</tp1:hr>
</tp1:TrackPointExtension>
</extensions>
</trkpt>
<trkpt lat="58.68336364" lon="14.59319618">
<ele>114.8</ele>
<time>2023-09-10T09:53:54Z</time>
<extensions>
<tp1:TrackPointExtension>
<tp1:hr>132</tp1:hr>
</tp1:TrackPointExtension>
</extensions>
</trkpt>
<trkpt lat="58.6833716" lon="14.59325535">
<ele>115.0</ele>
<time>2023-09-10T09:53:56Z</time>
<extensions>
<tp1:TrackPointExtension>
<tp1:hr>133</tp1:hr>
</tp1:TrackPointExtension>
</extensions>
</trkpt>
<trkpt lat="58.68340395" lon="14.59336289">
<ele>115.6</ele>
<time>2023-09-10T09:53:59Z</time>
<extensions>
<tp1:TrackPointExtension>
<tp1:hr>135</tp1:hr>
</tp1:TrackPointExtension>
</extensions>
</trkpt>
<trkpt lat="58.68342231" lon="14.59341763">
<ele>116.0</ele>
<time>2023-09-10T09:54:02Z</time>
<extensions>
<tp1:TrackPointExtension>
<tp1:hr>137</tp1:hr>
</tp1:TrackPointExtension>
</extensions>
</trkpt>
<trkpt lat="58.68342164" lon="14.59344738">
<ele>116.4</ele>
<time>2023-09-10T09:54:03Z</time>
<extensions>
<tp1:TrackPointExtension>
<tp1:hr>138</tp1:hr>
</tp1:TrackPointExtension>
</extensions>
</trkpt>
<trkpt lat="58.68341401" lon="14.59350815">
<ele>116.8</ele>
<time>2023-09-10T09:54:05Z</time>
<extensions>
<tp1:TrackPointExtension>
<tp1:hr>140</tp1:hr>
</tp1:TrackPointExtension>
</extensions>
</trkpt>
<trkpt lat="58.6834146" lon="14.59357722">
<ele>117.4</ele>
<time>2023-09-10T09:54:07Z</time>
<extensions>
<tp1:TrackPointExtension>
<tp1:hr>143</tp1:hr>
</tp1:TrackPointExtension>
</extensions>
</trkpt>
<trkpt lat="58.68343136" lon="14.59374008">
<ele>117.4</ele>
<time>2023-09-10T09:54:12Z</time>
<extensions>
<tp1:TrackPointExtension>
<tp1:hr>142</tp1:hr>
</tp1:TrackPointExtension>
</extensions>
</trkpt>
<trkpt lat="58.68342918" lon="14.59374041">
<ele>117.8</ele>
<time>2023-09-10T09:54:13Z</time>
<extensions>
<tp1:TrackPointExtension>
<tp1:hr>142</tp1:hr>
</tp1:TrackPointExtension>
</extensions>
</trkpt>
<trkpt lat="58.68341049" lon="14.593726">
<ele>117.0</ele>
<time>2023-09-10T09:54:16Z</time>
<extensions>
<tp1:TrackPointExtension>
<tp1:hr>143</tp1:hr>
</tp1:TrackPointExtension>
</extensions>
</trkpt>
<trkpt lat="58.68340555" lon="14.59371636">
<ele>116.2</ele>
<time>2023-09-10T09:54:18Z</time>
<extensions>
<tp1:TrackPointExtension>
<tp1:hr>143</tp1:hr>
</tp1:TrackPointExtension>
</extensions>
</trkpt>
<trkpt lat="58.68340144" lon="14.59371292">
<ele>115.8</ele>
<time>2023-09-10T09:54:19Z</time>
<extensions>
<tp1:TrackPointExtension>
<tp1:hr>143</tp1:hr>
</tp1:TrackPointExtension>
</extensions>
</trkpt>
<trkpt lat="58.68337244" lon="14.59369238">
<ele>114.4</ele>
<time>2023-09-10T09:54:21Z</time>
<extensions>
<tp1:TrackPointExtension>
<tp1:hr>144</tp1:hr>
</tp1:TrackPointExtension>
</extensions>
</trkpt>
<trkpt lat="58.68335743" lon="14.59365743">
<ele>113.4</ele>
<time>2023-09-10T09:54:22Z</time>
<extensions>
<tp1:TrackPointExtension>
<tp1:hr>145</tp1:hr>
</tp1:TrackPointExtension>
</extensions>
</trkpt>
<trkpt lat="58.68334193" lon="14.59361376">
<ele>112.2</ele>
<time>2023-09-10T09:54:23Z</time>
<extensions>
<tp1:TrackPointExtension>
<tp1:hr>145</tp1:hr>
</tp1:TrackPointExtension>
</extensions>
</trkpt>
<trkpt lat="58.68330471" lon="14.59349583">
<ele>111.2</ele>
<time>2023-09-10T09:54:25Z</time>
<extensions>
<tp1:TrackPointExtension>
<tp1:hr>145</tp1:hr>
</tp1:TrackPointExtension>
</extensions>
</trkpt>
<trkpt lat="58.68327596" lon="14.5933535">
<ele>110.8</ele>
<time>2023-09-10T09:54:27Z</time>
<extensions>
<tp1:TrackPointExtension>
<tp1:hr>146</tp1:hr>
</tp1:TrackPointExtension>
</extensions>
</trkpt>
<trkpt lat="58.68324822" lon="14.59314832">
<ele>110.4</ele>
<time>2023-09-10T09:54:30Z</time>
<extensions>
<tp1:TrackPointExtension>
<tp1:hr>149</tp1:hr>
</tp1:TrackPointExtension>
</extensions>
</trkpt>
<trkpt lat="58.68323556" lon="14.59300515">
<ele>110.2</ele>
<time>2023-09-10T09:54:32Z</time>
<extensions>
<tp1:TrackPointExtension>
<tp1:hr>151</tp1:hr>
</tp1:TrackPointExtension>
</extensions>
</trkpt>
<trkpt lat="58.68322022" lon="14.59286425">
<ele>110.2</ele>
<time>2023-09-10T09:54:34Z</time>
<extensions>
<tp1:TrackPointExtension>
<tp1:hr>152</tp1:hr>
</tp1:TrackPointExtension>
</extensions>
</trkpt>
<trkpt lat="58.68318217" lon="14.59271329">
<ele>109.0</ele>
<time>2023-09-10T09:54:38Z</time>
<extensions>
<tp1:TrackPointExtension>
<tp1:hr>151</tp1:hr>
</tp1:TrackPointExtension>
</extensions>
</trkpt>
<trkpt lat="58.68315761" lon="14.59270097">
<ele>108.4</ele>
<time>2023-09-10T09:54:40Z</time>
<extensions>
<tp1:TrackPointExtension>
<tp1:hr>152</tp1:hr>
</tp1:TrackPointExtension>
</extensions>
</trkpt>
<trkpt lat="58.68313774" lon="14.59269502">
<ele>108.0</ele>
<time>2023-09-10T09:54:42Z</time>
<extensions>
<tp1:TrackPointExtension>
<tp1:hr>151</tp1:hr>
</tp1:TrackPointExtension>
</extensions>
</trkpt>
<trkpt lat="58.68312685" lon="14.59268002">
<ele>107.8</ele>
<time>2023-09-10T09:54:43Z</time>
<extensions>
<tp1:TrackPointExtension>
<tp1:hr>152</tp1:hr>
</tp1:TrackPointExtension>
</extensions>
</trkpt>
<trkpt lat="58.68304546" lon="14.59257172">
<ele>107.8</ele>
<time>2023-09-10T09:54:50Z</time>
<extensions>
<tp1:TrackPointExtension>
<tp1:hr>152</tp1:hr>
</tp1:TrackPointExtension>
</extensions>
</trkpt>
<trkpt lat="58.682866" lon="14.59239503">
<ele>108.2</ele>
<time>2023-09-10T09:54:54Z</time>
<extensions>
<tp1:TrackPointExtension>
<tp1:hr>151</tp1:hr>
</tp1:TrackPointExtension>
</extensions>
</trkpt>
<trkpt lat="58.68280666" lon="14.59232261">
<ele>108.2</ele>
<time>2023-09-10T09:54:56Z</time>
<extensions>
<tp1:TrackPointExtension>
<tp1:hr>152</tp1:hr>
</tp1:TrackPointExtension>
</extensions>
</trkpt>
<trkpt lat="58.68264539" lon="14.59213771">
<ele>108.2</ele>
<time>2023-09-10T09:55:03Z</time>
<extensions>
<tp1:TrackPointExtension>
<tp1:hr>153</tp1:hr>
</tp1:TrackPointExtension>
</extensions>
</trkpt>
<trkpt lat="58.68249812" lon="14.59209337">
<ele>108.2</ele>
<time>2023-09-10T09:55:08Z</time>
<extensions>
<tp1:TrackPointExtension>
<tp1:hr>154</tp1:hr>
</tp1:TrackPointExtension>
</extensions>
</trkpt>
<trkpt lat="58.68235496" lon="14.59205196">
<ele>108.2</ele>
<time>2023-09-10T09:55:14Z</time>
<extensions>
<tp1:TrackPointExtension>
<tp1:hr>154</tp1:hr>
</tp1:TrackPointExtension>
</extensions>
</trkpt>
<trkpt lat="58.68220652" lon="14.59208155">
<ele>108.2</ele>
<time>2023-09-10T09:55:20Z</time>
<extensions>
<tp1:TrackPointExtension>
<tp1:hr>153</tp1:hr>
</tp1:TrackPointExtension>
</extensions>
</trkpt>
<trkpt lat="58.68205279" lon="14.5921916">
<ele>108.2</ele>
<time>2023-09-10T09:55:26Z</time>
<extensions>
<tp1:TrackPointExtension>
<tp1:hr>153</tp1:hr>
</tp1:TrackPointExtension>
</extensions>
</trkpt>
<trkpt lat="58.68196562" lon="14.59222329">
<ele>108.4</ele>
<time>2023-09-10T09:55:28Z</time>
<extensions>
<tp1:TrackPointExtension>
<tp1:hr>156</tp1:hr>
</tp1:TrackPointExtension>
</extensions>
</trkpt>
<trkpt lat="58.68187568" lon="14.59224307">
<ele>108.4</ele>
<time>2023-09-10T09:55:30Z</time>
<extensions>
<tp1:TrackPointExtension>
<tp1:hr>153</tp1:hr>
</tp1:TrackPointExtension>
</extensions>
</trkpt>
<trkpt lat="58.68183402" lon="14.59225522">
<ele>108.4</ele>
<time>2023-09-10T09:55:31Z</time>
<extensions>
<tp1:TrackPointExtension>
<tp1:hr>153</tp1:hr>
</tp1:TrackPointExtension>
</extensions>
</trkpt>
<trkpt lat="58.68180066" lon="14.59228967">
<ele>108.4</ele>
<time>2023-09-10T09:55:32Z</time>
<extensions>
<tp1:TrackPointExtension>
<tp1:hr>153</tp1:hr>
</tp1:TrackPointExtension>
</extensions>
</trkpt>
<trkpt lat="58.68174467" lon="14.59238213">
<ele>108.4</ele>
<time>2023-09-10T09:55:34Z</time>
<extensions>
<tp1:TrackPointExtension>
<tp1:hr>154</tp1:hr>
</tp1:TrackPointExtension>
</extensions>
</trkpt>
<trkpt lat="58.68172028" lon="14.59240358">
<ele>108.4</ele>
<time>2023-09-10T09:55:35Z</time>
<extensions>
<tp1:TrackPointExtension>
<tp1:hr>154</tp1:hr>
</tp1:TrackPointExtension>
</extensions>
</trkpt>
<trkpt lat="58.68163227" lon="14.5923382">
<ele>108.4</ele>
<time>2023-09-10T09:55:37Z</time>
<extensions>
<tp1:TrackPointExtension>
<tp1:hr>155</tp1:hr>
</tp1:TrackPointExtension>
</extensions>
</trkpt>
<trkpt lat="58.68145332" lon="14.59218549">
<ele>108.6</ele>
<time>2023-09-10T09:55:41Z</time>
<extensions>
<tp1:TrackPointExtension>
<tp1:hr>154</tp1:hr>
</tp1:TrackPointExtension>
</extensions>
</trkpt>
<trkpt lat="58.68136715" lon="14.59214953">
<ele>108.6</ele>
<time>2023-09-10T09:55:43Z</time>
<extensions>
<tp1:TrackPointExtension>
<tp1:hr>155</tp1:hr>
</tp1:TrackPointExtension>
</extensions>
</trkpt>
<trkpt lat="58.68117219" lon="14.59210443">
<ele>108.8</ele>
<time>2023-09-10T09:55:48Z</time>
<extensions>
<tp1:TrackPointExtension>
<tp1:hr>154</tp1:hr>
</tp1:TrackPointExtension>
</extensions>
</trkpt>
<trkpt lat="58.68103079" lon="14.59206286">
<ele>109.0</ele>
<time>2023-09-10T09:55:52Z</time>
<extensions>
<tp1:TrackPointExtension>
<tp1:hr>153</tp1:hr>
</tp1:TrackPointExtension>
</extensions>
</trkpt>
<trkpt lat="58.68096113" lon="14.59207577">
<ele>109.1</ele>
<time>2023-09-10T09:55:54Z</time>
<extensions>
<tp1:TrackPointExtension>
<tp1:hr>154</tp1:hr>
</tp1:TrackPointExtension>
</extensions>
</trkpt>
<trkpt lat="58.6809359" lon="14.59210712">
<ele>109.1</ele>
<time>2023-09-10T09:55:55Z</time>
<extensions>
<tp1:TrackPointExtension>
<tp1:hr>154</tp1:hr>
</tp1:TrackPointExtension>
</extensions>
</trkpt>
<trkpt lat="58.68092425" lon="14.59221784">
<ele>109.3</ele>
<time>2023-09-10T09:55:57Z</time>
<extensions>
<tp1:TrackPointExtension>
<tp1:hr>154</tp1:hr>
</tp1:TrackPointExtension>
</extensions>
</trkpt>
<trkpt lat="58.68096792" lon="14.59244331">
<ele>109.3</ele>
<time>2023-09-10T09:56:00Z</time>
<extensions>
<tp1:TrackPointExtension>
<tp1:hr>154</tp1:hr>
</tp1:TrackPointExtension>
</extensions>
</trkpt>
<trkpt lat="58.68097924" lon="14.59251598">
<ele>109.5</ele>
<time>2023-09-10T09:56:01Z</time>
<extensions>
<tp1:TrackPointExtension>
<tp1:hr>158</tp1:hr>
</tp1:TrackPointExtension>
</extensions>
</trkpt>
<trkpt lat="58.68100472" lon="14.59268379">
<ele>109.5</ele>
<time>2023-09-10T09:56:03Z</time>
<extensions>
<tp1:TrackPointExtension>
<tp1:hr>155</tp1:hr>
</tp1:TrackPointExtension>
</extensions>
</trkpt>
<trkpt lat="58.6810421" lon="14.5930137">
<ele>109.7</ele>
<time>2023-09-10T09:56:07Z</time>
<extensions>
<tp1:TrackPointExtension>
<tp1:hr>155</tp1:hr>
</tp1:TrackPointExtension>
</extensions>
</trkpt>
<trkpt lat="58.68105954" lon="14.59329785">
<ele>109.7</ele>
<time>2023-09-10T09:56:12Z</time>
<extensions>
<tp1:TrackPointExtension>
<tp1:hr>156</tp1:hr>
</tp1:TrackPointExtension>
</extensions>
</trkpt>
</trkseg>
</trk>
</gpx>

