<?xml version="1.0" encoding="UTF-8" ?>
<gpx xmlns="http://www.topografix.com/GPX/1/1" version="1.1" creator="Attackpoint - http://www.attackpoint.org" xmlns:xsi="http://www.w3.org/2001/XMLSchema-instance" xmlns:tp1="http://www.garmin.com/xmlschemas/TrackPointExtension/v1" xsi:schemaLocation="http://www.topografix.com/GPX/1/1 http://www.topografix.com/GPX/1/1/gpx.xsd http://www.garmin.com/xmlschemas/TrackPointExtension/v1 http://www.garmin.com/xmlschemas/TrackPointExtensionv1.xsd">
<trk>
<trkseg>
<trkpt lat="57.87191402" lon="18.98414098">
<ele>43.0</ele>
<time>2023-07-13T08:35:01Z</time>
<extensions>
<tp1:TrackPointExtension>
<tp1:hr>64</tp1:hr>
</tp1:TrackPointExtension>
</extensions>
</trkpt>
<trkpt lat="57.87191109" lon="18.98408616">
<ele>43.2</ele>
<time>2023-07-13T08:35:02Z</time>
<extensions>
<tp1:TrackPointExtension>
<tp1:hr>61</tp1:hr>
</tp1:TrackPointExtension>
</extensions>
</trkpt>
<trkpt lat="57.87190287" lon="18.98403612">
<ele>43.2</ele>
<time>2023-07-13T08:35:04Z</time>
<extensions>
<tp1:TrackPointExtension>
<tp1:hr>63</tp1:hr>
</tp1:TrackPointExtension>
</extensions>
</trkpt>
<trkpt lat="57.87190019" lon="18.98398147">
<ele>43.0</ele>
<time>2023-07-13T08:35:05Z</time>
<extensions>
<tp1:TrackPointExtension>
<tp1:hr>63</tp1:hr>
</tp1:TrackPointExtension>
</extensions>
</trkpt>
<trkpt lat="57.87189667" lon="18.98392431">
<ele>42.4</ele>
<time>2023-07-13T08:35:07Z</time>
<extensions>
<tp1:TrackPointExtension>
<tp1:hr>64</tp1:hr>
</tp1:TrackPointExtension>
</extensions>
</trkpt>
<trkpt lat="57.87189391" lon="18.98390737">
<ele>42.6</ele>
<time>2023-07-13T08:35:08Z</time>
<extensions>
<tp1:TrackPointExtension>
<tp1:hr>64</tp1:hr>
</tp1:TrackPointExtension>
</extensions>
</trkpt>
<trkpt lat="57.87184504" lon="18.98373194">
<ele>42.6</ele>
<time>2023-07-13T08:35:11Z</time>
<extensions>
<tp1:TrackPointExtension>
<tp1:hr>63</tp1:hr>
</tp1:TrackPointExtension>
</extensions>
</trkpt>
<trkpt lat="57.87182844" lon="18.98366757">
<ele>42.6</ele>
<time>2023-07-13T08:35:12Z</time>
<extensions>
<tp1:TrackPointExtension>
<tp1:hr>67</tp1:hr>
</tp1:TrackPointExtension>
</extensions>
</trkpt>
<trkpt lat="57.87178402" lon="18.98354452">
<ele>42.6</ele>
<time>2023-07-13T08:35:13Z</time>
<extensions>
<tp1:TrackPointExtension>
<tp1:hr>64</tp1:hr>
</tp1:TrackPointExtension>
</extensions>
</trkpt>
<trkpt lat="57.87175267" lon="18.98350387">
<ele>42.8</ele>
<time>2023-07-13T08:35:14Z</time>
<extensions>
<tp1:TrackPointExtension>
<tp1:hr>66</tp1:hr>
</tp1:TrackPointExtension>
</extensions>
</trkpt>
<trkpt lat="57.87175267" lon="18.98350387">
<ele>42.8</ele>
<time>2023-07-13T08:35:15Z</time>
<extensions>
<tp1:TrackPointExtension>
<tp1:hr>67</tp1:hr>
</tp1:TrackPointExtension>
</extensions>
</trkpt>
<trkpt lat="57.87171797" lon="18.98349071">
<ele>43.2</ele>
<time>2023-07-13T08:35:16Z</time>
<extensions>
<tp1:TrackPointExtension>
<tp1:hr>67</tp1:hr>
</tp1:TrackPointExtension>
</extensions>
</trkpt>
<trkpt lat="57.87165904" lon="18.98353321">
<ele>43.8</ele>
<time>2023-07-13T08:35:18Z</time>
<extensions>
<tp1:TrackPointExtension>
<tp1:hr>69</tp1:hr>
</tp1:TrackPointExtension>
</extensions>
</trkpt>
<trkpt lat="57.87160188" lon="18.98360127">
<ele>44.2</ele>
<time>2023-07-13T08:35:20Z</time>
<extensions>
<tp1:TrackPointExtension>
<tp1:hr>73</tp1:hr>
</tp1:TrackPointExtension>
</extensions>
</trkpt>
<trkpt lat="57.87156601" lon="18.98364594">
<ele>44.4</ele>
<time>2023-07-13T08:35:21Z</time>
<extensions>
<tp1:TrackPointExtension>
<tp1:hr>79</tp1:hr>
</tp1:TrackPointExtension>
</extensions>
</trkpt>
<trkpt lat="57.87152887" lon="18.98367159">
<ele>44.4</ele>
<time>2023-07-13T08:35:22Z</time>
<extensions>
<tp1:TrackPointExtension>
<tp1:hr>81</tp1:hr>
</tp1:TrackPointExtension>
</extensions>
</trkpt>
<trkpt lat="57.87150071" lon="18.983642">
<ele>44.6</ele>
<time>2023-07-13T08:35:23Z</time>
<extensions>
<tp1:TrackPointExtension>
<tp1:hr>85</tp1:hr>
</tp1:TrackPointExtension>
</extensions>
</trkpt>
<trkpt lat="57.8714754" lon="18.98360898">
<ele>44.7</ele>
<time>2023-07-13T08:35:24Z</time>
<extensions>
<tp1:TrackPointExtension>
<tp1:hr>88</tp1:hr>
</tp1:TrackPointExtension>
</extensions>
</trkpt>
<trkpt lat="57.87145243" lon="18.98357361">
<ele>44.9</ele>
<time>2023-07-13T08:35:25Z</time>
<extensions>
<tp1:TrackPointExtension>
<tp1:hr>91</tp1:hr>
</tp1:TrackPointExtension>
</extensions>
</trkpt>
<trkpt lat="57.87142804" lon="18.98354201">
<ele>45.1</ele>
<time>2023-07-13T08:35:26Z</time>
<extensions>
<tp1:TrackPointExtension>
<tp1:hr>94</tp1:hr>
</tp1:TrackPointExtension>
</extensions>
</trkpt>
<trkpt lat="57.87140231" lon="18.98351644">
<ele>45.1</ele>
<time>2023-07-13T08:35:27Z</time>
<extensions>
<tp1:TrackPointExtension>
<tp1:hr>96</tp1:hr>
</tp1:TrackPointExtension>
</extensions>
</trkpt>
<trkpt lat="57.87138294" lon="18.98348032">
<ele>45.1</ele>
<time>2023-07-13T08:35:28Z</time>
<extensions>
<tp1:TrackPointExtension>
<tp1:hr>95</tp1:hr>
</tp1:TrackPointExtension>
</extensions>
</trkpt>
<trkpt lat="57.87136492" lon="18.98343656">
<ele>45.1</ele>
<time>2023-07-13T08:35:29Z</time>
<extensions>
<tp1:TrackPointExtension>
<tp1:hr>100</tp1:hr>
</tp1:TrackPointExtension>
</extensions>
</trkpt>
<trkpt lat="57.87134757" lon="18.98329658">
<ele>45.3</ele>
<time>2023-07-13T08:35:31Z</time>
<extensions>
<tp1:TrackPointExtension>
<tp1:hr>103</tp1:hr>
</tp1:TrackPointExtension>
</extensions>
</trkpt>
<trkpt lat="57.87134774" lon="18.98322542">
<ele>45.1</ele>
<time>2023-07-13T08:35:32Z</time>
<extensions>
<tp1:TrackPointExtension>
<tp1:hr>104</tp1:hr>
</tp1:TrackPointExtension>
</extensions>
</trkpt>
<trkpt lat="57.87134263" lon="18.98307941">
<ele>44.9</ele>
<time>2023-07-13T08:35:34Z</time>
<extensions>
<tp1:TrackPointExtension>
<tp1:hr>107</tp1:hr>
</tp1:TrackPointExtension>
</extensions>
</trkpt>
<trkpt lat="57.87131706" lon="18.98288772">
<ele>44.9</ele>
<time>2023-07-13T08:35:37Z</time>
<extensions>
<tp1:TrackPointExtension>
<tp1:hr>106</tp1:hr>
</tp1:TrackPointExtension>
</extensions>
</trkpt>
<trkpt lat="57.87124003" lon="18.98275017">
<ele>45.1</ele>
<time>2023-07-13T08:35:40Z</time>
<extensions>
<tp1:TrackPointExtension>
<tp1:hr>104</tp1:hr>
</tp1:TrackPointExtension>
</extensions>
</trkpt>
<trkpt lat="57.87118974" lon="18.98255738">
<ele>45.3</ele>
<time>2023-07-13T08:35:43Z</time>
<extensions>
<tp1:TrackPointExtension>
<tp1:hr>107</tp1:hr>
</tp1:TrackPointExtension>
</extensions>
</trkpt>
<trkpt lat="57.87118538" lon="18.9823682">
<ele>45.3</ele>
<time>2023-07-13T08:35:46Z</time>
<extensions>
<tp1:TrackPointExtension>
<tp1:hr>110</tp1:hr>
</tp1:TrackPointExtension>
</extensions>
</trkpt>
<trkpt lat="57.8711946" lon="18.98224717">
<ele>45.3</ele>
<time>2023-07-13T08:35:48Z</time>
<extensions>
<tp1:TrackPointExtension>
<tp1:hr>113</tp1:hr>
</tp1:TrackPointExtension>
</extensions>
</trkpt>
<trkpt lat="57.8711884" lon="18.98219327">
<ele>45.5</ele>
<time>2023-07-13T08:35:49Z</time>
<extensions>
<tp1:TrackPointExtension>
<tp1:hr>114</tp1:hr>
</tp1:TrackPointExtension>
</extensions>
</trkpt>
<trkpt lat="57.87118714" lon="18.98212261">
<ele>45.5</ele>
<time>2023-07-13T08:35:50Z</time>
<extensions>
<tp1:TrackPointExtension>
<tp1:hr>117</tp1:hr>
</tp1:TrackPointExtension>
</extensions>
</trkpt>
<trkpt lat="57.87119318" lon="18.98205162">
<ele>45.9</ele>
<time>2023-07-13T08:35:51Z</time>
<extensions>
<tp1:TrackPointExtension>
<tp1:hr>120</tp1:hr>
</tp1:TrackPointExtension>
</extensions>
</trkpt>
<trkpt lat="57.87120366" lon="18.98198205">
<ele>45.9</ele>
<time>2023-07-13T08:35:52Z</time>
<extensions>
<tp1:TrackPointExtension>
<tp1:hr>120</tp1:hr>
</tp1:TrackPointExtension>
</extensions>
</trkpt>
<trkpt lat="57.8712174" lon="18.9819181">
<ele>45.9</ele>
<time>2023-07-13T08:35:53Z</time>
<extensions>
<tp1:TrackPointExtension>
<tp1:hr>123</tp1:hr>
</tp1:TrackPointExtension>
</extensions>
</trkpt>
<trkpt lat="57.87123274" lon="18.98186093">
<ele>45.7</ele>
<time>2023-07-13T08:35:54Z</time>
<extensions>
<tp1:TrackPointExtension>
<tp1:hr>126</tp1:hr>
</tp1:TrackPointExtension>
</extensions>
</trkpt>
<trkpt lat="57.87124624" lon="18.9818031">
<ele>45.3</ele>
<time>2023-07-13T08:35:55Z</time>
<extensions>
<tp1:TrackPointExtension>
<tp1:hr>135</tp1:hr>
</tp1:TrackPointExtension>
</extensions>
</trkpt>
<trkpt lat="57.87125453" lon="18.98175415">
<ele>44.9</ele>
<time>2023-07-13T08:35:56Z</time>
<extensions>
<tp1:TrackPointExtension>
<tp1:hr>138</tp1:hr>
</tp1:TrackPointExtension>
</extensions>
</trkpt>
<trkpt lat="57.8712568" lon="18.98161375">
<ele>44.9</ele>
<time>2023-07-13T08:35:59Z</time>
<extensions>
<tp1:TrackPointExtension>
<tp1:hr>140</tp1:hr>
</tp1:TrackPointExtension>
</extensions>
</trkpt>
<trkpt lat="57.87126853" lon="18.98137419">
<ele>45.5</ele>
<time>2023-07-13T08:36:03Z</time>
<extensions>
<tp1:TrackPointExtension>
<tp1:hr>141</tp1:hr>
</tp1:TrackPointExtension>
</extensions>
</trkpt>
<trkpt lat="57.87125831" lon="18.98124335">
<ele>45.3</ele>
<time>2023-07-13T08:36:05Z</time>
<extensions>
<tp1:TrackPointExtension>
<tp1:hr>142</tp1:hr>
</tp1:TrackPointExtension>
</extensions>
</trkpt>
<trkpt lat="57.87125445" lon="18.98093591">
<ele>45.2</ele>
<time>2023-07-13T08:36:10Z</time>
<extensions>
<tp1:TrackPointExtension>
<tp1:hr>142</tp1:hr>
</tp1:TrackPointExtension>
</extensions>
</trkpt>
<trkpt lat="57.87129628" lon="18.98070741">
<ele>45.2</ele>
<time>2023-07-13T08:36:13Z</time>
<extensions>
<tp1:TrackPointExtension>
<tp1:hr>139</tp1:hr>
</tp1:TrackPointExtension>
</extensions>
</trkpt>
<trkpt lat="57.87132871" lon="18.9805521">
<ele>45.2</ele>
<time>2023-07-13T08:36:15Z</time>
<extensions>
<tp1:TrackPointExtension>
<tp1:hr>140</tp1:hr>
</tp1:TrackPointExtension>
</extensions>
</trkpt>
<trkpt lat="57.87138068" lon="18.9802325">
<ele>45.4</ele>
<time>2023-07-13T08:36:19Z</time>
<extensions>
<tp1:TrackPointExtension>
<tp1:hr>139</tp1:hr>
</tp1:TrackPointExtension>
</extensions>
</trkpt>
<trkpt lat="57.87144606" lon="18.97987886">
<ele>45.2</ele>
<time>2023-07-13T08:36:23Z</time>
<extensions>
<tp1:TrackPointExtension>
<tp1:hr>141</tp1:hr>
</tp1:TrackPointExtension>
</extensions>
</trkpt>
<trkpt lat="57.87146023" lon="18.97979898">
<ele>45.2</ele>
<time>2023-07-13T08:36:24Z</time>
<extensions>
<tp1:TrackPointExtension>
<tp1:hr>142</tp1:hr>
</tp1:TrackPointExtension>
</extensions>
</trkpt>
<trkpt lat="57.87147741" lon="18.97971684">
<ele>45.2</ele>
<time>2023-07-13T08:36:25Z</time>
<extensions>
<tp1:TrackPointExtension>
<tp1:hr>143</tp1:hr>
</tp1:TrackPointExtension>
</extensions>
</trkpt>
<trkpt lat="57.87154631" lon="18.97942725">
<ele>45.2</ele>
<time>2023-07-13T08:36:29Z</time>
<extensions>
<tp1:TrackPointExtension>
<tp1:hr>140</tp1:hr>
</tp1:TrackPointExtension>
</extensions>
</trkpt>
<trkpt lat="57.87154212" lon="18.97929138">
<ele>45.2</ele>
<time>2023-07-13T08:36:31Z</time>
<extensions>
<tp1:TrackPointExtension>
<tp1:hr>140</tp1:hr>
</tp1:TrackPointExtension>
</extensions>
</trkpt>
<trkpt lat="57.87152711" lon="18.97923714">
<ele>45.0</ele>
<time>2023-07-13T08:36:32Z</time>
<extensions>
<tp1:TrackPointExtension>
<tp1:hr>139</tp1:hr>
</tp1:TrackPointExtension>
</extensions>
</trkpt>
<trkpt lat="57.87137481" lon="18.97900639">
<ele>45.0</ele>
<time>2023-07-13T08:36:36Z</time>
<extensions>
<tp1:TrackPointExtension>
<tp1:hr>141</tp1:hr>
</tp1:TrackPointExtension>
</extensions>
</trkpt>
<trkpt lat="57.87119804" lon="18.97876156">
<ele>45.0</ele>
<time>2023-07-13T08:36:42Z</time>
<extensions>
<tp1:TrackPointExtension>
<tp1:hr>140</tp1:hr>
</tp1:TrackPointExtension>
</extensions>
</trkpt>
<trkpt lat="57.87110676" lon="18.97861563">
<ele>44.8</ele>
<time>2023-07-13T08:36:45Z</time>
<extensions>
<tp1:TrackPointExtension>
<tp1:hr>141</tp1:hr>
</tp1:TrackPointExtension>
</extensions>
</trkpt>
<trkpt lat="57.87108086" lon="18.97855352">
<ele>44.8</ele>
<time>2023-07-13T08:36:46Z</time>
<extensions>
<tp1:TrackPointExtension>
<tp1:hr>141</tp1:hr>
</tp1:TrackPointExtension>
</extensions>
</trkpt>
<trkpt lat="57.87101473" lon="18.97839761">
<ele>44.8</ele>
<time>2023-07-13T08:36:49Z</time>
<extensions>
<tp1:TrackPointExtension>
<tp1:hr>141</tp1:hr>
</tp1:TrackPointExtension>
</extensions>
</trkpt>
<trkpt lat="57.87100651" lon="18.97832788">
<ele>44.8</ele>
<time>2023-07-13T08:36:50Z</time>
<extensions>
<tp1:TrackPointExtension>
<tp1:hr>141</tp1:hr>
</tp1:TrackPointExtension>
</extensions>
</trkpt>
<trkpt lat="57.87096653" lon="18.97804272">
<ele>44.7</ele>
<time>2023-07-13T08:36:54Z</time>
<extensions>
<tp1:TrackPointExtension>
<tp1:hr>145</tp1:hr>
</tp1:TrackPointExtension>
</extensions>
</trkpt>
<trkpt lat="57.87096226" lon="18.97791591">
<ele>44.5</ele>
<time>2023-07-13T08:36:56Z</time>
<extensions>
<tp1:TrackPointExtension>
<tp1:hr>142</tp1:hr>
</tp1:TrackPointExtension>
</extensions>
</trkpt>
<trkpt lat="57.87096377" lon="18.97757987">
<ele>44.5</ele>
<time>2023-07-13T08:37:01Z</time>
<extensions>
<tp1:TrackPointExtension>
<tp1:hr>140</tp1:hr>
</tp1:TrackPointExtension>
</extensions>
</trkpt>
<trkpt lat="57.87097097" lon="18.97729841">
<ele>44.3</ele>
<time>2023-07-13T08:37:05Z</time>
<extensions>
<tp1:TrackPointExtension>
<tp1:hr>137</tp1:hr>
</tp1:TrackPointExtension>
</extensions>
</trkpt>
<trkpt lat="57.87098086" lon="18.97722901">
<ele>44.3</ele>
<time>2023-07-13T08:37:06Z</time>
<extensions>
<tp1:TrackPointExtension>
<tp1:hr>137</tp1:hr>
</tp1:TrackPointExtension>
</extensions>
</trkpt>
<trkpt lat="57.87099763" lon="18.97703094">
<ele>44.1</ele>
<time>2023-07-13T08:37:09Z</time>
<extensions>
<tp1:TrackPointExtension>
<tp1:hr>136</tp1:hr>
</tp1:TrackPointExtension>
</extensions>
</trkpt>
<trkpt lat="57.87102168" lon="18.97691938">
<ele>44.1</ele>
<time>2023-07-13T08:37:11Z</time>
<extensions>
<tp1:TrackPointExtension>
<tp1:hr>135</tp1:hr>
</tp1:TrackPointExtension>
</extensions>
</trkpt>
<trkpt lat="57.87108882" lon="18.97673045">
<ele>43.9</ele>
<time>2023-07-13T08:37:15Z</time>
<extensions>
<tp1:TrackPointExtension>
<tp1:hr>136</tp1:hr>
</tp1:TrackPointExtension>
</extensions>
</trkpt>
<trkpt lat="57.87109327" lon="18.97660171">
<ele>43.9</ele>
<time>2023-07-13T08:37:18Z</time>
<extensions>
<tp1:TrackPointExtension>
<tp1:hr>139</tp1:hr>
</tp1:TrackPointExtension>
</extensions>
</trkpt>
<trkpt lat="57.87108321" lon="18.97652484">
<ele>43.9</ele>
<time>2023-07-13T08:37:20Z</time>
<extensions>
<tp1:TrackPointExtension>
<tp1:hr>143</tp1:hr>
</tp1:TrackPointExtension>
</extensions>
</trkpt>
<trkpt lat="57.87106661" lon="18.9764505">
<ele>43.7</ele>
<time>2023-07-13T08:37:22Z</time>
<extensions>
<tp1:TrackPointExtension>
<tp1:hr>146</tp1:hr>
</tp1:TrackPointExtension>
</extensions>
</trkpt>
<trkpt lat="57.87103568" lon="18.97635058">
<ele>43.7</ele>
<time>2023-07-13T08:37:24Z</time>
<extensions>
<tp1:TrackPointExtension>
<tp1:hr>148</tp1:hr>
</tp1:TrackPointExtension>
</extensions>
</trkpt>
<trkpt lat="57.87101364" lon="18.97626216">
<ele>43.5</ele>
<time>2023-07-13T08:37:28Z</time>
<extensions>
<tp1:TrackPointExtension>
<tp1:hr>150</tp1:hr>
</tp1:TrackPointExtension>
</extensions>
</trkpt>
<trkpt lat="57.87096284" lon="18.97612696">
<ele>43.3</ele>
<time>2023-07-13T08:37:32Z</time>
<extensions>
<tp1:TrackPointExtension>
<tp1:hr>149</tp1:hr>
</tp1:TrackPointExtension>
</extensions>
</trkpt>
<trkpt lat="57.87101188" lon="18.97593669">
<ele>43.1</ele>
<time>2023-07-13T08:37:36Z</time>
<extensions>
<tp1:TrackPointExtension>
<tp1:hr>149</tp1:hr>
</tp1:TrackPointExtension>
</extensions>
</trkpt>
<trkpt lat="57.87117197" lon="18.97579537">
<ele>42.8</ele>
<time>2023-07-13T08:37:41Z</time>
<extensions>
<tp1:TrackPointExtension>
<tp1:hr>149</tp1:hr>
</tp1:TrackPointExtension>
</extensions>
</trkpt>
<trkpt lat="57.87126292" lon="18.97571549">
<ele>42.6</ele>
<time>2023-07-13T08:37:44Z</time>
<extensions>
<tp1:TrackPointExtension>
<tp1:hr>145</tp1:hr>
</tp1:TrackPointExtension>
</extensions>
</trkpt>
<trkpt lat="57.87135688" lon="18.97557526">
<ele>42.4</ele>
<time>2023-07-13T08:37:47Z</time>
<extensions>
<tp1:TrackPointExtension>
<tp1:hr>143</tp1:hr>
</tp1:TrackPointExtension>
</extensions>
</trkpt>
<trkpt lat="57.87149903" lon="18.97525792">
<ele>42.2</ele>
<time>2023-07-13T08:37:52Z</time>
<extensions>
<tp1:TrackPointExtension>
<tp1:hr>145</tp1:hr>
</tp1:TrackPointExtension>
</extensions>
</trkpt>
<trkpt lat="57.87162904" lon="18.97497411">
<ele>41.8</ele>
<time>2023-07-13T08:37:57Z</time>
<extensions>
<tp1:TrackPointExtension>
<tp1:hr>144</tp1:hr>
</tp1:TrackPointExtension>
</extensions>
</trkpt>
<trkpt lat="57.87166332" lon="18.9749001">
<ele>41.6</ele>
<time>2023-07-13T08:37:59Z</time>
<extensions>
<tp1:TrackPointExtension>
<tp1:hr>144</tp1:hr>
</tp1:TrackPointExtension>
</extensions>
</trkpt>
<trkpt lat="57.87171328" lon="18.97477009">
<ele>41.6</ele>
<time>2023-07-13T08:38:02Z</time>
<extensions>
<tp1:TrackPointExtension>
<tp1:hr>147</tp1:hr>
</tp1:TrackPointExtension>
</extensions>
</trkpt>
<trkpt lat="57.87174077" lon="18.97451436">
<ele>41.4</ele>
<time>2023-07-13T08:38:06Z</time>
<extensions>
<tp1:TrackPointExtension>
<tp1:hr>148</tp1:hr>
</tp1:TrackPointExtension>
</extensions>
</trkpt>
<trkpt lat="57.87183129" lon="18.97417154">
<ele>41.2</ele>
<time>2023-07-13T08:38:11Z</time>
<extensions>
<tp1:TrackPointExtension>
<tp1:hr>148</tp1:hr>
</tp1:TrackPointExtension>
</extensions>
</trkpt>
<trkpt lat="57.8718867" lon="18.9740754">
<ele>41.0</ele>
<time>2023-07-13T08:38:13Z</time>
<extensions>
<tp1:TrackPointExtension>
<tp1:hr>145</tp1:hr>
</tp1:TrackPointExtension>
</extensions>
</trkpt>
<trkpt lat="57.87191846" lon="18.97397356">
<ele>41.0</ele>
<time>2023-07-13T08:38:16Z</time>
<extensions>
<tp1:TrackPointExtension>
<tp1:hr>148</tp1:hr>
</tp1:TrackPointExtension>
</extensions>
</trkpt>
<trkpt lat="57.8719856" lon="18.97372772">
<ele>40.8</ele>
<time>2023-07-13T08:38:20Z</time>
<extensions>
<tp1:TrackPointExtension>
<tp1:hr>153</tp1:hr>
</tp1:TrackPointExtension>
</extensions>
</trkpt>
<trkpt lat="57.87199709" lon="18.97365832">
<ele>40.8</ele>
<time>2023-07-13T08:38:21Z</time>
<extensions>
<tp1:TrackPointExtension>
<tp1:hr>151</tp1:hr>
</tp1:TrackPointExtension>
</extensions>
</trkpt>
<trkpt lat="57.87200446" lon="18.97357207">
<ele>40.5</ele>
<time>2023-07-13T08:38:22Z</time>
<extensions>
<tp1:TrackPointExtension>
<tp1:hr>150</tp1:hr>
</tp1:TrackPointExtension>
</extensions>
</trkpt>
<trkpt lat="57.87203866" lon="18.97322556">
<ele>40.3</ele>
<time>2023-07-13T08:38:26Z</time>
<extensions>
<tp1:TrackPointExtension>
<tp1:hr>153</tp1:hr>
</tp1:TrackPointExtension>
</extensions>
</trkpt>
<trkpt lat="57.87207101" lon="18.97302154">
<ele>40.3</ele>
<time>2023-07-13T08:38:29Z</time>
<extensions>
<tp1:TrackPointExtension>
<tp1:hr>156</tp1:hr>
</tp1:TrackPointExtension>
</extensions>
</trkpt>
<trkpt lat="57.87209683" lon="18.97278534">
<ele>40.1</ele>
<time>2023-07-13T08:38:32Z</time>
<extensions>
<tp1:TrackPointExtension>
<tp1:hr>157</tp1:hr>
</tp1:TrackPointExtension>
</extensions>
</trkpt>
<trkpt lat="57.87210756" lon="18.97262374">
<ele>39.9</ele>
<time>2023-07-13T08:38:34Z</time>
<extensions>
<tp1:TrackPointExtension>
<tp1:hr>158</tp1:hr>
</tp1:TrackPointExtension>
</extensions>
</trkpt>
<trkpt lat="57.8721514" lon="18.9724851">
<ele>39.9</ele>
<time>2023-07-13T08:38:36Z</time>
<extensions>
<tp1:TrackPointExtension>
<tp1:hr>159</tp1:hr>
</tp1:TrackPointExtension>
</extensions>
</trkpt>
<trkpt lat="57.87224544" lon="18.9722743">
<ele>39.7</ele>
<time>2023-07-13T08:38:39Z</time>
<extensions>
<tp1:TrackPointExtension>
<tp1:hr>161</tp1:hr>
</tp1:TrackPointExtension>
</extensions>
</trkpt>
<trkpt lat="57.87229883" lon="18.9721624">
<ele>39.7</ele>
<time>2023-07-13T08:38:41Z</time>
<extensions>
<tp1:TrackPointExtension>
<tp1:hr>161</tp1:hr>
</tp1:TrackPointExtension>
</extensions>
</trkpt>
<trkpt lat="57.87236547" lon="18.97207858">
<ele>39.5</ele>
<time>2023-07-13T08:38:43Z</time>
<extensions>
<tp1:TrackPointExtension>
<tp1:hr>162</tp1:hr>
</tp1:TrackPointExtension>
</extensions>
</trkpt>
<trkpt lat="57.8725119" lon="18.97193148">
<ele>39.3</ele>
<time>2023-07-13T08:38:47Z</time>
<extensions>
<tp1:TrackPointExtension>
<tp1:hr>160</tp1:hr>
</tp1:TrackPointExtension>
</extensions>
</trkpt>
<trkpt lat="57.87254878" lon="18.97190105">
<ele>39.1</ele>
<time>2023-07-13T08:38:48Z</time>
<extensions>
<tp1:TrackPointExtension>
<tp1:hr>161</tp1:hr>
</tp1:TrackPointExtension>
</extensions>
</trkpt>
<trkpt lat="57.87265716" lon="18.97182436">
<ele>38.9</ele>
<time>2023-07-13T08:38:51Z</time>
<extensions>
<tp1:TrackPointExtension>
<tp1:hr>158</tp1:hr>
</tp1:TrackPointExtension>
</extensions>
</trkpt>
<trkpt lat="57.87273025" lon="18.97176309">
<ele>38.9</ele>
<time>2023-07-13T08:38:53Z</time>
<extensions>
<tp1:TrackPointExtension>
<tp1:hr>160</tp1:hr>
</tp1:TrackPointExtension>
</extensions>
</trkpt>
<trkpt lat="57.87276135" lon="18.97172017">
<ele>38.7</ele>
<time>2023-07-13T08:38:54Z</time>
<extensions>
<tp1:TrackPointExtension>
<tp1:hr>161</tp1:hr>
</tp1:TrackPointExtension>
</extensions>
</trkpt>
<trkpt lat="57.87281935" lon="18.97164264">
<ele>38.7</ele>
<time>2023-07-13T08:38:56Z</time>
<extensions>
<tp1:TrackPointExtension>
<tp1:hr>158</tp1:hr>
</tp1:TrackPointExtension>
</extensions>
</trkpt>
<trkpt lat="57.87286906" lon="18.97156033">
<ele>38.5</ele>
<time>2023-07-13T08:38:58Z</time>
<extensions>
<tp1:TrackPointExtension>
<tp1:hr>157</tp1:hr>
</tp1:TrackPointExtension>
</extensions>
</trkpt>
<trkpt lat="57.87289705" lon="18.97152026">
<ele>38.5</ele>
<time>2023-07-13T08:38:59Z</time>
<extensions>
<tp1:TrackPointExtension>
<tp1:hr>157</tp1:hr>
</tp1:TrackPointExtension>
</extensions>
</trkpt>
<trkpt lat="57.87301457" lon="18.97130786">
<ele>38.3</ele>
<time>2023-07-13T08:39:03Z</time>
<extensions>
<tp1:TrackPointExtension>
<tp1:hr>154</tp1:hr>
</tp1:TrackPointExtension>
</extensions>
</trkpt>
<trkpt lat="57.873075" lon="18.97120242">
<ele>38.1</ele>
<time>2023-07-13T08:39:05Z</time>
<extensions>
<tp1:TrackPointExtension>
<tp1:hr>153</tp1:hr>
</tp1:TrackPointExtension>
</extensions>
</trkpt>
<trkpt lat="57.87318958" lon="18.97098089">
<ele>37.8</ele>
<time>2023-07-13T08:39:09Z</time>
<extensions>
<tp1:TrackPointExtension>
<tp1:hr>155</tp1:hr>
</tp1:TrackPointExtension>
</extensions>
</trkpt>
<trkpt lat="57.8732169" lon="18.97092523">
<ele>37.8</ele>
<time>2023-07-13T08:39:10Z</time>
<extensions>
<tp1:TrackPointExtension>
<tp1:hr>155</tp1:hr>
</tp1:TrackPointExtension>
</extensions>
</trkpt>
<trkpt lat="57.87334129" lon="18.97069347">
<ele>37.4</ele>
<time>2023-07-13T08:39:15Z</time>
<extensions>
<tp1:TrackPointExtension>
<tp1:hr>154</tp1:hr>
</tp1:TrackPointExtension>
</extensions>
</trkpt>
<trkpt lat="57.8733661" lon="18.9706203">
<ele>37.4</ele>
<time>2023-07-13T08:39:17Z</time>
<extensions>
<tp1:TrackPointExtension>
<tp1:hr>154</tp1:hr>
</tp1:TrackPointExtension>
</extensions>
</trkpt>
<trkpt lat="57.87342553" lon="18.97047864">
<ele>37.2</ele>
<time>2023-07-13T08:39:20Z</time>
<extensions>
<tp1:TrackPointExtension>
<tp1:hr>154</tp1:hr>
</tp1:TrackPointExtension>
</extensions>
</trkpt>
<trkpt lat="57.87352393" lon="18.97023934">
<ele>37.0</ele>
<time>2023-07-13T08:39:25Z</time>
<extensions>
<tp1:TrackPointExtension>
<tp1:hr>154</tp1:hr>
</tp1:TrackPointExtension>
</extensions>
</trkpt>
<trkpt lat="57.87356785" lon="18.97014915">
<ele>36.8</ele>
<time>2023-07-13T08:39:27Z</time>
<extensions>
<tp1:TrackPointExtension>
<tp1:hr>158</tp1:hr>
</tp1:TrackPointExtension>
</extensions>
</trkpt>
<trkpt lat="57.87363784" lon="18.96999056">
<ele>36.6</ele>
<time>2023-07-13T08:39:30Z</time>
<extensions>
<tp1:TrackPointExtension>
<tp1:hr>152</tp1:hr>
</tp1:TrackPointExtension>
</extensions>
</trkpt>
<trkpt lat="57.87365863" lon="18.96993969">
<ele>36.6</ele>
<time>2023-07-13T08:39:31Z</time>
<extensions>
<tp1:TrackPointExtension>
<tp1:hr>150</tp1:hr>
</tp1:TrackPointExtension>
</extensions>
</trkpt>
<trkpt lat="57.87367187" lon="18.96988906">
<ele>36.6</ele>
<time>2023-07-13T08:39:32Z</time>
<extensions>
<tp1:TrackPointExtension>
<tp1:hr>150</tp1:hr>
</tp1:TrackPointExtension>
</extensions>
</trkpt>
<trkpt lat="57.87369962" lon="18.96967792">
<ele>36.4</ele>
<time>2023-07-13T08:39:36Z</time>
<extensions>
<tp1:TrackPointExtension>
<tp1:hr>150</tp1:hr>
</tp1:TrackPointExtension>
</extensions>
</trkpt>
<trkpt lat="57.87375452" lon="18.96941347">
<ele>36.0</ele>
<time>2023-07-13T08:39:41Z</time>
<extensions>
<tp1:TrackPointExtension>
<tp1:hr>150</tp1:hr>
</tp1:TrackPointExtension>
</extensions>
</trkpt>
<trkpt lat="57.87383633" lon="18.96913838">
<ele>35.8</ele>
<time>2023-07-13T08:39:46Z</time>
<extensions>
<tp1:TrackPointExtension>
<tp1:hr>151</tp1:hr>
</tp1:TrackPointExtension>
</extensions>
</trkpt>
<trkpt lat="57.87390598" lon="18.96897074">
<ele>35.5</ele>
<time>2023-07-13T08:39:51Z</time>
<extensions>
<tp1:TrackPointExtension>
<tp1:hr>151</tp1:hr>
</tp1:TrackPointExtension>
</extensions>
</trkpt>
<trkpt lat="57.87400547" lon="18.96873445">
<ele>35.1</ele>
<time>2023-07-13T08:39:56Z</time>
<extensions>
<tp1:TrackPointExtension>
<tp1:hr>152</tp1:hr>
</tp1:TrackPointExtension>
</extensions>
</trkpt>
<trkpt lat="57.8740235" lon="18.96868743">
<ele>35.1</ele>
<time>2023-07-13T08:39:57Z</time>
<extensions>
<tp1:TrackPointExtension>
<tp1:hr>153</tp1:hr>
</tp1:TrackPointExtension>
</extensions>
</trkpt>
<trkpt lat="57.87414411" lon="18.96853236">
<ele>34.9</ele>
<time>2023-07-13T08:40:01Z</time>
<extensions>
<tp1:TrackPointExtension>
<tp1:hr>154</tp1:hr>
</tp1:TrackPointExtension>
</extensions>
</trkpt>
<trkpt lat="57.87422684" lon="18.96841167">
<ele>34.7</ele>
<time>2023-07-13T08:40:04Z</time>
<extensions>
<tp1:TrackPointExtension>
<tp1:hr>151</tp1:hr>
</tp1:TrackPointExtension>
</extensions>
</trkpt>
<trkpt lat="57.87427068" lon="18.96833824">
<ele>34.7</ele>
<time>2023-07-13T08:40:06Z</time>
<extensions>
<tp1:TrackPointExtension>
<tp1:hr>153</tp1:hr>
</tp1:TrackPointExtension>
</extensions>
</trkpt>
<trkpt lat="57.8744068" lon="18.96814328">
<ele>34.5</ele>
<time>2023-07-13T08:40:11Z</time>
<extensions>
<tp1:TrackPointExtension>
<tp1:hr>153</tp1:hr>
</tp1:TrackPointExtension>
</extensions>
</trkpt>
<trkpt lat="57.87449414" lon="18.9679748">
<ele>34.3</ele>
<time>2023-07-13T08:40:15Z</time>
<extensions>
<tp1:TrackPointExtension>
<tp1:hr>152</tp1:hr>
</tp1:TrackPointExtension>
</extensions>
</trkpt>
<trkpt lat="57.87454275" lon="18.96787866">
<ele>34.1</ele>
<time>2023-07-13T08:40:17Z</time>
<extensions>
<tp1:TrackPointExtension>
<tp1:hr>153</tp1:hr>
</tp1:TrackPointExtension>
</extensions>
</trkpt>
<trkpt lat="57.87459397" lon="18.9678194">
<ele>34.1</ele>
<time>2023-07-13T08:40:19Z</time>
<extensions>
<tp1:TrackPointExtension>
<tp1:hr>154</tp1:hr>
</tp1:TrackPointExtension>
</extensions>
</trkpt>
<trkpt lat="57.87470411" lon="18.96776894">
<ele>33.9</ele>
<time>2023-07-13T08:40:23Z</time>
<extensions>
<tp1:TrackPointExtension>
<tp1:hr>154</tp1:hr>
</tp1:TrackPointExtension>
</extensions>
</trkpt>
<trkpt lat="57.87479471" lon="18.96763223">
<ele>33.7</ele>
<time>2023-07-13T08:40:27Z</time>
<extensions>
<tp1:TrackPointExtension>
<tp1:hr>155</tp1:hr>
</tp1:TrackPointExtension>
</extensions>
</trkpt>
<trkpt lat="57.87482204" lon="18.96760482">
<ele>33.7</ele>
<time>2023-07-13T08:40:28Z</time>
<extensions>
<tp1:TrackPointExtension>
<tp1:hr>154</tp1:hr>
</tp1:TrackPointExtension>
</extensions>
</trkpt>
<trkpt lat="57.87492287" lon="18.96751472">
<ele>33.5</ele>
<time>2023-07-13T08:40:31Z</time>
<extensions>
<tp1:TrackPointExtension>
<tp1:hr>155</tp1:hr>
</tp1:TrackPointExtension>
</extensions>
</trkpt>
<trkpt lat="57.87506084" lon="18.96741506">
<ele>33.2</ele>
<time>2023-07-13T08:40:36Z</time>
<extensions>
<tp1:TrackPointExtension>
<tp1:hr>155</tp1:hr>
</tp1:TrackPointExtension>
</extensions>
</trkpt>
<trkpt lat="57.87513242" lon="18.96735739">
<ele>33.0</ele>
<time>2023-07-13T08:40:39Z</time>
<extensions>
<tp1:TrackPointExtension>
<tp1:hr>153</tp1:hr>
</tp1:TrackPointExtension>
</extensions>
</trkpt>
<trkpt lat="57.8751864" lon="18.96735739">
<ele>33.0</ele>
<time>2023-07-13T08:40:41Z</time>
<extensions>
<tp1:TrackPointExtension>
<tp1:hr>155</tp1:hr>
</tp1:TrackPointExtension>
</extensions>
</trkpt>
<trkpt lat="57.87524197" lon="18.9673843">
<ele>32.8</ele>
<time>2023-07-13T08:40:43Z</time>
<extensions>
<tp1:TrackPointExtension>
<tp1:hr>152</tp1:hr>
</tp1:TrackPointExtension>
</extensions>
</trkpt>
<trkpt lat="57.87532101" lon="18.96740475">
<ele>32.6</ele>
<time>2023-07-13T08:40:45Z</time>
<extensions>
<tp1:TrackPointExtension>
<tp1:hr>153</tp1:hr>
</tp1:TrackPointExtension>
</extensions>
</trkpt>
<trkpt lat="57.87538866" lon="18.96742361">
<ele>32.6</ele>
<time>2023-07-13T08:40:48Z</time>
<extensions>
<tp1:TrackPointExtension>
<tp1:hr>151</tp1:hr>
</tp1:TrackPointExtension>
</extensions>
</trkpt>
<trkpt lat="57.87539276" lon="18.96739787">
<ele>32.4</ele>
<time>2023-07-13T08:40:49Z</time>
<extensions>
<tp1:TrackPointExtension>
<tp1:hr>152</tp1:hr>
</tp1:TrackPointExtension>
</extensions>
</trkpt>
<trkpt lat="57.87540299" lon="18.96724096">
<ele>32.2</ele>
<time>2023-07-13T08:40:52Z</time>
<extensions>
<tp1:TrackPointExtension>
<tp1:hr>155</tp1:hr>
</tp1:TrackPointExtension>
</extensions>
</trkpt>
<trkpt lat="57.87540844" lon="18.96718766">
<ele>32.2</ele>
<time>2023-07-13T08:40:53Z</time>
<extensions>
<tp1:TrackPointExtension>
<tp1:hr>155</tp1:hr>
</tp1:TrackPointExtension>
</extensions>
</trkpt>
<trkpt lat="57.87540802" lon="18.96687292">
<ele>32.0</ele>
<time>2023-07-13T08:40:58Z</time>
<extensions>
<tp1:TrackPointExtension>
<tp1:hr>157</tp1:hr>
</tp1:TrackPointExtension>
</extensions>
</trkpt>
<trkpt lat="57.87539394" lon="18.96654292">
<ele>31.6</ele>
<time>2023-07-13T08:41:03Z</time>
<extensions>
<tp1:TrackPointExtension>
<tp1:hr>158</tp1:hr>
</tp1:TrackPointExtension>
</extensions>
</trkpt>
<trkpt lat="57.87537424" lon="18.96628258">
<ele>29.2</ele>
<time>2023-07-13T08:41:07Z</time>
<extensions>
<tp1:TrackPointExtension>
<tp1:hr>157</tp1:hr>
</tp1:TrackPointExtension>
</extensions>
</trkpt>
<trkpt lat="57.87535957" lon="18.96621712">
<ele>28.2</ele>
<time>2023-07-13T08:41:08Z</time>
<extensions>
<tp1:TrackPointExtension>
<tp1:hr>157</tp1:hr>
</tp1:TrackPointExtension>
</extensions>
</trkpt>
<trkpt lat="57.87533945" lon="18.96615643">
<ele>27.6</ele>
<time>2023-07-13T08:41:09Z</time>
<extensions>
<tp1:TrackPointExtension>
<tp1:hr>158</tp1:hr>
</tp1:TrackPointExtension>
</extensions>
</trkpt>
<trkpt lat="57.87529587" lon="18.96600707">
<ele>27.4</ele>
<time>2023-07-13T08:41:12Z</time>
<extensions>
<tp1:TrackPointExtension>
<tp1:hr>157</tp1:hr>
</tp1:TrackPointExtension>
</extensions>
</trkpt>
<trkpt lat="57.87524717" lon="18.96562334">
<ele>27.8</ele>
<time>2023-07-13T08:41:17Z</time>
<extensions>
<tp1:TrackPointExtension>
<tp1:hr>153</tp1:hr>
</tp1:TrackPointExtension>
</extensions>
</trkpt>
<trkpt lat="57.87520635" lon="18.96548445">
<ele>28.8</ele>
<time>2023-07-13T08:41:19Z</time>
<extensions>
<tp1:TrackPointExtension>
<tp1:hr>152</tp1:hr>
</tp1:TrackPointExtension>
</extensions>
</trkpt>
<trkpt lat="57.87514525" lon="18.96524867">
<ele>28.3</ele>
<time>2023-07-13T08:41:22Z</time>
<extensions>
<tp1:TrackPointExtension>
<tp1:hr>151</tp1:hr>
</tp1:TrackPointExtension>
</extensions>
</trkpt>
<trkpt lat="57.87514759" lon="18.96508707">
<ele>27.7</ele>
<time>2023-07-13T08:41:26Z</time>
<extensions>
<tp1:TrackPointExtension>
<tp1:hr>150</tp1:hr>
</tp1:TrackPointExtension>
</extensions>
</trkpt>
<trkpt lat="57.87515488" lon="18.96503569">
<ele>27.1</ele>
<time>2023-07-13T08:41:27Z</time>
<extensions>
<tp1:TrackPointExtension>
<tp1:hr>150</tp1:hr>
</tp1:TrackPointExtension>
</extensions>
</trkpt>
<trkpt lat="57.87517224" lon="18.9649916">
<ele>26.5</ele>
<time>2023-07-13T08:41:28Z</time>
<extensions>
<tp1:TrackPointExtension>
<tp1:hr>150</tp1:hr>
</tp1:TrackPointExtension>
</extensions>
</trkpt>
<trkpt lat="57.87522219" lon="18.96483293">
<ele>25.7</ele>
<time>2023-07-13T08:41:32Z</time>
<extensions>
<tp1:TrackPointExtension>
<tp1:hr>148</tp1:hr>
</tp1:TrackPointExtension>
</extensions>
</trkpt>
<trkpt lat="57.87530844" lon="18.96448902">
<ele>25.7</ele>
<time>2023-07-13T08:41:39Z</time>
<extensions>
<tp1:TrackPointExtension>
<tp1:hr>150</tp1:hr>
</tp1:TrackPointExtension>
</extensions>
</trkpt>
<trkpt lat="57.8752957" lon="18.96430009">
<ele>25.7</ele>
<time>2023-07-13T08:41:43Z</time>
<extensions>
<tp1:TrackPointExtension>
<tp1:hr>150</tp1:hr>
</tp1:TrackPointExtension>
</extensions>
</trkpt>
<trkpt lat="57.87518464" lon="18.96424896">
<ele>25.7</ele>
<time>2023-07-13T08:41:47Z</time>
<extensions>
<tp1:TrackPointExtension>
<tp1:hr>148</tp1:hr>
</tp1:TrackPointExtension>
</extensions>
</trkpt>
<trkpt lat="57.87506956" lon="18.96425089">
<ele>25.7</ele>
<time>2023-07-13T08:41:51Z</time>
<extensions>
<tp1:TrackPointExtension>
<tp1:hr>153</tp1:hr>
</tp1:TrackPointExtension>
</extensions>
</trkpt>
<trkpt lat="57.87504165" lon="18.96425676">
<ele>25.7</ele>
<time>2023-07-13T08:41:52Z</time>
<extensions>
<tp1:TrackPointExtension>
<tp1:hr>153</tp1:hr>
</tp1:TrackPointExtension>
</extensions>
</trkpt>
<trkpt lat="57.8750103" lon="18.96425625">
<ele>25.7</ele>
<time>2023-07-13T08:41:53Z</time>
<extensions>
<tp1:TrackPointExtension>
<tp1:hr>153</tp1:hr>
</tp1:TrackPointExtension>
</extensions>
</trkpt>
<trkpt lat="57.87482799" lon="18.96420068">
<ele>25.5</ele>
<time>2023-07-13T08:41:58Z</time>
<extensions>
<tp1:TrackPointExtension>
<tp1:hr>151</tp1:hr>
</tp1:TrackPointExtension>
</extensions>
</trkpt>
<trkpt lat="57.87479145" lon="18.9641835">
<ele>25.5</ele>
<time>2023-07-13T08:41:59Z</time>
<extensions>
<tp1:TrackPointExtension>
<tp1:hr>151</tp1:hr>
</tp1:TrackPointExtension>
</extensions>
</trkpt>
<trkpt lat="57.87465138" lon="18.96414913">
<ele>25.5</ele>
<time>2023-07-13T08:42:04Z</time>
<extensions>
<tp1:TrackPointExtension>
<tp1:hr>151</tp1:hr>
</tp1:TrackPointExtension>
</extensions>
</trkpt>
<trkpt lat="57.87464719" lon="18.96416187">
<ele>25.4</ele>
<time>2023-07-13T08:42:05Z</time>
<extensions>
<tp1:TrackPointExtension>
<tp1:hr>151</tp1:hr>
</tp1:TrackPointExtension>
</extensions>
</trkpt>
<trkpt lat="57.87469564" lon="18.96417922">
<ele>25.4</ele>
<time>2023-07-13T08:42:06Z</time>
<extensions>
<tp1:TrackPointExtension>
<tp1:hr>150</tp1:hr>
</tp1:TrackPointExtension>
</extensions>
</trkpt>
<trkpt lat="57.87490318" lon="18.96423572">
<ele>25.4</ele>
<time>2023-07-13T08:42:11Z</time>
<extensions>
<tp1:TrackPointExtension>
<tp1:hr>149</tp1:hr>
</tp1:TrackPointExtension>
</extensions>
</trkpt>
<trkpt lat="57.87510954" lon="18.96423379">
<ele>25.4</ele>
<time>2023-07-13T08:42:16Z</time>
<extensions>
<tp1:TrackPointExtension>
<tp1:hr>148</tp1:hr>
</tp1:TrackPointExtension>
</extensions>
</trkpt>
<trkpt lat="57.87514851" lon="18.96423873">
<ele>25.4</ele>
<time>2023-07-13T08:42:17Z</time>
<extensions>
<tp1:TrackPointExtension>
<tp1:hr>148</tp1:hr>
</tp1:TrackPointExtension>
</extensions>
</trkpt>
<trkpt lat="57.87527525" lon="18.96430344">
<ele>25.6</ele>
<time>2023-07-13T08:42:20Z</time>
<extensions>
<tp1:TrackPointExtension>
<tp1:hr>148</tp1:hr>
</tp1:TrackPointExtension>
</extensions>
</trkpt>
<trkpt lat="57.87536385" lon="18.9643762">
<ele>25.6</ele>
<time>2023-07-13T08:42:22Z</time>
<extensions>
<tp1:TrackPointExtension>
<tp1:hr>149</tp1:hr>
</tp1:TrackPointExtension>
</extensions>
</trkpt>
<trkpt lat="57.87540483" lon="18.96442582">
<ele>25.6</ele>
<time>2023-07-13T08:42:23Z</time>
<extensions>
<tp1:TrackPointExtension>
<tp1:hr>149</tp1:hr>
</tp1:TrackPointExtension>
</extensions>
</trkpt>
<trkpt lat="57.87550441" lon="18.96459119">
<ele>25.6</ele>
<time>2023-07-13T08:42:26Z</time>
<extensions>
<tp1:TrackPointExtension>
<tp1:hr>150</tp1:hr>
</tp1:TrackPointExtension>
</extensions>
</trkpt>
<trkpt lat="57.87558974" lon="18.96462891">
<ele>25.6</ele>
<time>2023-07-13T08:42:28Z</time>
<extensions>
<tp1:TrackPointExtension>
<tp1:hr>150</tp1:hr>
</tp1:TrackPointExtension>
</extensions>
</trkpt>
<trkpt lat="57.87562888" lon="18.96463034">
<ele>25.6</ele>
<time>2023-07-13T08:42:29Z</time>
<extensions>
<tp1:TrackPointExtension>
<tp1:hr>150</tp1:hr>
</tp1:TrackPointExtension>
</extensions>
</trkpt>
<trkpt lat="57.87566325" lon="18.96464199">
<ele>25.6</ele>
<time>2023-07-13T08:42:30Z</time>
<extensions>
<tp1:TrackPointExtension>
<tp1:hr>150</tp1:hr>
</tp1:TrackPointExtension>
</extensions>
</trkpt>
<trkpt lat="57.87569669" lon="18.96466345">
<ele>25.4</ele>
<time>2023-07-13T08:42:32Z</time>
<extensions>
<tp1:TrackPointExtension>
<tp1:hr>150</tp1:hr>
</tp1:TrackPointExtension>
</extensions>
</trkpt>
<trkpt lat="57.87568236" lon="18.964658">
<ele>25.4</ele>
<time>2023-07-13T08:42:33Z</time>
<extensions>
<tp1:TrackPointExtension>
<tp1:hr>150</tp1:hr>
</tp1:TrackPointExtension>
</extensions>
</trkpt>
<trkpt lat="57.87551958" lon="18.96459999">
<ele>25.4</ele>
<time>2023-07-13T08:42:38Z</time>
<extensions>
<tp1:TrackPointExtension>
<tp1:hr>150</tp1:hr>
</tp1:TrackPointExtension>
</extensions>
</trkpt>
<trkpt lat="57.87535965" lon="18.9644948">
<ele>25.4</ele>
<time>2023-07-13T08:42:42Z</time>
<extensions>
<tp1:TrackPointExtension>
<tp1:hr>151</tp1:hr>
</tp1:TrackPointExtension>
</extensions>
</trkpt>
<trkpt lat="57.87516905" lon="18.96429925">
<ele>25.4</ele>
<time>2023-07-13T08:42:47Z</time>
<extensions>
<tp1:TrackPointExtension>
<tp1:hr>152</tp1:hr>
</tp1:TrackPointExtension>
</extensions>
</trkpt>
<trkpt lat="57.87512538" lon="18.96427067">
<ele>25.4</ele>
<time>2023-07-13T08:42:48Z</time>
<extensions>
<tp1:TrackPointExtension>
<tp1:hr>153</tp1:hr>
</tp1:TrackPointExtension>
</extensions>
</trkpt>
<trkpt lat="57.87503301" lon="18.96423329">
<ele>25.3</ele>
<time>2023-07-13T08:42:50Z</time>
<extensions>
<tp1:TrackPointExtension>
<tp1:hr>153</tp1:hr>
</tp1:TrackPointExtension>
</extensions>
</trkpt>
<trkpt lat="57.87494936" lon="18.96425139">
<ele>25.3</ele>
<time>2023-07-13T08:42:52Z</time>
<extensions>
<tp1:TrackPointExtension>
<tp1:hr>154</tp1:hr>
</tp1:TrackPointExtension>
</extensions>
</trkpt>
<trkpt lat="57.87486789" lon="18.96434896">
<ele>25.3</ele>
<time>2023-07-13T08:42:53Z</time>
<extensions>
<tp1:TrackPointExtension>
<tp1:hr>154</tp1:hr>
</tp1:TrackPointExtension>
</extensions>
</trkpt>
<trkpt lat="57.8748067" lon="18.96445231">
<ele>25.1</ele>
<time>2023-07-13T08:42:56Z</time>
<extensions>
<tp1:TrackPointExtension>
<tp1:hr>154</tp1:hr>
</tp1:TrackPointExtension>
</extensions>
</trkpt>
<trkpt lat="57.87471022" lon="18.964601">
<ele>25.1</ele>
<time>2023-07-13T08:42:59Z</time>
<extensions>
<tp1:TrackPointExtension>
<tp1:hr>154</tp1:hr>
</tp1:TrackPointExtension>
</extensions>
</trkpt>
<trkpt lat="57.87461165" lon="18.96474358">
<ele>25.1</ele>
<time>2023-07-13T08:43:02Z</time>
<extensions>
<tp1:TrackPointExtension>
<tp1:hr>157</tp1:hr>
</tp1:TrackPointExtension>
</extensions>
</trkpt>
<trkpt lat="57.87454041" lon="18.96484793">
<ele>25.1</ele>
<time>2023-07-13T08:43:04Z</time>
<extensions>
<tp1:TrackPointExtension>
<tp1:hr>157</tp1:hr>
</tp1:TrackPointExtension>
</extensions>
</trkpt>
<trkpt lat="57.87447" lon="18.96491935">
<ele>24.9</ele>
<time>2023-07-13T08:43:06Z</time>
<extensions>
<tp1:TrackPointExtension>
<tp1:hr>153</tp1:hr>
</tp1:TrackPointExtension>
</extensions>
</trkpt>
<trkpt lat="57.87440546" lon="18.96499822">
<ele>24.9</ele>
<time>2023-07-13T08:43:08Z</time>
<extensions>
<tp1:TrackPointExtension>
<tp1:hr>154</tp1:hr>
</tp1:TrackPointExtension>
</extensions>
</trkpt>
<trkpt lat="57.87437218" lon="18.96503418">
<ele>24.9</ele>
<time>2023-07-13T08:43:09Z</time>
<extensions>
<tp1:TrackPointExtension>
<tp1:hr>153</tp1:hr>
</tp1:TrackPointExtension>
</extensions>
</trkpt>
<trkpt lat="57.87433312" lon="18.9650496">
<ele>24.9</ele>
<time>2023-07-13T08:43:10Z</time>
<extensions>
<tp1:TrackPointExtension>
<tp1:hr>153</tp1:hr>
</tp1:TrackPointExtension>
</extensions>
</trkpt>
<trkpt lat="57.87426791" lon="18.96508975">
<ele>24.9</ele>
<time>2023-07-13T08:43:12Z</time>
<extensions>
<tp1:TrackPointExtension>
<tp1:hr>154</tp1:hr>
</tp1:TrackPointExtension>
</extensions>
</trkpt>
<trkpt lat="57.87424226" lon="18.9651278">
<ele>24.9</ele>
<time>2023-07-13T08:43:13Z</time>
<extensions>
<tp1:TrackPointExtension>
<tp1:hr>154</tp1:hr>
</tp1:TrackPointExtension>
</extensions>
</trkpt>
<trkpt lat="57.87418485" lon="18.96530617">
<ele>24.9</ele>
<time>2023-07-13T08:43:16Z</time>
<extensions>
<tp1:TrackPointExtension>
<tp1:hr>157</tp1:hr>
</tp1:TrackPointExtension>
</extensions>
</trkpt>
<trkpt lat="57.87416356" lon="18.96536501">
<ele>24.9</ele>
<time>2023-07-13T08:43:17Z</time>
<extensions>
<tp1:TrackPointExtension>
<tp1:hr>158</tp1:hr>
</tp1:TrackPointExtension>
</extensions>
</trkpt>
<trkpt lat="57.8741369" lon="18.9654143">
<ele>24.9</ele>
<time>2023-07-13T08:43:18Z</time>
<extensions>
<tp1:TrackPointExtension>
<tp1:hr>157</tp1:hr>
</tp1:TrackPointExtension>
</extensions>
</trkpt>
<trkpt lat="57.87410472" lon="18.9654604">
<ele>24.9</ele>
<time>2023-07-13T08:43:19Z</time>
<extensions>
<tp1:TrackPointExtension>
<tp1:hr>158</tp1:hr>
</tp1:TrackPointExtension>
</extensions>
</trkpt>
<trkpt lat="57.87404755" lon="18.96555285">
<ele>24.9</ele>
<time>2023-07-13T08:43:21Z</time>
<extensions>
<tp1:TrackPointExtension>
<tp1:hr>157</tp1:hr>
</tp1:TrackPointExtension>
</extensions>
</trkpt>
<trkpt lat="57.8740266" lon="18.96560473">
<ele>24.9</ele>
<time>2023-07-13T08:43:22Z</time>
<extensions>
<tp1:TrackPointExtension>
<tp1:hr>155</tp1:hr>
</tp1:TrackPointExtension>
</extensions>
</trkpt>
<trkpt lat="57.87392333" lon="18.96587404">
<ele>24.9</ele>
<time>2023-07-13T08:43:28Z</time>
<extensions>
<tp1:TrackPointExtension>
<tp1:hr>158</tp1:hr>
</tp1:TrackPointExtension>
</extensions>
</trkpt>
<trkpt lat="57.8739183" lon="18.96592668">
<ele>24.9</ele>
<time>2023-07-13T08:43:29Z</time>
<extensions>
<tp1:TrackPointExtension>
<tp1:hr>159</tp1:hr>
</tp1:TrackPointExtension>
</extensions>
</trkpt>
<trkpt lat="57.87392023" lon="18.96603389">
<ele>24.9</ele>
<time>2023-07-13T08:43:31Z</time>
<extensions>
<tp1:TrackPointExtension>
<tp1:hr>158</tp1:hr>
</tp1:TrackPointExtension>
</extensions>
</trkpt>
<trkpt lat="57.87390824" lon="18.96608359">
<ele>24.9</ele>
<time>2023-07-13T08:43:32Z</time>
<extensions>
<tp1:TrackPointExtension>
<tp1:hr>158</tp1:hr>
</tp1:TrackPointExtension>
</extensions>
</trkpt>
<trkpt lat="57.87385158" lon="18.9662483">
<ele>24.8</ele>
<time>2023-07-13T08:43:35Z</time>
<extensions>
<tp1:TrackPointExtension>
<tp1:hr>157</tp1:hr>
</tp1:TrackPointExtension>
</extensions>
</trkpt>
<trkpt lat="57.87379291" lon="18.96635936">
<ele>24.8</ele>
<time>2023-07-13T08:43:37Z</time>
<extensions>
<tp1:TrackPointExtension>
<tp1:hr>157</tp1:hr>
</tp1:TrackPointExtension>
</extensions>
</trkpt>
<trkpt lat="57.87374061" lon="18.96645642">
<ele>24.8</ele>
<time>2023-07-13T08:43:39Z</time>
<extensions>
<tp1:TrackPointExtension>
<tp1:hr>156</tp1:hr>
</tp1:TrackPointExtension>
</extensions>
</trkpt>
<trkpt lat="57.87362745" lon="18.9666347">
<ele>24.8</ele>
<time>2023-07-13T08:43:43Z</time>
<extensions>
<tp1:TrackPointExtension>
<tp1:hr>159</tp1:hr>
</tp1:TrackPointExtension>
</extensions>
</trkpt>
<trkpt lat="57.87359987" lon="18.96667284">
<ele>24.8</ele>
<time>2023-07-13T08:43:44Z</time>
<extensions>
<tp1:TrackPointExtension>
<tp1:hr>160</tp1:hr>
</tp1:TrackPointExtension>
</extensions>
</trkpt>
<trkpt lat="57.87352896" lon="18.96682858">
<ele>24.8</ele>
<time>2023-07-13T08:43:47Z</time>
<extensions>
<tp1:TrackPointExtension>
<tp1:hr>159</tp1:hr>
</tp1:TrackPointExtension>
</extensions>
</trkpt>
<trkpt lat="57.87346694" lon="18.96691742">
<ele>24.8</ele>
<time>2023-07-13T08:43:49Z</time>
<extensions>
<tp1:TrackPointExtension>
<tp1:hr>159</tp1:hr>
</tp1:TrackPointExtension>
</extensions>
</trkpt>
<trkpt lat="57.87339133" lon="18.96713217">
<ele>24.8</ele>
<time>2023-07-13T08:43:53Z</time>
<extensions>
<tp1:TrackPointExtension>
<tp1:hr>158</tp1:hr>
</tp1:TrackPointExtension>
</extensions>
</trkpt>
<trkpt lat="57.8732765" lon="18.96746166">
<ele>24.8</ele>
<time>2023-07-13T08:43:59Z</time>
<extensions>
<tp1:TrackPointExtension>
<tp1:hr>160</tp1:hr>
</tp1:TrackPointExtension>
</extensions>
</trkpt>
<trkpt lat="57.87313367" lon="18.96745462">
<ele>24.8</ele>
<time>2023-07-13T08:44:03Z</time>
<extensions>
<tp1:TrackPointExtension>
<tp1:hr>161</tp1:hr>
</tp1:TrackPointExtension>
</extensions>
</trkpt>
<trkpt lat="57.87303519" lon="18.96747876">
<ele>24.8</ele>
<time>2023-07-13T08:44:06Z</time>
<extensions>
<tp1:TrackPointExtension>
<tp1:hr>164</tp1:hr>
</tp1:TrackPointExtension>
</extensions>
</trkpt>
<trkpt lat="57.87297785" lon="18.96754866">
<ele>24.8</ele>
<time>2023-07-13T08:44:08Z</time>
<extensions>
<tp1:TrackPointExtension>
<tp1:hr>162</tp1:hr>
</tp1:TrackPointExtension>
</extensions>
</trkpt>
<trkpt lat="57.87286688" lon="18.96762712">
<ele>24.8</ele>
<time>2023-07-13T08:44:12Z</time>
<extensions>
<tp1:TrackPointExtension>
<tp1:hr>160</tp1:hr>
</tp1:TrackPointExtension>
</extensions>
</trkpt>
<trkpt lat="57.87277459" lon="18.9677821">
<ele>24.8</ele>
<time>2023-07-13T08:44:16Z</time>
<extensions>
<tp1:TrackPointExtension>
<tp1:hr>160</tp1:hr>
</tp1:TrackPointExtension>
</extensions>
</trkpt>
<trkpt lat="57.87263939" lon="18.96791629">
<ele>24.7</ele>
<time>2023-07-13T08:44:21Z</time>
<extensions>
<tp1:TrackPointExtension>
<tp1:hr>160</tp1:hr>
</tp1:TrackPointExtension>
</extensions>
</trkpt>
<trkpt lat="57.87257871" lon="18.9681411">
<ele>24.7</ele>
<time>2023-07-13T08:44:25Z</time>
<extensions>
<tp1:TrackPointExtension>
<tp1:hr>161</tp1:hr>
</tp1:TrackPointExtension>
</extensions>
</trkpt>
<trkpt lat="57.87252632" lon="18.96843907">
<ele>24.7</ele>
<time>2023-07-13T08:44:31Z</time>
<extensions>
<tp1:TrackPointExtension>
<tp1:hr>161</tp1:hr>
</tp1:TrackPointExtension>
</extensions>
</trkpt>
<trkpt lat="57.87250679" lon="18.9684747">
<ele>24.7</ele>
<time>2023-07-13T08:44:32Z</time>
<extensions>
<tp1:TrackPointExtension>
<tp1:hr>161</tp1:hr>
</tp1:TrackPointExtension>
</extensions>
</trkpt>
<trkpt lat="57.8724881" lon="18.96851091">
<ele>24.7</ele>
<time>2023-07-13T08:44:33Z</time>
<extensions>
<tp1:TrackPointExtension>
<tp1:hr>161</tp1:hr>
</tp1:TrackPointExtension>
</extensions>
</trkpt>
<trkpt lat="57.87237695" lon="18.96858383">
<ele>24.7</ele>
<time>2023-07-13T08:44:37Z</time>
<extensions>
<tp1:TrackPointExtension>
<tp1:hr>161</tp1:hr>
</tp1:TrackPointExtension>
</extensions>
</trkpt>
<trkpt lat="57.87223304" lon="18.96872448">
<ele>24.7</ele>
<time>2023-07-13T08:44:42Z</time>
<extensions>
<tp1:TrackPointExtension>
<tp1:hr>158</tp1:hr>
</tp1:TrackPointExtension>
</extensions>
</trkpt>
<trkpt lat="57.87220093" lon="18.96875566">
<ele>24.7</ele>
<time>2023-07-13T08:44:43Z</time>
<extensions>
<tp1:TrackPointExtension>
<tp1:hr>158</tp1:hr>
</tp1:TrackPointExtension>
</extensions>
</trkpt>
<trkpt lat="57.87203464" lon="18.96887384">
<ele>24.7</ele>
<time>2023-07-13T08:44:48Z</time>
<extensions>
<tp1:TrackPointExtension>
<tp1:hr>158</tp1:hr>
</tp1:TrackPointExtension>
</extensions>
</trkpt>
<trkpt lat="57.87190539" lon="18.96891315">
<ele>24.7</ele>
<time>2023-07-13T08:44:52Z</time>
<extensions>
<tp1:TrackPointExtension>
<tp1:hr>162</tp1:hr>
</tp1:TrackPointExtension>
</extensions>
</trkpt>
<trkpt lat="57.8717468" lon="18.96881551">
<ele>24.7</ele>
<time>2023-07-13T08:44:56Z</time>
<extensions>
<tp1:TrackPointExtension>
<tp1:hr>160</tp1:hr>
</tp1:TrackPointExtension>
</extensions>
</trkpt>
<trkpt lat="57.87157363" lon="18.96881584">
<ele>24.7</ele>
<time>2023-07-13T08:45:00Z</time>
<extensions>
<tp1:TrackPointExtension>
<tp1:hr>157</tp1:hr>
</tp1:TrackPointExtension>
</extensions>
</trkpt>
<trkpt lat="57.87141496" lon="18.96892279">
<ele>24.6</ele>
<time>2023-07-13T08:45:05Z</time>
<extensions>
<tp1:TrackPointExtension>
<tp1:hr>157</tp1:hr>
</tp1:TrackPointExtension>
</extensions>
</trkpt>
<trkpt lat="57.87134682" lon="18.96911893">
<ele>24.8</ele>
<time>2023-07-13T08:45:09Z</time>
<extensions>
<tp1:TrackPointExtension>
<tp1:hr>157</tp1:hr>
</tp1:TrackPointExtension>
</extensions>
</trkpt>
<trkpt lat="57.87124112" lon="18.96936083">
<ele>24.8</ele>
<time>2023-07-13T08:45:14Z</time>
<extensions>
<tp1:TrackPointExtension>
<tp1:hr>155</tp1:hr>
</tp1:TrackPointExtension>
</extensions>
</trkpt>
<trkpt lat="57.87121723" lon="18.96940299">
<ele>24.8</ele>
<time>2023-07-13T08:45:15Z</time>
<extensions>
<tp1:TrackPointExtension>
<tp1:hr>159</tp1:hr>
</tp1:TrackPointExtension>
</extensions>
</trkpt>
<trkpt lat="57.87112445" lon="18.9695848">
<ele>24.8</ele>
<time>2023-07-13T08:45:19Z</time>
<extensions>
<tp1:TrackPointExtension>
<tp1:hr>159</tp1:hr>
</tp1:TrackPointExtension>
</extensions>
</trkpt>
<trkpt lat="57.87103409" lon="18.96993172">
<ele>24.8</ele>
<time>2023-07-13T08:45:24Z</time>
<extensions>
<tp1:TrackPointExtension>
<tp1:hr>159</tp1:hr>
</tp1:TrackPointExtension>
</extensions>
</trkpt>
<trkpt lat="57.87091842" lon="18.9702017">
<ele>25.0</ele>
<time>2023-07-13T08:45:29Z</time>
<extensions>
<tp1:TrackPointExtension>
<tp1:hr>159</tp1:hr>
</tp1:TrackPointExtension>
</extensions>
</trkpt>
<trkpt lat="57.87074961" lon="18.97043539">
<ele>25.0</ele>
<time>2023-07-13T08:45:34Z</time>
<extensions>
<tp1:TrackPointExtension>
<tp1:hr>159</tp1:hr>
</tp1:TrackPointExtension>
</extensions>
</trkpt>
<trkpt lat="57.87062254" lon="18.97061569">
<ele>25.2</ele>
<time>2023-07-13T08:45:38Z</time>
<extensions>
<tp1:TrackPointExtension>
<tp1:hr>159</tp1:hr>
</tp1:TrackPointExtension>
</extensions>
</trkpt>
<trkpt lat="57.87051592" lon="18.9707166">
<ele>25.2</ele>
<time>2023-07-13T08:45:41Z</time>
<extensions>
<tp1:TrackPointExtension>
<tp1:hr>160</tp1:hr>
</tp1:TrackPointExtension>
</extensions>
</trkpt>
<trkpt lat="57.87033655" lon="18.97078735">
<ele>25.2</ele>
<time>2023-07-13T08:45:46Z</time>
<extensions>
<tp1:TrackPointExtension>
<tp1:hr>160</tp1:hr>
</tp1:TrackPointExtension>
</extensions>
</trkpt>
<trkpt lat="57.87027997" lon="18.97083689">
<ele>25.1</ele>
<time>2023-07-13T08:45:48Z</time>
<extensions>
<tp1:TrackPointExtension>
<tp1:hr>160</tp1:hr>
</tp1:TrackPointExtension>
</extensions>
</trkpt>
<trkpt lat="57.87015265" lon="18.9709409">
<ele>25.1</ele>
<time>2023-07-13T08:45:53Z</time>
<extensions>
<tp1:TrackPointExtension>
<tp1:hr>161</tp1:hr>
</tp1:TrackPointExtension>
</extensions>
</trkpt>
<trkpt lat="57.87012868" lon="18.97093705">
<ele>25.1</ele>
<time>2023-07-13T08:45:54Z</time>
<extensions>
<tp1:TrackPointExtension>
<tp1:hr>159</tp1:hr>
</tp1:TrackPointExtension>
</extensions>
</trkpt>
<trkpt lat="57.87005902" lon="18.97083672">
<ele>25.1</ele>
<time>2023-07-13T08:45:57Z</time>
<extensions>
<tp1:TrackPointExtension>
<tp1:hr>162</tp1:hr>
</tp1:TrackPointExtension>
</extensions>
</trkpt>
<trkpt lat="57.86997235" lon="18.97072993">
<ele>25.1</ele>
<time>2023-07-13T08:46:01Z</time>
<extensions>
<tp1:TrackPointExtension>
<tp1:hr>165</tp1:hr>
</tp1:TrackPointExtension>
</extensions>
</trkpt>
<trkpt lat="57.86989801" lon="18.97064092">
<ele>25.1</ele>
<time>2023-07-13T08:46:04Z</time>
<extensions>
<tp1:TrackPointExtension>
<tp1:hr>166</tp1:hr>
</tp1:TrackPointExtension>
</extensions>
</trkpt>
<trkpt lat="57.86972618" lon="18.97056053">
<ele>25.1</ele>
<time>2023-07-13T08:46:10Z</time>
<extensions>
<tp1:TrackPointExtension>
<tp1:hr>163</tp1:hr>
</tp1:TrackPointExtension>
</extensions>
</trkpt>
<trkpt lat="57.86961218" lon="18.97050287">
<ele>25.3</ele>
<time>2023-07-13T08:46:15Z</time>
<extensions>
<tp1:TrackPointExtension>
<tp1:hr>161</tp1:hr>
</tp1:TrackPointExtension>
</extensions>
</trkpt>
<trkpt lat="57.86948218" lon="18.97052206">
<ele>25.3</ele>
<time>2023-07-13T08:46:19Z</time>
<extensions>
<tp1:TrackPointExtension>
<tp1:hr>162</tp1:hr>
</tp1:TrackPointExtension>
</extensions>
</trkpt>
<trkpt lat="57.86940808" lon="18.97049842">
<ele>25.3</ele>
<time>2023-07-13T08:46:22Z</time>
<extensions>
<tp1:TrackPointExtension>
<tp1:hr>165</tp1:hr>
</tp1:TrackPointExtension>
</extensions>
</trkpt>
<trkpt lat="57.86936659" lon="18.97046171">
<ele>25.3</ele>
<time>2023-07-13T08:46:24Z</time>
<extensions>
<tp1:TrackPointExtension>
<tp1:hr>166</tp1:hr>
</tp1:TrackPointExtension>
</extensions>
</trkpt>
<trkpt lat="57.86924757" lon="18.97043631">
<ele>25.3</ele>
<time>2023-07-13T08:46:29Z</time>
<extensions>
<tp1:TrackPointExtension>
<tp1:hr>167</tp1:hr>
</tp1:TrackPointExtension>
</extensions>
</trkpt>
<trkpt lat="57.86911639" lon="18.97048937">
<ele>25.0</ele>
<time>2023-07-13T08:46:34Z</time>
<extensions>
<tp1:TrackPointExtension>
<tp1:hr>166</tp1:hr>
</tp1:TrackPointExtension>
</extensions>
</trkpt>
<trkpt lat="57.86909175" lon="18.97047755">
<ele>25.0</ele>
<time>2023-07-13T08:46:35Z</time>
<extensions>
<tp1:TrackPointExtension>
<tp1:hr>166</tp1:hr>
</tp1:TrackPointExtension>
</extensions>
</trkpt>
<trkpt lat="57.86903962" lon="18.97048996">
<ele>25.0</ele>
<time>2023-07-13T08:46:39Z</time>
<extensions>
<tp1:TrackPointExtension>
<tp1:hr>162</tp1:hr>
</tp1:TrackPointExtension>
</extensions>
</trkpt>
<trkpt lat="57.86902755" lon="18.97051125">
<ele>25.0</ele>
<time>2023-07-13T08:46:40Z</time>
<extensions>
<tp1:TrackPointExtension>
<tp1:hr>162</tp1:hr>
</tp1:TrackPointExtension>
</extensions>
</trkpt>
<trkpt lat="57.8690822" lon="18.97049574">
<ele>25.0</ele>
<time>2023-07-13T08:46:45Z</time>
<extensions>
<tp1:TrackPointExtension>
<tp1:hr>161</tp1:hr>
</tp1:TrackPointExtension>
</extensions>
</trkpt>
<trkpt lat="57.86912151" lon="18.97046146">
<ele>25.0</ele>
<time>2023-07-13T08:46:47Z</time>
<extensions>
<tp1:TrackPointExtension>
<tp1:hr>160</tp1:hr>
</tp1:TrackPointExtension>
</extensions>
</trkpt>
<trkpt lat="57.86913852" lon="18.97041033">
<ele>25.0</ele>
<time>2023-07-13T08:46:49Z</time>
<extensions>
<tp1:TrackPointExtension>
<tp1:hr>159</tp1:hr>
</tp1:TrackPointExtension>
</extensions>
</trkpt>
<trkpt lat="57.86918337" lon="18.97028209">
<ele>25.0</ele>
<time>2023-07-13T08:46:54Z</time>
<extensions>
<tp1:TrackPointExtension>
<tp1:hr>158</tp1:hr>
</tp1:TrackPointExtension>
</extensions>
</trkpt>
<trkpt lat="57.86923206" lon="18.97018829">
<ele>24.8</ele>
<time>2023-07-13T08:46:59Z</time>
<extensions>
<tp1:TrackPointExtension>
<tp1:hr>159</tp1:hr>
</tp1:TrackPointExtension>
</extensions>
</trkpt>
<trkpt lat="57.86927196" lon="18.97010456">
<ele>24.8</ele>
<time>2023-07-13T08:47:04Z</time>
<extensions>
<tp1:TrackPointExtension>
<tp1:hr>156</tp1:hr>
</tp1:TrackPointExtension>
</extensions>
</trkpt>
<trkpt lat="57.86928202" lon="18.97009023">
<ele>24.8</ele>
<time>2023-07-13T08:47:05Z</time>
<extensions>
<tp1:TrackPointExtension>
<tp1:hr>156</tp1:hr>
</tp1:TrackPointExtension>
</extensions>
</trkpt>
<trkpt lat="57.86935813" lon="18.96994782">
<ele>24.8</ele>
<time>2023-07-13T08:47:10Z</time>
<extensions>
<tp1:TrackPointExtension>
<tp1:hr>154</tp1:hr>
</tp1:TrackPointExtension>
</extensions>
</trkpt>
<trkpt lat="57.86952518" lon="18.96978068">
<ele>24.8</ele>
<time>2023-07-13T08:47:16Z</time>
<extensions>
<tp1:TrackPointExtension>
<tp1:hr>154</tp1:hr>
</tp1:TrackPointExtension>
</extensions>
</trkpt>
<trkpt lat="57.86956944" lon="18.96966602">
<ele>24.7</ele>
<time>2023-07-13T08:47:18Z</time>
<extensions>
<tp1:TrackPointExtension>
<tp1:hr>155</tp1:hr>
</tp1:TrackPointExtension>
</extensions>
</trkpt>
<trkpt lat="57.86957421" lon="18.96961958">
<ele>24.5</ele>
<time>2023-07-13T08:47:19Z</time>
<extensions>
<tp1:TrackPointExtension>
<tp1:hr>157</tp1:hr>
</tp1:TrackPointExtension>
</extensions>
</trkpt>
<trkpt lat="57.86957396" lon="18.96954834">
<ele>24.5</ele>
<time>2023-07-13T08:47:22Z</time>
<extensions>
<tp1:TrackPointExtension>
<tp1:hr>161</tp1:hr>
</tp1:TrackPointExtension>
</extensions>
</trkpt>
<trkpt lat="57.86956566" lon="18.96953694">
<ele>24.5</ele>
<time>2023-07-13T08:47:23Z</time>
<extensions>
<tp1:TrackPointExtension>
<tp1:hr>162</tp1:hr>
</tp1:TrackPointExtension>
</extensions>
</trkpt>
<trkpt lat="57.8695598" lon="18.96952428">
<ele>24.5</ele>
<time>2023-07-13T08:47:24Z</time>
<extensions>
<tp1:TrackPointExtension>
<tp1:hr>163</tp1:hr>
</tp1:TrackPointExtension>
</extensions>
</trkpt>
<trkpt lat="57.86953624" lon="18.96947751">
<ele>24.5</ele>
<time>2023-07-13T08:47:26Z</time>
<extensions>
<tp1:TrackPointExtension>
<tp1:hr>158</tp1:hr>
</tp1:TrackPointExtension>
</extensions>
</trkpt>
<trkpt lat="57.86951613" lon="18.96943183">
<ele>24.5</ele>
<time>2023-07-13T08:47:28Z</time>
<extensions>
<tp1:TrackPointExtension>
<tp1:hr>155</tp1:hr>
</tp1:TrackPointExtension>
</extensions>
</trkpt>
<trkpt lat="57.86949676" lon="18.96939159">
<ele>24.5</ele>
<time>2023-07-13T08:47:30Z</time>
<extensions>
<tp1:TrackPointExtension>
<tp1:hr>153</tp1:hr>
</tp1:TrackPointExtension>
</extensions>
</trkpt>
<trkpt lat="57.86947053" lon="18.96933334">
<ele>24.3</ele>
<time>2023-07-13T08:47:35Z</time>
<extensions>
<tp1:TrackPointExtension>
<tp1:hr>151</tp1:hr>
</tp1:TrackPointExtension>
</extensions>
</trkpt>
<trkpt lat="57.86947212" lon="18.96935589">
<ele>24.3</ele>
<time>2023-07-13T08:47:36Z</time>
<extensions>
<tp1:TrackPointExtension>
<tp1:hr>150</tp1:hr>
</tp1:TrackPointExtension>
</extensions>
</trkpt>
<trkpt lat="57.8695116" lon="18.96953124">
<ele>24.3</ele>
<time>2023-07-13T08:47:40Z</time>
<extensions>
<tp1:TrackPointExtension>
<tp1:hr>149</tp1:hr>
</tp1:TrackPointExtension>
</extensions>
</trkpt>
<trkpt lat="57.86953616" lon="18.96978311">
<ele>24.3</ele>
<time>2023-07-13T08:47:44Z</time>
<extensions>
<tp1:TrackPointExtension>
<tp1:hr>150</tp1:hr>
</tp1:TrackPointExtension>
</extensions>
</trkpt>
<trkpt lat="57.86954261" lon="18.97005544">
<ele>24.3</ele>
<time>2023-07-13T08:47:49Z</time>
<extensions>
<tp1:TrackPointExtension>
<tp1:hr>151</tp1:hr>
</tp1:TrackPointExtension>
</extensions>
</trkpt>
<trkpt lat="57.86954982" lon="18.97016424">
<ele>24.3</ele>
<time>2023-07-13T08:47:51Z</time>
<extensions>
<tp1:TrackPointExtension>
<tp1:hr>148</tp1:hr>
</tp1:TrackPointExtension>
</extensions>
</trkpt>
<trkpt lat="57.86956541" lon="18.97029709">
<ele>24.3</ele>
<time>2023-07-13T08:47:54Z</time>
<extensions>
<tp1:TrackPointExtension>
<tp1:hr>148</tp1:hr>
</tp1:TrackPointExtension>
</extensions>
</trkpt>
<trkpt lat="57.86960992" lon="18.9705146">
<ele>24.5</ele>
<time>2023-07-13T08:47:59Z</time>
<extensions>
<tp1:TrackPointExtension>
<tp1:hr>148</tp1:hr>
</tp1:TrackPointExtension>
</extensions>
</trkpt>
<trkpt lat="57.86959777" lon="18.97069523">
<ele>24.4</ele>
<time>2023-07-13T08:48:03Z</time>
<extensions>
<tp1:TrackPointExtension>
<tp1:hr>147</tp1:hr>
</tp1:TrackPointExtension>
</extensions>
</trkpt>
<trkpt lat="57.86956516" lon="18.97086304">
<ele>24.4</ele>
<time>2023-07-13T08:48:06Z</time>
<extensions>
<tp1:TrackPointExtension>
<tp1:hr>150</tp1:hr>
</tp1:TrackPointExtension>
</extensions>
</trkpt>
<trkpt lat="57.86955485" lon="18.97089615">
<ele>24.4</ele>
<time>2023-07-13T08:48:07Z</time>
<extensions>
<tp1:TrackPointExtension>
<tp1:hr>150</tp1:hr>
</tp1:TrackPointExtension>
</extensions>
</trkpt>
<trkpt lat="57.86944874" lon="18.97094937">
<ele>24.4</ele>
<time>2023-07-13T08:48:12Z</time>
<extensions>
<tp1:TrackPointExtension>
<tp1:hr>150</tp1:hr>
</tp1:TrackPointExtension>
</extensions>
</trkpt>
<trkpt lat="57.86943558" lon="18.97095985">
<ele>24.4</ele>
<time>2023-07-13T08:48:13Z</time>
<extensions>
<tp1:TrackPointExtension>
<tp1:hr>150</tp1:hr>
</tp1:TrackPointExtension>
</extensions>
</trkpt>
<trkpt lat="57.86940515" lon="18.9710756">
<ele>24.4</ele>
<time>2023-07-13T08:48:16Z</time>
<extensions>
<tp1:TrackPointExtension>
<tp1:hr>150</tp1:hr>
</tp1:TrackPointExtension>
</extensions>
</trkpt>
<trkpt lat="57.86932242" lon="18.9712165">
<ele>24.4</ele>
<time>2023-07-13T08:48:20Z</time>
<extensions>
<tp1:TrackPointExtension>
<tp1:hr>151</tp1:hr>
</tp1:TrackPointExtension>
</extensions>
</trkpt>
<trkpt lat="57.86916677" lon="18.97135958">
<ele>24.4</ele>
<time>2023-07-13T08:48:25Z</time>
<extensions>
<tp1:TrackPointExtension>
<tp1:hr>154</tp1:hr>
</tp1:TrackPointExtension>
</extensions>
</trkpt>
<trkpt lat="57.86907247" lon="18.97138967">
<ele>24.4</ele>
<time>2023-07-13T08:48:29Z</time>
<extensions>
<tp1:TrackPointExtension>
<tp1:hr>152</tp1:hr>
</tp1:TrackPointExtension>
</extensions>
</trkpt>
<trkpt lat="57.86895839" lon="18.97156963">
<ele>24.4</ele>
<time>2023-07-13T08:48:34Z</time>
<extensions>
<tp1:TrackPointExtension>
<tp1:hr>154</tp1:hr>
</tp1:TrackPointExtension>
</extensions>
</trkpt>
<trkpt lat="57.86888564" lon="18.97193827">
<ele>24.4</ele>
<time>2023-07-13T08:48:39Z</time>
<extensions>
<tp1:TrackPointExtension>
<tp1:hr>155</tp1:hr>
</tp1:TrackPointExtension>
</extensions>
</trkpt>
<trkpt lat="57.86886577" lon="18.97201873">
<ele>24.4</ele>
<time>2023-07-13T08:48:40Z</time>
<extensions>
<tp1:TrackPointExtension>
<tp1:hr>155</tp1:hr>
</tp1:TrackPointExtension>
</extensions>
</trkpt>
<trkpt lat="57.86878942" lon="18.97225074">
<ele>24.6</ele>
<time>2023-07-13T08:48:43Z</time>
<extensions>
<tp1:TrackPointExtension>
<tp1:hr>154</tp1:hr>
</tp1:TrackPointExtension>
</extensions>
</trkpt>
<trkpt lat="57.86876888" lon="18.97232467">
<ele>24.6</ele>
<time>2023-07-13T08:48:44Z</time>
<extensions>
<tp1:TrackPointExtension>
<tp1:hr>154</tp1:hr>
</tp1:TrackPointExtension>
</extensions>
</trkpt>
<trkpt lat="57.86870451" lon="18.97265458">
<ele>24.5</ele>
<time>2023-07-13T08:48:49Z</time>
<extensions>
<tp1:TrackPointExtension>
<tp1:hr>155</tp1:hr>
</tp1:TrackPointExtension>
</extensions>
</trkpt>
<trkpt lat="57.86865757" lon="18.97293521">
<ele>24.7</ele>
<time>2023-07-13T08:48:53Z</time>
<extensions>
<tp1:TrackPointExtension>
<tp1:hr>157</tp1:hr>
</tp1:TrackPointExtension>
</extensions>
</trkpt>
<trkpt lat="57.86865396" lon="18.97314711">
<ele>24.7</ele>
<time>2023-07-13T08:48:56Z</time>
<extensions>
<tp1:TrackPointExtension>
<tp1:hr>160</tp1:hr>
</tp1:TrackPointExtension>
</extensions>
</trkpt>
<trkpt lat="57.86863913" lon="18.9732756">
<ele>24.9</ele>
<time>2023-07-13T08:48:58Z</time>
<extensions>
<tp1:TrackPointExtension>
<tp1:hr>160</tp1:hr>
</tp1:TrackPointExtension>
</extensions>
</trkpt>
<trkpt lat="57.86855606" lon="18.97356385">
<ele>25.1</ele>
<time>2023-07-13T08:49:03Z</time>
<extensions>
<tp1:TrackPointExtension>
<tp1:hr>159</tp1:hr>
</tp1:TrackPointExtension>
</extensions>
</trkpt>
<trkpt lat="57.86855833" lon="18.97361741">
<ele>25.1</ele>
<time>2023-07-13T08:49:04Z</time>
<extensions>
<tp1:TrackPointExtension>
<tp1:hr>159</tp1:hr>
</tp1:TrackPointExtension>
</extensions>
</trkpt>
<trkpt lat="57.86858783" lon="18.97370819">
<ele>25.1</ele>
<time>2023-07-13T08:49:06Z</time>
<extensions>
<tp1:TrackPointExtension>
<tp1:hr>160</tp1:hr>
</tp1:TrackPointExtension>
</extensions>
</trkpt>
<trkpt lat="57.86863251" lon="18.97397138">
<ele>25.3</ele>
<time>2023-07-13T08:49:12Z</time>
<extensions>
<tp1:TrackPointExtension>
<tp1:hr>160</tp1:hr>
</tp1:TrackPointExtension>
</extensions>
</trkpt>
<trkpt lat="57.86866997" lon="18.97419753">
<ele>25.5</ele>
<time>2023-07-13T08:49:16Z</time>
<extensions>
<tp1:TrackPointExtension>
<tp1:hr>160</tp1:hr>
</tp1:TrackPointExtension>
</extensions>
</trkpt>
<trkpt lat="57.86872311" lon="18.97444831">
<ele>25.5</ele>
<time>2023-07-13T08:49:20Z</time>
<extensions>
<tp1:TrackPointExtension>
<tp1:hr>161</tp1:hr>
</tp1:TrackPointExtension>
</extensions>
</trkpt>
<trkpt lat="57.86881473" lon="18.97474461">
<ele>25.7</ele>
<time>2023-07-13T08:49:25Z</time>
<extensions>
<tp1:TrackPointExtension>
<tp1:hr>161</tp1:hr>
</tp1:TrackPointExtension>
</extensions>
</trkpt>
<trkpt lat="57.86887516" lon="18.97500982">
<ele>25.9</ele>
<time>2023-07-13T08:49:29Z</time>
<extensions>
<tp1:TrackPointExtension>
<tp1:hr>161</tp1:hr>
</tp1:TrackPointExtension>
</extensions>
</trkpt>
<trkpt lat="57.86891129" lon="18.97526119">
<ele>26.0</ele>
<time>2023-07-13T08:49:33Z</time>
<extensions>
<tp1:TrackPointExtension>
<tp1:hr>162</tp1:hr>
</tp1:TrackPointExtension>
</extensions>
</trkpt>
<trkpt lat="57.86894213" lon="18.97561172">
<ele>26.2</ele>
<time>2023-07-13T08:49:39Z</time>
<extensions>
<tp1:TrackPointExtension>
<tp1:hr>161</tp1:hr>
</tp1:TrackPointExtension>
</extensions>
</trkpt>
<trkpt lat="57.86895127" lon="18.97578464">
<ele>26.4</ele>
<time>2023-07-13T08:49:44Z</time>
<extensions>
<tp1:TrackPointExtension>
<tp1:hr>162</tp1:hr>
</tp1:TrackPointExtension>
</extensions>
</trkpt>
<trkpt lat="57.86896192" lon="18.97602889">
<ele>26.8</ele>
<time>2023-07-13T08:49:50Z</time>
<extensions>
<tp1:TrackPointExtension>
<tp1:hr>163</tp1:hr>
</tp1:TrackPointExtension>
</extensions>
</trkpt>
<trkpt lat="57.86897063" lon="18.97606233">
<ele>27.0</ele>
<time>2023-07-13T08:49:51Z</time>
<extensions>
<tp1:TrackPointExtension>
<tp1:hr>163</tp1:hr>
</tp1:TrackPointExtension>
</extensions>
</trkpt>
<trkpt lat="57.86902595" lon="18.97616576">
<ele>27.2</ele>
<time>2023-07-13T08:49:54Z</time>
<extensions>
<tp1:TrackPointExtension>
<tp1:hr>163</tp1:hr>
</tp1:TrackPointExtension>
</extensions>
</trkpt>
<trkpt lat="57.86903802" lon="18.97638587">
<ele>27.4</ele>
<time>2023-07-13T08:49:58Z</time>
<extensions>
<tp1:TrackPointExtension>
<tp1:hr>163</tp1:hr>
</tp1:TrackPointExtension>
</extensions>
</trkpt>
<trkpt lat="57.86902478" lon="18.97648478">
<ele>27.6</ele>
<time>2023-07-13T08:50:00Z</time>
<extensions>
<tp1:TrackPointExtension>
<tp1:hr>163</tp1:hr>
</tp1:TrackPointExtension>
</extensions>
</trkpt>
<trkpt lat="57.86900936" lon="18.97663515">
<ele>27.8</ele>
<time>2023-07-13T08:50:03Z</time>
<extensions>
<tp1:TrackPointExtension>
<tp1:hr>162</tp1:hr>
</tp1:TrackPointExtension>
</extensions>
</trkpt>
<trkpt lat="57.869006" lon="18.97687814">
<ele>28.2</ele>
<time>2023-07-13T08:50:08Z</time>
<extensions>
<tp1:TrackPointExtension>
<tp1:hr>163</tp1:hr>
</tp1:TrackPointExtension>
</extensions>
</trkpt>
<trkpt lat="57.86900709" lon="18.97704461">
<ele>28.6</ele>
<time>2023-07-13T08:50:12Z</time>
<extensions>
<tp1:TrackPointExtension>
<tp1:hr>163</tp1:hr>
</tp1:TrackPointExtension>
</extensions>
</trkpt>
<trkpt lat="57.86901137" lon="18.97708098">
<ele>28.6</ele>
<time>2023-07-13T08:50:13Z</time>
<extensions>
<tp1:TrackPointExtension>
<tp1:hr>163</tp1:hr>
</tp1:TrackPointExtension>
</extensions>
</trkpt>
<trkpt lat="57.86904917" lon="18.97722951">
<ele>28.7</ele>
<time>2023-07-13T08:50:16Z</time>
<extensions>
<tp1:TrackPointExtension>
<tp1:hr>163</tp1:hr>
</tp1:TrackPointExtension>
</extensions>
</trkpt>
<trkpt lat="57.86914665" lon="18.97741743">
<ele>29.3</ele>
<time>2023-07-13T08:50:22Z</time>
<extensions>
<tp1:TrackPointExtension>
<tp1:hr>162</tp1:hr>
</tp1:TrackPointExtension>
</extensions>
</trkpt>
<trkpt lat="57.86915663" lon="18.97744803">
<ele>29.3</ele>
<time>2023-07-13T08:50:23Z</time>
<extensions>
<tp1:TrackPointExtension>
<tp1:hr>164</tp1:hr>
</tp1:TrackPointExtension>
</extensions>
</trkpt>
<trkpt lat="57.86916593" lon="18.9774642">
<ele>29.5</ele>
<time>2023-07-13T08:50:26Z</time>
<extensions>
<tp1:TrackPointExtension>
<tp1:hr>166</tp1:hr>
</tp1:TrackPointExtension>
</extensions>
</trkpt>
<trkpt lat="57.86912201" lon="18.97745683">
<ele>29.7</ele>
<time>2023-07-13T08:50:29Z</time>
<extensions>
<tp1:TrackPointExtension>
<tp1:hr>165</tp1:hr>
</tp1:TrackPointExtension>
</extensions>
</trkpt>
<trkpt lat="57.86909703" lon="18.97752045">
<ele>29.9</ele>
<time>2023-07-13T08:50:31Z</time>
<extensions>
<tp1:TrackPointExtension>
<tp1:hr>165</tp1:hr>
</tp1:TrackPointExtension>
</extensions>
</trkpt>
<trkpt lat="57.86902771" lon="18.97769588">
<ele>30.3</ele>
<time>2023-07-13T08:50:36Z</time>
<extensions>
<tp1:TrackPointExtension>
<tp1:hr>165</tp1:hr>
</tp1:TrackPointExtension>
</extensions>
</trkpt>
<trkpt lat="57.86896854" lon="18.97782756">
<ele>30.5</ele>
<time>2023-07-13T08:50:39Z</time>
<extensions>
<tp1:TrackPointExtension>
<tp1:hr>165</tp1:hr>
</tp1:TrackPointExtension>
</extensions>
</trkpt>
<trkpt lat="57.8689511" lon="18.97787282">
<ele>30.7</ele>
<time>2023-07-13T08:50:40Z</time>
<extensions>
<tp1:TrackPointExtension>
<tp1:hr>165</tp1:hr>
</tp1:TrackPointExtension>
</extensions>
</trkpt>
<trkpt lat="57.86885052" lon="18.97808413">
<ele>31.1</ele>
<time>2023-07-13T08:50:45Z</time>
<extensions>
<tp1:TrackPointExtension>
<tp1:hr>167</tp1:hr>
</tp1:TrackPointExtension>
</extensions>
</trkpt>
<trkpt lat="57.86877031" lon="18.97805672">
<ele>31.3</ele>
<time>2023-07-13T08:50:48Z</time>
<extensions>
<tp1:TrackPointExtension>
<tp1:hr>164</tp1:hr>
</tp1:TrackPointExtension>
</extensions>
</trkpt>
<trkpt lat="57.86871842" lon="18.97801364">
<ele>31.5</ele>
<time>2023-07-13T08:50:50Z</time>
<extensions>
<tp1:TrackPointExtension>
<tp1:hr>163</tp1:hr>
</tp1:TrackPointExtension>
</extensions>
</trkpt>
<trkpt lat="57.86863175" lon="18.97800551">
<ele>31.7</ele>
<time>2023-07-13T08:50:52Z</time>
<extensions>
<tp1:TrackPointExtension>
<tp1:hr>164</tp1:hr>
</tp1:TrackPointExtension>
</extensions>
</trkpt>
<trkpt lat="57.86860384" lon="18.97804348">
<ele>31.9</ele>
<time>2023-07-13T08:50:54Z</time>
<extensions>
<tp1:TrackPointExtension>
<tp1:hr>164</tp1:hr>
</tp1:TrackPointExtension>
</extensions>
</trkpt>
<trkpt lat="57.86850343" lon="18.97823425">
<ele>32.1</ele>
<time>2023-07-13T08:50:59Z</time>
<extensions>
<tp1:TrackPointExtension>
<tp1:hr>164</tp1:hr>
</tp1:TrackPointExtension>
</extensions>
</trkpt>
<trkpt lat="57.86840578" lon="18.97823249">
<ele>32.4</ele>
<time>2023-07-13T08:51:04Z</time>
<extensions>
<tp1:TrackPointExtension>
<tp1:hr>163</tp1:hr>
</tp1:TrackPointExtension>
</extensions>
</trkpt>
<trkpt lat="57.86827091" lon="18.97807826">
<ele>32.8</ele>
<time>2023-07-13T08:51:09Z</time>
<extensions>
<tp1:TrackPointExtension>
<tp1:hr>163</tp1:hr>
</tp1:TrackPointExtension>
</extensions>
</trkpt>
<trkpt lat="57.868243" lon="18.97804239">
<ele>32.8</ele>
<time>2023-07-13T08:51:10Z</time>
<extensions>
<tp1:TrackPointExtension>
<tp1:hr>163</tp1:hr>
</tp1:TrackPointExtension>
</extensions>
</trkpt>
<trkpt lat="57.86809271" lon="18.97787819">
<ele>33.2</ele>
<time>2023-07-13T08:51:15Z</time>
<extensions>
<tp1:TrackPointExtension>
<tp1:hr>163</tp1:hr>
</tp1:TrackPointExtension>
</extensions>
</trkpt>
<trkpt lat="57.8679213" lon="18.97767618">
<ele>33.4</ele>
<time>2023-07-13T08:51:20Z</time>
<extensions>
<tp1:TrackPointExtension>
<tp1:hr>161</tp1:hr>
</tp1:TrackPointExtension>
</extensions>
</trkpt>
<trkpt lat="57.86780203" lon="18.97763587">
<ele>33.6</ele>
<time>2023-07-13T08:51:24Z</time>
<extensions>
<tp1:TrackPointExtension>
<tp1:hr>163</tp1:hr>
</tp1:TrackPointExtension>
</extensions>
</trkpt>
<trkpt lat="57.86769457" lon="18.97759379">
<ele>33.8</ele>
<time>2023-07-13T08:51:28Z</time>
<extensions>
<tp1:TrackPointExtension>
<tp1:hr>163</tp1:hr>
</tp1:TrackPointExtension>
</extensions>
</trkpt>
<trkpt lat="57.8675727" lon="18.97757694">
<ele>34.0</ele>
<time>2023-07-13T08:51:32Z</time>
<extensions>
<tp1:TrackPointExtension>
<tp1:hr>160</tp1:hr>
</tp1:TrackPointExtension>
</extensions>
</trkpt>
<trkpt lat="57.86754671" lon="18.97757334">
<ele>34.0</ele>
<time>2023-07-13T08:51:33Z</time>
<extensions>
<tp1:TrackPointExtension>
<tp1:hr>161</tp1:hr>
</tp1:TrackPointExtension>
</extensions>
</trkpt>
<trkpt lat="57.86741638" lon="18.97758272">
<ele>34.2</ele>
<time>2023-07-13T08:51:38Z</time>
<extensions>
<tp1:TrackPointExtension>
<tp1:hr>160</tp1:hr>
</tp1:TrackPointExtension>
</extensions>
</trkpt>
<trkpt lat="57.86726701" lon="18.97750435">
<ele>34.4</ele>
<time>2023-07-13T08:51:43Z</time>
<extensions>
<tp1:TrackPointExtension>
<tp1:hr>161</tp1:hr>
</tp1:TrackPointExtension>
</extensions>
</trkpt>
<trkpt lat="57.86714824" lon="18.97752129">
<ele>34.5</ele>
<time>2023-07-13T08:51:47Z</time>
<extensions>
<tp1:TrackPointExtension>
<tp1:hr>159</tp1:hr>
</tp1:TrackPointExtension>
</extensions>
</trkpt>
<trkpt lat="57.86699519" lon="18.97750335">
<ele>34.7</ele>
<time>2023-07-13T08:51:52Z</time>
<extensions>
<tp1:TrackPointExtension>
<tp1:hr>160</tp1:hr>
</tp1:TrackPointExtension>
</extensions>
</trkpt>
<trkpt lat="57.86692746" lon="18.97753889">
<ele>34.7</ele>
<time>2023-07-13T08:51:54Z</time>
<extensions>
<tp1:TrackPointExtension>
<tp1:hr>161</tp1:hr>
</tp1:TrackPointExtension>
</extensions>
</trkpt>
<trkpt lat="57.86690039" lon="18.97753788">
<ele>34.7</ele>
<time>2023-07-13T08:51:55Z</time>
<extensions>
<tp1:TrackPointExtension>
<tp1:hr>164</tp1:hr>
</tp1:TrackPointExtension>
</extensions>
</trkpt>
<trkpt lat="57.86687373" lon="18.97753621">
<ele>34.7</ele>
<time>2023-07-13T08:51:56Z</time>
<extensions>
<tp1:TrackPointExtension>
<tp1:hr>164</tp1:hr>
</tp1:TrackPointExtension>
</extensions>
</trkpt>
<trkpt lat="57.8667423" lon="18.97764551">
<ele>34.9</ele>
<time>2023-07-13T08:52:02Z</time>
<extensions>
<tp1:TrackPointExtension>
<tp1:hr>163</tp1:hr>
</tp1:TrackPointExtension>
</extensions>
</trkpt>
<trkpt lat="57.86668078" lon="18.9777683">
<ele>35.1</ele>
<time>2023-07-13T08:52:06Z</time>
<extensions>
<tp1:TrackPointExtension>
<tp1:hr>160</tp1:hr>
</tp1:TrackPointExtension>
</extensions>
</trkpt>
<trkpt lat="57.86664248" lon="18.97783292">
<ele>35.1</ele>
<time>2023-07-13T08:52:07Z</time>
<extensions>
<tp1:TrackPointExtension>
<tp1:hr>160</tp1:hr>
</tp1:TrackPointExtension>
</extensions>
</trkpt>
<trkpt lat="57.86662152" lon="18.97784567">
<ele>35.1</ele>
<time>2023-07-13T08:52:08Z</time>
<extensions>
<tp1:TrackPointExtension>
<tp1:hr>163</tp1:hr>
</tp1:TrackPointExtension>
</extensions>
</trkpt>
<trkpt lat="57.86660023" lon="18.97784097">
<ele>35.1</ele>
<time>2023-07-13T08:52:10Z</time>
<extensions>
<tp1:TrackPointExtension>
<tp1:hr>163</tp1:hr>
</tp1:TrackPointExtension>
</extensions>
</trkpt>
<trkpt lat="57.86658363" lon="18.97782689">
<ele>35.1</ele>
<time>2023-07-13T08:52:11Z</time>
<extensions>
<tp1:TrackPointExtension>
<tp1:hr>163</tp1:hr>
</tp1:TrackPointExtension>
</extensions>
</trkpt>
<trkpt lat="57.86650694" lon="18.97779747">
<ele>35.3</ele>
<time>2023-07-13T08:52:15Z</time>
<extensions>
<tp1:TrackPointExtension>
<tp1:hr>163</tp1:hr>
</tp1:TrackPointExtension>
</extensions>
</trkpt>
<trkpt lat="57.86648909" lon="18.97781775">
<ele>35.3</ele>
<time>2023-07-13T08:52:16Z</time>
<extensions>
<tp1:TrackPointExtension>
<tp1:hr>163</tp1:hr>
</tp1:TrackPointExtension>
</extensions>
</trkpt>
<trkpt lat="57.86642865" lon="18.97796452">
<ele>35.3</ele>
<time>2023-07-13T08:52:22Z</time>
<extensions>
<tp1:TrackPointExtension>
<tp1:hr>163</tp1:hr>
</tp1:TrackPointExtension>
</extensions>
</trkpt>
<trkpt lat="57.8664362" lon="18.97816326">
<ele>35.5</ele>
<time>2023-07-13T08:52:26Z</time>
<extensions>
<tp1:TrackPointExtension>
<tp1:hr>162</tp1:hr>
</tp1:TrackPointExtension>
</extensions>
</trkpt>
<trkpt lat="57.86645187" lon="18.97836761">
<ele>35.4</ele>
<time>2023-07-13T08:52:30Z</time>
<extensions>
<tp1:TrackPointExtension>
<tp1:hr>162</tp1:hr>
</tp1:TrackPointExtension>
</extensions>
</trkpt>
<trkpt lat="57.8664543" lon="18.97842427">
<ele>35.6</ele>
<time>2023-07-13T08:52:33Z</time>
<extensions>
<tp1:TrackPointExtension>
<tp1:hr>161</tp1:hr>
</tp1:TrackPointExtension>
</extensions>
</trkpt>
<trkpt lat="57.8664543" lon="18.9784277">
<ele>35.6</ele>
<time>2023-07-13T08:52:34Z</time>
<extensions>
<tp1:TrackPointExtension>
<tp1:hr>161</tp1:hr>
</tp1:TrackPointExtension>
</extensions>
</trkpt>
<trkpt lat="57.86644374" lon="18.97839342">
<ele>35.6</ele>
<time>2023-07-13T08:52:36Z</time>
<extensions>
<tp1:TrackPointExtension>
<tp1:hr>161</tp1:hr>
</tp1:TrackPointExtension>
</extensions>
</trkpt>
<trkpt lat="57.86644106" lon="18.97836551">
<ele>35.6</ele>
<time>2023-07-13T08:52:37Z</time>
<extensions>
<tp1:TrackPointExtension>
<tp1:hr>161</tp1:hr>
</tp1:TrackPointExtension>
</extensions>
</trkpt>
<trkpt lat="57.8664258" lon="18.97833425">
<ele>35.6</ele>
<time>2023-07-13T08:52:39Z</time>
<extensions>
<tp1:TrackPointExtension>
<tp1:hr>163</tp1:hr>
</tp1:TrackPointExtension>
</extensions>
</trkpt>
<trkpt lat="57.8664103" lon="18.97825479">
<ele>35.8</ele>
<time>2023-07-13T08:52:41Z</time>
<extensions>
<tp1:TrackPointExtension>
<tp1:hr>160</tp1:hr>
</tp1:TrackPointExtension>
</extensions>
</trkpt>
<trkpt lat="57.866403" lon="18.97819972">
<ele>35.8</ele>
<time>2023-07-13T08:52:42Z</time>
<extensions>
<tp1:TrackPointExtension>
<tp1:hr>157</tp1:hr>
</tp1:TrackPointExtension>
</extensions>
</trkpt>
<trkpt lat="57.86639772" lon="18.97815043">
<ele>35.8</ele>
<time>2023-07-13T08:52:43Z</time>
<extensions>
<tp1:TrackPointExtension>
<tp1:hr>156</tp1:hr>
</tp1:TrackPointExtension>
</extensions>
</trkpt>
<trkpt lat="57.86634156" lon="18.97794424">
<ele>35.8</ele>
<time>2023-07-13T08:52:48Z</time>
<extensions>
<tp1:TrackPointExtension>
<tp1:hr>155</tp1:hr>
</tp1:TrackPointExtension>
</extensions>
</trkpt>
<trkpt lat="57.86633209" lon="18.97792269">
<ele>36.0</ele>
<time>2023-07-13T08:52:50Z</time>
<extensions>
<tp1:TrackPointExtension>
<tp1:hr>155</tp1:hr>
</tp1:TrackPointExtension>
</extensions>
</trkpt>
<trkpt lat="57.8663129" lon="18.97792596">
<ele>36.0</ele>
<time>2023-07-13T08:52:51Z</time>
<extensions>
<tp1:TrackPointExtension>
<tp1:hr>155</tp1:hr>
</tp1:TrackPointExtension>
</extensions>
</trkpt>
<trkpt lat="57.86628876" lon="18.97794382">
<ele>37.0</ele>
<time>2023-07-13T08:52:52Z</time>
<extensions>
<tp1:TrackPointExtension>
<tp1:hr>156</tp1:hr>
</tp1:TrackPointExtension>
</extensions>
</trkpt>
<trkpt lat="57.86623889" lon="18.97797894">
<ele>38.0</ele>
<time>2023-07-13T08:52:54Z</time>
<extensions>
<tp1:TrackPointExtension>
<tp1:hr>156</tp1:hr>
</tp1:TrackPointExtension>
</extensions>
</trkpt>
<trkpt lat="57.86618382" lon="18.9779926">
<ele>38.4</ele>
<time>2023-07-13T08:52:56Z</time>
<extensions>
<tp1:TrackPointExtension>
<tp1:hr>154</tp1:hr>
</tp1:TrackPointExtension>
</extensions>
</trkpt>
<trkpt lat="57.86616454" lon="18.97798187">
<ele>38.4</ele>
<time>2023-07-13T08:52:57Z</time>
<extensions>
<tp1:TrackPointExtension>
<tp1:hr>155</tp1:hr>
</tp1:TrackPointExtension>
</extensions>
</trkpt>
<trkpt lat="57.86611316" lon="18.97796502">
<ele>38.2</ele>
<time>2023-07-13T08:53:02Z</time>
<extensions>
<tp1:TrackPointExtension>
<tp1:hr>158</tp1:hr>
</tp1:TrackPointExtension>
</extensions>
</trkpt>
<trkpt lat="57.86608483" lon="18.97799578">
<ele>38.4</ele>
<time>2023-07-13T08:53:04Z</time>
<extensions>
<tp1:TrackPointExtension>
<tp1:hr>157</tp1:hr>
</tp1:TrackPointExtension>
</extensions>
</trkpt>
<trkpt lat="57.8660684" lon="18.97808262">
<ele>38.2</ele>
<time>2023-07-13T08:53:06Z</time>
<extensions>
<tp1:TrackPointExtension>
<tp1:hr>156</tp1:hr>
</tp1:TrackPointExtension>
</extensions>
</trkpt>
<trkpt lat="57.86607829" lon="18.97819511">
<ele>38.4</ele>
<time>2023-07-13T08:53:08Z</time>
<extensions>
<tp1:TrackPointExtension>
<tp1:hr>152</tp1:hr>
</tp1:TrackPointExtension>
</extensions>
</trkpt>
<trkpt lat="57.86610855" lon="18.97831128">
<ele>38.6</ele>
<time>2023-07-13T08:53:10Z</time>
<extensions>
<tp1:TrackPointExtension>
<tp1:hr>150</tp1:hr>
</tp1:TrackPointExtension>
</extensions>
</trkpt>
<trkpt lat="57.86615171" lon="18.97843156">
<ele>39.2</ele>
<time>2023-07-13T08:53:12Z</time>
<extensions>
<tp1:TrackPointExtension>
<tp1:hr>151</tp1:hr>
</tp1:TrackPointExtension>
</extensions>
</trkpt>
<trkpt lat="57.86617468" lon="18.97856349">
<ele>39.4</ele>
<time>2023-07-13T08:53:14Z</time>
<extensions>
<tp1:TrackPointExtension>
<tp1:hr>152</tp1:hr>
</tp1:TrackPointExtension>
</extensions>
</trkpt>
<trkpt lat="57.8661953" lon="18.97884437">
<ele>39.5</ele>
<time>2023-07-13T08:53:18Z</time>
<extensions>
<tp1:TrackPointExtension>
<tp1:hr>154</tp1:hr>
</tp1:TrackPointExtension>
</extensions>
</trkpt>
<trkpt lat="57.86618575" lon="18.97905123">
<ele>39.5</ele>
<time>2023-07-13T08:53:21Z</time>
<extensions>
<tp1:TrackPointExtension>
<tp1:hr>157</tp1:hr>
</tp1:TrackPointExtension>
</extensions>
</trkpt>
<trkpt lat="57.86617745" lon="18.97916464">
<ele>39.7</ele>
<time>2023-07-13T08:53:23Z</time>
<extensions>
<tp1:TrackPointExtension>
<tp1:hr>157</tp1:hr>
</tp1:TrackPointExtension>
</extensions>
</trkpt>
<trkpt lat="57.86618348" lon="18.97933111">
<ele>40.3</ele>
<time>2023-07-13T08:53:26Z</time>
<extensions>
<tp1:TrackPointExtension>
<tp1:hr>159</tp1:hr>
</tp1:TrackPointExtension>
</extensions>
</trkpt>
<trkpt lat="57.86618021" lon="18.97942934">
<ele>40.9</ele>
<time>2023-07-13T08:53:28Z</time>
<extensions>
<tp1:TrackPointExtension>
<tp1:hr>158</tp1:hr>
</tp1:TrackPointExtension>
</extensions>
</trkpt>
<trkpt lat="57.86618692" lon="18.97946957">
<ele>41.3</ele>
<time>2023-07-13T08:53:29Z</time>
<extensions>
<tp1:TrackPointExtension>
<tp1:hr>158</tp1:hr>
</tp1:TrackPointExtension>
</extensions>
</trkpt>
<trkpt lat="57.86620779" lon="18.97951484">
<ele>41.5</ele>
<time>2023-07-13T08:53:30Z</time>
<extensions>
<tp1:TrackPointExtension>
<tp1:hr>157</tp1:hr>
</tp1:TrackPointExtension>
</extensions>
</trkpt>
<trkpt lat="57.86622413" lon="18.9795606">
<ele>41.7</ele>
<time>2023-07-13T08:53:31Z</time>
<extensions>
<tp1:TrackPointExtension>
<tp1:hr>157</tp1:hr>
</tp1:TrackPointExtension>
</extensions>
</trkpt>
<trkpt lat="57.86624551" lon="18.97959958">
<ele>41.7</ele>
<time>2023-07-13T08:53:32Z</time>
<extensions>
<tp1:TrackPointExtension>
<tp1:hr>153</tp1:hr>
</tp1:TrackPointExtension>
</extensions>
</trkpt>
<trkpt lat="57.86635187" lon="18.97977979">
<ele>41.1</ele>
<time>2023-07-13T08:53:36Z</time>
<extensions>
<tp1:TrackPointExtension>
<tp1:hr>152</tp1:hr>
</tp1:TrackPointExtension>
</extensions>
</trkpt>
<trkpt lat="57.86639177" lon="18.97994835">
<ele>40.7</ele>
<time>2023-07-13T08:53:39Z</time>
<extensions>
<tp1:TrackPointExtension>
<tp1:hr>154</tp1:hr>
</tp1:TrackPointExtension>
</extensions>
</trkpt>
<trkpt lat="57.86640317" lon="18.98000484">
<ele>40.3</ele>
<time>2023-07-13T08:53:40Z</time>
<extensions>
<tp1:TrackPointExtension>
<tp1:hr>154</tp1:hr>
</tp1:TrackPointExtension>
</extensions>
</trkpt>
<trkpt lat="57.86642589" lon="18.98007441">
<ele>40.5</ele>
<time>2023-07-13T08:53:41Z</time>
<extensions>
<tp1:TrackPointExtension>
<tp1:hr>154</tp1:hr>
</tp1:TrackPointExtension>
</extensions>
</trkpt>
<trkpt lat="57.86647819" lon="18.98027239">
<ele>40.5</ele>
<time>2023-07-13T08:53:45Z</time>
<extensions>
<tp1:TrackPointExtension>
<tp1:hr>155</tp1:hr>
</tp1:TrackPointExtension>
</extensions>
</trkpt>
<trkpt lat="57.86660132" lon="18.98043165">
<ele>40.5</ele>
<time>2023-07-13T08:53:50Z</time>
<extensions>
<tp1:TrackPointExtension>
<tp1:hr>156</tp1:hr>
</tp1:TrackPointExtension>
</extensions>
</trkpt>
<trkpt lat="57.86673727" lon="18.98068604">
<ele>40.5</ele>
<time>2023-07-13T08:53:55Z</time>
<extensions>
<tp1:TrackPointExtension>
<tp1:hr>155</tp1:hr>
</tp1:TrackPointExtension>
</extensions>
</trkpt>
<trkpt lat="57.86675932" lon="18.98070674">
<ele>40.5</ele>
<time>2023-07-13T08:53:56Z</time>
<extensions>
<tp1:TrackPointExtension>
<tp1:hr>154</tp1:hr>
</tp1:TrackPointExtension>
</extensions>
</trkpt>
<trkpt lat="57.8668713" lon="18.98083189">
<ele>40.4</ele>
<time>2023-07-13T08:54:02Z</time>
<extensions>
<tp1:TrackPointExtension>
<tp1:hr>154</tp1:hr>
</tp1:TrackPointExtension>
</extensions>
</trkpt>
<trkpt lat="57.86694481" lon="18.98109105">
<ele>40.4</ele>
<time>2023-07-13T08:54:07Z</time>
<extensions>
<tp1:TrackPointExtension>
<tp1:hr>155</tp1:hr>
</tp1:TrackPointExtension>
</extensions>
</trkpt>
<trkpt lat="57.86702712" lon="18.98127864">
<ele>40.4</ele>
<time>2023-07-13T08:54:11Z</time>
<extensions>
<tp1:TrackPointExtension>
<tp1:hr>159</tp1:hr>
</tp1:TrackPointExtension>
</extensions>
</trkpt>
<trkpt lat="57.86704439" lon="18.98137637">
<ele>40.4</ele>
<time>2023-07-13T08:54:13Z</time>
<extensions>
<tp1:TrackPointExtension>
<tp1:hr>161</tp1:hr>
</tp1:TrackPointExtension>
</extensions>
</trkpt>
<trkpt lat="57.86707666" lon="18.98162775">
<ele>40.6</ele>
<time>2023-07-13T08:54:18Z</time>
<extensions>
<tp1:TrackPointExtension>
<tp1:hr>162</tp1:hr>
</tp1:TrackPointExtension>
</extensions>
</trkpt>
<trkpt lat="57.86713391" lon="18.98185674">
<ele>40.6</ele>
<time>2023-07-13T08:54:23Z</time>
<extensions>
<tp1:TrackPointExtension>
<tp1:hr>162</tp1:hr>
</tp1:TrackPointExtension>
</extensions>
</trkpt>
<trkpt lat="57.86718185" lon="18.98192346">
<ele>40.6</ele>
<time>2023-07-13T08:54:25Z</time>
<extensions>
<tp1:TrackPointExtension>
<tp1:hr>163</tp1:hr>
</tp1:TrackPointExtension>
</extensions>
</trkpt>
<trkpt lat="57.86724689" lon="18.98194375">
<ele>40.6</ele>
<time>2023-07-13T08:54:27Z</time>
<extensions>
<tp1:TrackPointExtension>
<tp1:hr>164</tp1:hr>
</tp1:TrackPointExtension>
</extensions>
</trkpt>
<trkpt lat="57.86735133" lon="18.98205413">
<ele>40.8</ele>
<time>2023-07-13T08:54:31Z</time>
<extensions>
<tp1:TrackPointExtension>
<tp1:hr>164</tp1:hr>
</tp1:TrackPointExtension>
</extensions>
</trkpt>
<trkpt lat="57.86741252" lon="18.98228841">
<ele>40.8</ele>
<time>2023-07-13T08:54:36Z</time>
<extensions>
<tp1:TrackPointExtension>
<tp1:hr>163</tp1:hr>
</tp1:TrackPointExtension>
</extensions>
</trkpt>
<trkpt lat="57.86745971" lon="18.98247348">
<ele>41.0</ele>
<time>2023-07-13T08:54:40Z</time>
<extensions>
<tp1:TrackPointExtension>
<tp1:hr>162</tp1:hr>
</tp1:TrackPointExtension>
</extensions>
</trkpt>
<trkpt lat="57.86750254" lon="18.98258186">
<ele>41.0</ele>
<time>2023-07-13T08:54:43Z</time>
<extensions>
<tp1:TrackPointExtension>
<tp1:hr>162</tp1:hr>
</tp1:TrackPointExtension>
</extensions>
</trkpt>
<trkpt lat="57.86752643" lon="18.98260466">
<ele>40.9</ele>
<time>2023-07-13T08:54:44Z</time>
<extensions>
<tp1:TrackPointExtension>
<tp1:hr>162</tp1:hr>
</tp1:TrackPointExtension>
</extensions>
</trkpt>
<trkpt lat="57.86763657" lon="18.98272611">
<ele>40.9</ele>
<time>2023-07-13T08:54:49Z</time>
<extensions>
<tp1:TrackPointExtension>
<tp1:hr>162</tp1:hr>
</tp1:TrackPointExtension>
</extensions>
</trkpt>
<trkpt lat="57.86768326" lon="18.98291747">
<ele>41.1</ele>
<time>2023-07-13T08:54:54Z</time>
<extensions>
<tp1:TrackPointExtension>
<tp1:hr>163</tp1:hr>
</tp1:TrackPointExtension>
</extensions>
</trkpt>
<trkpt lat="57.86775568" lon="18.98308813">
<ele>41.1</ele>
<time>2023-07-13T08:54:59Z</time>
<extensions>
<tp1:TrackPointExtension>
<tp1:hr>164</tp1:hr>
</tp1:TrackPointExtension>
</extensions>
</trkpt>
<trkpt lat="57.86776708" lon="18.98312015">
<ele>41.3</ele>
<time>2023-07-13T08:55:00Z</time>
<extensions>
<tp1:TrackPointExtension>
<tp1:hr>164</tp1:hr>
</tp1:TrackPointExtension>
</extensions>
</trkpt>
<trkpt lat="57.86778401" lon="18.98314085">
<ele>41.3</ele>
<time>2023-07-13T08:55:01Z</time>
<extensions>
<tp1:TrackPointExtension>
<tp1:hr>163</tp1:hr>
</tp1:TrackPointExtension>
</extensions>
</trkpt>
<trkpt lat="57.86784545" lon="18.98314998">
<ele>41.3</ele>
<time>2023-07-13T08:55:03Z</time>
<extensions>
<tp1:TrackPointExtension>
<tp1:hr>163</tp1:hr>
</tp1:TrackPointExtension>
</extensions>
</trkpt>
<trkpt lat="57.86797813" lon="18.98306667">
<ele>41.5</ele>
<time>2023-07-13T08:55:08Z</time>
<extensions>
<tp1:TrackPointExtension>
<tp1:hr>164</tp1:hr>
</tp1:TrackPointExtension>
</extensions>
</trkpt>
<trkpt lat="57.86799666" lon="18.98306239">
<ele>41.5</ele>
<time>2023-07-13T08:55:09Z</time>
<extensions>
<tp1:TrackPointExtension>
<tp1:hr>164</tp1:hr>
</tp1:TrackPointExtension>
</extensions>
</trkpt>
<trkpt lat="57.86801208" lon="18.98308679">
<ele>41.5</ele>
<time>2023-07-13T08:55:11Z</time>
<extensions>
<tp1:TrackPointExtension>
<tp1:hr>164</tp1:hr>
</tp1:TrackPointExtension>
</extensions>
</trkpt>
<trkpt lat="57.86792063" lon="18.9831245">
<ele>41.7</ele>
<time>2023-07-13T08:55:16Z</time>
<extensions>
<tp1:TrackPointExtension>
<tp1:hr>163</tp1:hr>
</tp1:TrackPointExtension>
</extensions>
</trkpt>
<trkpt lat="57.86777562" lon="18.9832048">
<ele>41.9</ele>
<time>2023-07-13T08:55:21Z</time>
<extensions>
<tp1:TrackPointExtension>
<tp1:hr>162</tp1:hr>
</tp1:TrackPointExtension>
</extensions>
</trkpt>
<trkpt lat="57.86764336" lon="18.98338669">
<ele>41.9</ele>
<time>2023-07-13T08:55:26Z</time>
<extensions>
<tp1:TrackPointExtension>
<tp1:hr>163</tp1:hr>
</tp1:TrackPointExtension>
</extensions>
</trkpt>
<trkpt lat="57.86744194" lon="18.98361887">
<ele>42.0</ele>
<time>2023-07-13T08:55:32Z</time>
<extensions>
<tp1:TrackPointExtension>
<tp1:hr>163</tp1:hr>
</tp1:TrackPointExtension>
</extensions>
</trkpt>
<trkpt lat="57.86736449" lon="18.98365525">
<ele>42.0</ele>
<time>2023-07-13T08:55:36Z</time>
<extensions>
<tp1:TrackPointExtension>
<tp1:hr>163</tp1:hr>
</tp1:TrackPointExtension>
</extensions>
</trkpt>
<trkpt lat="57.8673422" lon="18.98367989">
<ele>42.0</ele>
<time>2023-07-13T08:55:37Z</time>
<extensions>
<tp1:TrackPointExtension>
<tp1:hr>163</tp1:hr>
</tp1:TrackPointExtension>
</extensions>
</trkpt>
<trkpt lat="57.86721261" lon="18.98377452">
<ele>42.0</ele>
<time>2023-07-13T08:55:42Z</time>
<extensions>
<tp1:TrackPointExtension>
<tp1:hr>163</tp1:hr>
</tp1:TrackPointExtension>
</extensions>
</trkpt>
<trkpt lat="57.86713206" lon="18.98392866">
<ele>42.0</ele>
<time>2023-07-13T08:55:46Z</time>
<extensions>
<tp1:TrackPointExtension>
<tp1:hr>164</tp1:hr>
</tp1:TrackPointExtension>
</extensions>
</trkpt>
<trkpt lat="57.86710197" lon="18.98395775">
<ele>42.0</ele>
<time>2023-07-13T08:55:47Z</time>
<extensions>
<tp1:TrackPointExtension>
<tp1:hr>164</tp1:hr>
</tp1:TrackPointExtension>
</extensions>
</trkpt>
<trkpt lat="57.86695076" lon="18.98406772">
<ele>42.0</ele>
<time>2023-07-13T08:55:52Z</time>
<extensions>
<tp1:TrackPointExtension>
<tp1:hr>163</tp1:hr>
</tp1:TrackPointExtension>
</extensions>
</trkpt>
<trkpt lat="57.86675924" lon="18.98418909">
<ele>42.0</ele>
<time>2023-07-13T08:55:58Z</time>
<extensions>
<tp1:TrackPointExtension>
<tp1:hr>164</tp1:hr>
</tp1:TrackPointExtension>
</extensions>
</trkpt>
<trkpt lat="57.86662864" lon="18.98425531">
<ele>42.0</ele>
<time>2023-07-13T08:56:03Z</time>
<extensions>
<tp1:TrackPointExtension>
<tp1:hr>163</tp1:hr>
</tp1:TrackPointExtension>
</extensions>
</trkpt>
<trkpt lat="57.86652278" lon="18.98438489">
<ele>42.0</ele>
<time>2023-07-13T08:56:07Z</time>
<extensions>
<tp1:TrackPointExtension>
<tp1:hr>164</tp1:hr>
</tp1:TrackPointExtension>
</extensions>
</trkpt>
<trkpt lat="57.86638146" lon="18.98439336">
<ele>42.0</ele>
<time>2023-07-13T08:56:11Z</time>
<extensions>
<tp1:TrackPointExtension>
<tp1:hr>163</tp1:hr>
</tp1:TrackPointExtension>
</extensions>
</trkpt>
<trkpt lat="57.86622749" lon="18.98435849">
<ele>42.1</ele>
<time>2023-07-13T08:56:15Z</time>
<extensions>
<tp1:TrackPointExtension>
<tp1:hr>163</tp1:hr>
</tp1:TrackPointExtension>
</extensions>
</trkpt>
<trkpt lat="57.86618566" lon="18.98435698">
<ele>42.1</ele>
<time>2023-07-13T08:56:16Z</time>
<extensions>
<tp1:TrackPointExtension>
<tp1:hr>163</tp1:hr>
</tp1:TrackPointExtension>
</extensions>
</trkpt>
<trkpt lat="57.8659969" lon="18.98438489">
<ele>42.1</ele>
<time>2023-07-13T08:56:21Z</time>
<extensions>
<tp1:TrackPointExtension>
<tp1:hr>162</tp1:hr>
</tp1:TrackPointExtension>
</extensions>
</trkpt>
<trkpt lat="57.86583957" lon="18.98444583">
<ele>42.1</ele>
<time>2023-07-13T08:56:26Z</time>
<extensions>
<tp1:TrackPointExtension>
<tp1:hr>162</tp1:hr>
</tp1:TrackPointExtension>
</extensions>
</trkpt>
<trkpt lat="57.86563925" lon="18.98458832">
<ele>42.1</ele>
<time>2023-07-13T08:56:32Z</time>
<extensions>
<tp1:TrackPointExtension>
<tp1:hr>161</tp1:hr>
</tp1:TrackPointExtension>
</extensions>
</trkpt>
<trkpt lat="57.86558216" lon="18.98461523">
<ele>42.1</ele>
<time>2023-07-13T08:56:34Z</time>
<extensions>
<tp1:TrackPointExtension>
<tp1:hr>161</tp1:hr>
</tp1:TrackPointExtension>
</extensions>
</trkpt>
<trkpt lat="57.86551033" lon="18.98463517">
<ele>41.9</ele>
<time>2023-07-13T08:56:37Z</time>
<extensions>
<tp1:TrackPointExtension>
<tp1:hr>161</tp1:hr>
</tp1:TrackPointExtension>
</extensions>
</trkpt>
<trkpt lat="57.86537991" lon="18.9847055">
<ele>41.9</ele>
<time>2023-07-13T08:56:42Z</time>
<extensions>
<tp1:TrackPointExtension>
<tp1:hr>161</tp1:hr>
</tp1:TrackPointExtension>
</extensions>
</trkpt>
<trkpt lat="57.8652287" lon="18.9846744">
<ele>42.1</ele>
<time>2023-07-13T08:56:47Z</time>
<extensions>
<tp1:TrackPointExtension>
<tp1:hr>161</tp1:hr>
</tp1:TrackPointExtension>
</extensions>
</trkpt>
<trkpt lat="57.86503826" lon="18.98476124">
<ele>42.1</ele>
<time>2023-07-13T08:56:53Z</time>
<extensions>
<tp1:TrackPointExtension>
<tp1:hr>161</tp1:hr>
</tp1:TrackPointExtension>
</extensions>
</trkpt>
<trkpt lat="57.86489569" lon="18.98473291">
<ele>41.9</ele>
<time>2023-07-13T08:56:57Z</time>
<extensions>
<tp1:TrackPointExtension>
<tp1:hr>162</tp1:hr>
</tp1:TrackPointExtension>
</extensions>
</trkpt>
<trkpt lat="57.86473559" lon="18.98467599">
<ele>41.8</ele>
<time>2023-07-13T08:57:02Z</time>
<extensions>
<tp1:TrackPointExtension>
<tp1:hr>162</tp1:hr>
</tp1:TrackPointExtension>
</extensions>
</trkpt>
<trkpt lat="57.86468639" lon="18.98464062">
<ele>41.8</ele>
<time>2023-07-13T08:57:04Z</time>
<extensions>
<tp1:TrackPointExtension>
<tp1:hr>161</tp1:hr>
</tp1:TrackPointExtension>
</extensions>
</trkpt>
<trkpt lat="57.86464968" lon="18.98465429">
<ele>41.8</ele>
<time>2023-07-13T08:57:06Z</time>
<extensions>
<tp1:TrackPointExtension>
<tp1:hr>160</tp1:hr>
</tp1:TrackPointExtension>
</extensions>
</trkpt>
<trkpt lat="57.86455949" lon="18.98454314">
<ele>41.8</ele>
<time>2023-07-13T08:57:10Z</time>
<extensions>
<tp1:TrackPointExtension>
<tp1:hr>161</tp1:hr>
</tp1:TrackPointExtension>
</extensions>
</trkpt>
<trkpt lat="57.86450107" lon="18.98451934">
<ele>41.8</ele>
<time>2023-07-13T08:57:11Z</time>
<extensions>
<tp1:TrackPointExtension>
<tp1:hr>161</tp1:hr>
</tp1:TrackPointExtension>
</extensions>
</trkpt>
<trkpt lat="57.86447609" lon="18.98449805">
<ele>41.8</ele>
<time>2023-07-13T08:57:13Z</time>
<extensions>
<tp1:TrackPointExtension>
<tp1:hr>161</tp1:hr>
</tp1:TrackPointExtension>
</extensions>
</trkpt>
<trkpt lat="57.86445555" lon="18.98447642">
<ele>41.8</ele>
<time>2023-07-13T08:57:14Z</time>
<extensions>
<tp1:TrackPointExtension>
<tp1:hr>161</tp1:hr>
</tp1:TrackPointExtension>
</extensions>
</trkpt>
<trkpt lat="57.86432815" lon="18.98437475">
<ele>41.8</ele>
<time>2023-07-13T08:57:20Z</time>
<extensions>
<tp1:TrackPointExtension>
<tp1:hr>161</tp1:hr>
</tp1:TrackPointExtension>
</extensions>
</trkpt>
<trkpt lat="57.86413478" lon="18.98431943">
<ele>41.6</ele>
<time>2023-07-13T08:57:27Z</time>
<extensions>
<tp1:TrackPointExtension>
<tp1:hr>160</tp1:hr>
</tp1:TrackPointExtension>
</extensions>
</trkpt>
<trkpt lat="57.86397049" lon="18.98429713">
<ele>41.0</ele>
<time>2023-07-13T08:57:33Z</time>
<extensions>
<tp1:TrackPointExtension>
<tp1:hr>160</tp1:hr>
</tp1:TrackPointExtension>
</extensions>
</trkpt>
<trkpt lat="57.86382113" lon="18.98427609">
<ele>41.4</ele>
<time>2023-07-13T08:57:38Z</time>
<extensions>
<tp1:TrackPointExtension>
<tp1:hr>161</tp1:hr>
</tp1:TrackPointExtension>
</extensions>
</trkpt>
<trkpt lat="57.86378609" lon="18.98426092">
<ele>40.8</ele>
<time>2023-07-13T08:57:39Z</time>
<extensions>
<tp1:TrackPointExtension>
<tp1:hr>161</tp1:hr>
</tp1:TrackPointExtension>
</extensions>
</trkpt>
<trkpt lat="57.86367729" lon="18.98422471">
<ele>40.3</ele>
<time>2023-07-13T08:57:43Z</time>
<extensions>
<tp1:TrackPointExtension>
<tp1:hr>161</tp1:hr>
</tp1:TrackPointExtension>
</extensions>
</trkpt>
<trkpt lat="57.86351686" lon="18.98438456">
<ele>40.1</ele>
<time>2023-07-13T08:57:49Z</time>
<extensions>
<tp1:TrackPointExtension>
<tp1:hr>163</tp1:hr>
</tp1:TrackPointExtension>
</extensions>
</trkpt>
<trkpt lat="57.86333364" lon="18.98449478">
<ele>40.1</ele>
<time>2023-07-13T08:57:55Z</time>
<extensions>
<tp1:TrackPointExtension>
<tp1:hr>163</tp1:hr>
</tp1:TrackPointExtension>
</extensions>
</trkpt>
<trkpt lat="57.86315451" lon="18.98443627">
<ele>39.9</ele>
<time>2023-07-13T08:58:00Z</time>
<extensions>
<tp1:TrackPointExtension>
<tp1:hr>163</tp1:hr>
</tp1:TrackPointExtension>
</extensions>
</trkpt>
<trkpt lat="57.86299819" lon="18.98436888">
<ele>39.7</ele>
<time>2023-07-13T08:58:05Z</time>
<extensions>
<tp1:TrackPointExtension>
<tp1:hr>163</tp1:hr>
</tp1:TrackPointExtension>
</extensions>
</trkpt>
<trkpt lat="57.86297279" lon="18.9843491">
<ele>39.7</ele>
<time>2023-07-13T08:58:06Z</time>
<extensions>
<tp1:TrackPointExtension>
<tp1:hr>163</tp1:hr>
</tp1:TrackPointExtension>
</extensions>
</trkpt>
<trkpt lat="57.86291664" lon="18.98431088">
<ele>39.7</ele>
<time>2023-07-13T08:58:08Z</time>
<extensions>
<tp1:TrackPointExtension>
<tp1:hr>165</tp1:hr>
</tp1:TrackPointExtension>
</extensions>
</trkpt>
<trkpt lat="57.86285101" lon="18.98424273">
<ele>39.7</ele>
<time>2023-07-13T08:58:11Z</time>
<extensions>
<tp1:TrackPointExtension>
<tp1:hr>163</tp1:hr>
</tp1:TrackPointExtension>
</extensions>
</trkpt>
<trkpt lat="57.86276761" lon="18.98422312">
<ele>39.5</ele>
<time>2023-07-13T08:58:14Z</time>
<extensions>
<tp1:TrackPointExtension>
<tp1:hr>165</tp1:hr>
</tp1:TrackPointExtension>
</extensions>
</trkpt>
<trkpt lat="57.86273911" lon="18.98424835">
<ele>39.5</ele>
<time>2023-07-13T08:58:15Z</time>
<extensions>
<tp1:TrackPointExtension>
<tp1:hr>165</tp1:hr>
</tp1:TrackPointExtension>
</extensions>
</trkpt>
<trkpt lat="57.86259762" lon="18.98451171">
<ele>39.3</ele>
<time>2023-07-13T08:58:21Z</time>
<extensions>
<tp1:TrackPointExtension>
<tp1:hr>168</tp1:hr>
</tp1:TrackPointExtension>
</extensions>
</trkpt>
<trkpt lat="57.8625102" lon="18.98483902">
<ele>39.1</ele>
<time>2023-07-13T08:58:26Z</time>
<extensions>
<tp1:TrackPointExtension>
<tp1:hr>170</tp1:hr>
</tp1:TrackPointExtension>
</extensions>
</trkpt>
<trkpt lat="57.86249578" lon="18.98490365">
<ele>39.0</ele>
<time>2023-07-13T08:58:27Z</time>
<extensions>
<tp1:TrackPointExtension>
<tp1:hr>170</tp1:hr>
</tp1:TrackPointExtension>
</extensions>
</trkpt>
<trkpt lat="57.86247307" lon="18.98494774">
<ele>39.0</ele>
<time>2023-07-13T08:58:28Z</time>
<extensions>
<tp1:TrackPointExtension>
<tp1:hr>170</tp1:hr>
</tp1:TrackPointExtension>
</extensions>
</trkpt>
<trkpt lat="57.86240911" lon="18.98499736">
<ele>39.0</ele>
<time>2023-07-13T08:58:30Z</time>
<extensions>
<tp1:TrackPointExtension>
<tp1:hr>170</tp1:hr>
</tp1:TrackPointExtension>
</extensions>
</trkpt>
<trkpt lat="57.86234097" lon="18.98503742">
<ele>37.4</ele>
<time>2023-07-13T08:58:32Z</time>
<extensions>
<tp1:TrackPointExtension>
<tp1:hr>170</tp1:hr>
</tp1:TrackPointExtension>
</extensions>
</trkpt>
<trkpt lat="57.86228389" lon="18.98508344">
<ele>36.2</ele>
<time>2023-07-13T08:58:34Z</time>
<extensions>
<tp1:TrackPointExtension>
<tp1:hr>170</tp1:hr>
</tp1:TrackPointExtension>
</extensions>
</trkpt>
<trkpt lat="57.86222756" lon="18.98515795">
<ele>36.2</ele>
<time>2023-07-13T08:58:36Z</time>
<extensions>
<tp1:TrackPointExtension>
<tp1:hr>170</tp1:hr>
</tp1:TrackPointExtension>
</extensions>
</trkpt>
<trkpt lat="57.86214055" lon="18.98536029">
<ele>36.0</ele>
<time>2023-07-13T08:58:40Z</time>
<extensions>
<tp1:TrackPointExtension>
<tp1:hr>168</tp1:hr>
</tp1:TrackPointExtension>
</extensions>
</trkpt>
<trkpt lat="57.86198549" lon="18.98558518">
<ele>36.2</ele>
<time>2023-07-13T08:58:45Z</time>
<extensions>
<tp1:TrackPointExtension>
<tp1:hr>168</tp1:hr>
</tp1:TrackPointExtension>
</extensions>
</trkpt>
<trkpt lat="57.86187611" lon="18.98576707">
<ele>35.4</ele>
<time>2023-07-13T08:58:52Z</time>
<extensions>
<tp1:TrackPointExtension>
<tp1:hr>168</tp1:hr>
</tp1:TrackPointExtension>
</extensions>
</trkpt>
<trkpt lat="57.86184861" lon="18.98581032">
<ele>36.0</ele>
<time>2023-07-13T08:58:54Z</time>
<extensions>
<tp1:TrackPointExtension>
<tp1:hr>167</tp1:hr>
</tp1:TrackPointExtension>
</extensions>
</trkpt>
<trkpt lat="57.86180855" lon="18.98581434">
<ele>36.0</ele>
<time>2023-07-13T08:58:56Z</time>
<extensions>
<tp1:TrackPointExtension>
<tp1:hr>167</tp1:hr>
</tp1:TrackPointExtension>
</extensions>
</trkpt>
<trkpt lat="57.86171475" lon="18.98593915">
<ele>35.8</ele>
<time>2023-07-13T08:59:01Z</time>
<extensions>
<tp1:TrackPointExtension>
<tp1:hr>167</tp1:hr>
</tp1:TrackPointExtension>
</extensions>
</trkpt>
<trkpt lat="57.86167201" lon="18.98599782">
<ele>35.2</ele>
<time>2023-07-13T08:59:03Z</time>
<extensions>
<tp1:TrackPointExtension>
<tp1:hr>166</tp1:hr>
</tp1:TrackPointExtension>
</extensions>
</trkpt>
<trkpt lat="57.86161912" lon="18.9860627">
<ele>35.2</ele>
<time>2023-07-13T08:59:06Z</time>
<extensions>
<tp1:TrackPointExtension>
<tp1:hr>166</tp1:hr>
</tp1:TrackPointExtension>
</extensions>
</trkpt>
<trkpt lat="57.8614804" lon="18.98616462">
<ele>35.5</ele>
<time>2023-07-13T08:59:11Z</time>
<extensions>
<tp1:TrackPointExtension>
<tp1:hr>168</tp1:hr>
</tp1:TrackPointExtension>
</extensions>
</trkpt>
<trkpt lat="57.86134587" lon="18.9862844">
<ele>35.9</ele>
<time>2023-07-13T08:59:17Z</time>
<extensions>
<tp1:TrackPointExtension>
<tp1:hr>166</tp1:hr>
</tp1:TrackPointExtension>
</extensions>
</trkpt>
<trkpt lat="57.86132977" lon="18.98631248">
<ele>35.7</ele>
<time>2023-07-13T08:59:18Z</time>
<extensions>
<tp1:TrackPointExtension>
<tp1:hr>169</tp1:hr>
</tp1:TrackPointExtension>
</extensions>
</trkpt>
<trkpt lat="57.86130119" lon="18.98636704">
<ele>35.9</ele>
<time>2023-07-13T08:59:20Z</time>
<extensions>
<tp1:TrackPointExtension>
<tp1:hr>170</tp1:hr>
</tp1:TrackPointExtension>
</extensions>
</trkpt>
<trkpt lat="57.86127705" lon="18.98638649">
<ele>36.1</ele>
<time>2023-07-13T08:59:21Z</time>
<extensions>
<tp1:TrackPointExtension>
<tp1:hr>172</tp1:hr>
</tp1:TrackPointExtension>
</extensions>
</trkpt>
<trkpt lat="57.86121226" lon="18.98643955">
<ele>35.5</ele>
<time>2023-07-13T08:59:24Z</time>
<extensions>
<tp1:TrackPointExtension>
<tp1:hr>170</tp1:hr>
</tp1:TrackPointExtension>
</extensions>
</trkpt>
<trkpt lat="57.86118879" lon="18.98643603">
<ele>35.1</ele>
<time>2023-07-13T08:59:26Z</time>
<extensions>
<tp1:TrackPointExtension>
<tp1:hr>170</tp1:hr>
</tp1:TrackPointExtension>
</extensions>
</trkpt>
<trkpt lat="57.86117161" lon="18.9864294">
<ele>35.1</ele>
<time>2023-07-13T08:59:27Z</time>
<extensions>
<tp1:TrackPointExtension>
<tp1:hr>171</tp1:hr>
</tp1:TrackPointExtension>
</extensions>
</trkpt>
<trkpt lat="57.86113037" lon="18.98645572">
<ele>34.7</ele>
<time>2023-07-13T08:59:30Z</time>
<extensions>
<tp1:TrackPointExtension>
<tp1:hr>168</tp1:hr>
</tp1:TrackPointExtension>
</extensions>
</trkpt>
<trkpt lat="57.86112123" lon="18.98646536">
<ele>34.7</ele>
<time>2023-07-13T08:59:31Z</time>
<extensions>
<tp1:TrackPointExtension>
<tp1:hr>168</tp1:hr>
</tp1:TrackPointExtension>
</extensions>
</trkpt>
<trkpt lat="57.86110187" lon="18.98645916">
<ele>34.7</ele>
<time>2023-07-13T08:59:33Z</time>
<extensions>
<tp1:TrackPointExtension>
<tp1:hr>166</tp1:hr>
</tp1:TrackPointExtension>
</extensions>
</trkpt>
<trkpt lat="57.86108695" lon="18.98640627">
<ele>34.9</ele>
<time>2023-07-13T08:59:36Z</time>
<extensions>
<tp1:TrackPointExtension>
<tp1:hr>162</tp1:hr>
</tp1:TrackPointExtension>
</extensions>
</trkpt>
<trkpt lat="57.86113204" lon="18.98635187">
<ele>35.5</ele>
<time>2023-07-13T08:59:41Z</time>
<extensions>
<tp1:TrackPointExtension>
<tp1:hr>162</tp1:hr>
</tp1:TrackPointExtension>
</extensions>
</trkpt>
<trkpt lat="57.86121419" lon="18.98624559">
<ele>35.5</ele>
<time>2023-07-13T08:59:46Z</time>
<extensions>
<tp1:TrackPointExtension>
<tp1:hr>163</tp1:hr>
</tp1:TrackPointExtension>
</extensions>
</trkpt>
<trkpt lat="57.86123699" lon="18.98613109">
<ele>35.5</ele>
<time>2023-07-13T08:59:51Z</time>
<extensions>
<tp1:TrackPointExtension>
<tp1:hr>162</tp1:hr>
</tp1:TrackPointExtension>
</extensions>
</trkpt>
<trkpt lat="57.86124696" lon="18.98611475">
<ele>35.5</ele>
<time>2023-07-13T08:59:52Z</time>
<extensions>
<tp1:TrackPointExtension>
<tp1:hr>163</tp1:hr>
</tp1:TrackPointExtension>
</extensions>
</trkpt>
<trkpt lat="57.86122969" lon="18.98606328">
<ele>35.5</ele>
<time>2023-07-13T08:59:55Z</time>
<extensions>
<tp1:TrackPointExtension>
<tp1:hr>164</tp1:hr>
</tp1:TrackPointExtension>
</extensions>
</trkpt>
<trkpt lat="57.86122936" lon="18.98606186">
<ele>35.6</ele>
<time>2023-07-13T08:59:56Z</time>
<extensions>
<tp1:TrackPointExtension>
<tp1:hr>166</tp1:hr>
</tp1:TrackPointExtension>
</extensions>
</trkpt>
<trkpt lat="57.86126339" lon="18.98609379">
<ele>35.8</ele>
<time>2023-07-13T09:00:01Z</time>
<extensions>
<tp1:TrackPointExtension>
<tp1:hr>166</tp1:hr>
</tp1:TrackPointExtension>
</extensions>
</trkpt>
<trkpt lat="57.86129423" lon="18.98612598">
<ele>36.0</ele>
<time>2023-07-13T09:00:03Z</time>
<extensions>
<tp1:TrackPointExtension>
<tp1:hr>165</tp1:hr>
</tp1:TrackPointExtension>
</extensions>
</trkpt>
<trkpt lat="57.86133782" lon="18.98621734">
<ele>36.6</ele>
<time>2023-07-13T09:00:07Z</time>
<extensions>
<tp1:TrackPointExtension>
<tp1:hr>161</tp1:hr>
</tp1:TrackPointExtension>
</extensions>
</trkpt>
<trkpt lat="57.86133019" lon="18.98627861">
<ele>36.2</ele>
<time>2023-07-13T09:00:10Z</time>
<extensions>
<tp1:TrackPointExtension>
<tp1:hr>159</tp1:hr>
</tp1:TrackPointExtension>
</extensions>
</trkpt>
<trkpt lat="57.86134159" lon="18.98633016">
<ele>36.0</ele>
<time>2023-07-13T09:00:12Z</time>
<extensions>
<tp1:TrackPointExtension>
<tp1:hr>158</tp1:hr>
</tp1:TrackPointExtension>
</extensions>
</trkpt>
<trkpt lat="57.86141234" lon="18.98651641">
<ele>36.2</ele>
<time>2023-07-13T09:00:17Z</time>
<extensions>
<tp1:TrackPointExtension>
<tp1:hr>156</tp1:hr>
</tp1:TrackPointExtension>
</extensions>
</trkpt>
<trkpt lat="57.86146321" lon="18.98667751">
<ele>36.2</ele>
<time>2023-07-13T09:00:20Z</time>
<extensions>
<tp1:TrackPointExtension>
<tp1:hr>158</tp1:hr>
</tp1:TrackPointExtension>
</extensions>
</trkpt>
<trkpt lat="57.86147017" lon="18.98673669">
<ele>36.4</ele>
<time>2023-07-13T09:00:21Z</time>
<extensions>
<tp1:TrackPointExtension>
<tp1:hr>161</tp1:hr>
</tp1:TrackPointExtension>
</extensions>
</trkpt>
<trkpt lat="57.86147227" lon="18.98680064">
<ele>36.4</ele>
<time>2023-07-13T09:00:22Z</time>
<extensions>
<tp1:TrackPointExtension>
<tp1:hr>161</tp1:hr>
</tp1:TrackPointExtension>
</extensions>
</trkpt>
<trkpt lat="57.86146657" lon="18.98694087">
<ele>35.4</ele>
<time>2023-07-13T09:00:26Z</time>
<extensions>
<tp1:TrackPointExtension>
<tp1:hr>162</tp1:hr>
</tp1:TrackPointExtension>
</extensions>
</trkpt>
<trkpt lat="57.86149205" lon="18.9871365">
<ele>35.0</ele>
<time>2023-07-13T09:00:30Z</time>
<extensions>
<tp1:TrackPointExtension>
<tp1:hr>164</tp1:hr>
</tp1:TrackPointExtension>
</extensions>
</trkpt>
<trkpt lat="57.86148928" lon="18.9871945">
<ele>35.0</ele>
<time>2023-07-13T09:00:31Z</time>
<extensions>
<tp1:TrackPointExtension>
<tp1:hr>163</tp1:hr>
</tp1:TrackPointExtension>
</extensions>
</trkpt>
<trkpt lat="57.86147989" lon="18.98754814">
<ele>35.2</ele>
<time>2023-07-13T09:00:38Z</time>
<extensions>
<tp1:TrackPointExtension>
<tp1:hr>162</tp1:hr>
</tp1:TrackPointExtension>
</extensions>
</trkpt>
<trkpt lat="57.86147595" lon="18.98779188">
<ele>35.1</ele>
<time>2023-07-13T09:00:42Z</time>
<extensions>
<tp1:TrackPointExtension>
<tp1:hr>158</tp1:hr>
</tp1:TrackPointExtension>
</extensions>
</trkpt>
<trkpt lat="57.86147763" lon="18.98788802">
<ele>35.5</ele>
<time>2023-07-13T09:00:44Z</time>
<extensions>
<tp1:TrackPointExtension>
<tp1:hr>163</tp1:hr>
</tp1:TrackPointExtension>
</extensions>
</trkpt>
<trkpt lat="57.86149129" lon="18.98794108">
<ele>35.7</ele>
<time>2023-07-13T09:00:45Z</time>
<extensions>
<tp1:TrackPointExtension>
<tp1:hr>165</tp1:hr>
</tp1:TrackPointExtension>
</extensions>
</trkpt>
<trkpt lat="57.86150604" lon="18.98798894">
<ele>35.9</ele>
<time>2023-07-13T09:00:46Z</time>
<extensions>
<tp1:TrackPointExtension>
<tp1:hr>166</tp1:hr>
</tp1:TrackPointExtension>
</extensions>
</trkpt>
<trkpt lat="57.86152541" lon="18.98818919">
<ele>36.9</ele>
<time>2023-07-13T09:00:50Z</time>
<extensions>
<tp1:TrackPointExtension>
<tp1:hr>168</tp1:hr>
</tp1:TrackPointExtension>
</extensions>
</trkpt>
<trkpt lat="57.86152557" lon="18.98824073">
<ele>37.1</ele>
<time>2023-07-13T09:00:51Z</time>
<extensions>
<tp1:TrackPointExtension>
<tp1:hr>167</tp1:hr>
</tp1:TrackPointExtension>
</extensions>
</trkpt>
<trkpt lat="57.86157872" lon="18.988532">
<ele>36.9</ele>
<time>2023-07-13T09:00:56Z</time>
<extensions>
<tp1:TrackPointExtension>
<tp1:hr>169</tp1:hr>
</tp1:TrackPointExtension>
</extensions>
</trkpt>
<trkpt lat="57.86159875" lon="18.98875698">
<ele>35.7</ele>
<time>2023-07-13T09:00:59Z</time>
<extensions>
<tp1:TrackPointExtension>
<tp1:hr>170</tp1:hr>
</tp1:TrackPointExtension>
</extensions>
</trkpt>
<trkpt lat="57.86160244" lon="18.98889746">
<ele>35.3</ele>
<time>2023-07-13T09:01:01Z</time>
<extensions>
<tp1:TrackPointExtension>
<tp1:hr>170</tp1:hr>
</tp1:TrackPointExtension>
</extensions>
</trkpt>
<trkpt lat="57.86162037" lon="18.98902377">
<ele>35.3</ele>
<time>2023-07-13T09:01:03Z</time>
<extensions>
<tp1:TrackPointExtension>
<tp1:hr>173</tp1:hr>
</tp1:TrackPointExtension>
</extensions>
</trkpt>
<trkpt lat="57.86163387" lon="18.98926584">
<ele>35.7</ele>
<time>2023-07-13T09:01:07Z</time>
<extensions>
<tp1:TrackPointExtension>
<tp1:hr>171</tp1:hr>
</tp1:TrackPointExtension>
</extensions>
</trkpt>
<trkpt lat="57.8616358" lon="18.98945804">
<ele>36.5</ele>
<time>2023-07-13T09:01:11Z</time>
<extensions>
<tp1:TrackPointExtension>
<tp1:hr>170</tp1:hr>
</tp1:TrackPointExtension>
</extensions>
</trkpt>
<trkpt lat="57.86163672" lon="18.98949869">
<ele>36.7</ele>
<time>2023-07-13T09:01:12Z</time>
<extensions>
<tp1:TrackPointExtension>
<tp1:hr>170</tp1:hr>
</tp1:TrackPointExtension>
</extensions>
</trkpt>
<trkpt lat="57.86162741" lon="18.98958888">
<ele>36.7</ele>
<time>2023-07-13T09:01:14Z</time>
<extensions>
<tp1:TrackPointExtension>
<tp1:hr>172</tp1:hr>
</tp1:TrackPointExtension>
</extensions>
</trkpt>
<trkpt lat="57.8616161" lon="18.98963305">
<ele>37.1</ele>
<time>2023-07-13T09:01:15Z</time>
<extensions>
<tp1:TrackPointExtension>
<tp1:hr>170</tp1:hr>
</tp1:TrackPointExtension>
</extensions>
</trkpt>
<trkpt lat="57.86160973" lon="18.98970623">
<ele>36.9</ele>
<time>2023-07-13T09:01:16Z</time>
<extensions>
<tp1:TrackPointExtension>
<tp1:hr>171</tp1:hr>
</tp1:TrackPointExtension>
</extensions>
</trkpt>
<trkpt lat="57.86164368" lon="18.98986917">
<ele>36.7</ele>
<time>2023-07-13T09:01:20Z</time>
<extensions>
<tp1:TrackPointExtension>
<tp1:hr>173</tp1:hr>
</tp1:TrackPointExtension>
</extensions>
</trkpt>
<trkpt lat="57.86166949" lon="18.98992483">
<ele>37.1</ele>
<time>2023-07-13T09:01:22Z</time>
<extensions>
<tp1:TrackPointExtension>
<tp1:hr>176</tp1:hr>
</tp1:TrackPointExtension>
</extensions>
</trkpt>
<trkpt lat="57.86171249" lon="18.99000303">
<ele>37.0</ele>
<time>2023-07-13T09:01:25Z</time>
<extensions>
<tp1:TrackPointExtension>
<tp1:hr>178</tp1:hr>
</tp1:TrackPointExtension>
</extensions>
</trkpt>
<trkpt lat="57.86174267" lon="18.9902197">
<ele>37.0</ele>
<time>2023-07-13T09:01:30Z</time>
<extensions>
<tp1:TrackPointExtension>
<tp1:hr>180</tp1:hr>
</tp1:TrackPointExtension>
</extensions>
</trkpt>
<trkpt lat="57.86175666" lon="18.99032867">
<ele>37.0</ele>
<time>2023-07-13T09:01:32Z</time>
<extensions>
<tp1:TrackPointExtension>
<tp1:hr>176</tp1:hr>
</tp1:TrackPointExtension>
</extensions>
</trkpt>
<trkpt lat="57.86179614" lon="18.99051525">
<ele>37.2</ele>
<time>2023-07-13T09:01:35Z</time>
<extensions>
<tp1:TrackPointExtension>
<tp1:hr>174</tp1:hr>
</tp1:TrackPointExtension>
</extensions>
</trkpt>
<trkpt lat="57.86181391" lon="18.99061432">
<ele>37.2</ele>
<time>2023-07-13T09:01:37Z</time>
<extensions>
<tp1:TrackPointExtension>
<tp1:hr>171</tp1:hr>
</tp1:TrackPointExtension>
</extensions>
</trkpt>
<trkpt lat="57.861872" lon="18.99074684">
<ele>37.2</ele>
<time>2023-07-13T09:01:40Z</time>
<extensions>
<tp1:TrackPointExtension>
<tp1:hr>171</tp1:hr>
</tp1:TrackPointExtension>
</extensions>
</trkpt>
<trkpt lat="57.8618803" lon="18.99081171">
<ele>37.4</ele>
<time>2023-07-13T09:01:41Z</time>
<extensions>
<tp1:TrackPointExtension>
<tp1:hr>171</tp1:hr>
</tp1:TrackPointExtension>
</extensions>
</trkpt>
<trkpt lat="57.86188583" lon="18.99106284">
<ele>37.4</ele>
<time>2023-07-13T09:01:45Z</time>
<extensions>
<tp1:TrackPointExtension>
<tp1:hr>172</tp1:hr>
</tp1:TrackPointExtension>
</extensions>
</trkpt>
<trkpt lat="57.86188759" lon="18.99117356">
<ele>37.6</ele>
<time>2023-07-13T09:01:46Z</time>
<extensions>
<tp1:TrackPointExtension>
<tp1:hr>173</tp1:hr>
</tp1:TrackPointExtension>
</extensions>
</trkpt>
<trkpt lat="57.86188616" lon="18.99128571">
<ele>37.6</ele>
<time>2023-07-13T09:01:49Z</time>
<extensions>
<tp1:TrackPointExtension>
<tp1:hr>172</tp1:hr>
</tp1:TrackPointExtension>
</extensions>
</trkpt>
<trkpt lat="57.86187921" lon="18.99152191">
<ele>37.8</ele>
<time>2023-07-13T09:01:54Z</time>
<extensions>
<tp1:TrackPointExtension>
<tp1:hr>172</tp1:hr>
</tp1:TrackPointExtension>
</extensions>
</trkpt>
<trkpt lat="57.86187845" lon="18.99155268">
<ele>37.8</ele>
<time>2023-07-13T09:01:55Z</time>
<extensions>
<tp1:TrackPointExtension>
<tp1:hr>172</tp1:hr>
</tp1:TrackPointExtension>
</extensions>
</trkpt>
<trkpt lat="57.8619041" lon="18.99165996">
<ele>37.8</ele>
<time>2023-07-13T09:01:58Z</time>
<extensions>
<tp1:TrackPointExtension>
<tp1:hr>173</tp1:hr>
</tp1:TrackPointExtension>
</extensions>
</trkpt>
<trkpt lat="57.86191131" lon="18.99194294">
<ele>38.0</ele>
<time>2023-07-13T09:02:03Z</time>
<extensions>
<tp1:TrackPointExtension>
<tp1:hr>172</tp1:hr>
</tp1:TrackPointExtension>
</extensions>
</trkpt>
<trkpt lat="57.86192573" lon="18.99227888">
<ele>38.2</ele>
<time>2023-07-13T09:02:09Z</time>
<extensions>
<tp1:TrackPointExtension>
<tp1:hr>173</tp1:hr>
</tp1:TrackPointExtension>
</extensions>
</trkpt>
<trkpt lat="57.86192849" lon="18.99246404">
<ele>38.3</ele>
<time>2023-07-13T09:02:14Z</time>
<extensions>
<tp1:TrackPointExtension>
<tp1:hr>171</tp1:hr>
</tp1:TrackPointExtension>
</extensions>
</trkpt>
<trkpt lat="57.8619378" lon="18.99253302">
<ele>38.3</ele>
<time>2023-07-13T09:02:16Z</time>
<extensions>
<tp1:TrackPointExtension>
<tp1:hr>167</tp1:hr>
</tp1:TrackPointExtension>
</extensions>
</trkpt>
<trkpt lat="57.86194148" lon="18.99255867">
<ele>38.3</ele>
<time>2023-07-13T09:02:17Z</time>
<extensions>
<tp1:TrackPointExtension>
<tp1:hr>164</tp1:hr>
</tp1:TrackPointExtension>
</extensions>
</trkpt>
<trkpt lat="57.86193939" lon="18.99258038">
<ele>38.3</ele>
<time>2023-07-13T09:02:18Z</time>
<extensions>
<tp1:TrackPointExtension>
<tp1:hr>164</tp1:hr>
</tp1:TrackPointExtension>
</extensions>
</trkpt>
<trkpt lat="57.86193646" lon="18.99260452">
<ele>38.5</ele>
<time>2023-07-13T09:02:19Z</time>
<extensions>
<tp1:TrackPointExtension>
<tp1:hr>164</tp1:hr>
</tp1:TrackPointExtension>
</extensions>
</trkpt>
<trkpt lat="57.86194685" lon="18.99263671">
<ele>38.5</ele>
<time>2023-07-13T09:02:20Z</time>
<extensions>
<tp1:TrackPointExtension>
<tp1:hr>164</tp1:hr>
</tp1:TrackPointExtension>
</extensions>
</trkpt>
<trkpt lat="57.86197719" lon="18.99274718">
<ele>38.7</ele>
<time>2023-07-13T09:02:23Z</time>
<extensions>
<tp1:TrackPointExtension>
<tp1:hr>162</tp1:hr>
</tp1:TrackPointExtension>
</extensions>
</trkpt>
<trkpt lat="57.86198465" lon="18.99290727">
<ele>38.9</ele>
<time>2023-07-13T09:02:27Z</time>
<extensions>
<tp1:TrackPointExtension>
<tp1:hr>161</tp1:hr>
</tp1:TrackPointExtension>
</extensions>
</trkpt>
<trkpt lat="57.86199572" lon="18.99293954">
<ele>38.9</ele>
<time>2023-07-13T09:02:28Z</time>
<extensions>
<tp1:TrackPointExtension>
<tp1:hr>161</tp1:hr>
</tp1:TrackPointExtension>
</extensions>
</trkpt>
<trkpt lat="57.86205498" lon="18.99302957">
<ele>39.3</ele>
<time>2023-07-13T09:02:33Z</time>
<extensions>
<tp1:TrackPointExtension>
<tp1:hr>160</tp1:hr>
</tp1:TrackPointExtension>
</extensions>
</trkpt>
<trkpt lat="57.86205581" lon="18.9930579">
<ele>39.3</ele>
<time>2023-07-13T09:02:34Z</time>
<extensions>
<tp1:TrackPointExtension>
<tp1:hr>160</tp1:hr>
</tp1:TrackPointExtension>
</extensions>
</trkpt>
<trkpt lat="57.86205892" lon="18.99310417">
<ele>39.5</ele>
<time>2023-07-13T09:02:36Z</time>
<extensions>
<tp1:TrackPointExtension>
<tp1:hr>160</tp1:hr>
</tp1:TrackPointExtension>
</extensions>
</trkpt>
<trkpt lat="57.86206084" lon="18.9931568">
<ele>39.7</ele>
<time>2023-07-13T09:02:38Z</time>
<extensions>
<tp1:TrackPointExtension>
<tp1:hr>162</tp1:hr>
</tp1:TrackPointExtension>
</extensions>
</trkpt>
<trkpt lat="57.86206545" lon="18.99317239">
<ele>39.7</ele>
<time>2023-07-13T09:02:39Z</time>
<extensions>
<tp1:TrackPointExtension>
<tp1:hr>162</tp1:hr>
</tp1:TrackPointExtension>
</extensions>
</trkpt>
<trkpt lat="57.86210502" lon="18.99332637">
<ele>39.9</ele>
<time>2023-07-13T09:02:44Z</time>
<extensions>
<tp1:TrackPointExtension>
<tp1:hr>163</tp1:hr>
</tp1:TrackPointExtension>
</extensions>
</trkpt>
<trkpt lat="57.86212983" lon="18.99338722">
<ele>40.1</ele>
<time>2023-07-13T09:02:46Z</time>
<extensions>
<tp1:TrackPointExtension>
<tp1:hr>164</tp1:hr>
</tp1:TrackPointExtension>
</extensions>
</trkpt>
<trkpt lat="57.86217618" lon="18.99343408">
<ele>40.1</ele>
<time>2023-07-13T09:02:48Z</time>
<extensions>
<tp1:TrackPointExtension>
<tp1:hr>163</tp1:hr>
</tp1:TrackPointExtension>
</extensions>
</trkpt>
<trkpt lat="57.86224969" lon="18.99362192">
<ele>40.3</ele>
<time>2023-07-13T09:02:52Z</time>
<extensions>
<tp1:TrackPointExtension>
<tp1:hr>164</tp1:hr>
</tp1:TrackPointExtension>
</extensions>
</trkpt>
<trkpt lat="57.86220878" lon="18.99384269">
<ele>40.4</ele>
<time>2023-07-13T09:02:56Z</time>
<extensions>
<tp1:TrackPointExtension>
<tp1:hr>163</tp1:hr>
</tp1:TrackPointExtension>
</extensions>
</trkpt>
<trkpt lat="57.86213703" lon="18.99423522">
<ele>40.6</ele>
<time>2023-07-13T09:03:01Z</time>
<extensions>
<tp1:TrackPointExtension>
<tp1:hr>163</tp1:hr>
</tp1:TrackPointExtension>
</extensions>
</trkpt>
<trkpt lat="57.86208532" lon="18.9945746">
<ele>40.8</ele>
<time>2023-07-13T09:03:06Z</time>
<extensions>
<tp1:TrackPointExtension>
<tp1:hr>163</tp1:hr>
</tp1:TrackPointExtension>
</extensions>
</trkpt>
<trkpt lat="57.86209948" lon="18.99466395">
<ele>40.8</ele>
<time>2023-07-13T09:03:08Z</time>
<extensions>
<tp1:TrackPointExtension>
<tp1:hr>164</tp1:hr>
</tp1:TrackPointExtension>
</extensions>
</trkpt>
<trkpt lat="57.86212555" lon="18.99472162">
<ele>41.0</ele>
<time>2023-07-13T09:03:10Z</time>
<extensions>
<tp1:TrackPointExtension>
<tp1:hr>163</tp1:hr>
</tp1:TrackPointExtension>
</extensions>
</trkpt>
<trkpt lat="57.86219236" lon="18.99485372">
<ele>41.0</ele>
<time>2023-07-13T09:03:14Z</time>
<extensions>
<tp1:TrackPointExtension>
<tp1:hr>166</tp1:hr>
</tp1:TrackPointExtension>
</extensions>
</trkpt>
<trkpt lat="57.8622351" lon="18.99491415">
<ele>41.2</ele>
<time>2023-07-13T09:03:16Z</time>
<extensions>
<tp1:TrackPointExtension>
<tp1:hr>164</tp1:hr>
</tp1:TrackPointExtension>
</extensions>
</trkpt>
<trkpt lat="57.86236385" lon="18.9950947">
<ele>41.4</ele>
<time>2023-07-13T09:03:22Z</time>
<extensions>
<tp1:TrackPointExtension>
<tp1:hr>165</tp1:hr>
</tp1:TrackPointExtension>
</extensions>
</trkpt>
<trkpt lat="57.86238698" lon="18.99523778">
<ele>41.6</ele>
<time>2023-07-13T09:03:25Z</time>
<extensions>
<tp1:TrackPointExtension>
<tp1:hr>168</tp1:hr>
</tp1:TrackPointExtension>
</extensions>
</trkpt>
<trkpt lat="57.8623874" lon="18.99528497">
<ele>41.6</ele>
<time>2023-07-13T09:03:26Z</time>
<extensions>
<tp1:TrackPointExtension>
<tp1:hr>168</tp1:hr>
</tp1:TrackPointExtension>
</extensions>
</trkpt>
<trkpt lat="57.86244792" lon="18.99538379">
<ele>41.8</ele>
<time>2023-07-13T09:03:29Z</time>
<extensions>
<tp1:TrackPointExtension>
<tp1:hr>166</tp1:hr>
</tp1:TrackPointExtension>
</extensions>
</trkpt>
<trkpt lat="57.86249092" lon="18.99553978">
<ele>41.8</ele>
<time>2023-07-13T09:03:32Z</time>
<extensions>
<tp1:TrackPointExtension>
<tp1:hr>168</tp1:hr>
</tp1:TrackPointExtension>
</extensions>
</trkpt>
<trkpt lat="57.86250316" lon="18.9955982">
<ele>42.0</ele>
<time>2023-07-13T09:03:33Z</time>
<extensions>
<tp1:TrackPointExtension>
<tp1:hr>168</tp1:hr>
</tp1:TrackPointExtension>
</extensions>
</trkpt>
<trkpt lat="57.86259653" lon="18.9958246">
<ele>42.0</ele>
<time>2023-07-13T09:03:37Z</time>
<extensions>
<tp1:TrackPointExtension>
<tp1:hr>167</tp1:hr>
</tp1:TrackPointExtension>
</extensions>
</trkpt>
<trkpt lat="57.86267817" lon="18.99598838">
<ele>42.1</ele>
<time>2023-07-13T09:03:41Z</time>
<extensions>
<tp1:TrackPointExtension>
<tp1:hr>168</tp1:hr>
</tp1:TrackPointExtension>
</extensions>
</trkpt>
<trkpt lat="57.86265093" lon="18.99624797">
<ele>42.3</ele>
<time>2023-07-13T09:03:45Z</time>
<extensions>
<tp1:TrackPointExtension>
<tp1:hr>169</tp1:hr>
</tp1:TrackPointExtension>
</extensions>
</trkpt>
<trkpt lat="57.86260969" lon="18.99663806">
<ele>42.5</ele>
<time>2023-07-13T09:03:50Z</time>
<extensions>
<tp1:TrackPointExtension>
<tp1:hr>169</tp1:hr>
</tp1:TrackPointExtension>
</extensions>
</trkpt>
<trkpt lat="57.86258044" lon="18.99690427">
<ele>42.7</ele>
<time>2023-07-13T09:03:54Z</time>
<extensions>
<tp1:TrackPointExtension>
<tp1:hr>168</tp1:hr>
</tp1:TrackPointExtension>
</extensions>
</trkpt>
<trkpt lat="57.86257197" lon="18.99721641">
<ele>42.7</ele>
<time>2023-07-13T09:03:59Z</time>
<extensions>
<tp1:TrackPointExtension>
<tp1:hr>169</tp1:hr>
</tp1:TrackPointExtension>
</extensions>
</trkpt>
<trkpt lat="57.86256501" lon="18.99728045">
<ele>42.9</ele>
<time>2023-07-13T09:04:00Z</time>
<extensions>
<tp1:TrackPointExtension>
<tp1:hr>169</tp1:hr>
</tp1:TrackPointExtension>
</extensions>
</trkpt>
<trkpt lat="57.86255906" lon="18.99738631">
<ele>42.9</ele>
<time>2023-07-13T09:04:02Z</time>
<extensions>
<tp1:TrackPointExtension>
<tp1:hr>164</tp1:hr>
</tp1:TrackPointExtension>
</extensions>
</trkpt>
<trkpt lat="57.86256954" lon="18.99741372">
<ele>42.9</ele>
<time>2023-07-13T09:04:03Z</time>
<extensions>
<tp1:TrackPointExtension>
<tp1:hr>165</tp1:hr>
</tp1:TrackPointExtension>
</extensions>
</trkpt>
<trkpt lat="57.86260122" lon="18.99742881">
<ele>42.9</ele>
<time>2023-07-13T09:04:04Z</time>
<extensions>
<tp1:TrackPointExtension>
<tp1:hr>165</tp1:hr>
</tp1:TrackPointExtension>
</extensions>
</trkpt>
<trkpt lat="57.86266853" lon="18.99742529">
<ele>42.9</ele>
<time>2023-07-13T09:04:06Z</time>
<extensions>
<tp1:TrackPointExtension>
<tp1:hr>166</tp1:hr>
</tp1:TrackPointExtension>
</extensions>
</trkpt>
<trkpt lat="57.86281907" lon="18.99740702">
<ele>43.1</ele>
<time>2023-07-13T09:04:10Z</time>
<extensions>
<tp1:TrackPointExtension>
<tp1:hr>166</tp1:hr>
</tp1:TrackPointExtension>
</extensions>
</trkpt>
<trkpt lat="57.86299274" lon="18.99746393">
<ele>43.1</ele>
<time>2023-07-13T09:04:15Z</time>
<extensions>
<tp1:TrackPointExtension>
<tp1:hr>169</tp1:hr>
</tp1:TrackPointExtension>
</extensions>
</trkpt>
<trkpt lat="57.86319374" lon="18.99756392">
<ele>43.5</ele>
<time>2023-07-13T09:04:21Z</time>
<extensions>
<tp1:TrackPointExtension>
<tp1:hr>171</tp1:hr>
</tp1:TrackPointExtension>
</extensions>
</trkpt>
<trkpt lat="57.86328485" lon="18.99767121">
<ele>43.6</ele>
<time>2023-07-13T09:04:24Z</time>
<extensions>
<tp1:TrackPointExtension>
<tp1:hr>174</tp1:hr>
</tp1:TrackPointExtension>
</extensions>
</trkpt>
<trkpt lat="57.86333213" lon="18.99776165">
<ele>43.6</ele>
<time>2023-07-13T09:04:26Z</time>
<extensions>
<tp1:TrackPointExtension>
<tp1:hr>175</tp1:hr>
</tp1:TrackPointExtension>
</extensions>
</trkpt>
<trkpt lat="57.86334805" lon="18.99781966">
<ele>43.6</ele>
<time>2023-07-13T09:04:27Z</time>
<extensions>
<tp1:TrackPointExtension>
<tp1:hr>172</tp1:hr>
</tp1:TrackPointExtension>
</extensions>
</trkpt>
<trkpt lat="57.86336565" lon="18.99786651">
<ele>43.8</ele>
<time>2023-07-13T09:04:28Z</time>
<extensions>
<tp1:TrackPointExtension>
<tp1:hr>173</tp1:hr>
</tp1:TrackPointExtension>
</extensions>
</trkpt>
<trkpt lat="57.86338083" lon="18.99792518">
<ele>43.8</ele>
<time>2023-07-13T09:04:29Z</time>
<extensions>
<tp1:TrackPointExtension>
<tp1:hr>174</tp1:hr>
</tp1:TrackPointExtension>
</extensions>
</trkpt>
<trkpt lat="57.86339574" lon="18.99805133">
<ele>43.8</ele>
<time>2023-07-13T09:04:31Z</time>
<extensions>
<tp1:TrackPointExtension>
<tp1:hr>171</tp1:hr>
</tp1:TrackPointExtension>
</extensions>
</trkpt>
<trkpt lat="57.86340513" lon="18.99817756">
<ele>44.0</ele>
<time>2023-07-13T09:04:33Z</time>
<extensions>
<tp1:TrackPointExtension>
<tp1:hr>168</tp1:hr>
</tp1:TrackPointExtension>
</extensions>
</trkpt>
<trkpt lat="57.86341284" lon="18.99839583">
<ele>44.2</ele>
<time>2023-07-13T09:04:36Z</time>
<extensions>
<tp1:TrackPointExtension>
<tp1:hr>169</tp1:hr>
</tp1:TrackPointExtension>
</extensions>
</trkpt>
<trkpt lat="57.86339474" lon="18.99855374">
<ele>44.2</ele>
<time>2023-07-13T09:04:38Z</time>
<extensions>
<tp1:TrackPointExtension>
<tp1:hr>166</tp1:hr>
</tp1:TrackPointExtension>
</extensions>
</trkpt>
<trkpt lat="57.86337647" lon="18.99870344">
<ele>44.4</ele>
<time>2023-07-13T09:04:40Z</time>
<extensions>
<tp1:TrackPointExtension>
<tp1:hr>165</tp1:hr>
</tp1:TrackPointExtension>
</extensions>
</trkpt>
<trkpt lat="57.86336909" lon="18.99891098">
<ele>44.4</ele>
<time>2023-07-13T09:04:44Z</time>
<extensions>
<tp1:TrackPointExtension>
<tp1:hr>165</tp1:hr>
</tp1:TrackPointExtension>
</extensions>
</trkpt>
<trkpt lat="57.86337311" lon="18.99894954">
<ele>44.6</ele>
<time>2023-07-13T09:04:46Z</time>
<extensions>
<tp1:TrackPointExtension>
<tp1:hr>165</tp1:hr>
</tp1:TrackPointExtension>
</extensions>
</trkpt>
<trkpt lat="57.86336959" lon="18.99896228">
<ele>44.6</ele>
<time>2023-07-13T09:04:48Z</time>
<extensions>
<tp1:TrackPointExtension>
<tp1:hr>164</tp1:hr>
</tp1:TrackPointExtension>
</extensions>
</trkpt>
<trkpt lat="57.86342491" lon="18.99904157">
<ele>44.6</ele>
<time>2023-07-13T09:04:52Z</time>
<extensions>
<tp1:TrackPointExtension>
<tp1:hr>163</tp1:hr>
</tp1:TrackPointExtension>
</extensions>
</trkpt>
<trkpt lat="57.86353287" lon="18.99915682">
<ele>44.8</ele>
<time>2023-07-13T09:04:56Z</time>
<extensions>
<tp1:TrackPointExtension>
<tp1:hr>164</tp1:hr>
</tp1:TrackPointExtension>
</extensions>
</trkpt>
<trkpt lat="57.86356523" lon="18.99919881">
<ele>44.8</ele>
<time>2023-07-13T09:04:57Z</time>
<extensions>
<tp1:TrackPointExtension>
<tp1:hr>166</tp1:hr>
</tp1:TrackPointExtension>
</extensions>
</trkpt>
<trkpt lat="57.86370655" lon="18.99946494">
<ele>45.0</ele>
<time>2023-07-13T09:05:03Z</time>
<extensions>
<tp1:TrackPointExtension>
<tp1:hr>168</tp1:hr>
</tp1:TrackPointExtension>
</extensions>
</trkpt>
<trkpt lat="57.86373421" lon="18.99950266">
<ele>45.0</ele>
<time>2023-07-13T09:05:04Z</time>
<extensions>
<tp1:TrackPointExtension>
<tp1:hr>166</tp1:hr>
</tp1:TrackPointExtension>
</extensions>
</trkpt>
<trkpt lat="57.86381635" lon="18.99962562">
<ele>45.0</ele>
<time>2023-07-13T09:05:07Z</time>
<extensions>
<tp1:TrackPointExtension>
<tp1:hr>163</tp1:hr>
</tp1:TrackPointExtension>
</extensions>
</trkpt>
<trkpt lat="57.86385306" lon="18.99971623">
<ele>45.1</ele>
<time>2023-07-13T09:05:09Z</time>
<extensions>
<tp1:TrackPointExtension>
<tp1:hr>165</tp1:hr>
</tp1:TrackPointExtension>
</extensions>
</trkpt>
<trkpt lat="57.86394476" lon="18.99987507">
<ele>45.1</ele>
<time>2023-07-13T09:05:14Z</time>
<extensions>
<tp1:TrackPointExtension>
<tp1:hr>164</tp1:hr>
</tp1:TrackPointExtension>
</extensions>
</trkpt>
<trkpt lat="57.86403134" lon="18.99997314">
<ele>45.3</ele>
<time>2023-07-13T09:05:17Z</time>
<extensions>
<tp1:TrackPointExtension>
<tp1:hr>161</tp1:hr>
</tp1:TrackPointExtension>
</extensions>
</trkpt>
<trkpt lat="57.86404618" lon="19.00002452">
<ele>45.3</ele>
<time>2023-07-13T09:05:18Z</time>
<extensions>
<tp1:TrackPointExtension>
<tp1:hr>162</tp1:hr>
</tp1:TrackPointExtension>
</extensions>
</trkpt>
<trkpt lat="57.86405087" lon="19.00008294">
<ele>45.3</ele>
<time>2023-07-13T09:05:19Z</time>
<extensions>
<tp1:TrackPointExtension>
<tp1:hr>162</tp1:hr>
</tp1:TrackPointExtension>
</extensions>
</trkpt>
<trkpt lat="57.86405833" lon="19.00031176">
<ele>45.5</ele>
<time>2023-07-13T09:05:23Z</time>
<extensions>
<tp1:TrackPointExtension>
<tp1:hr>160</tp1:hr>
</tp1:TrackPointExtension>
</extensions>
</trkpt>
<trkpt lat="57.86415028" lon="19.0005649">
<ele>45.7</ele>
<time>2023-07-13T09:05:29Z</time>
<extensions>
<tp1:TrackPointExtension>
<tp1:hr>166</tp1:hr>
</tp1:TrackPointExtension>
</extensions>
</trkpt>
<trkpt lat="57.86418498" lon="19.0008446">
<ele>45.9</ele>
<time>2023-07-13T09:05:34Z</time>
<extensions>
<tp1:TrackPointExtension>
<tp1:hr>166</tp1:hr>
</tp1:TrackPointExtension>
</extensions>
</trkpt>
<trkpt lat="57.86420234" lon="19.00088727">
<ele>45.9</ele>
<time>2023-07-13T09:05:35Z</time>
<extensions>
<tp1:TrackPointExtension>
<tp1:hr>165</tp1:hr>
</tp1:TrackPointExtension>
</extensions>
</trkpt>
<trkpt lat="57.8642621" lon="19.00097075">
<ele>45.9</ele>
<time>2023-07-13T09:05:38Z</time>
<extensions>
<tp1:TrackPointExtension>
<tp1:hr>165</tp1:hr>
</tp1:TrackPointExtension>
</extensions>
</trkpt>
<trkpt lat="57.86436369" lon="19.00122338">
<ele>46.1</ele>
<time>2023-07-13T09:05:43Z</time>
<extensions>
<tp1:TrackPointExtension>
<tp1:hr>165</tp1:hr>
</tp1:TrackPointExtension>
</extensions>
</trkpt>
<trkpt lat="57.86441733" lon="19.00147174">
<ele>46.3</ele>
<time>2023-07-13T09:05:48Z</time>
<extensions>
<tp1:TrackPointExtension>
<tp1:hr>164</tp1:hr>
</tp1:TrackPointExtension>
</extensions>
</trkpt>
<trkpt lat="57.86442664" lon="19.00179754">
<ele>46.4</ele>
<time>2023-07-13T09:05:54Z</time>
<extensions>
<tp1:TrackPointExtension>
<tp1:hr>162</tp1:hr>
</tp1:TrackPointExtension>
</extensions>
</trkpt>
<trkpt lat="57.86447592" lon="19.00215008">
<ele>46.6</ele>
<time>2023-07-13T09:06:00Z</time>
<extensions>
<tp1:TrackPointExtension>
<tp1:hr>163</tp1:hr>
</tp1:TrackPointExtension>
</extensions>
</trkpt>
<trkpt lat="57.86454021" lon="19.00228579">
<ele>46.6</ele>
<time>2023-07-13T09:06:04Z</time>
<extensions>
<tp1:TrackPointExtension>
<tp1:hr>161</tp1:hr>
</tp1:TrackPointExtension>
</extensions>
</trkpt>
<trkpt lat="57.86456175" lon="19.00231621">
<ele>46.8</ele>
<time>2023-07-13T09:06:06Z</time>
<extensions>
<tp1:TrackPointExtension>
<tp1:hr>161</tp1:hr>
</tp1:TrackPointExtension>
</extensions>
</trkpt>
<trkpt lat="57.86461062" lon="19.00230926">
<ele>46.8</ele>
<time>2023-07-13T09:06:09Z</time>
<extensions>
<tp1:TrackPointExtension>
<tp1:hr>160</tp1:hr>
</tp1:TrackPointExtension>
</extensions>
</trkpt>
<trkpt lat="57.86463794" lon="19.00229928">
<ele>46.8</ele>
<time>2023-07-13T09:06:10Z</time>
<extensions>
<tp1:TrackPointExtension>
<tp1:hr>164</tp1:hr>
</tp1:TrackPointExtension>
</extensions>
</trkpt>
<trkpt lat="57.86473442" lon="19.00228947">
<ele>46.8</ele>
<time>2023-07-13T09:06:14Z</time>
<extensions>
<tp1:TrackPointExtension>
<tp1:hr>162</tp1:hr>
</tp1:TrackPointExtension>
</extensions>
</trkpt>
<trkpt lat="57.8648495" lon="19.00229006">
<ele>47.0</ele>
<time>2023-07-13T09:06:19Z</time>
<extensions>
<tp1:TrackPointExtension>
<tp1:hr>160</tp1:hr>
</tp1:TrackPointExtension>
</extensions>
</trkpt>
<trkpt lat="57.86505" lon="19.00226592">
<ele>47.0</ele>
<time>2023-07-13T09:06:25Z</time>
<extensions>
<tp1:TrackPointExtension>
<tp1:hr>160</tp1:hr>
</tp1:TrackPointExtension>
</extensions>
</trkpt>
<trkpt lat="57.86512569" lon="19.00227506">
<ele>48.6</ele>
<time>2023-07-13T09:06:26Z</time>
<extensions>
<tp1:TrackPointExtension>
<tp1:hr>160</tp1:hr>
</tp1:TrackPointExtension>
</extensions>
</trkpt>
<trkpt lat="57.86523968" lon="19.00232476">
<ele>49.6</ele>
<time>2023-07-13T09:06:30Z</time>
<extensions>
<tp1:TrackPointExtension>
<tp1:hr>160</tp1:hr>
</tp1:TrackPointExtension>
</extensions>
</trkpt>
<trkpt lat="57.8653028" lon="19.00238511">
<ele>49.8</ele>
<time>2023-07-13T09:06:32Z</time>
<extensions>
<tp1:TrackPointExtension>
<tp1:hr>160</tp1:hr>
</tp1:TrackPointExtension>
</extensions>
</trkpt>
<trkpt lat="57.86545191" lon="19.00248553">
<ele>50.0</ele>
<time>2023-07-13T09:06:36Z</time>
<extensions>
<tp1:TrackPointExtension>
<tp1:hr>157</tp1:hr>
</tp1:TrackPointExtension>
</extensions>
</trkpt>
<trkpt lat="57.8654841" lon="19.00251822">
<ele>49.8</ele>
<time>2023-07-13T09:06:37Z</time>
<extensions>
<tp1:TrackPointExtension>
<tp1:hr>157</tp1:hr>
</tp1:TrackPointExtension>
</extensions>
</trkpt>
<trkpt lat="57.86562692" lon="19.00262936">
<ele>49.9</ele>
<time>2023-07-13T09:06:41Z</time>
<extensions>
<tp1:TrackPointExtension>
<tp1:hr>157</tp1:hr>
</tp1:TrackPointExtension>
</extensions>
</trkpt>
<trkpt lat="57.86576238" lon="19.00269348">
<ele>50.1</ele>
<time>2023-07-13T09:06:45Z</time>
<extensions>
<tp1:TrackPointExtension>
<tp1:hr>160</tp1:hr>
</tp1:TrackPointExtension>
</extensions>
</trkpt>
<trkpt lat="57.86587788" lon="19.0025737">
<ele>50.3</ele>
<time>2023-07-13T09:06:49Z</time>
<extensions>
<tp1:TrackPointExtension>
<tp1:hr>162</tp1:hr>
</tp1:TrackPointExtension>
</extensions>
</trkpt>
<trkpt lat="57.86593747" lon="19.00236164">
<ele>50.3</ele>
<time>2023-07-13T09:06:53Z</time>
<extensions>
<tp1:TrackPointExtension>
<tp1:hr>160</tp1:hr>
</tp1:TrackPointExtension>
</extensions>
</trkpt>
<trkpt lat="57.86600587" lon="19.00217841">
<ele>50.3</ele>
<time>2023-07-13T09:06:57Z</time>
<extensions>
<tp1:TrackPointExtension>
<tp1:hr>161</tp1:hr>
</tp1:TrackPointExtension>
</extensions>
</trkpt>
<trkpt lat="57.8661528" lon="19.00198362">
<ele>50.5</ele>
<time>2023-07-13T09:07:02Z</time>
<extensions>
<tp1:TrackPointExtension>
<tp1:hr>160</tp1:hr>
</tp1:TrackPointExtension>
</extensions>
</trkpt>
<trkpt lat="57.86635053" lon="19.00187859">
<ele>50.5</ele>
<time>2023-07-13T09:07:08Z</time>
<extensions>
<tp1:TrackPointExtension>
<tp1:hr>160</tp1:hr>
</tp1:TrackPointExtension>
</extensions>
</trkpt>
<trkpt lat="57.86638917" lon="19.0018687">
<ele>50.5</ele>
<time>2023-07-13T09:07:09Z</time>
<extensions>
<tp1:TrackPointExtension>
<tp1:hr>158</tp1:hr>
</tp1:TrackPointExtension>
</extensions>
</trkpt>
<trkpt lat="57.86654491" lon="19.00181757">
<ele>50.7</ele>
<time>2023-07-13T09:07:13Z</time>
<extensions>
<tp1:TrackPointExtension>
<tp1:hr>156</tp1:hr>
</tp1:TrackPointExtension>
</extensions>
</trkpt>
<trkpt lat="57.86661951" lon="19.00176812">
<ele>50.7</ele>
<time>2023-07-13T09:07:15Z</time>
<extensions>
<tp1:TrackPointExtension>
<tp1:hr>159</tp1:hr>
</tp1:TrackPointExtension>
</extensions>
</trkpt>
<trkpt lat="57.8667651" lon="19.0016662">
<ele>50.7</ele>
<time>2023-07-13T09:07:19Z</time>
<extensions>
<tp1:TrackPointExtension>
<tp1:hr>163</tp1:hr>
</tp1:TrackPointExtension>
</extensions>
</trkpt>
<trkpt lat="57.86686032" lon="19.00158305">
<ele>50.6</ele>
<time>2023-07-13T09:07:22Z</time>
<extensions>
<tp1:TrackPointExtension>
<tp1:hr>161</tp1:hr>
</tp1:TrackPointExtension>
</extensions>
</trkpt>
<trkpt lat="57.86705637" lon="19.00144542">
<ele>50.6</ele>
<time>2023-07-13T09:07:28Z</time>
<extensions>
<tp1:TrackPointExtension>
<tp1:hr>159</tp1:hr>
</tp1:TrackPointExtension>
</extensions>
</trkpt>
<trkpt lat="57.86724262" lon="19.00137417">
<ele>50.8</ele>
<time>2023-07-13T09:07:33Z</time>
<extensions>
<tp1:TrackPointExtension>
<tp1:hr>160</tp1:hr>
</tp1:TrackPointExtension>
</extensions>
</trkpt>
<trkpt lat="57.86727757" lon="19.00135095">
<ele>50.8</ele>
<time>2023-07-13T09:07:34Z</time>
<extensions>
<tp1:TrackPointExtension>
<tp1:hr>160</tp1:hr>
</tp1:TrackPointExtension>
</extensions>
</trkpt>
<trkpt lat="57.86747932" lon="19.0012523">
<ele>50.8</ele>
<time>2023-07-13T09:07:39Z</time>
<extensions>
<tp1:TrackPointExtension>
<tp1:hr>162</tp1:hr>
</tp1:TrackPointExtension>
</extensions>
</trkpt>
<trkpt lat="57.86751512" lon="19.00122908">
<ele>50.8</ele>
<time>2023-07-13T09:07:40Z</time>
<extensions>
<tp1:TrackPointExtension>
<tp1:hr>161</tp1:hr>
</tp1:TrackPointExtension>
</extensions>
</trkpt>
<trkpt lat="57.86762307" lon="19.00117929">
<ele>50.8</ele>
<time>2023-07-13T09:07:43Z</time>
<extensions>
<tp1:TrackPointExtension>
<tp1:hr>164</tp1:hr>
</tp1:TrackPointExtension>
</extensions>
</trkpt>
<trkpt lat="57.86772399" lon="19.00113503">
<ele>50.8</ele>
<time>2023-07-13T09:07:46Z</time>
<extensions>
<tp1:TrackPointExtension>
<tp1:hr>165</tp1:hr>
</tp1:TrackPointExtension>
</extensions>
</trkpt>
<trkpt lat="57.86792667" lon="19.00104149">
<ele>50.8</ele>
<time>2023-07-13T09:07:52Z</time>
<extensions>
<tp1:TrackPointExtension>
<tp1:hr>163</tp1:hr>
</tp1:TrackPointExtension>
</extensions>
</trkpt>
<trkpt lat="57.86804804" lon="19.0010694">
<ele>50.8</ele>
<time>2023-07-13T09:07:56Z</time>
<extensions>
<tp1:TrackPointExtension>
<tp1:hr>162</tp1:hr>
</tp1:TrackPointExtension>
</extensions>
</trkpt>
<trkpt lat="57.86819816" lon="19.00117049">
<ele>50.6</ele>
<time>2023-07-13T09:08:01Z</time>
<extensions>
<tp1:TrackPointExtension>
<tp1:hr>159</tp1:hr>
</tp1:TrackPointExtension>
</extensions>
</trkpt>
<trkpt lat="57.86823789" lon="19.00124199">
<ele>50.6</ele>
<time>2023-07-13T09:08:02Z</time>
<extensions>
<tp1:TrackPointExtension>
<tp1:hr>158</tp1:hr>
</tp1:TrackPointExtension>
</extensions>
</trkpt>
<trkpt lat="57.86826747" lon="19.0012896">
<ele>50.6</ele>
<time>2023-07-13T09:08:04Z</time>
<extensions>
<tp1:TrackPointExtension>
<tp1:hr>154</tp1:hr>
</tp1:TrackPointExtension>
</extensions>
</trkpt>
<trkpt lat="57.86827158" lon="19.00131918">
<ele>50.6</ele>
<time>2023-07-13T09:08:06Z</time>
<extensions>
<tp1:TrackPointExtension>
<tp1:hr>152</tp1:hr>
</tp1:TrackPointExtension>
</extensions>
</trkpt>
<trkpt lat="57.86827954" lon="19.00133017">
<ele>50.5</ele>
<time>2023-07-13T09:08:08Z</time>
<extensions>
<tp1:TrackPointExtension>
<tp1:hr>153</tp1:hr>
</tp1:TrackPointExtension>
</extensions>
</trkpt>
<trkpt lat="57.86828977" lon="19.00134064">
<ele>50.3</ele>
<time>2023-07-13T09:08:15Z</time>
<extensions>
<tp1:TrackPointExtension>
<tp1:hr>156</tp1:hr>
</tp1:TrackPointExtension>
</extensions>
</trkpt>
<trkpt lat="57.86826706" lon="19.00136906">
<ele>50.3</ele>
<time>2023-07-13T09:08:22Z</time>
<extensions>
<tp1:TrackPointExtension>
<tp1:hr>153</tp1:hr>
</tp1:TrackPointExtension>
</extensions>
</trkpt>
<trkpt lat="57.86827359" lon="19.00138951">
<ele>50.1</ele>
<time>2023-07-13T09:08:27Z</time>
<extensions>
<tp1:TrackPointExtension>
<tp1:hr>150</tp1:hr>
</tp1:TrackPointExtension>
</extensions>
</trkpt>
<trkpt lat="57.86828424" lon="19.00140963">
<ele>50.1</ele>
<time>2023-07-13T09:08:30Z</time>
<extensions>
<tp1:TrackPointExtension>
<tp1:hr>153</tp1:hr>
</tp1:TrackPointExtension>
</extensions>
</trkpt>
<trkpt lat="57.86829455" lon="19.00142882">
<ele>50.1</ele>
<time>2023-07-13T09:08:33Z</time>
<extensions>
<tp1:TrackPointExtension>
<tp1:hr>156</tp1:hr>
</tp1:TrackPointExtension>
</extensions>
</trkpt>
<trkpt lat="57.86827954" lon="19.00144366">
<ele>50.1</ele>
<time>2023-07-13T09:08:35Z</time>
<extensions>
<tp1:TrackPointExtension>
<tp1:hr>156</tp1:hr>
</tp1:TrackPointExtension>
</extensions>
</trkpt>
<trkpt lat="57.86821534" lon="19.00144676">
<ele>50.1</ele>
<time>2023-07-13T09:08:38Z</time>
<extensions>
<tp1:TrackPointExtension>
<tp1:hr>156</tp1:hr>
</tp1:TrackPointExtension>
</extensions>
</trkpt>
<trkpt lat="57.86818441" lon="19.00146813">
<ele>50.1</ele>
<time>2023-07-13T09:08:40Z</time>
<extensions>
<tp1:TrackPointExtension>
<tp1:hr>157</tp1:hr>
</tp1:TrackPointExtension>
</extensions>
</trkpt>
<trkpt lat="57.86817603" lon="19.00153644">
<ele>50.1</ele>
<time>2023-07-13T09:08:42Z</time>
<extensions>
<tp1:TrackPointExtension>
<tp1:hr>156</tp1:hr>
</tp1:TrackPointExtension>
</extensions>
</trkpt>
<trkpt lat="57.8681803" lon="19.00163191">
<ele>50.1</ele>
<time>2023-07-13T09:08:44Z</time>
<extensions>
<tp1:TrackPointExtension>
<tp1:hr>158</tp1:hr>
</tp1:TrackPointExtension>
</extensions>
</trkpt>
<trkpt lat="57.86817796" lon="19.00167676">
<ele>50.1</ele>
<time>2023-07-13T09:08:45Z</time>
<extensions>
<tp1:TrackPointExtension>
<tp1:hr>161</tp1:hr>
</tp1:TrackPointExtension>
</extensions>
</trkpt>
<trkpt lat="57.8681627" lon="19.00179201">
<ele>50.1</ele>
<time>2023-07-13T09:08:48Z</time>
<extensions>
<tp1:TrackPointExtension>
<tp1:hr>164</tp1:hr>
</tp1:TrackPointExtension>
</extensions>
</trkpt>
<trkpt lat="57.86813672" lon="19.001905">
<ele>50.0</ele>
<time>2023-07-13T09:08:51Z</time>
<extensions>
<tp1:TrackPointExtension>
<tp1:hr>167</tp1:hr>
</tp1:TrackPointExtension>
</extensions>
</trkpt>
<trkpt lat="57.86812683" lon="19.0020526">
<ele>50.0</ele>
<time>2023-07-13T09:08:54Z</time>
<extensions>
<tp1:TrackPointExtension>
<tp1:hr>166</tp1:hr>
</tp1:TrackPointExtension>
</extensions>
</trkpt>
<trkpt lat="57.8681601" lon="19.00216752">
<ele>50.0</ele>
<time>2023-07-13T09:08:56Z</time>
<extensions>
<tp1:TrackPointExtension>
<tp1:hr>164</tp1:hr>
</tp1:TrackPointExtension>
</extensions>
</trkpt>
<trkpt lat="57.86816513" lon="19.0022199">
<ele>50.0</ele>
<time>2023-07-13T09:08:57Z</time>
<extensions>
<tp1:TrackPointExtension>
<tp1:hr>162</tp1:hr>
</tp1:TrackPointExtension>
</extensions>
</trkpt>
<trkpt lat="57.86809623" lon="19.002524">
<ele>50.0</ele>
<time>2023-07-13T09:09:02Z</time>
<extensions>
<tp1:TrackPointExtension>
<tp1:hr>165</tp1:hr>
</tp1:TrackPointExtension>
</extensions>
</trkpt>
<trkpt lat="57.86804535" lon="19.00282877">
<ele>50.0</ele>
<time>2023-07-13T09:09:06Z</time>
<extensions>
<tp1:TrackPointExtension>
<tp1:hr>166</tp1:hr>
</tp1:TrackPointExtension>
</extensions>
</trkpt>
<trkpt lat="57.86801635" lon="19.00312884">
<ele>49.8</ele>
<time>2023-07-13T09:09:11Z</time>
<extensions>
<tp1:TrackPointExtension>
<tp1:hr>168</tp1:hr>
</tp1:TrackPointExtension>
</extensions>
</trkpt>
<trkpt lat="57.86800789" lon="19.00328608">
<ele>49.8</ele>
<time>2023-07-13T09:09:14Z</time>
<extensions>
<tp1:TrackPointExtension>
<tp1:hr>165</tp1:hr>
</tp1:TrackPointExtension>
</extensions>
</trkpt>
<trkpt lat="57.86799741" lon="19.00347141">
<ele>49.8</ele>
<time>2023-07-13T09:09:17Z</time>
<extensions>
<tp1:TrackPointExtension>
<tp1:hr>166</tp1:hr>
</tp1:TrackPointExtension>
</extensions>
</trkpt>
<trkpt lat="57.86797302" lon="19.00376896">
<ele>49.8</ele>
<time>2023-07-13T09:09:22Z</time>
<extensions>
<tp1:TrackPointExtension>
<tp1:hr>167</tp1:hr>
</tp1:TrackPointExtension>
</extensions>
</trkpt>
<trkpt lat="57.86796992" lon="19.00390961">
<ele>49.6</ele>
<time>2023-07-13T09:09:25Z</time>
<extensions>
<tp1:TrackPointExtension>
<tp1:hr>168</tp1:hr>
</tp1:TrackPointExtension>
</extensions>
</trkpt>
<trkpt lat="57.86794603" lon="19.00399318">
<ele>49.6</ele>
<time>2023-07-13T09:09:27Z</time>
<extensions>
<tp1:TrackPointExtension>
<tp1:hr>167</tp1:hr>
</tp1:TrackPointExtension>
</extensions>
</trkpt>
<trkpt lat="57.86792642" lon="19.00419141">
<ele>49.6</ele>
<time>2023-07-13T09:09:31Z</time>
<extensions>
<tp1:TrackPointExtension>
<tp1:hr>167</tp1:hr>
</tp1:TrackPointExtension>
</extensions>
</trkpt>
<trkpt lat="57.86790378" lon="19.00436995">
<ele>49.4</ele>
<time>2023-07-13T09:09:34Z</time>
<extensions>
<tp1:TrackPointExtension>
<tp1:hr>160</tp1:hr>
</tp1:TrackPointExtension>
</extensions>
</trkpt>
<trkpt lat="57.86787277" lon="19.00451772">
<ele>49.3</ele>
<time>2023-07-13T09:09:36Z</time>
<extensions>
<tp1:TrackPointExtension>
<tp1:hr>161</tp1:hr>
</tp1:TrackPointExtension>
</extensions>
</trkpt>
<trkpt lat="57.8678571" lon="19.00466331">
<ele>49.1</ele>
<time>2023-07-13T09:09:40Z</time>
<extensions>
<tp1:TrackPointExtension>
<tp1:hr>159</tp1:hr>
</tp1:TrackPointExtension>
</extensions>
</trkpt>
<trkpt lat="57.8678483" lon="19.00479516">
<ele>49.1</ele>
<time>2023-07-13T09:09:42Z</time>
<extensions>
<tp1:TrackPointExtension>
<tp1:hr>158</tp1:hr>
</tp1:TrackPointExtension>
</extensions>
</trkpt>
<trkpt lat="57.86785307" lon="19.00492609">
<ele>49.1</ele>
<time>2023-07-13T09:09:45Z</time>
<extensions>
<tp1:TrackPointExtension>
<tp1:hr>156</tp1:hr>
</tp1:TrackPointExtension>
</extensions>
</trkpt>
<trkpt lat="57.86783103" lon="19.00501083">
<ele>48.9</ele>
<time>2023-07-13T09:09:47Z</time>
<extensions>
<tp1:TrackPointExtension>
<tp1:hr>157</tp1:hr>
</tp1:TrackPointExtension>
</extensions>
</trkpt>
<trkpt lat="57.86781259" lon="19.00521317">
<ele>48.7</ele>
<time>2023-07-13T09:09:51Z</time>
<extensions>
<tp1:TrackPointExtension>
<tp1:hr>156</tp1:hr>
</tp1:TrackPointExtension>
</extensions>
</trkpt>
<trkpt lat="57.86782541" lon="19.00537821">
<ele>48.7</ele>
<time>2023-07-13T09:09:54Z</time>
<extensions>
<tp1:TrackPointExtension>
<tp1:hr>159</tp1:hr>
</tp1:TrackPointExtension>
</extensions>
</trkpt>
<trkpt lat="57.86782592" lon="19.00543864">
<ele>48.5</ele>
<time>2023-07-13T09:09:55Z</time>
<extensions>
<tp1:TrackPointExtension>
<tp1:hr>158</tp1:hr>
</tp1:TrackPointExtension>
</extensions>
</trkpt>
<trkpt lat="57.8678312" lon="19.00569345">
<ele>48.3</ele>
<time>2023-07-13T09:10:00Z</time>
<extensions>
<tp1:TrackPointExtension>
<tp1:hr>156</tp1:hr>
</tp1:TrackPointExtension>
</extensions>
</trkpt>
<trkpt lat="57.86786238" lon="19.00594013">
<ele>48.1</ele>
<time>2023-07-13T09:10:05Z</time>
<extensions>
<tp1:TrackPointExtension>
<tp1:hr>156</tp1:hr>
</tp1:TrackPointExtension>
</extensions>
</trkpt>
<trkpt lat="57.86789322" lon="19.00618144">
<ele>47.9</ele>
<time>2023-07-13T09:10:10Z</time>
<extensions>
<tp1:TrackPointExtension>
<tp1:hr>156</tp1:hr>
</tp1:TrackPointExtension>
</extensions>
</trkpt>
<trkpt lat="57.86787671" lon="19.00635595">
<ele>47.7</ele>
<time>2023-07-13T09:10:15Z</time>
<extensions>
<tp1:TrackPointExtension>
<tp1:hr>156</tp1:hr>
</tp1:TrackPointExtension>
</extensions>
</trkpt>
<trkpt lat="57.86785869" lon="19.00637884">
<ele>47.5</ele>
<time>2023-07-13T09:10:17Z</time>
<extensions>
<tp1:TrackPointExtension>
<tp1:hr>156</tp1:hr>
</tp1:TrackPointExtension>
</extensions>
</trkpt>
<trkpt lat="57.86781871" lon="19.00639862">
<ele>47.5</ele>
<time>2023-07-13T09:10:20Z</time>
<extensions>
<tp1:TrackPointExtension>
<tp1:hr>157</tp1:hr>
</tp1:TrackPointExtension>
</extensions>
</trkpt>
<trkpt lat="57.86780018" lon="19.00642628">
<ele>47.2</ele>
<time>2023-07-13T09:10:22Z</time>
<extensions>
<tp1:TrackPointExtension>
<tp1:hr>157</tp1:hr>
</tp1:TrackPointExtension>
</extensions>
</trkpt>
<trkpt lat="57.86778149" lon="19.00649426">
<ele>47.2</ele>
<time>2023-07-13T09:10:24Z</time>
<extensions>
<tp1:TrackPointExtension>
<tp1:hr>156</tp1:hr>
</tp1:TrackPointExtension>
</extensions>
</trkpt>
<trkpt lat="57.86776171" lon="19.00655368">
<ele>47.0</ele>
<time>2023-07-13T09:10:26Z</time>
<extensions>
<tp1:TrackPointExtension>
<tp1:hr>154</tp1:hr>
</tp1:TrackPointExtension>
</extensions>
</trkpt>
<trkpt lat="57.86774629" lon="19.00656726">
<ele>47.0</ele>
<time>2023-07-13T09:10:27Z</time>
<extensions>
<tp1:TrackPointExtension>
<tp1:hr>152</tp1:hr>
</tp1:TrackPointExtension>
</extensions>
</trkpt>
<trkpt lat="57.86770865" lon="19.00656953">
<ele>46.8</ele>
<time>2023-07-13T09:10:29Z</time>
<extensions>
<tp1:TrackPointExtension>
<tp1:hr>150</tp1:hr>
</tp1:TrackPointExtension>
</extensions>
</trkpt>
<trkpt lat="57.86768829" lon="19.00658134">
<ele>46.8</ele>
<time>2023-07-13T09:10:30Z</time>
<extensions>
<tp1:TrackPointExtension>
<tp1:hr>151</tp1:hr>
</tp1:TrackPointExtension>
</extensions>
</trkpt>
<trkpt lat="57.86760706" lon="19.00658461">
<ele>46.6</ele>
<time>2023-07-13T09:10:34Z</time>
<extensions>
<tp1:TrackPointExtension>
<tp1:hr>154</tp1:hr>
</tp1:TrackPointExtension>
</extensions>
</trkpt>
<trkpt lat="57.86745342" lon="19.00650674">
<ele>46.6</ele>
<time>2023-07-13T09:10:39Z</time>
<extensions>
<tp1:TrackPointExtension>
<tp1:hr>152</tp1:hr>
</tp1:TrackPointExtension>
</extensions>
</trkpt>
<trkpt lat="57.86733951" lon="19.00644145">
<ele>46.4</ele>
<time>2023-07-13T09:10:43Z</time>
<extensions>
<tp1:TrackPointExtension>
<tp1:hr>152</tp1:hr>
</tp1:TrackPointExtension>
</extensions>
</trkpt>
<trkpt lat="57.86732191" lon="19.00642804">
<ele>46.4</ele>
<time>2023-07-13T09:10:45Z</time>
<extensions>
<tp1:TrackPointExtension>
<tp1:hr>150</tp1:hr>
</tp1:TrackPointExtension>
</extensions>
</trkpt>
<trkpt lat="57.86732518" lon="19.00643667">
<ele>46.4</ele>
<time>2023-07-13T09:10:46Z</time>
<extensions>
<tp1:TrackPointExtension>
<tp1:hr>151</tp1:hr>
</tp1:TrackPointExtension>
</extensions>
</trkpt>
<trkpt lat="57.8673681" lon="19.00656248">
<ele>46.2</ele>
<time>2023-07-13T09:10:50Z</time>
<extensions>
<tp1:TrackPointExtension>
<tp1:hr>152</tp1:hr>
</tp1:TrackPointExtension>
</extensions>
</trkpt>
<trkpt lat="57.86742375" lon="19.0066629">
<ele>46.2</ele>
<time>2023-07-13T09:10:53Z</time>
<extensions>
<tp1:TrackPointExtension>
<tp1:hr>154</tp1:hr>
</tp1:TrackPointExtension>
</extensions>
</trkpt>
<trkpt lat="57.86744286" lon="19.00667732">
<ele>46.2</ele>
<time>2023-07-13T09:10:54Z</time>
<extensions>
<tp1:TrackPointExtension>
<tp1:hr>154</tp1:hr>
</tp1:TrackPointExtension>
</extensions>
</trkpt>
<trkpt lat="57.86758234" lon="19.00675166">
<ele>46.0</ele>
<time>2023-07-13T09:10:59Z</time>
<extensions>
<tp1:TrackPointExtension>
<tp1:hr>154</tp1:hr>
</tp1:TrackPointExtension>
</extensions>
</trkpt>
<trkpt lat="57.86766088" lon="19.00677907">
<ele>46.0</ele>
<time>2023-07-13T09:11:01Z</time>
<extensions>
<tp1:TrackPointExtension>
<tp1:hr>153</tp1:hr>
</tp1:TrackPointExtension>
</extensions>
</trkpt>
<trkpt lat="57.86781485" lon="19.00680036">
<ele>45.7</ele>
<time>2023-07-13T09:11:05Z</time>
<extensions>
<tp1:TrackPointExtension>
<tp1:hr>156</tp1:hr>
</tp1:TrackPointExtension>
</extensions>
</trkpt>
<trkpt lat="57.86800395" lon="19.00677237">
<ele>45.5</ele>
<time>2023-07-13T09:11:10Z</time>
<extensions>
<tp1:TrackPointExtension>
<tp1:hr>155</tp1:hr>
</tp1:TrackPointExtension>
</extensions>
</trkpt>
<trkpt lat="57.86803479" lon="19.00678511">
<ele>45.5</ele>
<time>2023-07-13T09:11:11Z</time>
<extensions>
<tp1:TrackPointExtension>
<tp1:hr>156</tp1:hr>
</tp1:TrackPointExtension>
</extensions>
</trkpt>
<trkpt lat="57.86820989" lon="19.00676197">
<ele>45.3</ele>
<time>2023-07-13T09:11:16Z</time>
<extensions>
<tp1:TrackPointExtension>
<tp1:hr>156</tp1:hr>
</tp1:TrackPointExtension>
</extensions>
</trkpt>
<trkpt lat="57.86832917" lon="19.00656575">
<ele>45.1</ele>
<time>2023-07-13T09:11:20Z</time>
<extensions>
<tp1:TrackPointExtension>
<tp1:hr>159</tp1:hr>
</tp1:TrackPointExtension>
</extensions>
</trkpt>
<trkpt lat="57.8684336" lon="19.00628974">
<ele>44.9</ele>
<time>2023-07-13T09:11:25Z</time>
<extensions>
<tp1:TrackPointExtension>
<tp1:hr>161</tp1:hr>
</tp1:TrackPointExtension>
</extensions>
</trkpt>
<trkpt lat="57.86851089" lon="19.00615755">
<ele>44.9</ele>
<time>2023-07-13T09:11:28Z</time>
<extensions>
<tp1:TrackPointExtension>
<tp1:hr>155</tp1:hr>
</tp1:TrackPointExtension>
</extensions>
</trkpt>
<trkpt lat="57.8685714" lon="19.00610207">
<ele>44.7</ele>
<time>2023-07-13T09:11:30Z</time>
<extensions>
<tp1:TrackPointExtension>
<tp1:hr>156</tp1:hr>
</tp1:TrackPointExtension>
</extensions>
</trkpt>
<trkpt lat="57.86876285" lon="19.00597164">
<ele>44.5</ele>
<time>2023-07-13T09:11:36Z</time>
<extensions>
<tp1:TrackPointExtension>
<tp1:hr>158</tp1:hr>
</tp1:TrackPointExtension>
</extensions>
</trkpt>
<trkpt lat="57.86887541" lon="19.00590031">
<ele>44.5</ele>
<time>2023-07-13T09:11:40Z</time>
<extensions>
<tp1:TrackPointExtension>
<tp1:hr>157</tp1:hr>
</tp1:TrackPointExtension>
</extensions>
</trkpt>
<trkpt lat="57.86898161" lon="19.00576252">
<ele>44.3</ele>
<time>2023-07-13T09:11:44Z</time>
<extensions>
<tp1:TrackPointExtension>
<tp1:hr>156</tp1:hr>
</tp1:TrackPointExtension>
</extensions>
</trkpt>
<trkpt lat="57.86911363" lon="19.00557493">
<ele>44.0</ele>
<time>2023-07-13T09:11:50Z</time>
<extensions>
<tp1:TrackPointExtension>
<tp1:hr>158</tp1:hr>
</tp1:TrackPointExtension>
</extensions>
</trkpt>
<trkpt lat="57.8692329" lon="19.00536111">
<ele>44.0</ele>
<time>2023-07-13T09:11:55Z</time>
<extensions>
<tp1:TrackPointExtension>
<tp1:hr>156</tp1:hr>
</tp1:TrackPointExtension>
</extensions>
</trkpt>
<trkpt lat="57.86933416" lon="19.00521669">
<ele>43.8</ele>
<time>2023-07-13T09:11:59Z</time>
<extensions>
<tp1:TrackPointExtension>
<tp1:hr>156</tp1:hr>
</tp1:TrackPointExtension>
</extensions>
</trkpt>
<trkpt lat="57.86937975" lon="19.00516204">
<ele>43.8</ele>
<time>2023-07-13T09:12:01Z</time>
<extensions>
<tp1:TrackPointExtension>
<tp1:hr>156</tp1:hr>
</tp1:TrackPointExtension>
</extensions>
</trkpt>
<trkpt lat="57.86944656" lon="19.00503572">
<ele>43.6</ele>
<time>2023-07-13T09:12:05Z</time>
<extensions>
<tp1:TrackPointExtension>
<tp1:hr>153</tp1:hr>
</tp1:TrackPointExtension>
</extensions>
</trkpt>
<trkpt lat="57.86951923" lon="19.00498074">
<ele>43.6</ele>
<time>2023-07-13T09:12:08Z</time>
<extensions>
<tp1:TrackPointExtension>
<tp1:hr>156</tp1:hr>
</tp1:TrackPointExtension>
</extensions>
</trkpt>
<trkpt lat="57.86956214" lon="19.0049654">
<ele>43.4</ele>
<time>2023-07-13T09:12:10Z</time>
<extensions>
<tp1:TrackPointExtension>
<tp1:hr>156</tp1:hr>
</tp1:TrackPointExtension>
</extensions>
</trkpt>
<trkpt lat="57.86965493" lon="19.00494847">
<ele>43.2</ele>
<time>2023-07-13T09:12:14Z</time>
<extensions>
<tp1:TrackPointExtension>
<tp1:hr>157</tp1:hr>
</tp1:TrackPointExtension>
</extensions>
</trkpt>
<trkpt lat="57.86974219" lon="19.00499859">
<ele>43.0</ele>
<time>2023-07-13T09:12:18Z</time>
<extensions>
<tp1:TrackPointExtension>
<tp1:hr>158</tp1:hr>
</tp1:TrackPointExtension>
</extensions>
</trkpt>
<trkpt lat="57.86975912" lon="19.00500219">
<ele>43.0</ele>
<time>2023-07-13T09:12:19Z</time>
<extensions>
<tp1:TrackPointExtension>
<tp1:hr>157</tp1:hr>
</tp1:TrackPointExtension>
</extensions>
</trkpt>
<trkpt lat="57.86983472" lon="19.00488812">
<ele>42.8</ele>
<time>2023-07-13T09:12:23Z</time>
<extensions>
<tp1:TrackPointExtension>
<tp1:hr>159</tp1:hr>
</tp1:TrackPointExtension>
</extensions>
</trkpt>
<trkpt lat="57.86985417" lon="19.00484998">
<ele>42.8</ele>
<time>2023-07-13T09:12:24Z</time>
<extensions>
<tp1:TrackPointExtension>
<tp1:hr>160</tp1:hr>
</tp1:TrackPointExtension>
</extensions>
</trkpt>
<trkpt lat="57.86987286" lon="19.00480589">
<ele>42.6</ele>
<time>2023-07-13T09:12:25Z</time>
<extensions>
<tp1:TrackPointExtension>
<tp1:hr>160</tp1:hr>
</tp1:TrackPointExtension>
</extensions>
</trkpt>
<trkpt lat="57.86994" lon="19.00468527">
<ele>42.6</ele>
<time>2023-07-13T09:12:28Z</time>
<extensions>
<tp1:TrackPointExtension>
<tp1:hr>163</tp1:hr>
</tp1:TrackPointExtension>
</extensions>
</trkpt>
<trkpt lat="57.86997453" lon="19.00460808">
<ele>42.4</ele>
<time>2023-07-13T09:12:30Z</time>
<extensions>
<tp1:TrackPointExtension>
<tp1:hr>160</tp1:hr>
</tp1:TrackPointExtension>
</extensions>
</trkpt>
<trkpt lat="57.87007461" lon="19.00438956">
<ele>42.1</ele>
<time>2023-07-13T09:12:35Z</time>
<extensions>
<tp1:TrackPointExtension>
<tp1:hr>159</tp1:hr>
</tp1:TrackPointExtension>
</extensions>
</trkpt>
<trkpt lat="57.87012683" lon="19.00425838">
<ele>41.9</ele>
<time>2023-07-13T09:12:38Z</time>
<extensions>
<tp1:TrackPointExtension>
<tp1:hr>157</tp1:hr>
</tp1:TrackPointExtension>
</extensions>
</trkpt>
<trkpt lat="57.87013195" lon="19.00420809">
<ele>41.9</ele>
<time>2023-07-13T09:12:39Z</time>
<extensions>
<tp1:TrackPointExtension>
<tp1:hr>156</tp1:hr>
</tp1:TrackPointExtension>
</extensions>
</trkpt>
<trkpt lat="57.87016883" lon="19.00402939">
<ele>41.7</ele>
<time>2023-07-13T09:12:43Z</time>
<extensions>
<tp1:TrackPointExtension>
<tp1:hr>156</tp1:hr>
</tp1:TrackPointExtension>
</extensions>
</trkpt>
<trkpt lat="57.87018777" lon="19.00391774">
<ele>41.5</ele>
<time>2023-07-13T09:12:45Z</time>
<extensions>
<tp1:TrackPointExtension>
<tp1:hr>155</tp1:hr>
</tp1:TrackPointExtension>
</extensions>
</trkpt>
<trkpt lat="57.87026136" lon="19.00375631">
<ele>41.3</ele>
<time>2023-07-13T09:12:48Z</time>
<extensions>
<tp1:TrackPointExtension>
<tp1:hr>153</tp1:hr>
</tp1:TrackPointExtension>
</extensions>
</trkpt>
<trkpt lat="57.87031836" lon="19.00359336">
<ele>41.1</ele>
<time>2023-07-13T09:12:51Z</time>
<extensions>
<tp1:TrackPointExtension>
<tp1:hr>152</tp1:hr>
</tp1:TrackPointExtension>
</extensions>
</trkpt>
<trkpt lat="57.87033512" lon="19.00347149">
<ele>41.1</ele>
<time>2023-07-13T09:12:53Z</time>
<extensions>
<tp1:TrackPointExtension>
<tp1:hr>155</tp1:hr>
</tp1:TrackPointExtension>
</extensions>
</trkpt>
<trkpt lat="57.87041031" lon="19.00324468">
<ele>40.7</ele>
<time>2023-07-13T09:12:58Z</time>
<extensions>
<tp1:TrackPointExtension>
<tp1:hr>154</tp1:hr>
</tp1:TrackPointExtension>
</extensions>
</trkpt>
<trkpt lat="57.87050854" lon="19.00302222">
<ele>40.5</ele>
<time>2023-07-13T09:13:03Z</time>
<extensions>
<tp1:TrackPointExtension>
<tp1:hr>157</tp1:hr>
</tp1:TrackPointExtension>
</extensions>
</trkpt>
<trkpt lat="57.87058239" lon="19.00272768">
<ele>40.3</ele>
<time>2023-07-13T09:13:08Z</time>
<extensions>
<tp1:TrackPointExtension>
<tp1:hr>155</tp1:hr>
</tp1:TrackPointExtension>
</extensions>
</trkpt>
<trkpt lat="57.87059647" lon="19.00251436">
<ele>40.3</ele>
<time>2023-07-13T09:13:12Z</time>
<extensions>
<tp1:TrackPointExtension>
<tp1:hr>158</tp1:hr>
</tp1:TrackPointExtension>
</extensions>
</trkpt>
<trkpt lat="57.87058733" lon="19.00245669">
<ele>40.3</ele>
<time>2023-07-13T09:13:13Z</time>
<extensions>
<tp1:TrackPointExtension>
<tp1:hr>157</tp1:hr>
</tp1:TrackPointExtension>
</extensions>
</trkpt>
<trkpt lat="57.87047409" lon="19.00218252">
<ele>40.3</ele>
<time>2023-07-13T09:13:18Z</time>
<extensions>
<tp1:TrackPointExtension>
<tp1:hr>156</tp1:hr>
</tp1:TrackPointExtension>
</extensions>
</trkpt>
<trkpt lat="57.87037552" lon="19.00183886">
<ele>40.0</ele>
<time>2023-07-13T09:13:24Z</time>
<extensions>
<tp1:TrackPointExtension>
<tp1:hr>155</tp1:hr>
</tp1:TrackPointExtension>
</extensions>
</trkpt>
<trkpt lat="57.87033563" lon="19.00171037">
<ele>40.0</ele>
<time>2023-07-13T09:13:26Z</time>
<extensions>
<tp1:TrackPointExtension>
<tp1:hr>155</tp1:hr>
</tp1:TrackPointExtension>
</extensions>
</trkpt>
<trkpt lat="57.87026346" lon="19.00134651">
<ele>40.0</ele>
<time>2023-07-13T09:13:31Z</time>
<extensions>
<tp1:TrackPointExtension>
<tp1:hr>153</tp1:hr>
</tp1:TrackPointExtension>
</extensions>
</trkpt>
<trkpt lat="57.87024644" lon="19.00119597">
<ele>40.0</ele>
<time>2023-07-13T09:13:33Z</time>
<extensions>
<tp1:TrackPointExtension>
<tp1:hr>153</tp1:hr>
</tp1:TrackPointExtension>
</extensions>
</trkpt>
<trkpt lat="57.87023932" lon="19.00084536">
<ele>40.2</ele>
<time>2023-07-13T09:13:38Z</time>
<extensions>
<tp1:TrackPointExtension>
<tp1:hr>152</tp1:hr>
</tp1:TrackPointExtension>
</extensions>
</trkpt>
<trkpt lat="57.87024812" lon="19.00078082">
<ele>40.2</ele>
<time>2023-07-13T09:13:39Z</time>
<extensions>
<tp1:TrackPointExtension>
<tp1:hr>157</tp1:hr>
</tp1:TrackPointExtension>
</extensions>
</trkpt>
<trkpt lat="57.87026631" lon="19.00073052">
<ele>40.2</ele>
<time>2023-07-13T09:13:40Z</time>
<extensions>
<tp1:TrackPointExtension>
<tp1:hr>157</tp1:hr>
</tp1:TrackPointExtension>
</extensions>
</trkpt>
<trkpt lat="57.87030822" lon="19.00063246">
<ele>40.2</ele>
<time>2023-07-13T09:13:42Z</time>
<extensions>
<tp1:TrackPointExtension>
<tp1:hr>156</tp1:hr>
</tp1:TrackPointExtension>
</extensions>
</trkpt>
<trkpt lat="57.87033915" lon="19.00056565">
<ele>40.2</ele>
<time>2023-07-13T09:13:46Z</time>
<extensions>
<tp1:TrackPointExtension>
<tp1:hr>156</tp1:hr>
</tp1:TrackPointExtension>
</extensions>
</trkpt>
<trkpt lat="57.8703373" lon="19.00055149">
<ele>40.2</ele>
<time>2023-07-13T09:13:47Z</time>
<extensions>
<tp1:TrackPointExtension>
<tp1:hr>156</tp1:hr>
</tp1:TrackPointExtension>
</extensions>
</trkpt>
<trkpt lat="57.87038407" lon="19.00057588">
<ele>40.2</ele>
<time>2023-07-13T09:13:51Z</time>
<extensions>
<tp1:TrackPointExtension>
<tp1:hr>155</tp1:hr>
</tp1:TrackPointExtension>
</extensions>
</trkpt>
<trkpt lat="57.8704378" lon="19.00061192">
<ele>40.2</ele>
<time>2023-07-13T09:13:54Z</time>
<extensions>
<tp1:TrackPointExtension>
<tp1:hr>159</tp1:hr>
</tp1:TrackPointExtension>
</extensions>
</trkpt>
<trkpt lat="57.87048348" lon="19.00063765">
<ele>40.2</ele>
<time>2023-07-13T09:13:56Z</time>
<extensions>
<tp1:TrackPointExtension>
<tp1:hr>162</tp1:hr>
</tp1:TrackPointExtension>
</extensions>
</trkpt>
<trkpt lat="57.87059622" lon="19.00070898">
<ele>40.2</ele>
<time>2023-07-13T09:14:01Z</time>
<extensions>
<tp1:TrackPointExtension>
<tp1:hr>162</tp1:hr>
</tp1:TrackPointExtension>
</extensions>
</trkpt>
<trkpt lat="57.8707077" lon="19.00078492">
<ele>40.1</ele>
<time>2023-07-13T09:14:07Z</time>
<extensions>
<tp1:TrackPointExtension>
<tp1:hr>159</tp1:hr>
</tp1:TrackPointExtension>
</extensions>
</trkpt>
<trkpt lat="57.87076377" lon="19.00078995">
<ele>40.1</ele>
<time>2023-07-13T09:14:09Z</time>
<extensions>
<tp1:TrackPointExtension>
<tp1:hr>162</tp1:hr>
</tp1:TrackPointExtension>
</extensions>
</trkpt>
<trkpt lat="57.87085438" lon="19.00079699">
<ele>40.1</ele>
<time>2023-07-13T09:14:12Z</time>
<extensions>
<tp1:TrackPointExtension>
<tp1:hr>161</tp1:hr>
</tp1:TrackPointExtension>
</extensions>
</trkpt>
<trkpt lat="57.87099796" lon="19.00077964">
<ele>40.1</ele>
<time>2023-07-13T09:14:17Z</time>
<extensions>
<tp1:TrackPointExtension>
<tp1:hr>164</tp1:hr>
</tp1:TrackPointExtension>
</extensions>
</trkpt>
<trkpt lat="57.8710584" lon="19.00078953">
<ele>40.1</ele>
<time>2023-07-13T09:14:19Z</time>
<extensions>
<tp1:TrackPointExtension>
<tp1:hr>163</tp1:hr>
</tp1:TrackPointExtension>
</extensions>
</trkpt>
<trkpt lat="57.87111858" lon="19.0008187">
<ele>40.1</ele>
<time>2023-07-13T09:14:21Z</time>
<extensions>
<tp1:TrackPointExtension>
<tp1:hr>166</tp1:hr>
</tp1:TrackPointExtension>
</extensions>
</trkpt>
<trkpt lat="57.87120525" lon="19.0008669">
<ele>40.1</ele>
<time>2023-07-13T09:14:24Z</time>
<extensions>
<tp1:TrackPointExtension>
<tp1:hr>164</tp1:hr>
</tp1:TrackPointExtension>
</extensions>
</trkpt>
<trkpt lat="57.87131505" lon="19.00091191">
<ele>39.9</ele>
<time>2023-07-13T09:14:28Z</time>
<extensions>
<tp1:TrackPointExtension>
<tp1:hr>164</tp1:hr>
</tp1:TrackPointExtension>
</extensions>
</trkpt>
<trkpt lat="57.87143659" lon="19.00091283">
<ele>39.7</ele>
<time>2023-07-13T09:14:32Z</time>
<extensions>
<tp1:TrackPointExtension>
<tp1:hr>161</tp1:hr>
</tp1:TrackPointExtension>
</extensions>
</trkpt>
<trkpt lat="57.87146517" lon="19.00090403">
<ele>39.7</ele>
<time>2023-07-13T09:14:33Z</time>
<extensions>
<tp1:TrackPointExtension>
<tp1:hr>161</tp1:hr>
</tp1:TrackPointExtension>
</extensions>
</trkpt>
<trkpt lat="57.87158797" lon="19.00090143">
<ele>39.5</ele>
<time>2023-07-13T09:14:38Z</time>
<extensions>
<tp1:TrackPointExtension>
<tp1:hr>160</tp1:hr>
</tp1:TrackPointExtension>
</extensions>
</trkpt>
<trkpt lat="57.87165879" lon="19.00088408">
<ele>39.3</ele>
<time>2023-07-13T09:14:41Z</time>
<extensions>
<tp1:TrackPointExtension>
<tp1:hr>160</tp1:hr>
</tp1:TrackPointExtension>
</extensions>
</trkpt>
<trkpt lat="57.8717183" lon="19.00085466">
<ele>39.1</ele>
<time>2023-07-13T09:14:43Z</time>
<extensions>
<tp1:TrackPointExtension>
<tp1:hr>162</tp1:hr>
</tp1:TrackPointExtension>
</extensions>
</trkpt>
<trkpt lat="57.87185074" lon="19.00074662">
<ele>38.8</ele>
<time>2023-07-13T09:14:48Z</time>
<extensions>
<tp1:TrackPointExtension>
<tp1:hr>159</tp1:hr>
</tp1:TrackPointExtension>
</extensions>
</trkpt>
<trkpt lat="57.87186993" lon="19.00071787">
<ele>38.8</ele>
<time>2023-07-13T09:14:49Z</time>
<extensions>
<tp1:TrackPointExtension>
<tp1:hr>158</tp1:hr>
</tp1:TrackPointExtension>
</extensions>
</trkpt>
<trkpt lat="57.8718867" lon="19.00070689">
<ele>38.8</ele>
<time>2023-07-13T09:14:50Z</time>
<extensions>
<tp1:TrackPointExtension>
<tp1:hr>157</tp1:hr>
</tp1:TrackPointExtension>
</extensions>
</trkpt>
<trkpt lat="57.87192165" lon="19.00069264">
<ele>38.6</ele>
<time>2023-07-13T09:14:52Z</time>
<extensions>
<tp1:TrackPointExtension>
<tp1:hr>154</tp1:hr>
</tp1:TrackPointExtension>
</extensions>
</trkpt>
<trkpt lat="57.87194227" lon="19.00067001">
<ele>38.6</ele>
<time>2023-07-13T09:14:53Z</time>
<extensions>
<tp1:TrackPointExtension>
<tp1:hr>151</tp1:hr>
</tp1:TrackPointExtension>
</extensions>
</trkpt>
<trkpt lat="57.87196775" lon="19.00065467">
<ele>38.4</ele>
<time>2023-07-13T09:14:54Z</time>
<extensions>
<tp1:TrackPointExtension>
<tp1:hr>154</tp1:hr>
</tp1:TrackPointExtension>
</extensions>
</trkpt>
<trkpt lat="57.87209658" lon="19.0006208">
<ele>38.2</ele>
<time>2023-07-13T09:14:59Z</time>
<extensions>
<tp1:TrackPointExtension>
<tp1:hr>152</tp1:hr>
</tp1:TrackPointExtension>
</extensions>
</trkpt>
<trkpt lat="57.87222574" lon="19.00057378">
<ele>37.8</ele>
<time>2023-07-13T09:15:04Z</time>
<extensions>
<tp1:TrackPointExtension>
<tp1:hr>155</tp1:hr>
</tp1:TrackPointExtension>
</extensions>
</trkpt>
<trkpt lat="57.8722555" lon="19.00054973">
<ele>37.8</ele>
<time>2023-07-13T09:15:05Z</time>
<extensions>
<tp1:TrackPointExtension>
<tp1:hr>156</tp1:hr>
</tp1:TrackPointExtension>
</extensions>
</trkpt>
<trkpt lat="57.87232658" lon="19.00048636">
<ele>37.6</ele>
<time>2023-07-13T09:15:08Z</time>
<extensions>
<tp1:TrackPointExtension>
<tp1:hr>159</tp1:hr>
</tp1:TrackPointExtension>
</extensions>
</trkpt>
<trkpt lat="57.87241945" lon="19.00045166">
<ele>37.4</ele>
<time>2023-07-13T09:15:11Z</time>
<extensions>
<tp1:TrackPointExtension>
<tp1:hr>159</tp1:hr>
</tp1:TrackPointExtension>
</extensions>
</trkpt>
<trkpt lat="57.87255339" lon="19.00052005">
<ele>37.2</ele>
<time>2023-07-13T09:15:17Z</time>
<extensions>
<tp1:TrackPointExtension>
<tp1:hr>159</tp1:hr>
</tp1:TrackPointExtension>
</extensions>
</trkpt>
<trkpt lat="57.87270594" lon="19.00049591">
<ele>36.8</ele>
<time>2023-07-13T09:15:22Z</time>
<extensions>
<tp1:TrackPointExtension>
<tp1:hr>160</tp1:hr>
</tp1:TrackPointExtension>
</extensions>
</trkpt>
<trkpt lat="57.87280418" lon="19.00049918">
<ele>36.6</ele>
<time>2023-07-13T09:15:25Z</time>
<extensions>
<tp1:TrackPointExtension>
<tp1:hr>163</tp1:hr>
</tp1:TrackPointExtension>
</extensions>
</trkpt>
<trkpt lat="57.8728859" lon="19.00047018">
<ele>36.4</ele>
<time>2023-07-13T09:15:28Z</time>
<extensions>
<tp1:TrackPointExtension>
<tp1:hr>163</tp1:hr>
</tp1:TrackPointExtension>
</extensions>
</trkpt>
<trkpt lat="57.87291616" lon="19.0004613">
<ele>36.4</ele>
<time>2023-07-13T09:15:29Z</time>
<extensions>
<tp1:TrackPointExtension>
<tp1:hr>160</tp1:hr>
</tp1:TrackPointExtension>
</extensions>
</trkpt>
<trkpt lat="57.87304055" lon="19.00042492">
<ele>36.1</ele>
<time>2023-07-13T09:15:33Z</time>
<extensions>
<tp1:TrackPointExtension>
<tp1:hr>163</tp1:hr>
</tp1:TrackPointExtension>
</extensions>
</trkpt>
<trkpt lat="57.8730719" lon="19.00042735">
<ele>35.9</ele>
<time>2023-07-13T09:15:34Z</time>
<extensions>
<tp1:TrackPointExtension>
<tp1:hr>165</tp1:hr>
</tp1:TrackPointExtension>
</extensions>
</trkpt>
<trkpt lat="57.87313912" lon="19.00045116">
<ele>35.9</ele>
<time>2023-07-13T09:15:36Z</time>
<extensions>
<tp1:TrackPointExtension>
<tp1:hr>168</tp1:hr>
</tp1:TrackPointExtension>
</extensions>
</trkpt>
<trkpt lat="57.87320282" lon="19.00049214">
<ele>35.7</ele>
<time>2023-07-13T09:15:38Z</time>
<extensions>
<tp1:TrackPointExtension>
<tp1:hr>171</tp1:hr>
</tp1:TrackPointExtension>
</extensions>
</trkpt>
<trkpt lat="57.87323375" lon="19.00051964">
<ele>35.5</ele>
<time>2023-07-13T09:15:39Z</time>
<extensions>
<tp1:TrackPointExtension>
<tp1:hr>171</tp1:hr>
</tp1:TrackPointExtension>
</extensions>
</trkpt>
<trkpt lat="57.8733449" lon="19.00071041">
<ele>35.1</ele>
<time>2023-07-13T09:15:45Z</time>
<extensions>
<tp1:TrackPointExtension>
<tp1:hr>170</tp1:hr>
</tp1:TrackPointExtension>
</extensions>
</trkpt>
<trkpt lat="57.8733511" lon="19.00071678">
<ele>35.1</ele>
<time>2023-07-13T09:15:46Z</time>
<extensions>
<tp1:TrackPointExtension>
<tp1:hr>170</tp1:hr>
</tp1:TrackPointExtension>
</extensions>
</trkpt>
<trkpt lat="57.87335688" lon="19.00069188">
<ele>34.9</ele>
<time>2023-07-13T09:15:48Z</time>
<extensions>
<tp1:TrackPointExtension>
<tp1:hr>170</tp1:hr>
</tp1:TrackPointExtension>
</extensions>
</trkpt>
<trkpt lat="57.87337021" lon="19.00066414">
<ele>34.7</ele>
<time>2023-07-13T09:15:49Z</time>
<extensions>
<tp1:TrackPointExtension>
<tp1:hr>170</tp1:hr>
</tp1:TrackPointExtension>
</extensions>
</trkpt>
<trkpt lat="57.87337901" lon="19.00063237">
<ele>34.7</ele>
<time>2023-07-13T09:15:50Z</time>
<extensions>
<tp1:TrackPointExtension>
<tp1:hr>170</tp1:hr>
</tp1:TrackPointExtension>
</extensions>
</trkpt>
<trkpt lat="57.87340449" lon="19.00055769">
<ele>34.5</ele>
<time>2023-07-13T09:15:52Z</time>
<extensions>
<tp1:TrackPointExtension>
<tp1:hr>167</tp1:hr>
</tp1:TrackPointExtension>
</extensions>
</trkpt>
<trkpt lat="57.87343768" lon="19.00046951">
<ele>34.5</ele>
<time>2023-07-13T09:15:54Z</time>
<extensions>
<tp1:TrackPointExtension>
<tp1:hr>161</tp1:hr>
</tp1:TrackPointExtension>
</extensions>
</trkpt>
<trkpt lat="57.8734754" lon="19.00040447">
<ele>34.3</ele>
<time>2023-07-13T09:15:56Z</time>
<extensions>
<tp1:TrackPointExtension>
<tp1:hr>158</tp1:hr>
</tp1:TrackPointExtension>
</extensions>
</trkpt>
<trkpt lat="57.87353575" lon="19.00036893">
<ele>34.3</ele>
<time>2023-07-13T09:15:58Z</time>
<extensions>
<tp1:TrackPointExtension>
<tp1:hr>158</tp1:hr>
</tp1:TrackPointExtension>
</extensions>
</trkpt>
<trkpt lat="57.87363801" lon="19.00024018">
<ele>33.9</ele>
<time>2023-07-13T09:16:03Z</time>
<extensions>
<tp1:TrackPointExtension>
<tp1:hr>157</tp1:hr>
</tp1:TrackPointExtension>
</extensions>
</trkpt>
<trkpt lat="57.87365226" lon="19.00020397">
<ele>33.9</ele>
<time>2023-07-13T09:16:04Z</time>
<extensions>
<tp1:TrackPointExtension>
<tp1:hr>159</tp1:hr>
</tp1:TrackPointExtension>
</extensions>
</trkpt>
<trkpt lat="57.8736567" lon="19.00017019">
<ele>33.9</ele>
<time>2023-07-13T09:16:05Z</time>
<extensions>
<tp1:TrackPointExtension>
<tp1:hr>159</tp1:hr>
</tp1:TrackPointExtension>
</extensions>
</trkpt>
<trkpt lat="57.87367011" lon="19.00010129">
<ele>33.7</ele>
<time>2023-07-13T09:16:07Z</time>
<extensions>
<tp1:TrackPointExtension>
<tp1:hr>160</tp1:hr>
</tp1:TrackPointExtension>
</extensions>
</trkpt>
<trkpt lat="57.87372518" lon="18.99987716">
<ele>33.3</ele>
<time>2023-07-13T09:16:13Z</time>
<extensions>
<tp1:TrackPointExtension>
<tp1:hr>158</tp1:hr>
</tp1:TrackPointExtension>
</extensions>
</trkpt>
<trkpt lat="57.8737541" lon="18.99965504">
<ele>32.8</ele>
<time>2023-07-13T09:16:18Z</time>
<extensions>
<tp1:TrackPointExtension>
<tp1:hr>159</tp1:hr>
</tp1:TrackPointExtension>
</extensions>
</trkpt>
<trkpt lat="57.87374119" lon="18.99956083">
<ele>32.8</ele>
<time>2023-07-13T09:16:20Z</time>
<extensions>
<tp1:TrackPointExtension>
<tp1:hr>158</tp1:hr>
</tp1:TrackPointExtension>
</extensions>
</trkpt>
<trkpt lat="57.87370037" lon="18.99936838">
<ele>32.6</ele>
<time>2023-07-13T09:16:24Z</time>
<extensions>
<tp1:TrackPointExtension>
<tp1:hr>157</tp1:hr>
</tp1:TrackPointExtension>
</extensions>
</trkpt>
<trkpt lat="57.87361572" lon="18.99921524">
<ele>32.4</ele>
<time>2023-07-13T09:16:27Z</time>
<extensions>
<tp1:TrackPointExtension>
<tp1:hr>160</tp1:hr>
</tp1:TrackPointExtension>
</extensions>
</trkpt>
<trkpt lat="57.87356157" lon="18.9990865">
<ele>32.2</ele>
<time>2023-07-13T09:16:30Z</time>
<extensions>
<tp1:TrackPointExtension>
<tp1:hr>163</tp1:hr>
</tp1:TrackPointExtension>
</extensions>
</trkpt>
<trkpt lat="57.87353785" lon="18.99889195">
<ele>32.0</ele>
<time>2023-07-13T09:16:35Z</time>
<extensions>
<tp1:TrackPointExtension>
<tp1:hr>163</tp1:hr>
</tp1:TrackPointExtension>
</extensions>
</trkpt>
<trkpt lat="57.87352159" lon="18.99880872">
<ele>32.0</ele>
<time>2023-07-13T09:16:37Z</time>
<extensions>
<tp1:TrackPointExtension>
<tp1:hr>166</tp1:hr>
</tp1:TrackPointExtension>
</extensions>
</trkpt>
<trkpt lat="57.87350164" lon="18.99872985">
<ele>32.0</ele>
<time>2023-07-13T09:16:40Z</time>
<extensions>
<tp1:TrackPointExtension>
<tp1:hr>171</tp1:hr>
</tp1:TrackPointExtension>
</extensions>
</trkpt>
<trkpt lat="57.87348202" lon="18.99870286">
<ele>32.0</ele>
<time>2023-07-13T09:16:41Z</time>
<extensions>
<tp1:TrackPointExtension>
<tp1:hr>172</tp1:hr>
</tp1:TrackPointExtension>
</extensions>
</trkpt>
<trkpt lat="57.87342603" lon="18.99866682">
<ele>32.0</ele>
<time>2023-07-13T09:16:43Z</time>
<extensions>
<tp1:TrackPointExtension>
<tp1:hr>176</tp1:hr>
</tp1:TrackPointExtension>
</extensions>
</trkpt>
<trkpt lat="57.87336753" lon="18.99863287">
<ele>32.0</ele>
<time>2023-07-13T09:16:46Z</time>
<extensions>
<tp1:TrackPointExtension>
<tp1:hr>175</tp1:hr>
</tp1:TrackPointExtension>
</extensions>
</trkpt>
<trkpt lat="57.87335336" lon="18.99860789">
<ele>32.0</ele>
<time>2023-07-13T09:16:47Z</time>
<extensions>
<tp1:TrackPointExtension>
<tp1:hr>175</tp1:hr>
</tp1:TrackPointExtension>
</extensions>
</trkpt>
<trkpt lat="57.87333693" lon="18.99853488">
<ele>32.0</ele>
<time>2023-07-13T09:16:49Z</time>
<extensions>
<tp1:TrackPointExtension>
<tp1:hr>178</tp1:hr>
</tp1:TrackPointExtension>
</extensions>
</trkpt>
<trkpt lat="57.8733247" lon="18.9984939">
<ele>32.0</ele>
<time>2023-07-13T09:16:50Z</time>
<extensions>
<tp1:TrackPointExtension>
<tp1:hr>177</tp1:hr>
</tp1:TrackPointExtension>
</extensions>
</trkpt>
<trkpt lat="57.87324557" lon="18.99835886">
<ele>32.0</ele>
<time>2023-07-13T09:16:54Z</time>
<extensions>
<tp1:TrackPointExtension>
<tp1:hr>178</tp1:hr>
</tp1:TrackPointExtension>
</extensions>
</trkpt>
<trkpt lat="57.87319729" lon="18.99818284">
<ele>32.0</ele>
<time>2023-07-13T09:16:59Z</time>
<extensions>
<tp1:TrackPointExtension>
<tp1:hr>178</tp1:hr>
</tp1:TrackPointExtension>
</extensions>
</trkpt>
<trkpt lat="57.87317131" lon="18.99809643">
<ele>32.0</ele>
<time>2023-07-13T09:17:01Z</time>
<extensions>
<tp1:TrackPointExtension>
<tp1:hr>177</tp1:hr>
</tp1:TrackPointExtension>
</extensions>
</trkpt>
<trkpt lat="57.87315781" lon="18.99800582">
<ele>31.9</ele>
<time>2023-07-13T09:17:03Z</time>
<extensions>
<tp1:TrackPointExtension>
<tp1:hr>177</tp1:hr>
</tp1:TrackPointExtension>
</extensions>
</trkpt>
<trkpt lat="57.87315999" lon="18.99795284">
<ele>31.9</ele>
<time>2023-07-13T09:17:04Z</time>
<extensions>
<tp1:TrackPointExtension>
<tp1:hr>178</tp1:hr>
</tp1:TrackPointExtension>
</extensions>
</trkpt>
<trkpt lat="57.87317801" lon="18.99780725">
<ele>31.9</ele>
<time>2023-07-13T09:17:07Z</time>
<extensions>
<tp1:TrackPointExtension>
<tp1:hr>176</tp1:hr>
</tp1:TrackPointExtension>
</extensions>
</trkpt>
<trkpt lat="57.87320584" lon="18.99749813">
<ele>31.9</ele>
<time>2023-07-13T09:17:13Z</time>
<extensions>
<tp1:TrackPointExtension>
<tp1:hr>179</tp1:hr>
</tp1:TrackPointExtension>
</extensions>
</trkpt>
<trkpt lat="57.87320961" lon="18.99744909">
<ele>32.1</ele>
<time>2023-07-13T09:17:14Z</time>
<extensions>
<tp1:TrackPointExtension>
<tp1:hr>179</tp1:hr>
</tp1:TrackPointExtension>
</extensions>
</trkpt>
<trkpt lat="57.87320014" lon="18.99721222">
<ele>32.1</ele>
<time>2023-07-13T09:17:19Z</time>
<extensions>
<tp1:TrackPointExtension>
<tp1:hr>179</tp1:hr>
</tp1:TrackPointExtension>
</extensions>
</trkpt>
<trkpt lat="57.87318581" lon="18.99718272">
<ele>32.1</ele>
<time>2023-07-13T09:17:20Z</time>
<extensions>
<tp1:TrackPointExtension>
<tp1:hr>180</tp1:hr>
</tp1:TrackPointExtension>
</extensions>
</trkpt>
<trkpt lat="57.87314733" lon="18.99703285">
<ele>32.3</ele>
<time>2023-07-13T09:17:24Z</time>
<extensions>
<tp1:TrackPointExtension>
<tp1:hr>178</tp1:hr>
</tp1:TrackPointExtension>
</extensions>
</trkpt>
<trkpt lat="57.87313703" lon="18.99677443">
<ele>32.5</ele>
<time>2023-07-13T09:17:30Z</time>
<extensions>
<tp1:TrackPointExtension>
<tp1:hr>177</tp1:hr>
</tp1:TrackPointExtension>
</extensions>
</trkpt>
<trkpt lat="57.87312487" lon="18.9967347">
<ele>32.5</ele>
<time>2023-07-13T09:17:31Z</time>
<extensions>
<tp1:TrackPointExtension>
<tp1:hr>175</tp1:hr>
</tp1:TrackPointExtension>
</extensions>
</trkpt>
<trkpt lat="57.87310534" lon="18.99664292">
<ele>32.5</ele>
<time>2023-07-13T09:17:33Z</time>
<extensions>
<tp1:TrackPointExtension>
<tp1:hr>172</tp1:hr>
</tp1:TrackPointExtension>
</extensions>
</trkpt>
<trkpt lat="57.87310425" lon="18.99659984">
<ele>32.7</ele>
<time>2023-07-13T09:17:34Z</time>
<extensions>
<tp1:TrackPointExtension>
<tp1:hr>169</tp1:hr>
</tp1:TrackPointExtension>
</extensions>
</trkpt>
<trkpt lat="57.87310157" lon="18.99655399">
<ele>32.7</ele>
<time>2023-07-13T09:17:35Z</time>
<extensions>
<tp1:TrackPointExtension>
<tp1:hr>165</tp1:hr>
</tp1:TrackPointExtension>
</extensions>
</trkpt>
<trkpt lat="57.87306821" lon="18.99638476">
<ele>32.9</ele>
<time>2023-07-13T09:17:40Z</time>
<extensions>
<tp1:TrackPointExtension>
<tp1:hr>165</tp1:hr>
</tp1:TrackPointExtension>
</extensions>
</trkpt>
<trkpt lat="57.8729802" lon="18.99614378">
<ele>33.2</ele>
<time>2023-07-13T09:17:47Z</time>
<extensions>
<tp1:TrackPointExtension>
<tp1:hr>166</tp1:hr>
</tp1:TrackPointExtension>
</extensions>
</trkpt>
<trkpt lat="57.87295799" lon="18.99587866">
<ele>33.4</ele>
<time>2023-07-13T09:17:52Z</time>
<extensions>
<tp1:TrackPointExtension>
<tp1:hr>165</tp1:hr>
</tp1:TrackPointExtension>
</extensions>
</trkpt>
<trkpt lat="57.87295531" lon="18.99581923">
<ele>33.6</ele>
<time>2023-07-13T09:17:53Z</time>
<extensions>
<tp1:TrackPointExtension>
<tp1:hr>166</tp1:hr>
</tp1:TrackPointExtension>
</extensions>
</trkpt>
<trkpt lat="57.87290644" lon="18.99557414">
<ele>33.8</ele>
<time>2023-07-13T09:17:58Z</time>
<extensions>
<tp1:TrackPointExtension>
<tp1:hr>165</tp1:hr>
</tp1:TrackPointExtension>
</extensions>
</trkpt>
<trkpt lat="57.87288012" lon="18.995492">
<ele>33.8</ele>
<time>2023-07-13T09:18:00Z</time>
<extensions>
<tp1:TrackPointExtension>
<tp1:hr>165</tp1:hr>
</tp1:TrackPointExtension>
</extensions>
</trkpt>
<trkpt lat="57.87283033" lon="18.9953879">
<ele>34.0</ele>
<time>2023-07-13T09:18:03Z</time>
<extensions>
<tp1:TrackPointExtension>
<tp1:hr>166</tp1:hr>
</tp1:TrackPointExtension>
</extensions>
</trkpt>
<trkpt lat="57.87276034" lon="18.99517139">
<ele>34.2</ele>
<time>2023-07-13T09:18:08Z</time>
<extensions>
<tp1:TrackPointExtension>
<tp1:hr>166</tp1:hr>
</tp1:TrackPointExtension>
</extensions>
</trkpt>
<trkpt lat="57.87265833" lon="18.9949113">
<ele>34.6</ele>
<time>2023-07-13T09:18:13Z</time>
<extensions>
<tp1:TrackPointExtension>
<tp1:hr>166</tp1:hr>
</tp1:TrackPointExtension>
</extensions>
</trkpt>
<trkpt lat="57.87264526" lon="18.99486663">
<ele>34.6</ele>
<time>2023-07-13T09:18:14Z</time>
<extensions>
<tp1:TrackPointExtension>
<tp1:hr>166</tp1:hr>
</tp1:TrackPointExtension>
</extensions>
</trkpt>
<trkpt lat="57.87259455" lon="18.99471215">
<ele>34.8</ele>
<time>2023-07-13T09:18:19Z</time>
<extensions>
<tp1:TrackPointExtension>
<tp1:hr>165</tp1:hr>
</tp1:TrackPointExtension>
</extensions>
</trkpt>
<trkpt lat="57.87259237" lon="18.9946756">
<ele>35.0</ele>
<time>2023-07-13T09:18:20Z</time>
<extensions>
<tp1:TrackPointExtension>
<tp1:hr>165</tp1:hr>
</tp1:TrackPointExtension>
</extensions>
</trkpt>
<trkpt lat="57.872586" lon="18.9946373">
<ele>35.0</ele>
<time>2023-07-13T09:18:21Z</time>
<extensions>
<tp1:TrackPointExtension>
<tp1:hr>165</tp1:hr>
</tp1:TrackPointExtension>
</extensions>
</trkpt>
<trkpt lat="57.87253261" lon="18.99448953">
<ele>35.2</ele>
<time>2023-07-13T09:18:25Z</time>
<extensions>
<tp1:TrackPointExtension>
<tp1:hr>164</tp1:hr>
</tp1:TrackPointExtension>
</extensions>
</trkpt>
<trkpt lat="57.87242766" lon="18.99433111">
<ele>35.6</ele>
<time>2023-07-13T09:18:30Z</time>
<extensions>
<tp1:TrackPointExtension>
<tp1:hr>164</tp1:hr>
</tp1:TrackPointExtension>
</extensions>
</trkpt>
<trkpt lat="57.87239891" lon="18.99430211">
<ele>35.5</ele>
<time>2023-07-13T09:18:31Z</time>
<extensions>
<tp1:TrackPointExtension>
<tp1:hr>164</tp1:hr>
</tp1:TrackPointExtension>
</extensions>
</trkpt>
<trkpt lat="57.87232909" lon="18.99410706">
<ele>35.9</ele>
<time>2023-07-13T09:18:36Z</time>
<extensions>
<tp1:TrackPointExtension>
<tp1:hr>164</tp1:hr>
</tp1:TrackPointExtension>
</extensions>
</trkpt>
<trkpt lat="57.8722876" lon="18.99401536">
<ele>36.1</ele>
<time>2023-07-13T09:18:39Z</time>
<extensions>
<tp1:TrackPointExtension>
<tp1:hr>163</tp1:hr>
</tp1:TrackPointExtension>
</extensions>
</trkpt>
<trkpt lat="57.87226615" lon="18.99391788">
<ele>36.3</ele>
<time>2023-07-13T09:18:41Z</time>
<extensions>
<tp1:TrackPointExtension>
<tp1:hr>164</tp1:hr>
</tp1:TrackPointExtension>
</extensions>
</trkpt>
<trkpt lat="57.87219808" lon="18.99366005">
<ele>36.7</ele>
<time>2023-07-13T09:18:46Z</time>
<extensions>
<tp1:TrackPointExtension>
<tp1:hr>165</tp1:hr>
</tp1:TrackPointExtension>
</extensions>
</trkpt>
<trkpt lat="57.87217948" lon="18.9934008">
<ele>36.9</ele>
<time>2023-07-13T09:18:51Z</time>
<extensions>
<tp1:TrackPointExtension>
<tp1:hr>166</tp1:hr>
</tp1:TrackPointExtension>
</extensions>
</trkpt>
<trkpt lat="57.87217889" lon="18.99309293">
<ele>37.3</ele>
<time>2023-07-13T09:18:56Z</time>
<extensions>
<tp1:TrackPointExtension>
<tp1:hr>165</tp1:hr>
</tp1:TrackPointExtension>
</extensions>
</trkpt>
<trkpt lat="57.87221175" lon="18.99295899">
<ele>37.3</ele>
<time>2023-07-13T09:18:58Z</time>
<extensions>
<tp1:TrackPointExtension>
<tp1:hr>168</tp1:hr>
</tp1:TrackPointExtension>
</extensions>
</trkpt>
<trkpt lat="57.87223815" lon="18.99281348">
<ele>37.5</ele>
<time>2023-07-13T09:19:00Z</time>
<extensions>
<tp1:TrackPointExtension>
<tp1:hr>165</tp1:hr>
</tp1:TrackPointExtension>
</extensions>
</trkpt>
<trkpt lat="57.87225433" lon="18.9927507">
<ele>37.5</ele>
<time>2023-07-13T09:19:01Z</time>
<extensions>
<tp1:TrackPointExtension>
<tp1:hr>165</tp1:hr>
</tp1:TrackPointExtension>
</extensions>
</trkpt>
<trkpt lat="57.87230722" lon="18.99248089">
<ele>37.7</ele>
<time>2023-07-13T09:19:05Z</time>
<extensions>
<tp1:TrackPointExtension>
<tp1:hr>164</tp1:hr>
</tp1:TrackPointExtension>
</extensions>
</trkpt>
<trkpt lat="57.8723239" lon="18.99241241">
<ele>37.7</ele>
<time>2023-07-13T09:19:06Z</time>
<extensions>
<tp1:TrackPointExtension>
<tp1:hr>163</tp1:hr>
</tp1:TrackPointExtension>
</extensions>
</trkpt>
<trkpt lat="57.87242884" lon="18.99207529">
<ele>37.9</ele>
<time>2023-07-13T09:19:12Z</time>
<extensions>
<tp1:TrackPointExtension>
<tp1:hr>166</tp1:hr>
</tp1:TrackPointExtension>
</extensions>
</trkpt>
<trkpt lat="57.87244669" lon="18.99201502">
<ele>38.1</ele>
<time>2023-07-13T09:19:13Z</time>
<extensions>
<tp1:TrackPointExtension>
<tp1:hr>165</tp1:hr>
</tp1:TrackPointExtension>
</extensions>
</trkpt>
<trkpt lat="57.87252582" lon="18.99169936">
<ele>38.2</ele>
<time>2023-07-13T09:19:19Z</time>
<extensions>
<tp1:TrackPointExtension>
<tp1:hr>164</tp1:hr>
</tp1:TrackPointExtension>
</extensions>
</trkpt>
<trkpt lat="57.87250344" lon="18.99147414">
<ele>38.4</ele>
<time>2023-07-13T09:19:23Z</time>
<extensions>
<tp1:TrackPointExtension>
<tp1:hr>163</tp1:hr>
</tp1:TrackPointExtension>
</extensions>
</trkpt>
<trkpt lat="57.87248785" lon="18.99142225">
<ele>38.4</ele>
<time>2023-07-13T09:19:24Z</time>
<extensions>
<tp1:TrackPointExtension>
<tp1:hr>162</tp1:hr>
</tp1:TrackPointExtension>
</extensions>
</trkpt>
<trkpt lat="57.87239447" lon="18.99121019">
<ele>38.6</ele>
<time>2023-07-13T09:19:28Z</time>
<extensions>
<tp1:TrackPointExtension>
<tp1:hr>164</tp1:hr>
</tp1:TrackPointExtension>
</extensions>
</trkpt>
<trkpt lat="57.87235508" lon="18.99112981">
<ele>38.6</ele>
<time>2023-07-13T09:19:30Z</time>
<extensions>
<tp1:TrackPointExtension>
<tp1:hr>164</tp1:hr>
</tp1:TrackPointExtension>
</extensions>
</trkpt>
<trkpt lat="57.8721695" lon="18.99098648">
<ele>38.8</ele>
<time>2023-07-13T09:19:36Z</time>
<extensions>
<tp1:TrackPointExtension>
<tp1:hr>162</tp1:hr>
</tp1:TrackPointExtension>
</extensions>
</trkpt>
<trkpt lat="57.87204419" lon="18.99079864">
<ele>38.8</ele>
<time>2023-07-13T09:19:40Z</time>
<extensions>
<tp1:TrackPointExtension>
<tp1:hr>164</tp1:hr>
</tp1:TrackPointExtension>
</extensions>
</trkpt>
<trkpt lat="57.87196783" lon="18.99059638">
<ele>39.0</ele>
<time>2023-07-13T09:19:45Z</time>
<extensions>
<tp1:TrackPointExtension>
<tp1:hr>166</tp1:hr>
</tp1:TrackPointExtension>
</extensions>
</trkpt>
<trkpt lat="57.87185015" lon="18.9901741">
<ele>39.0</ele>
<time>2023-07-13T09:19:51Z</time>
<extensions>
<tp1:TrackPointExtension>
<tp1:hr>166</tp1:hr>
</tp1:TrackPointExtension>
</extensions>
</trkpt>
<trkpt lat="57.8718214" lon="18.99012918">
<ele>39.0</ele>
<time>2023-07-13T09:19:52Z</time>
<extensions>
<tp1:TrackPointExtension>
<tp1:hr>165</tp1:hr>
</tp1:TrackPointExtension>
</extensions>
</trkpt>
<trkpt lat="57.87173666" lon="18.99002809">
<ele>39.0</ele>
<time>2023-07-13T09:19:56Z</time>
<extensions>
<tp1:TrackPointExtension>
<tp1:hr>164</tp1:hr>
</tp1:TrackPointExtension>
</extensions>
</trkpt>
<trkpt lat="57.87166181" lon="18.98978183">
<ele>38.9</ele>
<time>2023-07-13T09:20:01Z</time>
<extensions>
<tp1:TrackPointExtension>
<tp1:hr>164</tp1:hr>
</tp1:TrackPointExtension>
</extensions>
</trkpt>
<trkpt lat="57.87166952" lon="18.98946784">
<ele>38.9</ele>
<time>2023-07-13T09:20:07Z</time>
<extensions>
<tp1:TrackPointExtension>
<tp1:hr>163</tp1:hr>
</tp1:TrackPointExtension>
</extensions>
</trkpt>
<trkpt lat="57.87168033" lon="18.9892267">
<ele>38.9</ele>
<time>2023-07-13T09:20:12Z</time>
<extensions>
<tp1:TrackPointExtension>
<tp1:hr>163</tp1:hr>
</tp1:TrackPointExtension>
</extensions>
</trkpt>
<trkpt lat="57.87167723" lon="18.98918328">
<ele>38.9</ele>
<time>2023-07-13T09:20:13Z</time>
<extensions>
<tp1:TrackPointExtension>
<tp1:hr>163</tp1:hr>
</tp1:TrackPointExtension>
</extensions>
</trkpt>
<trkpt lat="57.87163734" lon="18.98897918">
<ele>38.9</ele>
<time>2023-07-13T09:20:17Z</time>
<extensions>
<tp1:TrackPointExtension>
<tp1:hr>162</tp1:hr>
</tp1:TrackPointExtension>
</extensions>
</trkpt>
<trkpt lat="57.87156508" lon="18.98874046">
<ele>38.9</ele>
<time>2023-07-13T09:20:22Z</time>
<extensions>
<tp1:TrackPointExtension>
<tp1:hr>165</tp1:hr>
</tp1:TrackPointExtension>
</extensions>
</trkpt>
<trkpt lat="57.87155729" lon="18.98869017">
<ele>38.9</ele>
<time>2023-07-13T09:20:23Z</time>
<extensions>
<tp1:TrackPointExtension>
<tp1:hr>165</tp1:hr>
</tp1:TrackPointExtension>
</extensions>
</trkpt>
<trkpt lat="57.87154698" lon="18.98853829">
<ele>38.9</ele>
<time>2023-07-13T09:20:26Z</time>
<extensions>
<tp1:TrackPointExtension>
<tp1:hr>162</tp1:hr>
</tp1:TrackPointExtension>
</extensions>
</trkpt>
<trkpt lat="57.87154396" lon="18.98841977">
<ele>39.1</ele>
<time>2023-07-13T09:20:28Z</time>
<extensions>
<tp1:TrackPointExtension>
<tp1:hr>162</tp1:hr>
</tp1:TrackPointExtension>
</extensions>
</trkpt>
<trkpt lat="57.87154446" lon="18.98821123">
<ele>39.1</ele>
<time>2023-07-13T09:20:32Z</time>
<extensions>
<tp1:TrackPointExtension>
<tp1:hr>163</tp1:hr>
</tp1:TrackPointExtension>
</extensions>
</trkpt>
<trkpt lat="57.87154966" lon="18.9880451">
<ele>39.1</ele>
<time>2023-07-13T09:20:36Z</time>
<extensions>
<tp1:TrackPointExtension>
<tp1:hr>160</tp1:hr>
</tp1:TrackPointExtension>
</extensions>
</trkpt>
<trkpt lat="57.87154974" lon="18.98802591">
<ele>39.1</ele>
<time>2023-07-13T09:20:37Z</time>
<extensions>
<tp1:TrackPointExtension>
<tp1:hr>159</tp1:hr>
</tp1:TrackPointExtension>
</extensions>
</trkpt>
<trkpt lat="57.87154664" lon="18.98800923">
<ele>39.1</ele>
<time>2023-07-13T09:20:38Z</time>
<extensions>
<tp1:TrackPointExtension>
<tp1:hr>163</tp1:hr>
</tp1:TrackPointExtension>
</extensions>
</trkpt>
<trkpt lat="57.8715531" lon="18.98786405">
<ele>39.1</ele>
<time>2023-07-13T09:20:42Z</time>
<extensions>
<tp1:TrackPointExtension>
<tp1:hr>163</tp1:hr>
</tp1:TrackPointExtension>
</extensions>
</trkpt>
<trkpt lat="57.87154748" lon="18.98775819">
<ele>39.0</ele>
<time>2023-07-13T09:20:47Z</time>
<extensions>
<tp1:TrackPointExtension>
<tp1:hr>161</tp1:hr>
</tp1:TrackPointExtension>
</extensions>
</trkpt>
<trkpt lat="57.87155905" lon="18.98774092">
<ele>39.0</ele>
<time>2023-07-13T09:20:48Z</time>
<extensions>
<tp1:TrackPointExtension>
<tp1:hr>160</tp1:hr>
</tp1:TrackPointExtension>
</extensions>
</trkpt>
<trkpt lat="57.87163474" lon="18.98761637">
<ele>38.8</ele>
<time>2023-07-13T09:20:53Z</time>
<extensions>
<tp1:TrackPointExtension>
<tp1:hr>158</tp1:hr>
</tp1:TrackPointExtension>
</extensions>
</trkpt>
<trkpt lat="57.87173205" lon="18.98749047">
<ele>37.2</ele>
<time>2023-07-13T09:20:58Z</time>
<extensions>
<tp1:TrackPointExtension>
<tp1:hr>157</tp1:hr>
</tp1:TrackPointExtension>
</extensions>
</trkpt>
<trkpt lat="57.87185845" lon="18.98739031">
<ele>37.8</ele>
<time>2023-07-13T09:21:03Z</time>
<extensions>
<tp1:TrackPointExtension>
<tp1:hr>156</tp1:hr>
</tp1:TrackPointExtension>
</extensions>
</trkpt>
<trkpt lat="57.87199046" lon="18.98730137">
<ele>37.8</ele>
<time>2023-07-13T09:21:07Z</time>
<extensions>
<tp1:TrackPointExtension>
<tp1:hr>159</tp1:hr>
</tp1:TrackPointExtension>
</extensions>
</trkpt>
<trkpt lat="57.87206297" lon="18.98727464">
<ele>37.8</ele>
<time>2023-07-13T09:21:09Z</time>
<extensions>
<tp1:TrackPointExtension>
<tp1:hr>161</tp1:hr>
</tp1:TrackPointExtension>
</extensions>
</trkpt>
<trkpt lat="57.87223496" lon="18.98707909">
<ele>37.8</ele>
<time>2023-07-13T09:21:14Z</time>
<extensions>
<tp1:TrackPointExtension>
<tp1:hr>160</tp1:hr>
</tp1:TrackPointExtension>
</extensions>
</trkpt>
<trkpt lat="57.87234795" lon="18.98699636">
<ele>37.2</ele>
<time>2023-07-13T09:21:18Z</time>
<extensions>
<tp1:TrackPointExtension>
<tp1:hr>162</tp1:hr>
</tp1:TrackPointExtension>
</extensions>
</trkpt>
<trkpt lat="57.87252791" lon="18.98686845">
<ele>36.8</ele>
<time>2023-07-13T09:21:23Z</time>
<extensions>
<tp1:TrackPointExtension>
<tp1:hr>162</tp1:hr>
</tp1:TrackPointExtension>
</extensions>
</trkpt>
<trkpt lat="57.87256328" lon="18.9868459">
<ele>37.2</ele>
<time>2023-07-13T09:21:24Z</time>
<extensions>
<tp1:TrackPointExtension>
<tp1:hr>163</tp1:hr>
</tp1:TrackPointExtension>
</extensions>
</trkpt>
<trkpt lat="57.87278909" lon="18.98678681">
<ele>37.2</ele>
<time>2023-07-13T09:21:29Z</time>
<extensions>
<tp1:TrackPointExtension>
<tp1:hr>164</tp1:hr>
</tp1:TrackPointExtension>
</extensions>
</trkpt>
<trkpt lat="57.87294944" lon="18.98669209">
<ele>37.1</ele>
<time>2023-07-13T09:21:34Z</time>
<extensions>
<tp1:TrackPointExtension>
<tp1:hr>164</tp1:hr>
</tp1:TrackPointExtension>
</extensions>
</trkpt>
<trkpt lat="57.87302244" lon="18.98663049">
<ele>37.1</ele>
<time>2023-07-13T09:21:36Z</time>
<extensions>
<tp1:TrackPointExtension>
<tp1:hr>167</tp1:hr>
</tp1:TrackPointExtension>
</extensions>
</trkpt>
<trkpt lat="57.87315236" lon="18.98649168">
<ele>37.1</ele>
<time>2023-07-13T09:21:40Z</time>
<extensions>
<tp1:TrackPointExtension>
<tp1:hr>167</tp1:hr>
</tp1:TrackPointExtension>
</extensions>
</trkpt>
<trkpt lat="57.87327482" lon="18.9862699">
<ele>37.1</ele>
<time>2023-07-13T09:21:45Z</time>
<extensions>
<tp1:TrackPointExtension>
<tp1:hr>167</tp1:hr>
</tp1:TrackPointExtension>
</extensions>
</trkpt>
<trkpt lat="57.87337574" lon="18.98595482">
<ele>37.1</ele>
<time>2023-07-13T09:21:51Z</time>
<extensions>
<tp1:TrackPointExtension>
<tp1:hr>167</tp1:hr>
</tp1:TrackPointExtension>
</extensions>
</trkpt>
<trkpt lat="57.87339586" lon="18.98589523">
<ele>37.1</ele>
<time>2023-07-13T09:21:52Z</time>
<extensions>
<tp1:TrackPointExtension>
<tp1:hr>170</tp1:hr>
</tp1:TrackPointExtension>
</extensions>
</trkpt>
<trkpt lat="57.87349879" lon="18.98563019">
<ele>37.1</ele>
<time>2023-07-13T09:21:57Z</time>
<extensions>
<tp1:TrackPointExtension>
<tp1:hr>172</tp1:hr>
</tp1:TrackPointExtension>
</extensions>
</trkpt>
<trkpt lat="57.87355294" lon="18.98549097">
<ele>37.1</ele>
<time>2023-07-13T09:22:01Z</time>
<extensions>
<tp1:TrackPointExtension>
<tp1:hr>175</tp1:hr>
</tp1:TrackPointExtension>
</extensions>
</trkpt>
<trkpt lat="57.87356886" lon="18.98545174">
<ele>37.1</ele>
<time>2023-07-13T09:22:02Z</time>
<extensions>
<tp1:TrackPointExtension>
<tp1:hr>176</tp1:hr>
</tp1:TrackPointExtension>
</extensions>
</trkpt>
<trkpt lat="57.87368738" lon="18.98517991">
<ele>37.3</ele>
<time>2023-07-13T09:22:06Z</time>
<extensions>
<tp1:TrackPointExtension>
<tp1:hr>176</tp1:hr>
</tp1:TrackPointExtension>
</extensions>
</trkpt>
<trkpt lat="57.87374731" lon="18.98504673">
<ele>37.3</ele>
<time>2023-07-13T09:22:08Z</time>
<extensions>
<tp1:TrackPointExtension>
<tp1:hr>176</tp1:hr>
</tp1:TrackPointExtension>
</extensions>
</trkpt>
<trkpt lat="57.87385703" lon="18.98487917">
<ele>37.1</ele>
<time>2023-07-13T09:22:11Z</time>
<extensions>
<tp1:TrackPointExtension>
<tp1:hr>176</tp1:hr>
</tp1:TrackPointExtension>
</extensions>
</trkpt>
<trkpt lat="57.87399952" lon="18.9846542">
<ele>37.0</ele>
<time>2023-07-13T09:22:15Z</time>
<extensions>
<tp1:TrackPointExtension>
<tp1:hr>177</tp1:hr>
</tp1:TrackPointExtension>
</extensions>
</trkpt>
<trkpt lat="57.87405518" lon="18.98458019">
<ele>37.0</ele>
<time>2023-07-13T09:22:17Z</time>
<extensions>
<tp1:TrackPointExtension>
<tp1:hr>172</tp1:hr>
</tp1:TrackPointExtension>
</extensions>
</trkpt>
<trkpt lat="57.87407295" lon="18.98455739">
<ele>37.0</ele>
<time>2023-07-13T09:22:18Z</time>
<extensions>
<tp1:TrackPointExtension>
<tp1:hr>172</tp1:hr>
</tp1:TrackPointExtension>
</extensions>
</trkpt>
<trkpt lat="57.87416507" lon="18.98446796">
<ele>36.8</ele>
<time>2023-07-13T09:22:21Z</time>
<extensions>
<tp1:TrackPointExtension>
<tp1:hr>172</tp1:hr>
</tp1:TrackPointExtension>
</extensions>
</trkpt>
<trkpt lat="57.87435307" lon="18.98430032">
<ele>36.8</ele>
<time>2023-07-13T09:22:25Z</time>
<extensions>
<tp1:TrackPointExtension>
<tp1:hr>173</tp1:hr>
</tp1:TrackPointExtension>
</extensions>
</trkpt>
<trkpt lat="57.87444016" lon="18.98422605">
<ele>36.8</ele>
<time>2023-07-13T09:22:27Z</time>
<extensions>
<tp1:TrackPointExtension>
<tp1:hr>173</tp1:hr>
</tp1:TrackPointExtension>
</extensions>
</trkpt>
<trkpt lat="57.87463328" lon="18.98408608">
<ele>36.8</ele>
<time>2023-07-13T09:22:31Z</time>
<extensions>
<tp1:TrackPointExtension>
<tp1:hr>176</tp1:hr>
</tp1:TrackPointExtension>
</extensions>
</trkpt>
<trkpt lat="57.87467795" lon="18.98405506">
<ele>36.8</ele>
<time>2023-07-13T09:22:32Z</time>
<extensions>
<tp1:TrackPointExtension>
<tp1:hr>173</tp1:hr>
</tp1:TrackPointExtension>
</extensions>
</trkpt>
<trkpt lat="57.87475389" lon="18.98400754">
<ele>36.8</ele>
<time>2023-07-13T09:22:34Z</time>
<extensions>
<tp1:TrackPointExtension>
<tp1:hr>173</tp1:hr>
</tp1:TrackPointExtension>
</extensions>
</trkpt>
<trkpt lat="57.87477703" lon="18.98400553">
<ele>36.8</ele>
<time>2023-07-13T09:22:35Z</time>
<extensions>
<tp1:TrackPointExtension>
<tp1:hr>173</tp1:hr>
</tp1:TrackPointExtension>
</extensions>
</trkpt>
</trkseg>
</trk>
</gpx>

