<?xml version="1.0" encoding="UTF-8" ?>
<gpx xmlns="http://www.topografix.com/GPX/1/1" version="1.1" creator="Attackpoint - http://www.attackpoint.org" xmlns:xsi="http://www.w3.org/2001/XMLSchema-instance" xmlns:tp1="http://www.garmin.com/xmlschemas/TrackPointExtension/v1" xsi:schemaLocation="http://www.topografix.com/GPX/1/1 http://www.topografix.com/GPX/1/1/gpx.xsd http://www.garmin.com/xmlschemas/TrackPointExtension/v1 http://www.garmin.com/xmlschemas/TrackPointExtensionv1.xsd">
<trk>
<trkseg>
<trkpt lat="58.79027397" lon="16.23871925">
<ele>99.6</ele>
<time>2023-08-27T09:50:01Z</time>
<extensions>
<tp1:TrackPointExtension>
<tp1:hr>99</tp1:hr>
</tp1:TrackPointExtension>
</extensions>
</trkpt>
<trkpt lat="58.79025453" lon="16.23874197">
<ele>100.0</ele>
<time>2023-08-27T09:50:02Z</time>
<extensions>
<tp1:TrackPointExtension>
<tp1:hr>97</tp1:hr>
</tp1:TrackPointExtension>
</extensions>
</trkpt>
<trkpt lat="58.79016283" lon="16.23880726">
<ele>100.0</ele>
<time>2023-08-27T09:50:05Z</time>
<extensions>
<tp1:TrackPointExtension>
<tp1:hr>98</tp1:hr>
</tp1:TrackPointExtension>
</extensions>
</trkpt>
<trkpt lat="58.78996728" lon="16.2389195">
<ele>100.4</ele>
<time>2023-08-27T09:50:10Z</time>
<extensions>
<tp1:TrackPointExtension>
<tp1:hr>101</tp1:hr>
</tp1:TrackPointExtension>
</extensions>
</trkpt>
<trkpt lat="58.78991967" lon="16.23896141">
<ele>100.4</ele>
<time>2023-08-27T09:50:11Z</time>
<extensions>
<tp1:TrackPointExtension>
<tp1:hr>101</tp1:hr>
</tp1:TrackPointExtension>
</extensions>
</trkpt>
<trkpt lat="58.78983225" lon="16.23900617">
<ele>100.6</ele>
<time>2023-08-27T09:50:13Z</time>
<extensions>
<tp1:TrackPointExtension>
<tp1:hr>106</tp1:hr>
</tp1:TrackPointExtension>
</extensions>
</trkpt>
<trkpt lat="58.78979998" lon="16.23902159">
<ele>101.2</ele>
<time>2023-08-27T09:50:14Z</time>
<extensions>
<tp1:TrackPointExtension>
<tp1:hr>111</tp1:hr>
</tp1:TrackPointExtension>
</extensions>
</trkpt>
<trkpt lat="58.78976737" lon="16.23902268">
<ele>101.2</ele>
<time>2023-08-27T09:50:15Z</time>
<extensions>
<tp1:TrackPointExtension>
<tp1:hr>111</tp1:hr>
</tp1:TrackPointExtension>
</extensions>
</trkpt>
<trkpt lat="58.7897398" lon="16.23900591">
<ele>101.2</ele>
<time>2023-08-27T09:50:16Z</time>
<extensions>
<tp1:TrackPointExtension>
<tp1:hr>112</tp1:hr>
</tp1:TrackPointExtension>
</extensions>
</trkpt>
<trkpt lat="58.78968808" lon="16.23900658">
<ele>101.4</ele>
<time>2023-08-27T09:50:17Z</time>
<extensions>
<tp1:TrackPointExtension>
<tp1:hr>115</tp1:hr>
</tp1:TrackPointExtension>
</extensions>
</trkpt>
<trkpt lat="58.78961013" lon="16.23896199">
<ele>101.6</ele>
<time>2023-08-27T09:50:19Z</time>
<extensions>
<tp1:TrackPointExtension>
<tp1:hr>119</tp1:hr>
</tp1:TrackPointExtension>
</extensions>
</trkpt>
<trkpt lat="58.7895512" lon="16.23891028">
<ele>101.3</ele>
<time>2023-08-27T09:50:21Z</time>
<extensions>
<tp1:TrackPointExtension>
<tp1:hr>119</tp1:hr>
</tp1:TrackPointExtension>
</extensions>
</trkpt>
<trkpt lat="58.78944936" lon="16.23878254">
<ele>100.3</ele>
<time>2023-08-27T09:50:24Z</time>
<extensions>
<tp1:TrackPointExtension>
<tp1:hr>122</tp1:hr>
</tp1:TrackPointExtension>
</extensions>
</trkpt>
<trkpt lat="58.78939622" lon="16.23870919">
<ele>99.3</ele>
<time>2023-08-27T09:50:26Z</time>
<extensions>
<tp1:TrackPointExtension>
<tp1:hr>124</tp1:hr>
</tp1:TrackPointExtension>
</extensions>
</trkpt>
<trkpt lat="58.78933411" lon="16.23867927">
<ele>98.9</ele>
<time>2023-08-27T09:50:28Z</time>
<extensions>
<tp1:TrackPointExtension>
<tp1:hr>123</tp1:hr>
</tp1:TrackPointExtension>
</extensions>
</trkpt>
<trkpt lat="58.78931073" lon="16.23867407">
<ele>98.7</ele>
<time>2023-08-27T09:50:29Z</time>
<extensions>
<tp1:TrackPointExtension>
<tp1:hr>120</tp1:hr>
</tp1:TrackPointExtension>
</extensions>
</trkpt>
<trkpt lat="58.78926387" lon="16.23855287">
<ele>99.5</ele>
<time>2023-08-27T09:50:33Z</time>
<extensions>
<tp1:TrackPointExtension>
<tp1:hr>121</tp1:hr>
</tp1:TrackPointExtension>
</extensions>
</trkpt>
<trkpt lat="58.78921953" lon="16.23843695">
<ele>100.1</ele>
<time>2023-08-27T09:50:37Z</time>
<extensions>
<tp1:TrackPointExtension>
<tp1:hr>125</tp1:hr>
</tp1:TrackPointExtension>
</extensions>
</trkpt>
<trkpt lat="58.78921065" lon="16.2384196">
<ele>100.3</ele>
<time>2023-08-27T09:50:38Z</time>
<extensions>
<tp1:TrackPointExtension>
<tp1:hr>128</tp1:hr>
</tp1:TrackPointExtension>
</extensions>
</trkpt>
<trkpt lat="58.78919246" lon="16.2383932">
<ele>100.7</ele>
<time>2023-08-27T09:50:40Z</time>
<extensions>
<tp1:TrackPointExtension>
<tp1:hr>130</tp1:hr>
</tp1:TrackPointExtension>
</extensions>
</trkpt>
<trkpt lat="58.78916102" lon="16.23837979">
<ele>100.9</ele>
<time>2023-08-27T09:50:42Z</time>
<extensions>
<tp1:TrackPointExtension>
<tp1:hr>131</tp1:hr>
</tp1:TrackPointExtension>
</extensions>
</trkpt>
<trkpt lat="58.78914493" lon="16.23838079">
<ele>101.1</ele>
<time>2023-08-27T09:50:43Z</time>
<extensions>
<tp1:TrackPointExtension>
<tp1:hr>137</tp1:hr>
</tp1:TrackPointExtension>
</extensions>
</trkpt>
<trkpt lat="58.78912616" lon="16.23837987">
<ele>101.1</ele>
<time>2023-08-27T09:50:44Z</time>
<extensions>
<tp1:TrackPointExtension>
<tp1:hr>137</tp1:hr>
</tp1:TrackPointExtension>
</extensions>
</trkpt>
<trkpt lat="58.7890845" lon="16.23840049">
<ele>101.3</ele>
<time>2023-08-27T09:50:46Z</time>
<extensions>
<tp1:TrackPointExtension>
<tp1:hr>136</tp1:hr>
</tp1:TrackPointExtension>
</extensions>
</trkpt>
<trkpt lat="58.78906195" lon="16.23839127">
<ele>101.5</ele>
<time>2023-08-27T09:50:47Z</time>
<extensions>
<tp1:TrackPointExtension>
<tp1:hr>135</tp1:hr>
</tp1:TrackPointExtension>
</extensions>
</trkpt>
<trkpt lat="58.7889731" lon="16.23837534">
<ele>101.3</ele>
<time>2023-08-27T09:50:50Z</time>
<extensions>
<tp1:TrackPointExtension>
<tp1:hr>133</tp1:hr>
</tp1:TrackPointExtension>
</extensions>
</trkpt>
<trkpt lat="58.78887814" lon="16.23827267">
<ele>99.8</ele>
<time>2023-08-27T09:50:54Z</time>
<extensions>
<tp1:TrackPointExtension>
<tp1:hr>133</tp1:hr>
</tp1:TrackPointExtension>
</extensions>
</trkpt>
<trkpt lat="58.78879691" lon="16.23820477">
<ele>98.6</ele>
<time>2023-08-27T09:50:57Z</time>
<extensions>
<tp1:TrackPointExtension>
<tp1:hr>132</tp1:hr>
</tp1:TrackPointExtension>
</extensions>
</trkpt>
<trkpt lat="58.78876816" lon="16.2381777">
<ele>99.0</ele>
<time>2023-08-27T09:50:58Z</time>
<extensions>
<tp1:TrackPointExtension>
<tp1:hr>133</tp1:hr>
</tp1:TrackPointExtension>
</extensions>
</trkpt>
<trkpt lat="58.78860421" lon="16.23805306">
<ele>99.2</ele>
<time>2023-08-27T09:51:03Z</time>
<extensions>
<tp1:TrackPointExtension>
<tp1:hr>134</tp1:hr>
</tp1:TrackPointExtension>
</extensions>
</trkpt>
<trkpt lat="58.78857379" lon="16.23803085">
<ele>99.0</ele>
<time>2023-08-27T09:51:05Z</time>
<extensions>
<tp1:TrackPointExtension>
<tp1:hr>131</tp1:hr>
</tp1:TrackPointExtension>
</extensions>
</trkpt>
<trkpt lat="58.78846709" lon="16.23795005">
<ele>99.6</ele>
<time>2023-08-27T09:51:09Z</time>
<extensions>
<tp1:TrackPointExtension>
<tp1:hr>131</tp1:hr>
</tp1:TrackPointExtension>
</extensions>
</trkpt>
<trkpt lat="58.7884494" lon="16.23792582">
<ele>99.8</ele>
<time>2023-08-27T09:51:10Z</time>
<extensions>
<tp1:TrackPointExtension>
<tp1:hr>132</tp1:hr>
</tp1:TrackPointExtension>
</extensions>
</trkpt>
<trkpt lat="58.78838863" lon="16.23787033">
<ele>99.6</ele>
<time>2023-08-27T09:51:13Z</time>
<extensions>
<tp1:TrackPointExtension>
<tp1:hr>135</tp1:hr>
</tp1:TrackPointExtension>
</extensions>
</trkpt>
<trkpt lat="58.78836324" lon="16.23785248">
<ele>99.6</ele>
<time>2023-08-27T09:51:14Z</time>
<extensions>
<tp1:TrackPointExtension>
<tp1:hr>134</tp1:hr>
</tp1:TrackPointExtension>
</extensions>
</trkpt>
<trkpt lat="58.78823709" lon="16.23784091">
<ele>99.6</ele>
<time>2023-08-27T09:51:19Z</time>
<extensions>
<tp1:TrackPointExtension>
<tp1:hr>136</tp1:hr>
</tp1:TrackPointExtension>
</extensions>
</trkpt>
<trkpt lat="58.78817892" lon="16.23792339">
<ele>99.6</ele>
<time>2023-08-27T09:51:23Z</time>
<extensions>
<tp1:TrackPointExtension>
<tp1:hr>135</tp1:hr>
</tp1:TrackPointExtension>
</extensions>
</trkpt>
<trkpt lat="58.78815796" lon="16.2379399">
<ele>99.6</ele>
<time>2023-08-27T09:51:24Z</time>
<extensions>
<tp1:TrackPointExtension>
<tp1:hr>135</tp1:hr>
</tp1:TrackPointExtension>
</extensions>
</trkpt>
<trkpt lat="58.78811639" lon="16.23793772">
<ele>99.5</ele>
<time>2023-08-27T09:51:26Z</time>
<extensions>
<tp1:TrackPointExtension>
<tp1:hr>136</tp1:hr>
</tp1:TrackPointExtension>
</extensions>
</trkpt>
<trkpt lat="58.78806023" lon="16.23799548">
<ele>99.5</ele>
<time>2023-08-27T09:51:27Z</time>
<extensions>
<tp1:TrackPointExtension>
<tp1:hr>136</tp1:hr>
</tp1:TrackPointExtension>
</extensions>
</trkpt>
<trkpt lat="58.78799133" lon="16.23798533">
<ele>99.5</ele>
<time>2023-08-27T09:51:31Z</time>
<extensions>
<tp1:TrackPointExtension>
<tp1:hr>137</tp1:hr>
</tp1:TrackPointExtension>
</extensions>
</trkpt>
<trkpt lat="58.78798236" lon="16.23798802">
<ele>99.5</ele>
<time>2023-08-27T09:51:32Z</time>
<extensions>
<tp1:TrackPointExtension>
<tp1:hr>137</tp1:hr>
</tp1:TrackPointExtension>
</extensions>
</trkpt>
<trkpt lat="58.78792084" lon="16.23799765">
<ele>99.7</ele>
<time>2023-08-27T09:51:36Z</time>
<extensions>
<tp1:TrackPointExtension>
<tp1:hr>139</tp1:hr>
</tp1:TrackPointExtension>
</extensions>
</trkpt>
<trkpt lat="58.78785345" lon="16.237971">
<ele>99.7</ele>
<time>2023-08-27T09:51:40Z</time>
<extensions>
<tp1:TrackPointExtension>
<tp1:hr>138</tp1:hr>
</tp1:TrackPointExtension>
</extensions>
</trkpt>
<trkpt lat="58.7878071" lon="16.23788316">
<ele>99.9</ele>
<time>2023-08-27T09:51:44Z</time>
<extensions>
<tp1:TrackPointExtension>
<tp1:hr>139</tp1:hr>
</tp1:TrackPointExtension>
</extensions>
</trkpt>
<trkpt lat="58.78773283" lon="16.23778366">
<ele>100.3</ele>
<time>2023-08-27T09:51:49Z</time>
<extensions>
<tp1:TrackPointExtension>
<tp1:hr>139</tp1:hr>
</tp1:TrackPointExtension>
</extensions>
</trkpt>
<trkpt lat="58.78763904" lon="16.23765115">
<ele>100.7</ele>
<time>2023-08-27T09:51:54Z</time>
<extensions>
<tp1:TrackPointExtension>
<tp1:hr>139</tp1:hr>
</tp1:TrackPointExtension>
</extensions>
</trkpt>
<trkpt lat="58.78752228" lon="16.23757185">
<ele>101.2</ele>
<time>2023-08-27T09:51:59Z</time>
<extensions>
<tp1:TrackPointExtension>
<tp1:hr>139</tp1:hr>
</tp1:TrackPointExtension>
</extensions>
</trkpt>
<trkpt lat="58.78746872" lon="16.23754042">
<ele>101.4</ele>
<time>2023-08-27T09:52:02Z</time>
<extensions>
<tp1:TrackPointExtension>
<tp1:hr>136</tp1:hr>
</tp1:TrackPointExtension>
</extensions>
</trkpt>
<trkpt lat="58.78742077" lon="16.23752332">
<ele>101.8</ele>
<time>2023-08-27T09:52:04Z</time>
<extensions>
<tp1:TrackPointExtension>
<tp1:hr>138</tp1:hr>
</tp1:TrackPointExtension>
</extensions>
</trkpt>
<trkpt lat="58.7873305" lon="16.23749357">
<ele>102.0</ele>
<time>2023-08-27T09:52:07Z</time>
<extensions>
<tp1:TrackPointExtension>
<tp1:hr>140</tp1:hr>
</tp1:TrackPointExtension>
</extensions>
</trkpt>
<trkpt lat="58.78727736" lon="16.23746381">
<ele>102.2</ele>
<time>2023-08-27T09:52:09Z</time>
<extensions>
<tp1:TrackPointExtension>
<tp1:hr>139</tp1:hr>
</tp1:TrackPointExtension>
</extensions>
</trkpt>
<trkpt lat="58.78722497" lon="16.23741947">
<ele>102.8</ele>
<time>2023-08-27T09:52:13Z</time>
<extensions>
<tp1:TrackPointExtension>
<tp1:hr>136</tp1:hr>
</tp1:TrackPointExtension>
</extensions>
</trkpt>
<trkpt lat="58.78721483" lon="16.23741377">
<ele>102.8</ele>
<time>2023-08-27T09:52:14Z</time>
<extensions>
<tp1:TrackPointExtension>
<tp1:hr>136</tp1:hr>
</tp1:TrackPointExtension>
</extensions>
</trkpt>
<trkpt lat="58.78716831" lon="16.23737195">
<ele>103.6</ele>
<time>2023-08-27T09:52:20Z</time>
<extensions>
<tp1:TrackPointExtension>
<tp1:hr>137</tp1:hr>
</tp1:TrackPointExtension>
</extensions>
</trkpt>
<trkpt lat="58.78715515" lon="16.2373618">
<ele>103.8</ele>
<time>2023-08-27T09:52:21Z</time>
<extensions>
<tp1:TrackPointExtension>
<tp1:hr>134</tp1:hr>
</tp1:TrackPointExtension>
</extensions>
</trkpt>
<trkpt lat="58.78713889" lon="16.23735451">
<ele>103.8</ele>
<time>2023-08-27T09:52:22Z</time>
<extensions>
<tp1:TrackPointExtension>
<tp1:hr>135</tp1:hr>
</tp1:TrackPointExtension>
</extensions>
</trkpt>
<trkpt lat="58.78709338" lon="16.2373468">
<ele>104.0</ele>
<time>2023-08-27T09:52:24Z</time>
<extensions>
<tp1:TrackPointExtension>
<tp1:hr>135</tp1:hr>
</tp1:TrackPointExtension>
</extensions>
</trkpt>
<trkpt lat="58.78708131" lon="16.2373318">
<ele>104.2</ele>
<time>2023-08-27T09:52:25Z</time>
<extensions>
<tp1:TrackPointExtension>
<tp1:hr>134</tp1:hr>
</tp1:TrackPointExtension>
</extensions>
</trkpt>
<trkpt lat="58.78703789" lon="16.23727195">
<ele>104.6</ele>
<time>2023-08-27T09:52:28Z</time>
<extensions>
<tp1:TrackPointExtension>
<tp1:hr>133</tp1:hr>
</tp1:TrackPointExtension>
</extensions>
</trkpt>
<trkpt lat="58.78698424" lon="16.23724161">
<ele>104.7</ele>
<time>2023-08-27T09:52:30Z</time>
<extensions>
<tp1:TrackPointExtension>
<tp1:hr>131</tp1:hr>
</tp1:TrackPointExtension>
</extensions>
</trkpt>
<trkpt lat="58.78695524" lon="16.23723264">
<ele>104.9</ele>
<time>2023-08-27T09:52:31Z</time>
<extensions>
<tp1:TrackPointExtension>
<tp1:hr>133</tp1:hr>
</tp1:TrackPointExtension>
</extensions>
</trkpt>
<trkpt lat="58.78675785" lon="16.23710934">
<ele>105.7</ele>
<time>2023-08-27T09:52:38Z</time>
<extensions>
<tp1:TrackPointExtension>
<tp1:hr>132</tp1:hr>
</tp1:TrackPointExtension>
</extensions>
</trkpt>
<trkpt lat="58.78673321" lon="16.23709777">
<ele>105.9</ele>
<time>2023-08-27T09:52:40Z</time>
<extensions>
<tp1:TrackPointExtension>
<tp1:hr>133</tp1:hr>
</tp1:TrackPointExtension>
</extensions>
</trkpt>
<trkpt lat="58.78670127" lon="16.23710909">
<ele>106.1</ele>
<time>2023-08-27T09:52:41Z</time>
<extensions>
<tp1:TrackPointExtension>
<tp1:hr>134</tp1:hr>
</tp1:TrackPointExtension>
</extensions>
</trkpt>
<trkpt lat="58.78666565" lon="16.23713507">
<ele>106.3</ele>
<time>2023-08-27T09:52:43Z</time>
<extensions>
<tp1:TrackPointExtension>
<tp1:hr>135</tp1:hr>
</tp1:TrackPointExtension>
</extensions>
</trkpt>
<trkpt lat="58.78661661" lon="16.23716902">
<ele>106.7</ele>
<time>2023-08-27T09:52:46Z</time>
<extensions>
<tp1:TrackPointExtension>
<tp1:hr>132</tp1:hr>
</tp1:TrackPointExtension>
</extensions>
</trkpt>
<trkpt lat="58.78656364" lon="16.23723557">
<ele>107.1</ele>
<time>2023-08-27T09:52:49Z</time>
<extensions>
<tp1:TrackPointExtension>
<tp1:hr>134</tp1:hr>
</tp1:TrackPointExtension>
</extensions>
</trkpt>
<trkpt lat="58.78656364" lon="16.23723557">
<ele>107.1</ele>
<time>2023-08-27T09:52:50Z</time>
<extensions>
<tp1:TrackPointExtension>
<tp1:hr>136</tp1:hr>
</tp1:TrackPointExtension>
</extensions>
</trkpt>
<trkpt lat="58.78651167" lon="16.23732568">
<ele>107.3</ele>
<time>2023-08-27T09:52:52Z</time>
<extensions>
<tp1:TrackPointExtension>
<tp1:hr>133</tp1:hr>
</tp1:TrackPointExtension>
</extensions>
</trkpt>
<trkpt lat="58.78648049" lon="16.2374364">
<ele>107.7</ele>
<time>2023-08-27T09:52:55Z</time>
<extensions>
<tp1:TrackPointExtension>
<tp1:hr>134</tp1:hr>
</tp1:TrackPointExtension>
</extensions>
</trkpt>
<trkpt lat="58.78641788" lon="16.23754017">
<ele>108.1</ele>
<time>2023-08-27T09:52:58Z</time>
<extensions>
<tp1:TrackPointExtension>
<tp1:hr>133</tp1:hr>
</tp1:TrackPointExtension>
</extensions>
</trkpt>
<trkpt lat="58.78638913" lon="16.23757814">
<ele>108.3</ele>
<time>2023-08-27T09:53:00Z</time>
<extensions>
<tp1:TrackPointExtension>
<tp1:hr>135</tp1:hr>
</tp1:TrackPointExtension>
</extensions>
</trkpt>
<trkpt lat="58.78637899" lon="16.23759323">
<ele>108.5</ele>
<time>2023-08-27T09:53:01Z</time>
<extensions>
<tp1:TrackPointExtension>
<tp1:hr>137</tp1:hr>
</tp1:TrackPointExtension>
</extensions>
</trkpt>
<trkpt lat="58.78627446" lon="16.23769498">
<ele>108.8</ele>
<time>2023-08-27T09:53:06Z</time>
<extensions>
<tp1:TrackPointExtension>
<tp1:hr>135</tp1:hr>
</tp1:TrackPointExtension>
</extensions>
</trkpt>
<trkpt lat="58.78617765" lon="16.23772642">
<ele>109.0</ele>
<time>2023-08-27T09:53:08Z</time>
<extensions>
<tp1:TrackPointExtension>
<tp1:hr>135</tp1:hr>
</tp1:TrackPointExtension>
</extensions>
</trkpt>
<trkpt lat="58.78617765" lon="16.23772642">
<ele>109.0</ele>
<time>2023-08-27T09:53:09Z</time>
<extensions>
<tp1:TrackPointExtension>
<tp1:hr>134</tp1:hr>
</tp1:TrackPointExtension>
</extensions>
</trkpt>
<trkpt lat="58.78616106" lon="16.23783161">
<ele>109.2</ele>
<time>2023-08-27T09:53:10Z</time>
<extensions>
<tp1:TrackPointExtension>
<tp1:hr>135</tp1:hr>
</tp1:TrackPointExtension>
</extensions>
</trkpt>
<trkpt lat="58.78615452" lon="16.23790001">
<ele>109.4</ele>
<time>2023-08-27T09:53:12Z</time>
<extensions>
<tp1:TrackPointExtension>
<tp1:hr>132</tp1:hr>
</tp1:TrackPointExtension>
</extensions>
</trkpt>
<trkpt lat="58.78615293" lon="16.23809748">
<ele>109.6</ele>
<time>2023-08-27T09:53:16Z</time>
<extensions>
<tp1:TrackPointExtension>
<tp1:hr>132</tp1:hr>
</tp1:TrackPointExtension>
</extensions>
</trkpt>
<trkpt lat="58.78613105" lon="16.23821709">
<ele>110.0</ele>
<time>2023-08-27T09:53:19Z</time>
<extensions>
<tp1:TrackPointExtension>
<tp1:hr>131</tp1:hr>
</tp1:TrackPointExtension>
</extensions>
</trkpt>
<trkpt lat="58.78613633" lon="16.23825037">
<ele>110.0</ele>
<time>2023-08-27T09:53:20Z</time>
<extensions>
<tp1:TrackPointExtension>
<tp1:hr>131</tp1:hr>
</tp1:TrackPointExtension>
</extensions>
</trkpt>
<trkpt lat="58.78614622" lon="16.23828063">
<ele>110.2</ele>
<time>2023-08-27T09:53:21Z</time>
<extensions>
<tp1:TrackPointExtension>
<tp1:hr>131</tp1:hr>
</tp1:TrackPointExtension>
</extensions>
</trkpt>
<trkpt lat="58.78618847" lon="16.23839043">
<ele>110.6</ele>
<time>2023-08-27T09:53:25Z</time>
<extensions>
<tp1:TrackPointExtension>
<tp1:hr>132</tp1:hr>
</tp1:TrackPointExtension>
</extensions>
</trkpt>
<trkpt lat="58.78612753" lon="16.23856234">
<ele>111.0</ele>
<time>2023-08-27T09:53:30Z</time>
<extensions>
<tp1:TrackPointExtension>
<tp1:hr>132</tp1:hr>
</tp1:TrackPointExtension>
</extensions>
</trkpt>
<trkpt lat="58.78608143" lon="16.23868858">
<ele>111.2</ele>
<time>2023-08-27T09:53:33Z</time>
<extensions>
<tp1:TrackPointExtension>
<tp1:hr>132</tp1:hr>
</tp1:TrackPointExtension>
</extensions>
</trkpt>
<trkpt lat="58.78601857" lon="16.23884364">
<ele>111.3</ele>
<time>2023-08-27T09:53:35Z</time>
<extensions>
<tp1:TrackPointExtension>
<tp1:hr>130</tp1:hr>
</tp1:TrackPointExtension>
</extensions>
</trkpt>
<trkpt lat="58.78599728" lon="16.23905218">
<ele>111.7</ele>
<time>2023-08-27T09:53:40Z</time>
<extensions>
<tp1:TrackPointExtension>
<tp1:hr>129</tp1:hr>
</tp1:TrackPointExtension>
</extensions>
</trkpt>
<trkpt lat="58.78598998" lon="16.23913324">
<ele>112.1</ele>
<time>2023-08-27T09:53:43Z</time>
<extensions>
<tp1:TrackPointExtension>
<tp1:hr>130</tp1:hr>
</tp1:TrackPointExtension>
</extensions>
</trkpt>
<trkpt lat="58.78596953" lon="16.23915025">
<ele>112.1</ele>
<time>2023-08-27T09:53:45Z</time>
<extensions>
<tp1:TrackPointExtension>
<tp1:hr>130</tp1:hr>
</tp1:TrackPointExtension>
</extensions>
</trkpt>
<trkpt lat="58.78596953" lon="16.23915025">
<ele>112.1</ele>
<time>2023-08-27T09:53:46Z</time>
<extensions>
<tp1:TrackPointExtension>
<tp1:hr>130</tp1:hr>
</tp1:TrackPointExtension>
</extensions>
</trkpt>
<trkpt lat="58.78588479" lon="16.23925754">
<ele>112.5</ele>
<time>2023-08-27T09:53:51Z</time>
<extensions>
<tp1:TrackPointExtension>
<tp1:hr>133</tp1:hr>
</tp1:TrackPointExtension>
</extensions>
</trkpt>
<trkpt lat="58.78586593" lon="16.23927799">
<ele>112.5</ele>
<time>2023-08-27T09:53:52Z</time>
<extensions>
<tp1:TrackPointExtension>
<tp1:hr>130</tp1:hr>
</tp1:TrackPointExtension>
</extensions>
</trkpt>
<trkpt lat="58.78583676" lon="16.23932543">
<ele>112.5</ele>
<time>2023-08-27T09:53:54Z</time>
<extensions>
<tp1:TrackPointExtension>
<tp1:hr>133</tp1:hr>
</tp1:TrackPointExtension>
</extensions>
</trkpt>
<trkpt lat="58.78582385" lon="16.23941395">
<ele>112.5</ele>
<time>2023-08-27T09:53:56Z</time>
<extensions>
<tp1:TrackPointExtension>
<tp1:hr>134</tp1:hr>
</tp1:TrackPointExtension>
</extensions>
</trkpt>
<trkpt lat="58.78579812" lon="16.23949366">
<ele>112.5</ele>
<time>2023-08-27T09:54:00Z</time>
<extensions>
<tp1:TrackPointExtension>
<tp1:hr>133</tp1:hr>
</tp1:TrackPointExtension>
</extensions>
</trkpt>
<trkpt lat="58.7857832" lon="16.23951654">
<ele>112.5</ele>
<time>2023-08-27T09:54:01Z</time>
<extensions>
<tp1:TrackPointExtension>
<tp1:hr>132</tp1:hr>
</tp1:TrackPointExtension>
</extensions>
</trkpt>
<trkpt lat="58.78575655" lon="16.23951226">
<ele>112.5</ele>
<time>2023-08-27T09:54:02Z</time>
<extensions>
<tp1:TrackPointExtension>
<tp1:hr>132</tp1:hr>
</tp1:TrackPointExtension>
</extensions>
</trkpt>
<trkpt lat="58.78569276" lon="16.23950866">
<ele>112.5</ele>
<time>2023-08-27T09:54:05Z</time>
<extensions>
<tp1:TrackPointExtension>
<tp1:hr>133</tp1:hr>
</tp1:TrackPointExtension>
</extensions>
</trkpt>
<trkpt lat="58.78562897" lon="16.23951956">
<ele>112.4</ele>
<time>2023-08-27T09:54:08Z</time>
<extensions>
<tp1:TrackPointExtension>
<tp1:hr>134</tp1:hr>
</tp1:TrackPointExtension>
</extensions>
</trkpt>
<trkpt lat="58.78557265" lon="16.23959281">
<ele>112.4</ele>
<time>2023-08-27T09:54:11Z</time>
<extensions>
<tp1:TrackPointExtension>
<tp1:hr>133</tp1:hr>
</tp1:TrackPointExtension>
</extensions>
</trkpt>
<trkpt lat="58.78552227" lon="16.23965291">
<ele>112.2</ele>
<time>2023-08-27T09:54:14Z</time>
<extensions>
<tp1:TrackPointExtension>
<tp1:hr>134</tp1:hr>
</tp1:TrackPointExtension>
</extensions>
</trkpt>
<trkpt lat="58.78548824" lon="16.23968175">
<ele>112.2</ele>
<time>2023-08-27T09:54:16Z</time>
<extensions>
<tp1:TrackPointExtension>
<tp1:hr>134</tp1:hr>
</tp1:TrackPointExtension>
</extensions>
</trkpt>
<trkpt lat="58.78534944" lon="16.23983807">
<ele>111.8</ele>
<time>2023-08-27T09:54:21Z</time>
<extensions>
<tp1:TrackPointExtension>
<tp1:hr>135</tp1:hr>
</tp1:TrackPointExtension>
</extensions>
</trkpt>
<trkpt lat="58.7852631" lon="16.24002088">
<ele>111.8</ele>
<time>2023-08-27T09:54:26Z</time>
<extensions>
<tp1:TrackPointExtension>
<tp1:hr>133</tp1:hr>
</tp1:TrackPointExtension>
</extensions>
</trkpt>
<trkpt lat="58.78524852" lon="16.24006312">
<ele>111.8</ele>
<time>2023-08-27T09:54:27Z</time>
<extensions>
<tp1:TrackPointExtension>
<tp1:hr>132</tp1:hr>
</tp1:TrackPointExtension>
</extensions>
</trkpt>
<trkpt lat="58.78521306" lon="16.24028935">
<ele>111.6</ele>
<time>2023-08-27T09:54:31Z</time>
<extensions>
<tp1:TrackPointExtension>
<tp1:hr>130</tp1:hr>
</tp1:TrackPointExtension>
</extensions>
</trkpt>
<trkpt lat="58.78516713" lon="16.24052279">
<ele>111.6</ele>
<time>2023-08-27T09:54:36Z</time>
<extensions>
<tp1:TrackPointExtension>
<tp1:hr>128</tp1:hr>
</tp1:TrackPointExtension>
</extensions>
</trkpt>
<trkpt lat="58.78505364" lon="16.24074013">
<ele>111.7</ele>
<time>2023-08-27T09:54:42Z</time>
<extensions>
<tp1:TrackPointExtension>
<tp1:hr>129</tp1:hr>
</tp1:TrackPointExtension>
</extensions>
</trkpt>
<trkpt lat="58.78496831" lon="16.24088312">
<ele>111.9</ele>
<time>2023-08-27T09:54:47Z</time>
<extensions>
<tp1:TrackPointExtension>
<tp1:hr>131</tp1:hr>
</tp1:TrackPointExtension>
</extensions>
</trkpt>
<trkpt lat="58.78486748" lon="16.24113844">
<ele>112.1</ele>
<time>2023-08-27T09:54:53Z</time>
<extensions>
<tp1:TrackPointExtension>
<tp1:hr>132</tp1:hr>
</tp1:TrackPointExtension>
</extensions>
</trkpt>
<trkpt lat="58.78477897" lon="16.24146625">
<ele>112.5</ele>
<time>2023-08-27T09:54:59Z</time>
<extensions>
<tp1:TrackPointExtension>
<tp1:hr>130</tp1:hr>
</tp1:TrackPointExtension>
</extensions>
</trkpt>
<trkpt lat="58.78471954" lon="16.24163624">
<ele>112.7</ele>
<time>2023-08-27T09:55:02Z</time>
<extensions>
<tp1:TrackPointExtension>
<tp1:hr>135</tp1:hr>
</tp1:TrackPointExtension>
</extensions>
</trkpt>
<trkpt lat="58.78470412" lon="16.24169399">
<ele>112.9</ele>
<time>2023-08-27T09:55:03Z</time>
<extensions>
<tp1:TrackPointExtension>
<tp1:hr>133</tp1:hr>
</tp1:TrackPointExtension>
</extensions>
</trkpt>
<trkpt lat="58.78465734" lon="16.24181368">
<ele>113.1</ele>
<time>2023-08-27T09:55:06Z</time>
<extensions>
<tp1:TrackPointExtension>
<tp1:hr>131</tp1:hr>
</tp1:TrackPointExtension>
</extensions>
</trkpt>
<trkpt lat="58.78463404" lon="16.24188376">
<ele>113.1</ele>
<time>2023-08-27T09:55:08Z</time>
<extensions>
<tp1:TrackPointExtension>
<tp1:hr>129</tp1:hr>
</tp1:TrackPointExtension>
</extensions>
</trkpt>
<trkpt lat="58.78462415" lon="16.24213932">
<ele>113.4</ele>
<time>2023-08-27T09:55:13Z</time>
<extensions>
<tp1:TrackPointExtension>
<tp1:hr>128</tp1:hr>
</tp1:TrackPointExtension>
</extensions>
</trkpt>
<trkpt lat="58.78452625" lon="16.24247569">
<ele>113.8</ele>
<time>2023-08-27T09:55:19Z</time>
<extensions>
<tp1:TrackPointExtension>
<tp1:hr>124</tp1:hr>
</tp1:TrackPointExtension>
</extensions>
</trkpt>
<trkpt lat="58.78448845" lon="16.24255808">
<ele>113.8</ele>
<time>2023-08-27T09:55:21Z</time>
<extensions>
<tp1:TrackPointExtension>
<tp1:hr>128</tp1:hr>
</tp1:TrackPointExtension>
</extensions>
</trkpt>
<trkpt lat="58.78446892" lon="16.24262924">
<ele>114.0</ele>
<time>2023-08-27T09:55:22Z</time>
<extensions>
<tp1:TrackPointExtension>
<tp1:hr>127</tp1:hr>
</tp1:TrackPointExtension>
</extensions>
</trkpt>
<trkpt lat="58.78444914" lon="16.24275623">
<ele>114.2</ele>
<time>2023-08-27T09:55:25Z</time>
<extensions>
<tp1:TrackPointExtension>
<tp1:hr>129</tp1:hr>
</tp1:TrackPointExtension>
</extensions>
</trkpt>
<trkpt lat="58.78441075" lon="16.24303166">
<ele>114.4</ele>
<time>2023-08-27T09:55:29Z</time>
<extensions>
<tp1:TrackPointExtension>
<tp1:hr>127</tp1:hr>
</tp1:TrackPointExtension>
</extensions>
</trkpt>
<trkpt lat="58.78440203" lon="16.24309234">
<ele>114.4</ele>
<time>2023-08-27T09:55:30Z</time>
<extensions>
<tp1:TrackPointExtension>
<tp1:hr>127</tp1:hr>
</tp1:TrackPointExtension>
</extensions>
</trkpt>
<trkpt lat="58.78439616" lon="16.2434241">
<ele>114.8</ele>
<time>2023-08-27T09:55:35Z</time>
<extensions>
<tp1:TrackPointExtension>
<tp1:hr>128</tp1:hr>
</tp1:TrackPointExtension>
</extensions>
</trkpt>
<trkpt lat="58.78437437" lon="16.24359274">
<ele>115.0</ele>
<time>2023-08-27T09:55:38Z</time>
<extensions>
<tp1:TrackPointExtension>
<tp1:hr>128</tp1:hr>
</tp1:TrackPointExtension>
</extensions>
</trkpt>
<trkpt lat="58.7843742" lon="16.24363323">
<ele>115.0</ele>
<time>2023-08-27T09:55:40Z</time>
<extensions>
<tp1:TrackPointExtension>
<tp1:hr>130</tp1:hr>
</tp1:TrackPointExtension>
</extensions>
</trkpt>
<trkpt lat="58.78435459" lon="16.24366575">
<ele>115.0</ele>
<time>2023-08-27T09:55:41Z</time>
<extensions>
<tp1:TrackPointExtension>
<tp1:hr>130</tp1:hr>
</tp1:TrackPointExtension>
</extensions>
</trkpt>
<trkpt lat="58.78432492" lon="16.24370959">
<ele>115.1</ele>
<time>2023-08-27T09:55:44Z</time>
<extensions>
<tp1:TrackPointExtension>
<tp1:hr>129</tp1:hr>
</tp1:TrackPointExtension>
</extensions>
</trkpt>
<trkpt lat="58.78425074" lon="16.24395794">
<ele>115.3</ele>
<time>2023-08-27T09:55:50Z</time>
<extensions>
<tp1:TrackPointExtension>
<tp1:hr>130</tp1:hr>
</tp1:TrackPointExtension>
</extensions>
</trkpt>
<trkpt lat="58.78425074" lon="16.24399105">
<ele>115.3</ele>
<time>2023-08-27T09:55:51Z</time>
<extensions>
<tp1:TrackPointExtension>
<tp1:hr>129</tp1:hr>
</tp1:TrackPointExtension>
</extensions>
</trkpt>
<trkpt lat="58.78426515" lon="16.244068">
<ele>115.5</ele>
<time>2023-08-27T09:55:53Z</time>
<extensions>
<tp1:TrackPointExtension>
<tp1:hr>129</tp1:hr>
</tp1:TrackPointExtension>
</extensions>
</trkpt>
<trkpt lat="58.78431461" lon="16.24423999">
<ele>115.5</ele>
<time>2023-08-27T09:55:57Z</time>
<extensions>
<tp1:TrackPointExtension>
<tp1:hr>130</tp1:hr>
</tp1:TrackPointExtension>
</extensions>
</trkpt>
<trkpt lat="58.78431595" lon="16.24437067">
<ele>115.5</ele>
<time>2023-08-27T09:56:00Z</time>
<extensions>
<tp1:TrackPointExtension>
<tp1:hr>130</tp1:hr>
</tp1:TrackPointExtension>
</extensions>
</trkpt>
<trkpt lat="58.78432265" lon="16.24440587">
<ele>115.5</ele>
<time>2023-08-27T09:56:01Z</time>
<extensions>
<tp1:TrackPointExtension>
<tp1:hr>130</tp1:hr>
</tp1:TrackPointExtension>
</extensions>
</trkpt>
<trkpt lat="58.78436515" lon="16.24464878">
<ele>115.5</ele>
<time>2023-08-27T09:56:06Z</time>
<extensions>
<tp1:TrackPointExtension>
<tp1:hr>131</tp1:hr>
</tp1:TrackPointExtension>
</extensions>
</trkpt>
<trkpt lat="58.78431385" lon="16.24491482">
<ele>115.3</ele>
<time>2023-08-27T09:56:11Z</time>
<extensions>
<tp1:TrackPointExtension>
<tp1:hr>133</tp1:hr>
</tp1:TrackPointExtension>
</extensions>
</trkpt>
<trkpt lat="58.78427513" lon="16.24525496">
<ele>114.9</ele>
<time>2023-08-27T09:56:16Z</time>
<extensions>
<tp1:TrackPointExtension>
<tp1:hr>131</tp1:hr>
</tp1:TrackPointExtension>
</extensions>
</trkpt>
<trkpt lat="58.78428577" lon="16.24556651">
<ele>114.6</ele>
<time>2023-08-27T09:56:21Z</time>
<extensions>
<tp1:TrackPointExtension>
<tp1:hr>132</tp1:hr>
</tp1:TrackPointExtension>
</extensions>
</trkpt>
<trkpt lat="58.78427982" lon="16.24589643">
<ele>114.2</ele>
<time>2023-08-27T09:56:27Z</time>
<extensions>
<tp1:TrackPointExtension>
<tp1:hr>135</tp1:hr>
</tp1:TrackPointExtension>
</extensions>
</trkpt>
<trkpt lat="58.78427228" lon="16.24595501">
<ele>114.2</ele>
<time>2023-08-27T09:56:28Z</time>
<extensions>
<tp1:TrackPointExtension>
<tp1:hr>135</tp1:hr>
</tp1:TrackPointExtension>
</extensions>
</trkpt>
<trkpt lat="58.78425535" lon="16.24623304">
<ele>111.2</ele>
<time>2023-08-27T09:56:34Z</time>
<extensions>
<tp1:TrackPointExtension>
<tp1:hr>134</tp1:hr>
</tp1:TrackPointExtension>
</extensions>
</trkpt>
<trkpt lat="58.78424479" lon="16.24628015">
<ele>109.8</ele>
<time>2023-08-27T09:56:35Z</time>
<extensions>
<tp1:TrackPointExtension>
<tp1:hr>135</tp1:hr>
</tp1:TrackPointExtension>
</extensions>
</trkpt>
<trkpt lat="58.78422685" lon="16.24639238">
<ele>109.0</ele>
<time>2023-08-27T09:56:36Z</time>
<extensions>
<tp1:TrackPointExtension>
<tp1:hr>136</tp1:hr>
</tp1:TrackPointExtension>
</extensions>
</trkpt>
<trkpt lat="58.78422936" lon="16.24643052">
<ele>108.6</ele>
<time>2023-08-27T09:56:37Z</time>
<extensions>
<tp1:TrackPointExtension>
<tp1:hr>135</tp1:hr>
</tp1:TrackPointExtension>
</extensions>
</trkpt>
<trkpt lat="58.78423213" lon="16.24646866">
<ele>108.4</ele>
<time>2023-08-27T09:56:38Z</time>
<extensions>
<tp1:TrackPointExtension>
<tp1:hr>135</tp1:hr>
</tp1:TrackPointExtension>
</extensions>
</trkpt>
<trkpt lat="58.78423238" lon="16.24654443">
<ele>108.2</ele>
<time>2023-08-27T09:56:40Z</time>
<extensions>
<tp1:TrackPointExtension>
<tp1:hr>136</tp1:hr>
</tp1:TrackPointExtension>
</extensions>
</trkpt>
<trkpt lat="58.784224" lon="16.24664568">
<ele>109.2</ele>
<time>2023-08-27T09:56:44Z</time>
<extensions>
<tp1:TrackPointExtension>
<tp1:hr>138</tp1:hr>
</tp1:TrackPointExtension>
</extensions>
</trkpt>
<trkpt lat="58.78419366" lon="16.24675431">
<ele>110.0</ele>
<time>2023-08-27T09:56:46Z</time>
<extensions>
<tp1:TrackPointExtension>
<tp1:hr>138</tp1:hr>
</tp1:TrackPointExtension>
</extensions>
</trkpt>
<trkpt lat="58.78417949" lon="16.24679128">
<ele>110.6</ele>
<time>2023-08-27T09:56:47Z</time>
<extensions>
<tp1:TrackPointExtension>
<tp1:hr>135</tp1:hr>
</tp1:TrackPointExtension>
</extensions>
</trkpt>
<trkpt lat="58.78416466" lon="16.24683285">
<ele>111.0</ele>
<time>2023-08-27T09:56:48Z</time>
<extensions>
<tp1:TrackPointExtension>
<tp1:hr>138</tp1:hr>
</tp1:TrackPointExtension>
</extensions>
</trkpt>
<trkpt lat="58.78415611" lon="16.24687233">
<ele>111.3</ele>
<time>2023-08-27T09:56:49Z</time>
<extensions>
<tp1:TrackPointExtension>
<tp1:hr>138</tp1:hr>
</tp1:TrackPointExtension>
</extensions>
</trkpt>
<trkpt lat="58.78414529" lon="16.24698884">
<ele>111.9</ele>
<time>2023-08-27T09:56:51Z</time>
<extensions>
<tp1:TrackPointExtension>
<tp1:hr>137</tp1:hr>
</tp1:TrackPointExtension>
</extensions>
</trkpt>
<trkpt lat="58.78414529" lon="16.24698884">
<ele>112.5</ele>
<time>2023-08-27T09:56:52Z</time>
<extensions>
<tp1:TrackPointExtension>
<tp1:hr>137</tp1:hr>
</tp1:TrackPointExtension>
</extensions>
</trkpt>
<trkpt lat="58.78413859" lon="16.24714491">
<ele>113.1</ele>
<time>2023-08-27T09:56:54Z</time>
<extensions>
<tp1:TrackPointExtension>
<tp1:hr>134</tp1:hr>
</tp1:TrackPointExtension>
</extensions>
</trkpt>
<trkpt lat="58.78413859" lon="16.24714491">
<ele>113.5</ele>
<time>2023-08-27T09:56:55Z</time>
<extensions>
<tp1:TrackPointExtension>
<tp1:hr>135</tp1:hr>
</tp1:TrackPointExtension>
</extensions>
</trkpt>
<trkpt lat="58.78409534" lon="16.24724507">
<ele>114.7</ele>
<time>2023-08-27T09:56:58Z</time>
<extensions>
<tp1:TrackPointExtension>
<tp1:hr>135</tp1:hr>
</tp1:TrackPointExtension>
</extensions>
</trkpt>
<trkpt lat="58.78409903" lon="16.24736661">
<ele>115.5</ele>
<time>2023-08-27T09:57:01Z</time>
<extensions>
<tp1:TrackPointExtension>
<tp1:hr>136</tp1:hr>
</tp1:TrackPointExtension>
</extensions>
</trkpt>
<trkpt lat="58.78409903" lon="16.24736661">
<ele>115.7</ele>
<time>2023-08-27T09:57:02Z</time>
<extensions>
<tp1:TrackPointExtension>
<tp1:hr>136</tp1:hr>
</tp1:TrackPointExtension>
</extensions>
</trkpt>
<trkpt lat="58.78407866" lon="16.24755872">
<ele>116.9</ele>
<time>2023-08-27T09:57:05Z</time>
<extensions>
<tp1:TrackPointExtension>
<tp1:hr>136</tp1:hr>
</tp1:TrackPointExtension>
</extensions>
</trkpt>
<trkpt lat="58.78405888" lon="16.24777758">
<ele>117.9</ele>
<time>2023-08-27T09:57:09Z</time>
<extensions>
<tp1:TrackPointExtension>
<tp1:hr>136</tp1:hr>
</tp1:TrackPointExtension>
</extensions>
</trkpt>
<trkpt lat="58.78404999" lon="16.24808016">
<ele>119.1</ele>
<time>2023-08-27T09:57:14Z</time>
<extensions>
<tp1:TrackPointExtension>
<tp1:hr>137</tp1:hr>
</tp1:TrackPointExtension>
</extensions>
</trkpt>
<trkpt lat="58.78404999" lon="16.24808016">
<ele>119.1</ele>
<time>2023-08-27T09:57:15Z</time>
<extensions>
<tp1:TrackPointExtension>
<tp1:hr>134</tp1:hr>
</tp1:TrackPointExtension>
</extensions>
</trkpt>
<trkpt lat="58.78405469" lon="16.24821503">
<ele>119.5</ele>
<time>2023-08-27T09:57:16Z</time>
<extensions>
<tp1:TrackPointExtension>
<tp1:hr>137</tp1:hr>
</tp1:TrackPointExtension>
</extensions>
</trkpt>
<trkpt lat="58.78406206" lon="16.24833154">
<ele>120.1</ele>
<time>2023-08-27T09:57:18Z</time>
<extensions>
<tp1:TrackPointExtension>
<tp1:hr>135</tp1:hr>
</tp1:TrackPointExtension>
</extensions>
</trkpt>
<trkpt lat="58.78406206" lon="16.24833154">
<ele>120.5</ele>
<time>2023-08-27T09:57:19Z</time>
<extensions>
<tp1:TrackPointExtension>
<tp1:hr>136</tp1:hr>
</tp1:TrackPointExtension>
</extensions>
</trkpt>
<trkpt lat="58.7840344" lon="16.24856975">
<ele>121.6</ele>
<time>2023-08-27T09:57:22Z</time>
<extensions>
<tp1:TrackPointExtension>
<tp1:hr>137</tp1:hr>
</tp1:TrackPointExtension>
</extensions>
</trkpt>
<trkpt lat="58.78403096" lon="16.24872917">
<ele>122.8</ele>
<time>2023-08-27T09:57:25Z</time>
<extensions>
<tp1:TrackPointExtension>
<tp1:hr>137</tp1:hr>
</tp1:TrackPointExtension>
</extensions>
</trkpt>
<trkpt lat="58.78400406" lon="16.24888541">
<ele>123.4</ele>
<time>2023-08-27T09:57:28Z</time>
<extensions>
<tp1:TrackPointExtension>
<tp1:hr>136</tp1:hr>
</tp1:TrackPointExtension>
</extensions>
</trkpt>
<trkpt lat="58.78397531" lon="16.24897677">
<ele>123.8</ele>
<time>2023-08-27T09:57:30Z</time>
<extensions>
<tp1:TrackPointExtension>
<tp1:hr>136</tp1:hr>
</tp1:TrackPointExtension>
</extensions>
</trkpt>
<trkpt lat="58.78396039" lon="16.24902539">
<ele>124.0</ele>
<time>2023-08-27T09:57:31Z</time>
<extensions>
<tp1:TrackPointExtension>
<tp1:hr>137</tp1:hr>
</tp1:TrackPointExtension>
</extensions>
</trkpt>
<trkpt lat="58.78392217" lon="16.24917065">
<ele>124.8</ele>
<time>2023-08-27T09:57:34Z</time>
<extensions>
<tp1:TrackPointExtension>
<tp1:hr>140</tp1:hr>
</tp1:TrackPointExtension>
</extensions>
</trkpt>
<trkpt lat="58.78390264" lon="16.24926235">
<ele>125.2</ele>
<time>2023-08-27T09:57:36Z</time>
<extensions>
<tp1:TrackPointExtension>
<tp1:hr>143</tp1:hr>
</tp1:TrackPointExtension>
</extensions>
</trkpt>
<trkpt lat="58.78390264" lon="16.24926235">
<ele>125.2</ele>
<time>2023-08-27T09:57:37Z</time>
<extensions>
<tp1:TrackPointExtension>
<tp1:hr>143</tp1:hr>
</tp1:TrackPointExtension>
</extensions>
</trkpt>
<trkpt lat="58.78389074" lon="16.24935765">
<ele>125.2</ele>
<time>2023-08-27T09:57:38Z</time>
<extensions>
<tp1:TrackPointExtension>
<tp1:hr>144</tp1:hr>
</tp1:TrackPointExtension>
</extensions>
</trkpt>
<trkpt lat="58.78389308" lon="16.24951288">
<ele>125.2</ele>
<time>2023-08-27T09:57:41Z</time>
<extensions>
<tp1:TrackPointExtension>
<tp1:hr>144</tp1:hr>
</tp1:TrackPointExtension>
</extensions>
</trkpt>
<trkpt lat="58.78383391" lon="16.24986333">
<ele>125.2</ele>
<time>2023-08-27T09:57:47Z</time>
<extensions>
<tp1:TrackPointExtension>
<tp1:hr>144</tp1:hr>
</tp1:TrackPointExtension>
</extensions>
</trkpt>
<trkpt lat="58.7838365" lon="16.25017354">
<ele>125.2</ele>
<time>2023-08-27T09:57:52Z</time>
<extensions>
<tp1:TrackPointExtension>
<tp1:hr>144</tp1:hr>
</tp1:TrackPointExtension>
</extensions>
</trkpt>
<trkpt lat="58.78388587" lon="16.25039952">
<ele>125.1</ele>
<time>2023-08-27T09:57:56Z</time>
<extensions>
<tp1:TrackPointExtension>
<tp1:hr>145</tp1:hr>
</tp1:TrackPointExtension>
</extensions>
</trkpt>
<trkpt lat="58.78393373" lon="16.25059029">
<ele>123.3</ele>
<time>2023-08-27T09:58:00Z</time>
<extensions>
<tp1:TrackPointExtension>
<tp1:hr>146</tp1:hr>
</tp1:TrackPointExtension>
</extensions>
</trkpt>
<trkpt lat="58.78392862" lon="16.25063966">
<ele>122.5</ele>
<time>2023-08-27T09:58:01Z</time>
<extensions>
<tp1:TrackPointExtension>
<tp1:hr>147</tp1:hr>
</tp1:TrackPointExtension>
</extensions>
</trkpt>
<trkpt lat="58.78392594" lon="16.25068132">
<ele>122.1</ele>
<time>2023-08-27T09:58:02Z</time>
<extensions>
<tp1:TrackPointExtension>
<tp1:hr>147</tp1:hr>
</tp1:TrackPointExtension>
</extensions>
</trkpt>
<trkpt lat="58.78393231" lon="16.25072951">
<ele>121.9</ele>
<time>2023-08-27T09:58:03Z</time>
<extensions>
<tp1:TrackPointExtension>
<tp1:hr>147</tp1:hr>
</tp1:TrackPointExtension>
</extensions>
</trkpt>
<trkpt lat="58.78396391" lon="16.25081065">
<ele>121.5</ele>
<time>2023-08-27T09:58:05Z</time>
<extensions>
<tp1:TrackPointExtension>
<tp1:hr>146</tp1:hr>
</tp1:TrackPointExtension>
</extensions>
</trkpt>
<trkpt lat="58.78397321" lon="16.25085457">
<ele>121.1</ele>
<time>2023-08-27T09:58:06Z</time>
<extensions>
<tp1:TrackPointExtension>
<tp1:hr>145</tp1:hr>
</tp1:TrackPointExtension>
</extensions>
</trkpt>
<trkpt lat="58.78400221" lon="16.25098097">
<ele>119.9</ele>
<time>2023-08-27T09:58:09Z</time>
<extensions>
<tp1:TrackPointExtension>
<tp1:hr>145</tp1:hr>
</tp1:TrackPointExtension>
</extensions>
</trkpt>
<trkpt lat="58.78401395" lon="16.25100209">
<ele>119.9</ele>
<time>2023-08-27T09:58:10Z</time>
<extensions>
<tp1:TrackPointExtension>
<tp1:hr>144</tp1:hr>
</tp1:TrackPointExtension>
</extensions>
</trkpt>
<trkpt lat="58.78406516" lon="16.25118608">
<ele>119.7</ele>
<time>2023-08-27T09:58:15Z</time>
<extensions>
<tp1:TrackPointExtension>
<tp1:hr>144</tp1:hr>
</tp1:TrackPointExtension>
</extensions>
</trkpt>
<trkpt lat="58.78412685" lon="16.25141867">
<ele>119.7</ele>
<time>2023-08-27T09:58:20Z</time>
<extensions>
<tp1:TrackPointExtension>
<tp1:hr>144</tp1:hr>
</tp1:TrackPointExtension>
</extensions>
</trkpt>
<trkpt lat="58.78421218" lon="16.25162638">
<ele>119.5</ele>
<time>2023-08-27T09:58:24Z</time>
<extensions>
<tp1:TrackPointExtension>
<tp1:hr>143</tp1:hr>
</tp1:TrackPointExtension>
</extensions>
</trkpt>
<trkpt lat="58.78423079" lon="16.25167751">
<ele>119.3</ele>
<time>2023-08-27T09:58:25Z</time>
<extensions>
<tp1:TrackPointExtension>
<tp1:hr>146</tp1:hr>
</tp1:TrackPointExtension>
</extensions>
</trkpt>
<trkpt lat="58.78425342" lon="16.25171145">
<ele>119.2</ele>
<time>2023-08-27T09:58:26Z</time>
<extensions>
<tp1:TrackPointExtension>
<tp1:hr>148</tp1:hr>
</tp1:TrackPointExtension>
</extensions>
</trkpt>
<trkpt lat="58.7842763" lon="16.25172788">
<ele>119.2</ele>
<time>2023-08-27T09:58:27Z</time>
<extensions>
<tp1:TrackPointExtension>
<tp1:hr>151</tp1:hr>
</tp1:TrackPointExtension>
</extensions>
</trkpt>
<trkpt lat="58.78432458" lon="16.25175747">
<ele>119.2</ele>
<time>2023-08-27T09:58:28Z</time>
<extensions>
<tp1:TrackPointExtension>
<tp1:hr>153</tp1:hr>
</tp1:TrackPointExtension>
</extensions>
</trkpt>
<trkpt lat="58.78439893" lon="16.25184163">
<ele>119.2</ele>
<time>2023-08-27T09:58:34Z</time>
<extensions>
<tp1:TrackPointExtension>
<tp1:hr>152</tp1:hr>
</tp1:TrackPointExtension>
</extensions>
</trkpt>
<trkpt lat="58.78434311" lon="16.25196492">
<ele>119.2</ele>
<time>2023-08-27T09:58:38Z</time>
<extensions>
<tp1:TrackPointExtension>
<tp1:hr>151</tp1:hr>
</tp1:TrackPointExtension>
</extensions>
</trkpt>
<trkpt lat="58.7842214" lon="16.25206081">
<ele>119.2</ele>
<time>2023-08-27T09:58:43Z</time>
<extensions>
<tp1:TrackPointExtension>
<tp1:hr>150</tp1:hr>
</tp1:TrackPointExtension>
</extensions>
</trkpt>
<trkpt lat="58.78418486" lon="16.25206215">
<ele>118.6</ele>
<time>2023-08-27T09:58:44Z</time>
<extensions>
<tp1:TrackPointExtension>
<tp1:hr>151</tp1:hr>
</tp1:TrackPointExtension>
</extensions>
</trkpt>
<trkpt lat="58.78414814" lon="16.25205293">
<ele>117.6</ele>
<time>2023-08-27T09:58:47Z</time>
<extensions>
<tp1:TrackPointExtension>
<tp1:hr>149</tp1:hr>
</tp1:TrackPointExtension>
</extensions>
</trkpt>
<trkpt lat="58.7841613" lon="16.25216793">
<ele>117.0</ele>
<time>2023-08-27T09:58:50Z</time>
<extensions>
<tp1:TrackPointExtension>
<tp1:hr>149</tp1:hr>
</tp1:TrackPointExtension>
</extensions>
</trkpt>
<trkpt lat="58.78416281" lon="16.2521997">
<ele>116.8</ele>
<time>2023-08-27T09:58:51Z</time>
<extensions>
<tp1:TrackPointExtension>
<tp1:hr>149</tp1:hr>
</tp1:TrackPointExtension>
</extensions>
</trkpt>
<trkpt lat="58.78415636" lon="16.25226013">
<ele>116.4</ele>
<time>2023-08-27T09:58:53Z</time>
<extensions>
<tp1:TrackPointExtension>
<tp1:hr>149</tp1:hr>
</tp1:TrackPointExtension>
</extensions>
</trkpt>
<trkpt lat="58.7841499" lon="16.25231738">
<ele>115.6</ele>
<time>2023-08-27T09:58:55Z</time>
<extensions>
<tp1:TrackPointExtension>
<tp1:hr>151</tp1:hr>
</tp1:TrackPointExtension>
</extensions>
</trkpt>
<trkpt lat="58.78414085" lon="16.25235016">
<ele>115.2</ele>
<time>2023-08-27T09:58:56Z</time>
<extensions>
<tp1:TrackPointExtension>
<tp1:hr>151</tp1:hr>
</tp1:TrackPointExtension>
</extensions>
</trkpt>
<trkpt lat="58.78412182" lon="16.25245929">
<ele>113.9</ele>
<time>2023-08-27T09:58:59Z</time>
<extensions>
<tp1:TrackPointExtension>
<tp1:hr>148</tp1:hr>
</tp1:TrackPointExtension>
</extensions>
</trkpt>
<trkpt lat="58.78411378" lon="16.25253699">
<ele>113.3</ele>
<time>2023-08-27T09:59:01Z</time>
<extensions>
<tp1:TrackPointExtension>
<tp1:hr>146</tp1:hr>
</tp1:TrackPointExtension>
</extensions>
</trkpt>
<trkpt lat="58.78412476" lon="16.25261678">
<ele>112.9</ele>
<time>2023-08-27T09:59:03Z</time>
<extensions>
<tp1:TrackPointExtension>
<tp1:hr>146</tp1:hr>
</tp1:TrackPointExtension>
</extensions>
</trkpt>
<trkpt lat="58.78413037" lon="16.2527203">
<ele>112.9</ele>
<time>2023-08-27T09:59:05Z</time>
<extensions>
<tp1:TrackPointExtension>
<tp1:hr>149</tp1:hr>
</tp1:TrackPointExtension>
</extensions>
</trkpt>
<trkpt lat="58.78412534" lon="16.25277839">
<ele>112.5</ele>
<time>2023-08-27T09:59:06Z</time>
<extensions>
<tp1:TrackPointExtension>
<tp1:hr>152</tp1:hr>
</tp1:TrackPointExtension>
</extensions>
</trkpt>
<trkpt lat="58.78411193" lon="16.2528265">
<ele>112.1</ele>
<time>2023-08-27T09:59:07Z</time>
<extensions>
<tp1:TrackPointExtension>
<tp1:hr>153</tp1:hr>
</tp1:TrackPointExtension>
</extensions>
</trkpt>
<trkpt lat="58.78409022" lon="16.25285726">
<ele>111.3</ele>
<time>2023-08-27T09:59:08Z</time>
<extensions>
<tp1:TrackPointExtension>
<tp1:hr>152</tp1:hr>
</tp1:TrackPointExtension>
</extensions>
</trkpt>
<trkpt lat="58.7840287" lon="16.2529021">
<ele>110.1</ele>
<time>2023-08-27T09:59:10Z</time>
<extensions>
<tp1:TrackPointExtension>
<tp1:hr>151</tp1:hr>
</tp1:TrackPointExtension>
</extensions>
</trkpt>
<trkpt lat="58.78391806" lon="16.25292658">
<ele>108.9</ele>
<time>2023-08-27T09:59:13Z</time>
<extensions>
<tp1:TrackPointExtension>
<tp1:hr>152</tp1:hr>
</tp1:TrackPointExtension>
</extensions>
</trkpt>
<trkpt lat="58.78385771" lon="16.25292121">
<ele>108.9</ele>
<time>2023-08-27T09:59:15Z</time>
<extensions>
<tp1:TrackPointExtension>
<tp1:hr>152</tp1:hr>
</tp1:TrackPointExtension>
</extensions>
</trkpt>
<trkpt lat="58.78367163" lon="16.25293722">
<ele>108.9</ele>
<time>2023-08-27T09:59:20Z</time>
<extensions>
<tp1:TrackPointExtension>
<tp1:hr>150</tp1:hr>
</tp1:TrackPointExtension>
</extensions>
</trkpt>
<trkpt lat="58.78363081" lon="16.25294879">
<ele>108.9</ele>
<time>2023-08-27T09:59:21Z</time>
<extensions>
<tp1:TrackPointExtension>
<tp1:hr>154</tp1:hr>
</tp1:TrackPointExtension>
</extensions>
</trkpt>
<trkpt lat="58.78354716" lon="16.25295307">
<ele>108.9</ele>
<time>2023-08-27T09:59:23Z</time>
<extensions>
<tp1:TrackPointExtension>
<tp1:hr>153</tp1:hr>
</tp1:TrackPointExtension>
</extensions>
</trkpt>
<trkpt lat="58.78335052" lon="16.25291183">
<ele>108.9</ele>
<time>2023-08-27T09:59:29Z</time>
<extensions>
<tp1:TrackPointExtension>
<tp1:hr>152</tp1:hr>
</tp1:TrackPointExtension>
</extensions>
</trkpt>
<trkpt lat="58.78335052" lon="16.25291183">
<ele>108.9</ele>
<time>2023-08-27T09:59:30Z</time>
<extensions>
<tp1:TrackPointExtension>
<tp1:hr>152</tp1:hr>
</tp1:TrackPointExtension>
</extensions>
</trkpt>
<trkpt lat="58.7831683" lon="16.25281468">
<ele>108.8</ele>
<time>2023-08-27T09:59:36Z</time>
<extensions>
<tp1:TrackPointExtension>
<tp1:hr>154</tp1:hr>
</tp1:TrackPointExtension>
</extensions>
</trkpt>
<trkpt lat="58.78298624" lon="16.25270613">
<ele>109.0</ele>
<time>2023-08-27T09:59:41Z</time>
<extensions>
<tp1:TrackPointExtension>
<tp1:hr>151</tp1:hr>
</tp1:TrackPointExtension>
</extensions>
</trkpt>
<trkpt lat="58.78294534" lon="16.25269524">
<ele>109.0</ele>
<time>2023-08-27T09:59:42Z</time>
<extensions>
<tp1:TrackPointExtension>
<tp1:hr>150</tp1:hr>
</tp1:TrackPointExtension>
</extensions>
</trkpt>
<trkpt lat="58.78280109" lon="16.25273664">
<ele>109.0</ele>
<time>2023-08-27T09:59:46Z</time>
<extensions>
<tp1:TrackPointExtension>
<tp1:hr>154</tp1:hr>
</tp1:TrackPointExtension>
</extensions>
</trkpt>
<trkpt lat="58.78263119" lon="16.25285542">
<ele>109.0</ele>
<time>2023-08-27T09:59:52Z</time>
<extensions>
<tp1:TrackPointExtension>
<tp1:hr>154</tp1:hr>
</tp1:TrackPointExtension>
</extensions>
</trkpt>
<trkpt lat="58.78248853" lon="16.25296799">
<ele>109.2</ele>
<time>2023-08-27T09:59:58Z</time>
<extensions>
<tp1:TrackPointExtension>
<tp1:hr>154</tp1:hr>
</tp1:TrackPointExtension>
</extensions>
</trkpt>
<trkpt lat="58.78234603" lon="16.25310788">
<ele>109.3</ele>
<time>2023-08-27T10:00:04Z</time>
<extensions>
<tp1:TrackPointExtension>
<tp1:hr>152</tp1:hr>
</tp1:TrackPointExtension>
</extensions>
</trkpt>
<trkpt lat="58.78220413" lon="16.2533264">
<ele>109.5</ele>
<time>2023-08-27T10:00:09Z</time>
<extensions>
<tp1:TrackPointExtension>
<tp1:hr>152</tp1:hr>
</tp1:TrackPointExtension>
</extensions>
</trkpt>
<trkpt lat="58.78213749" lon="16.25343352">
<ele>109.7</ele>
<time>2023-08-27T10:00:11Z</time>
<extensions>
<tp1:TrackPointExtension>
<tp1:hr>151</tp1:hr>
</tp1:TrackPointExtension>
</extensions>
</trkpt>
<trkpt lat="58.78208586" lon="16.25354131">
<ele>109.7</ele>
<time>2023-08-27T10:00:13Z</time>
<extensions>
<tp1:TrackPointExtension>
<tp1:hr>151</tp1:hr>
</tp1:TrackPointExtension>
</extensions>
</trkpt>
<trkpt lat="58.78202048" lon="16.25379654">
<ele>110.1</ele>
<time>2023-08-27T10:00:17Z</time>
<extensions>
<tp1:TrackPointExtension>
<tp1:hr>148</tp1:hr>
</tp1:TrackPointExtension>
</extensions>
</trkpt>
<trkpt lat="58.78200984" lon="16.25393224">
<ele>110.1</ele>
<time>2023-08-27T10:00:19Z</time>
<extensions>
<tp1:TrackPointExtension>
<tp1:hr>150</tp1:hr>
</tp1:TrackPointExtension>
</extensions>
</trkpt>
<trkpt lat="58.78199324" lon="16.25406954">
<ele>110.3</ele>
<time>2023-08-27T10:00:21Z</time>
<extensions>
<tp1:TrackPointExtension>
<tp1:hr>148</tp1:hr>
</tp1:TrackPointExtension>
</extensions>
</trkpt>
<trkpt lat="58.78196415" lon="16.25417381">
<ele>110.3</ele>
<time>2023-08-27T10:00:23Z</time>
<extensions>
<tp1:TrackPointExtension>
<tp1:hr>147</tp1:hr>
</tp1:TrackPointExtension>
</extensions>
</trkpt>
<trkpt lat="58.78192878" lon="16.2542624">
<ele>110.5</ele>
<time>2023-08-27T10:00:25Z</time>
<extensions>
<tp1:TrackPointExtension>
<tp1:hr>144</tp1:hr>
</tp1:TrackPointExtension>
</extensions>
</trkpt>
<trkpt lat="58.7818893" lon="16.25433004">
<ele>110.5</ele>
<time>2023-08-27T10:00:27Z</time>
<extensions>
<tp1:TrackPointExtension>
<tp1:hr>147</tp1:hr>
</tp1:TrackPointExtension>
</extensions>
</trkpt>
<trkpt lat="58.78186634" lon="16.25438847">
<ele>110.7</ele>
<time>2023-08-27T10:00:28Z</time>
<extensions>
<tp1:TrackPointExtension>
<tp1:hr>154</tp1:hr>
</tp1:TrackPointExtension>
</extensions>
</trkpt>
<trkpt lat="58.78185393" lon="16.25442945">
<ele>110.7</ele>
<time>2023-08-27T10:00:29Z</time>
<extensions>
<tp1:TrackPointExtension>
<tp1:hr>155</tp1:hr>
</tp1:TrackPointExtension>
</extensions>
</trkpt>
<trkpt lat="58.78181638" lon="16.25451989">
<ele>110.9</ele>
<time>2023-08-27T10:00:31Z</time>
<extensions>
<tp1:TrackPointExtension>
<tp1:hr>156</tp1:hr>
</tp1:TrackPointExtension>
</extensions>
</trkpt>
<trkpt lat="58.78175519" lon="16.25481024">
<ele>111.0</ele>
<time>2023-08-27T10:00:37Z</time>
<extensions>
<tp1:TrackPointExtension>
<tp1:hr>155</tp1:hr>
</tp1:TrackPointExtension>
</extensions>
</trkpt>
<trkpt lat="58.78165461" lon="16.25494368">
<ele>111.2</ele>
<time>2023-08-27T10:00:42Z</time>
<extensions>
<tp1:TrackPointExtension>
<tp1:hr>157</tp1:hr>
</tp1:TrackPointExtension>
</extensions>
</trkpt>
<trkpt lat="58.78158932" lon="16.25501367">
<ele>111.4</ele>
<time>2023-08-27T10:00:45Z</time>
<extensions>
<tp1:TrackPointExtension>
<tp1:hr>154</tp1:hr>
</tp1:TrackPointExtension>
</extensions>
</trkpt>
<trkpt lat="58.78154623" lon="16.25505533">
<ele>111.6</ele>
<time>2023-08-27T10:00:47Z</time>
<extensions>
<tp1:TrackPointExtension>
<tp1:hr>153</tp1:hr>
</tp1:TrackPointExtension>
</extensions>
</trkpt>
<trkpt lat="58.78144037" lon="16.25509657">
<ele>112.0</ele>
<time>2023-08-27T10:00:51Z</time>
<extensions>
<tp1:TrackPointExtension>
<tp1:hr>149</tp1:hr>
</tp1:TrackPointExtension>
</extensions>
</trkpt>
<trkpt lat="58.78136141" lon="16.25516715">
<ele>112.2</ele>
<time>2023-08-27T10:00:55Z</time>
<extensions>
<tp1:TrackPointExtension>
<tp1:hr>152</tp1:hr>
</tp1:TrackPointExtension>
</extensions>
</trkpt>
<trkpt lat="58.78124298" lon="16.25530218">
<ele>112.6</ele>
<time>2023-08-27T10:01:00Z</time>
<extensions>
<tp1:TrackPointExtension>
<tp1:hr>152</tp1:hr>
</tp1:TrackPointExtension>
</extensions>
</trkpt>
<trkpt lat="58.78122152" lon="16.2553264">
<ele>112.6</ele>
<time>2023-08-27T10:01:01Z</time>
<extensions>
<tp1:TrackPointExtension>
<tp1:hr>151</tp1:hr>
</tp1:TrackPointExtension>
</extensions>
</trkpt>
<trkpt lat="58.78113879" lon="16.25539421">
<ele>113.0</ele>
<time>2023-08-27T10:01:04Z</time>
<extensions>
<tp1:TrackPointExtension>
<tp1:hr>153</tp1:hr>
</tp1:TrackPointExtension>
</extensions>
</trkpt>
<trkpt lat="58.78109504" lon="16.25541475">
<ele>113.2</ele>
<time>2023-08-27T10:01:06Z</time>
<extensions>
<tp1:TrackPointExtension>
<tp1:hr>158</tp1:hr>
</tp1:TrackPointExtension>
</extensions>
</trkpt>
<trkpt lat="58.78103075" lon="16.25546923">
<ele>113.3</ele>
<time>2023-08-27T10:01:09Z</time>
<extensions>
<tp1:TrackPointExtension>
<tp1:hr>161</tp1:hr>
</tp1:TrackPointExtension>
</extensions>
</trkpt>
<trkpt lat="58.78094953" lon="16.25560032">
<ele>113.7</ele>
<time>2023-08-27T10:01:12Z</time>
<extensions>
<tp1:TrackPointExtension>
<tp1:hr>162</tp1:hr>
</tp1:TrackPointExtension>
</extensions>
</trkpt>
<trkpt lat="58.78092522" lon="16.2556486">
<ele>113.7</ele>
<time>2023-08-27T10:01:13Z</time>
<extensions>
<tp1:TrackPointExtension>
<tp1:hr>162</tp1:hr>
</tp1:TrackPointExtension>
</extensions>
</trkpt>
<trkpt lat="58.78082313" lon="16.25571976">
<ele>114.1</ele>
<time>2023-08-27T10:01:17Z</time>
<extensions>
<tp1:TrackPointExtension>
<tp1:hr>163</tp1:hr>
</tp1:TrackPointExtension>
</extensions>
</trkpt>
<trkpt lat="58.78074844" lon="16.2558926">
<ele>114.5</ele>
<time>2023-08-27T10:01:21Z</time>
<extensions>
<tp1:TrackPointExtension>
<tp1:hr>163</tp1:hr>
</tp1:TrackPointExtension>
</extensions>
</trkpt>
<trkpt lat="58.78070159" lon="16.25592956">
<ele>114.7</ele>
<time>2023-08-27T10:01:23Z</time>
<extensions>
<tp1:TrackPointExtension>
<tp1:hr>164</tp1:hr>
</tp1:TrackPointExtension>
</extensions>
</trkpt>
<trkpt lat="58.7806482" lon="16.25598371">
<ele>114.9</ele>
<time>2023-08-27T10:01:25Z</time>
<extensions>
<tp1:TrackPointExtension>
<tp1:hr>162</tp1:hr>
</tp1:TrackPointExtension>
</extensions>
</trkpt>
<trkpt lat="58.78056522" lon="16.25606854">
<ele>115.1</ele>
<time>2023-08-27T10:01:29Z</time>
<extensions>
<tp1:TrackPointExtension>
<tp1:hr>161</tp1:hr>
</tp1:TrackPointExtension>
</extensions>
</trkpt>
<trkpt lat="58.78053236" lon="16.25605362">
<ele>115.3</ele>
<time>2023-08-27T10:01:30Z</time>
<extensions>
<tp1:TrackPointExtension>
<tp1:hr>161</tp1:hr>
</tp1:TrackPointExtension>
</extensions>
</trkpt>
<trkpt lat="58.78043672" lon="16.2561148">
<ele>115.5</ele>
<time>2023-08-27T10:01:34Z</time>
<extensions>
<tp1:TrackPointExtension>
<tp1:hr>164</tp1:hr>
</tp1:TrackPointExtension>
</extensions>
</trkpt>
<trkpt lat="58.78042264" lon="16.25615051">
<ele>115.5</ele>
<time>2023-08-27T10:01:35Z</time>
<extensions>
<tp1:TrackPointExtension>
<tp1:hr>165</tp1:hr>
</tp1:TrackPointExtension>
</extensions>
</trkpt>
<trkpt lat="58.7802918" lon="16.25636232">
<ele>115.6</ele>
<time>2023-08-27T10:01:40Z</time>
<extensions>
<tp1:TrackPointExtension>
<tp1:hr>166</tp1:hr>
</tp1:TrackPointExtension>
</extensions>
</trkpt>
<trkpt lat="58.78020043" lon="16.25652652">
<ele>115.6</ele>
<time>2023-08-27T10:01:44Z</time>
<extensions>
<tp1:TrackPointExtension>
<tp1:hr>165</tp1:hr>
</tp1:TrackPointExtension>
</extensions>
</trkpt>
<trkpt lat="58.78014268" lon="16.25656994">
<ele>115.8</ele>
<time>2023-08-27T10:01:46Z</time>
<extensions>
<tp1:TrackPointExtension>
<tp1:hr>166</tp1:hr>
</tp1:TrackPointExtension>
</extensions>
</trkpt>
<trkpt lat="58.78006373" lon="16.25668134">
<ele>115.8</ele>
<time>2023-08-27T10:01:51Z</time>
<extensions>
<tp1:TrackPointExtension>
<tp1:hr>166</tp1:hr>
</tp1:TrackPointExtension>
</extensions>
</trkpt>
<trkpt lat="58.78002768" lon="16.25679038">
<ele>115.8</ele>
<time>2023-08-27T10:01:52Z</time>
<extensions>
<tp1:TrackPointExtension>
<tp1:hr>165</tp1:hr>
</tp1:TrackPointExtension>
</extensions>
</trkpt>
<trkpt lat="58.77991176" lon="16.25711099">
<ele>115.8</ele>
<time>2023-08-27T10:01:58Z</time>
<extensions>
<tp1:TrackPointExtension>
<tp1:hr>169</tp1:hr>
</tp1:TrackPointExtension>
</extensions>
</trkpt>
<trkpt lat="58.7798831" lon="16.25719875">
<ele>115.8</ele>
<time>2023-08-27T10:01:59Z</time>
<extensions>
<tp1:TrackPointExtension>
<tp1:hr>167</tp1:hr>
</tp1:TrackPointExtension>
</extensions>
</trkpt>
<trkpt lat="58.77977883" lon="16.25750503">
<ele>115.8</ele>
<time>2023-08-27T10:02:04Z</time>
<extensions>
<tp1:TrackPointExtension>
<tp1:hr>167</tp1:hr>
</tp1:TrackPointExtension>
</extensions>
</trkpt>
<trkpt lat="58.77977128" lon="16.25756521">
<ele>115.8</ele>
<time>2023-08-27T10:02:05Z</time>
<extensions>
<tp1:TrackPointExtension>
<tp1:hr>166</tp1:hr>
</tp1:TrackPointExtension>
</extensions>
</trkpt>
<trkpt lat="58.77971236" lon="16.25794432">
<ele>115.8</ele>
<time>2023-08-27T10:02:11Z</time>
<extensions>
<tp1:TrackPointExtension>
<tp1:hr>167</tp1:hr>
</tp1:TrackPointExtension>
</extensions>
</trkpt>
<trkpt lat="58.77971395" lon="16.25807994">
<ele>115.7</ele>
<time>2023-08-27T10:02:13Z</time>
<extensions>
<tp1:TrackPointExtension>
<tp1:hr>165</tp1:hr>
</tp1:TrackPointExtension>
</extensions>
</trkpt>
<trkpt lat="58.77974597" lon="16.25842586">
<ele>115.7</ele>
<time>2023-08-27T10:02:18Z</time>
<extensions>
<tp1:TrackPointExtension>
<tp1:hr>164</tp1:hr>
</tp1:TrackPointExtension>
</extensions>
</trkpt>
<trkpt lat="58.77972577" lon="16.25872417">
<ele>115.7</ele>
<time>2023-08-27T10:02:22Z</time>
<extensions>
<tp1:TrackPointExtension>
<tp1:hr>163</tp1:hr>
</tp1:TrackPointExtension>
</extensions>
</trkpt>
<trkpt lat="58.77965762" lon="16.25907026">
<ele>115.7</ele>
<time>2023-08-27T10:02:27Z</time>
<extensions>
<tp1:TrackPointExtension>
<tp1:hr>162</tp1:hr>
</tp1:TrackPointExtension>
</extensions>
</trkpt>
<trkpt lat="58.77957892" lon="16.25939406">
<ele>115.7</ele>
<time>2023-08-27T10:02:32Z</time>
<extensions>
<tp1:TrackPointExtension>
<tp1:hr>162</tp1:hr>
</tp1:TrackPointExtension>
</extensions>
</trkpt>
<trkpt lat="58.77951421" lon="16.25963277">
<ele>115.7</ele>
<time>2023-08-27T10:02:38Z</time>
<extensions>
<tp1:TrackPointExtension>
<tp1:hr>163</tp1:hr>
</tp1:TrackPointExtension>
</extensions>
</trkpt>
<trkpt lat="58.77950415" lon="16.25984609">
<ele>115.7</ele>
<time>2023-08-27T10:02:42Z</time>
<extensions>
<tp1:TrackPointExtension>
<tp1:hr>163</tp1:hr>
</tp1:TrackPointExtension>
</extensions>
</trkpt>
<trkpt lat="58.77952033" lon="16.2598999">
<ele>115.7</ele>
<time>2023-08-27T10:02:43Z</time>
<extensions>
<tp1:TrackPointExtension>
<tp1:hr>162</tp1:hr>
</tp1:TrackPointExtension>
</extensions>
</trkpt>
<trkpt lat="58.77955872" lon="16.26024281">
<ele>116.0</ele>
<time>2023-08-27T10:02:48Z</time>
<extensions>
<tp1:TrackPointExtension>
<tp1:hr>162</tp1:hr>
</tp1:TrackPointExtension>
</extensions>
</trkpt>
<trkpt lat="58.77954623" lon="16.26040475">
<ele>116.0</ele>
<time>2023-08-27T10:02:50Z</time>
<extensions>
<tp1:TrackPointExtension>
<tp1:hr>160</tp1:hr>
</tp1:TrackPointExtension>
</extensions>
</trkpt>
<trkpt lat="58.77951262" lon="16.26065637">
<ele>116.0</ele>
<time>2023-08-27T10:02:54Z</time>
<extensions>
<tp1:TrackPointExtension>
<tp1:hr>160</tp1:hr>
</tp1:TrackPointExtension>
</extensions>
</trkpt>
<trkpt lat="58.77949862" lon="16.26081998">
<ele>116.0</ele>
<time>2023-08-27T10:02:57Z</time>
<extensions>
<tp1:TrackPointExtension>
<tp1:hr>161</tp1:hr>
</tp1:TrackPointExtension>
</extensions>
</trkpt>
<trkpt lat="58.77949476" lon="16.26093063">
<ele>116.0</ele>
<time>2023-08-27T10:02:59Z</time>
<extensions>
<tp1:TrackPointExtension>
<tp1:hr>161</tp1:hr>
</tp1:TrackPointExtension>
</extensions>
</trkpt>
<trkpt lat="58.77944824" lon="16.2611411">
<ele>116.0</ele>
<time>2023-08-27T10:03:03Z</time>
<extensions>
<tp1:TrackPointExtension>
<tp1:hr>164</tp1:hr>
</tp1:TrackPointExtension>
</extensions>
</trkpt>
<trkpt lat="58.77944824" lon="16.2611411">
<ele>116.0</ele>
<time>2023-08-27T10:03:04Z</time>
<extensions>
<tp1:TrackPointExtension>
<tp1:hr>163</tp1:hr>
</tp1:TrackPointExtension>
</extensions>
</trkpt>
<trkpt lat="58.77940449" lon="16.2612742">
<ele>116.0</ele>
<time>2023-08-27T10:03:07Z</time>
<extensions>
<tp1:TrackPointExtension>
<tp1:hr>162</tp1:hr>
</tp1:TrackPointExtension>
</extensions>
</trkpt>
<trkpt lat="58.77939912" lon="16.26136045">
<ele>116.0</ele>
<time>2023-08-27T10:03:08Z</time>
<extensions>
<tp1:TrackPointExtension>
<tp1:hr>162</tp1:hr>
</tp1:TrackPointExtension>
</extensions>
</trkpt>
<trkpt lat="58.77941388" lon="16.26141141">
<ele>116.0</ele>
<time>2023-08-27T10:03:09Z</time>
<extensions>
<tp1:TrackPointExtension>
<tp1:hr>162</tp1:hr>
</tp1:TrackPointExtension>
</extensions>
</trkpt>
<trkpt lat="58.7794754" lon="16.26164703">
<ele>115.8</ele>
<time>2023-08-27T10:03:14Z</time>
<extensions>
<tp1:TrackPointExtension>
<tp1:hr>161</tp1:hr>
</tp1:TrackPointExtension>
</extensions>
</trkpt>
<trkpt lat="58.7795365" lon="16.26172213">
<ele>115.7</ele>
<time>2023-08-27T10:03:18Z</time>
<extensions>
<tp1:TrackPointExtension>
<tp1:hr>160</tp1:hr>
</tp1:TrackPointExtension>
</extensions>
</trkpt>
<trkpt lat="58.77956484" lon="16.26179472">
<ele>115.7</ele>
<time>2023-08-27T10:03:19Z</time>
<extensions>
<tp1:TrackPointExtension>
<tp1:hr>161</tp1:hr>
</tp1:TrackPointExtension>
</extensions>
</trkpt>
<trkpt lat="58.77958453" lon="16.26191382">
<ele>115.7</ele>
<time>2023-08-27T10:03:22Z</time>
<extensions>
<tp1:TrackPointExtension>
<tp1:hr>158</tp1:hr>
</tp1:TrackPointExtension>
</extensions>
</trkpt>
<trkpt lat="58.77958294" lon="16.26196034">
<ele>115.5</ele>
<time>2023-08-27T10:03:23Z</time>
<extensions>
<tp1:TrackPointExtension>
<tp1:hr>158</tp1:hr>
</tp1:TrackPointExtension>
</extensions>
</trkpt>
<trkpt lat="58.77957565" lon="16.26208833">
<ele>115.5</ele>
<time>2023-08-27T10:03:26Z</time>
<extensions>
<tp1:TrackPointExtension>
<tp1:hr>156</tp1:hr>
</tp1:TrackPointExtension>
</extensions>
</trkpt>
<trkpt lat="58.77958654" lon="16.26212304">
<ele>115.3</ele>
<time>2023-08-27T10:03:27Z</time>
<extensions>
<tp1:TrackPointExtension>
<tp1:hr>156</tp1:hr>
</tp1:TrackPointExtension>
</extensions>
</trkpt>
<trkpt lat="58.77966517" lon="16.26231934">
<ele>115.1</ele>
<time>2023-08-27T10:03:32Z</time>
<extensions>
<tp1:TrackPointExtension>
<tp1:hr>155</tp1:hr>
</tp1:TrackPointExtension>
</extensions>
</trkpt>
<trkpt lat="58.77967204" lon="16.26259586">
<ele>114.5</ele>
<time>2023-08-27T10:03:38Z</time>
<extensions>
<tp1:TrackPointExtension>
<tp1:hr>155</tp1:hr>
</tp1:TrackPointExtension>
</extensions>
</trkpt>
<trkpt lat="58.77966156" lon="16.2626614">
<ele>114.3</ele>
<time>2023-08-27T10:03:40Z</time>
<extensions>
<tp1:TrackPointExtension>
<tp1:hr>160</tp1:hr>
</tp1:TrackPointExtension>
</extensions>
</trkpt>
<trkpt lat="58.77965025" lon="16.26272536">
<ele>114.1</ele>
<time>2023-08-27T10:03:42Z</time>
<extensions>
<tp1:TrackPointExtension>
<tp1:hr>160</tp1:hr>
</tp1:TrackPointExtension>
</extensions>
</trkpt>
<trkpt lat="58.77964036" lon="16.26275629">
<ele>114.1</ele>
<time>2023-08-27T10:03:43Z</time>
<extensions>
<tp1:TrackPointExtension>
<tp1:hr>160</tp1:hr>
</tp1:TrackPointExtension>
</extensions>
</trkpt>
<trkpt lat="58.77962971" lon="16.26279023">
<ele>113.9</ele>
<time>2023-08-27T10:03:44Z</time>
<extensions>
<tp1:TrackPointExtension>
<tp1:hr>157</tp1:hr>
</tp1:TrackPointExtension>
</extensions>
</trkpt>
<trkpt lat="58.77957724" lon="16.26286458">
<ele>113.7</ele>
<time>2023-08-27T10:03:47Z</time>
<extensions>
<tp1:TrackPointExtension>
<tp1:hr>160</tp1:hr>
</tp1:TrackPointExtension>
</extensions>
</trkpt>
<trkpt lat="58.77950055" lon="16.26290054">
<ele>113.2</ele>
<time>2023-08-27T10:03:51Z</time>
<extensions>
<tp1:TrackPointExtension>
<tp1:hr>161</tp1:hr>
</tp1:TrackPointExtension>
</extensions>
</trkpt>
<trkpt lat="58.77947104" lon="16.26294639">
<ele>113.0</ele>
<time>2023-08-27T10:03:53Z</time>
<extensions>
<tp1:TrackPointExtension>
<tp1:hr>160</tp1:hr>
</tp1:TrackPointExtension>
</extensions>
</trkpt>
<trkpt lat="58.77942142" lon="16.26301319">
<ele>112.8</ele>
<time>2023-08-27T10:03:56Z</time>
<extensions>
<tp1:TrackPointExtension>
<tp1:hr>159</tp1:hr>
</tp1:TrackPointExtension>
</extensions>
</trkpt>
<trkpt lat="58.77937926" lon="16.26307497">
<ele>112.6</ele>
<time>2023-08-27T10:03:58Z</time>
<extensions>
<tp1:TrackPointExtension>
<tp1:hr>159</tp1:hr>
</tp1:TrackPointExtension>
</extensions>
</trkpt>
<trkpt lat="58.77933911" lon="16.2631318">
<ele>112.4</ele>
<time>2023-08-27T10:04:00Z</time>
<extensions>
<tp1:TrackPointExtension>
<tp1:hr>159</tp1:hr>
</tp1:TrackPointExtension>
</extensions>
</trkpt>
<trkpt lat="58.77932394" lon="16.26323749">
<ele>112.2</ele>
<time>2023-08-27T10:04:03Z</time>
<extensions>
<tp1:TrackPointExtension>
<tp1:hr>159</tp1:hr>
</tp1:TrackPointExtension>
</extensions>
</trkpt>
<trkpt lat="58.77932302" lon="16.26326993">
<ele>112.2</ele>
<time>2023-08-27T10:04:04Z</time>
<extensions>
<tp1:TrackPointExtension>
<tp1:hr>159</tp1:hr>
</tp1:TrackPointExtension>
</extensions>
</trkpt>
<trkpt lat="58.77929267" lon="16.26340169">
<ele>111.8</ele>
<time>2023-08-27T10:04:07Z</time>
<extensions>
<tp1:TrackPointExtension>
<tp1:hr>159</tp1:hr>
</tp1:TrackPointExtension>
</extensions>
</trkpt>
<trkpt lat="58.77927549" lon="16.2634509">
<ele>111.8</ele>
<time>2023-08-27T10:04:08Z</time>
<extensions>
<tp1:TrackPointExtension>
<tp1:hr>159</tp1:hr>
</tp1:TrackPointExtension>
</extensions>
</trkpt>
<trkpt lat="58.77924716" lon="16.26356514">
<ele>111.6</ele>
<time>2023-08-27T10:04:11Z</time>
<extensions>
<tp1:TrackPointExtension>
<tp1:hr>158</tp1:hr>
</tp1:TrackPointExtension>
</extensions>
</trkpt>
<trkpt lat="58.77923668" lon="16.26360722">
<ele>111.6</ele>
<time>2023-08-27T10:04:12Z</time>
<extensions>
<tp1:TrackPointExtension>
<tp1:hr>160</tp1:hr>
</tp1:TrackPointExtension>
</extensions>
</trkpt>
<trkpt lat="58.77924523" lon="16.26385541">
<ele>111.2</ele>
<time>2023-08-27T10:04:17Z</time>
<extensions>
<tp1:TrackPointExtension>
<tp1:hr>161</tp1:hr>
</tp1:TrackPointExtension>
</extensions>
</trkpt>
<trkpt lat="58.77924356" lon="16.26389438">
<ele>111.2</ele>
<time>2023-08-27T10:04:18Z</time>
<extensions>
<tp1:TrackPointExtension>
<tp1:hr>160</tp1:hr>
</tp1:TrackPointExtension>
</extensions>
</trkpt>
<trkpt lat="58.77923241" lon="16.26399094">
<ele>110.9</ele>
<time>2023-08-27T10:04:21Z</time>
<extensions>
<tp1:TrackPointExtension>
<tp1:hr>160</tp1:hr>
</tp1:TrackPointExtension>
</extensions>
</trkpt>
<trkpt lat="58.77921833" lon="16.26405012">
<ele>110.7</ele>
<time>2023-08-27T10:04:23Z</time>
<extensions>
<tp1:TrackPointExtension>
<tp1:hr>160</tp1:hr>
</tp1:TrackPointExtension>
</extensions>
</trkpt>
<trkpt lat="58.77918103" lon="16.26419353">
<ele>110.3</ele>
<time>2023-08-27T10:04:28Z</time>
<extensions>
<tp1:TrackPointExtension>
<tp1:hr>159</tp1:hr>
</tp1:TrackPointExtension>
</extensions>
</trkpt>
<trkpt lat="58.77914197" lon="16.26442714">
<ele>109.9</ele>
<time>2023-08-27T10:04:33Z</time>
<extensions>
<tp1:TrackPointExtension>
<tp1:hr>159</tp1:hr>
</tp1:TrackPointExtension>
</extensions>
</trkpt>
<trkpt lat="58.77913342" lon="16.2644646">
<ele>109.9</ele>
<time>2023-08-27T10:04:34Z</time>
<extensions>
<tp1:TrackPointExtension>
<tp1:hr>159</tp1:hr>
</tp1:TrackPointExtension>
</extensions>
</trkpt>
<trkpt lat="58.77911733" lon="16.2645967">
<ele>109.7</ele>
<time>2023-08-27T10:04:36Z</time>
<extensions>
<tp1:TrackPointExtension>
<tp1:hr>159</tp1:hr>
</tp1:TrackPointExtension>
</extensions>
</trkpt>
<trkpt lat="58.77911582" lon="16.26466242">
<ele>109.7</ele>
<time>2023-08-27T10:04:39Z</time>
<extensions>
<tp1:TrackPointExtension>
<tp1:hr>160</tp1:hr>
</tp1:TrackPointExtension>
</extensions>
</trkpt>
<trkpt lat="58.77910526" lon="16.26475831">
<ele>109.7</ele>
<time>2023-08-27T10:04:40Z</time>
<extensions>
<tp1:TrackPointExtension>
<tp1:hr>162</tp1:hr>
</tp1:TrackPointExtension>
</extensions>
</trkpt>
<trkpt lat="58.7790589" lon="16.26486752">
<ele>109.5</ele>
<time>2023-08-27T10:04:43Z</time>
<extensions>
<tp1:TrackPointExtension>
<tp1:hr>165</tp1:hr>
</tp1:TrackPointExtension>
</extensions>
</trkpt>
<trkpt lat="58.7790346" lon="16.2649246">
<ele>109.5</ele>
<time>2023-08-27T10:04:46Z</time>
<extensions>
<tp1:TrackPointExtension>
<tp1:hr>169</tp1:hr>
</tp1:TrackPointExtension>
</extensions>
</trkpt>
<trkpt lat="58.77901875" lon="16.26499761">
<ele>109.5</ele>
<time>2023-08-27T10:04:47Z</time>
<extensions>
<tp1:TrackPointExtension>
<tp1:hr>168</tp1:hr>
</tp1:TrackPointExtension>
</extensions>
</trkpt>
<trkpt lat="58.77901297" lon="16.26503709">
<ele>109.5</ele>
<time>2023-08-27T10:04:48Z</time>
<extensions>
<tp1:TrackPointExtension>
<tp1:hr>167</tp1:hr>
</tp1:TrackPointExtension>
</extensions>
</trkpt>
<trkpt lat="58.77900727" lon="16.265079">
<ele>109.5</ele>
<time>2023-08-27T10:04:49Z</time>
<extensions>
<tp1:TrackPointExtension>
<tp1:hr>167</tp1:hr>
</tp1:TrackPointExtension>
</extensions>
</trkpt>
<trkpt lat="58.77899755" lon="16.26522367">
<ele>109.3</ele>
<time>2023-08-27T10:04:53Z</time>
<extensions>
<tp1:TrackPointExtension>
<tp1:hr>169</tp1:hr>
</tp1:TrackPointExtension>
</extensions>
</trkpt>
<trkpt lat="58.77897819" lon="16.26523406">
<ele>109.2</ele>
<time>2023-08-27T10:04:54Z</time>
<extensions>
<tp1:TrackPointExtension>
<tp1:hr>169</tp1:hr>
</tp1:TrackPointExtension>
</extensions>
</trkpt>
<trkpt lat="58.77884734" lon="16.26525678">
<ele>109.2</ele>
<time>2023-08-27T10:04:59Z</time>
<extensions>
<tp1:TrackPointExtension>
<tp1:hr>168</tp1:hr>
</tp1:TrackPointExtension>
</extensions>
</trkpt>
<trkpt lat="58.77870787" lon="16.26535258">
<ele>109.2</ele>
<time>2023-08-27T10:05:04Z</time>
<extensions>
<tp1:TrackPointExtension>
<tp1:hr>167</tp1:hr>
</tp1:TrackPointExtension>
</extensions>
</trkpt>
<trkpt lat="58.77852808" lon="16.26544822">
<ele>109.2</ele>
<time>2023-08-27T10:05:10Z</time>
<extensions>
<tp1:TrackPointExtension>
<tp1:hr>167</tp1:hr>
</tp1:TrackPointExtension>
</extensions>
</trkpt>
<trkpt lat="58.77838609" lon="16.2656462">
<ele>109.0</ele>
<time>2023-08-27T10:05:16Z</time>
<extensions>
<tp1:TrackPointExtension>
<tp1:hr>166</tp1:hr>
</tp1:TrackPointExtension>
</extensions>
</trkpt>
<trkpt lat="58.77832222" lon="16.26571175">
<ele>109.0</ele>
<time>2023-08-27T10:05:18Z</time>
<extensions>
<tp1:TrackPointExtension>
<tp1:hr>169</tp1:hr>
</tp1:TrackPointExtension>
</extensions>
</trkpt>
<trkpt lat="58.77826388" lon="16.26577411">
<ele>109.0</ele>
<time>2023-08-27T10:05:20Z</time>
<extensions>
<tp1:TrackPointExtension>
<tp1:hr>166</tp1:hr>
</tp1:TrackPointExtension>
</extensions>
</trkpt>
<trkpt lat="58.77821719" lon="16.26586807">
<ele>109.0</ele>
<time>2023-08-27T10:05:22Z</time>
<extensions>
<tp1:TrackPointExtension>
<tp1:hr>169</tp1:hr>
</tp1:TrackPointExtension>
</extensions>
</trkpt>
<trkpt lat="58.77819381" lon="16.26590461">
<ele>109.0</ele>
<time>2023-08-27T10:05:24Z</time>
<extensions>
<tp1:TrackPointExtension>
<tp1:hr>166</tp1:hr>
</tp1:TrackPointExtension>
</extensions>
</trkpt>
<trkpt lat="58.77813656" lon="16.2659803">
<ele>108.8</ele>
<time>2023-08-27T10:05:25Z</time>
<extensions>
<tp1:TrackPointExtension>
<tp1:hr>166</tp1:hr>
</tp1:TrackPointExtension>
</extensions>
</trkpt>
<trkpt lat="58.77804419" lon="16.26601651">
<ele>108.7</ele>
<time>2023-08-27T10:05:28Z</time>
<extensions>
<tp1:TrackPointExtension>
<tp1:hr>165</tp1:hr>
</tp1:TrackPointExtension>
</extensions>
</trkpt>
<trkpt lat="58.77800438" lon="16.26603495">
<ele>108.7</ele>
<time>2023-08-27T10:05:29Z</time>
<extensions>
<tp1:TrackPointExtension>
<tp1:hr>162</tp1:hr>
</tp1:TrackPointExtension>
</extensions>
</trkpt>
<trkpt lat="58.77800438" lon="16.26603495">
<ele>108.7</ele>
<time>2023-08-27T10:05:30Z</time>
<extensions>
<tp1:TrackPointExtension>
<tp1:hr>163</tp1:hr>
</tp1:TrackPointExtension>
</extensions>
</trkpt>
<trkpt lat="58.77786582" lon="16.2661295">
<ele>108.7</ele>
<time>2023-08-27T10:05:35Z</time>
<extensions>
<tp1:TrackPointExtension>
<tp1:hr>161</tp1:hr>
</tp1:TrackPointExtension>
</extensions>
</trkpt>
<trkpt lat="58.77783448" lon="16.26616144">
<ele>108.7</ele>
<time>2023-08-27T10:05:36Z</time>
<extensions>
<tp1:TrackPointExtension>
<tp1:hr>164</tp1:hr>
</tp1:TrackPointExtension>
</extensions>
</trkpt>
<trkpt lat="58.77772006" lon="16.26628121">
<ele>108.7</ele>
<time>2023-08-27T10:05:40Z</time>
<extensions>
<tp1:TrackPointExtension>
<tp1:hr>163</tp1:hr>
</tp1:TrackPointExtension>
</extensions>
</trkpt>
<trkpt lat="58.77761956" lon="16.26663258">
<ele>108.5</ele>
<time>2023-08-27T10:05:45Z</time>
<extensions>
<tp1:TrackPointExtension>
<tp1:hr>164</tp1:hr>
</tp1:TrackPointExtension>
</extensions>
</trkpt>
<trkpt lat="58.77755628" lon="16.26698387">
<ele>108.5</ele>
<time>2023-08-27T10:05:49Z</time>
<extensions>
<tp1:TrackPointExtension>
<tp1:hr>165</tp1:hr>
</tp1:TrackPointExtension>
</extensions>
</trkpt>
<trkpt lat="58.77754597" lon="16.26705067">
<ele>108.3</ele>
<time>2023-08-27T10:05:50Z</time>
<extensions>
<tp1:TrackPointExtension>
<tp1:hr>166</tp1:hr>
</tp1:TrackPointExtension>
</extensions>
</trkpt>
<trkpt lat="58.77750817" lon="16.26738142">
<ele>108.3</ele>
<time>2023-08-27T10:05:56Z</time>
<extensions>
<tp1:TrackPointExtension>
<tp1:hr>169</tp1:hr>
</tp1:TrackPointExtension>
</extensions>
</trkpt>
<trkpt lat="58.77746978" lon="16.26760706">
<ele>108.0</ele>
<time>2023-08-27T10:06:00Z</time>
<extensions>
<tp1:TrackPointExtension>
<tp1:hr>163</tp1:hr>
</tp1:TrackPointExtension>
</extensions>
</trkpt>
<trkpt lat="58.77744673" lon="16.26773422">
<ele>108.0</ele>
<time>2023-08-27T10:06:02Z</time>
<extensions>
<tp1:TrackPointExtension>
<tp1:hr>161</tp1:hr>
</tp1:TrackPointExtension>
</extensions>
</trkpt>
<trkpt lat="58.7773645" lon="16.26802096">
<ele>108.0</ele>
<time>2023-08-27T10:06:07Z</time>
<extensions>
<tp1:TrackPointExtension>
<tp1:hr>160</tp1:hr>
</tp1:TrackPointExtension>
</extensions>
</trkpt>
<trkpt lat="58.77733433" lon="16.26810989">
<ele>108.0</ele>
<time>2023-08-27T10:06:09Z</time>
<extensions>
<tp1:TrackPointExtension>
<tp1:hr>160</tp1:hr>
</tp1:TrackPointExtension>
</extensions>
</trkpt>
<trkpt lat="58.77726903" lon="16.26826437">
<ele>107.8</ele>
<time>2023-08-27T10:06:12Z</time>
<extensions>
<tp1:TrackPointExtension>
<tp1:hr>160</tp1:hr>
</tp1:TrackPointExtension>
</extensions>
</trkpt>
<trkpt lat="58.77713174" lon="16.26850636">
<ele>107.8</ele>
<time>2023-08-27T10:06:18Z</time>
<extensions>
<tp1:TrackPointExtension>
<tp1:hr>159</tp1:hr>
</tp1:TrackPointExtension>
</extensions>
</trkpt>
<trkpt lat="58.77705756" lon="16.26861951">
<ele>107.6</ele>
<time>2023-08-27T10:06:21Z</time>
<extensions>
<tp1:TrackPointExtension>
<tp1:hr>159</tp1:hr>
</tp1:TrackPointExtension>
</extensions>
</trkpt>
<trkpt lat="58.77702344" lon="16.26866167">
<ele>107.6</ele>
<time>2023-08-27T10:06:22Z</time>
<extensions>
<tp1:TrackPointExtension>
<tp1:hr>158</tp1:hr>
</tp1:TrackPointExtension>
</extensions>
</trkpt>
<trkpt lat="58.77688766" lon="16.2688356">
<ele>107.6</ele>
<time>2023-08-27T10:06:27Z</time>
<extensions>
<tp1:TrackPointExtension>
<tp1:hr>158</tp1:hr>
</tp1:TrackPointExtension>
</extensions>
</trkpt>
<trkpt lat="58.77678146" lon="16.26895797">
<ele>107.3</ele>
<time>2023-08-27T10:06:31Z</time>
<extensions>
<tp1:TrackPointExtension>
<tp1:hr>161</tp1:hr>
</tp1:TrackPointExtension>
</extensions>
</trkpt>
<trkpt lat="58.77675463" lon="16.26898102">
<ele>107.3</ele>
<time>2023-08-27T10:06:32Z</time>
<extensions>
<tp1:TrackPointExtension>
<tp1:hr>160</tp1:hr>
</tp1:TrackPointExtension>
</extensions>
</trkpt>
<trkpt lat="58.77672647" lon="16.26900357">
<ele>107.3</ele>
<time>2023-08-27T10:06:33Z</time>
<extensions>
<tp1:TrackPointExtension>
<tp1:hr>163</tp1:hr>
</tp1:TrackPointExtension>
</extensions>
</trkpt>
<trkpt lat="58.77669454" lon="16.26903165">
<ele>107.3</ele>
<time>2023-08-27T10:06:34Z</time>
<extensions>
<tp1:TrackPointExtension>
<tp1:hr>158</tp1:hr>
</tp1:TrackPointExtension>
</extensions>
</trkpt>
<trkpt lat="58.77660477" lon="16.26910483">
<ele>107.3</ele>
<time>2023-08-27T10:06:37Z</time>
<extensions>
<tp1:TrackPointExtension>
<tp1:hr>159</tp1:hr>
</tp1:TrackPointExtension>
</extensions>
</trkpt>
<trkpt lat="58.77639899" lon="16.26912536">
<ele>107.3</ele>
<time>2023-08-27T10:06:42Z</time>
<extensions>
<tp1:TrackPointExtension>
<tp1:hr>157</tp1:hr>
</tp1:TrackPointExtension>
</extensions>
</trkpt>
<trkpt lat="58.77625331" lon="16.26916576">
<ele>107.3</ele>
<time>2023-08-27T10:06:46Z</time>
<extensions>
<tp1:TrackPointExtension>
<tp1:hr>158</tp1:hr>
</tp1:TrackPointExtension>
</extensions>
</trkpt>
<trkpt lat="58.77618886" lon="16.2692303">
<ele>107.1</ele>
<time>2023-08-27T10:06:48Z</time>
<extensions>
<tp1:TrackPointExtension>
<tp1:hr>158</tp1:hr>
</tp1:TrackPointExtension>
</extensions>
</trkpt>
<trkpt lat="58.77599121" lon="16.26946407">
<ele>107.1</ele>
<time>2023-08-27T10:06:53Z</time>
<extensions>
<tp1:TrackPointExtension>
<tp1:hr>161</tp1:hr>
</tp1:TrackPointExtension>
</extensions>
</trkpt>
<trkpt lat="58.77599121" lon="16.26946407">
<ele>107.1</ele>
<time>2023-08-27T10:06:54Z</time>
<extensions>
<tp1:TrackPointExtension>
<tp1:hr>161</tp1:hr>
</tp1:TrackPointExtension>
</extensions>
</trkpt>
<trkpt lat="58.7758224" lon="16.26965233">
<ele>106.9</ele>
<time>2023-08-27T10:06:59Z</time>
<extensions>
<tp1:TrackPointExtension>
<tp1:hr>160</tp1:hr>
</tp1:TrackPointExtension>
</extensions>
</trkpt>
<trkpt lat="58.77579281" lon="16.26968343">
<ele>106.9</ele>
<time>2023-08-27T10:07:00Z</time>
<extensions>
<tp1:TrackPointExtension>
<tp1:hr>160</tp1:hr>
</tp1:TrackPointExtension>
</extensions>
</trkpt>
<trkpt lat="58.77560539" lon="16.26974185">
<ele>106.8</ele>
<time>2023-08-27T10:07:05Z</time>
<extensions>
<tp1:TrackPointExtension>
<tp1:hr>160</tp1:hr>
</tp1:TrackPointExtension>
</extensions>
</trkpt>
<trkpt lat="58.77556683" lon="16.26975333">
<ele>106.8</ele>
<time>2023-08-27T10:07:06Z</time>
<extensions>
<tp1:TrackPointExtension>
<tp1:hr>160</tp1:hr>
</tp1:TrackPointExtension>
</extensions>
</trkpt>
<trkpt lat="58.77539651" lon="16.26985115">
<ele>106.8</ele>
<time>2023-08-27T10:07:11Z</time>
<extensions>
<tp1:TrackPointExtension>
<tp1:hr>160</tp1:hr>
</tp1:TrackPointExtension>
</extensions>
</trkpt>
<trkpt lat="58.7753427" lon="16.26991292">
<ele>106.8</ele>
<time>2023-08-27T10:07:13Z</time>
<extensions>
<tp1:TrackPointExtension>
<tp1:hr>163</tp1:hr>
</tp1:TrackPointExtension>
</extensions>
</trkpt>
<trkpt lat="58.77525494" lon="16.26998861">
<ele>106.8</ele>
<time>2023-08-27T10:07:16Z</time>
<extensions>
<tp1:TrackPointExtension>
<tp1:hr>164</tp1:hr>
</tp1:TrackPointExtension>
</extensions>
</trkpt>
<trkpt lat="58.77508546" lon="16.2701322">
<ele>106.8</ele>
<time>2023-08-27T10:07:21Z</time>
<extensions>
<tp1:TrackPointExtension>
<tp1:hr>162</tp1:hr>
</tp1:TrackPointExtension>
</extensions>
</trkpt>
<trkpt lat="58.77505654" lon="16.27017595">
<ele>106.8</ele>
<time>2023-08-27T10:07:22Z</time>
<extensions>
<tp1:TrackPointExtension>
<tp1:hr>163</tp1:hr>
</tp1:TrackPointExtension>
</extensions>
</trkpt>
<trkpt lat="58.77490089" lon="16.27038927">
<ele>107.0</ele>
<time>2023-08-27T10:07:27Z</time>
<extensions>
<tp1:TrackPointExtension>
<tp1:hr>162</tp1:hr>
</tp1:TrackPointExtension>
</extensions>
</trkpt>
<trkpt lat="58.77487223" lon="16.27043562">
<ele>107.0</ele>
<time>2023-08-27T10:07:28Z</time>
<extensions>
<tp1:TrackPointExtension>
<tp1:hr>163</tp1:hr>
</tp1:TrackPointExtension>
</extensions>
</trkpt>
<trkpt lat="58.7747304" lon="16.27049538">
<ele>107.0</ele>
<time>2023-08-27T10:07:32Z</time>
<extensions>
<tp1:TrackPointExtension>
<tp1:hr>164</tp1:hr>
</tp1:TrackPointExtension>
</extensions>
</trkpt>
<trkpt lat="58.77459152" lon="16.27058641">
<ele>106.9</ele>
<time>2023-08-27T10:07:36Z</time>
<extensions>
<tp1:TrackPointExtension>
<tp1:hr>164</tp1:hr>
</tp1:TrackPointExtension>
</extensions>
</trkpt>
<trkpt lat="58.77443193" lon="16.27071365">
<ele>107.1</ele>
<time>2023-08-27T10:07:41Z</time>
<extensions>
<tp1:TrackPointExtension>
<tp1:hr>165</tp1:hr>
</tp1:TrackPointExtension>
</extensions>
</trkpt>
<trkpt lat="58.77440812" lon="16.27076461">
<ele>107.1</ele>
<time>2023-08-27T10:07:43Z</time>
<extensions>
<tp1:TrackPointExtension>
<tp1:hr>164</tp1:hr>
</tp1:TrackPointExtension>
</extensions>
</trkpt>
<trkpt lat="58.77441525" lon="16.27088539">
<ele>107.1</ele>
<time>2023-08-27T10:07:45Z</time>
<extensions>
<tp1:TrackPointExtension>
<tp1:hr>164</tp1:hr>
</tp1:TrackPointExtension>
</extensions>
</trkpt>
<trkpt lat="58.77444332" lon="16.27124431">
<ele>107.3</ele>
<time>2023-08-27T10:07:50Z</time>
<extensions>
<tp1:TrackPointExtension>
<tp1:hr>164</tp1:hr>
</tp1:TrackPointExtension>
</extensions>
</trkpt>
<trkpt lat="58.77444458" lon="16.27138093">
<ele>107.3</ele>
<time>2023-08-27T10:07:52Z</time>
<extensions>
<tp1:TrackPointExtension>
<tp1:hr>167</tp1:hr>
</tp1:TrackPointExtension>
</extensions>
</trkpt>
<trkpt lat="58.77441759" lon="16.27166835">
<ele>107.5</ele>
<time>2023-08-27T10:07:56Z</time>
<extensions>
<tp1:TrackPointExtension>
<tp1:hr>165</tp1:hr>
</tp1:TrackPointExtension>
</extensions>
</trkpt>
<trkpt lat="58.77434953" lon="16.2719934">
<ele>107.7</ele>
<time>2023-08-27T10:08:01Z</time>
<extensions>
<tp1:TrackPointExtension>
<tp1:hr>166</tp1:hr>
</tp1:TrackPointExtension>
</extensions>
</trkpt>
<trkpt lat="58.77432095" lon="16.27211334">
<ele>107.7</ele>
<time>2023-08-27T10:08:03Z</time>
<extensions>
<tp1:TrackPointExtension>
<tp1:hr>165</tp1:hr>
</tp1:TrackPointExtension>
</extensions>
</trkpt>
<trkpt lat="58.77419329" lon="16.27242724">
<ele>108.0</ele>
<time>2023-08-27T10:08:09Z</time>
<extensions>
<tp1:TrackPointExtension>
<tp1:hr>165</tp1:hr>
</tp1:TrackPointExtension>
</extensions>
</trkpt>
<trkpt lat="58.77406505" lon="16.27264341">
<ele>108.2</ele>
<time>2023-08-27T10:08:15Z</time>
<extensions>
<tp1:TrackPointExtension>
<tp1:hr>163</tp1:hr>
</tp1:TrackPointExtension>
</extensions>
</trkpt>
<trkpt lat="58.77402247" lon="16.27274433">
<ele>108.2</ele>
<time>2023-08-27T10:08:17Z</time>
<extensions>
<tp1:TrackPointExtension>
<tp1:hr>164</tp1:hr>
</tp1:TrackPointExtension>
</extensions>
</trkpt>
<trkpt lat="58.77388828" lon="16.27312378">
<ele>108.6</ele>
<time>2023-08-27T10:08:23Z</time>
<extensions>
<tp1:TrackPointExtension>
<tp1:hr>165</tp1:hr>
</tp1:TrackPointExtension>
</extensions>
</trkpt>
<trkpt lat="58.77378928" lon="16.2734718">
<ele>108.8</ele>
<time>2023-08-27T10:08:29Z</time>
<extensions>
<tp1:TrackPointExtension>
<tp1:hr>165</tp1:hr>
</tp1:TrackPointExtension>
</extensions>
</trkpt>
<trkpt lat="58.77376129" lon="16.27354061">
<ele>108.8</ele>
<time>2023-08-27T10:08:30Z</time>
<extensions>
<tp1:TrackPointExtension>
<tp1:hr>164</tp1:hr>
</tp1:TrackPointExtension>
</extensions>
</trkpt>
<trkpt lat="58.773597" lon="16.27393976">
<ele>109.0</ele>
<time>2023-08-27T10:08:35Z</time>
<extensions>
<tp1:TrackPointExtension>
<tp1:hr>164</tp1:hr>
</tp1:TrackPointExtension>
</extensions>
</trkpt>
<trkpt lat="58.77356591" lon="16.27399307">
<ele>109.0</ele>
<time>2023-08-27T10:08:36Z</time>
<extensions>
<tp1:TrackPointExtension>
<tp1:hr>164</tp1:hr>
</tp1:TrackPointExtension>
</extensions>
</trkpt>
<trkpt lat="58.77347387" lon="16.2741426">
<ele>109.1</ele>
<time>2023-08-27T10:08:40Z</time>
<extensions>
<tp1:TrackPointExtension>
<tp1:hr>167</tp1:hr>
</tp1:TrackPointExtension>
</extensions>
</trkpt>
<trkpt lat="58.77337405" lon="16.27432088">
<ele>109.1</ele>
<time>2023-08-27T10:08:43Z</time>
<extensions>
<tp1:TrackPointExtension>
<tp1:hr>168</tp1:hr>
</tp1:TrackPointExtension>
</extensions>
</trkpt>
<trkpt lat="58.77330255" lon="16.27446639">
<ele>109.1</ele>
<time>2023-08-27T10:08:46Z</time>
<extensions>
<tp1:TrackPointExtension>
<tp1:hr>170</tp1:hr>
</tp1:TrackPointExtension>
</extensions>
</trkpt>
<trkpt lat="58.77327975" lon="16.27452574">
<ele>109.3</ele>
<time>2023-08-27T10:08:48Z</time>
<extensions>
<tp1:TrackPointExtension>
<tp1:hr>174</tp1:hr>
</tp1:TrackPointExtension>
</extensions>
</trkpt>
<trkpt lat="58.77325846" lon="16.27458936">
<ele>109.3</ele>
<time>2023-08-27T10:08:49Z</time>
<extensions>
<tp1:TrackPointExtension>
<tp1:hr>173</tp1:hr>
</tp1:TrackPointExtension>
</extensions>
</trkpt>
<trkpt lat="58.77317456" lon="16.27493276">
<ele>109.3</ele>
<time>2023-08-27T10:08:54Z</time>
<extensions>
<tp1:TrackPointExtension>
<tp1:hr>170</tp1:hr>
</tp1:TrackPointExtension>
</extensions>
</trkpt>
<trkpt lat="58.77315595" lon="16.27500183">
<ele>109.3</ele>
<time>2023-08-27T10:08:55Z</time>
<extensions>
<tp1:TrackPointExtension>
<tp1:hr>168</tp1:hr>
</tp1:TrackPointExtension>
</extensions>
</trkpt>
<trkpt lat="58.77307313" lon="16.27534498">
<ele>109.5</ele>
<time>2023-08-27T10:09:00Z</time>
<extensions>
<tp1:TrackPointExtension>
<tp1:hr>167</tp1:hr>
</tp1:TrackPointExtension>
</extensions>
</trkpt>
<trkpt lat="58.77298948" lon="16.27567372">
<ele>109.5</ele>
<time>2023-08-27T10:09:05Z</time>
<extensions>
<tp1:TrackPointExtension>
<tp1:hr>170</tp1:hr>
</tp1:TrackPointExtension>
</extensions>
</trkpt>
<trkpt lat="58.77297498" lon="16.27573533">
<ele>109.7</ele>
<time>2023-08-27T10:09:06Z</time>
<extensions>
<tp1:TrackPointExtension>
<tp1:hr>170</tp1:hr>
</tp1:TrackPointExtension>
</extensions>
</trkpt>
<trkpt lat="58.77288823" lon="16.27604621">
<ele>109.7</ele>
<time>2023-08-27T10:09:11Z</time>
<extensions>
<tp1:TrackPointExtension>
<tp1:hr>168</tp1:hr>
</tp1:TrackPointExtension>
</extensions>
</trkpt>
<trkpt lat="58.77284917" lon="16.27618577">
<ele>109.8</ele>
<time>2023-08-27T10:09:13Z</time>
<extensions>
<tp1:TrackPointExtension>
<tp1:hr>167</tp1:hr>
</tp1:TrackPointExtension>
</extensions>
</trkpt>
<trkpt lat="58.77280064" lon="16.27629935">
<ele>109.8</ele>
<time>2023-08-27T10:09:15Z</time>
<extensions>
<tp1:TrackPointExtension>
<tp1:hr>166</tp1:hr>
</tp1:TrackPointExtension>
</extensions>
</trkpt>
<trkpt lat="58.77270408" lon="16.27644788">
<ele>109.8</ele>
<time>2023-08-27T10:09:18Z</time>
<extensions>
<tp1:TrackPointExtension>
<tp1:hr>165</tp1:hr>
</tp1:TrackPointExtension>
</extensions>
</trkpt>
<trkpt lat="58.77265161" lon="16.27652683">
<ele>110.0</ele>
<time>2023-08-27T10:09:21Z</time>
<extensions>
<tp1:TrackPointExtension>
<tp1:hr>164</tp1:hr>
</tp1:TrackPointExtension>
</extensions>
</trkpt>
<trkpt lat="58.77263434" lon="16.27660235">
<ele>110.0</ele>
<time>2023-08-27T10:09:22Z</time>
<extensions>
<tp1:TrackPointExtension>
<tp1:hr>163</tp1:hr>
</tp1:TrackPointExtension>
</extensions>
</trkpt>
<trkpt lat="58.77264138" lon="16.2766757">
<ele>110.0</ele>
<time>2023-08-27T10:09:24Z</time>
<extensions>
<tp1:TrackPointExtension>
<tp1:hr>164</tp1:hr>
</tp1:TrackPointExtension>
</extensions>
</trkpt>
<trkpt lat="58.77261624" lon="16.27682917">
<ele>110.0</ele>
<time>2023-08-27T10:09:28Z</time>
<extensions>
<tp1:TrackPointExtension>
<tp1:hr>166</tp1:hr>
</tp1:TrackPointExtension>
</extensions>
</trkpt>
<trkpt lat="58.77262554" lon="16.27687359">
<ele>110.0</ele>
<time>2023-08-27T10:09:29Z</time>
<extensions>
<tp1:TrackPointExtension>
<tp1:hr>165</tp1:hr>
</tp1:TrackPointExtension>
</extensions>
</trkpt>
<trkpt lat="58.77263577" lon="16.27691626">
<ele>110.2</ele>
<time>2023-08-27T10:09:30Z</time>
<extensions>
<tp1:TrackPointExtension>
<tp1:hr>166</tp1:hr>
</tp1:TrackPointExtension>
</extensions>
</trkpt>
<trkpt lat="58.77268941" lon="16.27708591">
<ele>110.4</ele>
<time>2023-08-27T10:09:36Z</time>
<extensions>
<tp1:TrackPointExtension>
<tp1:hr>165</tp1:hr>
</tp1:TrackPointExtension>
</extensions>
</trkpt>
<trkpt lat="58.7727097" lon="16.27731431">
<ele>110.6</ele>
<time>2023-08-27T10:09:41Z</time>
<extensions>
<tp1:TrackPointExtension>
<tp1:hr>164</tp1:hr>
</tp1:TrackPointExtension>
</extensions>
</trkpt>
<trkpt lat="58.77273886" lon="16.27754205">
<ele>110.9</ele>
<time>2023-08-27T10:09:45Z</time>
<extensions>
<tp1:TrackPointExtension>
<tp1:hr>164</tp1:hr>
</tp1:TrackPointExtension>
</extensions>
</trkpt>
<trkpt lat="58.77275789" lon="16.27770047">
<ele>111.1</ele>
<time>2023-08-27T10:09:48Z</time>
<extensions>
<tp1:TrackPointExtension>
<tp1:hr>164</tp1:hr>
</tp1:TrackPointExtension>
</extensions>
</trkpt>
<trkpt lat="58.77281858" lon="16.27786299">
<ele>111.1</ele>
<time>2023-08-27T10:09:50Z</time>
<extensions>
<tp1:TrackPointExtension>
<tp1:hr>165</tp1:hr>
</tp1:TrackPointExtension>
</extensions>
</trkpt>
<trkpt lat="58.77284749" lon="16.2779733">
<ele>111.3</ele>
<time>2023-08-27T10:09:53Z</time>
<extensions>
<tp1:TrackPointExtension>
<tp1:hr>162</tp1:hr>
</tp1:TrackPointExtension>
</extensions>
</trkpt>
<trkpt lat="58.77288085" lon="16.27809651">
<ele>111.5</ele>
<time>2023-08-27T10:09:55Z</time>
<extensions>
<tp1:TrackPointExtension>
<tp1:hr>161</tp1:hr>
</tp1:TrackPointExtension>
</extensions>
</trkpt>
<trkpt lat="58.77289502" lon="16.27820673">
<ele>111.5</ele>
<time>2023-08-27T10:09:57Z</time>
<extensions>
<tp1:TrackPointExtension>
<tp1:hr>164</tp1:hr>
</tp1:TrackPointExtension>
</extensions>
</trkpt>
<trkpt lat="58.77288764" lon="16.27832601">
<ele>111.5</ele>
<time>2023-08-27T10:09:59Z</time>
<extensions>
<tp1:TrackPointExtension>
<tp1:hr>163</tp1:hr>
</tp1:TrackPointExtension>
</extensions>
</trkpt>
<trkpt lat="58.77288873" lon="16.27844637">
<ele>111.7</ele>
<time>2023-08-27T10:10:01Z</time>
<extensions>
<tp1:TrackPointExtension>
<tp1:hr>160</tp1:hr>
</tp1:TrackPointExtension>
</extensions>
</trkpt>
<trkpt lat="58.77290432" lon="16.27854268">
<ele>111.7</ele>
<time>2023-08-27T10:10:03Z</time>
<extensions>
<tp1:TrackPointExtension>
<tp1:hr>161</tp1:hr>
</tp1:TrackPointExtension>
</extensions>
</trkpt>
<trkpt lat="58.7729039" lon="16.27858937">
<ele>111.7</ele>
<time>2023-08-27T10:10:04Z</time>
<extensions>
<tp1:TrackPointExtension>
<tp1:hr>161</tp1:hr>
</tp1:TrackPointExtension>
</extensions>
</trkpt>
<trkpt lat="58.77295017" lon="16.27886781">
<ele>111.9</ele>
<time>2023-08-27T10:10:09Z</time>
<extensions>
<tp1:TrackPointExtension>
<tp1:hr>160</tp1:hr>
</tp1:TrackPointExtension>
</extensions>
</trkpt>
<trkpt lat="58.77303357" lon="16.27907753">
<ele>112.1</ele>
<time>2023-08-27T10:10:15Z</time>
<extensions>
<tp1:TrackPointExtension>
<tp1:hr>161</tp1:hr>
</tp1:TrackPointExtension>
</extensions>
</trkpt>
<trkpt lat="58.77305201" lon="16.27926512">
<ele>112.0</ele>
<time>2023-08-27T10:10:19Z</time>
<extensions>
<tp1:TrackPointExtension>
<tp1:hr>161</tp1:hr>
</tp1:TrackPointExtension>
</extensions>
</trkpt>
<trkpt lat="58.77307942" lon="16.27948439">
<ele>112.0</ele>
<time>2023-08-27T10:10:24Z</time>
<extensions>
<tp1:TrackPointExtension>
<tp1:hr>162</tp1:hr>
</tp1:TrackPointExtension>
</extensions>
</trkpt>
<trkpt lat="58.77310918" lon="16.27964834">
<ele>112.0</ele>
<time>2023-08-27T10:10:29Z</time>
<extensions>
<tp1:TrackPointExtension>
<tp1:hr>163</tp1:hr>
</tp1:TrackPointExtension>
</extensions>
</trkpt>
<trkpt lat="58.77312653" lon="16.27977859">
<ele>112.0</ele>
<time>2023-08-27T10:10:31Z</time>
<extensions>
<tp1:TrackPointExtension>
<tp1:hr>163</tp1:hr>
</tp1:TrackPointExtension>
</extensions>
</trkpt>
<trkpt lat="58.77312653" lon="16.27977859">
<ele>112.0</ele>
<time>2023-08-27T10:10:32Z</time>
<extensions>
<tp1:TrackPointExtension>
<tp1:hr>163</tp1:hr>
</tp1:TrackPointExtension>
</extensions>
</trkpt>
<trkpt lat="58.77312955" lon="16.27984908">
<ele>112.0</ele>
<time>2023-08-27T10:10:34Z</time>
<extensions>
<tp1:TrackPointExtension>
<tp1:hr>163</tp1:hr>
</tp1:TrackPointExtension>
</extensions>
</trkpt>
<trkpt lat="58.77313994" lon="16.27990147">
<ele>112.0</ele>
<time>2023-08-27T10:10:36Z</time>
<extensions>
<tp1:TrackPointExtension>
<tp1:hr>163</tp1:hr>
</tp1:TrackPointExtension>
</extensions>
</trkpt>
<trkpt lat="58.77320716" lon="16.28012066">
<ele>112.0</ele>
<time>2023-08-27T10:10:42Z</time>
<extensions>
<tp1:TrackPointExtension>
<tp1:hr>162</tp1:hr>
</tp1:TrackPointExtension>
</extensions>
</trkpt>
<trkpt lat="58.77326475" lon="16.28024035">
<ele>112.0</ele>
<time>2023-08-27T10:10:48Z</time>
<extensions>
<tp1:TrackPointExtension>
<tp1:hr>162</tp1:hr>
</tp1:TrackPointExtension>
</extensions>
</trkpt>
<trkpt lat="58.77334194" lon="16.28038963">
<ele>112.7</ele>
<time>2023-08-27T10:10:54Z</time>
<extensions>
<tp1:TrackPointExtension>
<tp1:hr>162</tp1:hr>
</tp1:TrackPointExtension>
</extensions>
</trkpt>
<trkpt lat="58.77334194" lon="16.28038963">
<ele>113.5</ele>
<time>2023-08-27T10:10:55Z</time>
<extensions>
<tp1:TrackPointExtension>
<tp1:hr>161</tp1:hr>
</tp1:TrackPointExtension>
</extensions>
</trkpt>
<trkpt lat="58.77336642" lon="16.28043523">
<ele>114.7</ele>
<time>2023-08-27T10:10:57Z</time>
<extensions>
<tp1:TrackPointExtension>
<tp1:hr>159</tp1:hr>
</tp1:TrackPointExtension>
</extensions>
</trkpt>
<trkpt lat="58.77340087" lon="16.28047194">
<ele>115.1</ele>
<time>2023-08-27T10:11:00Z</time>
<extensions>
<tp1:TrackPointExtension>
<tp1:hr>160</tp1:hr>
</tp1:TrackPointExtension>
</extensions>
</trkpt>
<trkpt lat="58.77343356" lon="16.28052123">
<ele>115.7</ele>
<time>2023-08-27T10:11:03Z</time>
<extensions>
<tp1:TrackPointExtension>
<tp1:hr>161</tp1:hr>
</tp1:TrackPointExtension>
</extensions>
</trkpt>
<trkpt lat="58.77347622" lon="16.28057194">
<ele>116.7</ele>
<time>2023-08-27T10:11:06Z</time>
<extensions>
<tp1:TrackPointExtension>
<tp1:hr>161</tp1:hr>
</tp1:TrackPointExtension>
</extensions>
</trkpt>
<trkpt lat="58.77349156" lon="16.28057965">
<ele>116.7</ele>
<time>2023-08-27T10:11:07Z</time>
<extensions>
<tp1:TrackPointExtension>
<tp1:hr>161</tp1:hr>
</tp1:TrackPointExtension>
</extensions>
</trkpt>
<trkpt lat="58.77355342" lon="16.28059315">
<ele>118.3</ele>
<time>2023-08-27T10:11:11Z</time>
<extensions>
<tp1:TrackPointExtension>
<tp1:hr>160</tp1:hr>
</tp1:TrackPointExtension>
</extensions>
</trkpt>
<trkpt lat="58.77357622" lon="16.28060815">
<ele>118.7</ele>
<time>2023-08-27T10:11:12Z</time>
<extensions>
<tp1:TrackPointExtension>
<tp1:hr>160</tp1:hr>
</tp1:TrackPointExtension>
</extensions>
</trkpt>
<trkpt lat="58.77361989" lon="16.28063975">
<ele>119.5</ele>
<time>2023-08-27T10:11:14Z</time>
<extensions>
<tp1:TrackPointExtension>
<tp1:hr>159</tp1:hr>
</tp1:TrackPointExtension>
</extensions>
</trkpt>
<trkpt lat="58.77368594" lon="16.28067956">
<ele>120.5</ele>
<time>2023-08-27T10:11:18Z</time>
<extensions>
<tp1:TrackPointExtension>
<tp1:hr>161</tp1:hr>
</tp1:TrackPointExtension>
</extensions>
</trkpt>
<trkpt lat="58.77369516" lon="16.28070462">
<ele>120.9</ele>
<time>2023-08-27T10:11:19Z</time>
<extensions>
<tp1:TrackPointExtension>
<tp1:hr>162</tp1:hr>
</tp1:TrackPointExtension>
</extensions>
</trkpt>
<trkpt lat="58.77371687" lon="16.2807581">
<ele>121.2</ele>
<time>2023-08-27T10:11:22Z</time>
<extensions>
<tp1:TrackPointExtension>
<tp1:hr>160</tp1:hr>
</tp1:TrackPointExtension>
</extensions>
</trkpt>
<trkpt lat="58.77375098" lon="16.28082256">
<ele>121.8</ele>
<time>2023-08-27T10:11:25Z</time>
<extensions>
<tp1:TrackPointExtension>
<tp1:hr>163</tp1:hr>
</tp1:TrackPointExtension>
</extensions>
</trkpt>
<trkpt lat="58.77375408" lon="16.28083555">
<ele>122.4</ele>
<time>2023-08-27T10:11:26Z</time>
<extensions>
<tp1:TrackPointExtension>
<tp1:hr>163</tp1:hr>
</tp1:TrackPointExtension>
</extensions>
</trkpt>
<trkpt lat="58.77376431" lon="16.28087712">
<ele>123.2</ele>
<time>2023-08-27T10:11:28Z</time>
<extensions>
<tp1:TrackPointExtension>
<tp1:hr>162</tp1:hr>
</tp1:TrackPointExtension>
</extensions>
</trkpt>
<trkpt lat="58.77377386" lon="16.28089598">
<ele>123.4</ele>
<time>2023-08-27T10:11:29Z</time>
<extensions>
<tp1:TrackPointExtension>
<tp1:hr>161</tp1:hr>
</tp1:TrackPointExtension>
</extensions>
</trkpt>
<trkpt lat="58.77378182" lon="16.28091384">
<ele>123.4</ele>
<time>2023-08-27T10:11:31Z</time>
<extensions>
<tp1:TrackPointExtension>
<tp1:hr>159</tp1:hr>
</tp1:TrackPointExtension>
</extensions>
</trkpt>
<trkpt lat="58.77378442" lon="16.28095885">
<ele>123.6</ele>
<time>2023-08-27T10:11:33Z</time>
<extensions>
<tp1:TrackPointExtension>
<tp1:hr>160</tp1:hr>
</tp1:TrackPointExtension>
</extensions>
</trkpt>
<trkpt lat="58.77379423" lon="16.28100394">
<ele>123.6</ele>
<time>2023-08-27T10:11:35Z</time>
<extensions>
<tp1:TrackPointExtension>
<tp1:hr>160</tp1:hr>
</tp1:TrackPointExtension>
</extensions>
</trkpt>
<trkpt lat="58.7738042" lon="16.28106647">
<ele>124.4</ele>
<time>2023-08-27T10:11:38Z</time>
<extensions>
<tp1:TrackPointExtension>
<tp1:hr>161</tp1:hr>
</tp1:TrackPointExtension>
</extensions>
</trkpt>
<trkpt lat="58.77380462" lon="16.28116622">
<ele>125.4</ele>
<time>2023-08-27T10:11:42Z</time>
<extensions>
<tp1:TrackPointExtension>
<tp1:hr>162</tp1:hr>
</tp1:TrackPointExtension>
</extensions>
</trkpt>
<trkpt lat="58.77378719" lon="16.28120544">
<ele>125.8</ele>
<time>2023-08-27T10:11:43Z</time>
<extensions>
<tp1:TrackPointExtension>
<tp1:hr>162</tp1:hr>
</tp1:TrackPointExtension>
</extensions>
</trkpt>
<trkpt lat="58.77378719" lon="16.28120544">
<ele>126.0</ele>
<time>2023-08-27T10:11:44Z</time>
<extensions>
<tp1:TrackPointExtension>
<tp1:hr>162</tp1:hr>
</tp1:TrackPointExtension>
</extensions>
</trkpt>
<trkpt lat="58.77376825" lon="16.28122279">
<ele>126.6</ele>
<time>2023-08-27T10:11:46Z</time>
<extensions>
<tp1:TrackPointExtension>
<tp1:hr>160</tp1:hr>
</tp1:TrackPointExtension>
</extensions>
</trkpt>
<trkpt lat="58.77375626" lon="16.28128189">
<ele>127.4</ele>
<time>2023-08-27T10:11:50Z</time>
<extensions>
<tp1:TrackPointExtension>
<tp1:hr>159</tp1:hr>
</tp1:TrackPointExtension>
</extensions>
</trkpt>
<trkpt lat="58.77375685" lon="16.28130217">
<ele>127.6</ele>
<time>2023-08-27T10:11:51Z</time>
<extensions>
<tp1:TrackPointExtension>
<tp1:hr>159</tp1:hr>
</tp1:TrackPointExtension>
</extensions>
</trkpt>
<trkpt lat="58.77375768" lon="16.28133168">
<ele>127.8</ele>
<time>2023-08-27T10:11:52Z</time>
<extensions>
<tp1:TrackPointExtension>
<tp1:hr>159</tp1:hr>
</tp1:TrackPointExtension>
</extensions>
</trkpt>
<trkpt lat="58.77377202" lon="16.28152245">
<ele>128.1</ele>
<time>2023-08-27T10:11:56Z</time>
<extensions>
<tp1:TrackPointExtension>
<tp1:hr>159</tp1:hr>
</tp1:TrackPointExtension>
</extensions>
</trkpt>
<trkpt lat="58.7737944" lon="16.28172638">
<ele>128.3</ele>
<time>2023-08-27T10:12:00Z</time>
<extensions>
<tp1:TrackPointExtension>
<tp1:hr>159</tp1:hr>
</tp1:TrackPointExtension>
</extensions>
</trkpt>
<trkpt lat="58.77379046" lon="16.28176678">
<ele>128.5</ele>
<time>2023-08-27T10:12:01Z</time>
<extensions>
<tp1:TrackPointExtension>
<tp1:hr>160</tp1:hr>
</tp1:TrackPointExtension>
</extensions>
</trkpt>
<trkpt lat="58.77379758" lon="16.28181104">
<ele>128.7</ele>
<time>2023-08-27T10:12:02Z</time>
<extensions>
<tp1:TrackPointExtension>
<tp1:hr>161</tp1:hr>
</tp1:TrackPointExtension>
</extensions>
</trkpt>
<trkpt lat="58.77380739" lon="16.28185269">
<ele>129.1</ele>
<time>2023-08-27T10:12:03Z</time>
<extensions>
<tp1:TrackPointExtension>
<tp1:hr>161</tp1:hr>
</tp1:TrackPointExtension>
</extensions>
</trkpt>
<trkpt lat="58.7738343" lon="16.28195789">
<ele>129.7</ele>
<time>2023-08-27T10:12:05Z</time>
<extensions>
<tp1:TrackPointExtension>
<tp1:hr>160</tp1:hr>
</tp1:TrackPointExtension>
</extensions>
</trkpt>
<trkpt lat="58.7738384" lon="16.28199577">
<ele>130.3</ele>
<time>2023-08-27T10:12:06Z</time>
<extensions>
<tp1:TrackPointExtension>
<tp1:hr>161</tp1:hr>
</tp1:TrackPointExtension>
</extensions>
</trkpt>
<trkpt lat="58.77385693" lon="16.28209652">
<ele>131.1</ele>
<time>2023-08-27T10:12:09Z</time>
<extensions>
<tp1:TrackPointExtension>
<tp1:hr>161</tp1:hr>
</tp1:TrackPointExtension>
</extensions>
</trkpt>
<trkpt lat="58.77388886" lon="16.28212393">
<ele>131.5</ele>
<time>2023-08-27T10:12:11Z</time>
<extensions>
<tp1:TrackPointExtension>
<tp1:hr>161</tp1:hr>
</tp1:TrackPointExtension>
</extensions>
</trkpt>
<trkpt lat="58.77393605" lon="16.28209778">
<ele>131.1</ele>
<time>2023-08-27T10:12:13Z</time>
<extensions>
<tp1:TrackPointExtension>
<tp1:hr>162</tp1:hr>
</tp1:TrackPointExtension>
</extensions>
</trkpt>
<trkpt lat="58.77396891" lon="16.28207238">
<ele>130.9</ele>
<time>2023-08-27T10:12:15Z</time>
<extensions>
<tp1:TrackPointExtension>
<tp1:hr>164</tp1:hr>
</tp1:TrackPointExtension>
</extensions>
</trkpt>
<trkpt lat="58.77394779" lon="16.28208194">
<ele>130.9</ele>
<time>2023-08-27T10:12:17Z</time>
<extensions>
<tp1:TrackPointExtension>
<tp1:hr>164</tp1:hr>
</tp1:TrackPointExtension>
</extensions>
</trkpt>
<trkpt lat="58.77392289" lon="16.28211362">
<ele>130.9</ele>
<time>2023-08-27T10:12:19Z</time>
<extensions>
<tp1:TrackPointExtension>
<tp1:hr>165</tp1:hr>
</tp1:TrackPointExtension>
</extensions>
</trkpt>
<trkpt lat="58.77389884" lon="16.28222301">
<ele>130.7</ele>
<time>2023-08-27T10:12:22Z</time>
<extensions>
<tp1:TrackPointExtension>
<tp1:hr>168</tp1:hr>
</tp1:TrackPointExtension>
</extensions>
</trkpt>
<trkpt lat="58.77389423" lon="16.28233675">
<ele>130.3</ele>
<time>2023-08-27T10:12:24Z</time>
<extensions>
<tp1:TrackPointExtension>
<tp1:hr>166</tp1:hr>
</tp1:TrackPointExtension>
</extensions>
</trkpt>
<trkpt lat="58.77389439" lon="16.28246985">
<ele>129.8</ele>
<time>2023-08-27T10:12:26Z</time>
<extensions>
<tp1:TrackPointExtension>
<tp1:hr>163</tp1:hr>
</tp1:TrackPointExtension>
</extensions>
</trkpt>
<trkpt lat="58.77389146" lon="16.28253305">
<ele>129.8</ele>
<time>2023-08-27T10:12:27Z</time>
<extensions>
<tp1:TrackPointExtension>
<tp1:hr>162</tp1:hr>
</tp1:TrackPointExtension>
</extensions>
</trkpt>
<trkpt lat="58.77390864" lon="16.28274688">
<ele>129.2</ele>
<time>2023-08-27T10:12:31Z</time>
<extensions>
<tp1:TrackPointExtension>
<tp1:hr>161</tp1:hr>
</tp1:TrackPointExtension>
</extensions>
</trkpt>
<trkpt lat="58.77393723" lon="16.28304183">
<ele>129.0</ele>
<time>2023-08-27T10:12:37Z</time>
<extensions>
<tp1:TrackPointExtension>
<tp1:hr>163</tp1:hr>
</tp1:TrackPointExtension>
</extensions>
</trkpt>
<trkpt lat="58.77396388" lon="16.28330444">
<ele>128.2</ele>
<time>2023-08-27T10:12:42Z</time>
<extensions>
<tp1:TrackPointExtension>
<tp1:hr>163</tp1:hr>
</tp1:TrackPointExtension>
</extensions>
</trkpt>
<trkpt lat="58.7739705" lon="16.28335775">
<ele>128.0</ele>
<time>2023-08-27T10:12:43Z</time>
<extensions>
<tp1:TrackPointExtension>
<tp1:hr>163</tp1:hr>
</tp1:TrackPointExtension>
</extensions>
</trkpt>
<trkpt lat="58.77396908" lon="16.28353192">
<ele>127.0</ele>
<time>2023-08-27T10:12:46Z</time>
<extensions>
<tp1:TrackPointExtension>
<tp1:hr>162</tp1:hr>
</tp1:TrackPointExtension>
</extensions>
</trkpt>
<trkpt lat="58.77396405" lon="16.28358356">
<ele>126.8</ele>
<time>2023-08-27T10:12:47Z</time>
<extensions>
<tp1:TrackPointExtension>
<tp1:hr>162</tp1:hr>
</tp1:TrackPointExtension>
</extensions>
</trkpt>
<trkpt lat="58.7739565" lon="16.28367836">
<ele>126.6</ele>
<time>2023-08-27T10:12:49Z</time>
<extensions>
<tp1:TrackPointExtension>
<tp1:hr>159</tp1:hr>
</tp1:TrackPointExtension>
</extensions>
</trkpt>
<trkpt lat="58.77392105" lon="16.28387013">
<ele>125.8</ele>
<time>2023-08-27T10:12:52Z</time>
<extensions>
<tp1:TrackPointExtension>
<tp1:hr>159</tp1:hr>
</tp1:TrackPointExtension>
</extensions>
</trkpt>
<trkpt lat="58.77395307" lon="16.28416023">
<ele>125.6</ele>
<time>2023-08-27T10:12:57Z</time>
<extensions>
<tp1:TrackPointExtension>
<tp1:hr>161</tp1:hr>
</tp1:TrackPointExtension>
</extensions>
</trkpt>
<trkpt lat="58.77400168" lon="16.28440809">
<ele>125.3</ele>
<time>2023-08-27T10:13:01Z</time>
<extensions>
<tp1:TrackPointExtension>
<tp1:hr>161</tp1:hr>
</tp1:TrackPointExtension>
</extensions>
</trkpt>
<trkpt lat="58.77401995" lon="16.28446148">
<ele>124.9</ele>
<time>2023-08-27T10:13:02Z</time>
<extensions>
<tp1:TrackPointExtension>
<tp1:hr>164</tp1:hr>
</tp1:TrackPointExtension>
</extensions>
</trkpt>
<trkpt lat="58.77403571" lon="16.28450532">
<ele>124.1</ele>
<time>2023-08-27T10:13:03Z</time>
<extensions>
<tp1:TrackPointExtension>
<tp1:hr>163</tp1:hr>
</tp1:TrackPointExtension>
</extensions>
</trkpt>
<trkpt lat="58.77406731" lon="16.28463993">
<ele>123.5</ele>
<time>2023-08-27T10:13:06Z</time>
<extensions>
<tp1:TrackPointExtension>
<tp1:hr>163</tp1:hr>
</tp1:TrackPointExtension>
</extensions>
</trkpt>
<trkpt lat="58.77407938" lon="16.28469843">
<ele>122.9</ele>
<time>2023-08-27T10:13:07Z</time>
<extensions>
<tp1:TrackPointExtension>
<tp1:hr>163</tp1:hr>
</tp1:TrackPointExtension>
</extensions>
</trkpt>
<trkpt lat="58.77412464" lon="16.28492609">
<ele>122.7</ele>
<time>2023-08-27T10:13:11Z</time>
<extensions>
<tp1:TrackPointExtension>
<tp1:hr>163</tp1:hr>
</tp1:TrackPointExtension>
</extensions>
</trkpt>
<trkpt lat="58.77426202" lon="16.2852311">
<ele>122.7</ele>
<time>2023-08-27T10:13:18Z</time>
<extensions>
<tp1:TrackPointExtension>
<tp1:hr>163</tp1:hr>
</tp1:TrackPointExtension>
</extensions>
</trkpt>
<trkpt lat="58.77431877" lon="16.28535482">
<ele>122.7</ele>
<time>2023-08-27T10:13:22Z</time>
<extensions>
<tp1:TrackPointExtension>
<tp1:hr>161</tp1:hr>
</tp1:TrackPointExtension>
</extensions>
</trkpt>
<trkpt lat="58.77432757" lon="16.28544828">
<ele>122.5</ele>
<time>2023-08-27T10:13:25Z</time>
<extensions>
<tp1:TrackPointExtension>
<tp1:hr>160</tp1:hr>
</tp1:TrackPointExtension>
</extensions>
</trkpt>
<trkpt lat="58.77432355" lon="16.28546555">
<ele>122.5</ele>
<time>2023-08-27T10:13:26Z</time>
<extensions>
<tp1:TrackPointExtension>
<tp1:hr>161</tp1:hr>
</tp1:TrackPointExtension>
</extensions>
</trkpt>
<trkpt lat="58.77432388" lon="16.28547451">
<ele>122.3</ele>
<time>2023-08-27T10:13:27Z</time>
<extensions>
<tp1:TrackPointExtension>
<tp1:hr>159</tp1:hr>
</tp1:TrackPointExtension>
</extensions>
</trkpt>
<trkpt lat="58.77435858" lon="16.28549002">
<ele>122.3</ele>
<time>2023-08-27T10:13:30Z</time>
<extensions>
<tp1:TrackPointExtension>
<tp1:hr>159</tp1:hr>
</tp1:TrackPointExtension>
</extensions>
</trkpt>
<trkpt lat="58.77438926" lon="16.28548642">
<ele>122.0</ele>
<time>2023-08-27T10:13:32Z</time>
<extensions>
<tp1:TrackPointExtension>
<tp1:hr>159</tp1:hr>
</tp1:TrackPointExtension>
</extensions>
</trkpt>
<trkpt lat="58.7744538" lon="16.28541391">
<ele>121.8</ele>
<time>2023-08-27T10:13:35Z</time>
<extensions>
<tp1:TrackPointExtension>
<tp1:hr>158</tp1:hr>
</tp1:TrackPointExtension>
</extensions>
</trkpt>
<trkpt lat="58.77459646" lon="16.28522809">
<ele>121.6</ele>
<time>2023-08-27T10:13:40Z</time>
<extensions>
<tp1:TrackPointExtension>
<tp1:hr>161</tp1:hr>
</tp1:TrackPointExtension>
</extensions>
</trkpt>
<trkpt lat="58.77459646" lon="16.28522809">
<ele>121.6</ele>
<time>2023-08-27T10:13:41Z</time>
<extensions>
<tp1:TrackPointExtension>
<tp1:hr>160</tp1:hr>
</tp1:TrackPointExtension>
</extensions>
</trkpt>
<trkpt lat="58.77473652" lon="16.28511057">
<ele>121.2</ele>
<time>2023-08-27T10:13:46Z</time>
<extensions>
<tp1:TrackPointExtension>
<tp1:hr>158</tp1:hr>
</tp1:TrackPointExtension>
</extensions>
</trkpt>
<trkpt lat="58.774833" lon="16.28500563">
<ele>120.8</ele>
<time>2023-08-27T10:13:51Z</time>
<extensions>
<tp1:TrackPointExtension>
<tp1:hr>159</tp1:hr>
</tp1:TrackPointExtension>
</extensions>
</trkpt>
<trkpt lat="58.77485437" lon="16.28498853">
<ele>120.8</ele>
<time>2023-08-27T10:13:52Z</time>
<extensions>
<tp1:TrackPointExtension>
<tp1:hr>160</tp1:hr>
</tp1:TrackPointExtension>
</extensions>
</trkpt>
<trkpt lat="58.77492621" lon="16.28493975">
<ele>120.6</ele>
<time>2023-08-27T10:13:55Z</time>
<extensions>
<tp1:TrackPointExtension>
<tp1:hr>163</tp1:hr>
</tp1:TrackPointExtension>
</extensions>
</trkpt>
<trkpt lat="58.77499117" lon="16.28490304">
<ele>120.4</ele>
<time>2023-08-27T10:13:57Z</time>
<extensions>
<tp1:TrackPointExtension>
<tp1:hr>164</tp1:hr>
</tp1:TrackPointExtension>
</extensions>
</trkpt>
<trkpt lat="58.77508915" lon="16.28488895">
<ele>120.2</ele>
<time>2023-08-27T10:14:00Z</time>
<extensions>
<tp1:TrackPointExtension>
<tp1:hr>163</tp1:hr>
</tp1:TrackPointExtension>
</extensions>
</trkpt>
<trkpt lat="58.77514799" lon="16.28482651">
<ele>120.0</ele>
<time>2023-08-27T10:14:02Z</time>
<extensions>
<tp1:TrackPointExtension>
<tp1:hr>166</tp1:hr>
</tp1:TrackPointExtension>
</extensions>
</trkpt>
<trkpt lat="58.7751982" lon="16.28472861">
<ele>119.7</ele>
<time>2023-08-27T10:14:04Z</time>
<extensions>
<tp1:TrackPointExtension>
<tp1:hr>166</tp1:hr>
</tp1:TrackPointExtension>
</extensions>
</trkpt>
<trkpt lat="58.77528504" lon="16.28457572">
<ele>119.5</ele>
<time>2023-08-27T10:14:07Z</time>
<extensions>
<tp1:TrackPointExtension>
<tp1:hr>164</tp1:hr>
</tp1:TrackPointExtension>
</extensions>
</trkpt>
<trkpt lat="58.77536106" lon="16.28431723">
<ele>119.1</ele>
<time>2023-08-27T10:14:11Z</time>
<extensions>
<tp1:TrackPointExtension>
<tp1:hr>163</tp1:hr>
</tp1:TrackPointExtension>
</extensions>
</trkpt>
<trkpt lat="58.77554513" lon="16.28398019">
<ele>118.7</ele>
<time>2023-08-27T10:14:16Z</time>
<extensions>
<tp1:TrackPointExtension>
<tp1:hr>165</tp1:hr>
</tp1:TrackPointExtension>
</extensions>
</trkpt>
<trkpt lat="58.77554513" lon="16.28398019">
<ele>118.7</ele>
<time>2023-08-27T10:14:17Z</time>
<extensions>
<tp1:TrackPointExtension>
<tp1:hr>166</tp1:hr>
</tp1:TrackPointExtension>
</extensions>
</trkpt>
<trkpt lat="58.77567647" lon="16.2836714">
<ele>118.3</ele>
<time>2023-08-27T10:14:21Z</time>
<extensions>
<tp1:TrackPointExtension>
<tp1:hr>166</tp1:hr>
</tp1:TrackPointExtension>
</extensions>
</trkpt>
<trkpt lat="58.77580899" lon="16.28351692">
<ele>117.9</ele>
<time>2023-08-27T10:14:26Z</time>
<extensions>
<tp1:TrackPointExtension>
<tp1:hr>166</tp1:hr>
</tp1:TrackPointExtension>
</extensions>
</trkpt>
<trkpt lat="58.77590454" lon="16.28337585">
<ele>117.7</ele>
<time>2023-08-27T10:14:30Z</time>
<extensions>
<tp1:TrackPointExtension>
<tp1:hr>167</tp1:hr>
</tp1:TrackPointExtension>
</extensions>
</trkpt>
<trkpt lat="58.77590454" lon="16.28337585">
<ele>117.5</ele>
<time>2023-08-27T10:14:31Z</time>
<extensions>
<tp1:TrackPointExtension>
<tp1:hr>167</tp1:hr>
</tp1:TrackPointExtension>
</extensions>
</trkpt>
<trkpt lat="58.77600169" lon="16.28309967">
<ele>117.0</ele>
<time>2023-08-27T10:14:36Z</time>
<extensions>
<tp1:TrackPointExtension>
<tp1:hr>169</tp1:hr>
</tp1:TrackPointExtension>
</extensions>
</trkpt>
<trkpt lat="58.77615524" lon="16.28289213">
<ele>116.6</ele>
<time>2023-08-27T10:14:42Z</time>
<extensions>
<tp1:TrackPointExtension>
<tp1:hr>168</tp1:hr>
</tp1:TrackPointExtension>
</extensions>
</trkpt>
<trkpt lat="58.77620822" lon="16.28288048">
<ele>116.4</ele>
<time>2023-08-27T10:14:43Z</time>
<extensions>
<tp1:TrackPointExtension>
<tp1:hr>167</tp1:hr>
</tp1:TrackPointExtension>
</extensions>
</trkpt>
<trkpt lat="58.77632179" lon="16.282869">
<ele>116.0</ele>
<time>2023-08-27T10:14:48Z</time>
<extensions>
<tp1:TrackPointExtension>
<tp1:hr>163</tp1:hr>
</tp1:TrackPointExtension>
</extensions>
</trkpt>
<trkpt lat="58.77646487" lon="16.28282374">
<ele>115.6</ele>
<time>2023-08-27T10:14:52Z</time>
<extensions>
<tp1:TrackPointExtension>
<tp1:hr>160</tp1:hr>
</tp1:TrackPointExtension>
</extensions>
</trkpt>
<trkpt lat="58.77653218" lon="16.28279725">
<ele>115.6</ele>
<time>2023-08-27T10:14:54Z</time>
<extensions>
<tp1:TrackPointExtension>
<tp1:hr>160</tp1:hr>
</tp1:TrackPointExtension>
</extensions>
</trkpt>
<trkpt lat="58.77656747" lon="16.28277613">
<ele>115.4</ele>
<time>2023-08-27T10:14:55Z</time>
<extensions>
<tp1:TrackPointExtension>
<tp1:hr>160</tp1:hr>
</tp1:TrackPointExtension>
</extensions>
</trkpt>
<trkpt lat="58.77665221" lon="16.28270119">
<ele>115.0</ele>
<time>2023-08-27T10:14:58Z</time>
<extensions>
<tp1:TrackPointExtension>
<tp1:hr>163</tp1:hr>
</tp1:TrackPointExtension>
</extensions>
</trkpt>
<trkpt lat="58.77667534" lon="16.28266859">
<ele>115.0</ele>
<time>2023-08-27T10:14:59Z</time>
<extensions>
<tp1:TrackPointExtension>
<tp1:hr>162</tp1:hr>
</tp1:TrackPointExtension>
</extensions>
</trkpt>
<trkpt lat="58.7768548" lon="16.2826758">
<ele>114.6</ele>
<time>2023-08-27T10:15:04Z</time>
<extensions>
<tp1:TrackPointExtension>
<tp1:hr>160</tp1:hr>
</tp1:TrackPointExtension>
</extensions>
</trkpt>
<trkpt lat="58.77697198" lon="16.28251235">
<ele>114.3</ele>
<time>2023-08-27T10:15:09Z</time>
<extensions>
<tp1:TrackPointExtension>
<tp1:hr>160</tp1:hr>
</tp1:TrackPointExtension>
</extensions>
</trkpt>
<trkpt lat="58.77699729" lon="16.28247044">
<ele>114.3</ele>
<time>2023-08-27T10:15:10Z</time>
<extensions>
<tp1:TrackPointExtension>
<tp1:hr>160</tp1:hr>
</tp1:TrackPointExtension>
</extensions>
</trkpt>
<trkpt lat="58.77714364" lon="16.28224312">
<ele>113.9</ele>
<time>2023-08-27T10:15:17Z</time>
<extensions>
<tp1:TrackPointExtension>
<tp1:hr>157</tp1:hr>
</tp1:TrackPointExtension>
</extensions>
</trkpt>
<trkpt lat="58.77721472" lon="16.28211731">
<ele>113.7</ele>
<time>2023-08-27T10:15:20Z</time>
<extensions>
<tp1:TrackPointExtension>
<tp1:hr>154</tp1:hr>
</tp1:TrackPointExtension>
</extensions>
</trkpt>
<trkpt lat="58.77725126" lon="16.28203735">
<ele>113.5</ele>
<time>2023-08-27T10:15:22Z</time>
<extensions>
<tp1:TrackPointExtension>
<tp1:hr>160</tp1:hr>
</tp1:TrackPointExtension>
</extensions>
</trkpt>
<trkpt lat="58.77726752" lon="16.28199896">
<ele>113.5</ele>
<time>2023-08-27T10:15:23Z</time>
<extensions>
<tp1:TrackPointExtension>
<tp1:hr>160</tp1:hr>
</tp1:TrackPointExtension>
</extensions>
</trkpt>
<trkpt lat="58.77740515" lon="16.28179427">
<ele>113.3</ele>
<time>2023-08-27T10:15:28Z</time>
<extensions>
<tp1:TrackPointExtension>
<tp1:hr>157</tp1:hr>
</tp1:TrackPointExtension>
</extensions>
</trkpt>
<trkpt lat="58.7775738" lon="16.28157265">
<ele>112.9</ele>
<time>2023-08-27T10:15:33Z</time>
<extensions>
<tp1:TrackPointExtension>
<tp1:hr>160</tp1:hr>
</tp1:TrackPointExtension>
</extensions>
</trkpt>
<trkpt lat="58.77774546" lon="16.28137082">
<ele>112.7</ele>
<time>2023-08-27T10:15:39Z</time>
<extensions>
<tp1:TrackPointExtension>
<tp1:hr>160</tp1:hr>
</tp1:TrackPointExtension>
</extensions>
</trkpt>
<trkpt lat="58.77777538" lon="16.28137711">
<ele>112.4</ele>
<time>2023-08-27T10:15:40Z</time>
<extensions>
<tp1:TrackPointExtension>
<tp1:hr>161</tp1:hr>
</tp1:TrackPointExtension>
</extensions>
</trkpt>
<trkpt lat="58.77782576" lon="16.28139873">
<ele>112.4</ele>
<time>2023-08-27T10:15:42Z</time>
<extensions>
<tp1:TrackPointExtension>
<tp1:hr>158</tp1:hr>
</tp1:TrackPointExtension>
</extensions>
</trkpt>
<trkpt lat="58.77790413" lon="16.28146361">
<ele>112.2</ele>
<time>2023-08-27T10:15:46Z</time>
<extensions>
<tp1:TrackPointExtension>
<tp1:hr>158</tp1:hr>
</tp1:TrackPointExtension>
</extensions>
</trkpt>
<trkpt lat="58.77792626" lon="16.28147844">
<ele>112.2</ele>
<time>2023-08-27T10:15:48Z</time>
<extensions>
<tp1:TrackPointExtension>
<tp1:hr>161</tp1:hr>
</tp1:TrackPointExtension>
</extensions>
</trkpt>
<trkpt lat="58.77793891" lon="16.28148138">
<ele>112.2</ele>
<time>2023-08-27T10:15:49Z</time>
<extensions>
<tp1:TrackPointExtension>
<tp1:hr>161</tp1:hr>
</tp1:TrackPointExtension>
</extensions>
</trkpt>
<trkpt lat="58.77797596" lon="16.28147693">
<ele>112.0</ele>
<time>2023-08-27T10:15:51Z</time>
<extensions>
<tp1:TrackPointExtension>
<tp1:hr>161</tp1:hr>
</tp1:TrackPointExtension>
</extensions>
</trkpt>
<trkpt lat="58.7780576" lon="16.28146595">
<ele>112.0</ele>
<time>2023-08-27T10:15:55Z</time>
<extensions>
<tp1:TrackPointExtension>
<tp1:hr>161</tp1:hr>
</tp1:TrackPointExtension>
</extensions>
</trkpt>
<trkpt lat="58.77809046" lon="16.28145665">
<ele>112.0</ele>
<time>2023-08-27T10:15:57Z</time>
<extensions>
<tp1:TrackPointExtension>
<tp1:hr>159</tp1:hr>
</tp1:TrackPointExtension>
</extensions>
</trkpt>
<trkpt lat="58.77812918" lon="16.28145682">
<ele>112.0</ele>
<time>2023-08-27T10:15:59Z</time>
<extensions>
<tp1:TrackPointExtension>
<tp1:hr>158</tp1:hr>
</tp1:TrackPointExtension>
</extensions>
</trkpt>
<trkpt lat="58.77820688" lon="16.2815144">
<ele>112.0</ele>
<time>2023-08-27T10:16:04Z</time>
<extensions>
<tp1:TrackPointExtension>
<tp1:hr>158</tp1:hr>
</tp1:TrackPointExtension>
</extensions>
</trkpt>
<trkpt lat="58.77825877" lon="16.2815802">
<ele>112.2</ele>
<time>2023-08-27T10:16:09Z</time>
<extensions>
<tp1:TrackPointExtension>
<tp1:hr>159</tp1:hr>
</tp1:TrackPointExtension>
</extensions>
</trkpt>
<trkpt lat="58.77827126" lon="16.28160643">
<ele>112.2</ele>
<time>2023-08-27T10:16:11Z</time>
<extensions>
<tp1:TrackPointExtension>
<tp1:hr>159</tp1:hr>
</tp1:TrackPointExtension>
</extensions>
</trkpt>
<trkpt lat="58.7783337" lon="16.2817625">
<ele>112.3</ele>
<time>2023-08-27T10:16:18Z</time>
<extensions>
<tp1:TrackPointExtension>
<tp1:hr>157</tp1:hr>
</tp1:TrackPointExtension>
</extensions>
</trkpt>
<trkpt lat="58.77832951" lon="16.28192126">
<ele>112.7</ele>
<time>2023-08-27T10:16:24Z</time>
<extensions>
<tp1:TrackPointExtension>
<tp1:hr>157</tp1:hr>
</tp1:TrackPointExtension>
</extensions>
</trkpt>
<trkpt lat="58.77832783" lon="16.2819568">
<ele>112.7</ele>
<time>2023-08-27T10:16:26Z</time>
<extensions>
<tp1:TrackPointExtension>
<tp1:hr>156</tp1:hr>
</tp1:TrackPointExtension>
</extensions>
</trkpt>
<trkpt lat="58.77833236" lon="16.28198479">
<ele>112.9</ele>
<time>2023-08-27T10:16:28Z</time>
<extensions>
<tp1:TrackPointExtension>
<tp1:hr>156</tp1:hr>
</tp1:TrackPointExtension>
</extensions>
</trkpt>
<trkpt lat="58.77835223" lon="16.28199183">
<ele>112.9</ele>
<time>2023-08-27T10:16:29Z</time>
<extensions>
<tp1:TrackPointExtension>
<tp1:hr>156</tp1:hr>
</tp1:TrackPointExtension>
</extensions>
</trkpt>
<trkpt lat="58.77837821" lon="16.28200022">
<ele>113.1</ele>
<time>2023-08-27T10:16:31Z</time>
<extensions>
<tp1:TrackPointExtension>
<tp1:hr>156</tp1:hr>
</tp1:TrackPointExtension>
</extensions>
</trkpt>
<trkpt lat="58.7784233" lon="16.28205143">
<ele>113.5</ele>
<time>2023-08-27T10:16:35Z</time>
<extensions>
<tp1:TrackPointExtension>
<tp1:hr>154</tp1:hr>
</tp1:TrackPointExtension>
</extensions>
</trkpt>
<trkpt lat="58.77844803" lon="16.28209275">
<ele>113.7</ele>
<time>2023-08-27T10:16:39Z</time>
<extensions>
<tp1:TrackPointExtension>
<tp1:hr>155</tp1:hr>
</tp1:TrackPointExtension>
</extensions>
</trkpt>
<trkpt lat="58.77846689" lon="16.28212351">
<ele>113.9</ele>
<time>2023-08-27T10:16:40Z</time>
<extensions>
<tp1:TrackPointExtension>
<tp1:hr>155</tp1:hr>
</tp1:TrackPointExtension>
</extensions>
</trkpt>
<trkpt lat="58.77850637" lon="16.28220281">
<ele>114.1</ele>
<time>2023-08-27T10:16:42Z</time>
<extensions>
<tp1:TrackPointExtension>
<tp1:hr>161</tp1:hr>
</tp1:TrackPointExtension>
</extensions>
</trkpt>
<trkpt lat="58.77852825" lon="16.28224505">
<ele>114.1</ele>
<time>2023-08-27T10:16:43Z</time>
<extensions>
<tp1:TrackPointExtension>
<tp1:hr>165</tp1:hr>
</tp1:TrackPointExtension>
</extensions>
</trkpt>
<trkpt lat="58.7785637" lon="16.28229626">
<ele>114.2</ele>
<time>2023-08-27T10:16:45Z</time>
<extensions>
<tp1:TrackPointExtension>
<tp1:hr>165</tp1:hr>
</tp1:TrackPointExtension>
</extensions>
</trkpt>
<trkpt lat="58.77859186" lon="16.28235561">
<ele>114.6</ele>
<time>2023-08-27T10:16:48Z</time>
<extensions>
<tp1:TrackPointExtension>
<tp1:hr>164</tp1:hr>
</tp1:TrackPointExtension>
</extensions>
</trkpt>
<trkpt lat="58.77861684" lon="16.28236273">
<ele>114.8</ele>
<time>2023-08-27T10:16:50Z</time>
<extensions>
<tp1:TrackPointExtension>
<tp1:hr>165</tp1:hr>
</tp1:TrackPointExtension>
</extensions>
</trkpt>
<trkpt lat="58.77863956" lon="16.28237732">
<ele>114.8</ele>
<time>2023-08-27T10:16:51Z</time>
<extensions>
<tp1:TrackPointExtension>
<tp1:hr>165</tp1:hr>
</tp1:TrackPointExtension>
</extensions>
</trkpt>
<trkpt lat="58.77866403" lon="16.28239852">
<ele>115.2</ele>
<time>2023-08-27T10:16:53Z</time>
<extensions>
<tp1:TrackPointExtension>
<tp1:hr>166</tp1:hr>
</tp1:TrackPointExtension>
</extensions>
</trkpt>
<trkpt lat="58.77874601" lon="16.2824349">
<ele>115.6</ele>
<time>2023-08-27T10:16:57Z</time>
<extensions>
<tp1:TrackPointExtension>
<tp1:hr>163</tp1:hr>
</tp1:TrackPointExtension>
</extensions>
</trkpt>
<trkpt lat="58.77879538" lon="16.28241193">
<ele>115.6</ele>
<time>2023-08-27T10:16:58Z</time>
<extensions>
<tp1:TrackPointExtension>
<tp1:hr>162</tp1:hr>
</tp1:TrackPointExtension>
</extensions>
</trkpt>
<trkpt lat="58.77886721" lon="16.2823857">
<ele>116.2</ele>
<time>2023-08-27T10:17:02Z</time>
<extensions>
<tp1:TrackPointExtension>
<tp1:hr>162</tp1:hr>
</tp1:TrackPointExtension>
</extensions>
</trkpt>
<trkpt lat="58.77886721" lon="16.2823857">
<ele>116.2</ele>
<time>2023-08-27T10:17:03Z</time>
<extensions>
<tp1:TrackPointExtension>
<tp1:hr>162</tp1:hr>
</tp1:TrackPointExtension>
</extensions>
</trkpt>
<trkpt lat="58.77894156" lon="16.28234563">
<ele>116.6</ele>
<time>2023-08-27T10:17:09Z</time>
<extensions>
<tp1:TrackPointExtension>
<tp1:hr>163</tp1:hr>
</tp1:TrackPointExtension>
</extensions>
</trkpt>
<trkpt lat="58.77894524" lon="16.2823536">
<ele>116.8</ele>
<time>2023-08-27T10:17:10Z</time>
<extensions>
<tp1:TrackPointExtension>
<tp1:hr>163</tp1:hr>
</tp1:TrackPointExtension>
</extensions>
</trkpt>
<trkpt lat="58.77894885" lon="16.28236315">
<ele>117.0</ele>
<time>2023-08-27T10:17:12Z</time>
<extensions>
<tp1:TrackPointExtension>
<tp1:hr>164</tp1:hr>
</tp1:TrackPointExtension>
</extensions>
</trkpt>
<trkpt lat="58.7789636" lon="16.28245007">
<ele>117.2</ele>
<time>2023-08-27T10:17:15Z</time>
<extensions>
<tp1:TrackPointExtension>
<tp1:hr>163</tp1:hr>
</tp1:TrackPointExtension>
</extensions>
</trkpt>
<trkpt lat="58.77896042" lon="16.28247731">
<ele>117.2</ele>
<time>2023-08-27T10:17:16Z</time>
<extensions>
<tp1:TrackPointExtension>
<tp1:hr>161</tp1:hr>
</tp1:TrackPointExtension>
</extensions>
</trkpt>
<trkpt lat="58.7789569" lon="16.28256063">
<ele>117.3</ele>
<time>2023-08-27T10:17:20Z</time>
<extensions>
<tp1:TrackPointExtension>
<tp1:hr>160</tp1:hr>
</tp1:TrackPointExtension>
</extensions>
</trkpt>
<trkpt lat="58.77896553" lon="16.28258075">
<ele>117.5</ele>
<time>2023-08-27T10:17:21Z</time>
<extensions>
<tp1:TrackPointExtension>
<tp1:hr>160</tp1:hr>
</tp1:TrackPointExtension>
</extensions>
</trkpt>
<trkpt lat="58.77900853" lon="16.28263707">
<ele>117.7</ele>
<time>2023-08-27T10:17:25Z</time>
<extensions>
<tp1:TrackPointExtension>
<tp1:hr>160</tp1:hr>
</tp1:TrackPointExtension>
</extensions>
</trkpt>
<trkpt lat="58.77914214" lon="16.28269776">
<ele>117.7</ele>
<time>2023-08-27T10:17:30Z</time>
<extensions>
<tp1:TrackPointExtension>
<tp1:hr>160</tp1:hr>
</tp1:TrackPointExtension>
</extensions>
</trkpt>
<trkpt lat="58.77915865" lon="16.28274545">
<ele>117.9</ele>
<time>2023-08-27T10:17:31Z</time>
<extensions>
<tp1:TrackPointExtension>
<tp1:hr>161</tp1:hr>
</tp1:TrackPointExtension>
</extensions>
</trkpt>
<trkpt lat="58.77922461" lon="16.28290169">
<ele>117.9</ele>
<time>2023-08-27T10:17:35Z</time>
<extensions>
<tp1:TrackPointExtension>
<tp1:hr>158</tp1:hr>
</tp1:TrackPointExtension>
</extensions>
</trkpt>
<trkpt lat="58.77931246" lon="16.28302658">
<ele>117.9</ele>
<time>2023-08-27T10:17:38Z</time>
<extensions>
<tp1:TrackPointExtension>
<tp1:hr>159</tp1:hr>
</tp1:TrackPointExtension>
</extensions>
</trkpt>
<trkpt lat="58.77939426" lon="16.2831508">
<ele>117.7</ele>
<time>2023-08-27T10:17:42Z</time>
<extensions>
<tp1:TrackPointExtension>
<tp1:hr>159</tp1:hr>
</tp1:TrackPointExtension>
</extensions>
</trkpt>
<trkpt lat="58.77948814" lon="16.28325339">
<ele>117.7</ele>
<time>2023-08-27T10:17:46Z</time>
<extensions>
<tp1:TrackPointExtension>
<tp1:hr>160</tp1:hr>
</tp1:TrackPointExtension>
</extensions>
</trkpt>
<trkpt lat="58.77950591" lon="16.28329363">
<ele>117.7</ele>
<time>2023-08-27T10:17:47Z</time>
<extensions>
<tp1:TrackPointExtension>
<tp1:hr>160</tp1:hr>
</tp1:TrackPointExtension>
</extensions>
</trkpt>
<trkpt lat="58.77960892" lon="16.28346512">
<ele>117.4</ele>
<time>2023-08-27T10:17:52Z</time>
<extensions>
<tp1:TrackPointExtension>
<tp1:hr>160</tp1:hr>
</tp1:TrackPointExtension>
</extensions>
</trkpt>
<trkpt lat="58.77968444" lon="16.28360728">
<ele>117.4</ele>
<time>2023-08-27T10:17:57Z</time>
<extensions>
<tp1:TrackPointExtension>
<tp1:hr>160</tp1:hr>
</tp1:TrackPointExtension>
</extensions>
</trkpt>
<trkpt lat="58.77971152" lon="16.28362522">
<ele>117.4</ele>
<time>2023-08-27T10:17:58Z</time>
<extensions>
<tp1:TrackPointExtension>
<tp1:hr>161</tp1:hr>
</tp1:TrackPointExtension>
</extensions>
</trkpt>
<trkpt lat="58.77983968" lon="16.28366436">
<ele>117.2</ele>
<time>2023-08-27T10:18:03Z</time>
<extensions>
<tp1:TrackPointExtension>
<tp1:hr>159</tp1:hr>
</tp1:TrackPointExtension>
</extensions>
</trkpt>
<trkpt lat="58.77992551" lon="16.28371775">
<ele>117.4</ele>
<time>2023-08-27T10:18:07Z</time>
<extensions>
<tp1:TrackPointExtension>
<tp1:hr>156</tp1:hr>
</tp1:TrackPointExtension>
</extensions>
</trkpt>
<trkpt lat="58.77994219" lon="16.28375472">
<ele>117.4</ele>
<time>2023-08-27T10:18:08Z</time>
<extensions>
<tp1:TrackPointExtension>
<tp1:hr>157</tp1:hr>
</tp1:TrackPointExtension>
</extensions>
</trkpt>
<trkpt lat="58.78005157" lon="16.28402755">
<ele>117.4</ele>
<time>2023-08-27T10:18:14Z</time>
<extensions>
<tp1:TrackPointExtension>
<tp1:hr>154</tp1:hr>
</tp1:TrackPointExtension>
</extensions>
</trkpt>
<trkpt lat="58.78005157" lon="16.28402755">
<ele>117.4</ele>
<time>2023-08-27T10:18:15Z</time>
<extensions>
<tp1:TrackPointExtension>
<tp1:hr>154</tp1:hr>
</tp1:TrackPointExtension>
</extensions>
</trkpt>
<trkpt lat="58.78011854" lon="16.28413467">
<ele>117.4</ele>
<time>2023-08-27T10:18:17Z</time>
<extensions>
<tp1:TrackPointExtension>
<tp1:hr>154</tp1:hr>
</tp1:TrackPointExtension>
</extensions>
</trkpt>
<trkpt lat="58.78017881" lon="16.28409125">
<ele>117.4</ele>
<time>2023-08-27T10:18:19Z</time>
<extensions>
<tp1:TrackPointExtension>
<tp1:hr>155</tp1:hr>
</tp1:TrackPointExtension>
</extensions>
</trkpt>
<trkpt lat="58.78024662" lon="16.28405579">
<ele>117.4</ele>
<time>2023-08-27T10:18:21Z</time>
<extensions>
<tp1:TrackPointExtension>
<tp1:hr>156</tp1:hr>
</tp1:TrackPointExtension>
</extensions>
</trkpt>
<trkpt lat="58.78034284" lon="16.28410592">
<ele>117.3</ele>
<time>2023-08-27T10:18:24Z</time>
<extensions>
<tp1:TrackPointExtension>
<tp1:hr>155</tp1:hr>
</tp1:TrackPointExtension>
</extensions>
</trkpt>
<trkpt lat="58.78042096" lon="16.28411237">
<ele>117.3</ele>
<time>2023-08-27T10:18:27Z</time>
<extensions>
<tp1:TrackPointExtension>
<tp1:hr>155</tp1:hr>
</tp1:TrackPointExtension>
</extensions>
</trkpt>
<trkpt lat="58.78046673" lon="16.28411455">
<ele>117.3</ele>
<time>2023-08-27T10:18:29Z</time>
<extensions>
<tp1:TrackPointExtension>
<tp1:hr>155</tp1:hr>
</tp1:TrackPointExtension>
</extensions>
</trkpt>
<trkpt lat="58.78056899" lon="16.28425268">
<ele>117.3</ele>
<time>2023-08-27T10:18:34Z</time>
<extensions>
<tp1:TrackPointExtension>
<tp1:hr>156</tp1:hr>
</tp1:TrackPointExtension>
</extensions>
</trkpt>
<trkpt lat="58.78067913" lon="16.28438587">
<ele>117.3</ele>
<time>2023-08-27T10:18:38Z</time>
<extensions>
<tp1:TrackPointExtension>
<tp1:hr>158</tp1:hr>
</tp1:TrackPointExtension>
</extensions>
</trkpt>
<trkpt lat="58.78070762" lon="16.28439308">
<ele>117.5</ele>
<time>2023-08-27T10:18:39Z</time>
<extensions>
<tp1:TrackPointExtension>
<tp1:hr>159</tp1:hr>
</tp1:TrackPointExtension>
</extensions>
</trkpt>
<trkpt lat="58.78075968" lon="16.28439182">
<ele>117.5</ele>
<time>2023-08-27T10:18:41Z</time>
<extensions>
<tp1:TrackPointExtension>
<tp1:hr>160</tp1:hr>
</tp1:TrackPointExtension>
</extensions>
</trkpt>
<trkpt lat="58.7808181" lon="16.28444321">
<ele>117.5</ele>
<time>2023-08-27T10:18:43Z</time>
<extensions>
<tp1:TrackPointExtension>
<tp1:hr>161</tp1:hr>
</tp1:TrackPointExtension>
</extensions>
</trkpt>
<trkpt lat="58.78096445" lon="16.28450288">
<ele>117.5</ele>
<time>2023-08-27T10:18:48Z</time>
<extensions>
<tp1:TrackPointExtension>
<tp1:hr>162</tp1:hr>
</tp1:TrackPointExtension>
</extensions>
</trkpt>
<trkpt lat="58.78107794" lon="16.28464378">
<ele>117.4</ele>
<time>2023-08-27T10:18:54Z</time>
<extensions>
<tp1:TrackPointExtension>
<tp1:hr>163</tp1:hr>
</tp1:TrackPointExtension>
</extensions>
</trkpt>
<trkpt lat="58.78116695" lon="16.28492148">
<ele>117.6</ele>
<time>2023-08-27T10:19:00Z</time>
<extensions>
<tp1:TrackPointExtension>
<tp1:hr>162</tp1:hr>
</tp1:TrackPointExtension>
</extensions>
</trkpt>
<trkpt lat="58.78122495" lon="16.28506875">
<ele>117.6</ele>
<time>2023-08-27T10:19:03Z</time>
<extensions>
<tp1:TrackPointExtension>
<tp1:hr>159</tp1:hr>
</tp1:TrackPointExtension>
</extensions>
</trkpt>
<trkpt lat="58.78126016" lon="16.28515223">
<ele>117.6</ele>
<time>2023-08-27T10:19:05Z</time>
<extensions>
<tp1:TrackPointExtension>
<tp1:hr>160</tp1:hr>
</tp1:TrackPointExtension>
</extensions>
</trkpt>
<trkpt lat="58.7813055" lon="16.28525273">
<ele>117.8</ele>
<time>2023-08-27T10:19:08Z</time>
<extensions>
<tp1:TrackPointExtension>
<tp1:hr>163</tp1:hr>
</tp1:TrackPointExtension>
</extensions>
</trkpt>
<trkpt lat="58.781333" lon="16.28527628">
<ele>117.8</ele>
<time>2023-08-27T10:19:10Z</time>
<extensions>
<tp1:TrackPointExtension>
<tp1:hr>163</tp1:hr>
</tp1:TrackPointExtension>
</extensions>
</trkpt>
<trkpt lat="58.78137667" lon="16.28532808">
<ele>117.8</ele>
<time>2023-08-27T10:19:14Z</time>
<extensions>
<tp1:TrackPointExtension>
<tp1:hr>165</tp1:hr>
</tp1:TrackPointExtension>
</extensions>
</trkpt>
<trkpt lat="58.78138949" lon="16.28539748">
<ele>117.8</ele>
<time>2023-08-27T10:19:16Z</time>
<extensions>
<tp1:TrackPointExtension>
<tp1:hr>165</tp1:hr>
</tp1:TrackPointExtension>
</extensions>
</trkpt>
<trkpt lat="58.7814402" lon="16.28558683">
<ele>118.0</ele>
<time>2023-08-27T10:19:21Z</time>
<extensions>
<tp1:TrackPointExtension>
<tp1:hr>163</tp1:hr>
</tp1:TrackPointExtension>
</extensions>
</trkpt>
<trkpt lat="58.78145982" lon="16.28556806">
<ele>118.0</ele>
<time>2023-08-27T10:19:23Z</time>
<extensions>
<tp1:TrackPointExtension>
<tp1:hr>163</tp1:hr>
</tp1:TrackPointExtension>
</extensions>
</trkpt>
<trkpt lat="58.78146585" lon="16.28555154">
<ele>118.0</ele>
<time>2023-08-27T10:19:25Z</time>
<extensions>
<tp1:TrackPointExtension>
<tp1:hr>163</tp1:hr>
</tp1:TrackPointExtension>
</extensions>
</trkpt>
<trkpt lat="58.78150843" lon="16.28543562">
<ele>117.9</ele>
<time>2023-08-27T10:19:28Z</time>
<extensions>
<tp1:TrackPointExtension>
<tp1:hr>163</tp1:hr>
</tp1:TrackPointExtension>
</extensions>
</trkpt>
<trkpt lat="58.78151547" lon="16.28539774">
<ele>117.9</ele>
<time>2023-08-27T10:19:29Z</time>
<extensions>
<tp1:TrackPointExtension>
<tp1:hr>163</tp1:hr>
</tp1:TrackPointExtension>
</extensions>
</trkpt>
<trkpt lat="58.78158068" lon="16.28516505">
<ele>117.9</ele>
<time>2023-08-27T10:19:34Z</time>
<extensions>
<tp1:TrackPointExtension>
<tp1:hr>162</tp1:hr>
</tp1:TrackPointExtension>
</extensions>
</trkpt>
<trkpt lat="58.78162695" lon="16.2849462">
<ele>117.9</ele>
<time>2023-08-27T10:19:39Z</time>
<extensions>
<tp1:TrackPointExtension>
<tp1:hr>162</tp1:hr>
</tp1:TrackPointExtension>
</extensions>
</trkpt>
<trkpt lat="58.78164103" lon="16.28468368">
<ele>117.9</ele>
<time>2023-08-27T10:19:45Z</time>
<extensions>
<tp1:TrackPointExtension>
<tp1:hr>162</tp1:hr>
</tp1:TrackPointExtension>
</extensions>
</trkpt>
<trkpt lat="58.78165017" lon="16.28458989">
<ele>117.9</ele>
<time>2023-08-27T10:19:46Z</time>
<extensions>
<tp1:TrackPointExtension>
<tp1:hr>163</tp1:hr>
</tp1:TrackPointExtension>
</extensions>
</trkpt>
<trkpt lat="58.78166375" lon="16.2844976">
<ele>117.9</ele>
<time>2023-08-27T10:19:49Z</time>
<extensions>
<tp1:TrackPointExtension>
<tp1:hr>161</tp1:hr>
</tp1:TrackPointExtension>
</extensions>
</trkpt>
<trkpt lat="58.78174044" lon="16.28420566">
<ele>117.9</ele>
<time>2023-08-27T10:19:54Z</time>
<extensions>
<tp1:TrackPointExtension>
<tp1:hr>160</tp1:hr>
</tp1:TrackPointExtension>
</extensions>
</trkpt>
<trkpt lat="58.78179576" lon="16.28390844">
<ele>118.0</ele>
<time>2023-08-27T10:20:00Z</time>
<extensions>
<tp1:TrackPointExtension>
<tp1:hr>162</tp1:hr>
</tp1:TrackPointExtension>
</extensions>
</trkpt>
<trkpt lat="58.78182451" lon="16.28366964">
<ele>118.0</ele>
<time>2023-08-27T10:20:05Z</time>
<extensions>
<tp1:TrackPointExtension>
<tp1:hr>163</tp1:hr>
</tp1:TrackPointExtension>
</extensions>
</trkpt>
<trkpt lat="58.78180574" lon="16.28349605">
<ele>118.0</ele>
<time>2023-08-27T10:20:09Z</time>
<extensions>
<tp1:TrackPointExtension>
<tp1:hr>163</tp1:hr>
</tp1:TrackPointExtension>
</extensions>
</trkpt>
<trkpt lat="58.78180314" lon="16.28345448">
<ele>118.0</ele>
<time>2023-08-27T10:20:10Z</time>
<extensions>
<tp1:TrackPointExtension>
<tp1:hr>163</tp1:hr>
</tp1:TrackPointExtension>
</extensions>
</trkpt>
<trkpt lat="58.781764" lon="16.28328558">
<ele>118.0</ele>
<time>2023-08-27T10:20:14Z</time>
<extensions>
<tp1:TrackPointExtension>
<tp1:hr>160</tp1:hr>
</tp1:TrackPointExtension>
</extensions>
</trkpt>
<trkpt lat="58.7817365" lon="16.28319405">
<ele>117.8</ele>
<time>2023-08-27T10:20:16Z</time>
<extensions>
<tp1:TrackPointExtension>
<tp1:hr>160</tp1:hr>
</tp1:TrackPointExtension>
</extensions>
</trkpt>
<trkpt lat="58.78166903" lon="16.28295483">
<ele>117.8</ele>
<time>2023-08-27T10:20:22Z</time>
<extensions>
<tp1:TrackPointExtension>
<tp1:hr>162</tp1:hr>
</tp1:TrackPointExtension>
</extensions>
</trkpt>
<trkpt lat="58.78165537" lon="16.28276196">
<ele>117.8</ele>
<time>2023-08-27T10:20:27Z</time>
<extensions>
<tp1:TrackPointExtension>
<tp1:hr>164</tp1:hr>
</tp1:TrackPointExtension>
</extensions>
</trkpt>
<trkpt lat="58.78159225" lon="16.28259785">
<ele>117.9</ele>
<time>2023-08-27T10:20:32Z</time>
<extensions>
<tp1:TrackPointExtension>
<tp1:hr>164</tp1:hr>
</tp1:TrackPointExtension>
</extensions>
</trkpt>
<trkpt lat="58.78157775" lon="16.28254043">
<ele>117.9</ele>
<time>2023-08-27T10:20:33Z</time>
<extensions>
<tp1:TrackPointExtension>
<tp1:hr>164</tp1:hr>
</tp1:TrackPointExtension>
</extensions>
</trkpt>
<trkpt lat="58.78156434" lon="16.282408">
<ele>117.9</ele>
<time>2023-08-27T10:20:37Z</time>
<extensions>
<tp1:TrackPointExtension>
<tp1:hr>164</tp1:hr>
</tp1:TrackPointExtension>
</extensions>
</trkpt>
<trkpt lat="58.78154799" lon="16.2822469">
<ele>118.1</ele>
<time>2023-08-27T10:20:41Z</time>
<extensions>
<tp1:TrackPointExtension>
<tp1:hr>165</tp1:hr>
</tp1:TrackPointExtension>
</extensions>
</trkpt>
<trkpt lat="58.78154858" lon="16.28220331">
<ele>118.1</ele>
<time>2023-08-27T10:20:42Z</time>
<extensions>
<tp1:TrackPointExtension>
<tp1:hr>165</tp1:hr>
</tp1:TrackPointExtension>
</extensions>
</trkpt>
<trkpt lat="58.78156124" lon="16.28213357">
<ele>118.1</ele>
<time>2023-08-27T10:20:44Z</time>
<extensions>
<tp1:TrackPointExtension>
<tp1:hr>163</tp1:hr>
</tp1:TrackPointExtension>
</extensions>
</trkpt>
<trkpt lat="58.78159133" lon="16.28204104">
<ele>118.3</ele>
<time>2023-08-27T10:20:47Z</time>
<extensions>
<tp1:TrackPointExtension>
<tp1:hr>163</tp1:hr>
</tp1:TrackPointExtension>
</extensions>
</trkpt>
<trkpt lat="58.78157867" lon="16.28200659">
<ele>118.3</ele>
<time>2023-08-27T10:20:49Z</time>
<extensions>
<tp1:TrackPointExtension>
<tp1:hr>163</tp1:hr>
</tp1:TrackPointExtension>
</extensions>
</trkpt>
<trkpt lat="58.78152796" lon="16.28193928">
<ele>118.3</ele>
<time>2023-08-27T10:20:52Z</time>
<extensions>
<tp1:TrackPointExtension>
<tp1:hr>160</tp1:hr>
</tp1:TrackPointExtension>
</extensions>
</trkpt>
<trkpt lat="58.78146225" lon="16.28175655">
<ele>118.3</ele>
<time>2023-08-27T10:20:59Z</time>
<extensions>
<tp1:TrackPointExtension>
<tp1:hr>161</tp1:hr>
</tp1:TrackPointExtension>
</extensions>
</trkpt>
<trkpt lat="58.78141497" lon="16.28163074">
<ele>118.2</ele>
<time>2023-08-27T10:21:03Z</time>
<extensions>
<tp1:TrackPointExtension>
<tp1:hr>161</tp1:hr>
</tp1:TrackPointExtension>
</extensions>
</trkpt>
<trkpt lat="58.78139419" lon="16.28161297">
<ele>118.2</ele>
<time>2023-08-27T10:21:04Z</time>
<extensions>
<tp1:TrackPointExtension>
<tp1:hr>162</tp1:hr>
</tp1:TrackPointExtension>
</extensions>
</trkpt>
<trkpt lat="58.7813625" lon="16.28158447">
<ele>118.2</ele>
<time>2023-08-27T10:21:06Z</time>
<extensions>
<tp1:TrackPointExtension>
<tp1:hr>164</tp1:hr>
</tp1:TrackPointExtension>
</extensions>
</trkpt>
<trkpt lat="58.78131473" lon="16.28152882">
<ele>118.2</ele>
<time>2023-08-27T10:21:08Z</time>
<extensions>
<tp1:TrackPointExtension>
<tp1:hr>164</tp1:hr>
</tp1:TrackPointExtension>
</extensions>
</trkpt>
<trkpt lat="58.78125882" lon="16.28134064">
<ele>118.2</ele>
<time>2023-08-27T10:21:13Z</time>
<extensions>
<tp1:TrackPointExtension>
<tp1:hr>161</tp1:hr>
</tp1:TrackPointExtension>
</extensions>
</trkpt>
<trkpt lat="58.78125245" lon="16.28130091">
<ele>118.0</ele>
<time>2023-08-27T10:21:14Z</time>
<extensions>
<tp1:TrackPointExtension>
<tp1:hr>161</tp1:hr>
</tp1:TrackPointExtension>
</extensions>
</trkpt>
<trkpt lat="58.78124289" lon="16.28098944">
<ele>117.6</ele>
<time>2023-08-27T10:21:20Z</time>
<extensions>
<tp1:TrackPointExtension>
<tp1:hr>163</tp1:hr>
</tp1:TrackPointExtension>
</extensions>
</trkpt>
<trkpt lat="58.78119285" lon="16.28072172">
<ele>117.2</ele>
<time>2023-08-27T10:21:26Z</time>
<extensions>
<tp1:TrackPointExtension>
<tp1:hr>165</tp1:hr>
</tp1:TrackPointExtension>
</extensions>
</trkpt>
<trkpt lat="58.78115656" lon="16.2806255">
<ele>117.0</ele>
<time>2023-08-27T10:21:29Z</time>
<extensions>
<tp1:TrackPointExtension>
<tp1:hr>162</tp1:hr>
</tp1:TrackPointExtension>
</extensions>
</trkpt>
<trkpt lat="58.78110711" lon="16.28057697">
<ele>116.8</ele>
<time>2023-08-27T10:21:31Z</time>
<extensions>
<tp1:TrackPointExtension>
<tp1:hr>160</tp1:hr>
</tp1:TrackPointExtension>
</extensions>
</trkpt>
<trkpt lat="58.78102354" lon="16.28051151">
<ele>116.6</ele>
<time>2023-08-27T10:21:35Z</time>
<extensions>
<tp1:TrackPointExtension>
<tp1:hr>157</tp1:hr>
</tp1:TrackPointExtension>
</extensions>
</trkpt>
<trkpt lat="58.78100602" lon="16.28046934">
<ele>116.5</ele>
<time>2023-08-27T10:21:36Z</time>
<extensions>
<tp1:TrackPointExtension>
<tp1:hr>157</tp1:hr>
</tp1:TrackPointExtension>
</extensions>
</trkpt>
<trkpt lat="58.7809538" lon="16.28038033">
<ele>116.5</ele>
<time>2023-08-27T10:21:38Z</time>
<extensions>
<tp1:TrackPointExtension>
<tp1:hr>156</tp1:hr>
</tp1:TrackPointExtension>
</extensions>
</trkpt>
<trkpt lat="58.78088641" lon="16.2803582">
<ele>116.3</ele>
<time>2023-08-27T10:21:40Z</time>
<extensions>
<tp1:TrackPointExtension>
<tp1:hr>156</tp1:hr>
</tp1:TrackPointExtension>
</extensions>
</trkpt>
<trkpt lat="58.78081843" lon="16.2803261">
<ele>116.3</ele>
<time>2023-08-27T10:21:42Z</time>
<extensions>
<tp1:TrackPointExtension>
<tp1:hr>156</tp1:hr>
</tp1:TrackPointExtension>
</extensions>
</trkpt>
<trkpt lat="58.78072833" lon="16.2802463">
<ele>116.3</ele>
<time>2023-08-27T10:21:45Z</time>
<extensions>
<tp1:TrackPointExtension>
<tp1:hr>156</tp1:hr>
</tp1:TrackPointExtension>
</extensions>
</trkpt>
<trkpt lat="58.7806171" lon="16.28018361">
<ele>116.1</ele>
<time>2023-08-27T10:21:50Z</time>
<extensions>
<tp1:TrackPointExtension>
<tp1:hr>157</tp1:hr>
</tp1:TrackPointExtension>
</extensions>
</trkpt>
<trkpt lat="58.78042155" lon="16.28007531">
<ele>115.7</ele>
<time>2023-08-27T10:21:56Z</time>
<extensions>
<tp1:TrackPointExtension>
<tp1:hr>157</tp1:hr>
</tp1:TrackPointExtension>
</extensions>
</trkpt>
<trkpt lat="58.78036011" lon="16.27996651">
<ele>115.7</ele>
<time>2023-08-27T10:21:58Z</time>
<extensions>
<tp1:TrackPointExtension>
<tp1:hr>158</tp1:hr>
</tp1:TrackPointExtension>
</extensions>
</trkpt>
<trkpt lat="58.78034268" lon="16.27989845">
<ele>115.5</ele>
<time>2023-08-27T10:21:59Z</time>
<extensions>
<tp1:TrackPointExtension>
<tp1:hr>156</tp1:hr>
</tp1:TrackPointExtension>
</extensions>
</trkpt>
<trkpt lat="58.78033279" lon="16.27982184">
<ele>115.5</ele>
<time>2023-08-27T10:22:00Z</time>
<extensions>
<tp1:TrackPointExtension>
<tp1:hr>155</tp1:hr>
</tp1:TrackPointExtension>
</extensions>
</trkpt>
<trkpt lat="58.78031116" lon="16.27965219">
<ele>115.3</ele>
<time>2023-08-27T10:22:03Z</time>
<extensions>
<tp1:TrackPointExtension>
<tp1:hr>152</tp1:hr>
</tp1:TrackPointExtension>
</extensions>
</trkpt>
<trkpt lat="58.78029699" lon="16.27960643">
<ele>115.3</ele>
<time>2023-08-27T10:22:04Z</time>
<extensions>
<tp1:TrackPointExtension>
<tp1:hr>152</tp1:hr>
</tp1:TrackPointExtension>
</extensions>
</trkpt>
<trkpt lat="58.7802094" lon="16.27940803">
<ele>114.6</ele>
<time>2023-08-27T10:22:09Z</time>
<extensions>
<tp1:TrackPointExtension>
<tp1:hr>152</tp1:hr>
</tp1:TrackPointExtension>
</extensions>
</trkpt>
<trkpt lat="58.78014696" lon="16.27924651">
<ele>114.2</ele>
<time>2023-08-27T10:22:13Z</time>
<extensions>
<tp1:TrackPointExtension>
<tp1:hr>151</tp1:hr>
</tp1:TrackPointExtension>
</extensions>
</trkpt>
<trkpt lat="58.78012014" lon="16.27921097">
<ele>114.2</ele>
<time>2023-08-27T10:22:14Z</time>
<extensions>
<tp1:TrackPointExtension>
<tp1:hr>152</tp1:hr>
</tp1:TrackPointExtension>
</extensions>
</trkpt>
<trkpt lat="58.7800758" lon="16.27916395">
<ele>114.0</ele>
<time>2023-08-27T10:22:16Z</time>
<extensions>
<tp1:TrackPointExtension>
<tp1:hr>154</tp1:hr>
</tp1:TrackPointExtension>
</extensions>
</trkpt>
<trkpt lat="58.78003246" lon="16.27915096">
<ele>113.8</ele>
<time>2023-08-27T10:22:18Z</time>
<extensions>
<tp1:TrackPointExtension>
<tp1:hr>151</tp1:hr>
</tp1:TrackPointExtension>
</extensions>
</trkpt>
<trkpt lat="58.7800074" lon="16.27914676">
<ele>113.8</ele>
<time>2023-08-27T10:22:19Z</time>
<extensions>
<tp1:TrackPointExtension>
<tp1:hr>154</tp1:hr>
</tp1:TrackPointExtension>
</extensions>
</trkpt>
<trkpt lat="58.77995862" lon="16.27911944">
<ele>113.6</ele>
<time>2023-08-27T10:22:21Z</time>
<extensions>
<tp1:TrackPointExtension>
<tp1:hr>158</tp1:hr>
</tp1:TrackPointExtension>
</extensions>
</trkpt>
<trkpt lat="58.77991009" lon="16.27911726">
<ele>113.6</ele>
<time>2023-08-27T10:22:23Z</time>
<extensions>
<tp1:TrackPointExtension>
<tp1:hr>162</tp1:hr>
</tp1:TrackPointExtension>
</extensions>
</trkpt>
<trkpt lat="58.77978687" lon="16.27902238">
<ele>113.2</ele>
<time>2023-08-27T10:22:28Z</time>
<extensions>
<tp1:TrackPointExtension>
<tp1:hr>163</tp1:hr>
</tp1:TrackPointExtension>
</extensions>
</trkpt>
<trkpt lat="58.77969366" lon="16.27904803">
<ele>113.0</ele>
<time>2023-08-27T10:22:32Z</time>
<extensions>
<tp1:TrackPointExtension>
<tp1:hr>163</tp1:hr>
</tp1:TrackPointExtension>
</extensions>
</trkpt>
<trkpt lat="58.77965108" lon="16.27902816">
<ele>113.0</ele>
<time>2023-08-27T10:22:34Z</time>
<extensions>
<tp1:TrackPointExtension>
<tp1:hr>162</tp1:hr>
</tp1:TrackPointExtension>
</extensions>
</trkpt>
<trkpt lat="58.77958822" lon="16.27895775">
<ele>112.8</ele>
<time>2023-08-27T10:22:38Z</time>
<extensions>
<tp1:TrackPointExtension>
<tp1:hr>161</tp1:hr>
</tp1:TrackPointExtension>
</extensions>
</trkpt>
<trkpt lat="58.77953592" lon="16.27884527">
<ele>112.5</ele>
<time>2023-08-27T10:22:41Z</time>
<extensions>
<tp1:TrackPointExtension>
<tp1:hr>158</tp1:hr>
</tp1:TrackPointExtension>
</extensions>
</trkpt>
<trkpt lat="58.77948009" lon="16.27877067">
<ele>112.5</ele>
<time>2023-08-27T10:22:44Z</time>
<extensions>
<tp1:TrackPointExtension>
<tp1:hr>154</tp1:hr>
</tp1:TrackPointExtension>
</extensions>
</trkpt>
<trkpt lat="58.77937406" lon="16.2786011">
<ele>112.1</ele>
<time>2023-08-27T10:22:48Z</time>
<extensions>
<tp1:TrackPointExtension>
<tp1:hr>151</tp1:hr>
</tp1:TrackPointExtension>
</extensions>
</trkpt>
<trkpt lat="58.77935353" lon="16.27857411">
<ele>112.1</ele>
<time>2023-08-27T10:22:50Z</time>
<extensions>
<tp1:TrackPointExtension>
<tp1:hr>152</tp1:hr>
</tp1:TrackPointExtension>
</extensions>
</trkpt>
<trkpt lat="58.77928689" lon="16.27843137">
<ele>111.9</ele>
<time>2023-08-27T10:22:54Z</time>
<extensions>
<tp1:TrackPointExtension>
<tp1:hr>149</tp1:hr>
</tp1:TrackPointExtension>
</extensions>
</trkpt>
<trkpt lat="58.77926786" lon="16.27839239">
<ele>111.9</ele>
<time>2023-08-27T10:22:55Z</time>
<extensions>
<tp1:TrackPointExtension>
<tp1:hr>151</tp1:hr>
</tp1:TrackPointExtension>
</extensions>
</trkpt>
<trkpt lat="58.77922394" lon="16.27830874">
<ele>111.7</ele>
<time>2023-08-27T10:22:57Z</time>
<extensions>
<tp1:TrackPointExtension>
<tp1:hr>154</tp1:hr>
</tp1:TrackPointExtension>
</extensions>
</trkpt>
<trkpt lat="58.77914976" lon="16.27825107">
<ele>111.7</ele>
<time>2023-08-27T10:23:00Z</time>
<extensions>
<tp1:TrackPointExtension>
<tp1:hr>157</tp1:hr>
</tp1:TrackPointExtension>
</extensions>
</trkpt>
<trkpt lat="58.77904491" lon="16.27820489">
<ele>111.5</ele>
<time>2023-08-27T10:23:04Z</time>
<extensions>
<tp1:TrackPointExtension>
<tp1:hr>160</tp1:hr>
</tp1:TrackPointExtension>
</extensions>
</trkpt>
<trkpt lat="58.77900559" lon="16.27817279">
<ele>111.3</ele>
<time>2023-08-27T10:23:06Z</time>
<extensions>
<tp1:TrackPointExtension>
<tp1:hr>159</tp1:hr>
</tp1:TrackPointExtension>
</extensions>
</trkpt>
<trkpt lat="58.77895145" lon="16.27805217">
<ele>110.9</ele>
<time>2023-08-27T10:23:11Z</time>
<extensions>
<tp1:TrackPointExtension>
<tp1:hr>160</tp1:hr>
</tp1:TrackPointExtension>
</extensions>
</trkpt>
<trkpt lat="58.77894684" lon="16.27803122">
<ele>110.8</ele>
<time>2023-08-27T10:23:12Z</time>
<extensions>
<tp1:TrackPointExtension>
<tp1:hr>164</tp1:hr>
</tp1:TrackPointExtension>
</extensions>
</trkpt>
<trkpt lat="58.77886008" lon="16.27786165">
<ele>110.4</ele>
<time>2023-08-27T10:23:17Z</time>
<extensions>
<tp1:TrackPointExtension>
<tp1:hr>165</tp1:hr>
</tp1:TrackPointExtension>
</extensions>
</trkpt>
<trkpt lat="58.77873603" lon="16.27763995">
<ele>110.0</ele>
<time>2023-08-27T10:23:23Z</time>
<extensions>
<tp1:TrackPointExtension>
<tp1:hr>165</tp1:hr>
</tp1:TrackPointExtension>
</extensions>
</trkpt>
<trkpt lat="58.77864534" lon="16.27757457">
<ele>109.8</ele>
<time>2023-08-27T10:23:27Z</time>
<extensions>
<tp1:TrackPointExtension>
<tp1:hr>167</tp1:hr>
</tp1:TrackPointExtension>
</extensions>
</trkpt>
<trkpt lat="58.77860066" lon="16.2775848">
<ele>109.6</ele>
<time>2023-08-27T10:23:29Z</time>
<extensions>
<tp1:TrackPointExtension>
<tp1:hr>168</tp1:hr>
</tp1:TrackPointExtension>
</extensions>
</trkpt>
<trkpt lat="58.7785285" lon="16.2775599">
<ele>109.4</ele>
<time>2023-08-27T10:23:32Z</time>
<extensions>
<tp1:TrackPointExtension>
<tp1:hr>171</tp1:hr>
</tp1:TrackPointExtension>
</extensions>
</trkpt>
<trkpt lat="58.77848382" lon="16.27752244">
<ele>109.4</ele>
<time>2023-08-27T10:23:34Z</time>
<extensions>
<tp1:TrackPointExtension>
<tp1:hr>170</tp1:hr>
</tp1:TrackPointExtension>
</extensions>
</trkpt>
<trkpt lat="58.77845331" lon="16.27748757">
<ele>109.2</ele>
<time>2023-08-27T10:23:36Z</time>
<extensions>
<tp1:TrackPointExtension>
<tp1:hr>165</tp1:hr>
</tp1:TrackPointExtension>
</extensions>
</trkpt>
<trkpt lat="58.77843504" lon="16.2774677">
<ele>109.2</ele>
<time>2023-08-27T10:23:37Z</time>
<extensions>
<tp1:TrackPointExtension>
<tp1:hr>165</tp1:hr>
</tp1:TrackPointExtension>
</extensions>
</trkpt>
<trkpt lat="58.77839824" lon="16.27743032">
<ele>109.0</ele>
<time>2023-08-27T10:23:39Z</time>
<extensions>
<tp1:TrackPointExtension>
<tp1:hr>164</tp1:hr>
</tp1:TrackPointExtension>
</extensions>
</trkpt>
<trkpt lat="58.77830621" lon="16.27734373">
<ele>108.8</ele>
<time>2023-08-27T10:23:44Z</time>
<extensions>
<tp1:TrackPointExtension>
<tp1:hr>164</tp1:hr>
</tp1:TrackPointExtension>
</extensions>
</trkpt>
<trkpt lat="58.77824326" lon="16.27731624">
<ele>108.5</ele>
<time>2023-08-27T10:23:47Z</time>
<extensions>
<tp1:TrackPointExtension>
<tp1:hr>163</tp1:hr>
</tp1:TrackPointExtension>
</extensions>
</trkpt>
<trkpt lat="58.77811502" lon="16.27732764">
<ele>108.3</ele>
<time>2023-08-27T10:23:53Z</time>
<extensions>
<tp1:TrackPointExtension>
<tp1:hr>161</tp1:hr>
</tp1:TrackPointExtension>
</extensions>
</trkpt>
<trkpt lat="58.77808635" lon="16.27732445">
<ele>108.3</ele>
<time>2023-08-27T10:23:54Z</time>
<extensions>
<tp1:TrackPointExtension>
<tp1:hr>161</tp1:hr>
</tp1:TrackPointExtension>
</extensions>
</trkpt>
<trkpt lat="58.77800086" lon="16.27726846">
<ele>108.3</ele>
<time>2023-08-27T10:23:57Z</time>
<extensions>
<tp1:TrackPointExtension>
<tp1:hr>163</tp1:hr>
</tp1:TrackPointExtension>
</extensions>
</trkpt>
<trkpt lat="58.77796582" lon="16.27722731">
<ele>108.3</ele>
<time>2023-08-27T10:23:59Z</time>
<extensions>
<tp1:TrackPointExtension>
<tp1:hr>164</tp1:hr>
</tp1:TrackPointExtension>
</extensions>
</trkpt>
<trkpt lat="58.77793548" lon="16.27711424">
<ele>108.3</ele>
<time>2023-08-27T10:24:02Z</time>
<extensions>
<tp1:TrackPointExtension>
<tp1:hr>164</tp1:hr>
</tp1:TrackPointExtension>
</extensions>
</trkpt>
<trkpt lat="58.77784336" lon="16.27680101">
<ele>108.3</ele>
<time>2023-08-27T10:24:08Z</time>
<extensions>
<tp1:TrackPointExtension>
<tp1:hr>163</tp1:hr>
</tp1:TrackPointExtension>
</extensions>
</trkpt>
<trkpt lat="58.77782685" lon="16.27674594">
<ele>108.3</ele>
<time>2023-08-27T10:24:09Z</time>
<extensions>
<tp1:TrackPointExtension>
<tp1:hr>164</tp1:hr>
</tp1:TrackPointExtension>
</extensions>
</trkpt>
<trkpt lat="58.77770104" lon="16.2764472">
<ele>108.3</ele>
<time>2023-08-27T10:24:14Z</time>
<extensions>
<tp1:TrackPointExtension>
<tp1:hr>164</tp1:hr>
</tp1:TrackPointExtension>
</extensions>
</trkpt>
<trkpt lat="58.7776743" lon="16.27638736">
<ele>108.3</ele>
<time>2023-08-27T10:24:15Z</time>
<extensions>
<tp1:TrackPointExtension>
<tp1:hr>164</tp1:hr>
</tp1:TrackPointExtension>
</extensions>
</trkpt>
<trkpt lat="58.77755896" lon="16.27607002">
<ele>108.2</ele>
<time>2023-08-27T10:24:20Z</time>
<extensions>
<tp1:TrackPointExtension>
<tp1:hr>165</tp1:hr>
</tp1:TrackPointExtension>
</extensions>
</trkpt>
<trkpt lat="58.7775453" lon="16.27601621">
<ele>108.2</ele>
<time>2023-08-27T10:24:21Z</time>
<extensions>
<tp1:TrackPointExtension>
<tp1:hr>165</tp1:hr>
</tp1:TrackPointExtension>
</extensions>
</trkpt>
<trkpt lat="58.77744312" lon="16.27571287">
<ele>108.4</ele>
<time>2023-08-27T10:24:27Z</time>
<extensions>
<tp1:TrackPointExtension>
<tp1:hr>167</tp1:hr>
</tp1:TrackPointExtension>
</extensions>
</trkpt>
<trkpt lat="58.77731371" lon="16.27543082">
<ele>108.4</ele>
<time>2023-08-27T10:24:32Z</time>
<extensions>
<tp1:TrackPointExtension>
<tp1:hr>167</tp1:hr>
</tp1:TrackPointExtension>
</extensions>
</trkpt>
<trkpt lat="58.77728789" lon="16.2753708">
<ele>108.4</ele>
<time>2023-08-27T10:24:33Z</time>
<extensions>
<tp1:TrackPointExtension>
<tp1:hr>167</tp1:hr>
</tp1:TrackPointExtension>
</extensions>
</trkpt>
<trkpt lat="58.77719083" lon="16.27507919">
<ele>108.6</ele>
<time>2023-08-27T10:24:38Z</time>
<extensions>
<tp1:TrackPointExtension>
<tp1:hr>168</tp1:hr>
</tp1:TrackPointExtension>
</extensions>
</trkpt>
<trkpt lat="58.77708999" lon="16.27469447">
<ele>108.8</ele>
<time>2023-08-27T10:24:43Z</time>
<extensions>
<tp1:TrackPointExtension>
<tp1:hr>169</tp1:hr>
</tp1:TrackPointExtension>
</extensions>
</trkpt>
<trkpt lat="58.77708069" lon="16.2746373">
<ele>108.8</ele>
<time>2023-08-27T10:24:45Z</time>
<extensions>
<tp1:TrackPointExtension>
<tp1:hr>169</tp1:hr>
</tp1:TrackPointExtension>
</extensions>
</trkpt>
<trkpt lat="58.77706787" lon="16.27430228">
<ele>108.9</ele>
<time>2023-08-27T10:24:51Z</time>
<extensions>
<tp1:TrackPointExtension>
<tp1:hr>172</tp1:hr>
</tp1:TrackPointExtension>
</extensions>
</trkpt>
<trkpt lat="58.77706686" lon="16.27398217">
<ele>109.1</ele>
<time>2023-08-27T10:24:57Z</time>
<extensions>
<tp1:TrackPointExtension>
<tp1:hr>173</tp1:hr>
</tp1:TrackPointExtension>
</extensions>
</trkpt>
<trkpt lat="58.77706393" lon="16.27371948">
<ele>109.3</ele>
<time>2023-08-27T10:25:02Z</time>
<extensions>
<tp1:TrackPointExtension>
<tp1:hr>172</tp1:hr>
</tp1:TrackPointExtension>
</extensions>
</trkpt>
<trkpt lat="58.77705043" lon="16.27360884">
<ele>109.5</ele>
<time>2023-08-27T10:25:04Z</time>
<extensions>
<tp1:TrackPointExtension>
<tp1:hr>172</tp1:hr>
</tp1:TrackPointExtension>
</extensions>
</trkpt>
<trkpt lat="58.77697826" lon="16.27341505">
<ele>109.7</ele>
<time>2023-08-27T10:25:07Z</time>
<extensions>
<tp1:TrackPointExtension>
<tp1:hr>172</tp1:hr>
</tp1:TrackPointExtension>
</extensions>
</trkpt>
<trkpt lat="58.776847" lon="16.27317533">
<ele>109.9</ele>
<time>2023-08-27T10:25:12Z</time>
<extensions>
<tp1:TrackPointExtension>
<tp1:hr>168</tp1:hr>
</tp1:TrackPointExtension>
</extensions>
</trkpt>
<trkpt lat="58.77682454" lon="16.27314113">
<ele>110.1</ele>
<time>2023-08-27T10:25:13Z</time>
<extensions>
<tp1:TrackPointExtension>
<tp1:hr>168</tp1:hr>
</tp1:TrackPointExtension>
</extensions>
</trkpt>
<trkpt lat="58.77668951" lon="16.27294173">
<ele>110.5</ele>
<time>2023-08-27T10:25:18Z</time>
<extensions>
<tp1:TrackPointExtension>
<tp1:hr>167</tp1:hr>
</tp1:TrackPointExtension>
</extensions>
</trkpt>
<trkpt lat="58.77666109" lon="16.27291323">
<ele>110.5</ele>
<time>2023-08-27T10:25:19Z</time>
<extensions>
<tp1:TrackPointExtension>
<tp1:hr>167</tp1:hr>
</tp1:TrackPointExtension>
</extensions>
</trkpt>
<trkpt lat="58.77660125" lon="16.27286344">
<ele>110.7</ele>
<time>2023-08-27T10:25:21Z</time>
<extensions>
<tp1:TrackPointExtension>
<tp1:hr>164</tp1:hr>
</tp1:TrackPointExtension>
</extensions>
</trkpt>
<trkpt lat="58.77654525" lon="16.27281298">
<ele>110.8</ele>
<time>2023-08-27T10:25:23Z</time>
<extensions>
<tp1:TrackPointExtension>
<tp1:hr>164</tp1:hr>
</tp1:TrackPointExtension>
</extensions>
</trkpt>
<trkpt lat="58.77639773" lon="16.27269957">
<ele>111.0</ele>
<time>2023-08-27T10:25:28Z</time>
<extensions>
<tp1:TrackPointExtension>
<tp1:hr>161</tp1:hr>
</tp1:TrackPointExtension>
</extensions>
</trkpt>
<trkpt lat="58.77632448" lon="16.27263553">
<ele>111.2</ele>
<time>2023-08-27T10:25:30Z</time>
<extensions>
<tp1:TrackPointExtension>
<tp1:hr>162</tp1:hr>
</tp1:TrackPointExtension>
</extensions>
</trkpt>
<trkpt lat="58.77616379" lon="16.27248206">
<ele>111.4</ele>
<time>2023-08-27T10:25:35Z</time>
<extensions>
<tp1:TrackPointExtension>
<tp1:hr>162</tp1:hr>
</tp1:TrackPointExtension>
</extensions>
</trkpt>
<trkpt lat="58.77597193" lon="16.27231291">
<ele>111.8</ele>
<time>2023-08-27T10:25:41Z</time>
<extensions>
<tp1:TrackPointExtension>
<tp1:hr>163</tp1:hr>
</tp1:TrackPointExtension>
</extensions>
</trkpt>
<trkpt lat="58.775941" lon="16.27227939">
<ele>112.0</ele>
<time>2023-08-27T10:25:42Z</time>
<extensions>
<tp1:TrackPointExtension>
<tp1:hr>163</tp1:hr>
</tp1:TrackPointExtension>
</extensions>
</trkpt>
<trkpt lat="58.77576591" lon="16.27205601">
<ele>112.2</ele>
<time>2023-08-27T10:25:47Z</time>
<extensions>
<tp1:TrackPointExtension>
<tp1:hr>162</tp1:hr>
</tp1:TrackPointExtension>
</extensions>
</trkpt>
<trkpt lat="58.77572676" lon="16.27200874">
<ele>112.2</ele>
<time>2023-08-27T10:25:48Z</time>
<extensions>
<tp1:TrackPointExtension>
<tp1:hr>162</tp1:hr>
</tp1:TrackPointExtension>
</extensions>
</trkpt>
<trkpt lat="58.77555359" lon="16.27177689">
<ele>112.4</ele>
<time>2023-08-27T10:25:53Z</time>
<extensions>
<tp1:TrackPointExtension>
<tp1:hr>164</tp1:hr>
</tp1:TrackPointExtension>
</extensions>
</trkpt>
<trkpt lat="58.77551981" lon="16.2717344">
<ele>112.3</ele>
<time>2023-08-27T10:25:54Z</time>
<extensions>
<tp1:TrackPointExtension>
<tp1:hr>164</tp1:hr>
</tp1:TrackPointExtension>
</extensions>
</trkpt>
<trkpt lat="58.77535511" lon="16.27148084">
<ele>112.5</ele>
<time>2023-08-27T10:25:59Z</time>
<extensions>
<tp1:TrackPointExtension>
<tp1:hr>164</tp1:hr>
</tp1:TrackPointExtension>
</extensions>
</trkpt>
<trkpt lat="58.7753215" lon="16.27142997">
<ele>112.7</ele>
<time>2023-08-27T10:26:00Z</time>
<extensions>
<tp1:TrackPointExtension>
<tp1:hr>164</tp1:hr>
</tp1:TrackPointExtension>
</extensions>
</trkpt>
<trkpt lat="58.77517129" lon="16.27120927">
<ele>112.7</ele>
<time>2023-08-27T10:26:04Z</time>
<extensions>
<tp1:TrackPointExtension>
<tp1:hr>163</tp1:hr>
</tp1:TrackPointExtension>
</extensions>
</trkpt>
<trkpt lat="58.77517129" lon="16.27120927">
<ele>112.7</ele>
<time>2023-08-27T10:26:05Z</time>
<extensions>
<tp1:TrackPointExtension>
<tp1:hr>163</tp1:hr>
</tp1:TrackPointExtension>
</extensions>
</trkpt>
<trkpt lat="58.77499502" lon="16.27094474">
<ele>112.9</ele>
<time>2023-08-27T10:26:09Z</time>
<extensions>
<tp1:TrackPointExtension>
<tp1:hr>163</tp1:hr>
</tp1:TrackPointExtension>
</extensions>
</trkpt>
<trkpt lat="58.77492093" lon="16.27084298">
<ele>112.7</ele>
<time>2023-08-27T10:26:11Z</time>
<extensions>
<tp1:TrackPointExtension>
<tp1:hr>162</tp1:hr>
</tp1:TrackPointExtension>
</extensions>
</trkpt>
<trkpt lat="58.77477424" lon="16.27064575">
<ele>112.7</ele>
<time>2023-08-27T10:26:15Z</time>
<extensions>
<tp1:TrackPointExtension>
<tp1:hr>162</tp1:hr>
</tp1:TrackPointExtension>
</extensions>
</trkpt>
<trkpt lat="58.77468908" lon="16.27054467">
<ele>112.7</ele>
<time>2023-08-27T10:26:17Z</time>
<extensions>
<tp1:TrackPointExtension>
<tp1:hr>162</tp1:hr>
</tp1:TrackPointExtension>
</extensions>
</trkpt>
<trkpt lat="58.7745253" lon="16.27035758">
<ele>112.5</ele>
<time>2023-08-27T10:26:21Z</time>
<extensions>
<tp1:TrackPointExtension>
<tp1:hr>162</tp1:hr>
</tp1:TrackPointExtension>
</extensions>
</trkpt>
<trkpt lat="58.77445112" lon="16.27026706">
<ele>112.3</ele>
<time>2023-08-27T10:26:23Z</time>
<extensions>
<tp1:TrackPointExtension>
<tp1:hr>162</tp1:hr>
</tp1:TrackPointExtension>
</extensions>
</trkpt>
<trkpt lat="58.77433059" lon="16.27000948">
<ele>112.0</ele>
<time>2023-08-27T10:26:27Z</time>
<extensions>
<tp1:TrackPointExtension>
<tp1:hr>162</tp1:hr>
</tp1:TrackPointExtension>
</extensions>
</trkpt>
<trkpt lat="58.77430536" lon="16.26994855">
<ele>111.8</ele>
<time>2023-08-27T10:26:28Z</time>
<extensions>
<tp1:TrackPointExtension>
<tp1:hr>163</tp1:hr>
</tp1:TrackPointExtension>
</extensions>
</trkpt>
<trkpt lat="58.77426881" lon="16.2698058">
<ele>111.8</ele>
<time>2023-08-27T10:26:30Z</time>
<extensions>
<tp1:TrackPointExtension>
<tp1:hr>163</tp1:hr>
</tp1:TrackPointExtension>
</extensions>
</trkpt>
<trkpt lat="58.7742347" lon="16.26962651">
<ele>111.4</ele>
<time>2023-08-27T10:26:33Z</time>
<extensions>
<tp1:TrackPointExtension>
<tp1:hr>161</tp1:hr>
</tp1:TrackPointExtension>
</extensions>
</trkpt>
<trkpt lat="58.77422313" lon="16.26955669">
<ele>111.4</ele>
<time>2023-08-27T10:26:34Z</time>
<extensions>
<tp1:TrackPointExtension>
<tp1:hr>160</tp1:hr>
</tp1:TrackPointExtension>
</extensions>
</trkpt>
<trkpt lat="58.77420008" lon="16.26941395">
<ele>111.2</ele>
<time>2023-08-27T10:26:36Z</time>
<extensions>
<tp1:TrackPointExtension>
<tp1:hr>159</tp1:hr>
</tp1:TrackPointExtension>
</extensions>
</trkpt>
<trkpt lat="58.7741736" lon="16.26923894">
<ele>111.0</ele>
<time>2023-08-27T10:26:39Z</time>
<extensions>
<tp1:TrackPointExtension>
<tp1:hr>158</tp1:hr>
</tp1:TrackPointExtension>
</extensions>
</trkpt>
<trkpt lat="58.7741523" lon="16.26911488">
<ele>110.8</ele>
<time>2023-08-27T10:26:42Z</time>
<extensions>
<tp1:TrackPointExtension>
<tp1:hr>157</tp1:hr>
</tp1:TrackPointExtension>
</extensions>
</trkpt>
<trkpt lat="58.77413261" lon="16.26891087">
<ele>110.4</ele>
<time>2023-08-27T10:26:45Z</time>
<extensions>
<tp1:TrackPointExtension>
<tp1:hr>156</tp1:hr>
</tp1:TrackPointExtension>
</extensions>
</trkpt>
<trkpt lat="58.77410411" lon="16.26869931">
<ele>110.2</ele>
<time>2023-08-27T10:26:48Z</time>
<extensions>
<tp1:TrackPointExtension>
<tp1:hr>155</tp1:hr>
</tp1:TrackPointExtension>
</extensions>
</trkpt>
<trkpt lat="58.77407863" lon="16.26851558">
<ele>110.0</ele>
<time>2023-08-27T10:26:51Z</time>
<extensions>
<tp1:TrackPointExtension>
<tp1:hr>155</tp1:hr>
</tp1:TrackPointExtension>
</extensions>
</trkpt>
<trkpt lat="58.77402632" lon="16.26822355">
<ele>109.4</ele>
<time>2023-08-27T10:26:57Z</time>
<extensions>
<tp1:TrackPointExtension>
<tp1:hr>156</tp1:hr>
</tp1:TrackPointExtension>
</extensions>
</trkpt>
<trkpt lat="58.77401065" lon="16.26811953">
<ele>109.3</ele>
<time>2023-08-27T10:27:00Z</time>
<extensions>
<tp1:TrackPointExtension>
<tp1:hr>159</tp1:hr>
</tp1:TrackPointExtension>
</extensions>
</trkpt>
<trkpt lat="58.77398659" lon="16.26801744">
<ele>109.1</ele>
<time>2023-08-27T10:27:02Z</time>
<extensions>
<tp1:TrackPointExtension>
<tp1:hr>155</tp1:hr>
</tp1:TrackPointExtension>
</extensions>
</trkpt>
<trkpt lat="58.77397511" lon="16.26796162">
<ele>109.1</ele>
<time>2023-08-27T10:27:03Z</time>
<extensions>
<tp1:TrackPointExtension>
<tp1:hr>155</tp1:hr>
</tp1:TrackPointExtension>
</extensions>
</trkpt>
<trkpt lat="58.77390487" lon="16.26766657">
<ele>108.7</ele>
<time>2023-08-27T10:27:09Z</time>
<extensions>
<tp1:TrackPointExtension>
<tp1:hr>156</tp1:hr>
</tp1:TrackPointExtension>
</extensions>
</trkpt>
<trkpt lat="58.77382943" lon="16.26736424">
<ele>108.5</ele>
<time>2023-08-27T10:27:14Z</time>
<extensions>
<tp1:TrackPointExtension>
<tp1:hr>157</tp1:hr>
</tp1:TrackPointExtension>
</extensions>
</trkpt>
<trkpt lat="58.77375827" lon="16.26698119">
<ele>108.5</ele>
<time>2023-08-27T10:27:19Z</time>
<extensions>
<tp1:TrackPointExtension>
<tp1:hr>157</tp1:hr>
</tp1:TrackPointExtension>
</extensions>
</trkpt>
<trkpt lat="58.77374201" lon="16.2668718">
<ele>108.5</ele>
<time>2023-08-27T10:27:20Z</time>
<extensions>
<tp1:TrackPointExtension>
<tp1:hr>157</tp1:hr>
</tp1:TrackPointExtension>
</extensions>
</trkpt>
<trkpt lat="58.77369675" lon="16.26659964">
<ele>108.3</ele>
<time>2023-08-27T10:27:23Z</time>
<extensions>
<tp1:TrackPointExtension>
<tp1:hr>157</tp1:hr>
</tp1:TrackPointExtension>
</extensions>
</trkpt>
<trkpt lat="58.7736649" lon="16.26645371">
<ele>108.3</ele>
<time>2023-08-27T10:27:25Z</time>
<extensions>
<tp1:TrackPointExtension>
<tp1:hr>158</tp1:hr>
</tp1:TrackPointExtension>
</extensions>
</trkpt>
<trkpt lat="58.77364537" lon="16.26637626">
<ele>108.3</ele>
<time>2023-08-27T10:27:26Z</time>
<extensions>
<tp1:TrackPointExtension>
<tp1:hr>158</tp1:hr>
</tp1:TrackPointExtension>
</extensions>
</trkpt>
<trkpt lat="58.77357689" lon="16.26610167">
<ele>108.3</ele>
<time>2023-08-27T10:27:30Z</time>
<extensions>
<tp1:TrackPointExtension>
<tp1:hr>158</tp1:hr>
</tp1:TrackPointExtension>
</extensions>
</trkpt>
<trkpt lat="58.77355392" lon="16.26597947">
<ele>108.2</ele>
<time>2023-08-27T10:27:32Z</time>
<extensions>
<tp1:TrackPointExtension>
<tp1:hr>157</tp1:hr>
</tp1:TrackPointExtension>
</extensions>
</trkpt>
<trkpt lat="58.77349785" lon="16.26576941">
<ele>108.2</ele>
<time>2023-08-27T10:27:36Z</time>
<extensions>
<tp1:TrackPointExtension>
<tp1:hr>157</tp1:hr>
</tp1:TrackPointExtension>
</extensions>
</trkpt>
<trkpt lat="58.77339257" lon="16.26548569">
<ele>108.2</ele>
<time>2023-08-27T10:27:41Z</time>
<extensions>
<tp1:TrackPointExtension>
<tp1:hr>157</tp1:hr>
</tp1:TrackPointExtension>
</extensions>
</trkpt>
<trkpt lat="58.77326709" lon="16.26520246">
<ele>108.2</ele>
<time>2023-08-27T10:27:46Z</time>
<extensions>
<tp1:TrackPointExtension>
<tp1:hr>157</tp1:hr>
</tp1:TrackPointExtension>
</extensions>
</trkpt>
<trkpt lat="58.77325946" lon="16.26513365">
<ele>108.2</ele>
<time>2023-08-27T10:27:47Z</time>
<extensions>
<tp1:TrackPointExtension>
<tp1:hr>157</tp1:hr>
</tp1:TrackPointExtension>
</extensions>
</trkpt>
<trkpt lat="58.77326751" lon="16.26497615">
<ele>108.2</ele>
<time>2023-08-27T10:27:50Z</time>
<extensions>
<tp1:TrackPointExtension>
<tp1:hr>157</tp1:hr>
</tp1:TrackPointExtension>
</extensions>
</trkpt>
<trkpt lat="58.77326919" lon="16.26476208">
<ele>108.2</ele>
<time>2023-08-27T10:27:55Z</time>
<extensions>
<tp1:TrackPointExtension>
<tp1:hr>159</tp1:hr>
</tp1:TrackPointExtension>
</extensions>
</trkpt>
<trkpt lat="58.77330163" lon="16.26454415">
<ele>108.4</ele>
<time>2023-08-27T10:27:59Z</time>
<extensions>
<tp1:TrackPointExtension>
<tp1:hr>159</tp1:hr>
</tp1:TrackPointExtension>
</extensions>
</trkpt>
<trkpt lat="58.77330163" lon="16.26454415">
<ele>108.4</ele>
<time>2023-08-27T10:28:00Z</time>
<extensions>
<tp1:TrackPointExtension>
<tp1:hr>159</tp1:hr>
</tp1:TrackPointExtension>
</extensions>
</trkpt>
<trkpt lat="58.77334404" lon="16.26447483">
<ele>108.4</ele>
<time>2023-08-27T10:28:02Z</time>
<extensions>
<tp1:TrackPointExtension>
<tp1:hr>159</tp1:hr>
</tp1:TrackPointExtension>
</extensions>
</trkpt>
<trkpt lat="58.77341453" lon="16.26433535">
<ele>108.3</ele>
<time>2023-08-27T10:28:05Z</time>
<extensions>
<tp1:TrackPointExtension>
<tp1:hr>159</tp1:hr>
</tp1:TrackPointExtension>
</extensions>
</trkpt>
<trkpt lat="58.77352274" lon="16.2640414">
<ele>108.3</ele>
<time>2023-08-27T10:28:10Z</time>
<extensions>
<tp1:TrackPointExtension>
<tp1:hr>159</tp1:hr>
</tp1:TrackPointExtension>
</extensions>
</trkpt>
<trkpt lat="58.77361125" lon="16.26378676">
<ele>108.3</ele>
<time>2023-08-27T10:28:14Z</time>
<extensions>
<tp1:TrackPointExtension>
<tp1:hr>159</tp1:hr>
</tp1:TrackPointExtension>
</extensions>
</trkpt>
<trkpt lat="58.77364864" lon="16.26362365">
<ele>108.5</ele>
<time>2023-08-27T10:28:18Z</time>
<extensions>
<tp1:TrackPointExtension>
<tp1:hr>159</tp1:hr>
</tp1:TrackPointExtension>
</extensions>
</trkpt>
<trkpt lat="58.77367672" lon="16.26344503">
<ele>108.5</ele>
<time>2023-08-27T10:28:23Z</time>
<extensions>
<tp1:TrackPointExtension>
<tp1:hr>157</tp1:hr>
</tp1:TrackPointExtension>
</extensions>
</trkpt>
<trkpt lat="58.77371502" lon="16.26328049">
<ele>108.7</ele>
<time>2023-08-27T10:28:27Z</time>
<extensions>
<tp1:TrackPointExtension>
<tp1:hr>160</tp1:hr>
</tp1:TrackPointExtension>
</extensions>
</trkpt>
<trkpt lat="58.7737452" lon="16.26321101">
<ele>108.7</ele>
<time>2023-08-27T10:28:29Z</time>
<extensions>
<tp1:TrackPointExtension>
<tp1:hr>160</tp1:hr>
</tp1:TrackPointExtension>
</extensions>
</trkpt>
<trkpt lat="58.77376716" lon="16.26297313">
<ele>108.9</ele>
<time>2023-08-27T10:28:35Z</time>
<extensions>
<tp1:TrackPointExtension>
<tp1:hr>160</tp1:hr>
</tp1:TrackPointExtension>
</extensions>
</trkpt>
<trkpt lat="58.77374939" lon="16.26285997">
<ele>109.0</ele>
<time>2023-08-27T10:28:40Z</time>
<extensions>
<tp1:TrackPointExtension>
<tp1:hr>160</tp1:hr>
</tp1:TrackPointExtension>
</extensions>
</trkpt>
<trkpt lat="58.77375081" lon="16.26279174">
<ele>109.2</ele>
<time>2023-08-27T10:28:43Z</time>
<extensions>
<tp1:TrackPointExtension>
<tp1:hr>161</tp1:hr>
</tp1:TrackPointExtension>
</extensions>
</trkpt>
<trkpt lat="58.77370882" lon="16.26271865">
<ele>109.6</ele>
<time>2023-08-27T10:28:46Z</time>
<extensions>
<tp1:TrackPointExtension>
<tp1:hr>162</tp1:hr>
</tp1:TrackPointExtension>
</extensions>
</trkpt>
<trkpt lat="58.77369423" lon="16.26269116">
<ele>109.6</ele>
<time>2023-08-27T10:28:47Z</time>
<extensions>
<tp1:TrackPointExtension>
<tp1:hr>162</tp1:hr>
</tp1:TrackPointExtension>
</extensions>
</trkpt>
<trkpt lat="58.77368401" lon="16.26262654">
<ele>109.8</ele>
<time>2023-08-27T10:28:49Z</time>
<extensions>
<tp1:TrackPointExtension>
<tp1:hr>162</tp1:hr>
</tp1:TrackPointExtension>
</extensions>
</trkpt>
<trkpt lat="58.77368652" lon="16.26253651">
<ele>110.0</ele>
<time>2023-08-27T10:28:51Z</time>
<extensions>
<tp1:TrackPointExtension>
<tp1:hr>160</tp1:hr>
</tp1:TrackPointExtension>
</extensions>
</trkpt>
<trkpt lat="58.77369692" lon="16.26230911">
<ele>110.4</ele>
<time>2023-08-27T10:28:56Z</time>
<extensions>
<tp1:TrackPointExtension>
<tp1:hr>163</tp1:hr>
</tp1:TrackPointExtension>
</extensions>
</trkpt>
<trkpt lat="58.77366951" lon="16.26224868">
<ele>110.4</ele>
<time>2023-08-27T10:28:57Z</time>
<extensions>
<tp1:TrackPointExtension>
<tp1:hr>162</tp1:hr>
</tp1:TrackPointExtension>
</extensions>
</trkpt>
<trkpt lat="58.77358971" lon="16.2620543">
<ele>110.8</ele>
<time>2023-08-27T10:29:01Z</time>
<extensions>
<tp1:TrackPointExtension>
<tp1:hr>161</tp1:hr>
</tp1:TrackPointExtension>
</extensions>
</trkpt>
<trkpt lat="58.77357496" lon="16.26199965">
<ele>110.8</ele>
<time>2023-08-27T10:29:02Z</time>
<extensions>
<tp1:TrackPointExtension>
<tp1:hr>162</tp1:hr>
</tp1:TrackPointExtension>
</extensions>
</trkpt>
<trkpt lat="58.77355115" lon="16.26187049">
<ele>111.0</ele>
<time>2023-08-27T10:29:05Z</time>
<extensions>
<tp1:TrackPointExtension>
<tp1:hr>162</tp1:hr>
</tp1:TrackPointExtension>
</extensions>
</trkpt>
<trkpt lat="58.7735245" lon="16.26179656">
<ele>111.2</ele>
<time>2023-08-27T10:29:07Z</time>
<extensions>
<tp1:TrackPointExtension>
<tp1:hr>165</tp1:hr>
</tp1:TrackPointExtension>
</extensions>
</trkpt>
<trkpt lat="58.77349433" lon="16.26164686">
<ele>111.3</ele>
<time>2023-08-27T10:29:11Z</time>
<extensions>
<tp1:TrackPointExtension>
<tp1:hr>168</tp1:hr>
</tp1:TrackPointExtension>
</extensions>
</trkpt>
<trkpt lat="58.77349726" lon="16.26159883">
<ele>111.3</ele>
<time>2023-08-27T10:29:12Z</time>
<extensions>
<tp1:TrackPointExtension>
<tp1:hr>167</tp1:hr>
</tp1:TrackPointExtension>
</extensions>
</trkpt>
<trkpt lat="58.77351679" lon="16.26137009">
<ele>111.7</ele>
<time>2023-08-27T10:29:17Z</time>
<extensions>
<tp1:TrackPointExtension>
<tp1:hr>165</tp1:hr>
</tp1:TrackPointExtension>
</extensions>
</trkpt>
<trkpt lat="58.77351386" lon="16.26133933">
<ele>111.9</ele>
<time>2023-08-27T10:29:18Z</time>
<extensions>
<tp1:TrackPointExtension>
<tp1:hr>164</tp1:hr>
</tp1:TrackPointExtension>
</extensions>
</trkpt>
<trkpt lat="58.77351218" lon="16.26130647">
<ele>111.9</ele>
<time>2023-08-27T10:29:19Z</time>
<extensions>
<tp1:TrackPointExtension>
<tp1:hr>160</tp1:hr>
</tp1:TrackPointExtension>
</extensions>
</trkpt>
<trkpt lat="58.77347865" lon="16.26104973">
<ele>112.3</ele>
<time>2023-08-27T10:29:25Z</time>
<extensions>
<tp1:TrackPointExtension>
<tp1:hr>161</tp1:hr>
</tp1:TrackPointExtension>
</extensions>
</trkpt>
<trkpt lat="58.77347463" lon="16.26091093">
<ele>112.7</ele>
<time>2023-08-27T10:29:29Z</time>
<extensions>
<tp1:TrackPointExtension>
<tp1:hr>162</tp1:hr>
</tp1:TrackPointExtension>
</extensions>
</trkpt>
<trkpt lat="58.77346625" lon="16.26079995">
<ele>112.7</ele>
<time>2023-08-27T10:29:31Z</time>
<extensions>
<tp1:TrackPointExtension>
<tp1:hr>163</tp1:hr>
</tp1:TrackPointExtension>
</extensions>
</trkpt>
<trkpt lat="58.7734095" lon="16.26059602">
<ele>112.7</ele>
<time>2023-08-27T10:29:34Z</time>
<extensions>
<tp1:TrackPointExtension>
<tp1:hr>165</tp1:hr>
</tp1:TrackPointExtension>
</extensions>
</trkpt>
<trkpt lat="58.77341344" lon="16.26035655">
<ele>112.7</ele>
<time>2023-08-27T10:29:38Z</time>
<extensions>
<tp1:TrackPointExtension>
<tp1:hr>164</tp1:hr>
</tp1:TrackPointExtension>
</extensions>
</trkpt>
<trkpt lat="58.77351687" lon="16.26003443">
<ele>112.6</ele>
<time>2023-08-27T10:29:44Z</time>
<extensions>
<tp1:TrackPointExtension>
<tp1:hr>164</tp1:hr>
</tp1:TrackPointExtension>
</extensions>
</trkpt>
<trkpt lat="58.77354914" lon="16.25974216">
<ele>112.6</ele>
<time>2023-08-27T10:29:50Z</time>
<extensions>
<tp1:TrackPointExtension>
<tp1:hr>163</tp1:hr>
</tp1:TrackPointExtension>
</extensions>
</trkpt>
<trkpt lat="58.77353841" lon="16.25967468">
<ele>112.4</ele>
<time>2023-08-27T10:29:52Z</time>
<extensions>
<tp1:TrackPointExtension>
<tp1:hr>163</tp1:hr>
</tp1:TrackPointExtension>
</extensions>
</trkpt>
<trkpt lat="58.77350262" lon="16.25956278">
<ele>112.2</ele>
<time>2023-08-27T10:29:55Z</time>
<extensions>
<tp1:TrackPointExtension>
<tp1:hr>163</tp1:hr>
</tp1:TrackPointExtension>
</extensions>
</trkpt>
<trkpt lat="58.7734473" lon="16.25937126">
<ele>111.6</ele>
<time>2023-08-27T10:30:00Z</time>
<extensions>
<tp1:TrackPointExtension>
<tp1:hr>162</tp1:hr>
</tp1:TrackPointExtension>
</extensions>
</trkpt>
<trkpt lat="58.7734473" lon="16.25937126">
<ele>111.6</ele>
<time>2023-08-27T10:30:01Z</time>
<extensions>
<tp1:TrackPointExtension>
<tp1:hr>162</tp1:hr>
</tp1:TrackPointExtension>
</extensions>
</trkpt>
<trkpt lat="58.77342601" lon="16.25920035">
<ele>111.2</ele>
<time>2023-08-27T10:30:05Z</time>
<extensions>
<tp1:TrackPointExtension>
<tp1:hr>162</tp1:hr>
</tp1:TrackPointExtension>
</extensions>
</trkpt>
<trkpt lat="58.77341545" lon="16.25898594">
<ele>110.6</ele>
<time>2023-08-27T10:30:09Z</time>
<extensions>
<tp1:TrackPointExtension>
<tp1:hr>164</tp1:hr>
</tp1:TrackPointExtension>
</extensions>
</trkpt>
<trkpt lat="58.77341696" lon="16.25893649">
<ele>110.6</ele>
<time>2023-08-27T10:30:10Z</time>
<extensions>
<tp1:TrackPointExtension>
<tp1:hr>162</tp1:hr>
</tp1:TrackPointExtension>
</extensions>
</trkpt>
<trkpt lat="58.77339383" lon="16.25869182">
<ele>109.9</ele>
<time>2023-08-27T10:30:14Z</time>
<extensions>
<tp1:TrackPointExtension>
<tp1:hr>161</tp1:hr>
</tp1:TrackPointExtension>
</extensions>
</trkpt>
<trkpt lat="58.77337824" lon="16.25858478">
<ele>109.5</ele>
<time>2023-08-27T10:30:16Z</time>
<extensions>
<tp1:TrackPointExtension>
<tp1:hr>159</tp1:hr>
</tp1:TrackPointExtension>
</extensions>
</trkpt>
<trkpt lat="58.77339684" lon="16.25851588">
<ele>109.3</ele>
<time>2023-08-27T10:30:18Z</time>
<extensions>
<tp1:TrackPointExtension>
<tp1:hr>159</tp1:hr>
</tp1:TrackPointExtension>
</extensions>
</trkpt>
<trkpt lat="58.77341671" lon="16.25831639">
<ele>108.5</ele>
<time>2023-08-27T10:30:24Z</time>
<extensions>
<tp1:TrackPointExtension>
<tp1:hr>158</tp1:hr>
</tp1:TrackPointExtension>
</extensions>
</trkpt>
<trkpt lat="58.77342735" lon="16.25824724">
<ele>108.3</ele>
<time>2023-08-27T10:30:26Z</time>
<extensions>
<tp1:TrackPointExtension>
<tp1:hr>156</tp1:hr>
</tp1:TrackPointExtension>
</extensions>
</trkpt>
<trkpt lat="58.7734587" lon="16.25813945">
<ele>107.7</ele>
<time>2023-08-27T10:30:30Z</time>
<extensions>
<tp1:TrackPointExtension>
<tp1:hr>154</tp1:hr>
</tp1:TrackPointExtension>
</extensions>
</trkpt>
<trkpt lat="58.77347027" lon="16.25800802">
<ele>102.1</ele>
<time>2023-08-27T10:30:34Z</time>
<extensions>
<tp1:TrackPointExtension>
<tp1:hr>154</tp1:hr>
</tp1:TrackPointExtension>
</extensions>
</trkpt>
<trkpt lat="58.77347605" lon="16.25797508">
<ele>99.7</ele>
<time>2023-08-27T10:30:35Z</time>
<extensions>
<tp1:TrackPointExtension>
<tp1:hr>156</tp1:hr>
</tp1:TrackPointExtension>
</extensions>
</trkpt>
<trkpt lat="58.77348318" lon="16.25793996">
<ele>98.5</ele>
<time>2023-08-27T10:30:36Z</time>
<extensions>
<tp1:TrackPointExtension>
<tp1:hr>157</tp1:hr>
</tp1:TrackPointExtension>
</extensions>
</trkpt>
<trkpt lat="58.77350698" lon="16.25782756">
<ele>99.5</ele>
<time>2023-08-27T10:30:41Z</time>
<extensions>
<tp1:TrackPointExtension>
<tp1:hr>157</tp1:hr>
</tp1:TrackPointExtension>
</extensions>
</trkpt>
<trkpt lat="58.77352676" lon="16.25773762">
<ele>100.8</ele>
<time>2023-08-27T10:30:45Z</time>
<extensions>
<tp1:TrackPointExtension>
<tp1:hr>157</tp1:hr>
</tp1:TrackPointExtension>
</extensions>
</trkpt>
<trkpt lat="58.77353758" lon="16.25769722">
<ele>101.6</ele>
<time>2023-08-27T10:30:47Z</time>
<extensions>
<tp1:TrackPointExtension>
<tp1:hr>157</tp1:hr>
</tp1:TrackPointExtension>
</extensions>
</trkpt>
<trkpt lat="58.77354361" lon="16.25767627">
<ele>102.0</ele>
<time>2023-08-27T10:30:48Z</time>
<extensions>
<tp1:TrackPointExtension>
<tp1:hr>157</tp1:hr>
</tp1:TrackPointExtension>
</extensions>
</trkpt>
<trkpt lat="58.77356532" lon="16.25758306">
<ele>103.0</ele>
<time>2023-08-27T10:30:52Z</time>
<extensions>
<tp1:TrackPointExtension>
<tp1:hr>158</tp1:hr>
</tp1:TrackPointExtension>
</extensions>
</trkpt>
<trkpt lat="58.773568" lon="16.257573">
<ele>103.2</ele>
<time>2023-08-27T10:30:53Z</time>
<extensions>
<tp1:TrackPointExtension>
<tp1:hr>157</tp1:hr>
</tp1:TrackPointExtension>
</extensions>
</trkpt>
<trkpt lat="58.77356633" lon="16.25756831">
<ele>103.4</ele>
<time>2023-08-27T10:30:54Z</time>
<extensions>
<tp1:TrackPointExtension>
<tp1:hr>157</tp1:hr>
</tp1:TrackPointExtension>
</extensions>
</trkpt>
<trkpt lat="58.77355769" lon="16.2575523">
<ele>103.8</ele>
<time>2023-08-27T10:30:56Z</time>
<extensions>
<tp1:TrackPointExtension>
<tp1:hr>155</tp1:hr>
</tp1:TrackPointExtension>
</extensions>
</trkpt>
<trkpt lat="58.77354889" lon="16.25753436">
<ele>104.2</ele>
<time>2023-08-27T10:30:57Z</time>
<extensions>
<tp1:TrackPointExtension>
<tp1:hr>153</tp1:hr>
</tp1:TrackPointExtension>
</extensions>
</trkpt>
<trkpt lat="58.7735276" lon="16.25747762">
<ele>104.6</ele>
<time>2023-08-27T10:31:00Z</time>
<extensions>
<tp1:TrackPointExtension>
<tp1:hr>155</tp1:hr>
</tp1:TrackPointExtension>
</extensions>
</trkpt>
<trkpt lat="58.77351101" lon="16.2574482">
<ele>104.6</ele>
<time>2023-08-27T10:31:02Z</time>
<extensions>
<tp1:TrackPointExtension>
<tp1:hr>157</tp1:hr>
</tp1:TrackPointExtension>
</extensions>
</trkpt>
<trkpt lat="58.773496" lon="16.25741366">
<ele>104.4</ele>
<time>2023-08-27T10:31:05Z</time>
<extensions>
<tp1:TrackPointExtension>
<tp1:hr>159</tp1:hr>
</tp1:TrackPointExtension>
</extensions>
</trkpt>
<trkpt lat="58.77349391" lon="16.25739832">
<ele>104.2</ele>
<time>2023-08-27T10:31:06Z</time>
<extensions>
<tp1:TrackPointExtension>
<tp1:hr>159</tp1:hr>
</tp1:TrackPointExtension>
</extensions>
</trkpt>
<trkpt lat="58.77348661" lon="16.25726681">
<ele>104.6</ele>
<time>2023-08-27T10:31:12Z</time>
<extensions>
<tp1:TrackPointExtension>
<tp1:hr>157</tp1:hr>
</tp1:TrackPointExtension>
</extensions>
</trkpt>
<trkpt lat="58.77348888" lon="16.25720655">
<ele>105.2</ele>
<time>2023-08-27T10:31:15Z</time>
<extensions>
<tp1:TrackPointExtension>
<tp1:hr>158</tp1:hr>
</tp1:TrackPointExtension>
</extensions>
</trkpt>
<trkpt lat="58.77350522" lon="16.25712583">
<ele>105.7</ele>
<time>2023-08-27T10:31:18Z</time>
<extensions>
<tp1:TrackPointExtension>
<tp1:hr>159</tp1:hr>
</tp1:TrackPointExtension>
</extensions>
</trkpt>
<trkpt lat="58.77351025" lon="16.25701695">
<ele>106.1</ele>
<time>2023-08-27T10:31:21Z</time>
<extensions>
<tp1:TrackPointExtension>
<tp1:hr>159</tp1:hr>
</tp1:TrackPointExtension>
</extensions>
</trkpt>
<trkpt lat="58.77351168" lon="16.2569887">
<ele>106.5</ele>
<time>2023-08-27T10:31:22Z</time>
<extensions>
<tp1:TrackPointExtension>
<tp1:hr>159</tp1:hr>
</tp1:TrackPointExtension>
</extensions>
</trkpt>
<trkpt lat="58.77350908" lon="16.25693849">
<ele>106.9</ele>
<time>2023-08-27T10:31:24Z</time>
<extensions>
<tp1:TrackPointExtension>
<tp1:hr>159</tp1:hr>
</tp1:TrackPointExtension>
</extensions>
</trkpt>
<trkpt lat="58.77350816" lon="16.25692014">
<ele>107.3</ele>
<time>2023-08-27T10:31:25Z</time>
<extensions>
<tp1:TrackPointExtension>
<tp1:hr>159</tp1:hr>
</tp1:TrackPointExtension>
</extensions>
</trkpt>
<trkpt lat="58.77350581" lon="16.25683322">
<ele>108.3</ele>
<time>2023-08-27T10:31:29Z</time>
<extensions>
<tp1:TrackPointExtension>
<tp1:hr>159</tp1:hr>
</tp1:TrackPointExtension>
</extensions>
</trkpt>
<trkpt lat="58.77350581" lon="16.25680069">
<ele>108.7</ele>
<time>2023-08-27T10:31:30Z</time>
<extensions>
<tp1:TrackPointExtension>
<tp1:hr>160</tp1:hr>
</tp1:TrackPointExtension>
</extensions>
</trkpt>
<trkpt lat="58.77350631" lon="16.25673205">
<ele>109.5</ele>
<time>2023-08-27T10:31:32Z</time>
<extensions>
<tp1:TrackPointExtension>
<tp1:hr>160</tp1:hr>
</tp1:TrackPointExtension>
</extensions>
</trkpt>
<trkpt lat="58.77353179" lon="16.2565375">
<ele>109.9</ele>
<time>2023-08-27T10:31:37Z</time>
<extensions>
<tp1:TrackPointExtension>
<tp1:hr>161</tp1:hr>
</tp1:TrackPointExtension>
</extensions>
</trkpt>
<trkpt lat="58.77358217" lon="16.25626316">
<ele>110.1</ele>
<time>2023-08-27T10:31:43Z</time>
<extensions>
<tp1:TrackPointExtension>
<tp1:hr>162</tp1:hr>
</tp1:TrackPointExtension>
</extensions>
</trkpt>
<trkpt lat="58.7736913" lon="16.25609804">
<ele>110.1</ele>
<time>2023-08-27T10:31:49Z</time>
<extensions>
<tp1:TrackPointExtension>
<tp1:hr>162</tp1:hr>
</tp1:TrackPointExtension>
</extensions>
</trkpt>
<trkpt lat="58.77380563" lon="16.25596217">
<ele>109.8</ele>
<time>2023-08-27T10:31:55Z</time>
<extensions>
<tp1:TrackPointExtension>
<tp1:hr>164</tp1:hr>
</tp1:TrackPointExtension>
</extensions>
</trkpt>
<trkpt lat="58.77384435" lon="16.25578246">
<ele>109.6</ele>
<time>2023-08-27T10:31:59Z</time>
<extensions>
<tp1:TrackPointExtension>
<tp1:hr>161</tp1:hr>
</tp1:TrackPointExtension>
</extensions>
</trkpt>
<trkpt lat="58.77387386" lon="16.25565656">
<ele>110.6</ele>
<time>2023-08-27T10:32:02Z</time>
<extensions>
<tp1:TrackPointExtension>
<tp1:hr>161</tp1:hr>
</tp1:TrackPointExtension>
</extensions>
</trkpt>
<trkpt lat="58.77391644" lon="16.25547007">
<ele>110.8</ele>
<time>2023-08-27T10:32:07Z</time>
<extensions>
<tp1:TrackPointExtension>
<tp1:hr>162</tp1:hr>
</tp1:TrackPointExtension>
</extensions>
</trkpt>
<trkpt lat="58.77394603" lon="16.25522951">
<ele>110.4</ele>
<time>2023-08-27T10:32:12Z</time>
<extensions>
<tp1:TrackPointExtension>
<tp1:hr>163</tp1:hr>
</tp1:TrackPointExtension>
</extensions>
</trkpt>
<trkpt lat="58.77397218" lon="16.25504536">
<ele>111.8</ele>
<time>2023-08-27T10:32:16Z</time>
<extensions>
<tp1:TrackPointExtension>
<tp1:hr>161</tp1:hr>
</tp1:TrackPointExtension>
</extensions>
</trkpt>
<trkpt lat="58.77398735" lon="16.25496212">
<ele>112.0</ele>
<time>2023-08-27T10:32:18Z</time>
<extensions>
<tp1:TrackPointExtension>
<tp1:hr>161</tp1:hr>
</tp1:TrackPointExtension>
</extensions>
</trkpt>
<trkpt lat="58.77406455" lon="16.25480153">
<ele>112.5</ele>
<time>2023-08-27T10:32:23Z</time>
<extensions>
<tp1:TrackPointExtension>
<tp1:hr>165</tp1:hr>
</tp1:TrackPointExtension>
</extensions>
</trkpt>
<trkpt lat="58.77407989" lon="16.25476875">
<ele>112.5</ele>
<time>2023-08-27T10:32:24Z</time>
<extensions>
<tp1:TrackPointExtension>
<tp1:hr>167</tp1:hr>
</tp1:TrackPointExtension>
</extensions>
</trkpt>
<trkpt lat="58.77409439" lon="16.25473187">
<ele>112.3</ele>
<time>2023-08-27T10:32:25Z</time>
<extensions>
<tp1:TrackPointExtension>
<tp1:hr>163</tp1:hr>
</tp1:TrackPointExtension>
</extensions>
</trkpt>
<trkpt lat="58.77415507" lon="16.25451235">
<ele>111.9</ele>
<time>2023-08-27T10:32:30Z</time>
<extensions>
<tp1:TrackPointExtension>
<tp1:hr>163</tp1:hr>
</tp1:TrackPointExtension>
</extensions>
</trkpt>
<trkpt lat="58.77420461" lon="16.25417724">
<ele>111.7</ele>
<time>2023-08-27T10:32:37Z</time>
<extensions>
<tp1:TrackPointExtension>
<tp1:hr>164</tp1:hr>
</tp1:TrackPointExtension>
</extensions>
</trkpt>
<trkpt lat="58.77423604" lon="16.25396694">
<ele>112.5</ele>
<time>2023-08-27T10:32:42Z</time>
<extensions>
<tp1:TrackPointExtension>
<tp1:hr>164</tp1:hr>
</tp1:TrackPointExtension>
</extensions>
</trkpt>
<trkpt lat="58.77427024" lon="16.25375689">
<ele>112.9</ele>
<time>2023-08-27T10:32:46Z</time>
<extensions>
<tp1:TrackPointExtension>
<tp1:hr>163</tp1:hr>
</tp1:TrackPointExtension>
</extensions>
</trkpt>
<trkpt lat="58.77428424" lon="16.25370811">
<ele>112.9</ele>
<time>2023-08-27T10:32:47Z</time>
<extensions>
<tp1:TrackPointExtension>
<tp1:hr>164</tp1:hr>
</tp1:TrackPointExtension>
</extensions>
</trkpt>
<trkpt lat="58.77431424" lon="16.25336571">
<ele>113.7</ele>
<time>2023-08-27T10:32:53Z</time>
<extensions>
<tp1:TrackPointExtension>
<tp1:hr>164</tp1:hr>
</tp1:TrackPointExtension>
</extensions>
</trkpt>
<trkpt lat="58.77433151" lon="16.25308567">
<ele>113.6</ele>
<time>2023-08-27T10:32:58Z</time>
<extensions>
<tp1:TrackPointExtension>
<tp1:hr>164</tp1:hr>
</tp1:TrackPointExtension>
</extensions>
</trkpt>
<trkpt lat="58.77434484" lon="16.25273958">
<ele>113.6</ele>
<time>2023-08-27T10:33:05Z</time>
<extensions>
<tp1:TrackPointExtension>
<tp1:hr>161</tp1:hr>
</tp1:TrackPointExtension>
</extensions>
</trkpt>
<trkpt lat="58.77436713" lon="16.25244428">
<ele>113.6</ele>
<time>2023-08-27T10:33:10Z</time>
<extensions>
<tp1:TrackPointExtension>
<tp1:hr>160</tp1:hr>
</tp1:TrackPointExtension>
</extensions>
</trkpt>
<trkpt lat="58.77443695" lon="16.25207615">
<ele>113.6</ele>
<time>2023-08-27T10:33:17Z</time>
<extensions>
<tp1:TrackPointExtension>
<tp1:hr>161</tp1:hr>
</tp1:TrackPointExtension>
</extensions>
</trkpt>
<trkpt lat="58.77449278" lon="16.25178622">
<ele>113.6</ele>
<time>2023-08-27T10:33:23Z</time>
<extensions>
<tp1:TrackPointExtension>
<tp1:hr>160</tp1:hr>
</tp1:TrackPointExtension>
</extensions>
</trkpt>
<trkpt lat="58.77452128" lon="16.25165965">
<ele>113.8</ele>
<time>2023-08-27T10:33:26Z</time>
<extensions>
<tp1:TrackPointExtension>
<tp1:hr>160</tp1:hr>
</tp1:TrackPointExtension>
</extensions>
</trkpt>
<trkpt lat="58.77454835" lon="16.25147249">
<ele>113.7</ele>
<time>2023-08-27T10:33:30Z</time>
<extensions>
<tp1:TrackPointExtension>
<tp1:hr>160</tp1:hr>
</tp1:TrackPointExtension>
</extensions>
</trkpt>
<trkpt lat="58.77456394" lon="16.25125824">
<ele>113.9</ele>
<time>2023-08-27T10:33:35Z</time>
<extensions>
<tp1:TrackPointExtension>
<tp1:hr>162</tp1:hr>
</tp1:TrackPointExtension>
</extensions>
</trkpt>
<trkpt lat="58.7745766" lon="16.25101601">
<ele>114.1</ele>
<time>2023-08-27T10:33:40Z</time>
<extensions>
<tp1:TrackPointExtension>
<tp1:hr>161</tp1:hr>
</tp1:TrackPointExtension>
</extensions>
</trkpt>
<trkpt lat="58.77457115" lon="16.25091928">
<ele>114.1</ele>
<time>2023-08-27T10:33:42Z</time>
<extensions>
<tp1:TrackPointExtension>
<tp1:hr>164</tp1:hr>
</tp1:TrackPointExtension>
</extensions>
</trkpt>
<trkpt lat="58.77457341" lon="16.25077595">
<ele>114.3</ele>
<time>2023-08-27T10:33:45Z</time>
<extensions>
<tp1:TrackPointExtension>
<tp1:hr>165</tp1:hr>
</tp1:TrackPointExtension>
</extensions>
</trkpt>
<trkpt lat="58.77455791" lon="16.25057328">
<ele>114.5</ele>
<time>2023-08-27T10:33:49Z</time>
<extensions>
<tp1:TrackPointExtension>
<tp1:hr>162</tp1:hr>
</tp1:TrackPointExtension>
</extensions>
</trkpt>
<trkpt lat="58.77454307" lon="16.25052441">
<ele>114.5</ele>
<time>2023-08-27T10:33:50Z</time>
<extensions>
<tp1:TrackPointExtension>
<tp1:hr>162</tp1:hr>
</tp1:TrackPointExtension>
</extensions>
</trkpt>
<trkpt lat="58.77449873" lon="16.25043338">
<ele>114.7</ele>
<time>2023-08-27T10:33:52Z</time>
<extensions>
<tp1:TrackPointExtension>
<tp1:hr>163</tp1:hr>
</tp1:TrackPointExtension>
</extensions>
</trkpt>
<trkpt lat="58.77441189" lon="16.25034629">
<ele>114.7</ele>
<time>2023-08-27T10:33:55Z</time>
<extensions>
<tp1:TrackPointExtension>
<tp1:hr>163</tp1:hr>
</tp1:TrackPointExtension>
</extensions>
</trkpt>
<trkpt lat="58.77425104" lon="16.25016323">
<ele>115.0</ele>
<time>2023-08-27T10:34:00Z</time>
<extensions>
<tp1:TrackPointExtension>
<tp1:hr>163</tp1:hr>
</tp1:TrackPointExtension>
</extensions>
</trkpt>
<trkpt lat="58.77424752" lon="16.25013876">
<ele>115.0</ele>
<time>2023-08-27T10:34:02Z</time>
<extensions>
<tp1:TrackPointExtension>
<tp1:hr>163</tp1:hr>
</tp1:TrackPointExtension>
</extensions>
</trkpt>
<trkpt lat="58.77427795" lon="16.25005469">
<ele>115.0</ele>
<time>2023-08-27T10:34:04Z</time>
<extensions>
<tp1:TrackPointExtension>
<tp1:hr>163</tp1:hr>
</tp1:TrackPointExtension>
</extensions>
</trkpt>
<trkpt lat="58.77438758" lon="16.24992519">
<ele>115.2</ele>
<time>2023-08-27T10:34:09Z</time>
<extensions>
<tp1:TrackPointExtension>
<tp1:hr>163</tp1:hr>
</tp1:TrackPointExtension>
</extensions>
</trkpt>
<trkpt lat="58.77444919" lon="16.24994053">
<ele>115.2</ele>
<time>2023-08-27T10:34:13Z</time>
<extensions>
<tp1:TrackPointExtension>
<tp1:hr>164</tp1:hr>
</tp1:TrackPointExtension>
</extensions>
</trkpt>
<trkpt lat="58.77446629" lon="16.24991639">
<ele>115.2</ele>
<time>2023-08-27T10:34:14Z</time>
<extensions>
<tp1:TrackPointExtension>
<tp1:hr>164</tp1:hr>
</tp1:TrackPointExtension>
</extensions>
</trkpt>
<trkpt lat="58.77452086" lon="16.24981237">
<ele>115.2</ele>
<time>2023-08-27T10:34:17Z</time>
<extensions>
<tp1:TrackPointExtension>
<tp1:hr>163</tp1:hr>
</tp1:TrackPointExtension>
</extensions>
</trkpt>
<trkpt lat="58.77456687" lon="16.24978303">
<ele>115.2</ele>
<time>2023-08-27T10:34:19Z</time>
<extensions>
<tp1:TrackPointExtension>
<tp1:hr>163</tp1:hr>
</tp1:TrackPointExtension>
</extensions>
</trkpt>
<trkpt lat="58.77469629" lon="16.24975973">
<ele>115.2</ele>
<time>2023-08-27T10:34:24Z</time>
<extensions>
<tp1:TrackPointExtension>
<tp1:hr>162</tp1:hr>
</tp1:TrackPointExtension>
</extensions>
</trkpt>
<trkpt lat="58.77480626" lon="16.2496796">
<ele>115.0</ele>
<time>2023-08-27T10:34:29Z</time>
<extensions>
<tp1:TrackPointExtension>
<tp1:hr>162</tp1:hr>
</tp1:TrackPointExtension>
</extensions>
</trkpt>
<trkpt lat="58.77496921" lon="16.24953576">
<ele>114.7</ele>
<time>2023-08-27T10:34:35Z</time>
<extensions>
<tp1:TrackPointExtension>
<tp1:hr>160</tp1:hr>
</tp1:TrackPointExtension>
</extensions>
</trkpt>
<trkpt lat="58.77509058" lon="16.24932362">
<ele>114.5</ele>
<time>2023-08-27T10:34:41Z</time>
<extensions>
<tp1:TrackPointExtension>
<tp1:hr>158</tp1:hr>
</tp1:TrackPointExtension>
</extensions>
</trkpt>
<trkpt lat="58.77522737" lon="16.2491849">
<ele>114.3</ele>
<time>2023-08-27T10:34:46Z</time>
<extensions>
<tp1:TrackPointExtension>
<tp1:hr>159</tp1:hr>
</tp1:TrackPointExtension>
</extensions>
</trkpt>
<trkpt lat="58.77533206" lon="16.24906462">
<ele>113.9</ele>
<time>2023-08-27T10:34:51Z</time>
<extensions>
<tp1:TrackPointExtension>
<tp1:hr>160</tp1:hr>
</tp1:TrackPointExtension>
</extensions>
</trkpt>
<trkpt lat="58.77537833" lon="16.24885809">
<ele>113.7</ele>
<time>2023-08-27T10:34:56Z</time>
<extensions>
<tp1:TrackPointExtension>
<tp1:hr>159</tp1:hr>
</tp1:TrackPointExtension>
</extensions>
</trkpt>
<trkpt lat="58.77540112" lon="16.24858123">
<ele>113.5</ele>
<time>2023-08-27T10:35:01Z</time>
<extensions>
<tp1:TrackPointExtension>
<tp1:hr>161</tp1:hr>
</tp1:TrackPointExtension>
</extensions>
</trkpt>
<trkpt lat="58.77541487" lon="16.24855072">
<ele>113.3</ele>
<time>2023-08-27T10:35:02Z</time>
<extensions>
<tp1:TrackPointExtension>
<tp1:hr>160</tp1:hr>
</tp1:TrackPointExtension>
</extensions>
</trkpt>
<trkpt lat="58.77546282" lon="16.24841586">
<ele>113.0</ele>
<time>2023-08-27T10:35:07Z</time>
<extensions>
<tp1:TrackPointExtension>
<tp1:hr>159</tp1:hr>
</tp1:TrackPointExtension>
</extensions>
</trkpt>
<trkpt lat="58.77547069" lon="16.24834277">
<ele>112.8</ele>
<time>2023-08-27T10:35:09Z</time>
<extensions>
<tp1:TrackPointExtension>
<tp1:hr>158</tp1:hr>
</tp1:TrackPointExtension>
</extensions>
</trkpt>
<trkpt lat="58.77549274" lon="16.24825384">
<ele>112.8</ele>
<time>2023-08-27T10:35:11Z</time>
<extensions>
<tp1:TrackPointExtension>
<tp1:hr>157</tp1:hr>
</tp1:TrackPointExtension>
</extensions>
</trkpt>
<trkpt lat="58.77550833" lon="16.24814671">
<ele>112.4</ele>
<time>2023-08-27T10:35:14Z</time>
<extensions>
<tp1:TrackPointExtension>
<tp1:hr>156</tp1:hr>
</tp1:TrackPointExtension>
</extensions>
</trkpt>
<trkpt lat="58.77551327" lon="16.24808033">
<ele>112.4</ele>
<time>2023-08-27T10:35:16Z</time>
<extensions>
<tp1:TrackPointExtension>
<tp1:hr>155</tp1:hr>
</tp1:TrackPointExtension>
</extensions>
</trkpt>
<trkpt lat="58.7755266" lon="16.24790791">
<ele>111.8</ele>
<time>2023-08-27T10:35:22Z</time>
<extensions>
<tp1:TrackPointExtension>
<tp1:hr>155</tp1:hr>
</tp1:TrackPointExtension>
</extensions>
</trkpt>
<trkpt lat="58.775552" lon="16.2477391">
<ele>111.2</ele>
<time>2023-08-27T10:35:27Z</time>
<extensions>
<tp1:TrackPointExtension>
<tp1:hr>156</tp1:hr>
</tp1:TrackPointExtension>
</extensions>
</trkpt>
<trkpt lat="58.77555342" lon="16.24769057">
<ele>111.2</ele>
<time>2023-08-27T10:35:28Z</time>
<extensions>
<tp1:TrackPointExtension>
<tp1:hr>157</tp1:hr>
</tp1:TrackPointExtension>
</extensions>
</trkpt>
<trkpt lat="58.77559064" lon="16.2473869">
<ele>110.6</ele>
<time>2023-08-27T10:35:34Z</time>
<extensions>
<tp1:TrackPointExtension>
<tp1:hr>157</tp1:hr>
</tp1:TrackPointExtension>
</extensions>
</trkpt>
<trkpt lat="58.77559517" lon="16.24719889">
<ele>110.3</ele>
<time>2023-08-27T10:35:37Z</time>
<extensions>
<tp1:TrackPointExtension>
<tp1:hr>160</tp1:hr>
</tp1:TrackPointExtension>
</extensions>
</trkpt>
<trkpt lat="58.77560212" lon="16.2471408">
<ele>110.1</ele>
<time>2023-08-27T10:35:38Z</time>
<extensions>
<tp1:TrackPointExtension>
<tp1:hr>159</tp1:hr>
</tp1:TrackPointExtension>
</extensions>
</trkpt>
<trkpt lat="58.77560011" lon="16.24707626">
<ele>110.1</ele>
<time>2023-08-27T10:35:39Z</time>
<extensions>
<tp1:TrackPointExtension>
<tp1:hr>159</tp1:hr>
</tp1:TrackPointExtension>
</extensions>
</trkpt>
<trkpt lat="58.77562165" lon="16.24698071">
<ele>109.9</ele>
<time>2023-08-27T10:35:41Z</time>
<extensions>
<tp1:TrackPointExtension>
<tp1:hr>159</tp1:hr>
</tp1:TrackPointExtension>
</extensions>
</trkpt>
<trkpt lat="58.77566088" lon="16.24684609">
<ele>109.7</ele>
<time>2023-08-27T10:35:44Z</time>
<extensions>
<tp1:TrackPointExtension>
<tp1:hr>163</tp1:hr>
</tp1:TrackPointExtension>
</extensions>
</trkpt>
<trkpt lat="58.77569516" lon="16.24669019">
<ele>109.3</ele>
<time>2023-08-27T10:35:48Z</time>
<extensions>
<tp1:TrackPointExtension>
<tp1:hr>166</tp1:hr>
</tp1:TrackPointExtension>
</extensions>
</trkpt>
<trkpt lat="58.77569105" lon="16.2465876">
<ele>109.1</ele>
<time>2023-08-27T10:35:50Z</time>
<extensions>
<tp1:TrackPointExtension>
<tp1:hr>166</tp1:hr>
</tp1:TrackPointExtension>
</extensions>
</trkpt>
<trkpt lat="58.77569675" lon="16.24653772">
<ele>109.1</ele>
<time>2023-08-27T10:35:51Z</time>
<extensions>
<tp1:TrackPointExtension>
<tp1:hr>165</tp1:hr>
</tp1:TrackPointExtension>
</extensions>
</trkpt>
<trkpt lat="58.77572073" lon="16.2463607">
<ele>108.5</ele>
<time>2023-08-27T10:35:56Z</time>
<extensions>
<tp1:TrackPointExtension>
<tp1:hr>167</tp1:hr>
</tp1:TrackPointExtension>
</extensions>
</trkpt>
<trkpt lat="58.7757742" lon="16.24627101">
<ele>108.1</ele>
<time>2023-08-27T10:36:00Z</time>
<extensions>
<tp1:TrackPointExtension>
<tp1:hr>163</tp1:hr>
</tp1:TrackPointExtension>
</extensions>
</trkpt>
<trkpt lat="58.77579189" lon="16.24625643">
<ele>108.1</ele>
<time>2023-08-27T10:36:01Z</time>
<extensions>
<tp1:TrackPointExtension>
<tp1:hr>164</tp1:hr>
</tp1:TrackPointExtension>
</extensions>
</trkpt>
<trkpt lat="58.7758053" lon="16.24622759">
<ele>108.1</ele>
<time>2023-08-27T10:36:02Z</time>
<extensions>
<tp1:TrackPointExtension>
<tp1:hr>162</tp1:hr>
</tp1:TrackPointExtension>
</extensions>
</trkpt>
<trkpt lat="58.7758452" lon="16.24615023">
<ele>107.5</ele>
<time>2023-08-27T10:36:04Z</time>
<extensions>
<tp1:TrackPointExtension>
<tp1:hr>155</tp1:hr>
</tp1:TrackPointExtension>
</extensions>
</trkpt>
<trkpt lat="58.7758452" lon="16.24615023">
<ele>107.5</ele>
<time>2023-08-27T10:36:05Z</time>
<extensions>
<tp1:TrackPointExtension>
<tp1:hr>155</tp1:hr>
</tp1:TrackPointExtension>
</extensions>
</trkpt>
<trkpt lat="58.77589599" lon="16.24604872">
<ele>107.2</ele>
<time>2023-08-27T10:36:08Z</time>
<extensions>
<tp1:TrackPointExtension>
<tp1:hr>155</tp1:hr>
</tp1:TrackPointExtension>
</extensions>
</trkpt>
<trkpt lat="58.77592952" lon="16.24594755">
<ele>107.0</ele>
<time>2023-08-27T10:36:11Z</time>
<extensions>
<tp1:TrackPointExtension>
<tp1:hr>155</tp1:hr>
</tp1:TrackPointExtension>
</extensions>
</trkpt>
<trkpt lat="58.77594553" lon="16.24589031">
<ele>106.8</ele>
<time>2023-08-27T10:36:13Z</time>
<extensions>
<tp1:TrackPointExtension>
<tp1:hr>155</tp1:hr>
</tp1:TrackPointExtension>
</extensions>
</trkpt>
<trkpt lat="58.77595274" lon="16.24586876">
<ele>106.6</ele>
<time>2023-08-27T10:36:14Z</time>
<extensions>
<tp1:TrackPointExtension>
<tp1:hr>155</tp1:hr>
</tp1:TrackPointExtension>
</extensions>
</trkpt>
<trkpt lat="58.77602549" lon="16.24582769">
<ele>105.8</ele>
<time>2023-08-27T10:36:21Z</time>
<extensions>
<tp1:TrackPointExtension>
<tp1:hr>155</tp1:hr>
</tp1:TrackPointExtension>
</extensions>
</trkpt>
<trkpt lat="58.77610487" lon="16.24575133">
<ele>105.4</ele>
<time>2023-08-27T10:36:26Z</time>
<extensions>
<tp1:TrackPointExtension>
<tp1:hr>153</tp1:hr>
</tp1:TrackPointExtension>
</extensions>
</trkpt>
<trkpt lat="58.7761166" lon="16.24572217">
<ele>105.2</ele>
<time>2023-08-27T10:36:27Z</time>
<extensions>
<tp1:TrackPointExtension>
<tp1:hr>153</tp1:hr>
</tp1:TrackPointExtension>
</extensions>
</trkpt>
<trkpt lat="58.7761767" lon="16.24565452">
<ele>104.8</ele>
<time>2023-08-27T10:36:31Z</time>
<extensions>
<tp1:TrackPointExtension>
<tp1:hr>154</tp1:hr>
</tp1:TrackPointExtension>
</extensions>
</trkpt>
<trkpt lat="58.77618726" lon="16.24564195">
<ele>104.8</ele>
<time>2023-08-27T10:36:32Z</time>
<extensions>
<tp1:TrackPointExtension>
<tp1:hr>154</tp1:hr>
</tp1:TrackPointExtension>
</extensions>
</trkpt>
<trkpt lat="58.77619975" lon="16.24563625">
<ele>104.6</ele>
<time>2023-08-27T10:36:33Z</time>
<extensions>
<tp1:TrackPointExtension>
<tp1:hr>154</tp1:hr>
</tp1:TrackPointExtension>
</extensions>
</trkpt>
<trkpt lat="58.77630729" lon="16.24560524">
<ele>104.0</ele>
<time>2023-08-27T10:36:39Z</time>
<extensions>
<tp1:TrackPointExtension>
<tp1:hr>154</tp1:hr>
</tp1:TrackPointExtension>
</extensions>
</trkpt>
<trkpt lat="58.77634677" lon="16.24556484">
<ele>103.7</ele>
<time>2023-08-27T10:36:41Z</time>
<extensions>
<tp1:TrackPointExtension>
<tp1:hr>154</tp1:hr>
</tp1:TrackPointExtension>
</extensions>
</trkpt>
<trkpt lat="58.77640259" lon="16.24546266">
<ele>103.5</ele>
<time>2023-08-27T10:36:44Z</time>
<extensions>
<tp1:TrackPointExtension>
<tp1:hr>152</tp1:hr>
</tp1:TrackPointExtension>
</extensions>
</trkpt>
<trkpt lat="58.77646999" lon="16.24524892">
<ele>102.9</ele>
<time>2023-08-27T10:36:50Z</time>
<extensions>
<tp1:TrackPointExtension>
<tp1:hr>151</tp1:hr>
</tp1:TrackPointExtension>
</extensions>
</trkpt>
<trkpt lat="58.77651114" lon="16.24513853">
<ele>102.7</ele>
<time>2023-08-27T10:36:53Z</time>
<extensions>
<tp1:TrackPointExtension>
<tp1:hr>152</tp1:hr>
</tp1:TrackPointExtension>
</extensions>
</trkpt>
<trkpt lat="58.77653142" lon="16.24504541">
<ele>102.7</ele>
<time>2023-08-27T10:36:55Z</time>
<extensions>
<tp1:TrackPointExtension>
<tp1:hr>152</tp1:hr>
</tp1:TrackPointExtension>
</extensions>
</trkpt>
<trkpt lat="58.77656193" lon="16.24494567">
<ele>102.5</ele>
<time>2023-08-27T10:36:58Z</time>
<extensions>
<tp1:TrackPointExtension>
<tp1:hr>152</tp1:hr>
</tp1:TrackPointExtension>
</extensions>
</trkpt>
<trkpt lat="58.7765787" lon="16.24490744">
<ele>102.5</ele>
<time>2023-08-27T10:36:59Z</time>
<extensions>
<tp1:TrackPointExtension>
<tp1:hr>153</tp1:hr>
</tp1:TrackPointExtension>
</extensions>
</trkpt>
<trkpt lat="58.77665841" lon="16.24470619">
<ele>102.3</ele>
<time>2023-08-27T10:37:05Z</time>
<extensions>
<tp1:TrackPointExtension>
<tp1:hr>156</tp1:hr>
</tp1:TrackPointExtension>
</extensions>
</trkpt>
<trkpt lat="58.77665715" lon="16.24466537">
<ele>102.3</ele>
<time>2023-08-27T10:37:06Z</time>
<extensions>
<tp1:TrackPointExtension>
<tp1:hr>157</tp1:hr>
</tp1:TrackPointExtension>
</extensions>
</trkpt>
<trkpt lat="58.77664517" lon="16.24455314">
<ele>102.3</ele>
<time>2023-08-27T10:37:09Z</time>
<extensions>
<tp1:TrackPointExtension>
<tp1:hr>159</tp1:hr>
</tp1:TrackPointExtension>
</extensions>
</trkpt>
<trkpt lat="58.77664785" lon="16.2444995">
<ele>102.3</ele>
<time>2023-08-27T10:37:10Z</time>
<extensions>
<tp1:TrackPointExtension>
<tp1:hr>158</tp1:hr>
</tp1:TrackPointExtension>
</extensions>
</trkpt>
<trkpt lat="58.7766823" lon="16.24430906">
<ele>102.2</ele>
<time>2023-08-27T10:37:14Z</time>
<extensions>
<tp1:TrackPointExtension>
<tp1:hr>159</tp1:hr>
</tp1:TrackPointExtension>
</extensions>
</trkpt>
<trkpt lat="58.77673712" lon="16.24411695">
<ele>102.2</ele>
<time>2023-08-27T10:37:19Z</time>
<extensions>
<tp1:TrackPointExtension>
<tp1:hr>159</tp1:hr>
</tp1:TrackPointExtension>
</extensions>
</trkpt>
<trkpt lat="58.7768294" lon="16.24389977">
<ele>102.2</ele>
<time>2023-08-27T10:37:24Z</time>
<extensions>
<tp1:TrackPointExtension>
<tp1:hr>157</tp1:hr>
</tp1:TrackPointExtension>
</extensions>
</trkpt>
<trkpt lat="58.77694205" lon="16.24386624">
<ele>102.2</ele>
<time>2023-08-27T10:37:28Z</time>
<extensions>
<tp1:TrackPointExtension>
<tp1:hr>156</tp1:hr>
</tp1:TrackPointExtension>
</extensions>
</trkpt>
<trkpt lat="58.777047" lon="16.24380237">
<ele>102.2</ele>
<time>2023-08-27T10:37:33Z</time>
<extensions>
<tp1:TrackPointExtension>
<tp1:hr>158</tp1:hr>
</tp1:TrackPointExtension>
</extensions>
</trkpt>
<trkpt lat="58.77711841" lon="16.24362166">
<ele>102.2</ele>
<time>2023-08-27T10:37:39Z</time>
<extensions>
<tp1:TrackPointExtension>
<tp1:hr>160</tp1:hr>
</tp1:TrackPointExtension>
</extensions>
</trkpt>
<trkpt lat="58.77717691" lon="16.24355561">
<ele>102.2</ele>
<time>2023-08-27T10:37:44Z</time>
<extensions>
<tp1:TrackPointExtension>
<tp1:hr>158</tp1:hr>
</tp1:TrackPointExtension>
</extensions>
</trkpt>
<trkpt lat="58.77721891" lon="16.24357983">
<ele>102.1</ele>
<time>2023-08-27T10:37:46Z</time>
<extensions>
<tp1:TrackPointExtension>
<tp1:hr>158</tp1:hr>
</tp1:TrackPointExtension>
</extensions>
</trkpt>
<trkpt lat="58.77727523" lon="16.24352912">
<ele>102.3</ele>
<time>2023-08-27T10:37:49Z</time>
<extensions>
<tp1:TrackPointExtension>
<tp1:hr>160</tp1:hr>
</tp1:TrackPointExtension>
</extensions>
</trkpt>
<trkpt lat="58.77730541" lon="16.2434769">
<ele>102.3</ele>
<time>2023-08-27T10:37:52Z</time>
<extensions>
<tp1:TrackPointExtension>
<tp1:hr>159</tp1:hr>
</tp1:TrackPointExtension>
</extensions>
</trkpt>
<trkpt lat="58.77733232" lon="16.24341153">
<ele>102.3</ele>
<time>2023-08-27T10:37:54Z</time>
<extensions>
<tp1:TrackPointExtension>
<tp1:hr>158</tp1:hr>
</tp1:TrackPointExtension>
</extensions>
</trkpt>
<trkpt lat="58.77739099" lon="16.24330893">
<ele>102.1</ele>
<time>2023-08-27T10:37:57Z</time>
<extensions>
<tp1:TrackPointExtension>
<tp1:hr>161</tp1:hr>
</tp1:TrackPointExtension>
</extensions>
</trkpt>
<trkpt lat="58.77741647" lon="16.24321799">
<ele>102.1</ele>
<time>2023-08-27T10:37:59Z</time>
<extensions>
<tp1:TrackPointExtension>
<tp1:hr>163</tp1:hr>
</tp1:TrackPointExtension>
</extensions>
</trkpt>
<trkpt lat="58.7774567" lon="16.24301045">
<ele>101.9</ele>
<time>2023-08-27T10:38:04Z</time>
<extensions>
<tp1:TrackPointExtension>
<tp1:hr>164</tp1:hr>
</tp1:TrackPointExtension>
</extensions>
</trkpt>
<trkpt lat="58.77747078" lon="16.24293233">
<ele>101.9</ele>
<time>2023-08-27T10:38:07Z</time>
<extensions>
<tp1:TrackPointExtension>
<tp1:hr>165</tp1:hr>
</tp1:TrackPointExtension>
</extensions>
</trkpt>
<trkpt lat="58.77746735" lon="16.24283829">
<ele>101.9</ele>
<time>2023-08-27T10:38:09Z</time>
<extensions>
<tp1:TrackPointExtension>
<tp1:hr>165</tp1:hr>
</tp1:TrackPointExtension>
</extensions>
</trkpt>
<trkpt lat="58.77748512" lon="16.24249966">
<ele>101.7</ele>
<time>2023-08-27T10:38:16Z</time>
<extensions>
<tp1:TrackPointExtension>
<tp1:hr>166</tp1:hr>
</tp1:TrackPointExtension>
</extensions>
</trkpt>
<trkpt lat="58.77746785" lon="16.24227821">
<ele>101.4</ele>
<time>2023-08-27T10:38:20Z</time>
<extensions>
<tp1:TrackPointExtension>
<tp1:hr>165</tp1:hr>
</tp1:TrackPointExtension>
</extensions>
</trkpt>
<trkpt lat="58.77746391" lon="16.24222264">
<ele>101.4</ele>
<time>2023-08-27T10:38:21Z</time>
<extensions>
<tp1:TrackPointExtension>
<tp1:hr>165</tp1:hr>
</tp1:TrackPointExtension>
</extensions>
</trkpt>
<trkpt lat="58.77742628" lon="16.24189985">
<ele>101.4</ele>
<time>2023-08-27T10:38:25Z</time>
<extensions>
<tp1:TrackPointExtension>
<tp1:hr>163</tp1:hr>
</tp1:TrackPointExtension>
</extensions>
</trkpt>
<trkpt lat="58.77739711" lon="16.24154647">
<ele>101.2</ele>
<time>2023-08-27T10:38:30Z</time>
<extensions>
<tp1:TrackPointExtension>
<tp1:hr>162</tp1:hr>
</tp1:TrackPointExtension>
</extensions>
</trkpt>
<trkpt lat="58.77736433" lon="16.24115478">
<ele>101.2</ele>
<time>2023-08-27T10:38:36Z</time>
<extensions>
<tp1:TrackPointExtension>
<tp1:hr>162</tp1:hr>
</tp1:TrackPointExtension>
</extensions>
</trkpt>
<trkpt lat="58.7773469" lon="16.2409195">
<ele>101.2</ele>
<time>2023-08-27T10:38:40Z</time>
<extensions>
<tp1:TrackPointExtension>
<tp1:hr>160</tp1:hr>
</tp1:TrackPointExtension>
</extensions>
</trkpt>
<trkpt lat="58.77730273" lon="16.24057777">
<ele>101.2</ele>
<time>2023-08-27T10:38:45Z</time>
<extensions>
<tp1:TrackPointExtension>
<tp1:hr>161</tp1:hr>
</tp1:TrackPointExtension>
</extensions>
</trkpt>
<trkpt lat="58.77728974" lon="16.24049085">
<ele>101.2</ele>
<time>2023-08-27T10:38:46Z</time>
<extensions>
<tp1:TrackPointExtension>
<tp1:hr>158</tp1:hr>
</tp1:TrackPointExtension>
</extensions>
</trkpt>
<trkpt lat="58.77728177" lon="16.24013378">
<ele>101.3</ele>
<time>2023-08-27T10:38:51Z</time>
<extensions>
<tp1:TrackPointExtension>
<tp1:hr>158</tp1:hr>
</tp1:TrackPointExtension>
</extensions>
</trkpt>
<trkpt lat="58.77734422" lon="16.23989389">
<ele>101.3</ele>
<time>2023-08-27T10:38:56Z</time>
<extensions>
<tp1:TrackPointExtension>
<tp1:hr>159</tp1:hr>
</tp1:TrackPointExtension>
</extensions>
</trkpt>
<trkpt lat="58.77736081" lon="16.23986045">
<ele>101.3</ele>
<time>2023-08-27T10:38:57Z</time>
<extensions>
<tp1:TrackPointExtension>
<tp1:hr>162</tp1:hr>
</tp1:TrackPointExtension>
</extensions>
</trkpt>
<trkpt lat="58.77738487" lon="16.23978074">
<ele>101.3</ele>
<time>2023-08-27T10:38:59Z</time>
<extensions>
<tp1:TrackPointExtension>
<tp1:hr>165</tp1:hr>
</tp1:TrackPointExtension>
</extensions>
</trkpt>
<trkpt lat="58.77741848" lon="16.2396447">
<ele>101.3</ele>
<time>2023-08-27T10:39:02Z</time>
<extensions>
<tp1:TrackPointExtension>
<tp1:hr>165</tp1:hr>
</tp1:TrackPointExtension>
</extensions>
</trkpt>
<trkpt lat="58.77746726" lon="16.23943616">
<ele>101.3</ele>
<time>2023-08-27T10:39:06Z</time>
<extensions>
<tp1:TrackPointExtension>
<tp1:hr>163</tp1:hr>
</tp1:TrackPointExtension>
</extensions>
</trkpt>
<trkpt lat="58.77751529" lon="16.23915947">
<ele>101.3</ele>
<time>2023-08-27T10:39:11Z</time>
<extensions>
<tp1:TrackPointExtension>
<tp1:hr>163</tp1:hr>
</tp1:TrackPointExtension>
</extensions>
</trkpt>
<trkpt lat="58.77759626" lon="16.23889008">
<ele>101.3</ele>
<time>2023-08-27T10:39:16Z</time>
<extensions>
<tp1:TrackPointExtension>
<tp1:hr>166</tp1:hr>
</tp1:TrackPointExtension>
</extensions>
</trkpt>
<trkpt lat="58.77764571" lon="16.23873937">
<ele>101.3</ele>
<time>2023-08-27T10:39:19Z</time>
<extensions>
<tp1:TrackPointExtension>
<tp1:hr>169</tp1:hr>
</tp1:TrackPointExtension>
</extensions>
</trkpt>
<trkpt lat="58.77770581" lon="16.23851356">
<ele>101.4</ele>
<time>2023-08-27T10:39:24Z</time>
<extensions>
<tp1:TrackPointExtension>
<tp1:hr>166</tp1:hr>
</tp1:TrackPointExtension>
</extensions>
</trkpt>
<trkpt lat="58.77773339" lon="16.23842044">
<ele>101.4</ele>
<time>2023-08-27T10:39:26Z</time>
<extensions>
<tp1:TrackPointExtension>
<tp1:hr>163</tp1:hr>
</tp1:TrackPointExtension>
</extensions>
</trkpt>
<trkpt lat="58.77776692" lon="16.2382606">
<ele>101.4</ele>
<time>2023-08-27T10:39:30Z</time>
<extensions>
<tp1:TrackPointExtension>
<tp1:hr>163</tp1:hr>
</tp1:TrackPointExtension>
</extensions>
</trkpt>
<trkpt lat="58.7778074" lon="16.238058">
<ele>101.4</ele>
<time>2023-08-27T10:39:35Z</time>
<extensions>
<tp1:TrackPointExtension>
<tp1:hr>164</tp1:hr>
</tp1:TrackPointExtension>
</extensions>
</trkpt>
<trkpt lat="58.77788401" lon="16.23785307">
<ele>101.4</ele>
<time>2023-08-27T10:39:41Z</time>
<extensions>
<tp1:TrackPointExtension>
<tp1:hr>166</tp1:hr>
</tp1:TrackPointExtension>
</extensions>
</trkpt>
<trkpt lat="58.77789449" lon="16.2377441">
<ele>101.4</ele>
<time>2023-08-27T10:39:44Z</time>
<extensions>
<tp1:TrackPointExtension>
<tp1:hr>164</tp1:hr>
</tp1:TrackPointExtension>
</extensions>
</trkpt>
<trkpt lat="58.77792081" lon="16.23766447">
<ele>101.4</ele>
<time>2023-08-27T10:39:46Z</time>
<extensions>
<tp1:TrackPointExtension>
<tp1:hr>164</tp1:hr>
</tp1:TrackPointExtension>
</extensions>
</trkpt>
<trkpt lat="58.77794671" lon="16.23751">
<ele>101.4</ele>
<time>2023-08-27T10:39:50Z</time>
<extensions>
<tp1:TrackPointExtension>
<tp1:hr>163</tp1:hr>
</tp1:TrackPointExtension>
</extensions>
</trkpt>
<trkpt lat="58.77801812" lon="16.23716332">
<ele>101.3</ele>
<time>2023-08-27T10:39:56Z</time>
<extensions>
<tp1:TrackPointExtension>
<tp1:hr>165</tp1:hr>
</tp1:TrackPointExtension>
</extensions>
</trkpt>
<trkpt lat="58.77804981" lon="16.23705436">
<ele>101.3</ele>
<time>2023-08-27T10:39:58Z</time>
<extensions>
<tp1:TrackPointExtension>
<tp1:hr>169</tp1:hr>
</tp1:TrackPointExtension>
</extensions>
</trkpt>
<trkpt lat="58.77808224" lon="16.23694497">
<ele>101.3</ele>
<time>2023-08-27T10:40:00Z</time>
<extensions>
<tp1:TrackPointExtension>
<tp1:hr>172</tp1:hr>
</tp1:TrackPointExtension>
</extensions>
</trkpt>
<trkpt lat="58.77809884" lon="16.23683567">
<ele>101.3</ele>
<time>2023-08-27T10:40:02Z</time>
<extensions>
<tp1:TrackPointExtension>
<tp1:hr>171</tp1:hr>
</tp1:TrackPointExtension>
</extensions>
</trkpt>
<trkpt lat="58.77814544" lon="16.23671623">
<ele>101.1</ele>
<time>2023-08-27T10:40:08Z</time>
<extensions>
<tp1:TrackPointExtension>
<tp1:hr>171</tp1:hr>
</tp1:TrackPointExtension>
</extensions>
</trkpt>
<trkpt lat="58.77815701" lon="16.23671128">
<ele>101.1</ele>
<time>2023-08-27T10:40:09Z</time>
<extensions>
<tp1:TrackPointExtension>
<tp1:hr>171</tp1:hr>
</tp1:TrackPointExtension>
</extensions>
</trkpt>
<trkpt lat="58.77818727" lon="16.23671413">
<ele>101.1</ele>
<time>2023-08-27T10:40:12Z</time>
<extensions>
<tp1:TrackPointExtension>
<tp1:hr>166</tp1:hr>
</tp1:TrackPointExtension>
</extensions>
</trkpt>
<trkpt lat="58.7781949" lon="16.23669502">
<ele>101.1</ele>
<time>2023-08-27T10:40:13Z</time>
<extensions>
<tp1:TrackPointExtension>
<tp1:hr>164</tp1:hr>
</tp1:TrackPointExtension>
</extensions>
</trkpt>
<trkpt lat="58.77816665" lon="16.23659201">
<ele>100.9</ele>
<time>2023-08-27T10:40:15Z</time>
<extensions>
<tp1:TrackPointExtension>
<tp1:hr>162</tp1:hr>
</tp1:TrackPointExtension>
</extensions>
</trkpt>
<trkpt lat="58.77820051" lon="16.23662017">
<ele>100.9</ele>
<time>2023-08-27T10:40:18Z</time>
<extensions>
<tp1:TrackPointExtension>
<tp1:hr>162</tp1:hr>
</tp1:TrackPointExtension>
</extensions>
</trkpt>
<trkpt lat="58.77827595" lon="16.23673677">
<ele>100.5</ele>
<time>2023-08-27T10:40:22Z</time>
<extensions>
<tp1:TrackPointExtension>
<tp1:hr>165</tp1:hr>
</tp1:TrackPointExtension>
</extensions>
</trkpt>
<trkpt lat="58.77829288" lon="16.23674984">
<ele>100.5</ele>
<time>2023-08-27T10:40:23Z</time>
<extensions>
<tp1:TrackPointExtension>
<tp1:hr>165</tp1:hr>
</tp1:TrackPointExtension>
</extensions>
</trkpt>
<trkpt lat="58.77832146" lon="16.23675864">
<ele>100.3</ele>
<time>2023-08-27T10:40:25Z</time>
<extensions>
<tp1:TrackPointExtension>
<tp1:hr>165</tp1:hr>
</tp1:TrackPointExtension>
</extensions>
</trkpt>
<trkpt lat="58.77835046" lon="16.23673199">
<ele>100.0</ele>
<time>2023-08-27T10:40:28Z</time>
<extensions>
<tp1:TrackPointExtension>
<tp1:hr>163</tp1:hr>
</tp1:TrackPointExtension>
</extensions>
</trkpt>
<trkpt lat="58.77836505" lon="16.23672176">
<ele>100.0</ele>
<time>2023-08-27T10:40:29Z</time>
<extensions>
<tp1:TrackPointExtension>
<tp1:hr>164</tp1:hr>
</tp1:TrackPointExtension>
</extensions>
</trkpt>
<trkpt lat="58.77843973" lon="16.2366931">
<ele>99.8</ele>
<time>2023-08-27T10:40:32Z</time>
<extensions>
<tp1:TrackPointExtension>
<tp1:hr>168</tp1:hr>
</tp1:TrackPointExtension>
</extensions>
</trkpt>
<trkpt lat="58.77848608" lon="16.23672176">
<ele>99.6</ele>
<time>2023-08-27T10:40:35Z</time>
<extensions>
<tp1:TrackPointExtension>
<tp1:hr>167</tp1:hr>
</tp1:TrackPointExtension>
</extensions>
</trkpt>
<trkpt lat="58.77852079" lon="16.23672528">
<ele>99.4</ele>
<time>2023-08-27T10:40:37Z</time>
<extensions>
<tp1:TrackPointExtension>
<tp1:hr>168</tp1:hr>
</tp1:TrackPointExtension>
</extensions>
</trkpt>
<trkpt lat="58.77854182" lon="16.23672117">
<ele>99.4</ele>
<time>2023-08-27T10:40:38Z</time>
<extensions>
<tp1:TrackPointExtension>
<tp1:hr>168</tp1:hr>
</tp1:TrackPointExtension>
</extensions>
</trkpt>
<trkpt lat="58.77864073" lon="16.23679007">
<ele>99.2</ele>
<time>2023-08-27T10:40:41Z</time>
<extensions>
<tp1:TrackPointExtension>
<tp1:hr>166</tp1:hr>
</tp1:TrackPointExtension>
</extensions>
</trkpt>
<trkpt lat="58.77880837" lon="16.23684506">
<ele>99.0</ele>
<time>2023-08-27T10:40:48Z</time>
<extensions>
<tp1:TrackPointExtension>
<tp1:hr>164</tp1:hr>
</tp1:TrackPointExtension>
</extensions>
</trkpt>
<trkpt lat="58.77885279" lon="16.23685948">
<ele>99.0</ele>
<time>2023-08-27T10:40:50Z</time>
<extensions>
<tp1:TrackPointExtension>
<tp1:hr>160</tp1:hr>
</tp1:TrackPointExtension>
</extensions>
</trkpt>
<trkpt lat="58.77887006" lon="16.23685881">
<ele>99.0</ele>
<time>2023-08-27T10:40:51Z</time>
<extensions>
<tp1:TrackPointExtension>
<tp1:hr>159</tp1:hr>
</tp1:TrackPointExtension>
</extensions>
</trkpt>
<trkpt lat="58.7789268" lon="16.23681765">
<ele>99.0</ele>
<time>2023-08-27T10:40:54Z</time>
<extensions>
<tp1:TrackPointExtension>
<tp1:hr>158</tp1:hr>
</tp1:TrackPointExtension>
</extensions>
</trkpt>
<trkpt lat="58.77903091" lon="16.23678396">
<ele>98.7</ele>
<time>2023-08-27T10:41:00Z</time>
<extensions>
<tp1:TrackPointExtension>
<tp1:hr>160</tp1:hr>
</tp1:TrackPointExtension>
</extensions>
</trkpt>
<trkpt lat="58.77916703" lon="16.23682637">
<ele>97.7</ele>
<time>2023-08-27T10:41:08Z</time>
<extensions>
<tp1:TrackPointExtension>
<tp1:hr>159</tp1:hr>
</tp1:TrackPointExtension>
</extensions>
</trkpt>
<trkpt lat="58.77926518" lon="16.23682494">
<ele>97.5</ele>
<time>2023-08-27T10:41:13Z</time>
<extensions>
<tp1:TrackPointExtension>
<tp1:hr>160</tp1:hr>
</tp1:TrackPointExtension>
</extensions>
</trkpt>
<trkpt lat="58.77928521" lon="16.23681036">
<ele>97.9</ele>
<time>2023-08-27T10:41:14Z</time>
<extensions>
<tp1:TrackPointExtension>
<tp1:hr>160</tp1:hr>
</tp1:TrackPointExtension>
</extensions>
</trkpt>
<trkpt lat="58.77935168" lon="16.23675462">
<ele>98.7</ele>
<time>2023-08-27T10:41:17Z</time>
<extensions>
<tp1:TrackPointExtension>
<tp1:hr>157</tp1:hr>
</tp1:TrackPointExtension>
</extensions>
</trkpt>
<trkpt lat="58.77937758" lon="16.23675303">
<ele>99.1</ele>
<time>2023-08-27T10:41:18Z</time>
<extensions>
<tp1:TrackPointExtension>
<tp1:hr>157</tp1:hr>
</tp1:TrackPointExtension>
</extensions>
</trkpt>
<trkpt lat="58.77940298" lon="16.23675428">
<ele>99.5</ele>
<time>2023-08-27T10:41:19Z</time>
<extensions>
<tp1:TrackPointExtension>
<tp1:hr>157</tp1:hr>
</tp1:TrackPointExtension>
</extensions>
</trkpt>
<trkpt lat="58.77944724" lon="16.23675613">
<ele>100.3</ele>
<time>2023-08-27T10:41:21Z</time>
<extensions>
<tp1:TrackPointExtension>
<tp1:hr>158</tp1:hr>
</tp1:TrackPointExtension>
</extensions>
</trkpt>
<trkpt lat="58.77953977" lon="16.23675336">
<ele>101.5</ele>
<time>2023-08-27T10:41:25Z</time>
<extensions>
<tp1:TrackPointExtension>
<tp1:hr>158</tp1:hr>
</tp1:TrackPointExtension>
</extensions>
</trkpt>
<trkpt lat="58.77956819" lon="16.23675571">
<ele>101.7</ele>
<time>2023-08-27T10:41:26Z</time>
<extensions>
<tp1:TrackPointExtension>
<tp1:hr>159</tp1:hr>
</tp1:TrackPointExtension>
</extensions>
</trkpt>
<trkpt lat="58.77966642" lon="16.23672344">
<ele>102.3</ele>
<time>2023-08-27T10:41:30Z</time>
<extensions>
<tp1:TrackPointExtension>
<tp1:hr>156</tp1:hr>
</tp1:TrackPointExtension>
</extensions>
</trkpt>
<trkpt lat="58.77969073" lon="16.23670969">
<ele>102.6</ele>
<time>2023-08-27T10:41:31Z</time>
<extensions>
<tp1:TrackPointExtension>
<tp1:hr>159</tp1:hr>
</tp1:TrackPointExtension>
</extensions>
</trkpt>
<trkpt lat="58.77971806" lon="16.23669787">
<ele>102.6</ele>
<time>2023-08-27T10:41:32Z</time>
<extensions>
<tp1:TrackPointExtension>
<tp1:hr>159</tp1:hr>
</tp1:TrackPointExtension>
</extensions>
</trkpt>
<trkpt lat="58.77978905" lon="16.23662101">
<ele>103.6</ele>
<time>2023-08-27T10:41:36Z</time>
<extensions>
<tp1:TrackPointExtension>
<tp1:hr>160</tp1:hr>
</tp1:TrackPointExtension>
</extensions>
</trkpt>
<trkpt lat="58.77983088" lon="16.23658564">
<ele>104.2</ele>
<time>2023-08-27T10:41:37Z</time>
<extensions>
<tp1:TrackPointExtension>
<tp1:hr>160</tp1:hr>
</tp1:TrackPointExtension>
</extensions>
</trkpt>
<trkpt lat="58.77987849" lon="16.23654708">
<ele>104.8</ele>
<time>2023-08-27T10:41:39Z</time>
<extensions>
<tp1:TrackPointExtension>
<tp1:hr>161</tp1:hr>
</tp1:TrackPointExtension>
</extensions>
</trkpt>
<trkpt lat="58.77995459" lon="16.23651456">
<ele>104.8</ele>
<time>2023-08-27T10:41:43Z</time>
<extensions>
<tp1:TrackPointExtension>
<tp1:hr>161</tp1:hr>
</tp1:TrackPointExtension>
</extensions>
</trkpt>
<trkpt lat="58.78003062" lon="16.23652386">
<ele>105.4</ele>
<time>2023-08-27T10:41:48Z</time>
<extensions>
<tp1:TrackPointExtension>
<tp1:hr>162</tp1:hr>
</tp1:TrackPointExtension>
</extensions>
</trkpt>
<trkpt lat="58.78008292" lon="16.23652948">
<ele>105.8</ele>
<time>2023-08-27T10:41:50Z</time>
<extensions>
<tp1:TrackPointExtension>
<tp1:hr>163</tp1:hr>
</tp1:TrackPointExtension>
</extensions>
</trkpt>
<trkpt lat="58.78016867" lon="16.23651783">
<ele>105.4</ele>
<time>2023-08-27T10:41:53Z</time>
<extensions>
<tp1:TrackPointExtension>
<tp1:hr>163</tp1:hr>
</tp1:TrackPointExtension>
</extensions>
</trkpt>
<trkpt lat="58.78024779" lon="16.23644658">
<ele>104.8</ele>
<time>2023-08-27T10:41:56Z</time>
<extensions>
<tp1:TrackPointExtension>
<tp1:hr>161</tp1:hr>
</tp1:TrackPointExtension>
</extensions>
</trkpt>
<trkpt lat="58.78034217" lon="16.23640275">
<ele>104.4</ele>
<time>2023-08-27T10:42:00Z</time>
<extensions>
<tp1:TrackPointExtension>
<tp1:hr>162</tp1:hr>
</tp1:TrackPointExtension>
</extensions>
</trkpt>
<trkpt lat="58.78050948" lon="16.23649176">
<ele>104.3</ele>
<time>2023-08-27T10:42:07Z</time>
<extensions>
<tp1:TrackPointExtension>
<tp1:hr>164</tp1:hr>
</tp1:TrackPointExtension>
</extensions>
</trkpt>
<trkpt lat="58.78061844" lon="16.23657474">
<ele>104.1</ele>
<time>2023-08-27T10:42:11Z</time>
<extensions>
<tp1:TrackPointExtension>
<tp1:hr>163</tp1:hr>
</tp1:TrackPointExtension>
</extensions>
</trkpt>
<trkpt lat="58.78074115" lon="16.23676166">
<ele>104.1</ele>
<time>2023-08-27T10:42:16Z</time>
<extensions>
<tp1:TrackPointExtension>
<tp1:hr>164</tp1:hr>
</tp1:TrackPointExtension>
</extensions>
</trkpt>
<trkpt lat="58.78084886" lon="16.23699459">
<ele>103.9</ele>
<time>2023-08-27T10:42:21Z</time>
<extensions>
<tp1:TrackPointExtension>
<tp1:hr>161</tp1:hr>
</tp1:TrackPointExtension>
</extensions>
</trkpt>
<trkpt lat="58.78090435" lon="16.2371023">
<ele>103.7</ele>
<time>2023-08-27T10:42:24Z</time>
<extensions>
<tp1:TrackPointExtension>
<tp1:hr>161</tp1:hr>
</tp1:TrackPointExtension>
</extensions>
</trkpt>
<trkpt lat="58.78092094" lon="16.23710481">
<ele>103.7</ele>
<time>2023-08-27T10:42:25Z</time>
<extensions>
<tp1:TrackPointExtension>
<tp1:hr>161</tp1:hr>
</tp1:TrackPointExtension>
</extensions>
</trkpt>
<trkpt lat="58.78094081" lon="16.23710113">
<ele>103.5</ele>
<time>2023-08-27T10:42:26Z</time>
<extensions>
<tp1:TrackPointExtension>
<tp1:hr>161</tp1:hr>
</tp1:TrackPointExtension>
</extensions>
</trkpt>
<trkpt lat="58.78107802" lon="16.23710406">
<ele>103.3</ele>
<time>2023-08-27T10:42:30Z</time>
<extensions>
<tp1:TrackPointExtension>
<tp1:hr>165</tp1:hr>
</tp1:TrackPointExtension>
</extensions>
</trkpt>
<trkpt lat="58.78114474" lon="16.23710934">
<ele>103.3</ele>
<time>2023-08-27T10:42:32Z</time>
<extensions>
<tp1:TrackPointExtension>
<tp1:hr>165</tp1:hr>
</tp1:TrackPointExtension>
</extensions>
</trkpt>
<trkpt lat="58.78119822" lon="16.23712175">
<ele>103.1</ele>
<time>2023-08-27T10:42:34Z</time>
<extensions>
<tp1:TrackPointExtension>
<tp1:hr>164</tp1:hr>
</tp1:TrackPointExtension>
</extensions>
</trkpt>
<trkpt lat="58.78123082" lon="16.23717673">
<ele>103.0</ele>
<time>2023-08-27T10:42:36Z</time>
<extensions>
<tp1:TrackPointExtension>
<tp1:hr>165</tp1:hr>
</tp1:TrackPointExtension>
</extensions>
</trkpt>
<trkpt lat="58.78130433" lon="16.23722141">
<ele>102.8</ele>
<time>2023-08-27T10:42:40Z</time>
<extensions>
<tp1:TrackPointExtension>
<tp1:hr>166</tp1:hr>
</tp1:TrackPointExtension>
</extensions>
</trkpt>
<trkpt lat="58.78135387" lon="16.23718805">
<ele>102.6</ele>
<time>2023-08-27T10:42:42Z</time>
<extensions>
<tp1:TrackPointExtension>
<tp1:hr>162</tp1:hr>
</tp1:TrackPointExtension>
</extensions>
</trkpt>
<trkpt lat="58.78141497" lon="16.23711848">
<ele>102.6</ele>
<time>2023-08-27T10:42:46Z</time>
<extensions>
<tp1:TrackPointExtension>
<tp1:hr>160</tp1:hr>
</tp1:TrackPointExtension>
</extensions>
</trkpt>
<trkpt lat="58.78142889" lon="16.23711135">
<ele>102.6</ele>
<time>2023-08-27T10:42:47Z</time>
<extensions>
<tp1:TrackPointExtension>
<tp1:hr>160</tp1:hr>
</tp1:TrackPointExtension>
</extensions>
</trkpt>
<trkpt lat="58.78145319" lon="16.23710708">
<ele>102.4</ele>
<time>2023-08-27T10:42:49Z</time>
<extensions>
<tp1:TrackPointExtension>
<tp1:hr>160</tp1:hr>
</tp1:TrackPointExtension>
</extensions>
</trkpt>
<trkpt lat="58.78147641" lon="16.23710641">
<ele>102.4</ele>
<time>2023-08-27T10:42:51Z</time>
<extensions>
<tp1:TrackPointExtension>
<tp1:hr>161</tp1:hr>
</tp1:TrackPointExtension>
</extensions>
</trkpt>
<trkpt lat="58.78148127" lon="16.2370966">
<ele>102.2</ele>
<time>2023-08-27T10:42:52Z</time>
<extensions>
<tp1:TrackPointExtension>
<tp1:hr>162</tp1:hr>
</tp1:TrackPointExtension>
</extensions>
</trkpt>
<trkpt lat="58.78147976" lon="16.23705679">
<ele>102.2</ele>
<time>2023-08-27T10:42:55Z</time>
<extensions>
<tp1:TrackPointExtension>
<tp1:hr>161</tp1:hr>
</tp1:TrackPointExtension>
</extensions>
</trkpt>
<trkpt lat="58.78147314" lon="16.23698453">
<ele>102.0</ele>
<time>2023-08-27T10:42:58Z</time>
<extensions>
<tp1:TrackPointExtension>
<tp1:hr>160</tp1:hr>
</tp1:TrackPointExtension>
</extensions>
</trkpt>
<trkpt lat="58.78145898" lon="16.23694162">
<ele>101.8</ele>
<time>2023-08-27T10:43:00Z</time>
<extensions>
<tp1:TrackPointExtension>
<tp1:hr>160</tp1:hr>
</tp1:TrackPointExtension>
</extensions>
</trkpt>
<trkpt lat="58.78144464" lon="16.23683517">
<ele>101.6</ele>
<time>2023-08-27T10:43:04Z</time>
<extensions>
<tp1:TrackPointExtension>
<tp1:hr>163</tp1:hr>
</tp1:TrackPointExtension>
</extensions>
</trkpt>
<trkpt lat="58.78144582" lon="16.23680131">
<ele>101.6</ele>
<time>2023-08-27T10:43:05Z</time>
<extensions>
<tp1:TrackPointExtension>
<tp1:hr>163</tp1:hr>
</tp1:TrackPointExtension>
</extensions>
</trkpt>
<trkpt lat="58.78145437" lon="16.23668295">
<ele>101.5</ele>
<time>2023-08-27T10:43:08Z</time>
<extensions>
<tp1:TrackPointExtension>
<tp1:hr>160</tp1:hr>
</tp1:TrackPointExtension>
</extensions>
</trkpt>
<trkpt lat="58.78145747" lon="16.2366444">
<ele>101.3</ele>
<time>2023-08-27T10:43:09Z</time>
<extensions>
<tp1:TrackPointExtension>
<tp1:hr>160</tp1:hr>
</tp1:TrackPointExtension>
</extensions>
</trkpt>
<trkpt lat="58.78146728" lon="16.23656812">
<ele>101.3</ele>
<time>2023-08-27T10:43:11Z</time>
<extensions>
<tp1:TrackPointExtension>
<tp1:hr>158</tp1:hr>
</tp1:TrackPointExtension>
</extensions>
</trkpt>
<trkpt lat="58.7814863" lon="16.23627643">
<ele>101.1</ele>
<time>2023-08-27T10:43:16Z</time>
<extensions>
<tp1:TrackPointExtension>
<tp1:hr>158</tp1:hr>
</tp1:TrackPointExtension>
</extensions>
</trkpt>
<trkpt lat="58.78150986" lon="16.23604811">
<ele>100.9</ele>
<time>2023-08-27T10:43:21Z</time>
<extensions>
<tp1:TrackPointExtension>
<tp1:hr>158</tp1:hr>
</tp1:TrackPointExtension>
</extensions>
</trkpt>
<trkpt lat="58.78151547" lon="16.23580202">
<ele>100.7</ele>
<time>2023-08-27T10:43:27Z</time>
<extensions>
<tp1:TrackPointExtension>
<tp1:hr>160</tp1:hr>
</tp1:TrackPointExtension>
</extensions>
</trkpt>
<trkpt lat="58.7815153" lon="16.23573865">
<ele>100.7</ele>
<time>2023-08-27T10:43:29Z</time>
<extensions>
<tp1:TrackPointExtension>
<tp1:hr>159</tp1:hr>
</tp1:TrackPointExtension>
</extensions>
</trkpt>
<trkpt lat="58.78153358" lon="16.23565936">
<ele>100.5</ele>
<time>2023-08-27T10:43:32Z</time>
<extensions>
<tp1:TrackPointExtension>
<tp1:hr>160</tp1:hr>
</tp1:TrackPointExtension>
</extensions>
</trkpt>
<trkpt lat="58.78160918" lon="16.23539859">
<ele>100.7</ele>
<time>2023-08-27T10:43:39Z</time>
<extensions>
<tp1:TrackPointExtension>
<tp1:hr>159</tp1:hr>
</tp1:TrackPointExtension>
</extensions>
</trkpt>
<trkpt lat="58.78164179" lon="16.2353499">
<ele>100.6</ele>
<time>2023-08-27T10:43:42Z</time>
<extensions>
<tp1:TrackPointExtension>
<tp1:hr>160</tp1:hr>
</tp1:TrackPointExtension>
</extensions>
</trkpt>
<trkpt lat="58.78166425" lon="16.23526717">
<ele>100.6</ele>
<time>2023-08-27T10:43:45Z</time>
<extensions>
<tp1:TrackPointExtension>
<tp1:hr>160</tp1:hr>
</tp1:TrackPointExtension>
</extensions>
</trkpt>
<trkpt lat="58.78166827" lon="16.235239">
<ele>100.6</ele>
<time>2023-08-27T10:43:46Z</time>
<extensions>
<tp1:TrackPointExtension>
<tp1:hr>160</tp1:hr>
</tp1:TrackPointExtension>
</extensions>
</trkpt>
<trkpt lat="58.78169317" lon="16.23509525">
<ele>100.6</ele>
<time>2023-08-27T10:43:49Z</time>
<extensions>
<tp1:TrackPointExtension>
<tp1:hr>160</tp1:hr>
</tp1:TrackPointExtension>
</extensions>
</trkpt>
<trkpt lat="58.78170021" lon="16.23498512">
<ele>100.6</ele>
<time>2023-08-27T10:43:51Z</time>
<extensions>
<tp1:TrackPointExtension>
<tp1:hr>163</tp1:hr>
</tp1:TrackPointExtension>
</extensions>
</trkpt>
<trkpt lat="58.78170222" lon="16.23485">
<ele>100.8</ele>
<time>2023-08-27T10:43:54Z</time>
<extensions>
<tp1:TrackPointExtension>
<tp1:hr>162</tp1:hr>
</tp1:TrackPointExtension>
</extensions>
</trkpt>
<trkpt lat="58.78171781" lon="16.23484698">
<ele>100.8</ele>
<time>2023-08-27T10:43:55Z</time>
<extensions>
<tp1:TrackPointExtension>
<tp1:hr>162</tp1:hr>
</tp1:TrackPointExtension>
</extensions>
</trkpt>
<trkpt lat="58.78174748" lon="16.23483558">
<ele>100.8</ele>
<time>2023-08-27T10:43:57Z</time>
<extensions>
<tp1:TrackPointExtension>
<tp1:hr>162</tp1:hr>
</tp1:TrackPointExtension>
</extensions>
</trkpt>
<trkpt lat="58.78179065" lon="16.23477062">
<ele>101.0</ele>
<time>2023-08-27T10:43:59Z</time>
<extensions>
<tp1:TrackPointExtension>
<tp1:hr>162</tp1:hr>
</tp1:TrackPointExtension>
</extensions>
</trkpt>
<trkpt lat="58.78183935" lon="16.23460491">
<ele>101.0</ele>
<time>2023-08-27T10:44:04Z</time>
<extensions>
<tp1:TrackPointExtension>
<tp1:hr>163</tp1:hr>
</tp1:TrackPointExtension>
</extensions>
</trkpt>
<trkpt lat="58.78186014" lon="16.23458731">
<ele>101.2</ele>
<time>2023-08-27T10:44:05Z</time>
<extensions>
<tp1:TrackPointExtension>
<tp1:hr>163</tp1:hr>
</tp1:TrackPointExtension>
</extensions>
</trkpt>
<trkpt lat="58.78189584" lon="16.23456652">
<ele>101.2</ele>
<time>2023-08-27T10:44:07Z</time>
<extensions>
<tp1:TrackPointExtension>
<tp1:hr>164</tp1:hr>
</tp1:TrackPointExtension>
</extensions>
</trkpt>
<trkpt lat="58.78191537" lon="16.23454037">
<ele>101.2</ele>
<time>2023-08-27T10:44:08Z</time>
<extensions>
<tp1:TrackPointExtension>
<tp1:hr>164</tp1:hr>
</tp1:TrackPointExtension>
</extensions>
</trkpt>
<trkpt lat="58.78201193" lon="16.23438296">
<ele>101.5</ele>
<time>2023-08-27T10:44:13Z</time>
<extensions>
<tp1:TrackPointExtension>
<tp1:hr>165</tp1:hr>
</tp1:TrackPointExtension>
</extensions>
</trkpt>
<trkpt lat="58.78213506" lon="16.23426637">
<ele>101.9</ele>
<time>2023-08-27T10:44:18Z</time>
<extensions>
<tp1:TrackPointExtension>
<tp1:hr>165</tp1:hr>
</tp1:TrackPointExtension>
</extensions>
</trkpt>
<trkpt lat="58.78224352" lon="16.23412781">
<ele>102.1</ele>
<time>2023-08-27T10:44:24Z</time>
<extensions>
<tp1:TrackPointExtension>
<tp1:hr>165</tp1:hr>
</tp1:TrackPointExtension>
</extensions>
</trkpt>
<trkpt lat="58.78229742" lon="16.23402597">
<ele>102.1</ele>
<time>2023-08-27T10:44:27Z</time>
<extensions>
<tp1:TrackPointExtension>
<tp1:hr>162</tp1:hr>
</tp1:TrackPointExtension>
</extensions>
</trkpt>
<trkpt lat="58.78231108" lon="16.23393629">
<ele>102.3</ele>
<time>2023-08-27T10:44:29Z</time>
<extensions>
<tp1:TrackPointExtension>
<tp1:hr>163</tp1:hr>
</tp1:TrackPointExtension>
</extensions>
</trkpt>
<trkpt lat="58.78233598" lon="16.23374216">
<ele>102.5</ele>
<time>2023-08-27T10:44:33Z</time>
<extensions>
<tp1:TrackPointExtension>
<tp1:hr>164</tp1:hr>
</tp1:TrackPointExtension>
</extensions>
</trkpt>
<trkpt lat="58.7823695" lon="16.23363026">
<ele>102.5</ele>
<time>2023-08-27T10:44:36Z</time>
<extensions>
<tp1:TrackPointExtension>
<tp1:hr>165</tp1:hr>
</tp1:TrackPointExtension>
</extensions>
</trkpt>
<trkpt lat="58.7823711" lon="16.23354452">
<ele>102.5</ele>
<time>2023-08-27T10:44:38Z</time>
<extensions>
<tp1:TrackPointExtension>
<tp1:hr>165</tp1:hr>
</tp1:TrackPointExtension>
</extensions>
</trkpt>
<trkpt lat="58.78241661" lon="16.23322492">
<ele>102.6</ele>
<time>2023-08-27T10:44:45Z</time>
<extensions>
<tp1:TrackPointExtension>
<tp1:hr>165</tp1:hr>
</tp1:TrackPointExtension>
</extensions>
</trkpt>
<trkpt lat="58.78243966" lon="16.23308334">
<ele>102.8</ele>
<time>2023-08-27T10:44:49Z</time>
<extensions>
<tp1:TrackPointExtension>
<tp1:hr>166</tp1:hr>
</tp1:TrackPointExtension>
</extensions>
</trkpt>
<trkpt lat="58.78244821" lon="16.23303196">
<ele>102.8</ele>
<time>2023-08-27T10:44:51Z</time>
<extensions>
<tp1:TrackPointExtension>
<tp1:hr>165</tp1:hr>
</tp1:TrackPointExtension>
</extensions>
</trkpt>
<trkpt lat="58.7824576" lon="16.23294555">
<ele>102.8</ele>
<time>2023-08-27T10:44:54Z</time>
<extensions>
<tp1:TrackPointExtension>
<tp1:hr>164</tp1:hr>
</tp1:TrackPointExtension>
</extensions>
</trkpt>
<trkpt lat="58.78251032" lon="16.23292266">
<ele>102.8</ele>
<time>2023-08-27T10:44:58Z</time>
<extensions>
<tp1:TrackPointExtension>
<tp1:hr>162</tp1:hr>
</tp1:TrackPointExtension>
</extensions>
</trkpt>
<trkpt lat="58.78251728" lon="16.23291411">
<ele>102.6</ele>
<time>2023-08-27T10:45:00Z</time>
<extensions>
<tp1:TrackPointExtension>
<tp1:hr>162</tp1:hr>
</tp1:TrackPointExtension>
</extensions>
</trkpt>
<trkpt lat="58.78251191" lon="16.23285335">
<ele>102.6</ele>
<time>2023-08-27T10:45:02Z</time>
<extensions>
<tp1:TrackPointExtension>
<tp1:hr>161</tp1:hr>
</tp1:TrackPointExtension>
</extensions>
</trkpt>
<trkpt lat="58.78251191" lon="16.23281814">
<ele>102.6</ele>
<time>2023-08-27T10:45:03Z</time>
<extensions>
<tp1:TrackPointExtension>
<tp1:hr>161</tp1:hr>
</tp1:TrackPointExtension>
</extensions>
</trkpt>
<trkpt lat="58.78253731" lon="16.23279694">
<ele>102.4</ele>
<time>2023-08-27T10:45:06Z</time>
<extensions>
<tp1:TrackPointExtension>
<tp1:hr>161</tp1:hr>
</tp1:TrackPointExtension>
</extensions>
</trkpt>
<trkpt lat="58.7825472" lon="16.23279425">
<ele>102.4</ele>
<time>2023-08-27T10:45:07Z</time>
<extensions>
<tp1:TrackPointExtension>
<tp1:hr>161</tp1:hr>
</tp1:TrackPointExtension>
</extensions>
</trkpt>
<trkpt lat="58.78259238" lon="16.23275754">
<ele>102.0</ele>
<time>2023-08-27T10:45:11Z</time>
<extensions>
<tp1:TrackPointExtension>
<tp1:hr>161</tp1:hr>
</tp1:TrackPointExtension>
</extensions>
</trkpt>
<trkpt lat="58.78262959" lon="16.23274153">
<ele>101.8</ele>
<time>2023-08-27T10:45:13Z</time>
<extensions>
<tp1:TrackPointExtension>
<tp1:hr>161</tp1:hr>
</tp1:TrackPointExtension>
</extensions>
</trkpt>
<trkpt lat="58.78265005" lon="16.23264187">
<ele>101.6</ele>
<time>2023-08-27T10:45:16Z</time>
<extensions>
<tp1:TrackPointExtension>
<tp1:hr>161</tp1:hr>
</tp1:TrackPointExtension>
</extensions>
</trkpt>
<trkpt lat="58.78267008" lon="16.23252285">
<ele>101.1</ele>
<time>2023-08-27T10:45:19Z</time>
<extensions>
<tp1:TrackPointExtension>
<tp1:hr>164</tp1:hr>
</tp1:TrackPointExtension>
</extensions>
</trkpt>
<trkpt lat="58.78266966" lon="16.23248085">
<ele>100.9</ele>
<time>2023-08-27T10:45:20Z</time>
<extensions>
<tp1:TrackPointExtension>
<tp1:hr>163</tp1:hr>
</tp1:TrackPointExtension>
</extensions>
</trkpt>
<trkpt lat="58.78268475" lon="16.2323651">
<ele>100.7</ele>
<time>2023-08-27T10:45:22Z</time>
<extensions>
<tp1:TrackPointExtension>
<tp1:hr>160</tp1:hr>
</tp1:TrackPointExtension>
</extensions>
</trkpt>
<trkpt lat="58.78271123" lon="16.23200426">
<ele>99.9</ele>
<time>2023-08-27T10:45:28Z</time>
<extensions>
<tp1:TrackPointExtension>
<tp1:hr>161</tp1:hr>
</tp1:TrackPointExtension>
</extensions>
</trkpt>
<trkpt lat="58.78270277" lon="16.23193746">
<ele>99.9</ele>
<time>2023-08-27T10:45:29Z</time>
<extensions>
<tp1:TrackPointExtension>
<tp1:hr>159</tp1:hr>
</tp1:TrackPointExtension>
</extensions>
</trkpt>
<trkpt lat="58.78265717" lon="16.23160704">
<ele>99.3</ele>
<time>2023-08-27T10:45:34Z</time>
<extensions>
<tp1:TrackPointExtension>
<tp1:hr>160</tp1:hr>
</tp1:TrackPointExtension>
</extensions>
</trkpt>
<trkpt lat="58.78263999" lon="16.23157075">
<ele>99.3</ele>
<time>2023-08-27T10:45:35Z</time>
<extensions>
<tp1:TrackPointExtension>
<tp1:hr>159</tp1:hr>
</tp1:TrackPointExtension>
</extensions>
</trkpt>
<trkpt lat="58.78262364" lon="16.23147251">
<ele>99.1</ele>
<time>2023-08-27T10:45:38Z</time>
<extensions>
<tp1:TrackPointExtension>
<tp1:hr>159</tp1:hr>
</tp1:TrackPointExtension>
</extensions>
</trkpt>
<trkpt lat="58.78261375" lon="16.23140386">
<ele>98.9</ele>
<time>2023-08-27T10:45:40Z</time>
<extensions>
<tp1:TrackPointExtension>
<tp1:hr>160</tp1:hr>
</tp1:TrackPointExtension>
</extensions>
</trkpt>
<trkpt lat="58.78257587" lon="16.23121644">
<ele>98.5</ele>
<time>2023-08-27T10:45:45Z</time>
<extensions>
<tp1:TrackPointExtension>
<tp1:hr>163</tp1:hr>
</tp1:TrackPointExtension>
</extensions>
</trkpt>
<trkpt lat="58.78256849" lon="16.23113061">
<ele>98.3</ele>
<time>2023-08-27T10:45:48Z</time>
<extensions>
<tp1:TrackPointExtension>
<tp1:hr>163</tp1:hr>
</tp1:TrackPointExtension>
</extensions>
</trkpt>
<trkpt lat="58.78257385" lon="16.2310908">
<ele>98.0</ele>
<time>2023-08-27T10:45:50Z</time>
<extensions>
<tp1:TrackPointExtension>
<tp1:hr>162</tp1:hr>
</tp1:TrackPointExtension>
</extensions>
</trkpt>
<trkpt lat="58.78253723" lon="16.23095845">
<ele>97.6</ele>
<time>2023-08-27T10:45:55Z</time>
<extensions>
<tp1:TrackPointExtension>
<tp1:hr>162</tp1:hr>
</tp1:TrackPointExtension>
</extensions>
</trkpt>
<trkpt lat="58.78253178" lon="16.23093724">
<ele>97.6</ele>
<time>2023-08-27T10:45:56Z</time>
<extensions>
<tp1:TrackPointExtension>
<tp1:hr>162</tp1:hr>
</tp1:TrackPointExtension>
</extensions>
</trkpt>
<trkpt lat="58.78244494" lon="16.230722">
<ele>97.2</ele>
<time>2023-08-27T10:46:02Z</time>
<extensions>
<tp1:TrackPointExtension>
<tp1:hr>162</tp1:hr>
</tp1:TrackPointExtension>
</extensions>
</trkpt>
<trkpt lat="58.78238568" lon="16.23046408">
<ele>96.8</ele>
<time>2023-08-27T10:46:09Z</time>
<extensions>
<tp1:TrackPointExtension>
<tp1:hr>162</tp1:hr>
</tp1:TrackPointExtension>
</extensions>
</trkpt>
<trkpt lat="58.7823695" lon="16.23033953">
<ele>96.6</ele>
<time>2023-08-27T10:46:12Z</time>
<extensions>
<tp1:TrackPointExtension>
<tp1:hr>163</tp1:hr>
</tp1:TrackPointExtension>
</extensions>
</trkpt>
<trkpt lat="58.78227672" lon="16.2301066">
<ele>96.6</ele>
<time>2023-08-27T10:46:16Z</time>
<extensions>
<tp1:TrackPointExtension>
<tp1:hr>163</tp1:hr>
</tp1:TrackPointExtension>
</extensions>
</trkpt>
<trkpt lat="58.78217613" lon="16.22985832">
<ele>96.6</ele>
<time>2023-08-27T10:46:21Z</time>
<extensions>
<tp1:TrackPointExtension>
<tp1:hr>163</tp1:hr>
</tp1:TrackPointExtension>
</extensions>
</trkpt>
<trkpt lat="58.78204244" lon="16.22958549">
<ele>96.5</ele>
<time>2023-08-27T10:46:25Z</time>
<extensions>
<tp1:TrackPointExtension>
<tp1:hr>162</tp1:hr>
</tp1:TrackPointExtension>
</extensions>
</trkpt>
<trkpt lat="58.78199198" lon="16.22954987">
<ele>96.3</ele>
<time>2023-08-27T10:46:26Z</time>
<extensions>
<tp1:TrackPointExtension>
<tp1:hr>162</tp1:hr>
</tp1:TrackPointExtension>
</extensions>
</trkpt>
<trkpt lat="58.78180716" lon="16.22945063">
<ele>96.3</ele>
<time>2023-08-27T10:46:30Z</time>
<extensions>
<tp1:TrackPointExtension>
<tp1:hr>160</tp1:hr>
</tp1:TrackPointExtension>
</extensions>
</trkpt>
<trkpt lat="58.78175209" lon="16.22943202">
<ele>96.1</ele>
<time>2023-08-27T10:46:31Z</time>
<extensions>
<tp1:TrackPointExtension>
<tp1:hr>160</tp1:hr>
</tp1:TrackPointExtension>
</extensions>
</trkpt>
<trkpt lat="58.78154338" lon="16.22936362">
<ele>95.9</ele>
<time>2023-08-27T10:46:34Z</time>
<extensions>
<tp1:TrackPointExtension>
<tp1:hr>161</tp1:hr>
</tp1:TrackPointExtension>
</extensions>
</trkpt>
<trkpt lat="58.78143249" lon="16.22933161">
<ele>95.9</ele>
<time>2023-08-27T10:46:36Z</time>
<extensions>
<tp1:TrackPointExtension>
<tp1:hr>162</tp1:hr>
</tp1:TrackPointExtension>
</extensions>
</trkpt>
<trkpt lat="58.78137834" lon="16.22922122">
<ele>95.7</ele>
<time>2023-08-27T10:46:38Z</time>
<extensions>
<tp1:TrackPointExtension>
<tp1:hr>160</tp1:hr>
</tp1:TrackPointExtension>
</extensions>
</trkpt>
<trkpt lat="58.78139486" lon="16.22913505">
<ele>95.7</ele>
<time>2023-08-27T10:46:39Z</time>
<extensions>
<tp1:TrackPointExtension>
<tp1:hr>161</tp1:hr>
</tp1:TrackPointExtension>
</extensions>
</trkpt>
<trkpt lat="58.78142092" lon="16.22905039">
<ele>95.5</ele>
<time>2023-08-27T10:46:40Z</time>
<extensions>
<tp1:TrackPointExtension>
<tp1:hr>160</tp1:hr>
</tp1:TrackPointExtension>
</extensions>
</trkpt>
<trkpt lat="58.78144096" lon="16.22891653">
<ele>95.3</ele>
<time>2023-08-27T10:46:42Z</time>
<extensions>
<tp1:TrackPointExtension>
<tp1:hr>159</tp1:hr>
</tp1:TrackPointExtension>
</extensions>
</trkpt>
</trkseg>
</trk>
</gpx>

